DATETIME,price
2004-09-08 23:00:00,0.2025399999999999
2004-09-09 23:00:00,0.2019199999999998
2004-09-10 23:00:00,0.2036399999999998
2004-09-13 23:00:00,0.2036599999999999
2004-09-14 23:00:00,0.2043599999999998
2004-09-15 23:00:00,0.2044399999999999
2004-09-16 23:00:00,0.2044399999999999
2004-09-17 23:00:00,0.2052199999999999
2004-09-20 23:00:00,0.2053799999999999
2004-09-21 23:00:00,0.2099199999999998
2004-09-22 23:00:00,0.2073199999999999
2004-09-23 23:00:00,0.2076799999999998
2004-09-24 23:00:00,0.2064199999999998
2004-09-27 23:00:00,0.2067999999999998
2004-09-28 23:00:00,0.2078599999999998
2004-09-29 23:00:00,0.2070599999999999
2004-09-30 23:00:00,0.2099399999999999
2004-10-01 23:00:00,0.2107999999999998
2004-10-04 23:00:00,0.2092599999999999
2004-10-05 23:00:00,0.2109999999999999
2004-10-06 23:00:00,0.2087399999999998
2004-10-07 23:00:00,0.2095799999999998
2004-10-08 23:00:00,0.2112999999999998
2004-10-12 23:00:00,0.2115599999999999
2004-10-13 23:00:00,0.2126599999999999
2004-10-14 23:00:00,0.2134799999999999
2004-10-15 23:00:00,0.2153399999999998
2004-10-18 23:00:00,0.2166799999999998
2004-10-19 23:00:00,0.2183199999999999
2004-10-20 23:00:00,0.2178999999999998
2004-10-21 23:00:00,0.2190599999999998
2004-10-22 23:00:00,0.2205799999999999
2004-10-25 23:00:00,0.2183599999999999
2004-10-26 23:00:00,0.2187199999999999
2004-10-27 23:00:00,0.2190999999999999
2004-10-28 23:00:00,0.2201399999999999
2004-10-29 23:00:00,0.2217399999999998
2004-11-01 23:00:00,0.2217199999999998
2004-11-02 23:00:00,0.2212599999999999
2004-11-03 23:00:00,0.2243799999999998
2004-11-04 23:00:00,0.2261399999999999
2004-11-05 23:00:00,0.2291399999999999
2004-11-08 23:00:00,0.2285399999999998
2004-11-09 23:00:00,0.2294999999999998
2004-11-10 23:00:00,0.2282399999999999
2004-11-12 23:00:00,0.2290799999999999
2004-11-15 23:00:00,0.2306599999999998
2004-11-16 23:00:00,0.2309599999999999
2004-11-17 23:00:00,0.2339999999999998
2004-11-18 23:00:00,0.2319799999999998
2004-11-19 23:00:00,0.2348799999999998
2004-11-22 23:00:00,0.2365399999999998
2004-11-23 23:00:00,0.2383599999999999
2004-11-24 23:00:00,0.2397999999999998
2004-11-26 23:00:00,0.2415999999999998
2004-11-29 23:00:00,0.2421799999999999
2004-11-30 23:00:00,0.2444799999999998
2004-12-01 23:00:00,0.2469399999999997
2004-12-02 23:00:00,0.2459599999999999
2004-12-03 23:00:00,0.2498599999999998
2004-12-06 23:00:00,0.2478599999999998
2004-12-07 23:00:00,0.2477599999999998
2004-12-08 23:00:00,0.2451999999999999
2004-12-09 23:00:00,0.2445799999999998
2004-12-10 23:00:00,0.2408999999999998
2004-12-13 23:00:00,0.2437599999999999
2004-12-14 23:00:00,0.2455799999999998
2004-12-15 23:00:00,0.2496399999999998
2004-12-16 23:00:00,0.2460999999999999
2004-12-17 23:00:00,0.2474399999999998
2004-12-20 23:00:00,0.2524199999999998
2004-12-21 23:00:00,0.2531999999999998
2004-12-22 23:00:00,0.2553999999999998
2004-12-23 23:00:00,0.2578799999999998
2004-12-27 23:00:00,0.2624599999999998
2004-12-28 23:00:00,0.2631599999999999
2004-12-29 23:00:00,0.2605599999999998
2004-12-30 23:00:00,0.2616399999999998
2004-12-31 23:00:00,0.2595799999999998
2005-01-03 23:00:00,0.2571599999999999
2005-01-04 23:00:00,0.2509399999999999
2005-01-05 23:00:00,0.2496599999999998
2005-01-06 23:00:00,0.2489199999999999
2005-01-07 23:00:00,0.2460399999999998
2005-01-10 23:00:00,0.2500799999999998
2005-01-11 23:00:00,0.2506999999999998
2005-01-12 23:00:00,0.2538199999999999
2005-01-13 23:00:00,0.2531399999999998
2005-01-14 23:00:00,0.2491799999999998
2005-01-18 23:00:00,0.2462399999999998
2005-01-19 23:00:00,0.2464199999999998
2005-01-20 23:00:00,0.2448599999999999
2005-01-21 23:00:00,0.2481799999999998
2005-01-24 23:00:00,0.2494599999999998
2005-01-25 23:00:00,0.2464199999999998
2005-01-26 23:00:00,0.2498999999999998
2005-01-27 23:00:00,0.2494199999999998
2005-01-28 23:00:00,0.2504599999999998
2005-01-31 23:00:00,0.2490199999999998
2005-02-01 23:00:00,0.2495999999999999
2005-02-02 23:00:00,0.2530599999999999
2005-02-03 23:00:00,0.2544599999999998
2005-02-04 23:00:00,0.2527999999999998
2005-02-07 23:00:00,0.2506599999999998
2005-02-08 23:00:00,0.2481399999999998
2005-02-09 23:00:00,0.2486199999999999
2005-02-10 23:00:00,0.2498999999999998
2005-02-11 23:00:00,0.2495599999999998
2005-02-14 23:00:00,0.2526799999999998
2005-02-15 23:00:00,0.2568599999999998
2005-02-16 23:00:00,0.2554999999999998
2005-02-17 23:00:00,0.2569799999999998
2005-02-18 23:00:00,0.2570999999999998
2005-02-22 23:00:00,0.2643599999999999
2005-02-23 23:00:00,0.2652399999999998
2005-02-24 23:00:00,0.2647599999999998
2005-02-25 23:00:00,0.2677399999999998
2005-02-28 23:00:00,0.2695799999999999
2005-03-01 23:00:00,0.2665399999999998
2005-03-02 23:00:00,0.2625199999999998
2005-03-03 23:00:00,0.2623199999999998
2005-03-04 23:00:00,0.2694999999999998
2005-03-07 23:00:00,0.2693399999999998
2005-03-08 23:00:00,0.2724199999999998
2005-03-09 23:00:00,0.2726799999999998
2005-03-10 23:00:00,0.2676799999999998
2005-03-11 23:00:00,0.2704799999999999
2005-03-14 23:00:00,0.2636599999999998
2005-03-15 23:00:00,0.2588799999999998
2005-03-16 23:00:00,0.2586199999999998
2005-03-17 23:00:00,0.2571999999999998
2005-03-18 23:00:00,0.2597599999999998
2005-03-21 23:00:00,0.2545399999999998
2005-03-22 23:00:00,0.2489999999999998
2005-03-23 23:00:00,0.2447999999999998
2005-03-24 23:00:00,0.2449999999999999
2005-03-28 23:00:00,0.2392599999999999
2005-03-29 23:00:00,0.2424999999999998
2005-03-30 23:00:00,0.2457199999999998
2005-03-31 23:00:00,0.2478599999999998
2005-04-01 23:00:00,0.2458799999999999
2005-04-04 23:00:00,0.2434999999999998
2005-04-05 23:00:00,0.2424799999999999
2005-04-06 23:00:00,0.2438399999999999
2005-04-07 23:00:00,0.2446199999999999
2005-04-08 23:00:00,0.2454399999999999
2005-04-11 23:00:00,0.2479599999999998
2005-04-12 23:00:00,0.2465599999999998
2005-04-13 23:00:00,0.2466599999999998
2005-04-14 23:00:00,0.2425199999999999
2005-04-15 23:00:00,0.2429199999999998
2005-04-18 23:00:00,0.2420199999999998
2005-04-19 23:00:00,0.2422799999999998
2005-04-20 23:00:00,0.2454399999999999
2005-04-21 23:00:00,0.2425999999999998
2005-04-22 23:00:00,0.2441199999999999
2005-04-25 23:00:00,0.2413999999999999
2005-04-26 23:00:00,0.2403599999999998
2005-04-27 23:00:00,0.2363599999999999
2005-04-28 23:00:00,0.2320399999999999
2005-04-29 23:00:00,0.2317399999999999
2005-05-02 23:00:00,0.2337799999999999
2005-05-03 23:00:00,0.2358399999999999
2005-05-04 23:00:00,0.2405399999999999
2005-05-05 23:00:00,0.2437599999999999
2005-05-06 23:00:00,0.2431799999999999
2005-05-09 23:00:00,0.2411799999999999
2005-05-10 23:00:00,0.2395399999999999
2005-05-11 23:00:00,0.2401999999999999
2005-05-12 23:00:00,0.2369199999999999
2005-05-13 23:00:00,0.2335799999999999
2005-05-16 23:00:00,0.2325599999999999
2005-05-17 23:00:00,0.2324799999999999
2005-05-18 23:00:00,0.2358799999999999
2005-05-19 23:00:00,0.2362799999999999
2005-05-20 23:00:00,0.2322399999999999
2005-05-23 23:00:00,0.2330999999999999
2005-05-24 23:00:00,0.2342199999999999
2005-05-25 23:00:00,0.2337399999999999
2005-05-26 23:00:00,0.2313999999999999
2005-05-27 23:00:00,0.2359799999999999
2005-05-31 23:00:00,0.2272999999999999
2005-06-01 23:00:00,0.2271599999999999
2005-06-02 23:00:00,0.2304199999999999
2005-06-03 23:00:00,0.2300599999999999
2005-06-06 23:00:00,0.2331199999999999
2005-06-07 23:00:00,0.2345199999999999
2005-06-08 23:00:00,0.2350199999999999
2005-06-09 23:00:00,0.2349799999999999
2005-06-10 23:00:00,0.2339799999999999
2005-06-13 23:00:00,0.2310999999999999
2005-06-14 23:00:00,0.2302799999999999
2005-06-15 23:00:00,0.2329599999999999
2005-06-16 23:00:00,0.2321399999999999
2005-06-17 23:00:00,0.2330199999999999
2005-06-20 23:00:00,0.2325799999999999
2005-06-21 23:00:00,0.2325399999999999
2005-06-22 23:00:00,0.2337799999999999
2005-06-23 23:00:00,0.2325399999999999
2005-06-24 23:00:00,0.2338999999999999
2005-06-27 23:00:00,0.2318799999999999
2005-06-28 23:00:00,0.2299799999999999
2005-06-29 23:00:00,0.2320599999999999
2005-06-30 23:00:00,0.2324999999999999
2005-07-01 23:00:00,0.2309199999999999
2005-07-05 23:00:00,0.2286199999999999
2005-07-06 23:00:00,0.2252399999999999
2005-07-07 23:00:00,0.2246599999999999
2005-07-08 23:00:00,0.2264199999999999
2005-07-11 23:00:00,0.2274199999999999
2005-07-12 23:00:00,0.2305599999999999
2005-07-13 23:00:00,0.2241199999999999
2005-07-14 23:00:00,0.2236799999999999
2005-07-15 23:00:00,0.2249199999999999
2005-07-18 23:00:00,0.2269199999999999
2005-07-19 23:00:00,0.2257199999999999
2005-07-20 23:00:00,0.2276199999999999
2005-07-21 23:00:00,0.2288799999999999
2005-07-22 23:00:00,0.2260999999999999
2005-07-25 23:00:00,0.2270999999999999
2005-07-26 23:00:00,0.2256399999999999
2005-07-27 23:00:00,0.2288599999999999
2005-07-28 23:00:00,0.2315199999999999
2005-07-29 23:00:00,0.2315599999999999
2005-08-01 23:00:00,0.2335799999999999
2005-08-02 23:00:00,0.2332399999999999
2005-08-03 23:00:00,0.2358599999999999
2005-08-04 23:00:00,0.2379999999999999
2005-08-05 23:00:00,0.2369599999999999
2005-08-08 23:00:00,0.2400599999999999
2005-08-09 23:00:00,0.2393199999999999
2005-08-10 23:00:00,0.2413999999999999
2005-08-11 23:00:00,0.2423199999999999
2005-08-12 23:00:00,0.2415599999999999
2005-08-15 23:00:00,0.2388399999999999
2005-08-16 23:00:00,0.2417199999999998
2005-08-17 23:00:00,0.2390599999999999
2005-08-18 23:00:00,0.2373799999999999
2005-08-19 23:00:00,0.2348199999999999
2005-08-22 23:00:00,0.2378999999999999
2005-08-23 23:00:00,0.2388399999999999
2005-08-24 23:00:00,0.2383599999999999
2005-08-25 23:00:00,0.2380599999999999
2005-08-26 23:00:00,0.2362799999999999
2005-08-29 23:00:00,0.2347599999999999
2005-08-30 23:00:00,0.2353999999999999
2005-08-31 23:00:00,0.2414399999999999
2005-09-01 23:00:00,0.2467599999999998
2005-09-02 23:00:00,0.2506399999999998
2005-09-06 23:00:00,0.2516599999999998
2005-09-07 23:00:00,0.2478399999999999
2005-09-08 23:00:00,0.2484199999999998
2005-09-09 23:00:00,0.2492599999999999
2005-09-12 23:00:00,0.2455599999999998
2005-09-13 23:00:00,0.2464199999999998
2005-09-14 23:00:00,0.2482199999999998
2005-09-15 23:00:00,0.2482399999999998
2005-09-16 23:00:00,0.2490399999999999
2005-09-19 23:00:00,0.2469999999999998
2005-09-20 23:00:00,0.2465599999999998
2005-09-21 23:00:00,0.2472399999999998
2005-09-22 23:00:00,0.2443199999999999
2005-09-23 23:00:00,0.2453399999999999
2005-09-26 23:00:00,0.2416199999999999
2005-09-27 23:00:00,0.2422399999999999
2005-09-28 23:00:00,0.2420199999999998
2005-09-29 23:00:00,0.2424399999999999
2005-09-30 23:00:00,0.2405999999999998
2005-10-03 23:00:00,0.2375599999999999
2005-10-04 23:00:00,0.2369399999999999
2005-10-05 23:00:00,0.2391599999999999
2005-10-06 23:00:00,0.2442599999999998
2005-10-07 23:00:00,0.2448399999999999
2005-10-11 23:00:00,0.2434199999999999
2005-10-12 23:00:00,0.2447199999999998
2005-10-13 23:00:00,0.2406999999999998
2005-10-14 23:00:00,0.2421999999999999
2005-10-17 23:00:00,0.2423599999999998
2005-10-18 23:00:00,0.2419799999999999
2005-10-19 23:00:00,0.2414799999999998
2005-10-20 23:00:00,0.2420199999999998
2005-10-21 23:00:00,0.2408199999999998
2005-10-24 23:00:00,0.2402599999999999
2005-10-25 23:00:00,0.2418999999999999
2005-10-26 23:00:00,0.2379199999999999
2005-10-27 23:00:00,0.2396599999999999
2005-10-28 23:00:00,0.2358799999999998
2005-10-31 23:00:00,0.2369399999999999
2005-11-01 23:00:00,0.2363199999999999
2005-11-02 23:00:00,0.2389399999999999
2005-11-03 23:00:00,0.2352599999999999
2005-11-04 23:00:00,0.2288599999999999
2005-11-07 23:00:00,0.2278799999999999
2005-11-08 23:00:00,0.2284199999999999
2005-11-09 23:00:00,0.2265199999999999
2005-11-10 23:00:00,0.2252799999999999
2005-11-14 23:00:00,0.2260799999999999
2005-11-15 23:00:00,0.2278199999999999
2005-11-16 23:00:00,0.2274999999999999
2005-11-17 23:00:00,0.2305999999999999
2005-11-18 23:00:00,0.2299599999999999
2005-11-21 23:00:00,0.2292199999999999
2005-11-22 23:00:00,0.2314799999999999
2005-11-23 23:00:00,0.2348599999999999
2005-11-25 23:00:00,0.2329599999999999
2005-11-28 23:00:00,0.2389799999999999
2005-11-29 23:00:00,0.2371799999999999
2005-11-30 23:00:00,0.2358999999999999
2005-12-01 23:00:00,0.2360999999999999
2005-12-02 23:00:00,0.2370599999999999
2005-12-05 23:00:00,0.2410999999999999
2005-12-06 23:00:00,0.2412199999999999
2005-12-07 23:00:00,0.2396199999999999
2005-12-08 23:00:00,0.2390399999999999
2005-12-09 23:00:00,0.2401999999999999
2005-12-12 23:00:00,0.2470399999999998
2005-12-13 23:00:00,0.2461399999999998
2005-12-14 23:00:00,0.2472799999999999
2005-12-15 23:00:00,0.2450799999999999
2005-12-16 23:00:00,0.2440799999999999
2005-12-19 23:00:00,0.2460999999999999
2005-12-20 23:00:00,0.2439199999999998
2005-12-21 23:00:00,0.2426999999999998
2005-12-22 23:00:00,0.2434199999999999
2005-12-23 23:00:00,0.2445999999999998
2005-12-27 23:00:00,0.2418999999999999
2005-12-28 23:00:00,0.2407399999999999
2005-12-29 23:00:00,0.2415399999999999
2005-12-30 23:00:00,0.2419599999999999
2006-01-03 23:00:00,0.2484599999999998
2006-01-04 23:00:00,0.2528999999999998
2006-01-05 23:00:00,0.2525599999999998
2006-01-06 23:00:00,0.2539599999999999
2006-01-09 23:00:00,0.2555399999999998
2006-01-10 23:00:00,0.2540399999999999
2006-01-11 23:00:00,0.2536799999999998
2006-01-12 23:00:00,0.2512399999999998
2006-01-13 23:00:00,0.2524999999999999
2006-01-17 23:00:00,0.2491199999999998
2006-01-18 23:00:00,0.2482399999999998
2006-01-19 23:00:00,0.2476199999999999
2006-01-20 23:00:00,0.2497599999999998
2006-01-23 23:00:00,0.2534399999999998
2006-01-24 23:00:00,0.2558799999999998
2006-01-25 23:00:00,0.2555599999999998
2006-01-26 23:00:00,0.2536199999999999
2006-01-27 23:00:00,0.2514599999999998
2006-01-30 23:00:00,0.2511599999999999
2006-01-31 23:00:00,0.2524399999999998
2006-02-01 23:00:00,0.2497399999999998
2006-02-02 23:00:00,0.2497399999999998
2006-02-03 23:00:00,0.2490999999999998
2006-02-06 23:00:00,0.2475799999999998
2006-02-07 23:00:00,0.2477399999999999
2006-02-08 23:00:00,0.2465999999999998
2006-02-09 23:00:00,0.2508199999999999
2006-02-10 23:00:00,0.2493799999999999
2006-02-13 23:00:00,0.2459999999999999
2006-02-14 23:00:00,0.2485799999999998
2006-02-15 23:00:00,0.2498399999999999
2006-02-16 23:00:00,0.2500799999999998
2006-02-17 23:00:00,0.2511799999999999
2006-02-21 23:00:00,0.2486999999999999
2006-02-22 23:00:00,0.2475399999999998
2006-02-23 23:00:00,0.2485599999999998
2006-02-24 23:00:00,0.2498399999999999
2006-02-27 23:00:00,0.2490599999999999
2006-02-28 23:00:00,0.2494999999999999
2006-03-01 23:00:00,0.2500999999999998
2006-03-02 23:00:00,0.2521599999999999
2006-03-03 23:00:00,0.2501599999999999
2006-03-06 23:00:00,0.2481999999999998
2006-03-07 23:00:00,0.2422799999999998
2006-03-08 23:00:00,0.2398199999999999
2006-03-09 23:00:00,0.2413399999999999
2006-03-10 23:00:00,0.2397999999999998
2006-03-13 23:00:00,0.2390799999999999
2006-03-14 23:00:00,0.2440199999999998
2006-03-15 23:00:00,0.2462399999999998
2006-03-16 23:00:00,0.2505399999999998
2006-03-17 23:00:00,0.2502799999999999
2006-03-20 23:00:00,0.2474199999999998
2006-03-21 23:00:00,0.2445399999999999
2006-03-22 23:00:00,0.2427199999999998
2006-03-23 23:00:00,0.2402199999999999
2006-03-24 23:00:00,0.2434399999999999
2006-03-27 23:00:00,0.2401999999999999
2006-03-28 23:00:00,0.2389199999999999
2006-03-29 23:00:00,0.2385399999999999
2006-03-30 23:00:00,0.2426799999999998
2006-03-31 23:00:00,0.2432199999999999
2006-04-03 23:00:00,0.2433799999999998
2006-04-04 23:00:00,0.2429199999999998
2006-04-05 23:00:00,0.2430599999999999
2006-04-06 23:00:00,0.2419599999999999
2006-04-07 23:00:00,0.2387599999999999
2006-04-10 23:00:00,0.2401999999999999
2006-04-11 23:00:00,0.2425399999999999
2006-04-12 23:00:00,0.2422599999999998
2006-04-13 23:00:00,0.2409999999999999
2006-04-17 23:00:00,0.2461399999999998
2006-04-18 23:00:00,0.2485399999999998
2006-04-19 23:00:00,0.2505799999999998
2006-04-20 23:00:00,0.2518599999999998
2006-04-21 23:00:00,0.2523199999999998
2006-04-24 23:00:00,0.2556399999999998
2006-04-25 23:00:00,0.2548199999999999
2006-04-26 23:00:00,0.2546199999999999
2006-04-27 23:00:00,0.2583399999999998
2006-04-28 23:00:00,0.2594799999999999
2006-05-01 23:00:00,0.2608799999999998
2006-05-02 23:00:00,0.2641399999999999
2006-05-03 23:00:00,0.2656599999999998
2006-05-04 23:00:00,0.2674599999999998
2006-05-05 23:00:00,0.2668999999999998
2006-05-08 23:00:00,0.2662999999999998
2006-05-09 23:00:00,0.2656199999999998
2006-05-10 23:00:00,0.2679999999999998
2006-05-11 23:00:00,0.2683799999999998
2006-05-12 23:00:00,0.2658599999999998
2006-05-15 23:00:00,0.2594199999999998
2006-05-16 23:00:00,0.2652399999999998
2006-05-17 23:00:00,0.2544199999999998
2006-05-18 23:00:00,0.2579799999999998
2006-05-19 23:00:00,0.2577999999999998
2006-05-22 23:00:00,0.2574599999999998
2006-05-23 23:00:00,0.2602199999999998
2006-05-24 23:00:00,0.2562399999999998
2006-05-25 23:00:00,0.2591999999999998
2006-05-26 23:00:00,0.2591399999999998
2006-05-30 23:00:00,0.2594199999999998
2006-05-31 23:00:00,0.2587999999999998
2006-06-01 23:00:00,0.2599599999999998
2006-06-02 23:00:00,0.2611199999999998
2006-06-05 23:00:00,0.2588599999999998
2006-06-06 23:00:00,0.2576399999999998
2006-06-07 23:00:00,0.2579199999999997
2006-06-08 23:00:00,0.2526399999999998
2006-06-09 23:00:00,0.2519399999999998
2006-06-12 23:00:00,0.2492599999999998
2006-06-13 23:00:00,0.2454399999999998
2006-06-14 23:00:00,0.2450599999999999
2006-06-15 23:00:00,0.2444199999999999
2006-06-16 23:00:00,0.2454599999999998
2006-06-19 23:00:00,0.2422199999999998
2006-06-20 23:00:00,0.2431999999999999
2006-06-21 23:00:00,0.2444599999999998
2006-06-22 23:00:00,0.2406799999999998
2006-06-23 23:00:00,0.2391599999999998
2006-06-26 23:00:00,0.2404199999999999
2006-06-27 23:00:00,0.2426999999999998
2006-06-28 23:00:00,0.2425599999999998
2006-06-29 23:00:00,0.2437199999999998
2006-06-30 23:00:00,0.2481799999999998
2006-07-03 23:00:00,0.2525599999999998
2006-07-05 23:00:00,0.2484799999999997
2006-07-06 23:00:00,0.2512399999999998
2006-07-07 23:00:00,0.2486399999999998
2006-07-10 23:00:00,0.2476199999999997
2006-07-11 23:00:00,0.2500599999999998
2006-07-12 23:00:00,0.2469399999999997
2006-07-13 23:00:00,0.2464799999999997
2006-07-14 23:00:00,0.2475199999999998
2006-07-17 23:00:00,0.2435599999999998
2006-07-18 23:00:00,0.2439999999999998
2006-07-19 23:00:00,0.2508399999999998
2006-07-20 23:00:00,0.2538999999999998
2006-07-21 23:00:00,0.2541999999999998
2006-07-24 23:00:00,0.2552599999999997
2006-07-25 23:00:00,0.2541799999999998
2006-07-26 23:00:00,0.2573599999999997
2006-07-27 23:00:00,0.2577199999999998
2006-07-28 23:00:00,0.2573199999999998
2006-07-31 23:00:00,0.2571599999999998
2006-08-01 23:00:00,0.2591199999999998
2006-08-02 23:00:00,0.2591999999999998
2006-08-03 23:00:00,0.2613399999999998
2006-08-04 23:00:00,0.2647999999999998
2006-08-07 23:00:00,0.2648399999999998
2006-08-08 23:00:00,0.2656599999999998
2006-08-09 23:00:00,0.2663999999999998
2006-08-10 23:00:00,0.2622399999999998
2006-08-11 23:00:00,0.2622599999999997
2006-08-14 23:00:00,0.2607999999999998
2006-08-15 23:00:00,0.2629399999999998
2006-08-16 23:00:00,0.2650199999999997
2006-08-17 23:00:00,0.2633999999999998
2006-08-18 23:00:00,0.2607399999999998
2006-08-21 23:00:00,0.2625399999999998
2006-08-22 23:00:00,0.2605399999999998
2006-08-23 23:00:00,0.2575599999999998
2006-08-24 23:00:00,0.2564199999999998
2006-08-25 23:00:00,0.2565999999999998
2006-08-28 23:00:00,0.2564999999999998
2006-08-29 23:00:00,0.2578399999999998
2006-08-30 23:00:00,0.2584399999999998
2006-08-31 23:00:00,0.2577199999999998
2006-09-01 23:00:00,0.2562799999999998
2006-09-05 23:00:00,0.2560999999999998
2006-09-06 23:00:00,0.2548999999999998
2006-09-07 23:00:00,0.2522599999999997
2006-09-08 23:00:00,0.2501799999999998
2006-09-11 23:00:00,0.2511399999999998
2006-09-12 23:00:00,0.2515999999999997
2006-09-13 23:00:00,0.2532599999999997
2006-09-14 23:00:00,0.2534999999999998
2006-09-15 23:00:00,0.2534599999999998
2006-09-18 23:00:00,0.2544599999999998
2006-09-19 23:00:00,0.2524999999999998
2006-09-20 23:00:00,0.2535999999999997
2006-09-21 23:00:00,0.2542399999999998
2006-09-22 23:00:00,0.2545199999999998
2006-09-25 23:00:00,0.2535399999999998
2006-09-26 23:00:00,0.2530399999999999
2006-09-27 23:00:00,0.2525199999999998
2006-09-28 23:00:00,0.2514199999999998
2006-09-29 23:00:00,0.2516399999999998
2006-10-02 23:00:00,0.2540199999999998
2006-10-03 23:00:00,0.2549799999999998
2006-10-04 23:00:00,0.2559999999999998
2006-10-05 23:00:00,0.2550599999999998
2006-10-06 23:00:00,0.2543399999999998
2006-10-10 23:00:00,0.2535399999999998
2006-10-11 23:00:00,0.2527999999999998
2006-10-12 23:00:00,0.2554399999999998
2006-10-13 23:00:00,0.2547199999999998
2006-10-16 23:00:00,0.2548799999999998
2006-10-17 23:00:00,0.2548999999999998
2006-10-18 23:00:00,0.2537399999999998
2006-10-19 23:00:00,0.2587399999999998
2006-10-20 23:00:00,0.2584399999999998
2006-10-23 23:00:00,0.2561799999999998
2006-10-24 23:00:00,0.2557999999999998
2006-10-25 23:00:00,0.2561999999999998
2006-10-26 23:00:00,0.2597399999999998
2006-10-27 23:00:00,0.2603999999999998
2006-10-30 23:00:00,0.2593799999999998
2006-10-31 23:00:00,0.2622199999999998
2006-11-01 23:00:00,0.2631199999999998
2006-11-02 23:00:00,0.2625999999999998
2006-11-03 23:00:00,0.2629199999999997
2006-11-06 23:00:00,0.2648399999999998
2006-11-07 23:00:00,0.2656599999999998
2006-11-08 23:00:00,0.2651199999999998
2006-11-09 23:00:00,0.2664199999999998
2006-11-10 23:00:00,0.2677199999999998
2006-11-13 23:00:00,0.2671399999999999
2006-11-14 23:00:00,0.2686799999999997
2006-11-15 23:00:00,0.2693799999999998
2006-11-16 23:00:00,0.2691599999999998
2006-11-17 23:00:00,0.2689999999999998
2006-11-20 23:00:00,0.2691599999999998
2006-11-21 23:00:00,0.2700199999999997
2006-11-22 23:00:00,0.2709999999999998
2006-11-24 23:00:00,0.2723599999999997
2006-11-27 23:00:00,0.2749799999999998
2006-11-28 23:00:00,0.2760599999999998
2006-11-29 23:00:00,0.2763399999999998
2006-11-30 23:00:00,0.2789599999999998
2006-12-01 23:00:00,0.2821399999999998
2006-12-04 23:00:00,0.2813799999999998
2006-12-05 23:00:00,0.2817999999999998
2006-12-06 23:00:00,0.2803199999999998
2006-12-07 23:00:00,0.2797199999999998
2006-12-08 23:00:00,0.2762799999999998
2006-12-11 23:00:00,0.2789799999999998
2006-12-12 23:00:00,0.2802599999999998
2006-12-13 23:00:00,0.2796999999999998
2006-12-14 23:00:00,0.2794999999999998
2006-12-15 23:00:00,0.2763199999999998
2006-12-18 23:00:00,0.2758799999999998
2006-12-19 23:00:00,0.2768399999999998
2006-12-20 23:00:00,0.2779799999999998
2006-12-21 23:00:00,0.2768999999999997
2006-12-22 23:00:00,0.2741999999999998
2006-12-26 23:00:00,0.2733599999999997
2006-12-27 23:00:00,0.2730199999999997
2006-12-28 23:00:00,0.2748999999999997
2006-12-29 23:00:00,0.2751399999999998
2007-01-02 23:00:00,0.2787199999999998
2007-01-03 23:00:00,0.2743199999999998
2007-01-04 23:00:00,0.2674199999999998
2007-01-05 23:00:00,0.2665999999999998
2007-01-08 23:00:00,0.2682199999999998
2007-01-09 23:00:00,0.2659199999999997
2007-01-10 23:00:00,0.2649599999999998
2007-01-11 23:00:00,0.2634199999999998
2007-01-12 23:00:00,0.2647399999999998
2007-01-16 23:00:00,0.2635399999999998
2007-01-17 23:00:00,0.2638799999999998
2007-01-18 23:00:00,0.2674999999999998
2007-01-19 23:00:00,0.2676599999999998
2007-01-22 23:00:00,0.2670999999999998
2007-01-23 23:00:00,0.2665199999999998
2007-01-24 23:00:00,0.2649599999999998
2007-01-25 23:00:00,0.2575399999999998
2007-01-26 23:00:00,0.2598399999999998
2007-01-29 23:00:00,0.2603999999999998
2007-01-30 23:00:00,0.2607799999999998
2007-01-31 23:00:00,0.2649199999999997
2007-02-01 23:00:00,0.2648599999999998
2007-02-02 23:00:00,0.2632599999999997
2007-02-05 23:00:00,0.2663999999999998
2007-02-06 23:00:00,0.2662799999999998
2007-02-07 23:00:00,0.2662199999999998
2007-02-08 23:00:00,0.2666999999999997
2007-02-09 23:00:00,0.2649799999999998
2007-02-12 23:00:00,0.2616599999999998
2007-02-13 23:00:00,0.2642199999999998
2007-02-14 23:00:00,0.2672399999999997
2007-02-15 23:00:00,0.2671199999999997
2007-02-16 23:00:00,0.2679599999999998
2007-02-20 23:00:00,0.2682399999999997
2007-02-21 23:00:00,0.2696399999999998
2007-02-22 23:00:00,0.2687399999999998
2007-02-23 23:00:00,0.2696399999999998
2007-02-26 23:00:00,0.2690999999999998
2007-02-27 23:00:00,0.2676199999999998
2007-02-28 23:00:00,0.2692999999999998
2007-03-01 23:00:00,0.2696399999999998
2007-03-02 23:00:00,0.2689999999999998
2007-03-05 23:00:00,0.2653999999999998
2007-03-06 23:00:00,0.2671599999999998
2007-03-07 23:00:00,0.2693599999999997
2007-03-08 23:00:00,0.2698199999999998
2007-03-09 23:00:00,0.2696399999999998
2007-03-12 23:00:00,0.2709399999999998
2007-03-13 23:00:00,0.2689799999999998
2007-03-14 23:00:00,0.2707999999999997
2007-03-15 23:00:00,0.2707399999999998
2007-03-16 23:00:00,0.2721599999999998
2007-03-19 23:00:00,0.2743599999999997
2007-03-20 23:00:00,0.2737799999999998
2007-03-21 23:00:00,0.2766999999999998
2007-03-22 23:00:00,0.2749199999999998
2007-03-23 23:00:00,0.2738199999999998
2007-03-26 23:00:00,0.2746599999999998
2007-03-27 23:00:00,0.2753999999999998
2007-03-28 23:00:00,0.2734799999999998
2007-03-29 23:00:00,0.2751399999999998
2007-03-30 23:00:00,0.2755599999999997
2007-04-02 23:00:00,0.2768999999999997
2007-04-03 23:00:00,0.2772399999999997
2007-04-04 23:00:00,0.2777599999999998
2007-04-05 23:00:00,0.2803199999999998
2007-04-06 23:00:00,0.2788799999999998
2007-04-09 23:00:00,0.2788199999999998
2007-04-10 23:00:00,0.2805399999999998
2007-04-11 23:00:00,0.2806999999999998
2007-04-12 23:00:00,0.2816399999999998
2007-04-13 23:00:00,0.2841799999999998
2007-04-16 23:00:00,0.2853399999999997
2007-04-17 23:00:00,0.2868999999999997
2007-04-18 23:00:00,0.2871199999999997
2007-04-19 23:00:00,0.2869199999999998
2007-04-20 23:00:00,0.2892999999999998
2007-04-23 23:00:00,0.2888199999999998
2007-04-24 23:00:00,0.2904599999999998
2007-04-25 23:00:00,0.2915799999999998
2007-04-26 23:00:00,0.2903799999999998
2007-04-27 23:00:00,0.2920199999999998
2007-04-30 23:00:00,0.2897799999999998
2007-05-01 23:00:00,0.2902799999999999
2007-05-02 23:00:00,0.2917599999999998
2007-05-03 23:00:00,0.2911399999999998
2007-05-04 23:00:00,0.2934599999999998
2007-05-07 23:00:00,0.2927399999999998
2007-05-08 23:00:00,0.2905799999999998
2007-05-09 23:00:00,0.2913799999999998
2007-05-10 23:00:00,0.2872199999999997
2007-05-11 23:00:00,0.2893599999999998
2007-05-14 23:00:00,0.2893399999999997
2007-05-15 23:00:00,0.2889799999999998
2007-05-16 23:00:00,0.2863599999999998
2007-05-17 23:00:00,0.2865799999999998
2007-05-18 23:00:00,0.2865799999999998
2007-05-21 23:00:00,0.2863799999999998
2007-05-22 23:00:00,0.2853399999999997
2007-05-23 23:00:00,0.2849799999999998
2007-05-24 23:00:00,0.2815399999999998
2007-05-25 23:00:00,0.2828199999999998
2007-05-29 23:00:00,0.2809599999999998
2007-05-30 23:00:00,0.2815199999999998
2007-05-31 23:00:00,0.2823599999999998
2007-06-01 23:00:00,0.2837799999999998
2007-06-04 23:00:00,0.2842999999999998
2007-06-05 23:00:00,0.2830999999999998
2007-06-06 23:00:00,0.2818999999999997
2007-06-07 23:00:00,0.2790799999999998
2007-06-08 23:00:00,0.2778399999999998
2007-06-11 23:00:00,0.2786199999999998
2007-06-12 23:00:00,0.2772199999999997
2007-06-13 23:00:00,0.2776999999999998
2007-06-14 23:00:00,0.2781799999999998
2007-06-15 23:00:00,0.2821999999999998
2007-06-18 23:00:00,0.2822399999999997
2007-06-19 23:00:00,0.2845999999999998
2007-06-20 23:00:00,0.2832599999999998
2007-06-21 23:00:00,0.2828799999999997
2007-06-22 23:00:00,0.2852799999999998
2007-06-25 23:00:00,0.2847399999999998
2007-06-26 23:00:00,0.2843599999999998
2007-06-27 23:00:00,0.2850999999999998
2007-06-28 23:00:00,0.2858799999999997
2007-06-29 23:00:00,0.2886399999999998
2007-07-02 23:00:00,0.2921599999999998
2007-07-03 23:00:00,0.2910399999999998
2007-07-05 23:00:00,0.2894999999999998
2007-07-06 23:00:00,0.2914599999999998
2007-07-09 23:00:00,0.2899199999999998
2007-07-10 23:00:00,0.2936999999999998
2007-07-11 23:00:00,0.2940599999999998
2007-07-12 23:00:00,0.2967999999999998
2007-07-13 23:00:00,0.2961199999999998
2007-07-16 23:00:00,0.2968799999999997
2007-07-17 23:00:00,0.2973999999999998
2007-07-18 23:00:00,0.2956999999999998
2007-07-19 23:00:00,0.2967799999999997
2007-07-20 23:00:00,0.2960999999999997
2007-07-23 23:00:00,0.2960599999999998
2007-07-24 23:00:00,0.2956799999999998
2007-07-25 23:00:00,0.2935799999999998
2007-07-26 23:00:00,0.2927799999999997
2007-07-27 23:00:00,0.2922599999999998
2007-07-30 23:00:00,0.2938399999999998
2007-07-31 23:00:00,0.2900399999999998
2007-08-01 23:00:00,0.2887999999999998
2007-08-02 23:00:00,0.2905199999999998
2007-08-03 23:00:00,0.2929599999999998
2007-08-06 23:00:00,0.2934599999999998
2007-08-07 23:00:00,0.2926999999999998
2007-08-08 23:00:00,0.2955399999999997
2007-08-09 23:00:00,0.2914599999999998
2007-08-10 23:00:00,0.2920599999999998
2007-08-13 23:00:00,0.2901199999999997
2007-08-14 23:00:00,0.2847799999999997
2007-08-15 23:00:00,0.2807399999999998
2007-08-16 23:00:00,0.2781799999999998
2007-08-17 23:00:00,0.2809399999999998
2007-08-20 23:00:00,0.2794999999999998
2007-08-21 23:00:00,0.2793399999999997
2007-08-22 23:00:00,0.2812199999999997
2007-08-23 23:00:00,0.2817399999999998
2007-08-24 23:00:00,0.2859399999999998
2007-08-27 23:00:00,0.2853799999999998
2007-08-28 23:00:00,0.2843999999999998
2007-08-29 23:00:00,0.2856199999999998
2007-08-30 23:00:00,0.2855999999999998
2007-08-31 23:00:00,0.2856799999999997
2007-09-04 23:00:00,0.2855799999999998
2007-09-05 23:00:00,0.2857199999999998
2007-09-06 23:00:00,0.2879799999999997
2007-09-07 23:00:00,0.2898399999999997
2007-09-10 23:00:00,0.2922999999999997
2007-09-11 23:00:00,0.2952599999999998
2007-09-12 23:00:00,0.2973199999999997
2007-09-13 23:00:00,0.2961199999999998
2007-09-14 23:00:00,0.2965199999999997
2007-09-17 23:00:00,0.2951199999999997
2007-09-18 23:00:00,0.2989599999999997
2007-09-19 23:00:00,0.2985199999999997
2007-09-20 23:00:00,0.3017799999999997
2007-09-21 23:00:00,0.3031599999999997
2007-09-24 23:00:00,0.3026799999999998
2007-09-25 23:00:00,0.3029199999999998
2007-09-26 23:00:00,0.3020999999999997
2007-09-27 23:00:00,0.3031999999999997
2007-09-28 23:00:00,0.3070199999999998
2007-10-01 23:00:00,0.3066399999999997
2007-10-02 23:00:00,0.3035999999999997
2007-10-03 23:00:00,0.3020799999999997
2007-10-04 23:00:00,0.3030399999999997
2007-10-05 23:00:00,0.3045999999999997
2007-10-09 23:00:00,0.3046399999999997
2007-10-10 23:00:00,0.3046799999999998
2007-10-11 23:00:00,0.3099399999999997
2007-10-12 23:00:00,0.3091399999999997
2007-10-15 23:00:00,0.3104399999999997
2007-10-16 23:00:00,0.3093399999999998
2007-10-17 23:00:00,0.3101199999999998
2007-10-18 23:00:00,0.3154799999999997
2007-10-19 23:00:00,0.3163399999999998
2007-10-22 23:00:00,0.3161199999999998
2007-10-23 23:00:00,0.3167799999999998
2007-10-24 23:00:00,0.3183599999999997
2007-10-25 23:00:00,0.3223199999999998
2007-10-26 23:00:00,0.3261399999999997
2007-10-29 23:00:00,0.3260199999999997
2007-10-30 23:00:00,0.3251799999999997
2007-10-31 23:00:00,0.3281999999999997
2007-11-01 23:00:00,0.3235399999999997
2007-11-02 23:00:00,0.3253199999999998
2007-11-05 23:00:00,0.3248199999999997
2007-11-06 23:00:00,0.3288799999999998
2007-11-07 23:00:00,0.3307999999999997
2007-11-08 23:00:00,0.3312199999999998
2007-11-09 23:00:00,0.3311199999999997
2007-11-13 23:00:00,0.3290399999999997
2007-11-14 23:00:00,0.3304399999999998
2007-11-15 23:00:00,0.3267599999999998
2007-11-16 23:00:00,0.3271599999999997
2007-11-19 23:00:00,0.3252399999999997
2007-11-20 23:00:00,0.3314599999999997
2007-11-21 23:00:00,0.3301999999999997
2007-11-23 23:00:00,0.3305599999999998
2007-11-26 23:00:00,0.3303999999999997
2007-11-27 23:00:00,0.3323199999999998
2007-11-28 23:00:00,0.3363399999999997
2007-11-29 23:00:00,0.3342799999999997
2007-11-30 23:00:00,0.3336799999999997
2007-12-03 23:00:00,0.3345399999999998
2007-12-04 23:00:00,0.3365999999999997
2007-12-05 23:00:00,0.3356399999999997
2007-12-06 23:00:00,0.3364599999999997
2007-12-07 23:00:00,0.3377999999999997
2007-12-10 23:00:00,0.3402999999999997
2007-12-11 23:00:00,0.3371799999999997
2007-12-12 23:00:00,0.3395799999999997
2007-12-13 23:00:00,0.3337599999999998
2007-12-14 23:00:00,0.3266599999999998
2007-12-17 23:00:00,0.3251399999999997
2007-12-18 23:00:00,0.3267199999999997
2007-12-19 23:00:00,0.3255399999999998
2007-12-20 23:00:00,0.3237399999999997
2007-12-21 23:00:00,0.3244799999999997
2007-12-24 23:00:00,0.3266999999999997
2007-12-26 23:00:00,0.3299399999999997
2007-12-27 23:00:00,0.3326199999999997
2007-12-28 23:00:00,0.3363799999999997
2007-12-31 23:00:00,0.3329199999999997
2008-01-02 23:00:00,0.3353199999999998
2008-01-03 23:00:00,0.3377399999999997
2008-01-04 23:00:00,0.3368799999999998
2008-01-07 23:00:00,0.3345599999999997
2008-01-08 23:00:00,0.3367799999999997
2008-01-09 23:00:00,0.3349399999999997
2008-01-10 23:00:00,0.3407399999999997
2008-01-11 23:00:00,0.3409199999999997
2008-01-14 23:00:00,0.3433799999999997
2008-01-15 23:00:00,0.3421799999999997
2008-01-16 23:00:00,0.3347199999999997
2008-01-17 23:00:00,0.3327399999999997
2008-01-18 23:00:00,0.3303799999999997
2008-01-22 23:00:00,0.3302799999999997
2008-01-23 23:00:00,0.3284599999999997
2008-01-24 23:00:00,0.3353599999999997
2008-01-25 23:00:00,0.3330199999999997
2008-01-28 23:00:00,0.3351799999999997
2008-01-29 23:00:00,0.3348799999999998
2008-01-30 23:00:00,0.3402599999999997
2008-01-31 23:00:00,0.3401999999999998
2008-02-01 23:00:00,0.3400999999999998
2008-02-04 23:00:00,0.3429199999999997
2008-02-05 23:00:00,0.3355599999999997
2008-02-06 23:00:00,0.3334199999999997
2008-02-07 23:00:00,0.3284799999999997
2008-02-08 23:00:00,0.3282999999999997
2008-02-11 23:00:00,0.3295599999999998
2008-02-12 23:00:00,0.3328399999999997
2008-02-13 23:00:00,0.3334799999999997
2008-02-14 23:00:00,0.3352999999999997
2008-02-15 23:00:00,0.3370799999999997
2008-02-19 23:00:00,0.3395599999999997
2008-02-20 23:00:00,0.3394399999999998
2008-02-21 23:00:00,0.3430799999999998
2008-02-22 23:00:00,0.3432799999999997
2008-02-25 23:00:00,0.3476199999999997
2008-02-26 23:00:00,0.3518799999999997
2008-02-27 23:00:00,0.3577999999999997
2008-02-28 23:00:00,0.3609999999999997
2008-02-29 23:00:00,0.3586199999999998
2008-03-03 23:00:00,0.3598199999999997
2008-03-04 23:00:00,0.3579799999999997
2008-03-05 23:00:00,0.3595799999999997
2008-03-06 23:00:00,0.3588999999999997
2008-03-07 23:00:00,0.3583199999999997
2008-03-10 23:00:00,0.3581799999999998
2008-03-11 23:00:00,0.3610999999999997
2008-03-12 23:00:00,0.3675999999999997
2008-03-13 23:00:00,0.3684399999999997
2008-03-14 23:00:00,0.3697199999999997
2008-03-17 23:00:00,0.3722399999999997
2008-03-18 23:00:00,0.3725999999999997
2008-03-19 23:00:00,0.3687799999999997
2008-03-20 23:00:00,0.3643399999999997
2008-03-24 23:00:00,0.3651199999999997
2008-03-25 23:00:00,0.3704399999999997
2008-03-26 23:00:00,0.3770599999999997
2008-03-27 23:00:00,0.3761199999999997
2008-03-28 23:00:00,0.3755999999999997
2008-03-31 23:00:00,0.3776399999999997
2008-04-01 23:00:00,0.3739999999999997
2008-04-02 23:00:00,0.3780799999999997
2008-04-03 23:00:00,0.3795599999999997
2008-04-04 23:00:00,0.3812799999999997
2008-04-07 23:00:00,0.3828599999999998
2008-04-08 23:00:00,0.3836199999999997
2008-04-09 23:00:00,0.3868999999999997
2008-04-10 23:00:00,0.3886399999999997
2008-04-11 23:00:00,0.3904599999999998
2008-04-14 23:00:00,0.3919599999999998
2008-04-15 23:00:00,0.3908599999999997
2008-04-16 23:00:00,0.3958599999999997
2008-04-17 23:00:00,0.3923999999999997
2008-04-18 23:00:00,0.3897199999999997
2008-04-21 23:00:00,0.3952999999999997
2008-04-22 23:00:00,0.3985599999999998
2008-04-23 23:00:00,0.3954999999999997
2008-04-24 23:00:00,0.3864199999999997
2008-04-25 23:00:00,0.3831199999999997
2008-04-28 23:00:00,0.3848599999999998
2008-04-29 23:00:00,0.3792399999999997
2008-04-30 23:00:00,0.3829999999999997
2008-05-01 23:00:00,0.3765599999999997
2008-05-02 23:00:00,0.3786599999999997
2008-05-05 23:00:00,0.3798799999999997
2008-05-06 23:00:00,0.3820399999999997
2008-05-07 23:00:00,0.3809199999999997
2008-05-08 23:00:00,0.3812399999999997
2008-05-09 23:00:00,0.3863199999999997
2008-05-12 23:00:00,0.3896199999999997
2008-05-13 23:00:00,0.3871799999999997
2008-05-14 23:00:00,0.3851599999999996
2008-05-15 23:00:00,0.3854199999999997
2008-05-16 23:00:00,0.3912199999999997
2008-05-19 23:00:00,0.3882399999999997
2008-05-20 23:00:00,0.3931399999999997
2008-05-21 23:00:00,0.3926799999999997
2008-05-22 23:00:00,0.3905999999999996
2008-05-23 23:00:00,0.3934399999999997
2008-05-27 23:00:00,0.3924599999999998
2008-05-28 23:00:00,0.3916999999999997
2008-05-29 23:00:00,0.3894199999999997
2008-05-30 23:00:00,0.3919999999999997
2008-06-02 23:00:00,0.3900599999999998
2008-06-03 23:00:00,0.3887999999999997
2008-06-04 23:00:00,0.3879799999999997
2008-06-05 23:00:00,0.3914999999999997
2008-06-06 23:00:00,0.3939999999999997
2008-06-09 23:00:00,0.3943999999999997
2008-06-10 23:00:00,0.3882399999999997
2008-06-11 23:00:00,0.3912799999999997
2008-06-12 23:00:00,0.3859999999999998
2008-06-13 23:00:00,0.3852199999999997
2008-06-16 23:00:00,0.3895999999999998
2008-06-17 23:00:00,0.3907599999999997
2008-06-18 23:00:00,0.3919999999999997
2008-06-19 23:00:00,0.3919399999999997
2008-06-20 23:00:00,0.3953799999999997
2008-06-23 23:00:00,0.3937799999999997
2008-06-24 23:00:00,0.3946799999999997
2008-06-25 23:00:00,0.3990599999999997
2008-06-26 23:00:00,0.3991399999999996
2008-06-27 23:00:00,0.4021799999999997
2008-06-30 23:00:00,0.4021599999999997
2008-07-01 23:00:00,0.4034199999999997
2008-07-02 23:00:00,0.4067399999999997
2008-07-03 23:00:00,0.4038399999999997
2008-07-07 23:00:00,0.4084599999999996
2008-07-08 23:00:00,0.4088199999999997
2008-07-09 23:00:00,0.4134799999999997
2008-07-10 23:00:00,0.4146599999999997
2008-07-11 23:00:00,0.4202799999999997
2008-07-14 23:00:00,0.4210999999999997
2008-07-15 23:00:00,0.4228399999999997
2008-07-16 23:00:00,0.4251999999999997
2008-07-17 23:00:00,0.4239999999999996
2008-07-18 23:00:00,0.4258599999999997
2008-07-21 23:00:00,0.4264399999999996
2008-07-22 23:00:00,0.4206199999999997
2008-07-23 23:00:00,0.4147399999999997
2008-07-24 23:00:00,0.4199599999999997
2008-07-25 23:00:00,0.4228799999999996
2008-07-28 23:00:00,0.4247399999999997
2008-07-29 23:00:00,0.4195799999999997
2008-07-30 23:00:00,0.4196599999999996
2008-07-31 23:00:00,0.4182599999999997
2008-08-01 23:00:00,0.4176199999999997
2008-08-04 23:00:00,0.4197599999999997
2008-08-05 23:00:00,0.4144399999999997
2008-08-06 23:00:00,0.4097799999999996
2008-08-07 23:00:00,0.4057799999999997
2008-08-08 23:00:00,0.3928399999999997
2008-08-11 23:00:00,0.3892199999999997
2008-08-12 23:00:00,0.3914799999999996
2008-08-13 23:00:00,0.3872599999999996
2008-08-14 23:00:00,0.3802199999999997
2008-08-15 23:00:00,0.3745199999999997
2008-08-18 23:00:00,0.3781399999999997
2008-08-19 23:00:00,0.3792999999999997
2008-08-20 23:00:00,0.3794599999999997
2008-08-21 23:00:00,0.3854799999999996
2008-08-22 23:00:00,0.3820199999999997
2008-08-25 23:00:00,0.3816999999999996
2008-08-26 23:00:00,0.3753799999999996
2008-08-27 23:00:00,0.3754399999999997
2008-08-28 23:00:00,0.3733199999999997
2008-08-29 23:00:00,0.3741199999999997
2008-09-02 23:00:00,0.3682999999999997
2008-09-03 23:00:00,0.3643399999999997
2008-09-04 23:00:00,0.3551799999999996
2008-09-05 23:00:00,0.3478599999999996
2008-09-08 23:00:00,0.3406399999999996
2008-09-09 23:00:00,0.3443999999999997
2008-09-10 23:00:00,0.3493199999999997
2008-09-11 23:00:00,0.3470799999999996
2008-09-12 23:00:00,0.3618799999999997
2008-09-15 23:00:00,0.3577199999999997
2008-09-16 23:00:00,0.3616399999999997
2008-09-17 23:00:00,0.3625799999999997
2008-09-18 23:00:00,0.3678199999999997
2008-09-19 23:00:00,0.3768599999999997
2008-09-22 23:00:00,0.3860199999999997
2008-09-23 23:00:00,0.3813399999999997
2008-09-24 23:00:00,0.3768399999999997
2008-09-25 23:00:00,0.3757599999999997
2008-09-26 23:00:00,0.3718599999999997
2008-09-29 23:00:00,0.3642199999999997
2008-09-30 23:00:00,0.3538199999999997
2008-10-01 23:00:00,0.3522599999999997
2008-10-02 23:00:00,0.3413399999999997
2008-10-03 23:00:00,0.3453999999999997
2008-10-06 23:00:00,0.3254799999999997
2008-10-07 23:00:00,0.3369599999999997
2008-10-08 23:00:00,0.3339599999999997
2008-10-09 23:00:00,0.3231799999999997
2008-10-10 23:00:00,0.3169599999999997
2008-10-14 23:00:00,0.3312599999999997
2008-10-15 23:00:00,0.3188399999999997
2008-10-16 23:00:00,0.3127399999999997
2008-10-17 23:00:00,0.3157399999999997
2008-10-20 23:00:00,0.3095799999999997
2008-10-21 23:00:00,0.2939599999999997
2008-10-22 23:00:00,0.2763799999999997
2008-10-23 23:00:00,0.2691799999999997
2008-10-24 23:00:00,0.2663999999999997
2008-10-27 23:00:00,0.2633799999999996
2008-10-28 23:00:00,0.2775199999999997
2008-10-29 23:00:00,0.2982399999999996
2008-10-30 23:00:00,0.2979799999999997
2008-10-31 23:00:00,0.3005199999999998
2008-11-03 23:00:00,0.2971999999999997
2008-11-04 23:00:00,0.3054199999999997
2008-11-05 23:00:00,0.3051399999999997
2008-11-06 23:00:00,0.2882799999999997
2008-11-07 23:00:00,0.2866399999999997
2008-11-10 23:00:00,0.2776999999999996
2008-11-12 23:00:00,0.2703199999999997
2008-11-13 23:00:00,0.2767199999999997
2008-11-14 23:00:00,0.2860399999999997
2008-11-17 23:00:00,0.2762799999999997
2008-11-18 23:00:00,0.2664599999999997
2008-11-19 23:00:00,0.2662999999999997
2008-11-20 23:00:00,0.2656199999999997
2008-11-21 23:00:00,0.2596799999999997
2008-11-24 23:00:00,0.2724999999999997
2008-11-25 23:00:00,0.2825599999999997
2008-11-26 23:00:00,0.2809199999999998
2008-11-28 23:00:00,0.2744799999999996
2008-12-01 23:00:00,0.2716799999999997
2008-12-02 23:00:00,0.2682999999999997
2008-12-03 23:00:00,0.2656399999999997
2008-12-04 23:00:00,0.2701999999999997
2008-12-05 23:00:00,0.2660199999999997
2008-12-08 23:00:00,0.2714199999999997
2008-12-09 23:00:00,0.2669199999999997
2008-12-10 23:00:00,0.2676599999999997
2008-12-11 23:00:00,0.2805999999999997
2008-12-12 23:00:00,0.2808199999999997
2008-12-15 23:00:00,0.2803599999999996
2008-12-16 23:00:00,0.2810799999999997
2008-12-17 23:00:00,0.2865199999999997
2008-12-18 23:00:00,0.2858599999999997
2008-12-19 23:00:00,0.2747599999999997
2008-12-22 23:00:00,0.2761399999999998
2008-12-23 23:00:00,0.2784399999999997
2008-12-24 23:00:00,0.2769599999999997
2008-12-26 23:00:00,0.2825799999999998
2008-12-29 23:00:00,0.2786999999999996
2008-12-30 23:00:00,0.2751399999999998
2008-12-31 23:00:00,0.2745599999999997
2009-01-02 23:00:00,0.2707799999999997
2009-01-05 23:00:00,0.2711799999999997
2009-01-06 23:00:00,0.2794199999999997
2009-01-07 23:00:00,0.2759999999999997
2009-01-08 23:00:00,0.2773199999999997
2009-01-09 23:00:00,0.2715999999999997
2009-01-12 23:00:00,0.2612599999999997
2009-01-13 23:00:00,0.2567999999999997
2009-01-14 23:00:00,0.2541599999999998
2009-01-15 23:00:00,0.2540199999999997
2009-01-16 23:00:00,0.2469999999999997
2009-01-20 23:00:00,0.2351399999999998
2009-01-21 23:00:00,0.2396199999999998
2009-01-22 23:00:00,0.2375599999999998
2009-01-23 23:00:00,0.2332799999999998
2009-01-26 23:00:00,0.2382399999999997
2009-01-27 23:00:00,0.2396599999999998
2009-01-28 23:00:00,0.2421399999999997
2009-01-29 23:00:00,0.2345399999999998
2009-01-30 23:00:00,0.2266199999999998
2009-02-02 23:00:00,0.2259999999999998
2009-02-03 23:00:00,0.2202799999999998
2009-02-04 23:00:00,0.2156199999999998
2009-02-05 23:00:00,0.2176199999999997
2009-02-06 23:00:00,0.2260999999999998
2009-02-09 23:00:00,0.2339599999999997
2009-02-10 23:00:00,0.2237799999999998
2009-02-11 23:00:00,0.2242199999999998
2009-02-12 23:00:00,0.2144199999999997
2009-02-13 23:00:00,0.2173399999999998
2009-02-17 23:00:00,0.1974199999999998
2009-02-18 23:00:00,0.2030999999999997
2009-02-19 23:00:00,0.2059599999999998
2009-02-20 23:00:00,0.2100199999999998
2009-02-23 23:00:00,0.2132399999999998
2009-02-24 23:00:00,0.2182599999999998
2009-02-25 23:00:00,0.2095399999999998
2009-02-26 23:00:00,0.2108399999999998
2009-02-27 23:00:00,0.2135599999999998
2009-03-02 23:00:00,0.2041999999999998
2009-03-03 23:00:00,0.2043599999999998
2009-03-04 23:00:00,0.2104999999999998
2009-03-05 23:00:00,0.2047599999999997
2009-03-06 23:00:00,0.2086399999999998
2009-03-09 23:00:00,0.2073799999999998
2009-03-10 23:00:00,0.2148599999999998
2009-03-11 23:00:00,0.2177799999999998
2009-03-12 23:00:00,0.2277599999999998
2009-03-13 23:00:00,0.2286199999999998
2009-03-16 23:00:00,0.2326199999999998
2009-03-17 23:00:00,0.2290999999999998
2009-03-18 23:00:00,0.2392599999999997
2009-03-19 23:00:00,0.2355999999999998
2009-03-20 23:00:00,0.2357199999999998
2009-03-23 23:00:00,0.2408599999999998
2009-03-24 23:00:00,0.2389599999999998
2009-03-25 23:00:00,0.2379399999999998
2009-03-26 23:00:00,0.2372199999999998
2009-03-27 23:00:00,0.2249799999999998
2009-03-30 23:00:00,0.2193199999999998
2009-03-31 23:00:00,0.2283599999999998
2009-04-01 23:00:00,0.2345599999999998
2009-04-02 23:00:00,0.2457399999999998
2009-04-03 23:00:00,0.2448599999999998
2009-04-06 23:00:00,0.2407799999999998
2009-04-07 23:00:00,0.2371799999999998
2009-04-08 23:00:00,0.2390599999999998
2009-04-09 23:00:00,0.2442799999999997
2009-04-13 23:00:00,0.2478799999999997
2009-04-14 23:00:00,0.2514999999999998
2009-04-15 23:00:00,0.2481399999999997
2009-04-16 23:00:00,0.2473999999999998
2009-04-17 23:00:00,0.2440399999999997
2009-04-20 23:00:00,0.2334399999999998
2009-04-21 23:00:00,0.2361799999999998
2009-04-22 23:00:00,0.2367199999999998
2009-04-23 23:00:00,0.2330199999999998
2009-04-24 23:00:00,0.2360799999999998
2009-04-27 23:00:00,0.2266199999999998
2009-04-28 23:00:00,0.2341199999999998
2009-04-29 23:00:00,0.2442599999999997
2009-04-30 23:00:00,0.2404399999999998
2009-05-01 23:00:00,0.2442999999999998
2009-05-04 23:00:00,0.2480999999999997
2009-05-05 23:00:00,0.2457399999999998
2009-05-06 23:00:00,0.2461199999999998
2009-05-07 23:00:00,0.2462399999999997
2009-05-08 23:00:00,0.2543599999999997
2009-05-11 23:00:00,0.2508799999999997
2009-05-12 23:00:00,0.2508799999999997
2009-05-13 23:00:00,0.2459999999999998
2009-05-14 23:00:00,0.2458799999999998
2009-05-15 23:00:00,0.2418199999999997
2009-05-18 23:00:00,0.2474999999999997
2009-05-19 23:00:00,0.2536799999999997
2009-05-20 23:00:00,0.2599999999999997
2009-05-21 23:00:00,0.2571399999999997
2009-05-22 23:00:00,0.2589599999999997
2009-05-26 23:00:00,0.2582799999999998
2009-05-27 23:00:00,0.2547399999999998
2009-05-28 23:00:00,0.2500999999999997
2009-05-29 23:00:00,0.2544399999999997
2009-06-01 23:00:00,0.2591999999999997
2009-06-02 23:00:00,0.2615599999999997
2009-06-03 23:00:00,0.2526399999999998
2009-06-04 23:00:00,0.2560599999999998
2009-06-05 23:00:00,0.2488599999999997
2009-06-08 23:00:00,0.2490599999999998
2009-06-09 23:00:00,0.2555599999999997
2009-06-10 23:00:00,0.2528799999999997
2009-06-11 23:00:00,0.2578399999999997
2009-06-12 23:00:00,0.2550199999999997
2009-06-15 23:00:00,0.2455799999999997
2009-06-16 23:00:00,0.2478399999999997
2009-06-17 23:00:00,0.2490599999999998
2009-06-18 23:00:00,0.2480199999999997
2009-06-19 23:00:00,0.2492399999999997
2009-06-22 23:00:00,0.2476799999999997
2009-06-23 23:00:00,0.2512199999999997
2009-06-24 23:00:00,0.2492599999999998
2009-06-25 23:00:00,0.2524199999999997
2009-06-26 23:00:00,0.2543999999999997
2009-06-29 23:00:00,0.2557799999999997
2009-06-30 23:00:00,0.2570199999999997
2009-07-01 23:00:00,0.2662399999999997
2009-07-02 23:00:00,0.2624799999999997
2009-07-06 23:00:00,0.2610599999999997
2009-07-07 23:00:00,0.2590999999999997
2009-07-08 23:00:00,0.2549399999999998
2009-07-09 23:00:00,0.2645599999999997
2009-07-10 23:00:00,0.2609799999999997
2009-07-13 23:00:00,0.2616799999999997
2009-07-14 23:00:00,0.2653599999999997
2009-07-15 23:00:00,0.2722999999999997
2009-07-16 23:00:00,0.2703599999999996
2009-07-17 23:00:00,0.2689599999999997
2009-07-20 23:00:00,0.2768599999999997
2009-07-21 23:00:00,0.2751799999999997
2009-07-22 23:00:00,0.2764799999999998
2009-07-23 23:00:00,0.2789199999999998
2009-07-24 23:00:00,0.2813799999999997
2009-07-27 23:00:00,0.2846799999999997
2009-07-28 23:00:00,0.2816799999999997
2009-07-29 23:00:00,0.2760599999999997
2009-07-30 23:00:00,0.2810999999999997
2009-07-31 23:00:00,0.2867399999999997
2009-08-03 23:00:00,0.2955799999999998
2009-08-04 23:00:00,0.2935999999999997
2009-08-05 23:00:00,0.2932399999999998
2009-08-06 23:00:00,0.2858199999999998
2009-08-07 23:00:00,0.2889399999999997
2009-08-10 23:00:00,0.2853399999999997
2009-08-11 23:00:00,0.2819399999999997
2009-08-12 23:00:00,0.2856199999999997
2009-08-13 23:00:00,0.2891399999999997
2009-08-14 23:00:00,0.2840399999999997
2009-08-17 23:00:00,0.2800399999999997
2009-08-18 23:00:00,0.2830199999999997
2009-08-19 23:00:00,0.2851999999999997
2009-08-20 23:00:00,0.2870799999999997
2009-08-21 23:00:00,0.2919599999999997
2009-08-24 23:00:00,0.2911599999999997
2009-08-25 23:00:00,0.2928399999999997
2009-08-26 23:00:00,0.2887399999999997
2009-08-27 23:00:00,0.2926599999999997
2009-08-28 23:00:00,0.2924199999999997
2009-08-31 23:00:00,0.2930199999999998
2009-09-01 23:00:00,0.2842599999999997
2009-09-02 23:00:00,0.2867199999999997
2009-09-03 23:00:00,0.2881199999999997
2009-09-04 23:00:00,0.2924199999999997
2009-09-08 23:00:00,0.2970999999999997
2009-09-09 23:00:00,0.2957599999999997
2009-09-10 23:00:00,0.2949999999999997
2009-09-11 23:00:00,0.2933799999999998
2009-09-14 23:00:00,0.2918399999999998
2009-09-15 23:00:00,0.2963199999999997
2009-09-16 23:00:00,0.3005599999999997
2009-09-17 23:00:00,0.3001399999999998
2009-09-18 23:00:00,0.2989799999999997
2009-09-21 23:00:00,0.2956599999999997
2009-09-22 23:00:00,0.2985799999999998
2009-09-23 23:00:00,0.2977399999999997
2009-09-24 23:00:00,0.2934199999999997
2009-09-25 23:00:00,0.2915999999999998
2009-09-28 23:00:00,0.2912999999999998
2009-09-29 23:00:00,0.2905199999999997
2009-09-30 23:00:00,0.2917799999999997
2009-10-01 23:00:00,0.2854599999999997
2009-10-02 23:00:00,0.2895199999999997
2009-10-05 23:00:00,0.2930799999999997
2009-10-06 23:00:00,0.2950999999999997
2009-10-07 23:00:00,0.2908199999999998
2009-10-08 23:00:00,0.2927999999999998
2009-10-09 23:00:00,0.2881599999999998
2009-10-13 23:00:00,0.2943199999999997
2009-10-14 23:00:00,0.2975599999999997
2009-10-15 23:00:00,0.3005799999999998
2009-10-16 23:00:00,0.2982199999999997
2009-10-19 23:00:00,0.3026399999999997
2009-10-20 23:00:00,0.3029999999999997
2009-10-21 23:00:00,0.3056199999999997
2009-10-22 23:00:00,0.3045599999999998
2009-10-23 23:00:00,0.3030599999999998
2009-10-26 23:00:00,0.2969999999999997
2009-10-27 23:00:00,0.2955799999999998
2009-10-28 23:00:00,0.2882199999999997
2009-10-29 23:00:00,0.2957799999999997
2009-10-30 23:00:00,0.2904999999999998
2009-11-02 23:00:00,0.2879599999999998
2009-11-03 23:00:00,0.2890999999999997
2009-11-04 23:00:00,0.2959199999999998
2009-11-05 23:00:00,0.2937399999999997
2009-11-06 23:00:00,0.2942599999999998
2009-11-09 23:00:00,0.3018399999999998
2009-11-10 23:00:00,0.3030799999999997
2009-11-12 23:00:00,0.3046799999999998
2009-11-13 23:00:00,0.3079199999999998
2009-11-16 23:00:00,0.3118999999999998
2009-11-17 23:00:00,0.3074199999999997
2009-11-18 23:00:00,0.3083599999999998
2009-11-19 23:00:00,0.3061399999999998
2009-11-20 23:00:00,0.3029399999999998
2009-11-23 23:00:00,0.3084599999999998
2009-11-24 23:00:00,0.3083999999999997
2009-11-25 23:00:00,0.3144199999999997
2009-11-27 23:00:00,0.3056399999999997
2009-11-30 23:00:00,0.3051199999999998
2009-12-01 23:00:00,0.3120799999999997
2009-12-02 23:00:00,0.3114199999999997
2009-12-03 23:00:00,0.3141999999999997
2009-12-04 23:00:00,0.3097799999999998
2009-12-07 23:00:00,0.3093399999999998
2009-12-08 23:00:00,0.3002199999999997
2009-12-09 23:00:00,0.2988999999999998
2009-12-10 23:00:00,0.2996199999999997
2009-12-11 23:00:00,0.2971999999999997
2009-12-14 23:00:00,0.2981199999999998
2009-12-15 23:00:00,0.2906999999999998
2009-12-16 23:00:00,0.2923599999999998
2009-12-17 23:00:00,0.2873399999999997
2009-12-18 23:00:00,0.2866599999999997
2009-12-21 23:00:00,0.2858999999999997
2009-12-22 23:00:00,0.2875399999999997
2009-12-23 23:00:00,0.2901399999999998
2009-12-24 23:00:00,0.2917799999999997
2009-12-28 23:00:00,0.2913599999999998
2009-12-29 23:00:00,0.2923599999999998
2009-12-30 23:00:00,0.2925999999999998
2009-12-31 23:00:00,0.2948999999999998
2010-01-04 23:00:00,0.2987999999999998
2010-01-05 23:00:00,0.2968199999999997
2010-01-06 23:00:00,0.2981799999999997
2010-01-07 23:00:00,0.2943999999999997
2010-01-08 23:00:00,0.3002999999999997
2010-01-11 23:00:00,0.3026599999999997
2010-01-12 23:00:00,0.3011399999999997
2010-01-13 23:00:00,0.3038199999999997
2010-01-14 23:00:00,0.3043799999999997
2010-01-15 23:00:00,0.2998999999999998
2010-01-19 23:00:00,0.3028399999999997
2010-01-20 23:00:00,0.2944999999999997
2010-01-21 23:00:00,0.2911599999999997
2010-01-22 23:00:00,0.2919199999999997
2010-01-25 23:00:00,0.2940999999999997
2010-01-26 23:00:00,0.2921399999999998
2010-01-27 23:00:00,0.2889999999999997
2010-01-28 23:00:00,0.2887599999999997
2010-01-29 23:00:00,0.2890799999999997
2010-02-01 23:00:00,0.2961799999999997
2010-02-02 23:00:00,0.2977599999999997
2010-02-03 23:00:00,0.2933799999999997
2010-02-04 23:00:00,0.2839799999999997
2010-02-05 23:00:00,0.2777399999999997
2010-02-08 23:00:00,0.2802399999999997
2010-02-09 23:00:00,0.2851799999999997
2010-02-10 23:00:00,0.2846199999999997
2010-02-11 23:00:00,0.2882399999999998
2010-02-12 23:00:00,0.2853599999999998
2010-02-16 23:00:00,0.2921799999999997
2010-02-17 23:00:00,0.2889599999999997
2010-02-18 23:00:00,0.2882599999999998
2010-02-19 23:00:00,0.2878999999999997
2010-02-22 23:00:00,0.2903599999999998
2010-02-23 23:00:00,0.2850799999999997
2010-02-24 23:00:00,0.2861599999999997
2010-02-25 23:00:00,0.2872799999999997
2010-02-26 23:00:00,0.2922399999999998
2010-03-01 23:00:00,0.2928199999999997
2010-03-02 23:00:00,0.2944399999999997
2010-03-03 23:00:00,0.2981799999999997
2010-03-04 23:00:00,0.2954599999999998
2010-03-05 23:00:00,0.2986799999999998
2010-03-08 23:00:00,0.2993399999999998
2010-03-09 23:00:00,0.2983199999999997
2010-03-10 23:00:00,0.2986599999999997
2010-03-11 23:00:00,0.2971599999999997
2010-03-12 23:00:00,0.3013799999999997
2010-03-15 23:00:00,0.2983799999999997
2010-03-16 23:00:00,0.3026999999999997
2010-03-17 23:00:00,0.3029999999999997
2010-03-18 23:00:00,0.2986599999999997
2010-03-19 23:00:00,0.2954399999999997
2010-03-22 23:00:00,0.2956799999999998
2010-03-23 23:00:00,0.2943599999999997
2010-03-24 23:00:00,0.2909199999999998
2010-03-25 23:00:00,0.2897999999999996
2010-03-26 23:00:00,0.2907799999999997
2010-03-29 23:00:00,0.2945999999999997
2010-03-30 23:00:00,0.2942799999999997
2010-03-31 23:00:00,0.2979399999999997
2010-04-01 23:00:00,0.3002199999999997
2010-04-05 23:00:00,0.2987399999999997
2010-04-06 23:00:00,0.2974199999999997
2010-04-07 23:00:00,0.2970999999999997
2010-04-08 23:00:00,0.2948599999999997
2010-04-09 23:00:00,0.2956399999999997
2010-04-12 23:00:00,0.2998599999999997
2010-04-13 23:00:00,0.2989399999999997
2010-04-14 23:00:00,0.3017399999999997
2010-04-15 23:00:00,0.2999599999999997
2010-04-16 23:00:00,0.2968599999999997
2010-04-19 23:00:00,0.2942599999999997
2010-04-20 23:00:00,0.2946599999999997
2010-04-21 23:00:00,0.2943399999999997
2010-04-22 23:00:00,0.2912999999999997
2010-04-23 23:00:00,0.2929999999999997
2010-04-26 23:00:00,0.2919399999999997
2010-04-27 23:00:00,0.2848199999999998
2010-04-28 23:00:00,0.2856399999999997
2010-04-29 23:00:00,0.2877199999999997
2010-04-30 23:00:00,0.2874399999999997
2010-05-03 23:00:00,0.2857199999999997
2010-05-04 23:00:00,0.2719399999999997
2010-05-05 23:00:00,0.2630799999999997
2010-05-06 23:00:00,0.2467999999999997
2010-05-07 23:00:00,0.2578999999999997
2010-05-10 23:00:00,0.2669799999999997
2010-05-11 23:00:00,0.2649399999999997
2010-05-12 23:00:00,0.2680799999999997
2010-05-13 23:00:00,0.2673399999999997
2010-05-14 23:00:00,0.2577399999999997
2010-05-17 23:00:00,0.2573799999999998
2010-05-18 23:00:00,0.2495999999999998
2010-05-19 23:00:00,0.2515599999999997
2010-05-20 23:00:00,0.2524799999999997
2010-05-21 23:00:00,0.2545799999999997
2010-05-24 23:00:00,0.2513999999999997
2010-05-25 23:00:00,0.2464999999999997
2010-05-26 23:00:00,0.2451799999999998
2010-05-27 23:00:00,0.2546999999999997
2010-05-28 23:00:00,0.2509399999999998
2010-06-01 23:00:00,0.2480999999999997
2010-06-02 23:00:00,0.2484999999999998
2010-06-03 23:00:00,0.2451199999999998
2010-06-04 23:00:00,0.2358999999999998
2010-06-07 23:00:00,0.2374199999999998
2010-06-08 23:00:00,0.2380399999999998
2010-06-09 23:00:00,0.2398599999999998
2010-06-10 23:00:00,0.2454199999999998
2010-06-11 23:00:00,0.2437999999999998
2010-06-14 23:00:00,0.2505199999999997
2010-06-15 23:00:00,0.2537199999999998
2010-06-16 23:00:00,0.2526199999999997
2010-06-17 23:00:00,0.2539799999999997
2010-06-18 23:00:00,0.2555999999999997
2010-06-21 23:00:00,0.2544599999999997
2010-06-22 23:00:00,0.2527399999999997
2010-06-23 23:00:00,0.2534999999999998
2010-06-24 23:00:00,0.2497199999999998
2010-06-25 23:00:00,0.2517399999999997
2010-06-28 23:00:00,0.2465999999999997
2010-06-29 23:00:00,0.2451799999999998
2010-06-30 23:00:00,0.2462999999999998
2010-07-01 23:00:00,0.2505399999999997
2010-07-02 23:00:00,0.2527799999999997
2010-07-06 23:00:00,0.2576799999999997
2010-07-07 23:00:00,0.2597199999999997
2010-07-08 23:00:00,0.2610399999999997
2010-07-09 23:00:00,0.2612599999999997
2010-07-12 23:00:00,0.2601999999999997
2010-07-13 23:00:00,0.2627599999999997
2010-07-14 23:00:00,0.2650199999999997
2010-07-15 23:00:00,0.2675799999999997
2010-07-16 23:00:00,0.2670199999999997
2010-07-19 23:00:00,0.2647799999999997
2010-07-20 23:00:00,0.2640599999999997
2010-07-21 23:00:00,0.2603799999999998
2010-07-22 23:00:00,0.2665199999999997
2010-07-23 23:00:00,0.2689599999999997
2010-07-26 23:00:00,0.2728799999999997
2010-07-27 23:00:00,0.2750999999999997
2010-07-28 23:00:00,0.2750799999999997
2010-07-29 23:00:00,0.2773399999999997
2010-07-30 23:00:00,0.2765399999999997
2010-08-02 23:00:00,0.2817799999999997
2010-08-03 23:00:00,0.2813399999999997
2010-08-04 23:00:00,0.2813799999999997
2010-08-05 23:00:00,0.2812999999999997
2010-08-06 23:00:00,0.2834599999999997
2010-08-09 23:00:00,0.2845999999999998
2010-08-10 23:00:00,0.2832399999999997
2010-08-11 23:00:00,0.2725599999999997
2010-08-12 23:00:00,0.2713799999999997
2010-08-13 23:00:00,0.2698999999999997
2010-08-16 23:00:00,0.2731399999999997
2010-08-17 23:00:00,0.2775399999999997
2010-08-18 23:00:00,0.2781199999999997
2010-08-19 23:00:00,0.2743399999999997
2010-08-20 23:00:00,0.2711799999999997
2010-08-23 23:00:00,0.2674799999999998
2010-08-24 23:00:00,0.2672799999999997
2010-08-25 23:00:00,0.2680399999999998
2010-08-26 23:00:00,0.2696999999999998
2010-08-27 23:00:00,0.2722799999999997
2010-08-30 23:00:00,0.2687399999999997
2010-08-31 23:00:00,0.2675599999999997
2010-09-01 23:00:00,0.2740399999999997
2010-09-02 23:00:00,0.2754399999999997
2010-09-03 23:00:00,0.2791199999999997
2010-09-07 23:00:00,0.2734999999999998
2010-09-08 23:00:00,0.2748399999999998
2010-09-09 23:00:00,0.2742199999999997
2010-09-10 23:00:00,0.2747799999999997
2010-09-13 23:00:00,0.2789599999999998
2010-09-14 23:00:00,0.2839999999999997
2010-09-15 23:00:00,0.2818199999999998
2010-09-16 23:00:00,0.2828599999999997
2010-09-17 23:00:00,0.2816399999999997
2010-09-20 23:00:00,0.2836199999999998
2010-09-21 23:00:00,0.2879799999999997
2010-09-22 23:00:00,0.2912199999999997
2010-09-23 23:00:00,0.2879399999999998
2010-09-24 23:00:00,0.2927599999999997
2010-09-27 23:00:00,0.2932599999999998
2010-09-28 23:00:00,0.2938599999999997
2010-09-29 23:00:00,0.2952199999999997
2010-09-30 23:00:00,0.2964999999999998
2010-10-01 23:00:00,0.3021199999999998
2010-10-04 23:00:00,0.2978399999999997
2010-10-05 23:00:00,0.3023599999999998
2010-10-06 23:00:00,0.3042199999999997
2010-10-07 23:00:00,0.3027199999999997
2010-10-08 23:00:00,0.3035399999999997
2010-10-12 23:00:00,0.3046399999999997
2010-10-13 23:00:00,0.3089599999999997
2010-10-14 23:00:00,0.3134599999999998
2010-10-15 23:00:00,0.3110399999999998
2010-10-18 23:00:00,0.3094799999999998
2010-10-19 23:00:00,0.2987199999999997
2010-10-20 23:00:00,0.3060999999999997
2010-10-21 23:00:00,0.3027799999999997
2010-10-22 23:00:00,0.3038199999999998
2010-10-25 23:00:00,0.3082999999999997
2010-10-26 23:00:00,0.3048399999999997
2010-10-27 23:00:00,0.3000199999999998
2010-10-28 23:00:00,0.3032399999999998
2010-10-29 23:00:00,0.3026399999999997
2010-11-01 23:00:00,0.3029799999999997
2010-11-02 23:00:00,0.3083599999999998
2010-11-03 23:00:00,0.3130399999999997
2010-11-04 23:00:00,0.3168399999999997
2010-11-05 23:00:00,0.3120399999999998
2010-11-08 23:00:00,0.3071199999999998
2010-11-09 23:00:00,0.3082599999999998
2010-11-10 23:00:00,0.3072799999999997
2010-11-12 23:00:00,0.3008199999999998
2010-11-15 23:00:00,0.3000799999999997
2010-11-16 23:00:00,0.2934799999999998
2010-11-17 23:00:00,0.2956199999999997
2010-11-18 23:00:00,0.2996599999999997
2010-11-19 23:00:00,0.3007399999999997
2010-11-22 23:00:00,0.2981199999999998
2010-11-23 23:00:00,0.2897999999999998
2010-11-24 23:00:00,0.2894399999999997
2010-11-26 23:00:00,0.2820399999999998
2010-11-29 23:00:00,0.2736999999999998
2010-11-30 23:00:00,0.2769999999999997
2010-12-01 23:00:00,0.2819799999999997
2010-12-02 23:00:00,0.2848799999999997
2010-12-03 23:00:00,0.2901599999999998
2010-12-06 23:00:00,0.2863999999999998
2010-12-07 23:00:00,0.2845799999999998
2010-12-08 23:00:00,0.2828399999999998
2010-12-09 23:00:00,0.2823599999999998
2010-12-10 23:00:00,0.2829399999999998
2010-12-13 23:00:00,0.2894799999999998
2010-12-14 23:00:00,0.2900599999999998
2010-12-15 23:00:00,0.2852199999999997
2010-12-16 23:00:00,0.2856199999999998
2010-12-17 23:00:00,0.2852199999999997
2010-12-20 23:00:00,0.2823999999999998
2010-12-21 23:00:00,0.2814199999999998
2010-12-22 23:00:00,0.2828799999999998
2010-12-23 23:00:00,0.2852799999999998
2010-12-27 23:00:00,0.2845199999999998
2010-12-28 23:00:00,0.2829799999999998
2010-12-29 23:00:00,0.2875199999999998
2010-12-30 23:00:00,0.2899199999999998
2010-12-31 23:00:00,0.2925799999999998
2011-01-03 23:00:00,0.2929199999999998
2011-01-04 23:00:00,0.2957799999999997
2011-01-05 23:00:00,0.2936799999999998
2011-01-06 23:00:00,0.2906799999999997
2011-01-07 23:00:00,0.2870799999999998
2011-01-10 23:00:00,0.2860599999999998
2011-01-11 23:00:00,0.2907399999999998
2011-01-12 23:00:00,0.2962199999999997
2011-01-13 23:00:00,0.2991799999999998
2011-01-14 23:00:00,0.2992199999999997
2011-01-18 23:00:00,0.3001799999999998
2011-01-19 23:00:00,0.3020999999999997
2011-01-20 23:00:00,0.3006799999999998
2011-01-21 23:00:00,0.3050799999999998
2011-01-24 23:00:00,0.3065199999999998
2011-01-25 23:00:00,0.3072199999999997
2011-01-26 23:00:00,0.3068399999999998
2011-01-27 23:00:00,0.3064999999999998
2011-01-28 23:00:00,0.2998599999999998
2011-01-31 23:00:00,0.3031799999999998
2011-02-01 23:00:00,0.3094199999999997
2011-02-02 23:00:00,0.3081399999999998
2011-02-03 23:00:00,0.3042799999999998
2011-02-04 23:00:00,0.3042799999999998
2011-02-07 23:00:00,0.3054599999999998
2011-02-08 23:00:00,0.3063399999999998
2011-02-09 23:00:00,0.3065599999999998
2011-02-10 23:00:00,0.3014999999999998
2011-02-11 23:00:00,0.3010199999999998
2011-02-14 23:00:00,0.2970399999999998
2011-02-15 23:00:00,0.2987999999999998
2011-02-16 23:00:00,0.3025599999999998
2011-02-17 23:00:00,0.3041199999999998
2011-02-18 23:00:00,0.3049599999999998
2011-02-22 23:00:00,0.2997999999999998
2011-02-23 23:00:00,0.3012599999999998
2011-02-24 23:00:00,0.3018999999999998
2011-02-25 23:00:00,0.3011799999999998
2011-02-28 23:00:00,0.3046599999999997
2011-03-01 23:00:00,0.3015799999999998
2011-03-02 23:00:00,0.3047199999999998
2011-03-03 23:00:00,0.3060199999999998
2011-03-04 23:00:00,0.3074199999999997
2011-03-07 23:00:00,0.3075999999999998
2011-03-08 23:00:00,0.3058799999999997
2011-03-09 23:00:00,0.3051399999999998
2011-03-10 23:00:00,0.2995599999999997
2011-03-11 23:00:00,0.3028199999999998
2011-03-14 23:00:00,0.3031599999999998
2011-03-15 23:00:00,0.3021599999999998
2011-03-16 23:00:00,0.2959799999999997
2011-03-17 23:00:00,0.3011199999999998
2011-03-18 23:00:00,0.3044599999999998
2011-03-21 23:00:00,0.3096999999999997
2011-03-22 23:00:00,0.3087399999999997
2011-03-23 23:00:00,0.3065999999999998
2011-03-24 23:00:00,0.3091799999999997
2011-03-25 23:00:00,0.3072999999999997
2011-03-28 23:00:00,0.3092999999999997
2011-03-29 23:00:00,0.3091599999999998
2011-03-30 23:00:00,0.3082799999999997
2011-03-31 23:00:00,0.3091399999999998
2011-04-01 23:00:00,0.3109799999999997
2011-04-04 23:00:00,0.3095199999999997
2011-04-05 23:00:00,0.3125999999999998
2011-04-06 23:00:00,0.3174599999999998
2011-04-07 23:00:00,0.3169599999999997
2011-04-08 23:00:00,0.3211999999999997
2011-04-11 23:00:00,0.3199799999999997
2011-04-12 23:00:00,0.3200799999999997
2011-04-13 23:00:00,0.3210199999999998
2011-04-14 23:00:00,0.3240399999999997
2011-04-15 23:00:00,0.3225999999999997
2011-04-18 23:00:00,0.3135999999999998
2011-04-19 23:00:00,0.3182399999999998
2011-04-20 23:00:00,0.3224599999999998
2011-04-21 23:00:00,0.3263799999999997
2011-04-25 23:00:00,0.3267399999999997
2011-04-26 23:00:00,0.3283399999999998
2011-04-27 23:00:00,0.3323199999999998
2011-04-28 23:00:00,0.3334799999999997
2011-04-29 23:00:00,0.3347599999999998
2011-05-02 23:00:00,0.3356599999999998
2011-05-03 23:00:00,0.3333399999999998
2011-05-04 23:00:00,0.3332399999999998
2011-05-05 23:00:00,0.3232199999999998
2011-05-06 23:00:00,0.3221199999999998
2011-05-09 23:00:00,0.3221999999999997
2011-05-10 23:00:00,0.3242599999999998
2011-05-11 23:00:00,0.3204399999999998
2011-05-12 23:00:00,0.3216599999999998
2011-05-13 23:00:00,0.3165399999999997
2011-05-16 23:00:00,0.3187799999999998
2011-05-17 23:00:00,0.3202399999999998
2011-05-18 23:00:00,0.3211999999999997
2011-05-19 23:00:00,0.3233399999999998
2011-05-20 23:00:00,0.3200999999999998
2011-05-23 23:00:00,0.3144999999999997
2011-05-24 23:00:00,0.3154599999999998
2011-05-25 23:00:00,0.3131999999999997
2011-05-26 23:00:00,0.3135599999999998
2011-05-27 23:00:00,0.3175599999999998
2011-05-31 23:00:00,0.3222399999999998
2011-06-01 23:00:00,0.3206399999999997
2011-06-02 23:00:00,0.3247999999999998
2011-06-03 23:00:00,0.3283799999999997
2011-06-06 23:00:00,0.3263999999999997
2011-06-07 23:00:00,0.3315599999999998
2011-06-08 23:00:00,0.3274999999999998
2011-06-09 23:00:00,0.3266999999999998
2011-06-10 23:00:00,0.3232999999999997
2011-06-13 23:00:00,0.3251599999999998
2011-06-14 23:00:00,0.3266599999999998
2011-06-15 23:00:00,0.3181799999999998
2011-06-16 23:00:00,0.3135999999999998
2011-06-17 23:00:00,0.3188799999999998
2011-06-20 23:00:00,0.3178999999999998
2011-06-21 23:00:00,0.3208999999999998
2011-06-22 23:00:00,0.3199599999999998
2011-06-23 23:00:00,0.3146999999999998
2011-06-24 23:00:00,0.3148199999999998
2011-06-27 23:00:00,0.3159399999999998
2011-06-28 23:00:00,0.3174999999999998
2011-06-29 23:00:00,0.3213599999999998
2011-06-30 23:00:00,0.3242399999999998
2011-07-01 23:00:00,0.3273999999999997
2011-07-05 23:00:00,0.3240999999999998
2011-07-06 23:00:00,0.3210199999999998
2011-07-07 23:00:00,0.3244199999999997
2011-07-08 23:00:00,0.3199199999999998
2011-07-11 23:00:00,0.3106399999999997
2011-07-12 23:00:00,0.3081399999999998
2011-07-13 23:00:00,0.3122399999999998
2011-07-14 23:00:00,0.3102999999999998
2011-07-15 23:00:00,0.3115799999999998
2011-07-18 23:00:00,0.3088999999999998
2011-07-19 23:00:00,0.3117999999999998
2011-07-20 23:00:00,0.3160199999999998
2011-07-21 23:00:00,0.3216199999999998
2011-07-22 23:00:00,0.3208399999999998
2011-07-25 23:00:00,0.3189999999999998
2011-07-26 23:00:00,0.3232199999999998
2011-07-27 23:00:00,0.3174799999999998
2011-07-28 23:00:00,0.3173999999999998
2011-07-29 23:00:00,0.3198399999999998
2011-08-01 23:00:00,0.3169999999999998
2011-08-02 23:00:00,0.3128799999999997
2011-08-03 23:00:00,0.3159799999999997
2011-08-04 23:00:00,0.3103399999999998
2011-08-05 23:00:00,0.3143199999999997
2011-08-08 23:00:00,0.3089599999999998
2011-08-09 23:00:00,0.3064199999999998
2011-08-10 23:00:00,0.3011199999999998
2011-08-11 23:00:00,0.3044599999999998
2011-08-12 23:00:00,0.3044399999999997
2011-08-15 23:00:00,0.3097199999999998
2011-08-16 23:00:00,0.3077799999999998
2011-08-17 23:00:00,0.3102199999999998
2011-08-18 23:00:00,0.3031799999999998
2011-08-19 23:00:00,0.3043599999999998
2011-08-22 23:00:00,0.3058799999999997
2011-08-23 23:00:00,0.3091399999999998
2011-08-24 23:00:00,0.3072399999999998
2011-08-25 23:00:00,0.3062799999999998
2011-08-26 23:00:00,0.3102799999999998
2011-08-29 23:00:00,0.3103399999999998
2011-08-30 23:00:00,0.3092199999999998
2011-08-31 23:00:00,0.3092199999999998
2011-09-01 23:00:00,0.3063999999999998
2011-09-02 23:00:00,0.3000199999999998
2011-09-06 23:00:00,0.2918399999999998
2011-09-07 23:00:00,0.2969199999999998
2011-09-08 23:00:00,0.2875599999999997
2011-09-09 23:00:00,0.2801399999999998
2011-09-12 23:00:00,0.2752999999999998
2011-09-13 23:00:00,0.2785999999999998
2011-09-14 23:00:00,0.2754999999999998
2011-09-15 23:00:00,0.2830599999999998
2011-09-16 23:00:00,0.2826799999999997
2011-09-19 23:00:00,0.2744799999999998
2011-09-20 23:00:00,0.2743999999999998
2011-09-21 23:00:00,0.2703399999999998
2011-09-22 23:00:00,0.2604399999999998
2011-09-23 23:00:00,0.2692599999999998
2011-09-26 23:00:00,0.2659999999999998
2011-09-27 23:00:00,0.2738799999999997
2011-09-28 23:00:00,0.2668599999999998
2011-09-29 23:00:00,0.2674399999999998
2011-09-30 23:00:00,0.2657999999999997
2011-10-03 23:00:00,0.2615599999999997
2011-10-04 23:00:00,0.2622799999999998
2011-10-05 23:00:00,0.2676599999999998
2011-10-06 23:00:00,0.2686399999999998
2011-10-07 23:00:00,0.2677799999999997
2011-10-11 23:00:00,0.2789199999999998
2011-10-12 23:00:00,0.2840199999999998
2011-10-13 23:00:00,0.2830799999999998
2011-10-14 23:00:00,0.2849199999999998
2011-10-17 23:00:00,0.2774199999999998
2011-10-18 23:00:00,0.2782999999999998
2011-10-19 23:00:00,0.2779599999999998
2011-10-20 23:00:00,0.2750799999999998
2011-10-21 23:00:00,0.2774999999999998
2011-10-24 23:00:00,0.2822399999999997
2011-10-25 23:00:00,0.2815799999999998
2011-10-26 23:00:00,0.2796599999999997
2011-10-27 23:00:00,0.2935199999999998
2011-10-28 23:00:00,0.2891799999999998
2011-10-31 23:00:00,0.2801599999999998
2011-11-01 23:00:00,0.2716799999999997
2011-11-02 23:00:00,0.2778199999999998
2011-11-03 23:00:00,0.2816599999999997
2011-11-04 23:00:00,0.2784199999999998
2011-11-07 23:00:00,0.2782199999999997
2011-11-08 23:00:00,0.2818399999999998
2011-11-09 23:00:00,0.2714399999999998
2011-11-10 23:00:00,0.2705599999999997
2011-11-14 23:00:00,0.2716399999999998
2011-11-15 23:00:00,0.2689999999999998
2011-11-16 23:00:00,0.2675399999999998
2011-11-17 23:00:00,0.2663599999999997
2011-11-18 23:00:00,0.2685799999999997
2011-11-21 23:00:00,0.2652799999999998
2011-11-22 23:00:00,0.2659599999999998
2011-11-23 23:00:00,0.2600999999999998
2011-11-25 23:00:00,0.2549599999999998
2011-11-28 23:00:00,0.2569599999999998
2011-11-29 23:00:00,0.2577399999999998
2011-11-30 23:00:00,0.2618399999999998
2011-12-01 23:00:00,0.2643799999999998
2011-12-02 23:00:00,0.2622999999999998
2011-12-05 23:00:00,0.2641999999999998
2011-12-06 23:00:00,0.2641599999999998
2011-12-07 23:00:00,0.2636199999999999
2011-12-08 23:00:00,0.2598999999999998
2011-12-09 23:00:00,0.2609599999999998
2011-12-12 23:00:00,0.2531399999999998
2011-12-13 23:00:00,0.2498799999999998
2011-12-14 23:00:00,0.2492999999999998
2011-12-15 23:00:00,0.2520799999999998
2011-12-16 23:00:00,0.2534999999999999
2011-12-19 23:00:00,0.2548399999999999
2011-12-20 23:00:00,0.2582399999999998
2011-12-21 23:00:00,0.2570799999999998
2011-12-22 23:00:00,0.2584199999999998
2011-12-23 23:00:00,0.2587199999999999
2011-12-27 23:00:00,0.2615999999999999
2011-12-28 23:00:00,0.2585999999999999
2011-12-29 23:00:00,0.2582399999999998
2011-12-30 23:00:00,0.2551199999999998
2012-01-03 23:00:00,0.2568799999999998
2012-01-04 23:00:00,0.2523599999999998
2012-01-05 23:00:00,0.2487399999999998
2012-01-06 23:00:00,0.2478399999999999
2012-01-09 23:00:00,0.2485199999999999
2012-01-10 23:00:00,0.2515599999999998
2012-01-11 23:00:00,0.2492999999999998
2012-01-12 23:00:00,0.2560599999999998
2012-01-13 23:00:00,0.2517599999999998
2012-01-17 23:00:00,0.2572399999999998
2012-01-18 23:00:00,0.2606399999999998
2012-01-19 23:00:00,0.2655999999999999
2012-01-20 23:00:00,0.2648999999999998
2012-01-23 23:00:00,0.2693399999999998
2012-01-24 23:00:00,0.2696599999999998
2012-01-25 23:00:00,0.2722199999999998
2012-01-26 23:00:00,0.2745599999999998
2012-01-27 23:00:00,0.2778199999999999
2012-01-30 23:00:00,0.2737799999999998
2012-01-31 23:00:00,0.2751799999999998
2012-02-01 23:00:00,0.2792399999999999
2012-02-02 23:00:00,0.2789599999999998
2012-02-03 23:00:00,0.2805799999999999
2012-02-06 23:00:00,0.2798199999999999
2012-02-07 23:00:00,0.2840599999999998
2012-02-08 23:00:00,0.2823199999999998
2012-02-09 23:00:00,0.2825399999999998
2012-02-10 23:00:00,0.2771799999999998
2012-02-13 23:00:00,0.2817999999999999
2012-02-14 23:00:00,0.2785599999999998
2012-02-15 23:00:00,0.2764599999999999
2012-02-16 23:00:00,0.2792199999999998
2012-02-17 23:00:00,0.2805799999999999
2012-02-21 23:00:00,0.2828599999999998
2012-02-22 23:00:00,0.2817399999999998
2012-02-23 23:00:00,0.2852399999999999
2012-02-24 23:00:00,0.2892799999999998
2012-02-27 23:00:00,0.2874399999999998
2012-02-28 23:00:00,0.2919599999999998
2012-02-29 23:00:00,0.2900799999999998
2012-03-01 23:00:00,0.2908799999999998
2012-03-02 23:00:00,0.2880599999999998
2012-03-05 23:00:00,0.2864399999999998
2012-03-06 23:00:00,0.2808199999999999
2012-03-07 23:00:00,0.2825199999999999
2012-03-08 23:00:00,0.2898599999999999
2012-03-09 23:00:00,0.2866599999999998
2012-03-12 23:00:00,0.2860199999999999
2012-03-13 23:00:00,0.2834999999999999
2012-03-14 23:00:00,0.2800599999999999
2012-03-15 23:00:00,0.2843799999999999
2012-03-16 23:00:00,0.2863399999999999
2012-03-19 23:00:00,0.2889399999999999
2012-03-20 23:00:00,0.2876199999999999
2012-03-21 23:00:00,0.2850599999999999
2012-03-22 23:00:00,0.2830599999999999
2012-03-23 23:00:00,0.2861999999999999
2012-03-26 23:00:00,0.2896599999999998
2012-03-27 23:00:00,0.2887999999999999
2012-03-28 23:00:00,0.2866199999999999
2012-03-29 23:00:00,0.2863399999999999
2012-03-30 23:00:00,0.2885399999999998
2012-04-02 23:00:00,0.2892599999999999
2012-04-03 23:00:00,0.2892799999999999
2012-04-04 23:00:00,0.2836599999999998
2012-04-05 23:00:00,0.2815999999999999
2012-04-09 23:00:00,0.2819999999999998
2012-04-10 23:00:00,0.2784199999999999
2012-04-11 23:00:00,0.2797599999999999
2012-04-12 23:00:00,0.2839199999999999
2012-04-13 23:00:00,0.2796799999999999
2012-04-16 23:00:00,0.2809199999999999
2012-04-17 23:00:00,0.2825799999999999
2012-04-18 23:00:00,0.2810199999999999
2012-04-19 23:00:00,0.2809799999999999
2012-04-20 23:00:00,0.2832199999999998
2012-04-23 23:00:00,0.2798199999999999
2012-04-24 23:00:00,0.2815399999999998
2012-04-25 23:00:00,0.2846999999999999
2012-04-26 23:00:00,0.2850599999999999
2012-04-27 23:00:00,0.2859799999999998
2012-04-30 23:00:00,0.2851999999999999
2012-05-01 23:00:00,0.2864399999999998
2012-05-02 23:00:00,0.2844199999999999
2012-05-03 23:00:00,0.2824999999999999
2012-05-04 23:00:00,0.2802599999999999
2012-05-07 23:00:00,0.2805799999999999
2012-05-08 23:00:00,0.2779799999999999
2012-05-09 23:00:00,0.2739799999999999
2012-05-10 23:00:00,0.2749599999999999
2012-05-11 23:00:00,0.2725999999999999
2012-05-14 23:00:00,0.2660999999999999
2012-05-15 23:00:00,0.2600399999999999
2012-05-16 23:00:00,0.2607399999999999
2012-05-17 23:00:00,0.2610199999999998
2012-05-18 23:00:00,0.2610799999999999
2012-05-21 23:00:00,0.2650399999999999
2012-05-22 23:00:00,0.2614199999999999
2012-05-23 23:00:00,0.2554799999999999
2012-05-24 23:00:00,0.2558199999999999
2012-05-25 23:00:00,0.2555599999999999
2012-05-29 23:00:00,0.2555599999999999
2012-05-30 23:00:00,0.2505599999999999
2012-05-31 23:00:00,0.2511999999999999
2012-06-01 23:00:00,0.2503199999999999
2012-06-04 23:00:00,0.2534799999999998
2012-06-05 23:00:00,0.2533799999999999
2012-06-06 23:00:00,0.2600399999999999
2012-06-07 23:00:00,0.2650599999999999
2012-06-08 23:00:00,0.2606799999999999
2012-06-11 23:00:00,0.2574199999999999
2012-06-12 23:00:00,0.2582399999999998
2012-06-13 23:00:00,0.2621999999999999
2012-06-14 23:00:00,0.2625399999999999
2012-06-15 23:00:00,0.2665799999999999
2012-06-18 23:00:00,0.2643599999999999
2012-06-19 23:00:00,0.2681399999999999
2012-06-20 23:00:00,0.2683799999999999
2012-06-21 23:00:00,0.2614999999999999
2012-06-22 23:00:00,0.26402
2012-06-25 23:00:00,0.2630999999999999
2012-06-26 23:00:00,0.2640399999999999
2012-06-27 23:00:00,0.2624599999999998
2012-06-28 23:00:00,0.2594199999999999
2012-06-29 23:00:00,0.2697999999999999
2012-07-02 23:00:00,0.2685599999999999
2012-07-03 23:00:00,0.2704199999999999
2012-07-05 23:00:00,0.2641199999999999
2012-07-06 23:00:00,0.2593599999999998
2012-07-09 23:00:00,0.2618599999999999
2012-07-10 23:00:00,0.2626399999999999
2012-07-11 23:00:00,0.2624399999999999
2012-07-12 23:00:00,0.2604599999999998
2012-07-13 23:00:00,0.2626599999999999
2012-07-16 23:00:00,0.2634999999999999
2012-07-17 23:00:00,0.2658199999999999
2012-07-18 23:00:00,0.2649399999999999
2012-07-19 23:00:00,0.2667199999999999
2012-07-20 23:00:00,0.2630799999999999
2012-07-23 23:00:00,0.2593399999999999
2012-07-24 23:00:00,0.2568999999999999
2012-07-25 23:00:00,0.2617999999999998
2012-07-26 23:00:00,0.2683199999999999
2012-07-27 23:00:00,0.2695799999999999
2012-07-30 23:00:00,0.2687999999999999
2012-07-31 23:00:00,0.2702799999999999
2012-08-01 23:00:00,0.2691999999999999
2012-08-02 23:00:00,0.2671399999999999
2012-08-03 23:00:00,0.2756399999999999
2012-08-06 23:00:00,0.2780999999999999
2012-08-07 23:00:00,0.2758999999999998
2012-08-08 23:00:00,0.2753599999999999
2012-08-09 23:00:00,0.2743999999999999
2012-08-10 23:00:00,0.2734199999999999
2012-08-13 23:00:00,0.27312
2012-08-14 23:00:00,0.2736599999999999
2012-08-15 23:00:00,0.2725399999999999
2012-08-16 23:00:00,0.2762599999999999
2012-08-17 23:00:00,0.2744599999999998
2012-08-20 23:00:00,0.2753799999999999
2012-08-21 23:00:00,0.2775199999999999
2012-08-22 23:00:00,0.2792599999999999
2012-08-23 23:00:00,0.2786199999999999
2012-08-24 23:00:00,0.2779399999999999
2012-08-27 23:00:00,0.2778199999999999
2012-08-28 23:00:00,0.2775999999999999
2012-08-29 23:00:00,0.2719599999999999
2012-08-30 23:00:00,0.2703399999999998
2012-08-31 23:00:00,0.2739199999999999
2012-09-04 23:00:00,0.2721799999999999
2012-09-05 23:00:00,0.2736399999999999
2012-09-06 23:00:00,0.2786199999999999
2012-09-07 23:00:00,0.2847
2012-09-10 23:00:00,0.2830799999999999
2012-09-11 23:00:00,0.2879399999999999
2012-09-12 23:00:00,0.2870799999999999
2012-09-13 23:00:00,0.2913199999999999
2012-09-14 23:00:00,0.2952399999999999
2012-09-17 23:00:00,0.29188
2012-09-18 23:00:00,0.2891599999999999
2012-09-19 23:00:00,0.2883199999999999
2012-09-20 23:00:00,0.2854399999999999
2012-09-21 23:00:00,0.2869599999999999
2012-09-24 23:00:00,0.2845799999999999
2012-09-25 23:00:00,0.28546
2012-09-26 23:00:00,0.28236
2012-09-27 23:00:00,0.2860999999999999
2012-09-28 23:00:00,0.2849599999999999
2012-10-01 23:00:00,0.2868599999999999
2012-10-02 23:00:00,0.2870599999999999
2012-10-03 23:00:00,0.2891799999999999
2012-10-04 23:00:00,0.2917199999999999
2012-10-05 23:00:00,0.2928399999999999
2012-10-09 23:00:00,0.2896399999999999
2012-10-10 23:00:00,0.2881599999999999
2012-10-11 23:00:00,0.2892599999999999
2012-10-12 23:00:00,0.2895399999999999
2012-10-15 23:00:00,0.2897199999999999
2012-10-16 23:00:00,0.2924999999999999
2012-10-17 23:00:00,0.2932599999999999
2012-10-18 23:00:00,0.2925199999999999
2012-10-19 23:00:00,0.2906399999999999
2012-10-22 23:00:00,0.2912599999999999
2012-10-23 23:00:00,0.288
2012-10-24 23:00:00,0.2859799999999999
2012-10-25 23:00:00,0.2859199999999999
2012-10-26 23:00:00,0.28644
2012-10-29 23:00:00,0.2849199999999999
2012-10-30 23:00:00,0.2880399999999999
2012-10-31 23:00:00,0.28756
2012-11-01 23:00:00,0.2882599999999999
2012-11-02 23:00:00,0.2859799999999999
2012-11-05 23:00:00,0.28522
2012-11-06 23:00:00,0.2854999999999999
2012-11-07 23:00:00,0.2825399999999999
2012-11-08 23:00:00,0.2801999999999999
2012-11-09 23:00:00,0.2802999999999999
2012-11-13 23:00:00,0.2781599999999999
2012-11-14 23:00:00,0.2802999999999999
2012-11-15 23:00:00,0.2817599999999999
2012-11-16 23:00:00,0.2807
2012-11-19 23:00:00,0.2849399999999999
2012-11-20 23:00:00,0.2858
2012-11-21 23:00:00,0.28644
2012-11-23 23:00:00,0.2905999999999999
2012-11-26 23:00:00,0.2909799999999999
2012-11-27 23:00:00,0.2908599999999999
2012-11-28 23:00:00,0.2902999999999999
2012-11-29 23:00:00,0.2923599999999999
2012-11-30 23:00:00,0.2920599999999999
2012-12-03 23:00:00,0.2913799999999999
2012-12-04 23:00:00,0.2922399999999999
2012-12-05 23:00:00,0.2928
2012-12-06 23:00:00,0.2893199999999999
2012-12-07 23:00:00,0.2890599999999999
2012-12-10 23:00:00,0.29044
2012-12-11 23:00:00,0.29378
2012-12-12 23:00:00,0.29544
2012-12-13 23:00:00,0.29478
2012-12-14 23:00:00,0.29812
2012-12-17 23:00:00,0.2972999999999999
2012-12-18 23:00:00,0.3
2012-12-19 23:00:00,0.3006999999999999
2012-12-20 23:00:00,0.3022599999999999
2012-12-21 23:00:00,0.2986399999999999
2012-12-24 23:00:00,0.2988199999999999
2012-12-26 23:00:00,0.2973399999999999
2012-12-27 23:00:00,0.30102
2012-12-28 23:00:00,0.3005999999999999
2012-12-31 23:00:00,0.2992799999999999
2013-01-02 23:00:00,0.30002
2013-01-03 23:00:00,0.29534
2013-01-04 23:00:00,0.2937999999999999
2013-01-07 23:00:00,0.2944599999999999
2013-01-08 23:00:00,0.2946199999999999
2013-01-09 23:00:00,0.29644
2013-01-10 23:00:00,0.3006199999999999
2013-01-11 23:00:00,0.3010799999999999
2013-01-14 23:00:00,0.3021
2013-01-15 23:00:00,0.2999599999999999
2013-01-16 23:00:00,0.2992799999999999
2013-01-17 23:00:00,0.3025999999999999
2013-01-18 23:00:00,0.2975799999999999
2013-01-22 23:00:00,0.2958199999999999
2013-01-23 23:00:00,0.2962999999999999
2013-01-24 23:00:00,0.2963999999999999
2013-01-25 23:00:00,0.3
2013-01-28 23:00:00,0.2975399999999999
2013-01-29 23:00:00,0.29912
2013-01-30 23:00:00,0.3004599999999999
2013-01-31 23:00:00,0.3006799999999999
2013-02-01 23:00:00,0.30498
2013-02-04 23:00:00,0.3008599999999999
2013-02-05 23:00:00,0.3024599999999999
2013-02-06 23:00:00,0.3009399999999999
2013-02-07 23:00:00,0.29866
2013-02-08 23:00:00,0.2994199999999999
2013-02-11 23:00:00,0.3000399999999999
2013-02-12 23:00:00,0.2992599999999999
2013-02-13 23:00:00,0.3009799999999999
2013-02-14 23:00:00,0.2971799999999999
2013-02-15 23:00:00,0.2964999999999999
2013-02-19 23:00:00,0.2989399999999999
2013-02-20 23:00:00,0.2967399999999999
2013-02-21 23:00:00,0.2935799999999999
2013-02-22 23:00:00,0.2944199999999999
2013-02-25 23:00:00,0.2940799999999999
2013-02-26 23:00:00,0.2911999999999999
2013-02-27 23:00:00,0.2933599999999999
2013-02-28 23:00:00,0.2929599999999999
2013-03-01 23:00:00,0.29312
2013-03-04 23:00:00,0.29278
2013-03-05 23:00:00,0.2940599999999999
2013-03-06 23:00:00,0.2917599999999999
2013-03-07 23:00:00,0.2942399999999999
2013-03-08 23:00:00,0.2931599999999999
2013-03-11 23:00:00,0.2931999999999998
2013-03-12 23:00:00,0.2927399999999999
2013-03-13 23:00:00,0.2915399999999998
2013-03-14 23:00:00,0.2911999999999998
2013-03-15 23:00:00,0.2934999999999999
2013-03-18 23:00:00,0.2904599999999999
2013-03-19 23:00:00,0.2877399999999999
2013-03-20 23:00:00,0.2888799999999998
2013-03-21 23:00:00,0.2869999999999998
2013-03-22 23:00:00,0.2902999999999998
2013-03-25 23:00:00,0.2876799999999999
2013-03-26 23:00:00,0.2864399999999998
2013-03-27 23:00:00,0.2842799999999999
2013-03-28 23:00:00,0.2859199999999999
2013-04-01 23:00:00,0.2865799999999999
2013-04-02 23:00:00,0.2850999999999998
2013-04-03 23:00:00,0.2851399999999999
2013-04-04 23:00:00,0.2884599999999999
2013-04-05 23:00:00,0.2923799999999999
2013-04-08 23:00:00,0.2944799999999999
2013-04-09 23:00:00,0.2977399999999998
2013-04-10 23:00:00,0.2979399999999999
2013-04-11 23:00:00,0.2983799999999999
2013-04-12 23:00:00,0.2984399999999998
2013-04-15 23:00:00,0.2965399999999998
2013-04-16 23:00:00,0.3004399999999999
2013-04-17 23:00:00,0.2955799999999999
2013-04-18 23:00:00,0.2964399999999998
2013-04-19 23:00:00,0.2978799999999998
2013-04-22 23:00:00,0.2976399999999998
2013-04-23 23:00:00,0.2932799999999999
2013-04-24 23:00:00,0.2935799999999999
2013-04-25 23:00:00,0.2932199999999998
2013-04-26 23:00:00,0.2930399999999999
2013-04-29 23:00:00,0.2960599999999999
2013-04-30 23:00:00,0.2962399999999999
2013-05-01 23:00:00,0.2970799999999998
2013-05-02 23:00:00,0.2952599999999999
2013-05-03 23:00:00,0.2964599999999999
2013-05-06 23:00:00,0.2950599999999999
2013-05-07 23:00:00,0.2959399999999999
2013-05-08 23:00:00,0.2983399999999999
2013-05-09 23:00:00,0.2950999999999998
2013-05-10 23:00:00,0.2934399999999998
2013-05-13 23:00:00,0.2920399999999999
2013-05-14 23:00:00,0.2907999999999999
2013-05-15 23:00:00,0.2879799999999998
2013-05-16 23:00:00,0.2885399999999998
2013-05-17 23:00:00,0.2876399999999998
2013-05-20 23:00:00,0.2884799999999999
2013-05-21 23:00:00,0.2886999999999999
2013-05-22 23:00:00,0.2869199999999999
2013-05-23 23:00:00,0.2882399999999999
2013-05-24 23:00:00,0.2880599999999999
2013-05-28 23:00:00,0.2874199999999999
2013-05-29 23:00:00,0.2851199999999999
2013-05-30 23:00:00,0.2855599999999998
2013-05-31 23:00:00,0.2842799999999999
2013-06-03 23:00:00,0.2878599999999999
2013-06-04 23:00:00,0.2893799999999999
2013-06-05 23:00:00,0.2855599999999998
2013-06-06 23:00:00,0.2885999999999999
2013-06-07 23:00:00,0.2925599999999999
2013-06-10 23:00:00,0.2917999999999999
2013-06-11 23:00:00,0.2926199999999999
2013-06-12 23:00:00,0.2931399999999999
2013-06-13 23:00:00,0.2965399999999998
2013-06-14 23:00:00,0.2947999999999999
2013-06-17 23:00:00,0.2957799999999999
2013-06-18 23:00:00,0.2953999999999998
2013-06-19 23:00:00,0.2911399999999999
2013-06-20 23:00:00,0.2843599999999999
2013-06-21 23:00:00,0.2840199999999999
2013-06-24 23:00:00,0.2839199999999999
2013-06-25 23:00:00,0.2830599999999999
2013-06-26 23:00:00,0.2806399999999998
2013-06-27 23:00:00,0.2829799999999998
2013-06-28 23:00:00,0.2821999999999998
2013-07-01 23:00:00,0.2827799999999998
2013-07-02 23:00:00,0.2801999999999998
2013-07-03 23:00:00,0.2830599999999999
2013-07-05 23:00:00,0.2792599999999999
2013-07-08 23:00:00,0.2797999999999999
2013-07-09 23:00:00,0.2772399999999999
2013-07-10 23:00:00,0.2781999999999998
2013-07-11 23:00:00,0.2849599999999998
2013-07-12 23:00:00,0.2854799999999999
2013-07-15 23:00:00,0.2859799999999998
2013-07-16 23:00:00,0.2908199999999999
2013-07-17 23:00:00,0.2903399999999999
2013-07-18 23:00:00,0.2903199999999998
2013-07-19 23:00:00,0.2918399999999998
2013-07-22 23:00:00,0.2946199999999999
2013-07-23 23:00:00,0.2965799999999999
2013-07-24 23:00:00,0.2936199999999999
2013-07-25 23:00:00,0.2938799999999998
2013-07-26 23:00:00,0.2954599999999999
2013-07-29 23:00:00,0.2969999999999999
2013-07-30 23:00:00,0.2954799999999999
2013-07-31 23:00:00,0.2955799999999999
2013-08-01 23:00:00,0.2917599999999998
2013-08-02 23:00:00,0.2956399999999998
2013-08-05 23:00:00,0.2965199999999998
2013-08-06 23:00:00,0.2981599999999999
2013-08-07 23:00:00,0.2983199999999998
2013-08-08 23:00:00,0.3012599999999999
2013-08-09 23:00:00,0.3006399999999998
2013-08-12 23:00:00,0.2993999999999998
2013-08-13 23:00:00,0.2980399999999999
2013-08-14 23:00:00,0.2972599999999999
2013-08-15 23:00:00,0.2978399999999998
2013-08-16 23:00:00,0.2971599999999999
2013-08-19 23:00:00,0.2960799999999998
2013-08-20 23:00:00,0.2992999999999998
2013-08-21 23:00:00,0.2976599999999998
2013-08-22 23:00:00,0.2965999999999999
2013-08-23 23:00:00,0.2985199999999998
2013-08-26 23:00:00,0.2982999999999998
2013-08-27 23:00:00,0.2971199999999999
2013-08-28 23:00:00,0.2937999999999999
2013-08-29 23:00:00,0.2913599999999999
2013-08-30 23:00:00,0.2915199999999999
2013-09-03 23:00:00,0.2904199999999998
2013-09-04 23:00:00,0.2910399999999999
2013-09-05 23:00:00,0.2872399999999999
2013-09-06 23:00:00,0.2904999999999999
2013-09-09 23:00:00,0.2928999999999999
2013-09-10 23:00:00,0.2949199999999999
2013-09-11 23:00:00,0.2982399999999999
2013-09-12 23:00:00,0.2978999999999999
2013-09-13 23:00:00,0.2990199999999999
2013-09-16 23:00:00,0.2998799999999998
2013-09-17 23:00:00,0.2995599999999999
2013-09-18 23:00:00,0.3070399999999999
2013-09-19 23:00:00,0.3044799999999999
2013-09-20 23:00:00,0.3022599999999999
2013-09-23 23:00:00,0.3020399999999999
2013-09-24 23:00:00,0.3028199999999999
2013-09-25 23:00:00,0.3032199999999999
2013-09-26 23:00:00,0.3015999999999999
2013-09-27 23:00:00,0.3028799999999998
2013-09-30 23:00:00,0.3029399999999999
2013-10-01 23:00:00,0.3038999999999999
2013-10-02 23:00:00,0.3050399999999999
2013-10-03 23:00:00,0.3073199999999998
2013-10-04 23:00:00,0.3055599999999999
2013-10-07 23:00:00,0.3066199999999999
2013-10-08 23:00:00,0.3062199999999999
2013-10-09 23:00:00,0.3050599999999999
2013-10-10 23:00:00,0.3064199999999998
2013-10-11 23:00:00,0.3066399999999998
2013-10-15 23:00:00,0.3069999999999999
2013-10-16 23:00:00,0.3078999999999999
2013-10-17 23:00:00,0.3112599999999999
2013-10-18 23:00:00,0.3111799999999999
2013-10-21 23:00:00,0.3109599999999999
2013-10-22 23:00:00,0.3141999999999998
2013-10-23 23:00:00,0.3127399999999998
2013-10-24 23:00:00,0.3131199999999999
2013-10-25 23:00:00,0.3133399999999999
2013-10-28 23:00:00,0.3131999999999998
2013-10-29 23:00:00,0.3116999999999999
2013-10-30 23:00:00,0.3117199999999999
2013-10-31 23:00:00,0.3084999999999999
2013-11-01 23:00:00,0.3050399999999999
2013-11-04 23:00:00,0.3066599999999999
2013-11-05 23:00:00,0.3055799999999999
2013-11-06 23:00:00,0.3074799999999999
2013-11-07 23:00:00,0.3038399999999999
2013-11-08 23:00:00,0.3028199999999999
2013-11-12 23:00:00,0.3027199999999999
2013-11-13 23:00:00,0.3039399999999999
2013-11-14 23:00:00,0.3043799999999999
2013-11-15 23:00:00,0.3056399999999998
2013-11-18 23:00:00,0.3073399999999999
2013-11-19 23:00:00,0.3074399999999999
2013-11-20 23:00:00,0.3040999999999998
2013-11-21 23:00:00,0.3043999999999999
2013-11-22 23:00:00,0.3066399999999998
2013-11-25 23:00:00,0.3061599999999999
2013-11-26 23:00:00,0.3066599999999999
2013-11-27 23:00:00,0.3065599999999999
2013-11-29 23:00:00,0.3076599999999999
2013-12-02 23:00:00,0.3063199999999998
2013-12-03 23:00:00,0.3075599999999999
2013-12-04 23:00:00,0.3073399999999999
2013-12-05 23:00:00,0.3100399999999999
2013-12-06 23:00:00,0.3112599999999999
2013-12-09 23:00:00,0.3123599999999999
2013-12-10 23:00:00,0.3136399999999998
2013-12-11 23:00:00,0.3140599999999998
2013-12-12 23:00:00,0.3128199999999998
2013-12-13 23:00:00,0.3126999999999999
2013-12-16 23:00:00,0.3138999999999999
2013-12-17 23:00:00,0.3137399999999998
2013-12-18 23:00:00,0.3137399999999998
2013-12-19 23:00:00,0.3126999999999999
2013-12-20 23:00:00,0.3131199999999999
2013-12-23 23:00:00,0.3138799999999999
2013-12-24 23:00:00,0.3146799999999999
2013-12-26 23:00:00,0.3153199999999999
2013-12-27 23:00:00,0.3162999999999998
2013-12-30 23:00:00,0.3173399999999999
2013-12-31 23:00:00,0.3161999999999998
2014-01-02 23:00:00,0.3125399999999999
2014-01-03 23:00:00,0.3110399999999999
2014-01-06 23:00:00,0.3114399999999999
2014-01-07 23:00:00,0.3107599999999998
2014-01-08 23:00:00,0.3095199999999998
2014-01-09 23:00:00,0.3100799999999999
2014-01-10 23:00:00,0.3140599999999998
2014-01-13 23:00:00,0.3136199999999998
2014-01-14 23:00:00,0.3149799999999998
2014-01-15 23:00:00,0.3117799999999999
2014-01-16 23:00:00,0.3113399999999999
2014-01-17 23:00:00,0.3097199999999999
2014-01-21 23:00:00,0.3103999999999998
2014-01-22 23:00:00,0.3104599999999999
2014-01-23 23:00:00,0.3124599999999999
2014-01-24 23:00:00,0.3108199999999999
2014-01-27 23:00:00,0.3098199999999999
2014-01-28 23:00:00,0.3099399999999999
2014-01-29 23:00:00,0.3088799999999999
2014-01-30 23:00:00,0.3055799999999999
2014-01-31 23:00:00,0.3024199999999998
2014-02-03 23:00:00,0.3034399999999999
2014-02-04 23:00:00,0.3065999999999999
2014-02-05 23:00:00,0.3084199999999998
2014-02-06 23:00:00,0.3103999999999998
2014-02-07 23:00:00,0.3116799999999999
2014-02-10 23:00:00,0.3114999999999999
2014-02-11 23:00:00,0.3122599999999999
2014-02-12 23:00:00,0.3120599999999999
2014-02-13 23:00:00,0.3141799999999999
2014-02-14 23:00:00,0.3158999999999999
2014-02-18 23:00:00,0.3172999999999998
2014-02-19 23:00:00,0.3153399999999999
2014-02-20 23:00:00,0.3145999999999999
2014-02-21 23:00:00,0.3166199999999998
2014-02-24 23:00:00,0.3161399999999999
2014-02-25 23:00:00,0.3166399999999998
2014-02-26 23:00:00,0.3133799999999999
2014-02-27 23:00:00,0.3153599999999999
2014-02-28 23:00:00,0.3181199999999999
2014-03-03 23:00:00,0.3109999999999999
2014-03-04 23:00:00,0.3135399999999999
2014-03-05 23:00:00,0.3141399999999999
2014-03-06 23:00:00,0.3174799999999999
2014-03-07 23:00:00,0.3158599999999998
2014-03-10 23:00:00,0.3150999999999999
2014-03-11 23:00:00,0.3143199999999999
2014-03-12 23:00:00,0.3151599999999999
2014-03-13 23:00:00,0.3134799999999999
2014-03-14 23:00:00,0.3152999999999998
2014-03-17 23:00:00,0.3156399999999998
2014-03-18 23:00:00,0.3168999999999999
2014-03-19 23:00:00,0.3167399999999998
2014-03-20 23:00:00,0.3148199999999999
2014-03-21 23:00:00,0.3147999999999999
2014-03-24 23:00:00,0.3163599999999999
2014-03-25 23:00:00,0.3164199999999998
2014-03-26 23:00:00,0.3157399999999998
2014-03-27 23:00:00,0.3163599999999999
2014-03-28 23:00:00,0.3160999999999999
2014-03-31 23:00:00,0.3168999999999999
2014-04-01 23:00:00,0.3170599999999999
2014-04-02 23:00:00,0.3165799999999999
2014-04-03 23:00:00,0.3159599999999998
2014-04-04 23:00:00,0.3157599999999999
2014-04-07 23:00:00,0.3160599999999999
2014-04-08 23:00:00,0.3176999999999999
2014-04-09 23:00:00,0.3191799999999998
2014-04-10 23:00:00,0.3193399999999999
2014-04-11 23:00:00,0.3191999999999999
2014-04-14 23:00:00,0.3176399999999998
2014-04-15 23:00:00,0.3164799999999999
2014-04-16 23:00:00,0.3166799999999999
2014-04-17 23:00:00,0.3170999999999999
2014-04-21 23:00:00,0.3167999999999999
2014-04-22 23:00:00,0.3161399999999999
2014-04-23 23:00:00,0.3167199999999999
2014-04-24 23:00:00,0.3163799999999999
2014-04-25 23:00:00,0.3155199999999998
2014-04-28 23:00:00,0.3163599999999999
2014-04-29 23:00:00,0.3161599999999999
2014-04-30 23:00:00,0.3172199999999999
2014-05-01 23:00:00,0.3177999999999999
2014-05-02 23:00:00,0.3170599999999999
2014-05-05 23:00:00,0.3171799999999998
2014-05-06 23:00:00,0.3190399999999999
2014-05-07 23:00:00,0.3194799999999999
2014-05-08 23:00:00,0.3184999999999998
2014-05-09 23:00:00,0.3160399999999999
2014-05-12 23:00:00,0.3163999999999998
2014-05-13 23:00:00,0.3148399999999998
2014-05-14 23:00:00,0.3145799999999999
2014-05-15 23:00:00,0.3144999999999998
2014-05-16 23:00:00,0.3143199999999999
2014-05-19 23:00:00,0.3148199999999999
2014-05-20 23:00:00,0.3144599999999999
2014-05-21 23:00:00,0.3148199999999999
2014-05-22 23:00:00,0.3157599999999999
2014-05-23 23:00:00,0.3152999999999998
2014-05-27 23:00:00,0.3151799999999998
2014-05-28 23:00:00,0.3147999999999999
2014-05-29 23:00:00,0.3163999999999998
2014-05-30 23:00:00,0.3171999999999998
2014-06-02 23:00:00,0.3159599999999998
2014-06-03 23:00:00,0.3156599999999999
2014-06-04 23:00:00,0.3170199999999999
2014-06-05 23:00:00,0.3184199999999998
2014-06-06 23:00:00,0.3210399999999999
2014-06-09 23:00:00,0.3188799999999999
2014-06-10 23:00:00,0.3176399999999998
2014-06-11 23:00:00,0.3174399999999999
2014-06-12 23:00:00,0.3175199999999999
2014-06-13 23:00:00,0.3167199999999999
2014-06-16 23:00:00,0.3154799999999999
2014-06-17 23:00:00,0.3146999999999999
2014-06-18 23:00:00,0.3162599999999999
2014-06-19 23:00:00,0.3162599999999999
2014-06-20 23:00:00,0.3147199999999999
2014-06-23 23:00:00,0.3151199999999999
2014-06-24 23:00:00,0.3156399999999998
2014-06-25 23:00:00,0.3173399999999999
2014-06-26 23:00:00,0.3160399999999999
2014-06-27 23:00:00,0.3164999999999999
2014-06-30 23:00:00,0.3176399999999998
2014-07-01 23:00:00,0.3171199999999999
2014-07-02 23:00:00,0.3178199999999999
2014-07-03 23:00:00,0.3169999999999999
2014-07-07 23:00:00,0.3167999999999999
2014-07-08 23:00:00,0.3179199999999999
2014-07-09 23:00:00,0.3192599999999999
2014-07-10 23:00:00,0.3169599999999999
2014-07-11 23:00:00,0.3172599999999999
2014-07-14 23:00:00,0.3175599999999999
2014-07-15 23:00:00,0.3165799999999999
2014-07-16 23:00:00,0.3160199999999999
2014-07-17 23:00:00,0.3145799999999999
2014-07-18 23:00:00,0.3147199999999999
2014-07-21 23:00:00,0.3148399999999999
2014-07-22 23:00:00,0.3140799999999999
2014-07-23 23:00:00,0.3141799999999999
2014-07-24 23:00:00,0.3140799999999999
2014-07-25 23:00:00,0.3128799999999999
2014-07-28 23:00:00,0.3130199999999999
2014-07-29 23:00:00,0.3120199999999999
2014-07-30 23:00:00,0.3110199999999999
2014-07-31 23:00:00,0.3094999999999999
2014-08-01 23:00:00,0.3098599999999999
2014-08-04 23:00:00,0.3104399999999999
2014-08-05 23:00:00,0.3083999999999999
2014-08-06 23:00:00,0.3077599999999998
2014-08-07 23:00:00,0.3061199999999999
2014-08-08 23:00:00,0.3085999999999999
2014-08-11 23:00:00,0.3076999999999999
2014-08-12 23:00:00,0.30732
2014-08-13 23:00:00,0.3083799999999999
2014-08-14 23:00:00,0.3091799999999999
2014-08-15 23:00:00,0.3078799999999999
2014-08-18 23:00:00,0.3085799999999999
2014-08-19 23:00:00,0.3075599999999999
2014-08-20 23:00:00,0.3055999999999999
2014-08-21 23:00:00,0.3065999999999999
2014-08-22 23:00:00,0.3055199999999999
2014-08-25 23:00:00,0.3048599999999999
2014-08-26 23:00:00,0.3035199999999999
2014-08-27 23:00:00,0.3037799999999999
2014-08-28 23:00:00,0.3015999999999999
2014-08-29 23:00:00,0.3014199999999999
2014-09-02 23:00:00,0.3014199999999999
2014-09-03 23:00:00,0.3029399999999999
2014-09-04 23:00:00,0.2984999999999999
2014-09-05 23:00:00,0.2997199999999999
2014-09-08 23:00:00,0.2983799999999999
2014-09-09 23:00:00,0.2970399999999999
2014-09-10 23:00:00,0.29734
2014-09-11 23:00:00,0.29778
2014-09-12 23:00:00,0.29788
2014-09-15 23:00:00,0.298
2014-09-16 23:00:00,0.29934
2014-09-17 23:00:00,0.2988399999999999
2014-09-18 23:00:00,0.29746
2014-09-19 23:00:00,0.2968599999999999
2014-09-22 23:00:00,0.2971599999999999
2014-09-23 23:00:00,0.2979599999999999
2014-09-24 23:00:00,0.29636
2014-09-25 23:00:00,0.2951999999999999
2014-09-26 23:00:00,0.2934999999999999
2014-09-29 23:00:00,0.2939
2014-09-30 23:00:00,0.2923399999999999
2014-10-01 23:00:00,0.29224
2014-10-02 23:00:00,0.29366
2014-10-03 23:00:00,0.2887599999999999
2014-10-06 23:00:00,0.29236
2014-10-07 23:00:00,0.2929
2014-10-08 23:00:00,0.2949199999999999
2014-10-09 23:00:00,0.2939599999999999
2014-10-10 23:00:00,0.29156
2014-10-14 23:00:00,0.2913799999999999
2014-10-15 23:00:00,0.29322
2014-10-16 23:00:00,0.29324
2014-10-17 23:00:00,0.2933999999999999
2014-10-20 23:00:00,0.2935999999999999
2014-10-21 23:00:00,0.2920999999999999
2014-10-22 23:00:00,0.2894999999999999
2014-10-23 23:00:00,0.2899399999999999
2014-10-24 23:00:00,0.2912799999999999
2014-10-27 23:00:00,0.29144
2014-10-28 23:00:00,0.29266
2014-10-29 23:00:00,0.2900399999999999
2014-10-30 23:00:00,0.2901599999999999
2014-10-31 23:00:00,0.2874799999999999
2014-11-03 23:00:00,0.28634
2014-11-04 23:00:00,0.2879199999999999
2014-11-05 23:00:00,0.2859
2014-11-06 23:00:00,0.2844999999999999
2014-11-07 23:00:00,0.28522
2014-11-10 23:00:00,0.28526
2014-11-12 23:00:00,0.2856
2014-11-13 23:00:00,0.2855399999999999
2014-11-14 23:00:00,0.2870999999999999
2014-11-17 23:00:00,0.2858399999999999
2014-11-18 23:00:00,0.28844
2014-11-19 23:00:00,0.28824
2014-11-20 23:00:00,0.2889399999999999
2014-11-21 23:00:00,0.2857599999999999
2014-11-24 23:00:00,0.28726
2014-11-25 23:00:00,0.2897199999999999
2014-11-26 23:00:00,0.2905399999999999
2014-11-28 23:00:00,0.28846
2014-12-01 23:00:00,0.29
2014-12-02 23:00:00,0.28856
2014-12-03 23:00:00,0.2876
2014-12-04 23:00:00,0.2885399999999999
2014-12-05 23:00:00,0.28678
2014-12-08 23:00:00,0.2875199999999999
2014-12-09 23:00:00,0.2890199999999999
2014-12-10 23:00:00,0.2892599999999999
2014-12-11 23:00:00,0.2879199999999999
2014-12-12 23:00:00,0.289
2014-12-15 23:00:00,0.2883999999999999
2014-12-16 23:00:00,0.2876599999999999
2014-12-17 23:00:00,0.283
2014-12-18 23:00:00,0.2802599999999999
2014-12-19 23:00:00,0.27824
2014-12-22 23:00:00,0.27814
2014-12-23 23:00:00,0.27468
2014-12-24 23:00:00,0.2723999999999999
2014-12-26 23:00:00,0.2687799999999998
2014-12-29 23:00:00,0.2733799999999999
2014-12-30 23:00:00,0.2751999999999999
2014-12-31 23:00:00,0.2740399999999999
2015-01-02 23:00:00,0.2733799999999999
2015-01-05 23:00:00,0.2697599999999999
2015-01-06 23:00:00,0.2675799999999999
2015-01-07 23:00:00,0.2672599999999999
2015-01-08 23:00:00,0.2669399999999999
2015-01-09 23:00:00,0.2689599999999999
2015-01-12 23:00:00,0.2685399999999999
2015-01-13 23:00:00,0.26646
2015-01-14 23:00:00,0.2683799999999999
2015-01-15 23:00:00,0.2607599999999999
2015-01-16 23:00:00,0.2605999999999999
2015-01-20 23:00:00,0.2586599999999999
2015-01-21 23:00:00,0.2611799999999999
2015-01-22 23:00:00,0.2595199999999999
2015-01-23 23:00:00,0.2593999999999999
2015-01-26 23:00:00,0.2591799999999999
2015-01-27 23:00:00,0.2602999999999999
2015-01-28 23:00:00,0.2581799999999999
2015-01-29 23:00:00,0.2604799999999999
2015-01-30 23:00:00,0.26204
2015-02-02 23:00:00,0.26304
2015-02-03 23:00:00,0.2673399999999999
2015-02-04 23:00:00,0.2663799999999999
2015-02-05 23:00:00,0.2672799999999999
2015-02-06 23:00:00,0.2641999999999999
2015-02-09 23:00:00,0.2628
2015-02-10 23:00:00,0.2613199999999999
2015-02-11 23:00:00,0.2604799999999999
2015-02-12 23:00:00,0.2659399999999999
2015-02-13 23:00:00,0.2645599999999999
2015-02-17 23:00:00,0.26446
2015-02-18 23:00:00,0.2640999999999999
2015-02-19 23:00:00,0.2646399999999999
2015-02-20 23:00:00,0.2658199999999999
2015-02-23 23:00:00,0.2633799999999999
2015-02-24 23:00:00,0.2648199999999999
2015-02-25 23:00:00,0.2653599999999999
2015-02-26 23:00:00,0.2620999999999999
2015-02-27 23:00:00,0.26204
2015-03-02 23:00:00,0.2613999999999999
2015-03-03 23:00:00,0.2605599999999999
2015-03-04 23:00:00,0.2592799999999999
2015-03-05 23:00:00,0.25858
2015-03-06 23:00:00,0.2553999999999999
2015-03-09 23:00:00,0.2561399999999998
2015-03-10 23:00:00,0.2495199999999999
2015-03-11 23:00:00,0.2479999999999999
2015-03-12 23:00:00,0.2484999999999999
2015-03-13 23:00:00,0.2447999999999999
2015-03-16 23:00:00,0.2489799999999999
2015-03-17 23:00:00,0.2484799999999999
2015-03-18 23:00:00,0.2523999999999999
2015-03-19 23:00:00,0.2498199999999999
2015-03-20 23:00:00,0.2540399999999999
2015-03-23 23:00:00,0.2589799999999999
2015-03-24 23:00:00,0.2592999999999999
2015-03-25 23:00:00,0.2604999999999999
2015-03-26 23:00:00,0.2586799999999998
2015-03-27 23:00:00,0.2584799999999999
2015-03-30 23:00:00,0.2573799999999999
2015-03-31 23:00:00,0.2562599999999999
2015-04-01 23:00:00,0.2580199999999998
2015-04-02 23:00:00,0.2602799999999999
2015-04-03 23:00:00,0.2597799999999999
2015-04-06 23:00:00,0.2618999999999999
2015-04-07 23:00:00,0.2603199999999999
2015-04-08 23:00:00,0.2620199999999998
2015-04-09 23:00:00,0.2570799999999999
2015-04-10 23:00:00,0.2562999999999999
2015-04-13 23:00:00,0.2565999999999999
2015-04-14 23:00:00,0.2580999999999999
2015-04-15 23:00:00,0.2582399999999998
2015-04-16 23:00:00,0.2610399999999999
2015-04-17 23:00:00,0.2608
2015-04-20 23:00:00,0.2613999999999999
2015-04-21 23:00:00,0.2616799999999998
2015-04-22 23:00:00,0.2620199999999998
2015-04-23 23:00:00,0.2634399999999999
2015-04-24 23:00:00,0.2616999999999999
2015-04-27 23:00:00,0.2655399999999999
2015-04-28 23:00:00,0.2673799999999999
2015-04-29 23:00:00,0.2697999999999999
2015-04-30 23:00:00,0.2710199999999998
2015-05-01 23:00:00,0.2676399999999999
2015-05-04 23:00:00,0.2691199999999998
2015-05-05 23:00:00,0.2705599999999999
2015-05-06 23:00:00,0.2734799999999999
2015-05-07 23:00:00,0.2712999999999999
2015-05-08 23:00:00,0.2697999999999999
2015-05-11 23:00:00,0.2665399999999999
2015-05-12 23:00:00,0.2666599999999999
2015-05-13 23:00:00,0.2702199999999999
2015-05-14 23:00:00,0.2732599999999999
2015-05-15 23:00:00,0.2763999999999999
2015-05-18 23:00:00,0.2704799999999999
2015-05-19 23:00:00,0.2685399999999999
2015-05-20 23:00:00,0.2656999999999999
2015-05-21 23:00:00,0.2647799999999999
2015-05-22 23:00:00,0.2616799999999998
2015-05-26 23:00:00,0.2548599999999999
2015-05-27 23:00:00,0.2569199999999998
2015-05-28 23:00:00,0.2576599999999999
2015-05-29 23:00:00,0.2602399999999998
2015-06-01 23:00:00,0.2588199999999999
2015-06-02 23:00:00,0.2640799999999999
2015-06-03 23:00:00,0.2634399999999999
2015-06-04 23:00:00,0.2628199999999999
2015-06-05 23:00:00,0.2608
2015-06-08 23:00:00,0.2634199999999999
2015-06-09 23:00:00,0.2633799999999999
2015-06-10 23:00:00,0.2663799999999999
2015-06-11 23:00:00,0.26558
2015-06-12 23:00:00,0.2652799999999999
2015-06-15 23:00:00,0.2648399999999999
2015-06-16 23:00:00,0.2646599999999999
2015-06-17 23:00:00,0.2656999999999999
2015-06-18 23:00:00,0.2657599999999999
2015-06-19 23:00:00,0.2646799999999999
2015-06-22 23:00:00,0.2652799999999999
2015-06-23 23:00:00,0.2617399999999999
2015-06-24 23:00:00,0.26214
2015-06-25 23:00:00,0.2619399999999999
2015-06-26 23:00:00,0.2606599999999999
2015-06-29 23:00:00,0.2615599999999999
2015-06-30 23:00:00,0.2592399999999999
2015-07-01 23:00:00,0.2571999999999999
2015-07-02 23:00:00,0.2578
2015-07-06 23:00:00,0.2560599999999999
2015-07-07 23:00:00,0.2539599999999999
2015-07-08 23:00:00,0.25438
2015-07-09 23:00:00,0.2547199999999999
2015-07-10 23:00:00,0.2599999999999999
2015-07-13 23:00:00,0.2592599999999999
2015-07-14 23:00:00,0.2599399999999999
2015-07-15 23:00:00,0.2584999999999999
2015-07-16 23:00:00,0.2580399999999999
2015-07-17 23:00:00,0.2575199999999999
2015-07-20 23:00:00,0.2560999999999999
2015-07-21 23:00:00,0.2582199999999999
2015-07-22 23:00:00,0.25858
2015-07-23 23:00:00,0.2603199999999999
2015-07-24 23:00:00,0.2585599999999999
2015-07-27 23:00:00,0.2628799999999999
2015-07-28 23:00:00,0.2617399999999999
2015-07-29 23:00:00,0.2603999999999999
2015-07-30 23:00:00,0.2572799999999999
2015-07-31 23:00:00,0.2582799999999999
2015-08-03 23:00:00,0.2576799999999999
2015-08-04 23:00:00,0.2542999999999999
2015-08-05 23:00:00,0.2547799999999999
2015-08-06 23:00:00,0.2542799999999999
2015-08-07 23:00:00,0.2554999999999999
2015-08-10 23:00:00,0.2559799999999999
2015-08-11 23:00:00,0.2566599999999999
2015-08-12 23:00:00,0.2602599999999999
2015-08-13 23:00:00,0.2602199999999999
2015-08-14 23:00:00,0.25958
2015-08-17 23:00:00,0.2597799999999999
2015-08-18 23:00:00,0.2583799999999999
2015-08-19 23:00:00,0.2600999999999999
2015-08-20 23:00:00,0.2611199999999999
2015-08-21 23:00:00,0.2622799999999999
2015-08-24 23:00:00,0.2667599999999999
2015-08-25 23:00:00,0.2632799999999999
2015-08-26 23:00:00,0.26114
2015-08-27 23:00:00,0.2597599999999999
2015-08-28 23:00:00,0.2591599999999999
2015-08-31 23:00:00,0.2590599999999999
2015-09-01 23:00:00,0.2594999999999999
2015-09-02 23:00:00,0.2591199999999999
2015-09-03 23:00:00,0.2577199999999999
2015-09-04 23:00:00,0.2574599999999999
2015-09-08 23:00:00,0.2584399999999999
2015-09-09 23:00:00,0.2594399999999999
2015-09-10 23:00:00,0.2617799999999999
2015-09-11 23:00:00,0.2632999999999999
2015-09-14 23:00:00,0.26262
2015-09-15 23:00:00,0.26214
2015-09-16 23:00:00,0.2621999999999999
2015-09-17 23:00:00,0.2656
2015-09-18 23:00:00,0.2641199999999999
2015-09-21 23:00:00,0.2612399999999999
2015-09-22 23:00:00,0.25872
2015-09-23 23:00:00,0.2594199999999999
2015-09-24 23:00:00,0.2596
2015-09-25 23:00:00,0.25862
2015-09-28 23:00:00,0.2588799999999999
2015-09-29 23:00:00,0.25962
2015-09-30 23:00:00,0.2569599999999999
2015-10-01 23:00:00,0.2571199999999999
2015-10-02 23:00:00,0.25838
2015-10-05 23:00:00,0.2573199999999999
2015-10-06 23:00:00,0.26002
2015-10-07 23:00:00,0.2596599999999999
2015-10-08 23:00:00,0.2609599999999999
2015-10-09 23:00:00,0.2632199999999999
2015-10-12 23:00:00,0.2635599999999999
2015-10-13 23:00:00,0.2630999999999999
2015-10-14 23:00:00,0.2653999999999999
2015-10-15 23:00:00,0.2630799999999999
2015-10-16 23:00:00,0.2625199999999999
2015-10-19 23:00:00,0.2608599999999999
2015-10-20 23:00:00,0.26038
2015-10-21 23:00:00,0.2587799999999999
2015-10-22 23:00:00,0.2549599999999999
2015-10-23 23:00:00,0.25336
2015-10-26 23:00:00,0.2526
2015-10-27 23:00:00,0.25194
2015-10-28 23:00:00,0.24848
2015-10-29 23:00:00,0.2507799999999999
2015-10-30 23:00:00,0.2533399999999999
2015-11-02 23:00:00,0.25272
2015-11-03 23:00:00,0.2520999999999999
2015-11-04 23:00:00,0.25048
2015-11-05 23:00:00,0.2503999999999999
2015-11-06 23:00:00,0.2461
2015-11-09 23:00:00,0.2471399999999999
2015-11-10 23:00:00,0.2467399999999999
2015-11-11 23:00:00,0.24906
2015-11-12 23:00:00,0.2496399999999999
2015-11-13 23:00:00,0.2475
2015-11-16 23:00:00,0.24556
2015-11-17 23:00:00,0.2450399999999999
2015-11-18 23:00:00,0.24506
2015-11-19 23:00:00,0.2468199999999999
2015-11-20 23:00:00,0.2455
2015-11-23 23:00:00,0.2441399999999999
2015-11-24 23:00:00,0.24442
2015-11-25 23:00:00,0.24308
2015-11-27 23:00:00,0.2426999999999999
2015-11-30 23:00:00,0.2422
2015-12-01 23:00:00,0.2428200000000001
2015-12-02 23:00:00,0.24254
2015-12-03 23:00:00,0.24838
2015-12-04 18:00:00,0.24838
2015-12-04 19:00:00,0.24838
2015-12-04 23:00:00,0.24662
2015-12-07 08:00:00,0.24662
2015-12-07 10:00:00,0.24662
2015-12-07 16:00:00,0.24662
2015-12-07 23:00:00,0.24572
2015-12-08 13:00:00,0.24572
2015-12-08 14:00:00,0.24572
2015-12-08 23:00:00,0.24522
2015-12-09 23:00:00,0.2480799999999999
2015-12-10 12:00:00,0.2480799999999999
2015-12-10 23:00:00,0.24606
2015-12-11 11:00:00,0.24606
2015-12-11 18:00:00,0.24606
2015-12-11 19:00:00,0.24606
2015-12-11 23:00:00,0.2463599999999999
2015-12-18 21:00:00,0.2482199999999999
2015-12-21 10:00:00,0.2497
2015-12-22 11:00:00,0.2521599999999999
2015-12-22 19:00:00,0.2515599999999999
2015-12-23 10:00:00,0.25152
2015-12-24 12:00:00,0.2516399999999999
2015-12-30 14:00:00,0.2516399999999999
2015-12-30 15:00:00,0.2511199999999999
2015-12-30 16:00:00,0.2505799999999999
2015-12-31 09:00:00,0.2504399999999999
2015-12-31 15:00:00,0.24872
2015-12-31 18:00:00,0.24938
2016-01-04 09:00:00,0.2484399999999999
2016-01-04 12:00:00,0.2483199999999999
2016-01-04 13:00:00,0.2468599999999999
2016-01-04 23:00:00,0.2490999999999999
2016-01-05 11:00:00,0.24374
2016-01-06 19:00:00,0.24172
2016-01-07 08:00:00,0.24216
2016-01-07 23:00:00,0.24234
2016-01-14 15:00:00,0.24166
2016-01-15 11:00:00,0.24166
2016-01-18 23:00:00,0.23744
2016-01-27 09:00:00,0.23748
2016-01-28 10:00:00,0.23884
2016-01-28 12:00:00,0.23914
2016-01-28 13:00:00,0.2393
2016-01-28 16:00:00,0.2393
2016-01-28 18:00:00,0.24012
2016-01-29 08:00:00,0.23962
2016-01-29 10:00:00,0.24016
2016-01-29 12:00:00,0.2402
2016-02-01 13:00:00,0.24196
2016-02-02 07:00:00,0.24212
2016-02-03 11:00:00,0.24264
2016-02-03 15:00:00,0.24438
2016-02-04 08:00:00,0.2461399999999999
2016-02-04 09:00:00,0.2475799999999999
2016-02-04 13:00:00,0.2482199999999999
2016-02-04 15:00:00,0.2475399999999999
2016-02-05 11:00:00,0.2476399999999999
2016-02-05 13:00:00,0.2485599999999999
2016-02-05 14:00:00,0.2465999999999999
2016-02-08 15:00:00,0.2452399999999999
2016-02-09 10:00:00,0.2463199999999999
2016-02-09 11:00:00,0.2466599999999999
2016-02-10 08:00:00,0.2486
2016-02-10 10:00:00,0.2481199999999999
2016-02-10 11:00:00,0.2486399999999999
2016-02-10 12:00:00,0.2485399999999999
2016-02-10 13:00:00,0.2485399999999999
2016-02-10 15:00:00,0.24772
2016-02-10 16:00:00,0.2482599999999999
2016-02-11 08:00:00,0.24946
2016-02-11 10:00:00,0.24918
2016-02-11 14:00:00,0.25052
2016-02-11 17:00:00,0.25128
2016-02-12 13:00:00,0.24938
2016-02-12 14:00:00,0.2498999999999999
2016-02-12 17:00:00,0.2496
2016-02-15 08:00:00,0.2488599999999999
2016-02-15 15:00:00,0.2476999999999999
2016-02-16 10:00:00,0.2479999999999999
2016-02-16 11:00:00,0.24762
2016-02-16 17:00:00,0.2473999999999999
2016-02-16 18:00:00,0.2468799999999999
2016-02-17 10:00:00,0.24784
2016-02-17 17:00:00,0.2475399999999999
2016-02-18 10:00:00,0.2481399999999999
2016-02-19 07:00:00,0.2478199999999999
2016-02-19 08:00:00,0.2476399999999999
2016-02-19 10:00:00,0.24752
2016-02-19 14:00:00,0.2474399999999999
2016-02-22 07:00:00,0.2481199999999999
2016-02-22 08:00:00,0.2484999999999999
2016-02-24 08:00:00,0.24576
2016-02-25 17:00:00,0.2472399999999999
2016-02-25 21:00:00,0.24762
2016-02-26 12:00:00,0.24718
2016-02-26 13:00:00,0.2468599999999999
2016-03-04 13:00:00,0.24772
2016-03-07 09:00:00,0.2478799999999999
2016-03-08 12:00:00,0.24914
2016-03-21 03:00:00,0.2589599999999999
2016-03-21 23:00:00,0.25872
2016-03-24 11:00:00,0.2551999999999999
2016-03-31 14:00:00,0.2624599999999999
2016-03-31 16:00:00,0.2628399999999999
2016-03-31 23:00:00,0.2590399999999999
2016-04-01 09:00:00,0.2635599999999999
2016-04-05 12:00:00,0.2623199999999999
2016-04-07 18:00:00,0.2592799999999999
2016-04-11 13:00:00,0.26104
2016-04-11 16:00:00,0.2614399999999999
2016-04-12 16:00:00,0.2599599999999999
2016-04-21 04:00:00,0.2587399999999999
2016-04-25 13:00:00,0.24972
2016-04-27 09:00:00,0.25214
2016-04-27 10:00:00,0.2521799999999999
2016-04-28 09:00:00,0.25336
2016-04-28 23:00:00,0.2532199999999999
2016-04-29 07:00:00,0.2533
2016-05-03 09:00:00,0.2595
2016-05-03 10:00:00,0.25914
2016-05-05 15:00:00,0.2520199999999999
2016-05-11 14:00:00,0.25304
2016-05-13 02:00:00,0.25192
2016-05-19 09:00:00,0.25004
2016-05-19 10:00:00,0.2497799999999999
2016-06-06 09:00:00,0.2540199999999999
2016-06-07 11:00:00,0.2557999999999998
2016-06-09 07:00:00,0.2579199999999998
2016-06-10 12:00:00,0.2541599999999999
2016-06-13 09:00:00,0.2517399999999999
2016-06-13 12:00:00,0.2517599999999999
2016-06-14 12:00:00,0.2484199999999999
2016-06-15 12:00:00,0.2490399999999999
2016-06-17 09:00:00,0.2483399999999999
2016-06-17 12:00:00,0.2479199999999999
2016-06-17 17:00:00,0.2506399999999999
2016-06-20 07:00:00,0.2523199999999999
2016-06-20 09:00:00,0.2523399999999999
2016-06-22 12:00:00,0.2531799999999999
2016-06-23 09:00:00,0.2556399999999999
2016-06-24 09:00:00,0.24476
2016-06-24 12:00:00,0.24476
2016-06-24 13:00:00,0.24476
2016-06-24 18:00:00,0.2465799999999999
2016-06-27 07:00:00,0.24328
2016-06-27 10:00:00,0.2431999999999999
2016-06-30 14:00:00,0.2466199999999999
2016-06-30 19:00:00,0.2481999999999999
2016-07-01 16:00:00,0.2470199999999999
2016-07-06 18:00:00,0.24494
2016-07-08 10:00:00,0.24452
2016-07-11 09:00:00,0.24464
2016-07-11 10:00:00,0.24464
2016-07-11 14:00:00,0.2448199999999999
2016-07-13 09:00:00,0.2462799999999999
2016-07-13 12:00:00,0.2463999999999999
2016-07-13 13:00:00,0.2466599999999999
2016-07-14 09:00:00,0.2469399999999998
2016-07-14 10:00:00,0.2466999999999998
2016-07-14 11:00:00,0.2468399999999999
2016-07-18 09:00:00,0.2465599999999998
2016-07-26 18:00:00,0.2469199999999999
2016-07-28 09:00:00,0.2489999999999999
2016-07-28 12:00:00,0.2496399999999999
2016-07-29 09:00:00,0.2495399999999999
2016-07-29 14:00:00,0.2512599999999999
2016-08-01 10:00:00,0.2513199999999999
2016-08-01 12:00:00,0.2513999999999999
2016-08-02 10:00:00,0.2538599999999999
2016-08-03 09:00:00,0.2547799999999999
2016-08-03 10:00:00,0.25492
2016-08-03 11:00:00,0.2546599999999999
2016-08-03 14:00:00,0.2548599999999999
2016-08-03 15:00:00,0.2549799999999999
2016-08-04 09:00:00,0.2540399999999999
2016-08-04 12:00:00,0.2546799999999999
2016-08-04 16:00:00,0.2548399999999999
2016-08-05 04:00:00,0.2546399999999999
2016-08-05 09:00:00,0.2547799999999999
2016-08-08 07:00:00,0.2543799999999999
2016-08-08 14:00:00,0.2542799999999999
2016-08-11 07:00:00,0.2567399999999999
2016-08-12 09:00:00,0.2570599999999999
2016-08-16 18:00:00,0.2592399999999998
2016-08-22 09:00:00,0.2578999999999999
2016-08-23 09:00:00,0.2580199999999999
2016-08-24 09:00:00,0.2572799999999999
2016-08-24 10:00:00,0.2572999999999999
2016-08-24 14:00:00,0.2561799999999999
2016-08-24 15:00:00,0.2561799999999999
2016-08-24 18:00:00,0.2563999999999999
2016-08-25 09:00:00,0.2572999999999999
2016-08-25 10:00:00,0.2572999999999999
2016-08-30 09:00:00,0.2525999999999999
2016-08-30 13:00:00,0.2515999999999999
2016-08-31 09:00:00,0.2511399999999998
2016-08-31 10:00:00,0.2510399999999999
2016-09-01 13:00:00,0.2500599999999999
2016-09-02 09:00:00,0.2506199999999999
2016-09-02 10:00:00,0.2508599999999999
2016-09-02 12:00:00,0.25192
2016-09-05 09:00:00,0.2520399999999999
2016-09-05 10:00:00,0.2516999999999998
2016-09-05 11:00:00,0.2517199999999999
2016-09-07 07:00:00,0.2554599999999998
2016-09-07 10:00:00,0.2553799999999999
2016-09-07 12:00:00,0.2555399999999999
2016-09-08 09:00:00,0.2555399999999999
2016-09-09 09:00:00,0.2558599999999999
2016-09-09 10:00:00,0.2557999999999998
2016-09-14 17:00:00,0.2549999999999999
2016-09-15 08:00:00,0.2546599999999999
2016-09-15 11:00:00,0.2552599999999999
2016-09-15 12:00:00,0.2556999999999998
2016-09-16 10:00:00,0.2547599999999999
2016-09-16 12:00:00,0.2542399999999998
2016-09-16 14:00:00,0.2544399999999999
2016-09-19 09:00:00,0.2548599999999999
2016-09-19 17:00:00,0.2552799999999999
2016-09-20 10:00:00,0.2553799999999999
2016-09-20 13:00:00,0.2555799999999998
2016-09-22 08:00:00,0.2576799999999998
2016-09-26 07:00:00,0.2559399999999999
2016-09-29 09:00:00,0.2563199999999999
2016-09-29 10:00:00,0.2558599999999999
2016-09-29 11:00:00,0.2558999999999998
2016-09-29 14:00:00,0.2558199999999999
2016-09-30 07:00:00,0.2544599999999999
2016-09-30 08:00:00,0.2545199999999999
2016-09-30 10:00:00,0.2545799999999998
2016-09-30 14:00:00,0.25636
2016-10-03 15:00:00,0.2563799999999999
2016-10-04 10:00:00,0.2550599999999999
2016-10-04 15:00:00,0.2559799999999999
2016-10-05 16:00:00,0.2560199999999998
2016-10-06 08:00:00,0.2562599999999999
2016-10-11 09:00:00,0.2553799999999999
2016-10-11 10:00:00,0.2549599999999999
2016-10-12 09:00:00,0.2528199999999999
2016-10-13 09:00:00,0.2509599999999999
2016-10-13 10:00:00,0.2512799999999999
2016-10-14 10:00:00,0.2519199999999998
2016-10-17 09:00:00,0.2502999999999999
2016-10-17 10:00:00,0.2495999999999999
2016-10-17 18:00:00,0.2501799999999999
2016-10-18 09:00:00,0.2505799999999998
2016-10-18 11:00:00,0.2501199999999999
2016-10-18 12:00:00,0.2498799999999999
2016-10-19 10:00:00,0.2498799999999999
2016-10-20 11:00:00,0.2491999999999999
2016-10-21 09:00:00,0.2474599999999999
2016-10-21 10:00:00,0.2474399999999999
2016-10-21 11:00:00,0.2472999999999999
2016-10-21 14:00:00,0.2466999999999998
2016-10-21 17:00:00,0.2466799999999999
2016-10-24 09:00:00,0.2474599999999999
2016-10-24 10:00:00,0.2475199999999999
2016-10-26 13:00:00,0.2480199999999999
2016-10-27 15:00:00,0.2469199999999998
2016-10-28 04:00:00,0.2480399999999998
2016-10-28 07:00:00,0.2473399999999999
2016-10-28 09:00:00,0.2470999999999999
2016-10-28 10:00:00,0.2471999999999999
2016-10-28 12:00:00,0.2476599999999999
2016-10-28 14:00:00,0.24836
2016-10-28 15:00:00,0.2480199999999999
2016-10-28 17:00:00,0.2483999999999999
2016-10-28 23:00:00,0.2470999999999999
2016-10-31 10:00:00,0.2489799999999999
2016-10-31 11:00:00,0.2488999999999999
2016-10-31 15:00:00,0.2487199999999999
2016-10-31 16:00:00,0.2498599999999999
2016-10-31 17:00:00,0.2498999999999999
2016-11-01 11:00:00,0.2504799999999998
2016-11-01 19:00:00,0.2527599999999999
2016-11-02 02:00:00,0.2526199999999999
2016-11-02 08:00:00,0.2526399999999999
2016-11-02 10:00:00,0.2521799999999999
2016-11-02 11:00:00,0.2524399999999999
2016-11-03 12:00:00,0.2518399999999999
2016-11-03 13:00:00,0.2517199999999999
2016-11-07 07:00:00,0.2511199999999999
2016-11-07 10:00:00,0.2511599999999999
2016-11-07 11:00:00,0.2510799999999999
2016-11-07 14:00:00,0.2506399999999999
2016-11-07 16:00:00,0.2505199999999999
2016-11-08 12:00:00,0.2506599999999999
2016-11-08 13:00:00,0.2504999999999999
2016-11-08 18:00:00,0.2498799999999999
2016-11-09 03:00:00,0.2544399999999999
2016-11-09 11:00:00,0.2510399999999999
2016-11-09 12:00:00,0.2498199999999999
2016-11-09 13:00:00,0.2489399999999999
2016-11-09 16:00:00,0.2475599999999999
2016-11-09 17:00:00,0.2473799999999998
2016-11-09 18:00:00,0.2473799999999998
2016-11-09 19:00:00,0.2471199999999999
2016-11-09 20:00:00,0.2470199999999999
2016-11-09 23:00:00,0.2550799999999999
2016-11-10 07:00:00,0.2473799999999998
2016-11-10 08:00:00,0.2476999999999998
2016-11-10 09:00:00,0.2470999999999999
2016-11-10 10:00:00,0.2464199999999999
2016-11-10 11:00:00,0.2463399999999999
2016-11-10 14:00:00,0.2447799999999999
2016-11-10 16:00:00,0.2440799999999999
2016-11-10 17:00:00,0.2440199999999999
2016-11-11 08:00:00,0.2422199999999999
2016-11-11 11:00:00,0.2418199999999999
2016-11-14 14:00:00,0.23912
2016-11-15 18:00:00,0.2385
2016-11-16 12:00:00,0.23692
2016-11-16 13:00:00,0.2371799999999999
2016-11-16 14:00:00,0.2370199999999999
2016-11-16 15:00:00,0.2359
2016-11-17 08:00:00,0.2371799999999999
2016-11-17 10:00:00,0.2374199999999999
2016-11-17 12:00:00,0.23712
2016-11-17 13:00:00,0.23692
2016-11-18 07:00:00,0.2337199999999999
2016-11-22 20:00:00,0.2364599999999999
2016-11-23 10:00:00,0.2366599999999999
2016-11-23 14:00:00,0.23378
2016-11-25 09:00:00,0.23592
2016-11-25 10:00:00,0.2355199999999999
2016-11-28 10:00:00,0.2362
2016-11-28 11:00:00,0.2360199999999999
2016-11-28 12:00:00,0.2349599999999999
2016-11-29 10:00:00,0.23498
2016-11-30 11:00:00,0.2357
2016-11-30 13:00:00,0.23504
2016-11-30 15:00:00,0.2342
2016-11-30 21:00:00,0.23378
2016-12-01 03:00:00,0.2336599999999999
2016-12-01 07:00:00,0.23468
2016-12-01 16:00:00,0.23334
2016-12-05 10:00:00,0.23298
2016-12-05 12:00:00,0.23376
2016-12-06 19:00:00,0.23592
2016-12-06 20:00:00,0.2359399999999999
2016-12-07 09:00:00,0.2377399999999999
2016-12-07 11:00:00,0.2377399999999999
2016-12-08 11:00:00,0.2378799999999999
2016-12-08 12:00:00,0.2381799999999999
2016-12-09 15:00:00,0.2325799999999999
2016-12-12 11:00:00,0.2345399999999999
2016-12-12 12:00:00,0.23414
2016-12-12 15:00:00,0.2338799999999999
2016-12-12 16:00:00,0.23364
2016-12-13 09:00:00,0.2343799999999999
2016-12-13 11:00:00,0.2345399999999999
2016-12-13 12:00:00,0.2345199999999999
2016-12-13 14:00:00,0.2346799999999999
2016-12-14 10:00:00,0.2355
2016-12-15 07:00:00,0.23198
2016-12-15 10:00:00,0.2312999999999999
2016-12-15 11:00:00,0.22984
2016-12-15 14:00:00,0.2314599999999999
2016-12-19 10:00:00,0.2324599999999999
2016-12-19 11:00:00,0.2325399999999999
2016-12-19 13:00:00,0.2320999999999999
2016-12-19 19:00:00,0.2311599999999999
2016-12-19 20:00:00,0.23106
2016-12-20 10:00:00,0.2314
2016-12-20 11:00:00,0.23112
2016-12-22 18:00:00,0.23198
2016-12-23 10:00:00,0.23276
2016-12-28 10:00:00,0.2327999999999999
2016-12-28 11:00:00,0.2326399999999999
2016-12-28 12:00:00,0.2320999999999999
2016-12-29 23:00:00,0.23278
2016-12-30 12:00:00,0.235
2016-12-30 13:00:00,0.23478
2017-01-03 07:00:00,0.23314
2017-01-03 09:00:00,0.2328199999999999
2017-01-03 11:00:00,0.2320999999999999
2017-01-03 12:00:00,0.2320199999999999
2017-01-03 23:00:00,0.23364
2017-01-05 10:00:00,0.2360399999999999
2017-01-05 15:00:00,0.2381999999999999
2017-01-05 16:00:00,0.2385799999999999
2017-01-06 07:00:00,0.2379
2017-01-06 13:00:00,0.2382999999999999
2017-01-06 17:00:00,0.23758
2017-01-06 19:00:00,0.23734
2017-01-09 13:00:00,0.2359399999999999
2017-01-10 07:00:00,0.2378799999999999
2017-01-13 02:00:00,0.23856
2017-01-13 10:00:00,0.23916
2017-01-23 07:00:00,0.24184
2017-01-26 09:00:00,0.24246
2017-01-26 10:00:00,0.2425
2017-01-26 11:00:00,0.2428399999999999
2017-01-27 10:00:00,0.2423799999999999
2017-01-31 15:00:00,0.2461199999999999
2017-02-01 09:00:00,0.24594
2017-02-01 10:00:00,0.2455799999999999
2017-02-03 10:00:00,0.2460999999999999
2017-02-03 15:00:00,0.2471799999999999
2017-02-03 23:00:00,0.24546
2017-02-06 10:00:00,0.2465799999999999
2017-02-13 08:00:00,0.2435799999999999
2017-02-13 11:00:00,0.2423799999999999
2017-02-13 20:00:00,0.24228
2017-02-15 07:00:00,0.2418199999999999
2017-02-15 08:00:00,0.2414799999999999
2017-02-17 04:00:00,0.2438799999999999
2017-02-21 11:00:00,0.2405799999999999
2017-02-28 11:00:00,0.24194
2017-02-28 15:00:00,0.24208
2017-02-28 20:00:00,0.24194
2017-03-01 19:00:00,0.24296
2017-03-02 17:00:00,0.24086
2017-03-15 19:00:00,0.24444
2017-03-26 22:00:00,0.2504
2017-04-05 09:00:00,0.2474
2017-04-05 11:00:00,0.24812
2017-04-07 02:00:00,0.24754
2017-04-07 12:00:00,0.24722
2017-04-07 17:00:00,0.24664
2017-04-10 13:00:00,0.24628
2017-04-13 09:00:00,0.24664
2017-04-18 18:00:00,0.2493400000000001
2017-04-21 16:00:00,0.24668
2017-04-24 12:00:00,0.25204
2017-04-24 16:00:00,0.25206
2017-04-25 14:00:00,0.25406
2017-04-25 15:00:00,0.2550199999999999
2017-04-26 07:00:00,0.25426
2017-04-26 12:00:00,0.2540199999999999
2017-04-26 13:00:00,0.25364
2017-04-27 14:00:00,0.25364
2017-05-01 12:00:00,0.25484
2017-05-01 19:00:00,0.25438
2017-05-02 16:00:00,0.25556
2017-05-03 10:00:00,0.25564
2017-05-03 12:00:00,0.25656
2017-05-05 09:00:00,0.25584
2017-05-05 18:00:00,0.2572400000000001
2017-05-08 15:00:00,0.25494
2017-05-09 23:00:00,0.25372
2017-05-10 07:00:00,0.25362
2017-05-10 23:00:00,0.2535
2017-05-11 11:00:00,0.25296
2017-05-15 07:00:00,0.2560199999999999
2017-05-15 15:00:00,0.25764
2017-05-16 12:00:00,0.2596799999999999
2017-05-16 13:00:00,0.25982
2017-05-16 18:00:00,0.2613400000000001
2017-05-17 07:00:00,0.26044
2017-05-17 13:00:00,0.2611
2017-05-17 15:00:00,0.2624
2017-05-18 07:00:00,0.26014
2017-05-18 10:00:00,0.25966
2017-05-18 12:00:00,0.25936
2017-05-22 10:00:00,0.26354
2017-05-22 15:00:00,0.26398
2017-05-22 20:00:00,0.2639000000000001
2017-05-23 08:00:00,0.26438
2017-05-23 10:00:00,0.2642400000000001
2017-05-24 18:00:00,0.26382
2017-05-25 08:00:00,0.2655
2017-05-25 14:00:00,0.26508
2017-05-26 02:00:00,0.26438
2017-05-26 07:00:00,0.26504
2017-05-31 11:00:00,0.2651199999999999
2017-05-31 14:00:00,0.26472
2017-05-31 16:00:00,0.26446
2017-06-01 14:00:00,0.26392
2017-06-01 15:00:00,0.26348
2017-06-02 12:00:00,0.26566
2017-06-02 14:00:00,0.26608
2017-06-05 10:00:00,0.2655
2017-06-07 02:00:00,0.2645600000000001
2017-06-07 09:00:00,0.26498
2017-06-07 11:00:00,0.2635
2017-06-07 13:00:00,0.26444
2017-06-08 15:00:00,0.2635
2017-06-09 15:00:00,0.2636
2017-06-12 07:00:00,0.26396
2017-06-12 23:00:00,0.2638
2017-06-13 13:00:00,0.26338
2017-06-13 14:00:00,0.26306
2017-06-13 15:00:00,0.26274
2017-06-14 13:00:00,0.26504
2017-06-15 08:00:00,0.2621
2017-06-15 15:00:00,0.2593
2017-06-16 20:00:00,0.26192
2017-06-19 14:00:00,0.2609000000000001
2017-06-22 15:00:00,0.2591200000000001
2017-06-23 08:00:00,0.26036
2017-06-23 14:00:00,0.26092
2017-06-25 23:00:00,0.26102
2017-06-26 13:00:00,0.26252
2017-06-27 08:00:00,0.26304
2017-06-27 14:00:00,0.26348
2017-06-27 16:00:00,0.26322
2017-06-28 12:00:00,0.2643400000000001
2017-06-28 23:00:00,0.26418
2017-06-29 09:00:00,0.265
2017-06-29 12:00:00,0.2641200000000001
2017-06-29 14:00:00,0.26518
2017-06-29 15:00:00,0.26578
2017-07-03 02:00:00,0.26548
2017-07-03 08:00:00,0.26452
2017-07-03 10:00:00,0.26402
2017-07-04 15:00:00,0.26292
2017-07-05 08:00:00,0.263
2017-07-06 14:00:00,0.26506
2017-07-07 12:00:00,0.2656800000000001
2017-07-10 13:00:00,0.26508
2017-07-11 18:00:00,0.26654
2017-07-13 09:00:00,0.26508
2017-07-13 14:00:00,0.2663
2017-07-14 13:00:00,0.2678
2017-07-14 14:00:00,0.26836
2017-07-17 08:00:00,0.2678999999999999
2017-07-17 14:00:00,0.2691199999999999
2017-07-17 15:00:00,0.26888
2017-07-18 08:00:00,0.26988
2017-07-18 11:00:00,0.27076
2017-07-18 13:00:00,0.2715
2017-07-18 14:00:00,0.2717
2017-07-20 03:00:00,0.26988
2017-07-20 14:00:00,0.27146
2017-07-20 15:00:00,0.27244
2017-07-21 15:00:00,0.26954
2017-07-21 23:00:00,0.27274
2017-07-24 07:00:00,0.2699
2017-07-24 09:00:00,0.27098
2017-07-24 11:00:00,0.2709
2017-07-25 13:00:00,0.2709
2017-07-25 15:00:00,0.2696
2017-07-26 08:00:00,0.26864
2017-07-27 16:00:00,0.27024
2017-07-28 08:00:00,0.27118
2017-07-28 12:00:00,0.2723
2017-07-28 14:00:00,0.27228
2017-07-28 15:00:00,0.2725
2017-07-31 15:00:00,0.27296
2017-08-01 09:00:00,0.27362
2017-08-01 15:00:00,0.2732200000000001
2017-08-01 17:00:00,0.27396
2017-08-01 18:00:00,0.27324
2017-08-02 08:00:00,0.2750000000000001
2017-08-02 10:00:00,0.27424
2017-08-02 14:00:00,0.27462
2017-08-02 16:00:00,0.27492
2017-08-02 23:00:00,0.27388
2017-08-03 18:00:00,0.2756800000000001
2017-08-08 14:00:00,0.27154
2017-08-10 08:00:00,0.27066
2017-08-11 17:00:00,0.27188
2017-08-16 18:00:00,0.2722
2017-08-17 14:00:00,0.27104
2017-08-21 12:00:00,0.27194
2017-08-21 13:00:00,0.2720000000000001
2017-08-21 17:00:00,0.27242
2017-08-23 19:00:00,0.27206
2017-08-24 14:00:00,0.27254
2017-08-24 15:00:00,0.27254
2017-08-25 10:00:00,0.27374
2017-08-25 11:00:00,0.2736
2017-08-28 14:00:00,0.2736
2017-08-28 15:00:00,0.27798
2017-08-29 08:00:00,0.27918
2017-08-30 12:00:00,0.27526
2017-08-30 13:00:00,0.27662
2017-08-30 17:00:00,0.27564
2017-08-31 09:00:00,0.27514
2017-08-31 11:00:00,0.2741
2017-08-31 14:00:00,0.27566
2017-08-31 15:00:00,0.2757
2017-08-31 19:00:00,0.27636
2017-09-01 12:00:00,0.27656
2017-09-06 15:00:00,0.27656
2017-09-07 12:00:00,0.27656
2017-09-07 13:00:00,0.27656
2017-09-07 14:00:00,0.2779999999999999
2017-09-11 20:00:00,0.27702
2017-09-12 18:00:00,0.2763
2017-09-13 14:00:00,0.27364
2017-09-14 14:00:00,0.2724399999999999
2017-09-18 15:00:00,0.27374
2017-09-19 11:00:00,0.27464
2017-09-19 13:00:00,0.2754
2017-09-20 18:00:00,0.2730999999999999
2017-09-21 14:00:00,0.2744
2017-09-22 14:00:00,0.2761999999999999
2017-09-25 16:00:00,0.2718799999999999
2017-09-26 14:00:00,0.2696
2017-09-27 14:00:00,0.26724
2017-09-28 08:00:00,0.2675399999999999
2017-09-28 09:00:00,0.26774
2017-09-28 14:00:00,0.2682199999999999
2017-10-02 13:00:00,0.26804
2017-10-02 14:00:00,0.2675399999999999
2017-10-03 09:00:00,0.26746
2017-10-04 08:00:00,0.2687799999999999
2017-10-04 10:00:00,0.26936
2017-10-04 14:00:00,0.2684
2017-10-10 14:00:00,0.2707799999999999
2017-10-11 07:00:00,0.27116
2017-10-11 08:00:00,0.2715599999999999
2017-10-11 15:00:00,0.2727
2017-10-11 23:00:00,0.2705
2017-10-13 12:00:00,0.27436
2017-10-13 13:00:00,0.2744199999999999
2017-10-13 18:00:00,0.27348
2017-10-16 12:00:00,0.27414
2017-10-16 13:00:00,0.27412
2017-10-17 13:00:00,0.2731999999999999
2017-10-17 15:00:00,0.2733199999999999
2017-10-25 08:00:00,0.2727799999999999
2017-10-26 14:00:00,0.2717599999999999
2017-11-02 03:00:00,0.27016
2017-11-02 14:00:00,0.2705
2017-11-06 16:00:00,0.2684199999999999
2017-11-07 13:00:00,0.2679999999999999
2017-11-08 09:00:00,0.2688
2017-11-09 15:00:00,0.2698799999999999
2017-11-10 10:00:00,0.2707799999999999
2017-11-10 11:00:00,0.27072
2017-11-10 14:00:00,0.27106
2017-11-13 03:00:00,0.27074
2017-11-13 07:00:00,0.27068
2017-11-13 15:00:00,0.27064
2017-11-13 16:00:00,0.27046
2017-11-13 23:00:00,0.27084
2017-11-14 01:00:00,0.27064
2017-11-14 02:00:00,0.2706
2017-11-14 03:00:00,0.2706599999999999
2017-11-14 09:00:00,0.2720999999999999
2017-11-14 10:00:00,0.27192
2017-11-14 12:00:00,0.2724
2017-11-14 14:00:00,0.27246
2017-11-14 15:00:00,0.2721999999999999
2017-11-14 16:00:00,0.27258
2017-11-15 10:00:00,0.2741999999999999
2017-11-15 14:00:00,0.27358
2017-11-16 10:00:00,0.27338
2017-11-16 15:00:00,0.27302
2017-11-17 07:00:00,0.2736599999999999
2017-11-17 13:00:00,0.2738599999999999
2017-11-20 12:00:00,0.27358
2017-11-20 14:00:00,0.27352
2017-11-22 10:00:00,0.27394
2017-11-22 11:00:00,0.27396
2017-11-22 15:00:00,0.2754199999999999
2017-11-22 16:00:00,0.27548
2017-11-22 19:00:00,0.2759999999999999
2017-11-23 08:00:00,0.2763199999999999
2017-11-23 11:00:00,0.2765
2017-11-23 13:00:00,0.2765399999999999
2017-11-23 16:00:00,0.2767799999999999
2017-11-24 10:00:00,0.27708
2017-11-24 13:00:00,0.27798
2017-11-24 14:00:00,0.2782199999999999
2017-11-24 15:00:00,0.2786
2017-11-27 08:00:00,0.27906
2017-11-27 09:00:00,0.2793199999999999
2017-11-27 10:00:00,0.27904
2017-11-27 11:00:00,0.27908
2017-11-27 12:00:00,0.27896
2017-11-27 14:00:00,0.27872
2017-11-27 15:00:00,0.27882
2017-11-27 16:00:00,0.2788599999999999
2017-11-27 19:00:00,0.27798
2017-11-28 10:00:00,0.27792
2017-11-29 07:00:00,0.27846
2017-11-29 13:00:00,0.2767
2017-11-29 19:00:00,0.27784
2017-11-30 10:00:00,0.27624
2017-11-30 14:00:00,0.27624
2017-11-30 15:00:00,0.27846
2017-12-01 13:00:00,0.27664
2017-12-01 16:00:00,0.27758
2017-12-01 20:00:00,0.27794
2017-12-04 10:00:00,0.27794
2017-12-04 13:00:00,0.27794
2017-12-05 10:00:00,0.27794
2017-12-05 16:00:00,0.27794
2017-12-06 07:00:00,0.27794
2017-12-06 12:00:00,0.27794
2017-12-06 16:00:00,0.27794
2017-12-07 07:00:00,0.27794
2017-12-07 08:00:00,0.27794
2017-12-07 13:00:00,0.27794
2017-12-07 15:00:00,0.27482
2017-12-07 23:00:00,0.27424
2017-12-08 08:00:00,0.2736399999999999
2017-12-08 13:00:00,0.27402
2017-12-08 14:00:00,0.2749999999999999
2017-12-11 15:00:00,0.27504
2017-12-11 16:00:00,0.27546
2017-12-12 13:00:00,0.27402
2017-12-13 12:00:00,0.27314
2017-12-14 14:00:00,0.27424
2017-12-14 23:00:00,0.27482
2017-12-15 14:00:00,0.27382
2017-12-18 14:00:00,0.2755599999999999
2017-12-19 12:00:00,0.2761999999999999
2017-12-19 17:00:00,0.27586
2017-12-20 09:00:00,0.2766
2017-12-20 15:00:00,0.27728
2017-12-21 15:00:00,0.2770799999999999
2017-12-27 12:00:00,0.2781799999999999
2017-12-27 13:00:00,0.27882
2017-12-27 14:00:00,0.27858
2017-12-27 16:00:00,0.2785
2017-12-28 10:00:00,0.27958
2017-12-28 15:00:00,0.2804399999999999
2017-12-28 16:00:00,0.28004
2017-12-28 17:00:00,0.28056
2017-12-29 10:00:00,0.2812999999999999
2017-12-29 11:00:00,0.28148
2018-01-02 13:00:00,0.28424
2018-01-02 14:00:00,0.28378
2018-01-02 18:00:00,0.28334
2018-01-03 15:00:00,0.28296
2018-01-04 09:00:00,0.28396
2018-01-04 13:00:00,0.28462
2018-01-04 16:00:00,0.2848799999999999
2018-01-08 13:00:00,0.28168
2018-01-08 16:00:00,0.28126
2018-01-08 17:00:00,0.28126
2018-01-09 10:00:00,0.2798799999999999
2018-01-09 16:00:00,0.2792999999999999
2018-01-09 17:00:00,0.2790799999999999
2018-01-10 11:00:00,0.28128
2018-01-10 12:00:00,0.2812999999999999
2018-01-11 13:00:00,0.28238
2018-01-11 16:00:00,0.2830999999999999
2018-01-11 19:00:00,0.28306
2018-01-12 08:00:00,0.28358
2018-01-12 12:00:00,0.28526
2018-01-12 14:00:00,0.28568
2018-01-12 23:00:00,0.2834399999999999
2018-01-15 14:00:00,0.2885399999999999
2018-01-16 12:00:00,0.2868599999999999
2018-01-18 10:00:00,0.28724
2018-01-18 11:00:00,0.28816
2018-01-18 12:00:00,0.28816
2018-01-19 09:00:00,0.28868
2018-01-22 13:00:00,0.2879
2018-01-22 14:00:00,0.28802
2018-01-23 09:00:00,0.28748
2018-01-23 15:00:00,0.28912
2018-01-24 10:00:00,0.29134
2018-01-24 13:00:00,0.2921799999999999
2018-01-24 15:00:00,0.29302
2018-01-25 09:00:00,0.2929
2018-01-25 13:00:00,0.2935199999999999
2018-01-25 14:00:00,0.2949799999999999
2018-01-26 14:00:00,0.2939799999999999
2018-01-29 07:00:00,0.29472
2018-01-29 08:00:00,0.2933999999999999
2018-01-29 12:00:00,0.29288
2018-01-29 14:00:00,0.29212
2018-01-29 16:00:00,0.29202
2018-01-30 07:00:00,0.29212
2018-01-30 11:00:00,0.29358
2018-01-30 18:00:00,0.29238
2018-01-30 19:00:00,0.29222
2018-01-31 19:00:00,0.2925399999999999
2018-02-01 12:00:00,0.2939
2018-02-01 16:00:00,0.2947599999999999
2018-02-02 13:00:00,0.2932799999999999
2018-02-02 14:00:00,0.29346
2018-02-05 13:00:00,0.2934199999999999
2018-02-07 13:00:00,0.29078
2018-02-07 16:00:00,0.2893199999999999
2018-02-08 15:00:00,0.28814
2018-02-09 13:00:00,0.28662
2018-02-12 12:00:00,0.2877599999999999
2018-02-13 12:00:00,0.29006
2018-02-14 16:00:00,0.2918599999999999
2018-02-14 20:00:00,0.29388
2018-02-15 15:00:00,0.29424
2018-02-16 13:00:00,0.29368
2018-02-16 14:00:00,0.2931799999999999
2018-02-20 17:00:00,0.29194
2018-02-21 12:00:00,0.29058
2018-02-22 15:00:00,0.28962
2018-02-23 14:00:00,0.28922
2018-02-26 13:00:00,0.28968
2018-02-26 17:00:00,0.28938
2018-02-26 23:00:00,0.28968
2018-02-27 13:00:00,0.2895199999999999
2018-02-27 14:00:00,0.2890799999999999
2018-02-27 20:00:00,0.28744
2018-02-28 10:00:00,0.2865399999999999
2018-02-28 13:00:00,0.28668
2018-03-01 14:00:00,0.28492
2018-03-01 15:00:00,0.28556
2018-03-01 20:00:00,0.2869
2018-03-02 12:00:00,0.28782
2018-03-02 16:00:00,0.28772
2018-03-05 13:00:00,0.28782
2018-03-05 16:00:00,0.2887
2018-03-06 11:00:00,0.29044
2018-03-06 12:00:00,0.2908599999999999
2018-03-06 15:00:00,0.2902999999999999
2018-03-08 15:00:00,0.2874199999999999
2018-03-08 16:00:00,0.28648
2018-03-08 19:00:00,0.2859799999999999
2018-03-12 10:00:00,0.28646
2018-03-13 13:00:00,0.2875
2018-03-15 14:00:00,0.28602
2018-03-16 14:00:00,0.28468
2018-03-20 09:00:00,0.28556
2018-03-20 16:00:00,0.28296
2018-03-21 12:00:00,0.283
2018-03-22 07:00:00,0.28616
2018-03-22 09:00:00,0.28514
2018-03-22 10:00:00,0.28516
2018-03-22 15:00:00,0.2848799999999999
2018-03-22 23:00:00,0.2849799999999999
2018-03-26 23:00:00,0.28558
2018-03-27 11:00:00,0.28736
2018-03-29 14:00:00,0.28548
2018-04-04 08:00:00,0.2855399999999999
2018-04-04 13:00:00,0.286
2018-04-04 18:00:00,0.2854199999999999
2018-04-05 15:00:00,0.28416
2018-04-09 11:00:00,0.2858
2018-04-12 14:00:00,0.2873199999999999
2018-04-16 11:00:00,0.29026
2018-04-16 14:00:00,0.2909799999999999
2018-04-17 10:00:00,0.29044
2018-04-19 15:00:00,0.28956
2018-04-23 11:00:00,0.2848
2018-04-23 14:00:00,0.2838799999999999
2018-04-23 15:00:00,0.28368
2018-04-23 16:00:00,0.28346
2018-04-23 19:00:00,0.28316
2018-04-24 01:00:00,0.28328
2018-04-25 14:00:00,0.2805199999999999
2018-04-26 14:00:00,0.2792199999999999
2018-04-30 12:00:00,0.27856
2018-05-01 11:00:00,0.27382
2018-05-01 13:00:00,0.2740999999999999
2018-05-01 16:00:00,0.27438
2018-05-07 15:00:00,0.2727399999999999
2018-05-08 07:00:00,0.27268
2018-05-08 11:00:00,0.26986
2018-05-08 12:00:00,0.2700799999999999
2018-05-08 14:00:00,0.26962
2018-05-08 15:00:00,0.2697799999999999
2018-05-08 16:00:00,0.2705399999999999
2018-05-10 13:00:00,0.27434
2018-05-10 19:00:00,0.2736599999999999
2018-05-11 12:00:00,0.2735
2018-05-11 14:00:00,0.27312
2018-05-11 16:00:00,0.27316
2018-05-14 18:00:00,0.27212
2018-05-15 13:00:00,0.26838
2018-05-16 11:00:00,0.26716
2018-05-16 16:00:00,0.26868
2018-05-17 12:00:00,0.26786
2018-05-18 11:00:00,0.2668799999999999
2018-05-18 13:00:00,0.2662199999999999
2018-05-21 08:00:00,0.26596
2018-05-21 09:00:00,0.26594
2018-05-23 13:00:00,0.26428
2018-05-24 17:00:00,0.2655
2018-05-29 18:00:00,0.2586799999999999
2018-05-29 20:00:00,0.2587799999999999
2018-05-30 01:00:00,0.2587799999999999
2018-05-30 03:00:00,0.25858
2018-05-30 11:00:00,0.2626399999999999
2018-05-30 12:00:00,0.26226
2018-05-31 14:00:00,0.2632199999999999
2018-06-01 15:00:00,0.26384
2018-06-04 09:00:00,0.2662999999999999
2018-06-04 15:00:00,0.26514
2018-06-04 19:00:00,0.2664399999999999
2018-06-05 16:00:00,0.2655399999999999
2018-06-07 17:00:00,0.2671999999999999
2018-06-11 09:00:00,0.2676399999999999
2018-06-19 04:00:00,0.26094
2018-06-19 15:00:00,0.2596599999999999
2018-06-20 19:00:00,0.25938
2018-06-26 15:00:00,0.2598599999999999
2018-06-27 19:00:00,0.2562999999999999
2018-06-28 23:00:00,0.25714
2018-07-02 16:00:00,0.2547599999999999
2018-07-02 17:00:00,0.2544
2018-07-03 01:00:00,0.2554399999999999
2018-07-03 12:00:00,0.25682
2018-07-09 01:00:00,0.26148
2018-07-12 14:00:00,0.2612199999999999
2018-07-19 11:00:00,0.2588799999999999
2018-07-26 14:00:00,0.2636
2018-08-02 14:00:00,0.26294
2018-08-03 08:00:00,0.2617399999999999
2018-08-09 14:00:00,0.26206
2018-08-10 15:00:00,0.2577
2018-08-10 16:00:00,0.2571999999999999
2018-08-10 18:00:00,0.25616
2018-08-10 19:00:00,0.25592
2018-08-10 23:00:00,0.25926
2018-08-13 12:00:00,0.25704
2018-08-15 20:00:00,0.2536599999999999
2018-08-16 14:00:00,0.25594
2018-08-20 02:00:00,0.2565
2018-08-20 12:00:00,0.2561999999999999
2018-08-22 09:00:00,0.26194
2018-08-23 14:00:00,0.26106
2018-08-24 14:00:00,0.2625599999999999
2018-08-27 12:00:00,0.2633399999999999
2018-08-29 08:00:00,0.2635399999999999
2018-08-30 14:00:00,0.2623399999999999
2018-08-30 20:00:00,0.2623399999999999
2018-08-31 13:00:00,0.2623399999999999
2018-08-31 17:00:00,0.26058
2018-09-03 15:00:00,0.26226
2018-09-05 09:00:00,0.2592199999999999
2018-09-05 13:00:00,0.2595399999999999
2018-09-06 08:00:00,0.2595399999999999
2018-09-06 14:00:00,0.26052
2018-09-13 12:00:00,0.26292
2018-09-13 13:00:00,0.2632199999999999
2018-09-13 14:00:00,0.2634199999999999
2018-09-14 13:00:00,0.26224
2018-09-14 15:00:00,0.2621199999999999
2018-09-14 16:00:00,0.26126
2018-09-19 10:00:00,0.26352
2018-09-20 14:00:00,0.26528
2018-09-21 07:00:00,0.2662199999999999
2018-09-21 13:00:00,0.2643399999999999
2018-09-21 17:00:00,0.2641999999999999
2018-09-21 18:00:00,0.2641999999999999
2018-09-25 15:00:00,0.2659799999999999
2018-09-26 14:00:00,0.2655199999999999
2018-09-27 14:00:00,0.2648599999999999
2018-09-28 09:00:00,0.26262
2018-09-28 13:00:00,0.2626399999999999
2018-09-28 14:00:00,0.2625399999999999
2018-10-01 14:00:00,0.2620999999999999
2018-10-02 07:00:00,0.2601199999999999
2018-10-02 09:00:00,0.2595599999999999
2018-10-02 10:00:00,0.2593399999999999
2018-10-02 13:00:00,0.25994
2018-10-02 14:00:00,0.2598399999999999
2018-10-02 15:00:00,0.26048
2018-10-04 09:00:00,0.25828
2018-10-04 14:00:00,0.2592399999999999
2018-10-05 14:00:00,0.2587799999999999
2018-10-05 19:00:00,0.25894
2018-10-08 08:00:00,0.2574599999999999
2018-10-08 15:00:00,0.25762
2018-10-09 07:00:00,0.25706
2018-10-09 08:00:00,0.25714
2018-10-09 09:00:00,0.25638
2018-10-09 10:00:00,0.2563199999999999
2018-10-09 11:00:00,0.2561999999999999
2018-10-09 12:00:00,0.2564199999999999
2018-10-09 13:00:00,0.2568
2018-10-09 14:00:00,0.2576399999999999
2018-10-09 15:00:00,0.2572999999999999
2018-10-09 18:00:00,0.2585599999999999
2018-10-09 19:00:00,0.2582999999999999
2018-10-10 08:00:00,0.25818
2018-10-10 09:00:00,0.2580199999999999
2018-10-10 13:00:00,0.2588999999999999
2018-10-10 20:00:00,0.2580199999999999
2018-10-11 07:00:00,0.2587399999999999
2018-10-11 08:00:00,0.2588599999999999
2018-10-11 12:00:00,0.26014
2018-10-11 14:00:00,0.2594399999999999
2018-10-12 23:00:00,0.2608999999999999
2018-10-18 14:00:00,0.2584199999999999
2018-10-22 14:00:00,0.25882
2018-10-23 09:00:00,0.2579999999999999
2018-10-23 14:00:00,0.25818
2018-10-24 07:00:00,0.2574399999999999
2018-10-25 14:00:00,0.2550799999999999
2018-10-26 07:00:00,0.25526
2018-10-26 09:00:00,0.25472
2018-10-26 10:00:00,0.2547399999999999
2018-10-26 13:00:00,0.2547599999999999
2018-10-29 09:00:00,0.2554399999999999
2018-10-29 11:00:00,0.2551199999999999
2018-10-29 15:00:00,0.2544399999999999
2018-10-29 17:00:00,0.25436
2018-10-29 23:00:00,0.25572
2018-10-30 22:00:00,0.25336
2018-10-31 14:00:00,0.25216
2018-10-31 17:00:00,0.2516799999999999
2018-11-01 14:00:00,0.2545599999999999
2018-11-01 15:00:00,0.25472
2018-11-02 07:00:00,0.2559599999999999
2018-11-05 11:00:00,0.2551199999999999
2018-11-06 16:00:00,0.25618
2018-11-07 10:00:00,0.2588
2018-11-08 15:00:00,0.2580199999999999
2018-11-08 16:00:00,0.2580199999999999
2018-11-13 13:00:00,0.2532199999999999
2018-11-13 15:00:00,0.2536599999999999
2018-11-15 15:00:00,0.2548799999999999
2018-11-16 12:00:00,0.2541199999999999
2018-11-16 16:00:00,0.2557999999999999
2018-11-19 15:00:00,0.2555
2018-11-19 19:00:00,0.2553999999999999
2018-11-20 16:00:00,0.2557799999999999
2018-11-21 10:00:00,0.2558799999999999
2018-11-21 11:00:00,0.25614
2018-11-22 03:00:00,0.2560199999999999
2018-11-22 16:00:00,0.25648
2018-11-26 15:00:00,0.2550799999999999
2018-11-28 14:00:00,0.2536599999999999
2018-11-28 16:00:00,0.2537799999999999
2018-11-28 23:00:00,0.25614
2018-11-30 16:00:00,0.25494
2018-12-04 04:00:00,0.25714
2018-12-04 09:00:00,0.2577399999999999
2018-12-06 15:00:00,0.25758
2018-12-10 13:00:00,0.2569999999999999
2018-12-11 14:00:00,0.2550599999999999
2018-12-11 16:00:00,0.2542199999999999
2018-12-13 15:00:00,0.2552199999999999
2018-12-13 17:00:00,0.2552599999999999
2018-12-14 18:00:00,0.2545999999999999
2018-12-17 17:00:00,0.2560799999999999
2018-12-17 19:00:00,0.2563799999999999
2018-12-18 16:00:00,0.2562799999999999
2018-12-19 04:00:00,0.2570799999999999
2018-12-19 13:00:00,0.2574399999999999
2018-12-19 19:00:00,0.2566399999999999
2018-12-20 15:00:00,0.2583199999999999
2018-12-21 16:00:00,0.2566599999999999
2018-12-24 13:00:00,0.25736
2018-12-27 15:00:00,0.2570599999999999
2019-01-02 02:00:00,0.2581199999999999
2019-01-02 09:00:00,0.2566399999999999
2019-01-02 23:00:00,0.2542599999999999
2019-01-03 15:00:00,0.2557
2019-01-04 16:00:00,0.2564799999999999
2019-01-07 16:00:00,0.2576199999999999
2019-01-09 19:00:00,0.2592799999999999
2019-01-10 15:00:00,0.25902
2019-01-10 16:00:00,0.2592199999999999
2019-01-14 07:00:00,0.2579399999999999
2019-01-14 16:00:00,0.2582199999999999
2019-01-16 16:00:00,0.2572799999999999
2019-01-17 15:00:00,0.2562799999999999
2019-01-18 18:00:00,0.2557
2019-01-22 07:00:00,0.2555199999999999
2019-01-22 16:00:00,0.2559799999999999
2019-01-22 17:00:00,0.2560999999999999
2019-01-22 20:00:00,0.2557599999999999
2019-01-25 16:00:00,0.2567199999999999
2019-01-28 08:00:00,0.2561599999999999
2019-01-28 16:00:00,0.2575999999999999
2019-01-29 16:00:00,0.2571999999999999
2019-01-31 15:00:00,0.26004
2019-02-01 12:00:00,0.2592799999999999
2019-02-01 16:00:00,0.2585599999999999
2019-02-04 04:00:00,0.25758
2019-02-04 15:00:00,0.2575599999999999
2019-02-06 15:00:00,0.2556599999999999
2019-02-06 16:00:00,0.25558
2019-02-06 17:00:00,0.25558
2019-02-07 14:00:00,0.25458
2019-02-07 15:00:00,0.2546599999999999
2019-02-07 16:00:00,0.2543999999999999
2019-02-08 11:00:00,0.25404
2019-02-08 16:00:00,0.2533399999999999
2019-02-11 02:00:00,0.2535799999999999
2019-02-11 09:00:00,0.2525999999999999
2019-02-11 14:00:00,0.25194
2019-02-11 16:00:00,0.2514399999999999
2019-02-12 08:00:00,0.25092
2019-02-12 09:00:00,0.2510999999999999
2019-02-12 15:00:00,0.2516399999999999
2019-02-12 16:00:00,0.2519999999999999
2019-02-12 17:00:00,0.2519799999999999
2019-02-13 12:00:00,0.2520199999999999
2019-02-13 16:00:00,0.2509599999999999
2019-02-14 15:00:00,0.2506399999999999
2019-02-15 16:00:00,0.2507599999999999
2019-02-19 07:00:00,0.2516599999999999
2019-02-20 09:00:00,0.2523199999999999
2019-02-20 15:00:00,0.2524399999999999
2019-02-20 16:00:00,0.2525399999999999
2019-02-20 17:00:00,0.2528199999999999
2019-02-21 15:00:00,0.2521799999999999
2019-02-22 12:00:00,0.2517999999999999
2019-02-24 23:00:00,0.2518399999999999
2019-02-25 07:00:00,0.2526199999999999
2019-02-25 23:00:00,0.2526199999999999
2019-02-28 15:00:00,0.2547199999999999
2019-03-01 16:00:00,0.2550199999999999
2019-03-05 16:00:00,0.2535399999999999
2019-03-07 15:00:00,0.2515799999999999
2019-03-12 14:00:00,0.2532199999999999
2019-03-14 14:00:00,0.2537399999999999
2019-03-15 15:00:00,0.2543199999999999
2019-03-18 15:00:00,0.2551599999999999
2019-03-19 15:00:00,0.25558
2019-03-20 16:00:00,0.2557999999999998
2019-03-20 18:00:00,0.2572999999999999
2019-03-21 14:00:00,0.2564999999999999
2019-03-21 16:00:00,0.2557399999999999
2019-03-25 17:00:00,0.2540999999999999
2019-03-26 15:00:00,0.2537599999999999
2019-03-27 16:00:00,0.2524799999999998
2019-03-28 13:00:00,0.2518599999999999
2019-03-28 14:00:00,0.2517799999999999
2019-03-28 16:00:00,0.2518999999999999
2019-03-29 14:00:00,0.2513999999999999
2019-03-29 17:00:00,0.2511399999999998
2019-04-01 23:00:00,0.2522799999999999
2019-04-02 13:00:00,0.25148
2019-04-02 15:00:00,0.2507599999999999
2019-04-02 16:00:00,0.2508199999999999
2019-04-04 14:00:00,0.2518399999999999
2019-04-04 15:00:00,0.2523399999999999
2019-04-05 14:00:00,0.2521199999999999
2019-04-05 15:00:00,0.2518399999999999
2019-04-08 15:00:00,0.2533999999999999
2019-04-09 15:00:00,0.2538399999999999
2019-04-10 15:00:00,0.2537799999999999
2019-04-11 14:00:00,0.2537399999999999
2019-04-11 15:00:00,0.2537599999999999
2019-04-15 20:00:00,0.2545999999999999
2019-04-16 01:00:00,0.2549599999999999
2019-04-16 15:00:00,0.2548199999999999
2019-04-17 16:00:00,0.2549799999999999
2019-04-18 15:00:00,0.2531199999999999
2019-04-23 15:00:00,0.2517599999999999
2019-04-24 15:00:00,0.2509199999999998
2019-04-25 14:00:00,0.2500799999999999
2019-04-25 15:00:00,0.2497999999999998
2019-04-26 15:00:00,0.2502799999999999
2019-04-29 02:00:00,0.2502199999999999
2019-04-29 15:00:00,0.25048
2019-04-29 17:00:00,0.2509999999999999
2019-04-30 14:00:00,0.2520999999999999
2019-04-30 15:00:00,0.2515199999999999
2019-05-01 14:00:00,0.2531199999999999
2019-05-02 12:00:00,0.2520599999999999
2019-05-03 15:00:00,0.2519799999999999
2019-05-06 15:00:00,0.2518599999999999
2019-05-08 17:00:00,0.2508599999999999
2019-05-09 07:00:00,0.2507399999999999
2019-05-09 14:00:00,0.2512199999999999
2019-05-10 14:00:00,0.2517999999999998
2019-05-10 15:00:00,0.2517599999999999
2019-05-13 12:00:00,0.2516199999999999
2019-05-13 16:00:00,0.2509799999999999
2019-05-14 12:00:00,0.2509999999999999
2019-05-14 23:00:00,0.2510999999999999
2019-05-15 14:00:00,0.2505599999999999
2019-05-15 15:00:00,0.2503599999999998
2019-05-16 11:00:00,0.2510799999999999
2019-05-16 14:00:00,0.25048
2019-05-16 15:00:00,0.2503399999999999
2019-05-17 09:00:00,0.2494399999999999
2019-05-23 15:00:00,0.2493399999999999
2019-05-24 14:00:00,0.2508999999999999
2019-05-28 15:00:00,0.2504399999999999
2019-05-29 15:00:00,0.2489799999999999
2019-05-30 02:00:00,0.2489799999999999
2019-06-03 15:00:00,0.2520399999999999
2019-06-03 17:00:00,0.2520399999999999
2019-06-03 18:00:00,0.2520399999999999
2019-06-03 23:00:00,0.2520399999999999
2019-06-04 15:00:00,0.2526599999999999
2019-06-06 11:00:00,0.2526199999999999
2019-06-06 14:00:00,0.2535599999999999
2019-06-10 16:00:00,0.2556399999999999
2019-06-12 10:00:00,0.2556799999999999
2019-06-12 11:00:00,0.2555999999999999
2019-06-12 12:00:00,0.2558399999999999
2019-06-13 16:00:00,0.25536
2019-06-14 20:00:00,0.2536599999999999
2019-06-17 15:00:00,0.2538799999999999
2019-06-18 15:00:00,0.2527799999999999
2019-06-19 15:00:00,0.2528599999999999
2019-06-20 14:00:00,0.2556599999999999
2019-06-20 15:00:00,0.2551799999999999
2019-06-21 15:00:00,0.2561999999999999
2019-06-24 15:00:00,0.2577399999999999
2019-06-25 09:00:00,0.2576599999999999
2019-06-26 17:00:00,0.2571199999999999
2019-06-27 07:00:00,0.2567599999999999
2019-06-27 14:00:00,0.2571799999999999
2019-06-27 15:00:00,0.2572999999999999
2019-06-28 15:00:00,0.2580599999999999
2019-06-28 16:00:00,0.2576799999999999
2019-07-01 04:00:00,0.2572599999999999
2019-07-01 15:00:00,0.2572799999999999
2019-07-02 08:00:00,0.2559399999999999
2019-07-02 15:00:00,0.25636
2019-07-05 16:00:00,0.2539999999999999
2019-07-08 15:00:00,0.2532799999999999
2019-07-08 18:00:00,0.2532799999999999
2019-07-09 12:00:00,0.2527399999999999
2019-07-09 13:00:00,0.2526599999999999
2019-07-09 15:00:00,0.2526599999999999
2019-07-10 12:00:00,0.2528199999999999
2019-07-10 15:00:00,0.2534799999999998
2019-07-11 14:00:00,0.2533199999999999
2019-07-12 15:00:00,0.2534999999999999
2019-07-15 08:00:00,0.2538799999999999
2019-07-15 14:00:00,0.2539199999999998
2019-07-15 15:00:00,0.25404
2019-07-16 08:00:00,0.2537799999999999
2019-07-16 15:00:00,0.2532599999999999
2019-07-17 04:00:00,0.2532599999999999
2019-07-17 17:00:00,0.2532199999999999
2019-07-18 10:00:00,0.2534399999999999
2019-07-18 14:00:00,0.2531599999999999
2019-07-19 17:00:00,0.2540599999999999
2019-07-22 11:00:00,0.2538599999999999
2019-07-22 18:00:00,0.2539199999999998
2019-07-24 16:00:00,0.2518199999999999
2019-07-24 23:00:00,0.2517199999999999
2019-07-25 15:00:00,0.2517999999999999
2019-07-25 16:00:00,0.2514999999999999
2019-07-29 07:00:00,0.24992
2019-07-29 13:00:00,0.2494999999999999
2019-07-29 15:00:00,0.2492599999999999
2019-07-30 08:00:00,0.2495399999999999
2019-07-31 12:00:00,0.24958
2019-07-31 15:00:00,0.2494199999999999
2019-08-01 09:00:00,0.2468599999999999
2019-08-01 11:00:00,0.2463399999999999
2019-08-01 14:00:00,0.2465199999999999
2019-08-01 15:00:00,0.2469599999999999
2019-08-02 15:00:00,0.2477399999999999
2019-08-02 16:00:00,0.2476999999999999
2019-08-05 02:00:00,0.2474399999999999
2019-08-05 12:00:00,0.2488599999999999
2019-08-06 15:00:00,0.2490999999999999
2019-08-07 13:00:00,0.24946
2019-08-07 14:00:00,0.2497799999999999
2019-08-07 17:00:00,0.2492999999999999
2019-08-08 16:00:00,0.24914
2019-08-09 15:00:00,0.2487199999999999
2019-08-12 07:00:00,0.2487199999999999
2019-08-13 13:00:00,0.2477999999999999
2019-08-13 14:00:00,0.2476599999999999
2019-08-13 23:00:00,0.2481199999999999
2019-08-14 09:00:00,0.2467199999999998
2019-08-14 14:00:00,0.2445599999999999
2019-08-14 17:00:00,0.2443799999999998
2019-08-15 07:00:00,0.2435599999999999
2019-08-15 09:00:00,0.2430399999999999
2019-08-15 13:00:00,0.2428799999999999
2019-08-16 07:00:00,0.2436999999999999
2019-08-16 10:00:00,0.2457399999999999
2019-08-16 19:00:00,0.2451399999999999
2019-08-20 10:00:00,0.2436199999999999
2019-08-20 15:00:00,0.2438399999999999
2019-08-26 15:00:00,0.2443799999999998
2019-08-29 14:00:00,0.2414599999999999
2019-08-30 12:00:00,0.2412799999999998
2019-08-30 14:00:00,0.2412599999999999
2019-09-03 07:00:00,0.24014
2019-09-03 15:00:00,0.2415799999999999
2019-09-04 15:00:00,0.2436199999999999
2019-09-05 14:00:00,0.2443399999999999
2019-09-06 12:00:00,0.2443399999999999
2019-09-06 14:00:00,0.2439199999999999
2019-09-06 23:00:00,0.2435
2019-09-10 15:00:00,0.2442399999999999
2019-09-12 11:00:00,0.2425799999999999
2019-09-12 14:00:00,0.2436199999999999
2019-09-13 17:00:00,0.2454
2019-09-19 13:00:00,0.2439799999999999
2019-09-20 09:00:00,0.2435399999999999
2019-09-20 11:00:00,0.2421799999999999
2019-09-20 15:00:00,0.2405399999999999
2019-09-23 13:00:00,0.23938
2019-09-23 14:00:00,0.23936
2019-09-24 07:00:00,0.2391799999999999
2019-09-24 16:00:00,0.2404
2019-09-25 16:00:00,0.2387999999999999
2019-09-26 14:00:00,0.2387999999999999
2019-09-30 15:00:00,0.23854
2019-10-01 15:00:00,0.2382599999999999
2019-10-02 13:00:00,0.2395199999999999
2019-10-02 14:00:00,0.2402999999999999
2019-10-03 09:00:00,0.24094
2019-10-03 10:00:00,0.2413399999999999
2019-10-03 14:00:00,0.2424199999999999
2019-10-03 15:00:00,0.2427799999999999
2019-10-04 15:00:00,0.2431999999999999
2019-10-07 14:00:00,0.2426799999999999
2019-10-08 14:00:00,0.2426799999999999
2019-10-08 19:00:00,0.2423199999999999
2019-10-09 15:00:00,0.24294
2019-10-10 14:00:00,0.2445
2019-10-10 15:00:00,0.24406
2019-10-10 20:00:00,0.2442599999999999
2019-10-11 12:00:00,0.2456199999999999
2019-10-11 14:00:00,0.24572
2019-10-14 13:00:00,0.2454599999999999
2019-10-14 15:00:00,0.2456199999999999
2019-10-15 09:00:00,0.2452999999999999
2019-10-15 14:00:00,0.2460999999999999
2019-10-16 07:00:00,0.2462199999999999
2019-10-16 12:00:00,0.2460199999999999
2019-10-16 15:00:00,0.24738
2019-10-17 12:00:00,0.2481999999999999
2019-10-17 14:00:00,0.2485199999999999
2019-10-17 15:00:00,0.2485399999999999
2019-10-18 08:00:00,0.2487599999999999
2019-10-18 13:00:00,0.2488599999999999
2019-10-18 15:00:00,0.2493199999999999
2019-10-18 16:00:00,0.2493199999999999
2019-10-21 09:00:00,0.24984
2019-10-21 13:00:00,0.24948
2019-10-21 15:00:00,0.24924
2019-10-22 12:00:00,0.24914
2019-10-22 15:00:00,0.2497599999999999
2019-10-22 18:00:00,0.2491999999999999
2019-10-23 01:00:00,0.2492999999999999
2019-10-24 14:00:00,0.24846
2019-10-25 11:00:00,0.2488599999999999
2019-10-25 12:00:00,0.24848
2019-10-25 13:00:00,0.2480399999999999
2019-10-28 15:00:00,0.24838
2019-10-29 10:00:00,0.2479999999999999
2019-10-29 12:00:00,0.2485599999999999
2019-10-29 18:00:00,0.24914
2019-10-30 12:00:00,0.24924
2019-10-30 15:00:00,0.24984
2019-10-31 13:00:00,0.25084
2019-10-31 14:00:00,0.2502999999999999
2019-10-31 16:00:00,0.2506
2019-10-31 17:00:00,0.25048
2019-11-01 12:00:00,0.2506199999999999
2019-11-01 13:00:00,0.2509799999999999
2019-11-01 14:00:00,0.2513399999999999
2019-11-01 15:00:00,0.2513399999999999
2019-11-04 08:00:00,0.25136
2019-11-04 17:00:00,0.24994
2019-11-04 20:00:00,0.24948
2019-11-05 13:00:00,0.24924
2019-11-06 17:00:00,0.2483399999999999
2019-11-07 14:00:00,0.24848
2019-11-07 15:00:00,0.2481199999999999
2019-11-11 13:00:00,0.2470999999999999
2019-11-11 16:00:00,0.2470799999999999
2019-11-12 13:00:00,0.2465
2019-11-12 16:00:00,0.2463199999999999
2019-11-13 16:00:00,0.2451999999999999
2019-11-14 15:00:00,0.2450999999999999
2019-11-14 17:00:00,0.2456799999999999
2019-11-15 15:00:00,0.2473199999999999
2019-11-15 17:00:00,0.2472199999999999
2019-11-18 18:00:00,0.2468799999999999
2019-11-20 16:00:00,0.2464399999999999
2019-11-21 09:00:00,0.2469199999999999
2019-11-21 15:00:00,0.2466399999999999
2019-11-21 16:00:00,0.24616
2019-11-21 20:00:00,0.2458999999999999
2019-11-22 13:00:00,0.2461199999999999
2019-11-22 15:00:00,0.2457799999999999
2019-11-22 17:00:00,0.2453399999999999
2019-11-25 01:00:00,0.2452599999999999
2019-11-25 11:00:00,0.2450199999999999
2019-11-25 13:00:00,0.2449999999999999
2019-11-26 14:00:00,0.24474
2019-11-26 16:00:00,0.2444799999999999
2019-11-27 09:00:00,0.2441399999999999
2019-11-27 10:00:00,0.2442199999999999
2019-11-27 15:00:00,0.2441199999999999
2019-11-27 18:00:00,0.2440399999999999
2019-11-28 08:00:00,0.2438199999999999
2019-11-28 13:00:00,0.2433799999999999
2019-11-28 14:00:00,0.2433599999999999
2019-11-29 07:00:00,0.2434199999999999
2019-11-29 08:00:00,0.2434399999999999
2019-11-29 09:00:00,0.2434199999999999
2019-11-29 13:00:00,0.2433199999999999
2019-11-29 15:00:00,0.24406
2019-11-29 16:00:00,0.24406
2019-11-29 17:00:00,0.2440799999999999
2019-12-02 08:00:00,0.2445999999999999
2019-12-02 09:00:00,0.24484
2019-12-02 10:00:00,0.24474
2019-12-02 13:00:00,0.2453399999999999
2019-12-02 14:00:00,0.2459199999999999
2019-12-02 16:00:00,0.2474199999999999
2019-12-02 17:00:00,0.2472199999999999
2019-12-03 14:00:00,0.2476799999999999
2019-12-03 15:00:00,0.2477599999999999
2019-12-03 16:00:00,0.2474799999999999
2019-12-03 17:00:00,0.2478199999999999
2019-12-04 07:00:00,0.2473599999999999
2019-12-04 09:00:00,0.2475199999999999
2019-12-04 10:00:00,0.2474799999999999
2019-12-04 15:00:00,0.2480799999999999
2019-12-04 16:00:00,0.24772
2019-12-05 08:00:00,0.2478599999999999
2019-12-05 10:00:00,0.2480999999999999
2019-12-05 18:00:00,0.2485
2019-12-06 10:00:00,0.2485
2019-12-06 13:00:00,0.2479799999999999
2019-12-06 14:00:00,0.2470599999999999
2019-12-06 17:00:00,0.2470599999999999
2019-12-09 13:00:00,0.2473399999999999
2019-12-09 18:00:00,0.24672
2019-12-12 16:00:00,0.2480399999999999
2019-12-13 01:00:00,0.2493999999999999
2019-12-13 09:00:00,0.2499799999999999
2019-12-13 16:00:00,0.2492199999999999
2019-12-16 09:00:00,0.2498399999999999
2019-12-16 17:00:00,0.2504399999999999
2019-12-16 18:00:00,0.2505599999999999
2019-12-17 13:00:00,0.2506399999999999
2019-12-17 16:00:00,0.2506399999999999
2019-12-17 18:00:00,0.2504199999999999
2019-12-18 11:00:00,0.2494399999999999
2019-12-18 16:00:00,0.24906
2019-12-18 18:00:00,0.24904
2019-12-20 17:00:00,0.2488999999999999
2019-12-23 15:00:00,0.24892
2019-12-24 15:00:00,0.2491999999999999
2019-12-27 16:00:00,0.2507
2019-12-30 08:00:00,0.2512199999999999
2019-12-31 09:00:00,0.2520599999999999
2019-12-31 10:00:00,0.2517799999999999
2020-01-02 08:00:00,0.2519799999999999
2020-01-02 18:00:00,0.2519599999999999
2020-01-03 08:00:00,0.2510999999999999
2020-01-03 17:00:00,0.2520199999999999
2020-01-06 14:00:00,0.2523799999999999
2020-01-06 18:00:00,0.2531999999999999
2020-01-07 09:00:00,0.2526199999999999
2020-01-07 14:00:00,0.2512399999999999
2020-01-07 15:00:00,0.2511799999999999
2020-01-07 17:00:00,0.2516599999999999
2020-01-08 10:00:00,0.2507999999999999
2020-01-09 04:00:00,0.2510799999999999
2020-01-10 01:00:00,0.2501199999999999
2020-01-10 17:00:00,0.2513399999999999
2020-01-14 17:00:00,0.2526599999999999
2020-01-15 08:00:00,0.2520599999999999
2020-01-15 15:00:00,0.2527199999999999
2020-01-15 18:00:00,0.25216
2020-01-16 16:00:00,0.2517399999999999
2020-01-16 17:00:00,0.2516599999999999
2020-01-22 07:00:00,0.2502799999999999
2020-01-22 09:00:00,0.25048
2020-01-22 13:00:00,0.2502399999999999
2020-01-22 18:00:00,0.2500999999999999
2020-01-23 15:00:00,0.2488
2020-01-23 17:00:00,0.2486599999999999
2020-01-24 17:00:00,0.2477199999999998
2020-01-24 18:00:00,0.2479199999999999
2020-01-24 19:00:00,0.2478999999999999
2020-01-27 02:00:00,0.2478199999999999
2020-01-27 09:00:00,0.2468399999999999
2020-01-27 15:00:00,0.2460799999999999
2020-01-27 16:00:00,0.2462399999999999
2020-01-27 20:00:00,0.24616
2020-01-28 15:00:00,0.2463999999999999
2020-01-29 17:00:00,0.2452799999999999
2020-01-30 14:00:00,0.2455399999999999
2020-01-30 16:00:00,0.2455599999999999
2020-01-31 08:00:00,0.2453799999999998
2020-01-31 15:00:00,0.2462999999999999
2020-01-31 17:00:00,0.2465799999999999
2020-01-31 20:00:00,0.2466999999999999
2020-02-03 14:00:00,0.2459599999999999
2020-02-03 15:00:00,0.24572
2020-02-04 15:00:00,0.2468999999999999
2020-02-06 09:00:00,0.2473199999999999
2020-02-06 15:00:00,0.2465999999999999
2020-02-06 16:00:00,0.2464999999999998
2020-02-07 10:00:00,0.2452799999999999
2020-02-07 13:00:00,0.2455599999999999
2020-02-07 14:00:00,0.2453199999999999
2020-02-07 15:00:00,0.2453999999999999
2020-02-07 17:00:00,0.24472
2020-02-10 16:00:00,0.24416
2020-02-10 18:00:00,0.2440999999999999
2020-02-11 16:00:00,0.2451199999999999
2020-02-11 20:00:00,0.2449999999999999
2020-02-12 14:00:00,0.2448999999999999
2020-02-12 16:00:00,0.2449799999999999
2020-02-12 20:00:00,0.2443399999999999
2020-02-13 15:00:00,0.2436399999999999
2020-02-13 16:00:00,0.2439999999999999
2020-02-13 18:00:00,0.2439399999999998
2020-02-13 23:00:00,0.2442399999999999
2020-02-14 08:00:00,0.2441999999999999
2020-02-14 09:00:00,0.24438
2020-02-17 09:00:00,0.2436999999999999
2020-02-18 14:00:00,0.2410799999999999
2020-02-18 16:00:00,0.2418999999999999
2020-02-18 20:00:00,0.2414399999999999
2020-02-20 17:00:00,0.2407599999999999
2020-02-20 19:00:00,0.2405599999999999
2020-02-24 14:00:00,0.24004
2020-02-24 15:00:00,0.2409799999999999
2020-02-24 16:00:00,0.2408199999999999
2020-02-24 17:00:00,0.2409199999999999
2020-02-25 08:00:00,0.2414199999999999
2020-02-25 13:00:00,0.2406999999999999
2020-02-25 17:00:00,0.2412599999999999
2020-02-25 19:00:00,0.2413999999999999
2020-02-26 09:00:00,0.2411199999999999
2020-02-26 18:00:00,0.2406799999999999
2020-02-27 07:00:00,0.2413799999999999
2020-02-27 11:00:00,0.2424999999999998
2020-02-27 14:00:00,0.2426399999999999
2020-02-27 15:00:00,0.2429199999999999
2020-02-27 16:00:00,0.2428399999999999
2020-02-27 19:00:00,0.2430399999999999
2020-02-27 23:00:00,0.2411599999999999
2020-02-28 09:00:00,0.2433199999999999
2020-02-28 12:00:00,0.2424799999999999
2020-02-28 14:00:00,0.2419799999999999
2020-02-28 15:00:00,0.2421799999999999
2020-03-02 07:00:00,0.2450799999999999
2020-03-02 09:00:00,0.2452999999999999
2020-03-02 15:00:00,0.24606
2020-03-02 16:00:00,0.24706
2020-03-02 17:00:00,0.2466999999999999
2020-03-02 20:00:00,0.2466999999999999
2020-03-02 21:00:00,0.2465199999999999
2020-03-03 07:00:00,0.2459999999999999
2020-03-03 10:00:00,0.2465399999999999
2020-03-03 15:00:00,0.2487799999999999
2020-03-03 18:00:00,0.24848
2020-03-03 21:00:00,0.2480799999999999
2020-03-04 14:00:00,0.24706
2020-03-04 15:00:00,0.2477399999999999
2020-03-04 16:00:00,0.2478399999999999
2020-03-05 14:00:00,0.2486399999999999
2020-03-05 15:00:00,0.2486599999999999
2020-03-05 16:00:00,0.2488
2020-03-05 18:00:00,0.2488599999999999
2020-03-05 20:00:00,0.2492199999999999
2020-03-05 21:00:00,0.2498
2020-03-06 09:00:00,0.24982
2020-03-06 10:00:00,0.2511799999999999
2020-03-06 13:00:00,0.2519599999999999
2020-03-06 14:00:00,0.2525199999999999
2020-03-06 15:00:00,0.2520199999999999
2020-03-06 18:00:00,0.2513999999999999
2020-03-09 01:00:00,0.2535999999999999
2020-03-09 07:00:00,0.2530199999999999
2020-03-09 08:00:00,0.2530799999999999
2020-03-09 09:00:00,0.2525999999999999
2020-03-09 10:00:00,0.2526599999999999
2020-03-09 11:00:00,0.25236
2020-03-09 12:00:00,0.2529999999999999
2020-03-09 18:00:00,0.2527
2020-03-09 23:00:00,0.2521999999999999
2020-03-10 14:00:00,0.25138
2020-03-10 17:00:00,0.2498599999999999
2020-03-11 11:00:00,0.25048
2020-03-11 18:00:00,0.24948
2020-03-12 11:00:00,0.2459999999999999
2020-03-12 13:00:00,0.2457399999999999
2020-03-12 15:00:00,0.2424399999999999
2020-03-12 16:00:00,0.2412399999999999
2020-03-12 23:00:00,0.2485599999999999
2020-03-13 14:00:00,0.2427599999999999
2020-03-13 15:00:00,0.2417599999999999
2020-03-13 17:00:00,0.2414999999999998
2020-03-13 18:00:00,0.2422999999999999
2020-03-16 10:00:00,0.2436399999999999
2020-03-16 11:00:00,0.2420599999999999
2020-03-16 12:00:00,0.2426399999999999
2020-03-16 13:00:00,0.2424399999999999
2020-03-16 14:00:00,0.2404799999999999
2020-03-16 17:00:00,0.23982
2020-03-17 11:00:00,0.2336799999999999
2020-03-17 14:00:00,0.23362
2020-03-18 08:00:00,0.2331399999999999
2020-03-18 15:00:00,0.2294599999999999
2020-03-19 15:00:00,0.2255199999999999
2020-03-20 02:00:00,0.2238799999999999
2020-03-20 08:00:00,0.2276399999999999
2020-03-20 13:00:00,0.2244999999999999
2020-03-20 15:00:00,0.2258399999999999
2020-03-20 17:00:00,0.2240799999999999
2020-03-23 16:00:00,0.2214199999999999
2020-03-24 16:00:00,0.2226599999999999
2020-03-25 10:00:00,0.2246399999999999
2020-03-25 14:00:00,0.2242999999999999
2020-03-26 11:00:00,0.22832
2020-03-26 14:00:00,0.2299199999999999
2020-03-26 15:00:00,0.2306399999999999
2020-03-26 16:00:00,0.2313399999999999
2020-03-26 18:00:00,0.2326399999999999
2020-03-26 19:00:00,0.23342
2020-03-27 12:00:00,0.2315399999999999
2020-03-30 18:00:00,0.2314199999999999
2020-04-01 18:00:00,0.2262199999999999
2020-04-02 11:00:00,0.2273599999999999
2020-04-03 13:00:00,0.2246399999999999
2020-04-03 14:00:00,0.2243799999999999
2020-04-07 07:00:00,0.2278599999999999
2020-04-07 12:00:00,0.2297599999999999
2020-04-08 13:00:00,0.2278399999999999
2020-04-08 14:00:00,0.2283599999999999
2020-04-09 14:00:00,0.2294399999999999
2020-04-09 16:00:00,0.2288399999999999
2020-04-09 19:00:00,0.2287399999999999
2020-04-13 10:00:00,0.2277199999999999
2020-04-14 14:00:00,0.2300399999999999
2020-04-14 15:00:00,0.2302599999999999
2020-04-14 17:00:00,0.2307599999999999
2020-04-14 18:00:00,0.2313599999999999
2020-04-15 11:00:00,0.2292599999999999
2020-04-15 16:00:00,0.2288799999999999
2020-04-15 18:00:00,0.2304199999999999
2020-04-15 19:00:00,0.2297799999999999
2020-04-16 07:00:00,0.2281399999999999
2020-04-16 09:00:00,0.2280399999999999
2020-04-16 14:00:00,0.2271599999999999
2020-04-16 15:00:00,0.2266999999999999
2020-04-16 16:00:00,0.2269399999999999
2020-04-17 09:00:00,0.2273799999999999
2020-04-17 11:00:00,0.2280999999999999
2020-04-20 14:00:00,0.2288399999999999
2020-04-20 18:00:00,0.2285599999999999
2020-04-21 08:00:00,0.2270799999999999
2020-04-21 15:00:00,0.2282199999999999
2020-04-22 15:00:00,0.2266399999999999
2020-04-23 14:00:00,0.2268999999999999
2020-04-23 17:00:00,0.2261199999999999
2020-04-23 18:00:00,0.2257999999999999
2020-04-24 12:00:00,0.2270199999999999
2020-04-27 12:00:00,0.2282399999999999
2020-04-27 16:00:00,0.2274199999999999
2020-04-27 19:00:00,0.2271599999999999
2020-04-28 14:00:00,0.22712
2020-04-29 08:00:00,0.2277199999999999
2020-04-29 20:00:00,0.2278999999999999
2020-04-30 09:00:00,0.2282599999999999
2020-04-30 11:00:00,0.22832
2020-04-30 14:00:00,0.22832
2020-04-30 15:00:00,0.2300799999999999
2020-04-30 16:00:00,0.2290399999999999
2020-04-30 18:00:00,0.22962
2020-05-01 11:00:00,0.2293599999999999
2020-05-01 13:00:00,0.2293199999999999
2020-05-04 07:00:00,0.2284399999999999
2020-05-04 16:00:00,0.2277199999999999
2020-05-05 11:00:00,0.2275399999999999
2020-05-05 15:00:00,0.2277799999999999
2020-05-05 18:00:00,0.2276599999999999
2020-05-06 14:00:00,0.2258399999999999
2020-05-06 16:00:00,0.2260199999999999
2020-05-06 19:00:00,0.2257599999999999
2020-05-07 09:00:00,0.2260999999999999
2020-05-07 14:00:00,0.2251199999999999
2020-05-07 17:00:00,0.2263999999999999
2020-05-08 13:00:00,0.2263999999999999
2020-05-08 14:00:00,0.2265999999999999
2020-05-08 15:00:00,0.2271599999999999
2020-05-11 08:00:00,0.2258999999999999
2020-05-11 09:00:00,0.22582
2020-05-12 11:00:00,0.2272199999999999
2020-05-12 12:00:00,0.2272599999999999
2020-05-12 13:00:00,0.2275199999999999
2020-05-14 11:00:00,0.2243999999999999
2020-05-14 12:00:00,0.2245399999999999
2020-05-14 13:00:00,0.2247399999999999
2020-05-14 14:00:00,0.2251599999999999
2020-05-15 08:00:00,0.2258599999999999
2020-05-15 09:00:00,0.2257999999999999
2020-05-15 13:00:00,0.22632
2020-05-18 13:00:00,0.22632
2020-05-18 16:00:00,0.2277399999999999
2020-05-19 13:00:00,0.2288599999999999
2020-05-19 14:00:00,0.2292599999999999
2020-05-19 16:00:00,0.2289199999999999
2020-05-19 23:00:00,0.2287599999999999
2020-05-20 08:00:00,0.2289199999999999
2020-05-20 14:00:00,0.2308599999999999
2020-05-21 10:00:00,0.2305999999999999
2020-05-21 12:00:00,0.2317399999999999
2020-05-21 13:00:00,0.2316399999999999
2020-05-21 14:00:00,0.2315199999999999
2020-05-21 17:00:00,0.2312599999999999
2020-05-22 10:00:00,0.2296599999999999
2020-05-22 14:00:00,0.2297599999999999
2020-05-26 08:00:00,0.2329999999999999
2020-05-26 14:00:00,0.2366199999999999
2020-05-26 15:00:00,0.2365999999999999
2020-05-27 07:00:00,0.2369799999999999
2020-05-27 08:00:00,0.2367399999999999
2020-05-27 13:00:00,0.2360799999999999
2020-05-27 14:00:00,0.2364599999999999
2020-05-27 17:00:00,0.2365599999999999
2020-05-28 13:00:00,0.2371199999999999
2020-05-28 14:00:00,0.23742
2020-05-28 16:00:00,0.2376399999999999
2020-05-28 17:00:00,0.23768
2020-05-28 19:00:00,0.2377599999999999
2020-05-29 07:00:00,0.2378199999999999
2020-05-29 08:00:00,0.2382399999999999
2020-05-29 09:00:00,0.2385999999999999
2020-05-29 13:00:00,0.2387399999999999
2020-05-29 14:00:00,0.2387599999999999
2020-05-29 19:00:00,0.23842
2020-05-29 23:00:00,0.23756
2020-06-01 07:00:00,0.2408199999999999
2020-06-01 14:00:00,0.2413399999999999
2020-06-01 15:00:00,0.2411999999999999
2020-06-01 18:00:00,0.2414199999999999
2020-06-01 19:00:00,0.2413999999999999
2020-06-02 07:00:00,0.24128
2020-06-02 12:00:00,0.2421799999999999
2020-06-02 14:00:00,0.2436799999999999
2020-06-03 09:00:00,0.2440399999999999
2020-06-03 18:00:00,0.2433799999999999
2020-06-04 11:00:00,0.2415599999999999
2020-06-04 12:00:00,0.2426799999999999
2020-06-04 14:00:00,0.2429199999999999
2020-06-04 18:00:00,0.24496
2020-06-05 10:00:00,0.2427599999999999
2020-06-08 08:00:00,0.2433199999999999
2020-06-08 09:00:00,0.2434799999999999
2020-06-08 16:00:00,0.2433799999999999
2020-06-08 18:00:00,0.2441399999999999
2020-06-08 19:00:00,0.2442599999999999
2020-06-08 23:00:00,0.24306
2020-06-09 07:00:00,0.2423999999999999
2020-06-09 13:00:00,0.2441199999999999
2020-06-09 17:00:00,0.2435799999999999
2020-06-09 18:00:00,0.24362
2020-06-10 09:00:00,0.2430799999999999
2020-06-10 18:00:00,0.2444799999999999
2020-06-11 14:00:00,0.24372
2020-06-11 17:00:00,0.2414599999999999
2020-06-12 08:00:00,0.2428199999999999
2020-06-12 09:00:00,0.24272
2020-06-12 18:00:00,0.2404599999999999
2020-06-12 23:00:00,0.2413799999999999
2020-06-15 08:00:00,0.24194
2020-06-15 16:00:00,0.2431799999999999
2020-06-15 17:00:00,0.2436799999999999
2020-06-16 07:00:00,0.2442599999999999
2020-06-16 08:00:00,0.2440799999999999
2020-06-16 13:00:00,0.2427399999999999
2020-06-16 16:00:00,0.2417799999999999
2020-06-16 18:00:00,0.24196
2020-06-16 20:00:00,0.2415799999999999
2020-06-17 10:00:00,0.24106
2020-06-17 11:00:00,0.2410999999999999
2020-06-17 14:00:00,0.24036
2020-06-18 07:00:00,0.24062
2020-06-18 12:00:00,0.23972
2020-06-18 14:00:00,0.2401799999999999
2020-06-19 16:00:00,0.2391999999999999
2020-06-22 08:00:00,0.2401199999999999
2020-06-22 09:00:00,0.2407599999999999
2020-06-22 10:00:00,0.2408999999999999
2020-06-22 11:00:00,0.24062
2020-06-22 14:00:00,0.2415799999999999
2020-06-22 23:00:00,0.2420999999999999
2020-06-23 07:00:00,0.2428599999999999
2020-06-23 09:00:00,0.2429999999999999
2020-06-23 15:00:00,0.2434199999999999
2020-06-24 09:00:00,0.2424599999999999
2020-06-24 11:00:00,0.2425799999999999
2020-06-24 17:00:00,0.2413199999999999
2020-06-24 18:00:00,0.2410999999999999
2020-06-24 19:00:00,0.24106
2020-06-25 12:00:00,0.2393199999999999
2020-06-25 16:00:00,0.2405
2020-06-26 11:00:00,0.23958
2020-06-26 16:00:00,0.2400799999999999
2020-06-29 08:00:00,0.2401799999999999
2020-06-29 14:00:00,0.2407799999999999
2020-06-30 12:00:00,0.2395999999999999
2020-06-30 13:00:00,0.2403799999999999
2020-06-30 14:00:00,0.24128
2020-06-30 23:00:00,0.2408599999999999
2020-07-01 09:00:00,0.2404799999999999
2020-07-01 14:00:00,0.2407799999999999
2020-07-01 15:00:00,0.2400199999999999
2020-07-01 23:00:00,0.2412199999999999
2020-07-02 14:00:00,0.24014
2020-07-02 17:00:00,0.2400999999999999
2020-07-06 03:00:00,0.24128
2020-07-06 08:00:00,0.24096
2020-07-06 14:00:00,0.2419799999999999
2020-07-07 19:00:00,0.2405199999999999
2020-07-08 10:00:00,0.2404399999999999
2020-07-08 17:00:00,0.24162
2020-07-09 07:00:00,0.2418799999999999
2020-07-09 14:00:00,0.2416399999999999
2020-07-09 15:00:00,0.2411199999999999
2020-07-09 19:00:00,0.2413799999999999
2020-07-09 23:00:00,0.2423199999999999
2020-07-10 13:00:00,0.2418399999999999
2020-07-10 16:00:00,0.2418599999999999
2020-07-13 02:00:00,0.24206
2020-07-13 03:00:00,0.2421199999999999
2020-07-13 09:00:00,0.2414399999999999
2020-07-13 14:00:00,0.24206
2020-07-13 23:00:00,0.2422999999999999
2020-07-14 07:00:00,0.2408599999999999
2020-07-14 11:00:00,0.2426399999999999
2020-07-14 12:00:00,0.2425
2020-07-14 15:00:00,0.2433199999999999
2020-07-14 23:00:00,0.24106
2020-07-15 01:00:00,0.24362
2020-07-15 07:00:00,0.2436999999999999
2020-07-15 08:00:00,0.2443399999999999
2020-07-15 09:00:00,0.2441199999999999
2020-07-15 11:00:00,0.2444599999999999
2020-07-15 14:00:00,0.24372
2020-07-16 03:00:00,0.2425399999999999
2020-07-16 04:00:00,0.2425799999999999
2020-07-16 08:00:00,0.24306
2020-07-16 10:00:00,0.2423799999999999
2020-07-16 12:00:00,0.2425399999999999
2020-07-16 13:00:00,0.2434799999999999
2020-07-16 14:00:00,0.2441199999999999
2020-07-16 18:00:00,0.2423399999999999
2020-07-17 08:00:00,0.2431999999999999
2020-07-17 14:00:00,0.2435999999999999
2020-07-20 10:00:00,0.2452599999999999
2020-07-20 12:00:00,0.2447599999999999
2020-07-20 13:00:00,0.2445199999999999
2020-07-21 07:00:00,0.2456399999999999
2020-07-21 08:00:00,0.24616
2020-07-21 11:00:00,0.2462399999999999
2020-07-21 12:00:00,0.24672
2020-07-21 15:00:00,0.2477799999999999
2020-07-21 23:00:00,0.2455
2020-07-22 10:00:00,0.2493999999999999
2020-07-22 12:00:00,0.25026
2020-07-22 13:00:00,0.2507799999999999
2020-07-22 15:00:00,0.25082
2020-07-22 17:00:00,0.2504399999999999
2020-07-23 09:00:00,0.25148
2020-07-23 11:00:00,0.2507999999999999
2020-07-23 14:00:00,0.2514999999999999
2020-07-23 16:00:00,0.25238
2020-07-23 17:00:00,0.2522399999999999
2020-07-23 19:00:00,0.2515199999999999
2020-07-23 23:00:00,0.2508999999999999
2020-07-24 07:00:00,0.25148
2020-07-24 09:00:00,0.2517599999999999
2020-07-24 10:00:00,0.2516199999999999
2020-07-24 11:00:00,0.2512799999999999
2020-07-24 13:00:00,0.2517399999999999
2020-07-24 14:00:00,0.2526799999999999
2020-07-24 15:00:00,0.2522399999999999
2020-07-24 23:00:00,0.2517399999999999
2020-07-27 07:00:00,0.2543399999999999
2020-07-27 11:00:00,0.25492
2020-07-27 14:00:00,0.2566
2020-07-27 15:00:00,0.2565599999999999
2020-07-27 16:00:00,0.25614
2020-07-28 07:00:00,0.2550799999999999
2020-07-28 10:00:00,0.2550799999999999
2020-07-28 13:00:00,0.2550999999999999
2020-07-28 23:00:00,0.2556599999999999
2020-07-29 12:00:00,0.2537799999999999
2020-07-29 13:00:00,0.25482
2020-07-29 18:00:00,0.2558799999999999
2020-07-29 19:00:00,0.2552399999999999
2020-07-29 23:00:00,0.25436
2020-07-30 09:00:00,0.2545599999999999
2020-07-30 10:00:00,0.2548599999999999
2020-07-30 12:00:00,0.2553199999999999
2020-07-30 13:00:00,0.2562799999999999
2020-07-30 14:00:00,0.2553999999999999
2020-07-30 17:00:00,0.2566
2020-07-30 18:00:00,0.25716
2020-07-31 08:00:00,0.2576599999999999
2020-07-31 12:00:00,0.2576
2020-07-31 13:00:00,0.2575199999999999
2020-07-31 14:00:00,0.2570799999999999
2020-07-31 15:00:00,0.25658
2020-07-31 16:00:00,0.25538
2020-07-31 19:00:00,0.2556599999999999
2020-07-31 20:00:00,0.2556599999999999
2020-08-03 13:00:00,0.2537599999999999
2020-08-03 14:00:00,0.25438
2020-08-03 17:00:00,0.25458
2020-08-04 12:00:00,0.2554399999999999
2020-08-04 14:00:00,0.2557999999999999
2020-08-04 15:00:00,0.2563199999999999
2020-08-05 09:00:00,0.2581799999999999
2020-08-05 15:00:00,0.25872
2020-08-06 12:00:00,0.2576199999999999
2020-08-06 13:00:00,0.2576
2020-08-06 18:00:00,0.2571999999999999
2020-08-07 13:00:00,0.2554999999999999
2020-08-10 08:00:00,0.25516
2020-08-10 10:00:00,0.2556399999999999
2020-08-10 11:00:00,0.25538
2020-08-10 12:00:00,0.2558599999999999
2020-08-10 14:00:00,0.2557799999999999
2020-08-11 07:00:00,0.2550799999999999
2020-08-11 09:00:00,0.2562799999999999
2020-08-11 10:00:00,0.2565199999999999
2020-08-11 13:00:00,0.25604
2020-08-11 16:00:00,0.25558
2020-08-11 18:00:00,0.2549799999999999
2020-08-11 19:00:00,0.25492
2020-08-12 07:00:00,0.25492
2020-08-12 10:00:00,0.2556399999999999
2020-08-13 08:00:00,0.2575599999999999
2020-08-13 14:00:00,0.2583399999999999
2020-08-13 18:00:00,0.2565599999999999
2020-08-13 23:00:00,0.25748
2020-08-14 14:00:00,0.2574199999999999
2020-08-14 23:00:00,0.2572199999999999
2020-08-17 14:00:00,0.25848
2020-08-18 04:00:00,0.2588599999999999
2020-08-18 08:00:00,0.25948
2020-08-18 10:00:00,0.2596
2020-08-18 12:00:00,0.2608
2020-08-18 13:00:00,0.2614599999999999
2020-08-18 14:00:00,0.2607399999999999
2020-08-19 08:00:00,0.2608999999999999
2020-08-19 10:00:00,0.26048
2020-08-19 14:00:00,0.2586599999999999
2020-08-19 15:00:00,0.2585599999999999
2020-08-19 16:00:00,0.2579999999999999
2020-08-19 17:00:00,0.25858
2020-08-19 18:00:00,0.2588599999999999
2020-08-20 07:00:00,0.25872
2020-08-20 08:00:00,0.25748
2020-08-20 11:00:00,0.2581799999999999
2020-08-20 13:00:00,0.2576
2020-08-20 14:00:00,0.2581799999999999
2020-08-20 15:00:00,0.25902
2020-08-20 18:00:00,0.2588
2020-08-21 07:00:00,0.2588999999999999
2020-08-21 10:00:00,0.2569399999999999
2020-08-21 12:00:00,0.2558399999999999
2020-08-21 13:00:00,0.2560799999999999
2020-08-21 15:00:00,0.2556399999999999
2020-08-24 10:00:00,0.25716
2020-08-24 11:00:00,0.2576599999999999
2020-08-24 13:00:00,0.25804
2020-08-24 15:00:00,0.25706
2020-08-25 08:00:00,0.2578
2020-08-25 17:00:00,0.2570799999999999
2020-08-26 13:00:00,0.2564999999999999
2020-08-26 15:00:00,0.2558399999999999
2020-08-27 07:00:00,0.2573199999999999
2020-08-27 08:00:00,0.2571799999999999
2020-08-27 10:00:00,0.2564399999999999
2020-08-27 15:00:00,0.25526
2020-08-27 16:00:00,0.2557799999999999
2020-08-27 18:00:00,0.25648
2020-08-28 09:00:00,0.2589999999999999
2020-08-28 11:00:00,0.2596
2020-08-28 12:00:00,0.2590799999999999
2020-08-28 13:00:00,0.2587
2020-08-28 23:00:00,0.25758
2020-08-31 07:00:00,0.2593399999999999
2020-09-01 08:00:00,0.26148
2020-09-01 09:00:00,0.2608999999999999
2020-09-01 11:00:00,0.2614399999999999
2020-09-01 12:00:00,0.2614399999999999
2020-09-01 13:00:00,0.2612799999999999
2020-09-01 14:00:00,0.2604399999999999
2020-09-01 17:00:00,0.2599399999999999
2020-09-01 18:00:00,0.25972
2020-09-02 08:00:00,0.2578799999999999
2020-09-02 10:00:00,0.2578799999999999
2020-09-02 12:00:00,0.2571199999999999
2020-09-02 14:00:00,0.2564199999999999
2020-09-03 07:00:00,0.2558599999999999
2020-09-03 08:00:00,0.2562399999999999
2020-09-03 09:00:00,0.2561999999999999
2020-09-03 12:00:00,0.2556
2020-09-03 13:00:00,0.2554999999999999
2020-09-03 14:00:00,0.2554599999999999
2020-09-03 15:00:00,0.2549999999999999
2020-09-03 18:00:00,0.2557399999999999
2020-09-04 07:00:00,0.25506
2020-09-04 08:00:00,0.2549999999999999
2020-09-04 09:00:00,0.2546799999999999
2020-09-04 10:00:00,0.2547599999999999
2020-09-04 11:00:00,0.2546599999999999
2020-09-04 12:00:00,0.2536399999999999
2020-09-04 13:00:00,0.2529399999999999
2020-09-04 15:00:00,0.2528799999999999
2020-09-04 16:00:00,0.2534199999999999
2020-09-04 19:00:00,0.2543999999999999
2020-09-07 09:00:00,0.25406
2020-09-07 12:00:00,0.25452
2020-09-07 13:00:00,0.2547999999999999
2020-09-07 15:00:00,0.25526
2020-09-08 13:00:00,0.2538999999999999
2020-09-08 14:00:00,0.25404
2020-09-08 15:00:00,0.2534599999999999
2020-09-08 23:00:00,0.2553199999999999
2020-09-09 17:00:00,0.25474
2020-09-10 09:00:00,0.2546799999999999
2020-09-10 10:00:00,0.25474
2020-09-10 11:00:00,0.2547
2020-09-10 12:00:00,0.25594
2020-09-10 14:00:00,0.25516
2020-09-10 15:00:00,0.2557
2020-09-10 19:00:00,0.25394
2020-09-11 07:00:00,0.2554599999999999
2020-09-11 08:00:00,0.25558
2020-09-11 09:00:00,0.2556799999999999
2020-09-11 10:00:00,0.2558799999999999
2020-09-11 11:00:00,0.25584
2020-09-11 12:00:00,0.2552199999999999
2020-09-14 10:00:00,0.25584
2020-09-14 13:00:00,0.25592
2020-09-14 14:00:00,0.25582
2020-09-15 04:00:00,0.25606
2020-09-15 07:00:00,0.2559799999999999
2020-09-15 09:00:00,0.2562399999999999
2020-09-15 10:00:00,0.2565399999999999
2020-09-15 12:00:00,0.25618
2020-09-15 14:00:00,0.2555
2020-09-15 23:00:00,0.2563399999999999
2020-09-16 08:00:00,0.2555399999999999
2020-09-16 10:00:00,0.25618
2020-09-16 12:00:00,0.25552
2020-09-17 08:00:00,0.25414
2020-09-17 09:00:00,0.2533399999999999
2020-09-17 14:00:00,0.25426
2020-09-18 07:00:00,0.2552999999999999
2020-09-18 08:00:00,0.2548999999999999
2020-09-18 14:00:00,0.2548999999999999
2020-09-18 20:00:00,0.25458
2020-09-21 08:00:00,0.2524599999999999
2020-09-21 10:00:00,0.25184
2020-09-21 11:00:00,0.25204
2020-09-21 12:00:00,0.2505
2020-09-21 20:00:00,0.2507799999999999
2020-09-22 10:00:00,0.2508599999999999
2020-09-22 13:00:00,0.25136
2020-09-22 15:00:00,0.2493399999999999
2020-09-23 15:00:00,0.2476599999999999
2020-09-23 18:00:00,0.24732
2020-09-24 08:00:00,0.2464799999999999
2020-09-24 12:00:00,0.2448999999999999
2020-09-24 13:00:00,0.24516
2020-09-24 14:00:00,0.2446599999999999
2020-09-24 18:00:00,0.2452199999999999
2020-09-25 08:00:00,0.24508
2020-09-25 09:00:00,0.24532
2020-09-25 11:00:00,0.24406
2020-09-25 13:00:00,0.2442599999999999
2020-09-25 14:00:00,0.24408
2020-09-25 15:00:00,0.24396
2020-09-25 19:00:00,0.2445999999999999
2020-09-28 08:00:00,0.2448199999999999
2020-09-28 14:00:00,0.24418
2020-09-28 15:00:00,0.2430999999999999
2020-09-28 23:00:00,0.2448199999999999
2020-09-29 10:00:00,0.2450399999999999
2020-09-29 11:00:00,0.2460199999999999
2020-09-29 12:00:00,0.2471199999999999
2020-09-29 13:00:00,0.2479799999999999
2020-09-29 18:00:00,0.2482599999999999
2020-09-30 11:00:00,0.24706
2020-10-01 02:00:00,0.2480399999999999
2020-10-01 10:00:00,0.25004
2020-10-01 11:00:00,0.25018
2020-10-01 14:00:00,0.2501199999999999
2020-10-01 18:00:00,0.2508799999999999
2020-10-02 08:00:00,0.24974
2020-10-02 10:00:00,0.2497799999999999
2020-10-02 23:00:00,0.2497
2020-10-05 08:00:00,0.25052
2020-10-05 10:00:00,0.2502199999999999
2020-10-05 13:00:00,0.2514599999999999
2020-10-05 14:00:00,0.2513
2020-10-05 15:00:00,0.2512199999999999
2020-10-06 17:00:00,0.2516
2020-10-06 19:00:00,0.2506599999999999
2020-10-07 07:00:00,0.2515799999999999
2020-10-08 14:00:00,0.25072
2020-10-08 20:00:00,0.25084
2020-10-09 07:00:00,0.2517
2020-10-09 09:00:00,0.25226
2020-10-09 19:00:00,0.25342
2020-10-09 20:00:00,0.25372
2020-10-12 09:00:00,0.2526
2020-10-12 12:00:00,0.2521199999999999
2020-10-12 17:00:00,0.2530199999999999
2020-10-12 18:00:00,0.2532999999999999
2020-10-12 19:00:00,0.25336
2020-10-13 02:00:00,0.25342
2020-10-13 08:00:00,0.2525399999999999
2020-10-13 11:00:00,0.2520999999999999
2020-10-13 14:00:00,0.2502199999999999
2020-10-13 17:00:00,0.25032
2020-10-13 23:00:00,0.2530999999999999
2020-10-15 10:00:00,0.2460399999999999
2020-10-15 12:00:00,0.2459999999999999
2020-10-15 14:00:00,0.2458999999999999
2020-10-15 15:00:00,0.2458199999999999
2020-10-15 16:00:00,0.2457599999999999
2020-10-15 18:00:00,0.2457599999999999
2020-10-16 07:00:00,0.2462399999999999
2020-10-16 13:00:00,0.2449999999999999
2020-10-16 14:00:00,0.2465799999999999
2020-10-19 08:00:00,0.2468999999999999
2020-10-19 09:00:00,0.2470399999999999
2020-10-19 16:00:00,0.24638
2020-10-20 08:00:00,0.24584
2020-10-20 14:00:00,0.2477799999999999
2020-10-20 18:00:00,0.24818
2020-10-21 07:00:00,0.2486
2020-10-21 08:00:00,0.24716
2020-10-21 10:00:00,0.2474799999999999
2020-10-21 15:00:00,0.24852
2020-10-22 10:00:00,0.2464399999999999
2020-10-22 14:00:00,0.2471399999999999
2020-10-22 16:00:00,0.24728
2020-10-23 12:00:00,0.24752
2020-10-23 14:00:00,0.24672
2020-10-26 04:00:00,0.2481999999999999
2020-10-26 07:00:00,0.2479799999999999
2020-10-26 13:00:00,0.24672
2020-10-26 23:00:00,0.2481999999999999
2020-10-27 08:00:00,0.2463599999999999
2020-10-27 10:00:00,0.2464599999999999
2020-10-27 15:00:00,0.2471999999999999
2020-10-28 13:00:00,0.2430399999999999
2020-10-28 14:00:00,0.24316
2020-10-29 10:00:00,0.24174
2020-10-29 12:00:00,0.2417599999999999
2020-10-29 13:00:00,0.24218
2020-10-29 14:00:00,0.24196
2020-10-29 15:00:00,0.2422199999999999
2020-10-29 19:00:00,0.2413399999999999
2020-10-30 13:00:00,0.24174
2020-11-02 15:00:00,0.2422199999999999
2020-11-02 20:00:00,0.24132
2020-11-03 12:00:00,0.2452199999999999
2020-11-03 15:00:00,0.24662
2020-11-03 16:00:00,0.2470399999999999
2020-11-04 01:00:00,0.24598
2020-11-04 03:00:00,0.2433399999999999
2020-11-04 07:00:00,0.2426599999999999
2020-11-04 16:00:00,0.2465799999999999
2020-11-04 17:00:00,0.24684
2020-11-04 23:00:00,0.2435999999999999
2020-11-05 08:00:00,0.24796
2020-11-05 09:00:00,0.2480199999999999
2020-11-05 15:00:00,0.25062
2020-11-05 17:00:00,0.2494
2020-11-05 19:00:00,0.2497599999999999
2020-11-05 20:00:00,0.2503399999999999
2020-11-05 23:00:00,0.2479199999999999
2020-11-06 03:00:00,0.24962
2020-11-06 08:00:00,0.2508799999999999
2020-11-06 09:00:00,0.25094
2020-11-06 11:00:00,0.25204
2020-11-06 14:00:00,0.25048
2020-11-09 09:00:00,0.2536399999999999
2020-11-09 11:00:00,0.25338
2020-11-09 12:00:00,0.2548999999999999
2020-11-09 13:00:00,0.2550199999999999
2020-11-09 14:00:00,0.25316
2020-11-10 08:00:00,0.2533199999999999
2020-11-10 10:00:00,0.25084
2020-11-10 11:00:00,0.2507
2020-11-11 01:00:00,0.25174
2020-11-11 08:00:00,0.2514
2020-11-11 10:00:00,0.25196
2020-11-11 12:00:00,0.25084
2020-11-12 15:00:00,0.25236
2020-11-12 16:00:00,0.25248
2020-11-12 18:00:00,0.2516599999999999
2020-11-13 09:00:00,0.2519799999999999
2020-11-13 14:00:00,0.2523399999999999
2020-11-13 19:00:00,0.25236
2020-11-16 14:00:00,0.25326
2020-11-16 15:00:00,0.2526599999999999
2020-11-16 17:00:00,0.2537999999999999
2020-11-17 14:00:00,0.2531999999999999
2020-11-18 15:00:00,0.2545
2020-11-18 20:00:00,0.25438
2020-11-19 07:00:00,0.25394
2020-11-19 19:00:00,0.2545399999999999
2020-11-20 14:00:00,0.25482
2020-11-20 15:00:00,0.25452
2020-11-23 08:00:00,0.25442
2020-11-23 10:00:00,0.2549799999999999
2020-11-24 12:00:00,0.2545399999999999
2020-11-25 07:00:00,0.2555
2020-11-25 08:00:00,0.2557
2020-11-25 19:00:00,0.2555
2020-11-25 20:00:00,0.2557999999999999
2020-11-27 09:00:00,0.25472
2020-11-27 13:00:00,0.2544
2020-11-27 15:00:00,0.2550999999999999
2020-11-30 12:00:00,0.2570199999999999
2020-11-30 14:00:00,0.2567599999999999
2020-11-30 15:00:00,0.2567799999999999
2020-11-30 23:00:00,0.2555399999999999
2020-12-01 14:00:00,0.2578599999999999
2020-12-01 19:00:00,0.2597399999999999
2020-12-02 08:00:00,0.25926
2020-12-03 12:00:00,0.2598799999999999
2020-12-03 14:00:00,0.2606
2020-12-03 15:00:00,0.2608799999999999
2020-12-03 17:00:00,0.26072
2020-12-04 08:00:00,0.2607599999999999
2020-12-04 10:00:00,0.2606599999999999
2020-12-04 18:00:00,0.2608
2020-12-04 20:00:00,0.26058
2020-12-07 07:00:00,0.26014
2020-12-07 09:00:00,0.26014
2020-12-07 11:00:00,0.25936
2020-12-07 17:00:00,0.26036
2020-12-07 18:00:00,0.2604
2020-12-08 14:00:00,0.26048
2020-12-08 15:00:00,0.2603
2020-12-08 18:00:00,0.2606399999999999
2020-12-09 07:00:00,0.2615399999999999
2020-12-09 11:00:00,0.2624199999999999
2020-12-09 12:00:00,0.2624199999999999
2020-12-10 13:00:00,0.2625
2020-12-10 14:00:00,0.2624199999999999
2020-12-10 15:00:00,0.26296
2020-12-14 11:00:00,0.2627799999999999
2020-12-14 19:00:00,0.2626799999999999
2020-12-15 18:00:00,0.2625199999999999
2020-12-16 07:00:00,0.2623199999999999
2020-12-17 09:00:00,0.26482
2020-12-17 17:00:00,0.26514
2020-12-17 20:00:00,0.26504
2020-12-18 13:00:00,0.26284
2020-12-18 14:00:00,0.2609999999999999
2020-12-18 16:00:00,0.2618
2020-12-21 07:00:00,0.25894
2020-12-21 08:00:00,0.2598799999999999
2020-12-21 12:00:00,0.2586399999999999
2020-12-22 09:00:00,0.26002
2020-12-22 12:00:00,0.26096
2020-12-22 19:00:00,0.25874
2020-12-23 11:00:00,0.2598799999999999
2020-12-23 15:00:00,0.26018
2020-12-23 17:00:00,0.2593
2020-12-24 11:00:00,0.2596399999999999
2020-12-28 03:00:00,0.2595
2020-12-28 10:00:00,0.26138
2020-12-28 14:00:00,0.2608799999999999
2020-12-28 17:00:00,0.2607599999999999
2020-12-28 19:00:00,0.2604599999999999
2020-12-28 23:00:00,0.2593399999999999
2020-12-29 07:00:00,0.2618999999999999
2020-12-29 10:00:00,0.2596
2020-12-29 11:00:00,0.2585599999999999
2020-12-29 12:00:00,0.25848
2020-12-29 13:00:00,0.2593199999999999
2020-12-29 14:00:00,0.2584
2020-12-29 15:00:00,0.2584599999999999
2020-12-29 17:00:00,0.2587599999999999
2020-12-29 20:00:00,0.25894
2020-12-30 10:00:00,0.26004
2020-12-30 11:00:00,0.26002
2020-12-30 13:00:00,0.25872
2020-12-30 14:00:00,0.2575399999999999
2020-12-30 15:00:00,0.25572
2020-12-30 17:00:00,0.25704
2020-12-30 19:00:00,0.2573199999999999
2020-12-30 20:00:00,0.2574
2020-12-30 21:00:00,0.2574
2020-12-31 08:00:00,0.2550199999999999
2020-12-31 09:00:00,0.25472
2020-12-31 10:00:00,0.25882
2021-01-04 08:00:00,0.25848
2021-01-04 09:00:00,0.25958
2021-01-04 13:00:00,0.25896
2021-01-04 14:00:00,0.2587599999999999
2021-01-04 17:00:00,0.25772
2021-01-04 23:00:00,0.2580199999999999
2021-01-05 01:00:00,0.2577599999999999
2021-01-05 11:00:00,0.25892
2021-01-05 13:00:00,0.2586799999999999
2021-01-05 14:00:00,0.2585399999999999
2021-01-06 07:00:00,0.2615599999999999
2021-01-06 14:00:00,0.2611199999999999
2021-01-06 15:00:00,0.2604599999999999
2021-01-06 16:00:00,0.2598799999999999
2021-01-06 23:00:00,0.26094
2021-01-07 08:00:00,0.2614
2021-01-07 09:00:00,0.26172
2021-01-07 10:00:00,0.2615599999999999
2021-01-07 15:00:00,0.2607399999999999
2021-01-07 19:00:00,0.2605399999999999
2021-01-08 14:00:00,0.2605199999999999
2021-01-08 15:00:00,0.25958
2021-01-08 16:00:00,0.26058
2021-01-08 18:00:00,0.25918
2021-01-11 09:00:00,0.2571199999999999
2021-01-11 11:00:00,0.2578799999999999
2021-01-11 12:00:00,0.2572199999999999
2021-01-11 13:00:00,0.2569799999999999
2021-01-11 14:00:00,0.2570799999999999
2021-01-11 15:00:00,0.2566
2021-01-11 19:00:00,0.25762
2021-01-12 08:00:00,0.25762
2021-01-12 12:00:00,0.2574
2021-01-13 11:00:00,0.2574199999999999
2021-01-13 14:00:00,0.25782
2021-01-13 15:00:00,0.25686
2021-01-13 16:00:00,0.25662
2021-01-14 11:00:00,0.25628
2021-01-14 13:00:00,0.25528
2021-01-14 14:00:00,0.25548
2021-01-14 15:00:00,0.2554399999999999
2021-01-14 18:00:00,0.2565599999999999
2021-01-14 19:00:00,0.25628
2021-01-15 10:00:00,0.2562199999999999
2021-01-15 11:00:00,0.2558799999999999
2021-01-18 01:00:00,0.2551199999999999
2021-01-19 01:00:00,0.2554399999999999
2021-01-19 10:00:00,0.2563199999999999
2021-01-19 11:00:00,0.2562199999999999
2021-01-19 13:00:00,0.25606
2021-01-19 14:00:00,0.2563399999999999
2021-01-19 15:00:00,0.2563399999999999
2021-01-19 17:00:00,0.25628
2021-01-20 07:00:00,0.25696
2021-01-20 08:00:00,0.25704
2021-01-20 15:00:00,0.25604
2021-01-20 23:00:00,0.2570199999999999
2021-01-21 04:00:00,0.25594
2021-01-21 09:00:00,0.25682
2021-01-21 11:00:00,0.2567
2021-01-21 13:00:00,0.25696
2021-01-21 15:00:00,0.2568999999999999
2021-01-21 19:00:00,0.25694
2021-01-22 13:00:00,0.2567
2021-01-22 14:00:00,0.2567
2021-01-25 07:00:00,0.2570999999999999
2021-01-25 10:00:00,0.2563399999999999
2021-01-25 11:00:00,0.2564399999999999
2021-01-25 13:00:00,0.2561199999999999
2021-01-25 14:00:00,0.25636
2021-01-25 16:00:00,0.25606
2021-01-26 09:00:00,0.2555599999999999
2021-01-26 17:00:00,0.2557799999999999
2021-01-27 09:00:00,0.25548
2021-01-27 11:00:00,0.2550199999999999
2021-01-27 14:00:00,0.25404
2021-01-27 16:00:00,0.25494
2021-01-28 08:00:00,0.2542
2021-01-28 12:00:00,0.25484
2021-01-28 16:00:00,0.2557599999999999
2021-01-29 11:00:00,0.2567599999999999
2021-01-29 12:00:00,0.2570999999999999
2021-01-29 14:00:00,0.25718
2021-01-29 15:00:00,0.2575399999999999
2021-01-29 17:00:00,0.25714
2021-02-01 14:00:00,0.25692
2021-02-01 19:00:00,0.2563
2021-02-02 10:00:00,0.25614
2021-02-02 14:00:00,0.2576399999999999
2021-02-03 14:00:00,0.25628
2021-02-03 15:00:00,0.2562
2021-02-03 23:00:00,0.2574
2021-02-04 08:00:00,0.25572
2021-02-04 14:00:00,0.25538
2021-02-04 15:00:00,0.25496
2021-02-04 18:00:00,0.2540799999999999
2021-02-04 19:00:00,0.25452
2021-02-05 12:00:00,0.25514
2021-02-08 13:00:00,0.2575199999999999
2021-02-08 14:00:00,0.2579999999999999
2021-02-08 16:00:00,0.2576399999999999
2021-02-09 13:00:00,0.25884
2021-02-09 14:00:00,0.25892
2021-02-10 02:00:00,0.25962
2021-02-10 09:00:00,0.2594
2021-02-10 14:00:00,0.2594199999999999
2021-02-10 15:00:00,0.2588799999999999
2021-02-10 18:00:00,0.2588999999999999
2021-02-11 09:00:00,0.25806
2021-02-11 11:00:00,0.25758
2021-02-11 14:00:00,0.25848
2021-02-12 11:00:00,0.2578
2021-02-12 17:00:00,0.25838
2021-02-15 07:00:00,0.2586399999999999
2021-02-15 10:00:00,0.25902
2021-02-15 11:00:00,0.25902
2021-02-15 23:00:00,0.25862
2021-02-16 08:00:00,0.2594599999999999
2021-02-16 12:00:00,0.2596
2021-02-16 13:00:00,0.2587
2021-02-17 14:00:00,0.25614
2021-02-17 19:00:00,0.25658
2021-02-18 09:00:00,0.2574599999999999
2021-02-18 14:00:00,0.2576799999999999
2021-02-19 16:00:00,0.2594599999999999
2021-02-19 18:00:00,0.25886
2021-02-22 07:00:00,0.2588
2021-02-22 13:00:00,0.25896
2021-02-22 20:00:00,0.25904
2021-02-23 12:00:00,0.25826
2021-02-24 15:00:00,0.25674
2021-02-25 13:00:00,0.2597599999999999
2021-02-25 19:00:00,0.25814
2021-02-26 20:00:00,0.2555
2021-03-01 13:00:00,0.25458
2021-03-01 19:00:00,0.25448
2021-03-02 09:00:00,0.2532399999999999
2021-03-03 08:00:00,0.25496
2021-03-03 15:00:00,0.2536799999999999
2021-03-03 19:00:00,0.2538799999999999
2021-03-04 10:00:00,0.25314
2021-03-04 11:00:00,0.25338
2021-03-04 18:00:00,0.25096
2021-03-04 19:00:00,0.25108
2021-03-05 13:00:00,0.2482
2021-03-05 14:00:00,0.24784
2021-03-08 10:00:00,0.2462599999999999
2021-03-08 11:00:00,0.24642
2021-03-09 01:00:00,0.2451399999999999
2021-03-09 13:00:00,0.24696
2021-03-11 10:00:00,0.24894
2021-03-11 13:00:00,0.24866
2021-03-15 01:00:00,0.24876
2021-03-15 13:00:00,0.2472599999999999
2021-03-15 23:00:00,0.2483
2021-03-16 14:00:00,0.2469999999999999
2021-03-16 15:00:00,0.24654
2021-03-16 18:00:00,0.24684
2021-03-17 08:00:00,0.2460199999999999
2021-03-17 10:00:00,0.2465999999999999
2021-03-17 14:00:00,0.24556
2021-03-17 16:00:00,0.24584
2021-03-17 18:00:00,0.24662
2021-03-18 07:00:00,0.2469999999999999
2021-03-18 14:00:00,0.24538
2021-03-18 15:00:00,0.24576
2021-03-19 14:00:00,0.24486
2021-03-22 11:00:00,0.24622
2021-03-22 12:00:00,0.2466799999999999
2021-03-22 13:00:00,0.24672
2021-03-23 10:00:00,0.24566
2021-03-24 09:00:00,0.2433
2021-03-24 13:00:00,0.24284
2021-03-24 15:00:00,0.2433399999999999
2021-03-25 12:00:00,0.24216
2021-03-25 20:00:00,0.2415799999999999
2021-03-26 17:00:00,0.24184
2021-03-26 18:00:00,0.2419199999999999
2021-03-29 08:00:00,0.2403
2021-03-29 09:00:00,0.24032
2021-03-29 13:00:00,0.23984
2021-03-29 17:00:00,0.23986
2021-03-29 18:00:00,0.23964
2021-03-29 19:00:00,0.23976
2021-03-29 20:00:00,0.23978
2021-03-30 01:00:00,0.23976
2021-03-30 02:00:00,0.23978
2021-03-30 03:00:00,0.2397999999999999
2021-03-30 08:00:00,0.23988
2021-03-30 15:00:00,0.23948
2021-03-30 23:00:00,0.23972
2021-03-31 08:00:00,0.23972
2021-03-31 14:00:00,0.24036
2021-03-31 17:00:00,0.24112
2021-04-01 08:00:00,0.2415799999999999
2021-04-01 12:00:00,0.2428199999999999
2021-04-01 14:00:00,0.2436799999999999
2021-04-05 04:00:00,0.2431
2021-04-05 14:00:00,0.2452
2021-04-05 19:00:00,0.2443599999999999
2021-04-06 07:00:00,0.2440199999999999
2021-04-06 09:00:00,0.2443599999999999
2021-04-06 13:00:00,0.2453599999999999
2021-04-07 08:00:00,0.2462599999999999
2021-04-07 09:00:00,0.2467799999999999
2021-04-07 12:00:00,0.24688
2021-04-07 14:00:00,0.24838
2021-04-07 15:00:00,0.24756
2021-04-08 13:00:00,0.24954
2021-04-08 18:00:00,0.24974
2021-04-09 01:00:00,0.2496
2021-04-09 09:00:00,0.24954
2021-04-09 10:00:00,0.24942
2021-04-09 18:00:00,0.25048
2021-04-12 14:00:00,0.25042
2021-04-13 07:00:00,0.24906
2021-04-13 08:00:00,0.24844
2021-04-13 14:00:00,0.24906
2021-04-13 15:00:00,0.24908
2021-04-13 23:00:00,0.24944
2021-04-14 15:00:00,0.25014
2021-04-15 01:00:00,0.25022
2021-04-15 13:00:00,0.25028
2021-04-15 14:00:00,0.25048
2021-04-15 18:00:00,0.25062
2021-04-19 14:00:00,0.25156
2021-04-19 19:00:00,0.25192
2021-04-20 03:00:00,0.2523399999999999
2021-04-20 08:00:00,0.2527999999999999
2021-04-20 10:00:00,0.2522
2021-04-20 11:00:00,0.25226
2021-04-21 10:00:00,0.25096
2021-04-22 16:00:00,0.2511199999999999
2021-04-22 18:00:00,0.25054
2021-04-26 14:00:00,0.2524599999999999
2021-04-26 15:00:00,0.2525799999999999
2021-04-26 19:00:00,0.25284
2021-04-27 09:00:00,0.25204
2021-04-28 07:00:00,0.25088
2021-04-28 11:00:00,0.25086
2021-04-28 14:00:00,0.2511999999999999
2021-04-28 18:00:00,0.25248
2021-04-29 07:00:00,0.25198
2021-04-29 12:00:00,0.2531199999999999
2021-04-29 19:00:00,0.2530199999999999
2021-05-03 15:00:00,0.2529999999999999
2021-05-03 17:00:00,0.25306
2021-05-03 18:00:00,0.2531199999999999
2021-05-05 14:00:00,0.24944
2021-05-05 18:00:00,0.2502
2021-05-06 09:00:00,0.25008
2021-05-06 11:00:00,0.25018
2021-05-06 14:00:00,0.25114
2021-05-06 19:00:00,0.25126
2021-05-07 14:00:00,0.25428
2021-05-10 14:00:00,0.2542399999999999
2021-05-10 15:00:00,0.25442
2021-05-10 16:00:00,0.2542399999999999
2021-05-10 17:00:00,0.25406
2021-05-11 11:00:00,0.25482
2021-05-11 18:00:00,0.25508
2021-05-11 23:00:00,0.25486
2021-05-12 11:00:00,0.25456
2021-05-12 12:00:00,0.2534399999999999
2021-05-12 17:00:00,0.2528999999999999
2021-05-12 18:00:00,0.25286
2021-05-13 07:00:00,0.2532399999999999
2021-05-14 15:00:00,0.2554599999999999
2021-05-14 23:00:00,0.25464
2021-05-17 18:00:00,0.25604
2021-05-17 19:00:00,0.25604
2021-05-18 01:00:00,0.25616
2021-05-18 08:00:00,0.25742
2021-05-18 11:00:00,0.2574399999999999
2021-05-18 18:00:00,0.25808
2021-05-19 14:00:00,0.25794
2021-05-20 14:00:00,0.2592399999999999
2021-05-20 19:00:00,0.25954
2021-05-20 23:00:00,0.2568999999999999
2021-05-21 11:00:00,0.2594399999999999
2021-05-21 14:00:00,0.25848
2021-05-21 23:00:00,0.25926
2021-05-24 14:00:00,0.2602
2021-05-24 16:00:00,0.2599999999999999
2021-05-24 17:00:00,0.25998
2021-05-24 18:00:00,0.2600999999999999
2021-05-24 20:00:00,0.2601199999999999
2021-05-25 11:00:00,0.26062
2021-05-26 14:00:00,0.25998
2021-05-26 17:00:00,0.25908
2021-05-26 19:00:00,0.25866
2021-05-28 09:00:00,0.25926
2021-06-01 12:00:00,0.26128
2021-06-01 13:00:00,0.2614
2021-06-01 14:00:00,0.26196
2021-06-01 15:00:00,0.26194
2021-06-02 10:00:00,0.2598999999999999
2021-06-02 13:00:00,0.26104
2021-06-02 15:00:00,0.26132
2021-06-02 16:00:00,0.2614
2021-06-03 19:00:00,0.25948
2021-06-03 23:00:00,0.25948
2021-06-04 09:00:00,0.25838
2021-06-04 14:00:00,0.2602
2021-06-04 18:00:00,0.26028
2021-06-07 13:00:00,0.2598799999999999
2021-06-08 07:00:00,0.2600799999999999
2021-06-08 16:00:00,0.2599999999999999
2021-06-09 07:00:00,0.2607399999999999
2021-06-09 09:00:00,0.2610399999999999
2021-06-09 14:00:00,0.2614399999999999
2021-06-09 15:00:00,0.2599199999999999
2021-06-09 16:00:00,0.2597199999999999
2021-06-10 09:00:00,0.2589999999999999
2021-06-10 10:00:00,0.2585999999999999
2021-06-10 18:00:00,0.2598799999999999
2021-06-11 10:00:00,0.2589999999999999
2021-06-11 13:00:00,0.2579999999999999
2021-06-11 16:00:00,0.2562399999999999
2021-06-14 15:00:00,0.2558399999999999
2021-06-15 18:00:00,0.2548999999999999
2021-06-16 09:00:00,0.25538
2021-06-16 14:00:00,0.2559399999999999
2021-06-16 15:00:00,0.2556599999999999
2021-06-16 18:00:00,0.2528599999999999
2021-06-17 16:00:00,0.2484999999999999
2021-06-18 03:00:00,0.2488
2021-06-18 08:00:00,0.24936
2021-06-18 10:00:00,0.2493399999999999
2021-06-18 12:00:00,0.24838
2021-06-18 14:00:00,0.2477799999999999
2021-06-18 19:00:00,0.2481599999999998
2021-06-21 18:00:00,0.2503599999999999
2021-06-22 10:00:00,0.2498199999999999
2021-06-22 14:00:00,0.2508199999999999
2021-06-23 14:00:00,0.2515199999999999
2021-06-24 13:00:00,0.2515399999999999
2021-06-24 15:00:00,0.2512199999999999
2021-06-25 09:00:00,0.2524399999999999
2021-06-25 14:00:00,0.2523399999999999
2021-06-25 16:00:00,0.2518199999999999
2021-06-25 23:00:00,0.2520999999999999
2021-06-28 11:00:00,0.2521999999999999
2021-06-28 13:00:00,0.2520799999999999
2021-06-29 07:00:00,0.2517
2021-06-30 16:00:00,0.2495399999999999
2021-07-01 01:00:00,0.24936
2021-07-01 18:00:00,0.2490799999999999
2021-07-02 09:00:00,0.2484199999999999
2021-07-02 10:00:00,0.24858
2021-07-02 12:00:00,0.2495399999999999
2021-07-05 11:00:00,0.2508599999999999
2021-07-06 11:00:00,0.2506399999999999
2021-07-06 13:00:00,0.2503399999999999
2021-07-06 17:00:00,0.24924
2021-07-07 14:00:00,0.2471399999999999
2021-07-07 15:00:00,0.2477199999999998
2021-07-07 17:00:00,0.2478399999999999
2021-07-07 18:00:00,0.2475799999999999
2021-07-08 16:00:00,0.2479599999999999
2021-07-08 18:00:00,0.2475999999999998
2021-07-08 23:00:00,0.2470399999999999
2021-07-09 07:00:00,0.2480399999999999
2021-07-09 09:00:00,0.2477399999999999
2021-07-09 10:00:00,0.2480999999999999
2021-07-12 14:00:00,0.2480999999999999
2021-07-12 18:00:00,0.2477199999999998
2021-07-12 19:00:00,0.2476799999999999
2021-07-13 12:00:00,0.2468199999999998
2021-07-13 15:00:00,0.2453999999999999
2021-07-13 17:00:00,0.2446999999999999
2021-07-13 18:00:00,0.2449599999999999
2021-07-13 19:00:00,0.2444599999999999
2021-07-13 20:00:00,0.2446199999999999
2021-07-14 13:00:00,0.2460999999999999
2021-07-14 14:00:00,0.2456599999999999
2021-07-15 07:00:00,0.2458199999999999
2021-07-15 18:00:00,0.2450199999999999
2021-07-16 08:00:00,0.2447399999999999
2021-07-16 15:00:00,0.2452199999999999
2021-07-16 18:00:00,0.24494
2021-07-16 19:00:00,0.2449199999999999
2021-07-19 12:00:00,0.2440399999999999
2021-07-19 15:00:00,0.2440599999999999
2021-07-19 18:00:00,0.2438999999999999
2021-07-20 08:00:00,0.2437799999999999
2021-07-20 13:00:00,0.2435399999999999
2021-07-20 14:00:00,0.2432999999999999
2021-07-20 15:00:00,0.2431999999999999
2021-07-20 18:00:00,0.2439199999999999
2021-07-20 19:00:00,0.24394
2021-07-21 08:00:00,0.2431999999999999
2021-07-21 15:00:00,0.2444599999999999
2021-07-21 16:00:00,0.2449599999999999
2021-07-22 13:00:00,0.2465599999999999
2021-07-22 15:00:00,0.2455199999999999
2021-07-22 17:00:00,0.2447999999999999
2021-07-23 15:00:00,0.2445199999999999
2021-07-26 10:00:00,0.24428
2021-07-26 13:00:00,0.2444599999999999
2021-07-26 14:00:00,0.2444799999999999
2021-07-26 15:00:00,0.2444599999999999
2021-07-26 16:00:00,0.2444599999999999
2021-07-27 07:00:00,0.2437399999999999
2021-07-27 12:00:00,0.2446599999999999
2021-07-27 13:00:00,0.2443999999999999
2021-07-27 15:00:00,0.2450399999999999
2021-07-27 17:00:00,0.2448999999999999
2021-07-27 18:00:00,0.2443199999999999
2021-07-27 19:00:00,0.2443199999999999
2021-07-27 23:00:00,0.2442599999999999
2021-07-28 18:00:00,0.2447999999999999
2021-07-29 12:00:00,0.2468399999999999
2021-07-29 13:00:00,0.2468199999999998
2021-07-29 15:00:00,0.2470599999999999
2021-07-29 18:00:00,0.2476199999999999
2021-07-29 19:00:00,0.2475799999999999
2021-07-30 07:00:00,0.2473199999999999
2021-07-30 08:00:00,0.2481799999999999
2021-07-30 14:00:00,0.2477599999999999
2021-07-30 15:00:00,0.2472399999999999
2021-07-30 17:00:00,0.2470399999999999
2021-07-30 18:00:00,0.2467399999999999
2021-07-30 19:00:00,0.2467199999999998
2021-07-30 20:00:00,0.2467599999999999
2021-08-02 10:00:00,0.2479799999999999
2021-08-02 12:00:00,0.2481399999999999
2021-08-02 18:00:00,0.2477399999999999
2021-08-02 19:00:00,0.2477399999999999
2021-08-03 07:00:00,0.2483399999999999
2021-08-03 13:00:00,0.2479799999999999
2021-08-03 18:00:00,0.2479399999999998
2021-08-03 19:00:00,0.2479599999999999
2021-08-04 09:00:00,0.24828
2021-08-04 13:00:00,0.2493399999999999
2021-08-04 19:00:00,0.2476999999999999
2021-08-05 11:00:00,0.2478799999999999
2021-08-05 19:00:00,0.2475599999999999
2021-08-06 13:00:00,0.2458199999999999
2021-08-06 15:00:00,0.2446799999999999
2021-08-09 12:00:00,0.2452599999999999
2021-08-09 15:00:00,0.2447999999999999
2021-08-10 10:00:00,0.2434599999999999
2021-08-10 15:00:00,0.2434599999999999
2021-08-11 12:00:00,0.2437999999999999
2021-08-11 14:00:00,0.2436399999999999
2021-08-11 18:00:00,0.2437799999999999
2021-08-11 19:00:00,0.2435399999999999
2021-08-12 12:00:00,0.2430999999999999
2021-08-12 15:00:00,0.2435999999999998
2021-08-12 19:00:00,0.2436799999999999
2021-08-13 09:00:00,0.2441599999999998
2021-08-13 13:00:00,0.2444999999999998
2021-08-13 18:00:00,0.2456799999999999
2021-08-13 19:00:00,0.2456999999999999
2021-08-16 13:00:00,0.24528
2021-08-16 14:00:00,0.2453999999999999
2021-08-16 15:00:00,0.2456799999999999
2021-08-16 18:00:00,0.2454599999999999
2021-08-16 19:00:00,0.2454799999999999
2021-08-17 13:00:00,0.2444999999999998
2021-08-17 14:00:00,0.2442999999999999
2021-08-17 15:00:00,0.2440799999999999
2021-08-17 18:00:00,0.2438599999999999
2021-08-17 19:00:00,0.2438399999999999
2021-08-18 07:00:00,0.2444799999999999
2021-08-18 14:00:00,0.2440799999999999
2021-08-18 18:00:00,0.2445599999999999
2021-08-19 13:00:00,0.2424999999999998
2021-08-19 17:00:00,0.2422999999999999
2021-08-19 18:00:00,0.2417999999999999
2021-08-20 13:00:00,0.2417599999999999
2021-08-20 17:00:00,0.2423399999999999
2021-08-20 18:00:00,0.2424199999999999
2021-08-20 19:00:00,0.2423399999999999
2021-08-23 10:00:00,0.2425599999999999
2021-08-23 14:00:00,0.2430999999999999
2021-08-23 15:00:00,0.2432599999999999
2021-08-24 09:00:00,0.2435399999999999
2021-08-24 19:00:00,0.2444999999999998
2021-08-25 14:00:00,0.2442999999999999
2021-08-25 15:00:00,0.2440199999999999
2021-08-25 18:00:00,0.2446199999999999
2021-08-26 10:00:00,0.2446199999999999
2021-08-26 14:00:00,0.2445399999999999
2021-08-27 14:00:00,0.2451999999999999
2021-08-27 15:00:00,0.2450399999999999
2021-08-27 19:00:00,0.2451799999999999
2021-08-30 07:00:00,0.2451599999999998
2021-08-30 15:00:00,0.2460599999999999
2021-08-31 11:00:00,0.2485199999999999
2021-08-31 14:00:00,0.2491599999999999
2021-08-31 15:00:00,0.2482199999999999
2021-08-31 17:00:00,0.2483199999999999
2021-08-31 19:00:00,0.24836
2021-09-01 14:00:00,0.2501599999999999
2021-09-01 15:00:00,0.25048
2021-09-01 19:00:00,0.2501799999999999
2021-09-02 11:00:00,0.2501799999999999
2021-09-02 12:00:00,0.2499799999999999
2021-09-02 13:00:00,0.2502799999999999
2021-09-02 15:00:00,0.25004
2021-09-02 17:00:00,0.2501799999999999
2021-09-02 19:00:00,0.2502999999999999
2021-09-03 10:00:00,0.2502999999999999
2021-09-03 12:00:00,0.2507199999999999
2021-09-03 13:00:00,0.2507799999999999
2021-09-03 19:00:00,0.2510199999999998
2021-09-07 10:00:00,0.2499399999999999
2021-09-07 11:00:00,0.25026
2021-09-07 12:00:00,0.24994
2021-09-07 13:00:00,0.2497
2021-09-07 14:00:00,0.24958
2021-09-07 15:00:00,0.24948
2021-09-07 17:00:00,0.25016
2021-09-07 20:00:00,0.2497799999999999
2021-09-08 14:00:00,0.2485599999999999
2021-09-08 15:00:00,0.24916
2021-09-08 16:00:00,0.2491799999999999
2021-09-08 20:00:00,0.2489999999999999
2021-09-09 07:00:00,0.24838
2021-09-09 12:00:00,0.24858
2021-09-09 19:00:00,0.2475799999999999
2021-09-10 18:00:00,0.2473999999999999
2021-09-14 07:00:00,0.2468999999999999
2021-09-14 15:00:00,0.2473399999999999
2021-09-15 15:00:00,0.2462999999999999
2021-09-15 19:00:00,0.2461999999999999
2021-09-16 11:00:00,0.2442999999999999
2021-09-16 13:00:00,0.2440999999999999
2021-09-16 14:00:00,0.2438999999999999
2021-09-16 19:00:00,0.2446799999999999
2021-09-17 10:00:00,0.2445599999999999
2021-09-17 14:00:00,0.2437599999999999
2021-09-17 15:00:00,0.24294
2021-09-17 20:00:00,0.2431199999999999
2021-09-20 09:00:00,0.2416999999999999
2021-09-20 10:00:00,0.2420799999999999
2021-09-20 14:00:00,0.2421399999999999
2021-09-20 15:00:00,0.2418999999999999
2021-09-20 19:00:00,0.2416399999999999
2021-09-21 08:00:00,0.2417599999999999
2021-09-21 11:00:00,0.2412399999999999
2021-09-21 12:00:00,0.24084
2021-09-21 13:00:00,0.24094
2021-09-21 19:00:00,0.2410199999999999
2021-09-21 23:00:00,0.2422599999999999
2021-09-22 10:00:00,0.2408199999999999
2021-09-22 13:00:00,0.2405199999999999
2021-09-22 15:00:00,0.2413199999999999
2021-09-22 16:00:00,0.2411799999999999
2021-09-23 08:00:00,0.2420199999999999
2021-09-23 12:00:00,0.2417599999999999
2021-09-23 14:00:00,0.2425
2021-09-24 09:00:00,0.2420799999999999
2021-09-24 15:00:00,0.2414599999999999
2021-09-28 09:00:00,0.2403199999999999
2021-09-28 13:00:00,0.2398599999999999
2021-09-28 20:00:00,0.23948
2021-09-29 14:00:00,0.2380399999999999
2021-09-29 17:00:00,0.2376999999999999
2021-09-29 18:00:00,0.2379199999999999
2021-09-29 20:00:00,0.2374799999999999
2021-09-30 08:00:00,0.2381399999999999
2021-09-30 19:00:00,0.23822
2021-10-01 10:00:00,0.2396599999999999
2021-10-01 20:00:00,0.24028
2021-10-04 11:00:00,0.2417799999999999
2021-10-04 14:00:00,0.2407999999999999
2021-10-04 15:00:00,0.2404599999999999
2021-10-04 19:00:00,0.24016
2021-10-04 20:00:00,0.24014
2021-10-05 14:00:00,0.2386799999999999
2021-10-05 16:00:00,0.2384399999999999
2021-10-05 19:00:00,0.2391599999999999
2021-10-05 20:00:00,0.2391799999999999
2021-10-06 07:00:00,0.2369599999999999
2021-10-06 08:00:00,0.2372999999999999
2021-10-06 09:00:00,0.2377599999999999
2021-10-06 13:00:00,0.2397599999999999
2021-10-06 14:00:00,0.2404
2021-10-06 15:00:00,0.2403799999999999
2021-10-06 16:00:00,0.2405399999999999
2021-10-06 17:00:00,0.2406199999999999
2021-10-06 19:00:00,0.2404599999999999
2021-10-06 20:00:00,0.2406599999999999
2021-10-07 07:00:00,0.2413799999999999
2021-10-07 09:00:00,0.2413399999999999
2021-10-07 11:00:00,0.2415
2021-10-07 14:00:00,0.23982
2021-10-07 15:00:00,0.2395599999999999
2021-10-07 20:00:00,0.2396
2021-10-08 10:00:00,0.23784
2021-10-08 17:00:00,0.23774
2021-10-08 19:00:00,0.2382599999999999
2021-10-11 07:00:00,0.2389199999999999
2021-10-11 09:00:00,0.2374799999999999
2021-10-11 12:00:00,0.23906
2021-10-11 15:00:00,0.23936
2021-10-11 20:00:00,0.2387999999999999
2021-10-12 11:00:00,0.2392999999999999
2021-10-12 20:00:00,0.2385999999999999
2021-10-13 10:00:00,0.2396
2021-10-13 14:00:00,0.2396599999999999
2021-10-13 15:00:00,0.2397599999999999
2021-10-13 19:00:00,0.24028
2021-10-14 19:00:00,0.2408199999999999
2021-10-15 13:00:00,0.2411799999999999
2021-10-15 23:00:00,0.2409199999999999
2021-10-18 03:00:00,0.2407599999999999
2021-10-19 09:00:00,0.24206
2021-10-19 14:00:00,0.2409599999999999
2021-10-19 15:00:00,0.2408999999999999
2021-10-20 08:00:00,0.2406799999999999
2021-10-20 13:00:00,0.24026
2021-10-20 14:00:00,0.2406599999999999
2021-10-20 19:00:00,0.2412199999999999
2021-10-20 23:00:00,0.2412999999999999
2021-10-21 11:00:00,0.2399999999999999
2021-10-21 18:00:00,0.2394199999999999
2021-10-21 20:00:00,0.2396199999999999
2021-10-22 12:00:00,0.24026
2021-10-22 14:00:00,0.24006
2021-10-22 15:00:00,0.23992
2021-10-22 20:00:00,0.23958
2021-10-26 08:00:00,0.2384799999999999
2021-10-26 09:00:00,0.2389199999999999
2021-10-26 10:00:00,0.2394
2021-10-26 19:00:00,0.2391199999999999
2021-10-27 09:00:00,0.2382999999999999
2021-10-27 10:00:00,0.2380799999999999
2021-10-27 12:00:00,0.2385199999999999
2021-10-27 13:00:00,0.23834
2021-10-28 11:00:00,0.2387999999999999
2021-10-28 14:00:00,0.2400199999999999
2021-10-28 15:00:00,0.23994
2021-10-28 20:00:00,0.2396199999999999
2021-10-29 15:00:00,0.2378799999999999
2021-10-29 17:00:00,0.2375999999999999
2021-10-29 19:00:00,0.2378599999999999
2021-11-02 13:00:00,0.2385399999999999
2021-11-02 20:00:00,0.2382999999999999
2021-11-03 14:00:00,0.2394
2021-11-03 15:00:00,0.2390799999999999
2021-11-03 18:00:00,0.24026
2021-11-03 19:00:00,0.2401999999999999
2021-11-04 10:00:00,0.2376999999999999
2021-11-04 13:00:00,0.23822
2021-11-05 09:00:00,0.2372199999999999
2021-11-09 09:00:00,0.2396799999999999
2021-11-09 13:00:00,0.2392399999999999
2021-11-09 14:00:00,0.23974
2021-11-09 21:00:00,0.2394199999999999
2021-11-10 15:00:00,0.2364999999999999
2021-11-10 16:00:00,0.2368799999999999
2021-11-10 20:00:00,0.2359799999999999
2021-11-11 09:00:00,0.2345199999999999
2021-11-11 16:00:00,0.2346599999999999
2021-11-11 17:00:00,0.2345799999999999
2021-11-11 20:00:00,0.2341999999999999
2021-11-12 11:00:00,0.2332999999999999
2021-11-12 15:00:00,0.2338399999999999
2021-11-15 14:00:00,0.2336599999999999
2021-11-15 19:00:00,0.2323199999999999
2021-11-16 11:00:00,0.2309599999999999
2021-11-16 17:00:00,0.2307999999999999
2021-11-16 21:00:00,0.2298999999999999
2021-11-17 02:00:00,0.2302199999999999
2021-11-17 10:00:00,0.2298999999999999
2021-11-17 13:00:00,0.2297199999999999
2021-11-17 15:00:00,0.2296399999999999
2021-11-17 16:00:00,0.2299999999999999
2021-11-18 08:00:00,0.2309999999999999
2021-11-18 13:00:00,0.2304799999999999
2021-11-18 14:00:00,0.2298799999999999
2021-11-18 16:00:00,0.2300599999999999
2021-11-18 18:00:00,0.2303999999999999
2021-11-18 19:00:00,0.2306399999999999
2021-11-19 09:00:00,0.2279999999999999
2021-11-19 17:00:00,0.2275999999999999
2021-11-19 18:00:00,0.2274799999999999
2021-11-19 19:00:00,0.2274599999999999
2021-11-19 20:00:00,0.2276399999999999
2021-11-22 02:00:00,0.2274599999999999
2021-11-22 03:00:00,0.2273199999999999
2021-11-22 12:00:00,0.2259999999999999
2021-11-22 14:00:00,0.2275399999999999
2021-11-22 17:00:00,0.2260599999999999
2021-11-22 18:00:00,0.2259599999999999
2021-11-23 07:00:00,0.2257799999999999
2021-11-23 13:00:00,0.2256399999999999
2021-11-23 16:00:00,0.2264599999999999
2021-11-23 23:00:00,0.2256399999999999
2021-11-24 07:00:00,0.2268599999999999
2021-11-24 08:00:00,0.2268599999999999
2021-11-24 15:00:00,0.2262999999999999
2021-11-24 19:00:00,0.2264599999999999
2021-11-24 20:00:00,0.2263999999999999
2021-11-24 21:00:00,0.2264599999999999
2021-11-26 07:00:00,0.22674
2021-11-26 08:00:00,0.2266799999999999
2021-11-26 09:00:00,0.2266199999999999
2021-11-26 15:00:00,0.2270999999999999
2021-11-26 16:00:00,0.2271599999999999
2021-11-26 23:00:00,0.2266199999999999
2021-11-29 03:00:00,0.2270799999999999
2021-11-29 08:00:00,0.2271599999999999
2021-11-29 12:00:00,0.2272799999999999
2021-11-29 13:00:00,0.2273999999999999
2021-11-29 14:00:00,0.2275199999999999
2021-11-29 15:00:00,0.2273799999999999
2021-11-29 16:00:00,0.2275599999999999
2021-11-29 17:00:00,0.2279199999999999
2021-11-29 18:00:00,0.2280799999999999
2021-11-29 19:00:00,0.2280199999999999
2021-11-29 20:00:00,0.2281399999999999
2021-11-30 03:00:00,0.2287199999999999
2021-11-30 08:00:00,0.2298999999999999
2021-11-30 15:00:00,0.2289199999999999
2021-11-30 19:00:00,0.2303199999999999
2021-12-01 07:00:00,0.2309199999999999
2021-12-01 11:00:00,0.2313199999999999
2021-12-01 13:00:00,0.2324399999999999
2021-12-01 15:00:00,0.2320999999999999
2021-12-01 16:00:00,0.2320599999999999
2021-12-01 21:00:00,0.2318999999999999
2021-12-02 08:00:00,0.2338599999999999
2021-12-02 09:00:00,0.2333599999999999
2021-12-02 10:00:00,0.2331599999999999
2021-12-02 12:00:00,0.2339199999999999
2021-12-02 13:00:00,0.2337999999999999
2021-12-03 07:00:00,0.2318199999999999
2021-12-03 10:00:00,0.2334399999999999
2021-12-03 11:00:00,0.2332999999999999
2021-12-03 12:00:00,0.2333799999999999
2021-12-03 13:00:00,0.2332799999999999
2021-12-06 08:00:00,0.2331999999999999
2021-12-06 12:00:00,0.2330999999999999
2021-12-06 13:00:00,0.23304
2021-12-06 14:00:00,0.2328599999999999
2021-12-06 16:00:00,0.23284
2021-12-06 20:00:00,0.23292
2021-12-07 11:00:00,0.2321799999999999
2021-12-07 13:00:00,0.2321599999999999
2021-12-07 17:00:00,0.2328999999999999
2021-12-08 15:00:00,0.23364
2021-12-08 16:00:00,0.23306
2021-12-08 19:00:00,0.2333999999999999
2021-12-09 10:00:00,0.2329399999999999
2021-12-09 14:00:00,0.23334
2021-12-09 15:00:00,0.2332399999999999
2021-12-10 14:00:00,0.2320399999999999
2021-12-10 15:00:00,0.2320799999999999
2021-12-10 16:00:00,0.2327399999999999
2021-12-10 20:00:00,0.2327399999999999
2021-12-10 23:00:00,0.2331799999999999
2021-12-13 13:00:00,0.2318999999999999
2021-12-13 14:00:00,0.23162
2021-12-13 16:00:00,0.2309999999999999
2021-12-14 14:00:00,0.2317799999999999
2021-12-15 09:00:00,0.23148
2021-12-15 14:00:00,0.2308199999999999
2021-12-15 15:00:00,0.2309999999999999
2021-12-15 16:00:00,0.23126
2021-12-15 20:00:00,0.23192
2021-12-16 12:00:00,0.2322999999999999
2021-12-16 19:00:00,0.2322399999999999
2021-12-17 12:00:00,0.23206
2021-12-20 10:00:00,0.2304599999999999
2021-12-20 14:00:00,0.2315399999999999
2021-12-20 15:00:00,0.2318799999999999
2021-12-20 20:00:00,0.2315799999999999
2021-12-21 09:00:00,0.2321599999999999
2021-12-21 18:00:00,0.23198
2021-12-22 14:00:00,0.2323999999999999
2021-12-22 15:00:00,0.23226
2021-12-23 12:00:00,0.23222
2021-12-23 13:00:00,0.23272
2021-12-27 18:00:00,0.2337599999999999
2021-12-28 09:00:00,0.2340999999999999
2021-12-28 15:00:00,0.23392
2021-12-29 10:00:00,0.2334599999999999
2021-12-29 15:00:00,0.2353599999999999
2021-12-30 08:00:00,0.23414
2021-12-30 09:00:00,0.23406
2021-12-30 13:00:00,0.2343599999999999
2021-12-30 14:00:00,0.2343199999999999
2021-12-30 16:00:00,0.23456
2021-12-30 18:00:00,0.2339999999999999
2022-01-03 11:00:00,0.2354799999999999
2022-01-03 14:00:00,0.2350399999999999
2022-01-03 17:00:00,0.2344599999999999
2022-01-03 19:00:00,0.23478
2022-01-04 09:00:00,0.2348999999999999
2022-01-04 15:00:00,0.2353199999999999
2022-01-04 16:00:00,0.23534
2022-01-04 17:00:00,0.2354599999999999
2022-01-04 18:00:00,0.2355
2022-01-04 19:00:00,0.2354399999999999
2022-01-05 15:00:00,0.2363999999999999
2022-01-05 17:00:00,0.2363999999999999
2022-01-05 20:00:00,0.2354399999999999
2022-01-05 21:00:00,0.2354399999999999
2022-01-06 14:00:00,0.2368199999999999
2022-01-07 14:00:00,0.23714
2022-01-10 08:00:00,0.2372999999999999
2022-01-10 10:00:00,0.23802
2022-01-10 16:00:00,0.2376599999999999
2022-01-11 10:00:00,0.2375399999999999
2022-01-11 14:00:00,0.2376199999999999
2022-01-12 14:00:00,0.2401199999999999
2022-01-12 15:00:00,0.2402799999999999
2022-01-12 17:00:00,0.24118
2022-01-12 20:00:00,0.24152
2022-01-13 12:00:00,0.2410999999999999
2022-01-13 14:00:00,0.2414399999999999
2022-01-13 16:00:00,0.2408999999999999
2022-01-13 20:00:00,0.2409199999999999
2022-01-13 23:00:00,0.24096
2022-01-14 08:00:00,0.2409999999999999
2022-01-14 09:00:00,0.24118
2022-01-14 23:00:00,0.2412399999999999
2022-01-17 11:00:00,0.24122
2022-01-17 12:00:00,0.2405599999999999
2022-01-17 15:00:00,0.24032
2022-01-18 08:00:00,0.24004
2022-01-18 14:00:00,0.23942
2022-01-18 15:00:00,0.2391199999999999
2022-01-18 16:00:00,0.2385399999999999
2022-01-18 17:00:00,0.2381999999999999
2022-01-18 18:00:00,0.23792
2022-01-18 20:00:00,0.2381999999999999
2022-01-19 07:00:00,0.23806
2022-01-19 10:00:00,0.2390999999999999
2022-01-19 12:00:00,0.2392799999999999
2022-01-19 15:00:00,0.2388399999999999
2022-01-19 16:00:00,0.2391199999999999
2022-01-19 19:00:00,0.23958
2022-01-20 09:00:00,0.2396799999999999
2022-01-20 13:00:00,0.2396799999999999
2022-01-20 15:00:00,0.23938
2022-01-21 09:00:00,0.2387399999999999
2022-01-21 17:00:00,0.2394999999999999
2022-01-24 10:00:00,0.2373799999999999
2022-01-24 11:00:00,0.23652
2022-01-24 12:00:00,0.2360999999999999
2022-01-24 13:00:00,0.2362999999999999
2022-01-24 14:00:00,0.2357399999999999
2022-01-24 15:00:00,0.2358999999999999
2022-01-24 16:00:00,0.23564
2022-01-24 20:00:00,0.2362399999999999
2022-01-25 11:00:00,0.23456
2022-01-25 12:00:00,0.23484
2022-01-25 14:00:00,0.2342999999999999
2022-01-25 15:00:00,0.23378
2022-01-26 13:00:00,0.23434
2022-01-26 15:00:00,0.2342999999999999
2022-01-26 17:00:00,0.23478
2022-01-27 02:00:00,0.2331599999999999
2022-01-27 12:00:00,0.2333999999999999
2022-01-27 13:00:00,0.2330399999999999
2022-01-27 14:00:00,0.23348
2022-01-27 15:00:00,0.2332999999999999
2022-01-28 10:00:00,0.23228
2022-01-28 13:00:00,0.2316799999999999
2022-01-28 14:00:00,0.2320399999999999
2022-01-28 16:00:00,0.23134
2022-01-28 18:00:00,0.2311799999999999
2022-01-31 09:00:00,0.2313999999999999
2022-01-31 10:00:00,0.2317
2022-01-31 14:00:00,0.2324599999999999
2022-01-31 15:00:00,0.23234
2022-01-31 16:00:00,0.2328199999999999
2022-01-31 18:00:00,0.2334399999999999
2022-02-01 09:00:00,0.2340799999999999
2022-02-01 12:00:00,0.23464
2022-02-01 14:00:00,0.2348799999999999
2022-02-01 15:00:00,0.23478
2022-02-01 17:00:00,0.2348799999999999
2022-02-01 19:00:00,0.23502
2022-02-02 08:00:00,0.23652
2022-02-02 10:00:00,0.2373799999999999
2022-02-02 11:00:00,0.2374599999999999
2022-02-02 13:00:00,0.23772
2022-02-02 14:00:00,0.2373399999999999
2022-02-02 15:00:00,0.2368399999999999
2022-02-02 19:00:00,0.2376999999999999
2022-02-02 20:00:00,0.2376799999999999
2022-02-03 11:00:00,0.2379799999999999
2022-02-03 12:00:00,0.23786
2022-02-03 13:00:00,0.23814
2022-02-03 15:00:00,0.24064
2022-02-03 17:00:00,0.2406999999999999
2022-02-03 18:00:00,0.24074
2022-02-03 20:00:00,0.24064
2022-02-04 13:00:00,0.23986
2022-02-04 14:00:00,0.2392999999999999
2022-02-04 15:00:00,0.2390999999999999
2022-02-04 20:00:00,0.23938
2022-02-07 13:00:00,0.2403599999999999
2022-02-08 10:00:00,0.24042
2022-02-08 15:00:00,0.24042
2022-02-08 20:00:00,0.24064
2022-02-09 07:00:00,0.24094
2022-02-09 09:00:00,0.24164
2022-02-09 13:00:00,0.24254
2022-02-09 14:00:00,0.2424
2022-02-09 15:00:00,0.24328
2022-02-09 16:00:00,0.24288
2022-02-09 17:00:00,0.24328
2022-02-09 19:00:00,0.24328
2022-02-10 08:00:00,0.2432599999999999
2022-02-10 13:00:00,0.24222
2022-02-10 14:00:00,0.24222
2022-02-10 15:00:00,0.2435
2022-02-11 08:00:00,0.2406799999999999
2022-02-11 17:00:00,0.2404399999999999
2022-02-11 18:00:00,0.23938
2022-02-11 19:00:00,0.2374799999999999
2022-02-11 21:00:00,0.23686
2022-02-14 08:00:00,0.23564
2022-02-14 11:00:00,0.23656
2022-02-14 12:00:00,0.23878
2022-02-14 14:00:00,0.2382599999999999
2022-02-14 15:00:00,0.2381599999999999
2022-02-14 16:00:00,0.23802
2022-02-14 17:00:00,0.2374599999999999
2022-02-14 18:00:00,0.23728
2022-02-14 19:00:00,0.2364599999999999
2022-02-15 08:00:00,0.24008
2022-02-15 13:00:00,0.24088
2022-02-15 14:00:00,0.2408199999999999
2022-02-15 15:00:00,0.2409199999999999
2022-02-15 20:00:00,0.24152
2022-02-16 07:00:00,0.24194
2022-02-16 08:00:00,0.24284
2022-02-16 09:00:00,0.24222
2022-02-16 10:00:00,0.2422
2022-02-16 12:00:00,0.2420999999999999
2022-02-16 13:00:00,0.24174
2022-02-16 14:00:00,0.2414399999999999
2022-02-16 15:00:00,0.24152
2022-02-16 19:00:00,0.2418999999999999
2022-02-17 01:00:00,0.2414399999999999
2022-02-17 09:00:00,0.24054
2022-02-17 14:00:00,0.2398399999999999
2022-02-17 23:00:00,0.24022
2022-02-18 11:00:00,0.2401199999999999
2022-02-18 13:00:00,0.2402399999999999
2022-02-18 14:00:00,0.2392399999999999
2022-02-18 16:00:00,0.2388199999999999
2022-02-21 07:00:00,0.2409199999999999
2022-02-21 11:00:00,0.23914
2022-02-21 13:00:00,0.2386799999999999
2022-02-22 08:00:00,0.2380999999999999
2022-02-22 13:00:00,0.2385399999999999
2022-02-22 14:00:00,0.23852
2022-02-22 15:00:00,0.23842
2022-02-22 16:00:00,0.23806
2022-02-23 08:00:00,0.23872
2022-02-23 12:00:00,0.2384399999999999
2022-02-23 13:00:00,0.23836
2022-02-23 15:00:00,0.2372
2022-02-24 03:00:00,0.2317399999999999
2022-02-24 04:00:00,0.2308799999999999
2022-02-24 07:00:00,0.2315199999999999
2022-02-24 08:00:00,0.2325799999999999
2022-02-24 09:00:00,0.2314999999999999
2022-02-24 10:00:00,0.2300199999999999
2022-02-24 11:00:00,0.2290999999999999
2022-02-24 13:00:00,0.22872
2022-02-24 14:00:00,0.2264
2022-02-24 15:00:00,0.2249999999999999
2022-02-24 16:00:00,0.2262399999999999
2022-02-24 17:00:00,0.2267199999999999
2022-02-24 18:00:00,0.2272399999999999
2022-02-24 19:00:00,0.2283599999999999
2022-02-24 20:00:00,0.2304599999999999
2022-02-24 21:00:00,0.2305799999999999
2022-02-24 23:00:00,0.2315199999999999
2022-02-25 08:00:00,0.2285999999999999
2022-02-25 11:00:00,0.2294199999999999
2022-02-25 12:00:00,0.2313999999999999
2022-02-25 13:00:00,0.2319399999999999
2022-02-25 14:00:00,0.2313999999999999
2022-02-25 15:00:00,0.2319599999999999
2022-02-25 16:00:00,0.2309
2022-02-25 17:00:00,0.2307799999999999
2022-03-01 07:00:00,0.2287399999999999
2022-03-01 09:00:00,0.2260799999999999
2022-03-01 10:00:00,0.2249
2022-03-01 11:00:00,0.2242399999999999
2022-03-01 12:00:00,0.22368
2022-03-01 13:00:00,0.2242399999999999
2022-03-01 14:00:00,0.2247399999999999
2022-03-01 15:00:00,0.2255999999999999
2022-03-01 16:00:00,0.2228599999999999
2022-03-01 17:00:00,0.2232999999999999
2022-03-01 18:00:00,0.2226399999999999
2022-03-01 20:00:00,0.2234999999999999
2022-03-02 08:00:00,0.2206
2022-03-02 09:00:00,0.2203999999999999
2022-03-02 10:00:00,0.2192599999999999
2022-03-02 11:00:00,0.2200399999999999
2022-03-02 12:00:00,0.22038
2022-03-02 13:00:00,0.2212599999999999
2022-03-02 14:00:00,0.2221599999999999
2022-03-02 15:00:00,0.22204
2022-03-02 16:00:00,0.22382
2022-03-02 17:00:00,0.2214399999999999
2022-03-02 18:00:00,0.22246
2022-03-02 19:00:00,0.22346
2022-03-02 20:00:00,0.2237399999999999
2022-03-03 07:00:00,0.2225799999999999
2022-03-03 09:00:00,0.2204999999999999
2022-03-03 10:00:00,0.22062
2022-03-03 11:00:00,0.2209199999999999
2022-03-03 13:00:00,0.22196
2022-03-03 14:00:00,0.2207799999999999
2022-03-03 15:00:00,0.2195799999999999
2022-03-03 16:00:00,0.2191999999999999
2022-03-03 17:00:00,0.2194399999999999
2022-03-03 18:00:00,0.2191
2022-03-03 19:00:00,0.2188399999999999
2022-03-04 07:00:00,0.2168999999999999
2022-03-04 08:00:00,0.2182199999999999
2022-03-04 09:00:00,0.2187199999999999
2022-03-04 10:00:00,0.21612
2022-03-04 11:00:00,0.2161799999999999
2022-03-04 12:00:00,0.21516
2022-03-04 13:00:00,0.2135599999999999
2022-03-04 14:00:00,0.21358
2022-03-04 15:00:00,0.2149199999999999
2022-03-04 16:00:00,0.2139199999999999
2022-03-04 17:00:00,0.21372
2022-03-04 18:00:00,0.21358
2022-03-04 19:00:00,0.2128
2022-03-04 20:00:00,0.2122599999999999
2022-03-04 23:00:00,0.2164799999999999
2022-03-07 01:00:00,0.20842
2022-03-07 02:00:00,0.2082399999999999
2022-03-07 04:00:00,0.2087399999999999
2022-03-07 07:00:00,0.2102799999999999
2022-03-07 08:00:00,0.2101999999999999
2022-03-07 09:00:00,0.2083399999999999
2022-03-07 11:00:00,0.2068399999999999
2022-03-07 12:00:00,0.2100999999999999
2022-03-07 13:00:00,0.2093799999999999
2022-03-07 14:00:00,0.2080999999999999
2022-03-07 15:00:00,0.20672
2022-03-07 16:00:00,0.2068999999999999
2022-03-07 17:00:00,0.2074399999999999
2022-03-07 19:00:00,0.2069599999999999
2022-03-07 23:00:00,0.2094199999999999
2022-03-08 08:00:00,0.2107399999999999
2022-03-08 09:00:00,0.2103999999999999
2022-03-08 10:00:00,0.21194
2022-03-08 12:00:00,0.21144
2022-03-08 15:00:00,0.2092399999999999
2022-03-08 17:00:00,0.2115399999999999
2022-03-08 20:00:00,0.2122599999999999
2022-03-09 08:00:00,0.2136199999999999
2022-03-09 10:00:00,0.2164999999999999
2022-03-09 13:00:00,0.21722
2022-03-09 14:00:00,0.21788
2022-03-09 15:00:00,0.2204399999999999
2022-03-09 19:00:00,0.21976
2022-03-09 20:00:00,0.2193599999999999
2022-03-10 08:00:00,0.21758
2022-03-10 09:00:00,0.21796
2022-03-10 10:00:00,0.21758
2022-03-10 11:00:00,0.2166799999999999
2022-03-10 12:00:00,0.2173199999999999
2022-03-10 13:00:00,0.2186
2022-03-10 14:00:00,0.2178399999999999
2022-03-10 15:00:00,0.2179799999999999
2022-03-10 19:00:00,0.2178599999999999
2022-03-11 11:00:00,0.2196399999999999
2022-03-11 12:00:00,0.2187199999999999
2022-03-11 13:00:00,0.2184199999999999
2022-03-11 16:00:00,0.21744
2022-03-11 17:00:00,0.21658
2022-03-11 18:00:00,0.21672
2022-03-15 07:00:00,0.22038
2022-03-15 08:00:00,0.2209199999999999
2022-03-15 09:00:00,0.2210799999999999
2022-03-15 10:00:00,0.22118
2022-03-15 12:00:00,0.22074
2022-03-15 13:00:00,0.2214999999999999
2022-03-15 15:00:00,0.2213399999999999
2022-03-15 16:00:00,0.2208
2022-03-15 17:00:00,0.22096
2022-03-16 10:00:00,0.22204
2022-03-16 13:00:00,0.2232799999999999
2022-03-16 14:00:00,0.2229999999999999
2022-03-16 16:00:00,0.22462
2022-03-16 18:00:00,0.2236599999999999
2022-03-16 19:00:00,0.2255799999999999
2022-03-17 08:00:00,0.2253399999999999
2022-03-17 09:00:00,0.2243599999999999
2022-03-17 10:00:00,0.2239999999999999
2022-03-17 12:00:00,0.2241999999999999
2022-03-17 15:00:00,0.2257799999999999
2022-03-17 16:00:00,0.22632
2022-03-18 09:00:00,0.2231
2022-03-18 10:00:00,0.22274
2022-03-18 11:00:00,0.22246
2022-03-18 12:00:00,0.22232
2022-03-18 13:00:00,0.2224
2022-03-18 15:00:00,0.2232999999999999
2022-03-18 18:00:00,0.2229999999999999
2022-03-21 10:00:00,0.2241199999999999
2022-03-21 18:00:00,0.22326
2022-03-22 09:00:00,0.2227999999999999
2022-03-22 12:00:00,0.2237999999999999
2022-03-22 13:00:00,0.2241599999999999
2022-03-22 16:00:00,0.22356
2022-03-22 17:00:00,0.2240799999999999
2022-03-23 10:00:00,0.2224399999999999
2022-03-23 11:00:00,0.22224
2022-03-23 13:00:00,0.22146
2022-03-23 14:00:00,0.22166
2022-03-23 16:00:00,0.22202
2022-03-23 17:00:00,0.2219399999999999
2022-03-23 18:00:00,0.2213599999999999
2022-03-24 08:00:00,0.2214999999999999
2022-03-24 09:00:00,0.21976
2022-03-24 11:00:00,0.22038
2022-03-24 13:00:00,0.22046
2022-03-24 17:00:00,0.2198
2022-03-24 18:00:00,0.2195799999999999
2022-03-24 19:00:00,0.2193399999999999
2022-03-25 07:00:00,0.22052
2022-03-25 09:00:00,0.22032
2022-03-25 10:00:00,0.2208399999999999
2022-03-25 11:00:00,0.22066
2022-03-25 13:00:00,0.22118
2022-03-25 14:00:00,0.2216999999999999
2022-03-25 15:00:00,0.2220599999999999
2022-03-25 16:00:00,0.2222199999999999
2022-03-25 18:00:00,0.2224799999999999
2022-03-28 07:00:00,0.22132
2022-03-28 08:00:00,0.2220799999999999
2022-03-28 09:00:00,0.2214199999999999
2022-03-28 10:00:00,0.22126
2022-03-28 14:00:00,0.2218599999999999
2022-03-28 15:00:00,0.2221199999999999
2022-03-28 16:00:00,0.2221999999999999
2022-03-28 17:00:00,0.22256
2022-03-28 18:00:00,0.22238
2022-03-29 11:00:00,0.2262199999999999
2022-03-29 12:00:00,0.2274999999999999
2022-03-29 13:00:00,0.2273799999999999
2022-03-29 14:00:00,0.2268399999999999
2022-03-29 15:00:00,0.2268399999999999
2022-03-29 18:00:00,0.2260799999999999
2022-03-29 19:00:00,0.2269199999999999
2022-03-29 23:00:00,0.2229999999999999
2022-03-30 07:00:00,0.2273799999999999
2022-03-30 08:00:00,0.2282999999999999
2022-03-30 09:00:00,0.2280999999999999
2022-03-30 12:00:00,0.2267999999999999
2022-03-30 14:00:00,0.2293799999999999
2022-03-30 15:00:00,0.22934
2022-03-30 18:00:00,0.2289399999999999
2022-03-30 23:00:00,0.2267999999999999
2022-03-31 07:00:00,0.2292199999999999
2022-03-31 11:00:00,0.2269199999999999
2022-03-31 12:00:00,0.2272799999999999
2022-03-31 13:00:00,0.2272799999999999
2022-03-31 14:00:00,0.2269
2022-03-31 15:00:00,0.22768
2022-03-31 16:00:00,0.2268599999999999
2022-03-31 17:00:00,0.2268599999999999
2022-03-31 18:00:00,0.2271
2022-03-31 19:00:00,0.22668
2022-03-31 23:00:00,0.2287199999999999
2022-04-01 11:00:00,0.22676
2022-04-01 13:00:00,0.22668
2022-04-01 15:00:00,0.2263599999999999
2022-04-01 16:00:00,0.2266399999999999
2022-04-04 11:00:00,0.2260199999999999
2022-04-04 15:00:00,0.2266
2022-04-04 23:00:00,0.2266399999999999
2022-04-05 08:00:00,0.2254999999999999
2022-04-05 12:00:00,0.22568
2022-04-05 16:00:00,0.2239399999999999
2022-04-05 18:00:00,0.2231399999999999
2022-04-06 08:00:00,0.2231999999999999
2022-04-06 11:00:00,0.22326
2022-04-06 12:00:00,0.22546
2022-04-06 13:00:00,0.2246399999999999
2022-04-06 14:00:00,0.2237999999999999
2022-04-06 19:00:00,0.2222199999999999
2022-04-06 23:00:00,0.2226599999999999
2022-04-07 07:00:00,0.2231599999999999
2022-04-07 08:00:00,0.2231999999999999
2022-04-07 14:00:00,0.22374
2022-04-07 15:00:00,0.2237799999999999
2022-04-08 07:00:00,0.22268
2022-04-08 09:00:00,0.2227199999999999
2022-04-08 12:00:00,0.22246
2022-04-08 16:00:00,0.22356
2022-04-08 18:00:00,0.2233599999999999
2022-04-11 11:00:00,0.2233399999999999
2022-04-11 12:00:00,0.22324
2022-04-11 13:00:00,0.22288
2022-04-11 14:00:00,0.2227199999999999
2022-04-11 18:00:00,0.2229999999999999
2022-04-12 08:00:00,0.2219799999999999
2022-04-12 09:00:00,0.2221199999999999
2022-04-12 12:00:00,0.22326
2022-04-12 13:00:00,0.22296
2022-04-12 15:00:00,0.2226999999999999
2022-04-13 07:00:00,0.2222799999999999
2022-04-13 09:00:00,0.2221999999999999
2022-04-13 12:00:00,0.22188
2022-04-14 11:00:00,0.2239399999999999
2022-04-14 12:00:00,0.2229399999999999
2022-04-14 13:00:00,0.2214399999999999
2022-04-14 14:00:00,0.2214399999999999
2022-04-14 16:00:00,0.22218
2022-04-14 18:00:00,0.2222799999999999
2022-04-18 15:00:00,0.2222799999999999
2022-04-18 17:00:00,0.22224
2022-04-18 23:00:00,0.2222199999999999
2022-04-19 12:00:00,0.2209199999999999
2022-04-19 13:00:00,0.22124
2022-04-19 17:00:00,0.2214199999999999
2022-04-20 08:00:00,0.2229
2022-04-20 10:00:00,0.2234
2022-04-20 11:00:00,0.2229999999999999
2022-04-20 13:00:00,0.2227799999999999
2022-04-20 14:00:00,0.2227199999999999
2022-04-20 15:00:00,0.2229199999999999
2022-04-20 19:00:00,0.2229399999999999
2022-04-20 23:00:00,0.22254
2022-04-21 13:00:00,0.2241999999999999
2022-04-21 18:00:00,0.2226
2022-04-21 23:00:00,0.22288
2022-04-22 07:00:00,0.2222799999999999
2022-04-22 09:00:00,0.22188
2022-04-22 10:00:00,0.22204
2022-04-22 12:00:00,0.2224399999999999
2022-04-22 13:00:00,0.22256
2022-04-22 15:00:00,0.2211
2022-04-22 23:00:00,0.22296
2022-04-25 08:00:00,0.2213999999999999
2022-04-25 18:00:00,0.2199399999999999
2022-04-25 19:00:00,0.21982
2022-04-26 11:00:00,0.2189799999999999
2022-04-26 12:00:00,0.2183599999999999
2022-04-26 14:00:00,0.21574
2022-04-26 15:00:00,0.2156799999999999
2022-04-26 16:00:00,0.2157799999999999
2022-04-26 17:00:00,0.2155599999999999
2022-04-27 03:00:00,0.21486
2022-04-27 07:00:00,0.2147799999999999
2022-04-27 08:00:00,0.2142599999999999
2022-04-27 09:00:00,0.2142399999999999
2022-04-27 11:00:00,0.2143199999999999
2022-04-27 14:00:00,0.21266
2022-04-27 15:00:00,0.21336
2022-04-27 17:00:00,0.2134799999999999
2022-04-27 23:00:00,0.21588
2022-04-28 07:00:00,0.2133999999999999
2022-04-28 10:00:00,0.2132599999999999
2022-04-28 13:00:00,0.2133
2022-04-28 14:00:00,0.2129199999999999
2022-04-28 23:00:00,0.21286
2022-04-29 08:00:00,0.21608
2022-04-29 10:00:00,0.2150599999999999
2022-04-29 11:00:00,0.21516
2022-04-29 12:00:00,0.2145
2022-04-29 13:00:00,0.2141399999999999
2022-04-29 14:00:00,0.2143199999999999
2022-04-29 15:00:00,0.21446
2022-04-29 23:00:00,0.2146999999999999
2022-05-02 10:00:00,0.21346
2022-05-02 13:00:00,0.2130999999999999
2022-05-02 15:00:00,0.2129799999999999
2022-05-02 16:00:00,0.2128999999999999
2022-05-03 13:00:00,0.2139199999999999
2022-05-03 20:00:00,0.21344
2022-05-04 18:00:00,0.2164999999999999
2022-05-04 19:00:00,0.2168399999999999
2022-05-05 01:00:00,0.2178999999999999
2022-05-05 07:00:00,0.2163
2022-05-05 08:00:00,0.21638
2022-05-05 14:00:00,0.2139799999999999
2022-05-05 17:00:00,0.2134199999999999
2022-05-05 18:00:00,0.2133999999999999
2022-05-05 23:00:00,0.2164999999999999
2022-05-06 07:00:00,0.2125599999999999
2022-05-06 08:00:00,0.21396
2022-05-06 09:00:00,0.2143199999999999
2022-05-06 10:00:00,0.2148399999999999
2022-05-06 11:00:00,0.2145999999999999
2022-05-06 14:00:00,0.2141799999999999
2022-05-06 15:00:00,0.21446
2022-05-06 16:00:00,0.2142599999999999
2022-05-06 17:00:00,0.2132399999999999
2022-05-06 23:00:00,0.2136399999999999
2022-05-09 04:00:00,0.21214
2022-05-09 10:00:00,0.2127799999999999
2022-05-09 12:00:00,0.2148199999999999
2022-05-09 13:00:00,0.21436
2022-05-09 19:00:00,0.2143999999999999
2022-05-10 13:00:00,0.2150999999999999
2022-05-10 14:00:00,0.2150999999999999
2022-05-11 09:00:00,0.2151999999999999
2022-05-11 10:00:00,0.2158399999999999
2022-05-11 13:00:00,0.2161399999999999
2022-05-11 14:00:00,0.2158
2022-05-11 15:00:00,0.21516
2022-05-12 09:00:00,0.2122399999999999
2022-05-12 12:00:00,0.21308
2022-05-12 13:00:00,0.21286
2022-05-12 17:00:00,0.2118999999999999
2022-05-13 02:00:00,0.2122399999999999
2022-05-13 03:00:00,0.2125
2022-05-13 07:00:00,0.2120399999999999
2022-05-13 08:00:00,0.2123199999999999
2022-05-13 09:00:00,0.2121199999999999
2022-05-13 11:00:00,0.2113199999999999
2022-05-13 13:00:00,0.2108199999999999
2022-05-13 15:00:00,0.2115
2022-05-13 16:00:00,0.21108
2022-05-13 23:00:00,0.2125
2022-05-17 10:00:00,0.2151399999999999
2022-05-17 11:00:00,0.21652
2022-05-17 12:00:00,0.2163599999999999
2022-05-17 13:00:00,0.21608
2022-05-17 18:00:00,0.2161399999999999
2022-05-18 09:00:00,0.2154799999999999
2022-05-18 10:00:00,0.21622
2022-05-18 12:00:00,0.2160599999999999
2022-05-18 13:00:00,0.2166
2022-05-18 14:00:00,0.2162799999999999
2022-05-18 15:00:00,0.2151399999999999
2022-05-19 07:00:00,0.2156799999999999
2022-05-19 09:00:00,0.2158399999999999
2022-05-19 11:00:00,0.2166999999999999
2022-05-19 13:00:00,0.2168599999999999
2022-05-19 14:00:00,0.21676
2022-05-19 15:00:00,0.2173999999999999
2022-05-19 18:00:00,0.2177799999999999
2022-05-19 23:00:00,0.2152799999999999
2022-05-20 09:00:00,0.21796
2022-05-20 10:00:00,0.2181199999999999
2022-05-20 13:00:00,0.2182799999999999
2022-05-20 14:00:00,0.21802
2022-05-20 18:00:00,0.2177799999999999
2022-05-20 23:00:00,0.2178999999999999
2022-05-23 07:00:00,0.2193999999999999
2022-05-23 08:00:00,0.2196399999999999
2022-05-23 09:00:00,0.2216
2022-05-23 11:00:00,0.2203399999999999
2022-05-23 13:00:00,0.2211
2022-05-23 14:00:00,0.22126
2022-05-23 15:00:00,0.22168
2022-05-23 18:00:00,0.22188
2022-05-24 03:00:00,0.22124
2022-05-24 07:00:00,0.22268
2022-05-24 08:00:00,0.2224799999999999
2022-05-24 09:00:00,0.2221999999999999
2022-05-24 10:00:00,0.22268
2022-05-24 13:00:00,0.2229799999999999
2022-05-24 14:00:00,0.22338
2022-05-24 18:00:00,0.2231599999999999
2022-05-24 23:00:00,0.22138
2022-05-25 08:00:00,0.2224999999999999
2022-05-25 09:00:00,0.22182
2022-05-25 10:00:00,0.2217999999999999
2022-05-25 11:00:00,0.2207199999999999
2022-05-25 12:00:00,0.2206399999999999
2022-05-25 13:00:00,0.2211999999999999
2022-05-25 14:00:00,0.2217799999999999
2022-05-25 15:00:00,0.2211999999999999
2022-05-25 16:00:00,0.22082
2022-05-25 18:00:00,0.2214999999999999
2022-05-25 23:00:00,0.22252
2022-05-26 14:00:00,0.2229399999999999
2022-05-26 17:00:00,0.2226199999999999
2022-05-27 11:00:00,0.2233599999999999
2022-05-27 14:00:00,0.2249999999999999
2022-05-27 15:00:00,0.2240799999999999
2022-05-27 17:00:00,0.22468
2022-05-27 18:00:00,0.22468
2022-05-30 01:00:00,0.2249199999999999
2022-05-30 10:00:00,0.2249999999999999
2022-05-30 22:00:00,0.22496
2022-05-31 08:00:00,0.2246
2022-05-31 11:00:00,0.2236399999999999
2022-05-31 12:00:00,0.22404
2022-05-31 13:00:00,0.2242199999999999
2022-05-31 14:00:00,0.22424
2022-06-01 09:00:00,0.2234999999999999
2022-06-01 13:00:00,0.22338
2022-06-01 14:00:00,0.2222999999999999
2022-06-01 16:00:00,0.22166
2022-06-01 18:00:00,0.22216
2022-06-02 07:00:00,0.2223599999999999
2022-06-02 08:00:00,0.2223599999999999
2022-06-02 09:00:00,0.2231199999999999
2022-06-02 11:00:00,0.2231
2022-06-02 12:00:00,0.22404
2022-06-02 13:00:00,0.2239399999999999
2022-06-02 15:00:00,0.2245199999999999
2022-06-02 18:00:00,0.22506
2022-06-02 19:00:00,0.22506
2022-06-03 08:00:00,0.22456
2022-06-03 10:00:00,0.2239399999999999
2022-06-03 11:00:00,0.2236599999999999
2022-06-03 13:00:00,0.2236399999999999
2022-06-03 14:00:00,0.2244199999999999
2022-06-03 18:00:00,0.2236999999999999
2022-06-06 08:00:00,0.22446
2022-06-06 13:00:00,0.2239799999999999
2022-06-06 16:00:00,0.2232799999999999
2022-06-07 13:00:00,0.2232799999999999
2022-06-07 14:00:00,0.22376
2022-06-09 13:00:00,0.22256
2022-06-09 15:00:00,0.22184
2022-06-09 16:00:00,0.22176
2022-06-09 19:00:00,0.22078
2022-06-09 23:00:00,0.22078
2022-06-10 07:00:00,0.2216
2022-06-10 08:00:00,0.22098
2022-06-10 09:00:00,0.22032
2022-06-10 10:00:00,0.2203
2022-06-10 11:00:00,0.22004
2022-06-10 13:00:00,0.21878
2022-06-10 14:00:00,0.21812
2022-06-10 15:00:00,0.21822
2022-06-10 16:00:00,0.21826
2022-06-10 17:00:00,0.21796
2022-06-10 18:00:00,0.21776
2022-06-10 23:00:00,0.2216400000000001
2022-06-13 07:00:00,0.21664
2022-06-13 09:00:00,0.21648
2022-06-13 13:00:00,0.21524
2022-06-13 14:00:00,0.21476
2022-06-13 18:00:00,0.21456
2022-06-13 23:00:00,0.21456
2022-06-14 07:00:00,0.21578
2022-06-14 08:00:00,0.21536
2022-06-14 09:00:00,0.21524
2022-06-14 10:00:00,0.21448
2022-06-14 11:00:00,0.21428
2022-06-14 12:00:00,0.21482
2022-06-14 13:00:00,0.21508
2022-06-14 14:00:00,0.21422
2022-06-14 15:00:00,0.21388
2022-06-14 23:00:00,0.21512
2022-06-15 13:00:00,0.21396
2022-06-15 14:00:00,0.21368
2022-06-15 23:00:00,0.21368
2022-06-16 11:00:00,0.21136
2022-06-16 14:00:00,0.21182
2022-06-16 15:00:00,0.21266
2022-06-16 17:00:00,0.214
2022-06-16 23:00:00,0.214
2022-06-17 08:00:00,0.2147
2022-06-17 11:00:00,0.21444
2022-06-17 18:00:00,0.21482
2022-06-17 23:00:00,0.21482
2022-06-20 04:00:00,0.2154
2022-06-20 08:00:00,0.21554
2022-06-20 09:00:00,0.21626
2022-06-20 13:00:00,0.21678
2022-06-20 14:00:00,0.21688
2022-06-20 15:00:00,0.21704
2022-06-20 23:00:00,0.2158400000000001
2022-06-21 07:00:00,0.21806
2022-06-21 08:00:00,0.2179
2022-06-21 10:00:00,0.2181
2022-06-21 11:00:00,0.21764
2022-06-21 12:00:00,0.21772
2022-06-21 13:00:00,0.2179
2022-06-21 14:00:00,0.21782
2022-06-21 15:00:00,0.21812
2022-06-21 23:00:00,0.21812
2022-06-22 07:00:00,0.21572
2022-06-22 09:00:00,0.21646
2022-06-22 11:00:00,0.21538
2022-06-22 12:00:00,0.2148400000000001
2022-06-22 13:00:00,0.21506
2022-06-22 14:00:00,0.21624
2022-06-22 15:00:00,0.21592
2022-06-22 23:00:00,0.21592
2022-06-23 14:00:00,0.21398
2022-06-23 15:00:00,0.21408
2022-06-23 17:00:00,0.214
2022-06-23 18:00:00,0.2140400000000001
2022-06-23 20:00:00,0.21436
2022-06-23 23:00:00,0.21436
2022-06-24 11:00:00,0.21456
2022-06-24 14:00:00,0.21506
2022-06-24 23:00:00,0.21506
2022-06-27 13:00:00,0.21622
2022-06-27 23:00:00,0.21616
2022-06-28 01:00:00,0.2164
2022-06-28 07:00:00,0.21672
2022-06-28 12:00:00,0.2156
2022-06-28 13:00:00,0.2157
2022-06-28 14:00:00,0.21568
2022-06-28 18:00:00,0.21448
2022-06-28 23:00:00,0.21448
2022-06-29 07:00:00,0.21518
2022-06-29 08:00:00,0.2154
2022-06-29 13:00:00,0.21478
2022-06-29 14:00:00,0.215
2022-06-29 16:00:00,0.21466
2022-06-29 18:00:00,0.21446
2022-06-29 23:00:00,0.21414
2022-06-30 10:00:00,0.2129
2022-06-30 13:00:00,0.21288
2022-06-30 23:00:00,0.21288
2022-07-01 14:00:00,0.21152
2022-07-01 23:00:00,0.21152
2022-07-04 07:00:00,0.21368
2022-07-04 23:00:00,0.21368
2022-07-05 09:00:00,0.20898
2022-07-05 10:00:00,0.20856
2022-07-05 11:00:00,0.20834
2022-07-05 12:00:00,0.2079
2022-07-05 14:00:00,0.20646
2022-07-05 16:00:00,0.20582
2022-07-05 18:00:00,0.20668
2022-07-05 23:00:00,0.20668
2022-07-06 07:00:00,0.20696
2022-07-06 08:00:00,0.20476
2022-07-06 09:00:00,0.20468
2022-07-06 10:00:00,0.2042
2022-07-06 11:00:00,0.20328
2022-07-06 12:00:00,0.20454
2022-07-06 13:00:00,0.20396
2022-07-06 14:00:00,0.20352
2022-07-06 23:00:00,0.20352
2022-07-07 07:00:00,0.20506
2022-07-07 08:00:00,0.2042400000000001
2022-07-07 13:00:00,0.2042400000000001
2022-07-07 23:00:00,0.2042400000000001
2022-07-08 10:00:00,0.2023
2022-07-08 11:00:00,0.20352
2022-07-08 12:00:00,0.20314
2022-07-08 23:00:00,0.20314
2022-07-11 08:00:00,0.20246
2022-07-11 09:00:00,0.20216
2022-07-11 12:00:00,0.20166
2022-07-11 13:00:00,0.20102
2022-07-11 14:00:00,0.20074
2022-07-11 15:00:00,0.201
2022-07-11 18:00:00,0.20056
2022-07-11 23:00:00,0.20056
2022-07-12 09:00:00,0.19814
2022-07-12 10:00:00,0.19904
2022-07-12 11:00:00,0.1992
2022-07-12 12:00:00,0.19938
2022-07-12 13:00:00,0.20028
2022-07-12 15:00:00,0.20012
2022-07-12 17:00:00,0.19976
2022-07-12 23:00:00,0.1996
2022-07-13 11:00:00,0.19934
2022-07-13 12:00:00,0.19816
2022-07-13 13:00:00,0.1989400000000001
2022-07-13 14:00:00,0.1994400000000001
2022-07-13 23:00:00,0.1994400000000001
2022-07-14 08:00:00,0.1988
2022-07-14 12:00:00,0.19906
2022-07-14 13:00:00,0.1989
2022-07-14 23:00:00,0.1989
2022-07-15 12:00:00,0.20156
2022-07-15 13:00:00,0.20146
2022-07-15 15:00:00,0.20244
2022-07-15 18:00:00,0.20216
2022-07-15 23:00:00,0.20216
2022-07-18 07:00:00,0.20308
2022-07-18 08:00:00,0.2035
2022-07-18 09:00:00,0.20378
2022-07-18 10:00:00,0.2043
2022-07-18 11:00:00,0.20416
2022-07-18 12:00:00,0.2036
2022-07-18 15:00:00,0.20436
2022-07-18 17:00:00,0.20356
2022-07-18 18:00:00,0.20316
2022-07-18 23:00:00,0.20234
2022-07-19 08:00:00,0.20572
2022-07-19 10:00:00,0.20702
2022-07-19 11:00:00,0.20706
2022-07-19 12:00:00,0.20626
2022-07-19 13:00:00,0.2069
2022-07-19 14:00:00,0.2067400000000001
2022-07-19 15:00:00,0.20638
2022-07-19 16:00:00,0.20676
2022-07-19 23:00:00,0.20676
2022-07-20 07:00:00,0.20698
2022-07-20 08:00:00,0.2067
2022-07-20 09:00:00,0.20634
2022-07-20 10:00:00,0.20444
2022-07-20 11:00:00,0.20462
2022-07-20 12:00:00,0.20542
2022-07-20 13:00:00,0.20602
2022-07-20 14:00:00,0.20562
2022-07-20 15:00:00,0.20538
2022-07-20 16:00:00,0.20538
2022-07-20 23:00:00,0.20652
2022-07-21 12:00:00,0.20716
2022-07-21 13:00:00,0.2057
2022-07-21 14:00:00,0.2062
2022-07-21 17:00:00,0.20514
2022-07-21 23:00:00,0.20514
2022-07-22 13:00:00,0.20714
2022-07-22 15:00:00,0.20678
2022-07-22 23:00:00,0.20678
2022-07-25 07:00:00,0.20722
2022-07-25 13:00:00,0.209
2022-07-25 14:00:00,0.20962
2022-07-25 15:00:00,0.20778
2022-07-25 23:00:00,0.20778
2022-07-26 09:00:00,0.20652
2022-07-26 12:00:00,0.2052400000000001
2022-07-26 15:00:00,0.20408
2022-07-26 19:00:00,0.20366
2022-07-26 23:00:00,0.20366
2022-07-27 07:00:00,0.2044
2022-07-27 08:00:00,0.20368
2022-07-27 09:00:00,0.20376
2022-07-27 11:00:00,0.20346
2022-07-27 12:00:00,0.20264
2022-07-27 13:00:00,0.2031
2022-07-27 14:00:00,0.2024
2022-07-27 15:00:00,0.20238
2022-07-27 18:00:00,0.2041
2022-07-27 23:00:00,0.20488
2022-07-28 07:00:00,0.2042
2022-07-28 23:00:00,0.2042
2022-07-29 07:00:00,0.20666
2022-07-29 09:00:00,0.20718
2022-07-29 10:00:00,0.20798
2022-07-29 11:00:00,0.20718
2022-07-29 12:00:00,0.2067
2022-07-29 13:00:00,0.20536
2022-07-29 14:00:00,0.206
2022-07-29 15:00:00,0.20702
2022-07-29 16:00:00,0.20678
2022-07-29 18:00:00,0.20676
2022-07-29 23:00:00,0.20694
2022-08-01 13:00:00,0.20868
2022-08-01 14:00:00,0.20888
2022-08-01 16:00:00,0.2089
2022-08-01 18:00:00,0.2086
2022-08-01 23:00:00,0.2086
2022-08-02 04:00:00,0.20916
2022-08-02 07:00:00,0.20886
2022-08-02 08:00:00,0.20896
2022-08-02 10:00:00,0.20892
2022-08-02 13:00:00,0.2085
2022-08-02 14:00:00,0.20786
2022-08-02 19:00:00,0.20668
2022-08-02 23:00:00,0.20828
2022-08-03 07:00:00,0.20694
2022-08-03 10:00:00,0.2087
2022-08-03 11:00:00,0.2086
2022-08-03 13:00:00,0.2083
2022-08-03 18:00:00,0.208
2022-08-03 19:00:00,0.20808
2022-08-03 23:00:00,0.20808
2022-08-04 13:00:00,0.20756
2022-08-04 14:00:00,0.20766
2022-08-04 15:00:00,0.20786
2022-08-04 23:00:00,0.20786
2022-08-05 12:00:00,0.20828
2022-08-05 14:00:00,0.20816
2022-08-05 23:00:00,0.20816
2022-08-08 12:00:00,0.20876
2022-08-08 23:00:00,0.20876
2022-08-09 14:00:00,0.20962
2022-08-09 23:00:00,0.20962
2022-08-10 12:00:00,0.21216
2022-08-10 14:00:00,0.21334
2022-08-10 23:00:00,0.21334
2022-08-11 01:00:00,0.2122
2022-08-11 07:00:00,0.213
2022-08-11 10:00:00,0.2127
2022-08-11 13:00:00,0.21356
2022-08-11 23:00:00,0.21356
2022-08-12 08:00:00,0.21218
2022-08-12 09:00:00,0.21236
2022-08-12 11:00:00,0.21206
2022-08-12 20:00:00,0.21226
2022-08-12 23:00:00,0.21226
2022-08-15 09:00:00,0.21034
2022-08-15 10:00:00,0.20976
2022-08-15 14:00:00,0.2096
2022-08-15 18:00:00,0.20876
2022-08-15 23:00:00,0.20876
2022-08-16 08:00:00,0.20824
2022-08-16 11:00:00,0.20762
2022-08-16 13:00:00,0.20816
2022-08-16 18:00:00,0.20952
2022-08-16 23:00:00,0.20952
2022-08-17 01:00:00,0.20964
2022-08-17 15:00:00,0.20862
2022-08-17 23:00:00,0.20862
2022-08-18 13:00:00,0.20694
2022-08-18 23:00:00,0.20694
2022-08-19 07:00:00,0.205
2022-08-19 08:00:00,0.2048
2022-08-19 15:00:00,0.2037
2022-08-19 23:00:00,0.20566
2022-08-22 07:00:00,0.20344
2022-08-22 08:00:00,0.20266
2022-08-22 09:00:00,0.20328
2022-08-22 10:00:00,0.20262
2022-08-22 13:00:00,0.20166
2022-08-22 18:00:00,0.20084
2022-08-22 23:00:00,0.2035
2022-08-23 07:00:00,0.20028
2022-08-23 08:00:00,0.20054
2022-08-23 09:00:00,0.20012
2022-08-23 10:00:00,0.20024
2022-08-23 11:00:00,0.20012
2022-08-23 12:00:00,0.2002
2022-08-23 13:00:00,0.20084
2022-08-23 14:00:00,0.2018
2022-08-23 23:00:00,0.2018
2022-08-24 13:00:00,0.20018
2022-08-24 15:00:00,0.2014
2022-08-24 17:00:00,0.2014
2022-08-24 19:00:00,0.20138
2022-08-24 23:00:00,0.20138
2022-08-25 13:00:00,0.20232
2022-08-25 23:00:00,0.20232
2022-08-26 08:00:00,0.2031
2022-08-26 09:00:00,0.20334
2022-08-26 13:00:00,0.20362
2022-08-26 14:00:00,0.20346
2022-08-26 23:00:00,0.20346
2022-08-29 14:00:00,0.20398
2022-08-29 23:00:00,0.20398
2022-08-30 07:00:00,0.20464
2022-08-30 11:00:00,0.2046
2022-08-30 13:00:00,0.2047400000000001
2022-08-30 14:00:00,0.20454
2022-08-30 23:00:00,0.20454
2022-08-31 14:00:00,0.2052
2022-08-31 17:00:00,0.2052
2022-08-31 23:00:00,0.2052
2022-09-01 13:00:00,0.2042
2022-09-01 14:00:00,0.20352
2022-09-01 15:00:00,0.20354
2022-09-01 18:00:00,0.20376
2022-09-01 23:00:00,0.20376
2022-09-02 07:00:00,0.20466
2022-09-02 11:00:00,0.20498
2022-09-02 12:00:00,0.2058
2022-09-02 13:00:00,0.20568
2022-09-02 15:00:00,0.2064
2022-09-02 17:00:00,0.2034
2022-09-02 19:00:00,0.20362
2022-09-02 23:00:00,0.20362
2022-09-05 09:00:00,0.20236
2022-09-05 23:00:00,0.20154
2022-09-06 13:00:00,0.20304
2022-09-06 19:00:00,0.20232
2022-09-06 22:00:00,0.20234
2022-09-06 23:00:00,0.20234
2022-09-07 07:00:00,0.20326
2022-09-07 14:00:00,0.20326
2022-09-07 15:00:00,0.20354
2022-09-07 16:00:00,0.20414
2022-09-07 17:00:00,0.20456
2022-09-07 18:00:00,0.20504
2022-09-07 22:00:00,0.20504
2022-09-07 23:00:00,0.2018
2022-09-08 07:00:00,0.2049
2022-09-08 08:00:00,0.20428
2022-09-08 09:00:00,0.20464
2022-09-08 12:00:00,0.2059
2022-09-08 13:00:00,0.20498
2022-09-08 14:00:00,0.20472
2022-09-08 18:00:00,0.20538
2022-09-08 19:00:00,0.2052
2022-09-08 23:00:00,0.20486
2022-09-09 09:00:00,0.20736
2022-09-09 10:00:00,0.2075
2022-09-09 14:00:00,0.20616
2022-09-09 23:00:00,0.20616
2022-09-11 22:00:00,0.20698
2022-09-12 12:00:00,0.2093
2022-09-12 13:00:00,0.20856
2022-09-12 14:00:00,0.2085400000000001
2022-09-12 18:00:00,0.20862
2022-09-12 23:00:00,0.20862
2022-09-13 07:00:00,0.20858
2022-09-13 12:00:00,0.20626
2022-09-13 14:00:00,0.20556
2022-09-13 15:00:00,0.2047400000000001
2022-09-13 16:00:00,0.2052400000000001
2022-09-13 18:00:00,0.20448
2022-09-13 19:00:00,0.2045
2022-09-13 22:00:00,0.20446
2022-09-13 23:00:00,0.20446
2022-09-14 08:00:00,0.20526
2022-09-14 13:00:00,0.20484
2022-09-14 14:00:00,0.2045
2022-09-14 15:00:00,0.2045
2022-09-14 18:00:00,0.2045
2022-09-14 23:00:00,0.2045
2022-09-15 07:00:00,0.2045
2022-09-15 12:00:00,0.20504
2022-09-15 14:00:00,0.20508
2022-09-15 18:00:00,0.20508
2022-09-15 23:00:00,0.20508
2022-09-16 15:00:00,0.20508
2022-09-16 16:00:00,0.20508
2022-09-16 23:00:00,0.20508
2022-09-19 12:00:00,0.20508
2022-09-19 23:00:00,0.20508
2022-09-20 09:00:00,0.20508
2022-09-20 12:00:00,0.20508
2022-09-20 13:00:00,0.20508
2022-09-20 14:30:00,0.20508
2022-09-20 18:00:00,0.20508
2022-09-20 19:00:00,0.20508
2022-09-20 20:00:00,0.20508
2022-09-20 23:00:00,0.20508
2022-09-21 14:00:00,0.20508
2022-09-21 15:00:00,0.20508
2022-09-21 16:00:00,0.20508
2022-09-21 17:00:00,0.20508
2022-09-21 18:00:00,0.20508
2022-09-21 19:00:00,0.20508
2022-09-21 20:00:00,0.20508
2022-09-21 23:00:00,0.20508
2022-09-22 12:00:00,0.20508
2022-09-22 13:00:00,0.20508
2022-09-22 19:00:00,0.20508
2022-09-22 20:00:00,0.20508
2022-09-22 23:00:00,0.20508
2022-09-23 02:00:00,0.20508
2022-09-23 09:00:00,0.20508
2022-09-23 11:00:00,0.20508
2022-09-23 12:00:00,0.20508
2022-09-23 13:00:00,0.20508
2022-09-23 14:00:00,0.20508
2022-09-23 15:00:00,0.20508
2022-09-23 18:00:00,0.20508
2022-09-23 19:00:00,0.20508
2022-09-23 20:00:00,0.20508
2022-09-23 23:00:00,0.20508
2022-09-26 01:00:00,0.20508
2022-09-26 13:00:00,0.20508
2022-09-26 22:00:00,0.20508
2022-09-26 23:00:00,0.20508
2022-09-27 13:00:00,0.20508
2022-09-27 14:30:00,0.20508
2022-09-27 18:00:00,0.20508
2022-09-27 19:00:00,0.20508
2022-09-27 20:00:00,0.20508
2022-09-27 22:00:00,0.20508
2022-09-27 23:00:00,0.20508
2022-09-28 09:00:00,0.20508
2022-09-28 14:00:00,0.20508
2022-09-28 15:00:00,0.20508
2022-09-28 17:00:00,0.20508
2022-09-28 18:00:00,0.20508
2022-09-28 23:00:00,0.20508
2022-09-29 08:00:00,0.20508
2022-09-29 09:00:00,0.20508
2022-09-29 10:00:00,0.20508
2022-09-29 11:00:00,0.20508
2022-09-29 12:00:00,0.20508
2022-09-29 13:00:00,0.20508
2022-09-29 14:00:00,0.20508
2022-09-29 14:30:00,0.20508
2022-09-29 15:00:00,0.20508
2022-09-29 23:00:00,0.20508
2022-09-30 09:00:00,0.20508
2022-09-30 12:00:00,0.20508
2022-09-30 13:00:00,0.20508
2022-09-30 14:30:00,0.20508
2022-09-30 19:00:00,0.20508
2022-09-30 20:00:00,0.20508
2022-09-30 23:00:00,0.20508
2022-10-03 04:00:00,0.20508
2022-10-03 12:00:00,0.20508
2022-10-03 13:00:00,0.20508
2022-10-03 14:00:00,0.20508
2022-10-03 14:30:00,0.20508
2022-10-03 15:00:00,0.20508
2022-10-03 16:00:00,0.20508
2022-10-03 22:00:00,0.20508
2022-10-03 23:00:00,0.20508
2022-10-04 07:00:00,0.20508
2022-10-04 09:00:00,0.20508
2022-10-04 10:00:00,0.20508
2022-10-04 11:00:00,0.20508
2022-10-04 13:00:00,0.20508
2022-10-04 14:30:00,0.20508
2022-10-04 15:00:00,0.20508
2022-10-04 16:00:00,0.20508
2022-10-04 18:00:00,0.20508
2022-10-04 19:00:00,0.20508
2022-10-04 20:00:00,0.20508
2022-10-04 23:00:00,0.20508
2022-10-05 08:00:00,0.20508
2022-10-05 12:00:00,0.20508
2022-10-05 13:00:00,0.20508
2022-10-05 14:00:00,0.20508
2022-10-05 14:30:00,0.20508
2022-10-05 15:00:00,0.20508
2022-10-05 17:00:00,0.20508
2022-10-05 18:00:00,0.20508
2022-10-05 19:00:00,0.20508
2022-10-05 20:00:00,0.20508
2022-10-05 23:00:00,0.20508
2022-10-06 07:00:00,0.20508
2022-10-06 09:00:00,0.20508
2022-10-06 13:00:00,0.20508
2022-10-06 14:00:00,0.20508
2022-10-06 14:30:00,0.20508
2022-10-06 15:00:00,0.20508
2022-10-06 16:00:00,0.20508
2022-10-06 17:00:00,0.20508
2022-10-06 18:00:00,0.20508
2022-10-06 19:00:00,0.20508
2022-10-06 20:00:00,0.20508
2022-10-06 23:00:00,0.20508
2022-10-07 07:00:00,0.20508
2022-10-07 08:00:00,0.20508
2022-10-07 09:00:00,0.20508
2022-10-07 12:00:00,0.20508
2022-10-07 13:00:00,0.20508
2022-10-07 14:00:00,0.20508
2022-10-07 15:00:00,0.20508
2022-10-07 16:00:00,0.20508
2022-10-07 17:00:00,0.20508
2022-10-07 18:00:00,0.20508
2022-10-07 19:00:00,0.20508
2022-10-07 23:00:00,0.20508
2022-10-09 22:00:00,0.20508
2022-10-10 07:00:00,0.20508
2022-10-10 18:00:00,0.20508
2022-10-10 19:00:00,0.20508
2022-10-10 22:00:00,0.20508
2022-10-10 23:00:00,0.20508
2022-10-11 14:00:00,0.20508
2022-10-11 15:00:00,0.20508
2022-10-11 16:00:00,0.20508
2022-10-11 17:00:00,0.20508
2022-10-11 18:00:00,0.20508
2022-10-11 19:00:00,0.20508
2022-10-11 23:00:00,0.20508
2022-10-12 16:00:00,0.20508
2022-10-12 17:00:00,0.20508
2022-10-12 23:00:00,0.20508
2022-10-13 11:00:00,0.20508
2022-10-13 12:00:00,0.20508
2022-10-13 13:00:00,0.20508
2022-10-13 16:00:00,0.20508
2022-10-13 17:00:00,0.20508
2022-10-13 22:00:00,0.20508
2022-10-13 23:00:00,0.20508
2022-10-14 17:00:00,0.20508
2022-10-14 20:00:00,0.20508
2022-10-14 23:00:00,0.20508
2022-10-14 23:00:01,0.19608
2022-10-14 23:00:02,0.19608
2022-10-17 16:00:00,0.19816
2022-10-17 19:00:00,0.19894
2022-10-17 20:00:00,0.19868
2022-10-17 21:00:00,0.19914
2022-10-17 23:00:00,0.19898
2022-10-18 14:30:00,0.19968
2022-10-18 15:00:00,0.19974
2022-10-18 16:00:00,0.19914
2022-10-18 19:00:00,0.1998
2022-10-18 23:00:00,0.19976
2022-10-19 14:30:00,0.19786
2022-10-19 15:00:00,0.19814
2022-10-19 23:00:00,0.1976
2022-10-20 15:00:00,0.20026
2022-10-20 19:00:00,0.19946
2022-10-20 23:00:00,0.19934
2022-10-21 15:00:00,0.19922
2022-10-21 20:00:00,0.20074
2022-10-21 21:00:00,0.20074
2022-10-21 23:00:00,0.20082
2022-10-24 14:30:00,0.19994
2022-10-24 20:00:00,0.20074
2022-10-24 23:00:00,0.20076
2022-10-25 15:00:00,0.20322
2022-10-25 16:00:00,0.20352
2022-10-25 17:00:00,0.2032
2022-10-25 19:00:00,0.2033
2022-10-25 23:00:00,0.20318
2022-10-26 14:30:00,0.2056
2022-10-26 15:00:00,0.20552
2022-10-26 16:00:00,0.20608
2022-10-26 19:00:00,0.20664
2022-10-26 23:00:00,0.20652
2022-10-27 15:00:00,0.20658
2022-10-27 16:00:00,0.20604
2022-10-27 20:00:00,0.20544
2022-10-27 23:00:00,0.20556
2022-10-28 23:00:00,0.205
2022-10-31 14:00:00,0.20462
2022-10-31 17:00:00,0.20374
2022-10-31 23:00:00,0.20378
2022-11-01 13:30:00,0.20574
2022-11-01 14:00:00,0.20496
2022-11-01 16:00:00,0.20434
2022-11-01 23:00:00,0.20442
2022-11-02 13:30:00,0.205
2022-11-02 15:00:00,0.20488
2022-11-02 23:00:00,0.20438
2022-11-03 13:30:00,0.20196
2022-11-03 14:00:00,0.20244
2022-11-03 18:00:00,0.20232
2022-11-03 23:00:00,0.20222
2022-11-04 14:00:00,0.20664
2022-11-04 18:00:00,0.20716
2022-11-04 19:00:00,0.2075
2022-11-04 23:00:00,0.20704
2022-11-07 16:00:00,0.20882
2022-11-07 17:00:00,0.20864
2022-11-07 19:00:00,0.20956
2022-11-07 23:00:00,0.20926
2022-11-08 14:30:00,0.20794
2022-11-08 15:00:00,0.20832
2022-11-08 19:00:00,0.20972
2022-11-08 23:00:00,0.20966
2022-11-09 18:00:00,0.20852
2022-11-09 23:00:00,0.20718
2022-11-10 15:00:00,0.21156
2022-11-10 16:00:00,0.21178
2022-11-10 17:00:00,0.211
2022-11-10 19:00:00,0.21238
2022-11-10 23:00:00,0.21212
2022-11-11 14:30:00,0.21494
2022-11-11 15:00:00,0.21472
2022-11-11 19:00:00,0.21614
2022-11-11 20:00:00,0.21624
2022-11-11 23:00:00,0.21626
2022-11-14 15:00:00,0.2144
2022-11-14 16:00:00,0.21434
2022-11-14 20:00:00,0.21462
2022-11-14 23:00:00,0.21474
2022-11-15 14:30:00,0.21698
2022-11-15 15:00:00,0.21634
2022-11-15 16:00:00,0.21666
2022-11-15 17:00:00,0.21588
2022-11-15 18:00:00,0.21258
2022-11-15 19:00:00,0.2139
2022-11-15 23:00:00,0.21464
2022-11-16 15:00:00,0.21598
2022-11-16 23:00:00,0.21658
2022-11-17 14:30:00,0.21488
2022-11-17 15:00:00,0.21438
2022-11-17 23:00:00,0.21538
2022-11-18 20:00:00,0.21512
2022-11-18 23:00:00,0.2149
2022-11-21 14:30:00,0.21338
2022-11-21 15:00:00,0.21318
2022-11-21 23:00:00,0.21328
2022-11-22 14:30:00,0.21316
2022-11-22 16:00:00,0.21334
2022-11-22 17:00:00,0.21384
2022-11-22 23:00:00,0.21422
2022-11-23 14:30:00,0.21498
2022-11-23 15:00:00,0.21544
2022-11-23 16:00:00,0.21564
2022-11-23 18:00:00,0.2159
2022-11-23 23:00:00,0.2164
2022-11-24 23:00:00,0.2164
2022-11-25 23:00:00,0.21716
2022-11-28 20:00:00,0.21634
2022-11-28 23:00:00,0.21642
2022-11-29 17:00:00,0.21648
2022-11-29 23:00:00,0.21578
2022-11-30 15:00:00,0.2157
2022-11-30 16:00:00,0.21644
2022-11-30 17:00:00,0.21598
2022-11-30 19:00:00,0.21824
2022-11-30 23:00:00,0.2179
2022-12-01 15:00:00,0.2197
2022-12-01 16:00:00,0.21942
2022-12-01 17:00:00,0.21874
2022-12-01 23:00:00,0.2194
2022-12-02 23:00:00,0.22036
2022-12-05 15:00:00,0.21882
2022-12-05 23:00:00,0.21818
2022-12-06 14:30:00,0.21946
2022-12-06 15:00:00,0.21904
2022-12-06 20:00:00,0.2187
2022-12-06 23:00:00,0.2184
2022-12-07 17:00:00,0.21984
2022-12-07 18:00:00,0.21996
2022-12-07 23:00:00,0.21956
2022-12-08 17:00:00,0.22074
2022-12-08 19:00:00,0.22098
2022-12-08 23:00:00,0.22104
2022-12-09 14:30:00,0.22024
2022-12-09 14:41:00,0.22024
2022-12-09 15:00:00,0.21974
2022-12-09 17:00:00,0.22026
2022-12-09 18:00:00,0.22064
2022-12-09 19:00:00,0.22062
2022-12-09 23:00:00,0.22062
2022-12-12 17:00:00,0.21994
2022-12-12 17:00:01,0.21994
2022-12-12 17:00:02,0.21994
2022-12-12 23:00:00,0.22054
2022-12-13 15:00:00,0.22292
2022-12-13 23:00:00,0.22342
2022-12-14 14:30:00,0.22356
2022-12-14 19:00:00,0.2236
2022-12-14 20:00:00,0.22426
2022-12-14 23:00:00,0.22382
2022-12-15 14:30:00,0.22446
2022-12-15 15:00:00,0.22398
2022-12-15 18:00:00,0.2219
2022-12-15 23:00:00,0.22272
2022-12-16 14:30:00,0.22296
2022-12-16 23:00:00,0.22256
2022-12-19 20:00:00,0.2227
2022-12-19 23:00:00,0.22278
2022-12-20 14:30:00,0.22376
2022-12-20 15:00:00,0.22444
2022-12-20 23:00:00,0.2239
2022-12-21 16:00:00,0.22432
2022-12-21 23:00:00,0.22418
2022-12-22 14:30:00,0.22478
2022-12-22 23:00:00,0.22472
2022-12-23 18:00:00,0.22538
2022-12-23 23:00:00,0.22532
2022-12-27 15:00:00,0.22344
2022-12-27 16:00:00,0.22342
2022-12-27 17:00:00,0.22356
2022-12-27 19:00:00,0.2234
2022-12-27 23:00:00,0.22358
2022-12-28 23:00:00,0.22294
2022-12-29 15:00:00,0.22476
2022-12-29 16:00:00,0.22482
2022-12-29 19:00:00,0.22488
2022-12-29 23:00:00,0.2251
2022-12-30 16:00:00,0.22526
2022-12-30 23:00:00,0.22588
2023-01-03 15:00:00,0.22304
2023-01-03 16:00:00,0.22264
2023-01-03 20:00:00,0.22292
2023-01-03 23:00:00,0.22338
2023-01-04 23:00:00,0.22438
2023-01-05 14:30:00,0.2225
2023-01-05 18:00:00,0.22216
2023-01-05 23:00:00,0.22206
2023-01-06 14:30:00,0.22134
2023-01-06 15:00:00,0.22262
2023-01-06 19:00:00,0.22408
2023-01-06 23:00:00,0.22414
2023-01-09 14:30:00,0.2261
2023-01-09 15:00:00,0.22576
2023-01-09 18:00:00,0.22626
2023-01-09 19:00:00,0.2263
2023-01-09 23:00:00,0.22628
2023-01-10 15:00:00,0.22618
2023-01-10 23:00:00,0.22622
2023-01-11 15:00:00,0.22738
2023-01-11 18:00:00,0.22682
2023-01-11 20:00:00,0.22694
2023-01-11 23:00:00,0.22686
2023-01-12 15:00:00,0.227
2023-01-12 23:00:00,0.22842
2023-01-13 15:00:00,0.22818
2023-01-13 20:00:00,0.22792
2023-01-13 23:00:00,0.22798
2023-01-16 23:00:00,0.22798
2023-01-17 19:00:00,0.22852
2023-01-17 23:00:00,0.2272
2023-01-18 14:30:00,0.22844
2023-01-18 16:00:00,0.22704
2023-01-18 23:00:00,0.22622
2023-01-19 16:00:00,0.22574
2023-01-19 23:00:00,0.227
2023-01-20 14:30:00,0.22674
2023-01-20 17:00:00,0.22788
2023-01-20 23:00:00,0.22804
2023-01-23 15:00:00,0.22772
2023-01-23 16:00:00,0.22842
2023-01-23 19:00:00,0.22802
2023-01-23 23:00:00,0.22814
2023-01-24 15:00:00,0.22764
2023-01-24 16:00:00,0.22812
2023-01-24 23:00:00,0.22838
2023-01-25 23:00:00,0.229
2023-01-26 16:00:00,0.22778
2023-01-26 19:00:00,0.22846
2023-01-26 23:00:00,0.22864
2023-01-27 14:30:00,0.22826
2023-01-27 16:00:00,0.22828
2023-01-27 23:00:00,0.22858
2023-01-30 23:00:00,0.22774
2023-01-31 23:00:00,0.22828
2023-02-01 16:00:00,0.22932
2023-02-01 19:00:00,0.23002
2023-02-01 23:00:00,0.2308
2023-02-02 15:00:00,0.23046
2023-02-02 20:00:00,0.23032
2023-02-02 23:00:00,0.23038
2023-02-03 23:00:00,0.22694
2023-02-06 15:00:00,0.22432
2023-02-06 16:00:00,0.22408
2023-02-06 17:00:00,0.22344
2023-02-06 19:00:00,0.22356
2023-02-06 23:00:00,0.22362
2023-02-07 14:30:00,0.22178
2023-02-07 15:00:00,0.22206
2023-02-07 16:00:00,0.22272
2023-02-07 17:00:00,0.22346
2023-02-07 23:00:00,0.22342
2023-02-08 15:00:00,0.22362
2023-02-08 20:00:00,0.22378
2023-02-08 23:00:00,0.22406
2023-02-09 15:00:00,0.22468
2023-02-09 23:00:00,0.22362
2023-02-10 14:30:00,0.22164
2023-02-10 15:00:00,0.22166
2023-02-10 23:00:00,0.2213
2023-02-13 15:00:00,0.22146
2023-02-13 23:00:00,0.22162
2023-02-14 14:30:00,0.22288
2023-02-14 15:00:00,0.2232
2023-02-14 16:00:00,0.2224
2023-02-14 23:00:00,0.22288
2023-02-15 15:00:00,0.22176
2023-02-15 23:00:00,0.22226
2023-02-16 23:00:00,0.22192
2023-02-17 23:00:00,0.22254
2023-02-20 17:00:00,0.22342
2023-02-20 23:00:00,0.22254
2023-02-21 15:00:00,0.22248
2023-02-21 17:00:00,0.22238
2023-02-21 18:00:00,0.22202
2023-02-21 20:00:00,0.22204
2023-02-21 23:00:00,0.22216
2023-02-22 15:00:00,0.22246
2023-02-22 23:00:00,0.22114
2023-02-23 23:00:00,0.22228
2023-02-24 15:00:00,0.22138
2023-02-24 16:00:00,0.22132
2023-02-24 17:00:00,0.22158
2023-02-24 19:00:00,0.22158
2023-02-24 20:00:00,0.22154
2023-02-24 23:00:00,0.22158
2023-02-27 15:00:00,0.2229
2023-02-27 16:00:00,0.22268
2023-02-27 17:00:00,0.22258
2023-02-27 18:00:00,0.22296
2023-02-27 19:00:00,0.22314
2023-02-27 20:00:00,0.22306
2023-02-27 23:00:00,0.22304
2023-02-28 15:00:00,0.22394
2023-02-28 16:00:00,0.22362
2023-02-28 23:00:00,0.22294
2023-03-01 15:00:00,0.22624
2023-03-01 17:00:00,0.22642
2023-03-01 18:00:00,0.22626
2023-03-01 19:00:00,0.22588
2023-03-01 20:00:00,0.22624
2023-03-01 23:00:00,0.22612
2023-03-02 14:30:00,0.22388
2023-03-02 15:00:00,0.22432
2023-03-02 17:00:00,0.2236
2023-03-02 18:00:00,0.2233
2023-03-02 19:00:00,0.22362
2023-03-02 20:00:00,0.22356
2023-03-02 23:00:00,0.22356
2023-03-03 16:00:00,0.2233
2023-03-03 17:00:00,0.22362
2023-03-03 20:00:00,0.224
2023-03-03 23:00:00,0.22408
2023-03-06 14:30:00,0.22488
2023-03-06 15:00:00,0.22546
2023-03-06 16:00:00,0.22596
2023-03-06 17:00:00,0.22598
2023-03-06 18:00:00,0.22598
2023-03-06 19:00:00,0.22574
2023-03-06 20:00:00,0.22588
2023-03-06 23:00:00,0.22584
2023-03-07 15:00:00,0.22446
2023-03-07 16:00:00,0.22362
2023-03-07 18:00:00,0.2235
2023-03-07 20:00:00,0.22304
2023-03-07 23:00:00,0.22316
2023-03-08 15:00:00,0.22384
2023-03-08 16:00:00,0.22384
2023-03-08 17:00:00,0.22384
2023-03-08 19:00:00,0.22384
2023-03-08 19:00:01,0.21908
2023-03-08 19:00:02,0.21908
2023-03-08 23:00:00,0.22356
2023-03-09 18:00:00,0.22446
2023-03-09 19:00:00,0.22428
2023-03-09 20:00:00,0.22378
2023-03-09 23:00:00,0.22422
2023-03-10 17:00:00,0.22558
2023-03-10 19:00:00,0.22588
2023-03-10 23:00:00,0.22572
2023-03-13 16:00:00,0.22734
2023-03-13 23:00:00,0.22744
2023-03-14 16:00:00,0.22744
2023-03-14 17:00:00,0.2260599999999999
2023-03-14 18:00:00,0.22582
2023-03-14 23:00:00,0.22652
2023-03-15 13:30:00,0.22314
2023-03-15 14:00:00,0.22344
2023-03-15 15:00:00,0.2226
2023-03-15 16:00:00,0.22216
2023-03-15 17:00:00,0.2228399999999999
2023-03-15 18:00:00,0.22256
2023-03-15 23:00:00,0.22346
2023-03-16 23:00:00,0.22424
2023-03-17 13:30:00,0.22454
2023-03-17 14:00:00,0.22482
2023-03-17 15:00:00,0.22464
2023-03-17 18:00:00,0.22518
2023-03-17 23:00:00,0.2253399999999999
2023-03-20 15:00:00,0.2261
2023-03-20 17:00:00,0.2261999999999999
2023-03-20 19:00:00,0.22602
2023-03-20 23:00:00,0.22624
2023-03-21 15:00:00,0.22822
2023-03-21 18:00:00,0.22802
2023-03-21 23:00:00,0.22798
2023-03-22 13:30:00,0.22848
2023-03-22 14:00:00,0.2282799999999999
2023-03-22 15:00:00,0.2281
2023-03-22 16:00:00,0.22862
2023-03-22 19:00:00,0.23026
2023-03-22 23:00:00,0.23062
2023-03-23 14:00:00,0.2311399999999999
2023-03-23 20:00:00,0.22998
2023-03-23 23:00:00,0.22988
2023-03-24 14:00:00,0.2282
2023-03-24 23:00:00,0.22788
2023-03-27 23:00:00,0.22876
2023-03-28 14:30:00,0.22966
2023-03-28 15:00:00,0.22986
2023-03-28 16:00:00,0.2302
2023-03-28 17:00:00,0.23006
2023-03-28 18:00:00,0.23018
2023-03-28 19:00:00,0.23036
2023-03-28 23:00:00,0.2303
2023-03-29 14:30:00,0.22958
2023-03-29 15:00:00,0.22954
2023-03-29 16:00:00,0.22952
2023-03-29 17:00:00,0.22946
2023-03-29 18:00:00,0.22946
2023-03-29 23:00:00,0.2298
2023-03-30 15:00:00,0.2317
2023-03-30 18:00:00,0.2316
2023-03-30 19:00:00,0.23154
2023-03-30 20:00:00,0.2318
2023-03-30 23:00:00,0.2318
2023-03-31 15:00:00,0.2306399999999999
2023-03-31 17:00:00,0.23072
2023-03-31 19:00:00,0.23048
2023-03-31 23:00:00,0.23052
2023-04-03 15:00:00,0.23152
2023-04-03 16:00:00,0.2316399999999999
2023-04-03 17:00:00,0.23156
2023-04-03 18:00:00,0.23134
2023-04-03 19:00:00,0.2317
2023-04-03 23:00:00,0.23166
2023-04-04 16:00:00,0.23294
2023-04-04 20:00:00,0.2328
2023-04-04 23:00:00,0.23268
2023-04-05 15:00:00,0.23174
2023-04-05 18:00:00,0.23104
2023-04-05 19:00:00,0.23122
2023-04-05 21:00:00,0.23156
2023-04-05 23:00:00,0.2312799999999999
2023-04-06 17:00:00,0.23202
2023-04-06 19:00:00,0.2321
2023-04-06 23:00:00,0.23196
2023-04-10 15:00:00,0.22986
2023-04-10 19:00:00,0.23008
2023-04-10 23:00:00,0.23008
2023-04-11 15:00:00,0.23254
2023-04-11 16:00:00,0.23246
2023-04-11 17:00:00,0.23232
2023-04-11 19:00:00,0.23238
2023-04-11 23:00:00,0.23238
2023-04-12 15:00:00,0.23432
2023-04-12 16:00:00,0.23424
2023-04-12 17:00:00,0.23492
2023-04-12 19:00:00,0.23506
2023-04-12 23:00:00,0.23506
2023-04-13 15:00:00,0.23704
2023-04-13 16:00:00,0.237
2023-04-13 17:00:00,0.23702
2023-04-13 19:00:00,0.23702
2023-04-13 23:00:00,0.23702
2023-04-14 14:30:00,0.23636
2023-04-14 16:00:00,0.23588
2023-04-14 17:00:00,0.2353599999999999
2023-04-14 19:00:00,0.2352199999999999
2023-04-14 23:00:00,0.2352199999999999
2023-04-17 23:00:00,0.23474
2023-04-18 14:30:00,0.23566
2023-04-18 15:00:00,0.23588
2023-04-18 16:00:00,0.2358
2023-04-18 19:00:00,0.23604
2023-04-18 23:00:00,0.23604
2023-04-19 15:00:00,0.23638
2023-04-19 23:00:00,0.23638
2023-04-20 16:00:00,0.23724
2023-04-20 17:00:00,0.23728
2023-04-20 19:00:00,0.23726
2023-04-20 23:00:00,0.23726
2023-04-21 23:00:00,0.23686
2023-04-24 15:00:00,0.23858
2023-04-24 16:00:00,0.2386599999999999
2023-04-24 20:00:00,0.23906
2023-04-24 23:00:00,0.23906
2023-04-25 15:00:00,0.23798
2023-04-25 16:00:00,0.2379399999999999
2023-04-25 17:00:00,0.2376
2023-04-25 19:00:00,0.23738
2023-04-25 20:00:00,0.2374399999999999
2023-04-25 23:00:00,0.2374399999999999
2023-04-26 15:00:00,0.24036
2023-04-26 16:00:00,0.23994
2023-04-26 17:00:00,0.23956
2023-04-26 18:00:00,0.23964
2023-04-26 19:00:00,0.23968
2023-04-26 23:00:00,0.23968
2023-04-27 14:30:00,0.2387
2023-04-27 18:00:00,0.2396
2023-04-27 20:00:00,0.2397
2023-04-27 23:00:00,0.2397
2023-04-28 16:00:00,0.2396
2023-04-28 20:00:00,0.2389
2023-04-28 23:00:00,0.2389
2023-05-01 16:00:00,0.23728
2023-05-01 21:00:00,0.23714
2023-05-01 23:00:00,0.23714
2023-05-02 15:00:00,0.23912
2023-05-02 16:00:00,0.23886
2023-05-02 17:00:00,0.23896
2023-05-02 19:00:00,0.23924
2023-05-02 23:00:00,0.23924
2023-05-03 15:00:00,0.2397999999999999
2023-05-03 16:00:00,0.24012
2023-05-03 17:00:00,0.23982
2023-05-03 18:00:00,0.23986
2023-05-03 19:00:00,0.24028
2023-05-03 23:00:00,0.24028
2023-05-04 15:00:00,0.23906
2023-05-04 20:00:00,0.2391599999999999
2023-05-04 23:00:00,0.2391599999999999
2023-05-05 17:00:00,0.24004
2023-05-05 18:00:00,0.23994
2023-05-05 19:00:00,0.24
2023-05-05 23:00:00,0.24
2023-05-08 14:30:00,0.2408799999999999
2023-05-08 15:00:00,0.24074
2023-05-08 16:00:00,0.24064
2023-05-08 18:00:00,0.24074
2023-05-08 23:00:00,0.24074
2023-05-09 15:00:00,0.2395
2023-05-09 23:00:00,0.2395
2023-05-10 15:00:00,0.2415
2023-05-10 16:00:00,0.2419
2023-05-10 23:00:00,0.2419
2023-05-11 14:30:00,0.23996
2023-05-11 15:00:00,0.2397
2023-05-11 18:00:00,0.23968
2023-05-11 20:00:00,0.23962
2023-05-11 23:00:00,0.23962
2023-05-12 14:30:00,0.24012
2023-05-12 16:00:00,0.23962
2023-05-12 20:00:00,0.23934
2023-05-12 23:00:00,0.23934
2023-05-15 23:00:00,0.24068
2023-05-16 16:00:00,0.24122
2023-05-16 23:00:00,0.24122
2023-05-17 15:00:00,0.23896
2023-05-17 16:00:00,0.23862
2023-05-17 17:00:00,0.23918
2023-05-17 18:00:00,0.23924
2023-05-17 19:00:00,0.23896
2023-05-17 20:00:00,0.2389
2023-05-17 23:00:00,0.2389
2023-05-18 15:00:00,0.23614
2023-05-18 19:00:00,0.236
2023-05-18 23:00:00,0.236
2023-05-19 15:00:00,0.23696
2023-05-19 23:00:00,0.23696
2023-05-22 15:00:00,0.2392999999999999
2023-05-22 16:00:00,0.23936
2023-05-22 17:00:00,0.2394
2023-05-22 19:00:00,0.2395199999999999
2023-05-22 23:00:00,0.2395199999999999
2023-05-23 15:00:00,0.23954
2023-05-23 23:00:00,0.23954
2023-05-24 14:30:00,0.23878
2023-05-24 15:00:00,0.23868
2023-05-24 17:00:00,0.23868
2023-05-24 23:00:00,0.23868
2023-05-25 15:00:00,0.2374399999999999
2023-05-25 16:00:00,0.23746
2023-05-25 23:00:00,0.23746
2023-05-26 15:00:00,0.23636
2023-05-26 16:00:00,0.23568
2023-05-26 23:00:00,0.23568
2023-05-29 23:00:00,0.2360799999999999
2023-05-30 15:00:00,0.23584
2023-05-30 16:00:00,0.23556
2023-05-30 18:00:00,0.2355
2023-05-30 19:00:00,0.23562
2023-05-30 20:00:00,0.2359
2023-05-30 23:00:00,0.2359
2023-05-31 15:00:00,0.23448
2023-05-31 16:00:00,0.2347199999999999
2023-05-31 17:00:00,0.2340799999999999
2023-05-31 18:00:00,0.2350799999999999
2023-05-31 19:00:00,0.23524
2023-05-31 20:00:00,0.2351
2023-05-31 23:00:00,0.2351
2023-06-01 14:30:00,0.23574
2023-06-01 16:00:00,0.23686
2023-06-01 20:00:00,0.23748
2023-06-01 23:00:00,0.23748
2023-06-02 15:00:00,0.23826
2023-06-02 16:00:00,0.2381599999999999
2023-06-02 18:00:00,0.23804
2023-06-02 20:00:00,0.23806
2023-06-02 23:00:00,0.23806
2023-06-05 20:00:00,0.2387999999999999
2023-06-05 23:00:00,0.2387999999999999
2023-06-06 15:00:00,0.2375799999999999
2023-06-06 16:00:00,0.23792
2023-06-06 23:00:00,0.23792
2023-06-07 15:00:00,0.23928
2023-06-07 23:00:00,0.23928
2023-06-08 14:30:00,0.23934
2023-06-08 15:00:00,0.23976
2023-06-08 16:00:00,0.23992
2023-06-08 17:00:00,0.24008
2023-06-08 19:00:00,0.24048
2023-06-08 20:00:00,0.2405
2023-06-08 23:00:00,0.2405
2023-06-09 15:00:00,0.24184
2023-06-09 16:00:00,0.24178
2023-06-09 17:00:00,0.24184
2023-06-09 18:00:00,0.24168
2023-06-09 18:00:01,0.24168
2023-06-09 18:00:02,0.24168
2023-06-09 23:00:00,0.24164
2023-06-12 14:30:00,0.24164
2023-06-12 23:00:00,0.2413999999999999
2023-06-13 14:30:00,0.2404
2023-06-13 16:00:00,0.2405999999999999
2023-06-13 23:00:00,0.24012
2023-06-14 14:30:00,0.24264
2023-06-14 15:00:00,0.24314
2023-06-14 16:00:00,0.24344
2023-06-14 17:00:00,0.2435399999999999
2023-06-14 19:00:00,0.2425999999999999
2023-06-14 23:00:00,0.24294
2023-06-15 23:00:00,0.2453999999999999
2023-06-16 15:00:00,0.24456
2023-06-16 16:00:00,0.2443
2023-06-16 19:00:00,0.2443199999999999
2023-06-16 23:00:00,0.2445
2023-06-19 23:00:00,0.2445
2023-06-20 15:00:00,0.24484
2023-06-20 16:00:00,0.2448
2023-06-20 23:00:00,0.24502
2023-06-21 14:30:00,0.2455
2023-06-21 15:00:00,0.24602
2023-06-21 16:00:00,0.2463399999999999
2023-06-21 18:00:00,0.2468999999999999
2023-06-21 19:00:00,0.24736
2023-06-21 20:00:00,0.24738
2023-06-21 23:00:00,0.2473
2023-06-22 15:00:00,0.24764
2023-06-22 16:00:00,0.24706
2023-06-22 17:00:00,0.24674
2023-06-22 18:00:00,0.2468399999999999
2023-06-22 19:00:00,0.24708
2023-06-22 23:00:00,0.2472599999999999
2023-06-23 15:00:00,0.24528
2023-06-23 19:00:00,0.2450999999999999
2023-06-23 23:00:00,0.24502
2023-06-26 15:00:00,0.2453999999999999
2023-06-26 23:00:00,0.2453999999999999
2023-06-27 14:30:00,0.2471
2023-06-27 15:00:00,0.2465999999999999
2023-06-27 16:00:00,0.2460399999999999
2023-06-27 23:00:00,0.2459799999999999
2023-06-28 15:00:00,0.2430199999999999
2023-06-28 16:00:00,0.2433799999999999
2023-06-28 17:00:00,0.2431799999999999
2023-06-28 19:00:00,0.24362
2023-06-28 23:00:00,0.24356
2023-06-29 20:00:00,0.24444
2023-06-29 23:00:00,0.2441799999999999
2023-06-30 14:30:00,0.24516
2023-06-30 15:00:00,0.2453999999999999
2023-06-30 23:00:00,0.24566
2023-07-03 15:00:00,0.2455999999999999
2023-07-03 16:00:00,0.2455399999999999
2023-07-03 23:00:00,0.2455399999999999
2023-07-04 23:00:00,0.24564
2023-07-05 15:00:00,0.24364
2023-07-05 16:00:00,0.24334
2023-07-05 21:00:00,0.2428199999999999
2023-07-05 23:00:00,0.2428199999999999
2023-07-06 14:30:00,0.24208
2023-07-06 15:00:00,0.24078
2023-07-06 16:00:00,0.2413
2023-07-06 17:00:00,0.24164
2023-07-06 23:00:00,0.24164
2023-07-07 15:00:00,0.2448
2023-07-07 16:00:00,0.245
2023-07-07 17:00:00,0.24564
2023-07-07 18:00:00,0.24586
2023-07-07 19:00:00,0.24586
2023-07-07 20:00:00,0.24588
2023-07-07 23:00:00,0.24588
2023-07-10 15:00:00,0.24674
2023-07-10 16:00:00,0.2465999999999999
2023-07-10 17:00:00,0.24686
2023-07-10 20:00:00,0.24738
2023-07-10 23:00:00,0.24738
2023-07-11 15:00:00,0.24694
2023-07-11 16:00:00,0.24708
2023-07-11 23:00:00,0.24708
2023-07-12 15:00:00,0.2495599999999999
2023-07-12 16:00:00,0.2501
2023-07-12 19:00:00,0.2508599999999999
2023-07-12 20:00:00,0.25072
2023-07-12 23:00:00,0.25072
2023-07-13 15:00:00,0.25204
2023-07-13 16:00:00,0.2519
2023-07-13 19:00:00,0.2524
2023-07-13 23:00:00,0.2524
2023-07-14 23:00:00,0.252
2023-07-17 20:00:00,0.25278
2023-07-17 23:00:00,0.25278
2023-07-18 16:00:00,0.25276
2023-07-18 19:00:00,0.25218
2023-07-18 23:00:00,0.25218
2023-07-19 15:00:00,0.252
2023-07-19 16:00:00,0.25184
2023-07-19 23:00:00,0.25184
2023-07-20 14:30:00,0.2512
2023-07-20 23:00:00,0.2512
2023-07-21 23:00:00,0.2491799999999999
2023-07-24 23:00:00,0.24874
2023-07-25 15:00:00,0.2488199999999999
2023-07-25 20:00:00,0.24928
2023-07-25 23:00:00,0.24928
2023-07-26 15:00:00,0.2501199999999999
2023-07-26 23:00:00,0.2501199999999999
2023-07-27 14:30:00,0.2490599999999999
2023-07-27 15:00:00,0.2483
2023-07-27 19:00:00,0.24802
2023-07-27 23:00:00,0.24802
2023-07-28 15:00:00,0.24992
2023-07-28 16:00:00,0.24994
2023-07-28 18:00:00,0.24982
2023-07-28 19:00:00,0.25006
2023-07-28 23:00:00,0.25006
2023-07-31 20:00:00,0.25004
2023-07-31 23:00:00,0.25004
2023-08-01 15:00:00,0.24736
2023-08-01 16:00:00,0.24708
2023-08-01 17:00:00,0.2471199999999999
2023-08-01 19:00:00,0.24674
2023-08-01 23:00:00,0.24674
2023-08-02 15:00:00,0.2455
2023-08-02 16:00:00,0.24624
2023-08-02 17:00:00,0.2463
2023-08-02 18:00:00,0.24656
2023-08-02 19:00:00,0.2459799999999999
2023-08-02 23:00:00,0.2459799999999999
2023-08-03 14:30:00,0.2448199999999999
2023-08-03 23:00:00,0.2448199999999999
2023-08-04 15:00:00,0.2484799999999999
2023-08-04 16:00:00,0.2491
2023-08-04 17:00:00,0.24902
2023-08-04 18:00:00,0.24902
2023-08-04 19:00:00,0.2481
2023-08-04 21:00:00,0.2485
2023-08-04 23:00:00,0.2485
2023-08-07 14:30:00,0.249
2023-08-07 15:00:00,0.24872
2023-08-07 23:00:00,0.24872
2023-08-08 14:30:00,0.24536
2023-08-08 15:00:00,0.2452399999999999
2023-08-08 16:00:00,0.2454799999999999
2023-08-08 17:00:00,0.2458999999999999
2023-08-08 19:00:00,0.2461799999999999
2023-08-08 23:00:00,0.2461799999999999
2023-08-09 15:00:00,0.24614
2023-08-09 16:00:00,0.2458999999999999
2023-08-09 19:00:00,0.246
2023-08-09 23:00:00,0.246
2023-08-10 15:00:00,0.24794
2023-08-10 16:00:00,0.24772
2023-08-10 17:00:00,0.2481
2023-08-10 18:00:00,0.2470399999999999
2023-08-10 19:00:00,0.2473199999999999
2023-08-10 23:00:00,0.2473199999999999
2023-08-11 23:00:00,0.2473999999999999
2023-08-14 15:00:00,0.24488
2023-08-14 16:00:00,0.24508
2023-08-14 17:00:00,0.24558
2023-08-14 19:00:00,0.2453199999999999
2023-08-14 23:00:00,0.2453199999999999
2023-08-15 15:00:00,0.24362
2023-08-15 16:00:00,0.2438799999999999
2023-08-15 17:00:00,0.24378
2023-08-15 23:00:00,0.24378
2023-08-16 15:00:00,0.24456
2023-08-16 16:00:00,0.24442
2023-08-16 23:00:00,0.24442
2023-08-17 20:00:00,0.24352
2023-08-17 23:00:00,0.24352
2023-08-18 16:00:00,0.24386
2023-08-18 23:00:00,0.24386
2023-08-21 15:00:00,0.2432399999999999
2023-08-21 16:00:00,0.24336
2023-08-21 23:00:00,0.24336
2023-08-22 16:00:00,0.24312
2023-08-22 17:00:00,0.2432
2023-08-22 20:00:00,0.2433999999999999
2023-08-22 23:00:00,0.2433999999999999
2023-08-23 14:30:00,0.2417399999999999
2023-08-23 15:00:00,0.24262
2023-08-23 18:00:00,0.24262
2023-08-23 20:00:00,0.2433999999999999
2023-08-23 23:00:00,0.2433999999999999
2023-08-24 17:00:00,0.2420199999999999
2023-08-24 18:00:00,0.2417399999999999
2023-08-24 19:00:00,0.24162
2023-08-24 23:00:00,0.24162
2023-08-25 15:00:00,0.2423
2023-08-25 16:00:00,0.24176
2023-08-25 20:00:00,0.2424599999999999
2023-08-25 23:00:00,0.2424599999999999
2023-08-28 20:00:00,0.2418999999999999
2023-08-28 23:00:00,0.2418999999999999
2023-08-29 15:00:00,0.24284
2023-08-29 16:00:00,0.2430999999999999
2023-08-29 20:00:00,0.2430999999999999
2023-08-29 23:00:00,0.2430999999999999
2023-08-30 16:00:00,0.2450399999999999
2023-08-30 23:00:00,0.2450399999999999
2023-08-31 15:00:00,0.2430199999999999
2023-08-31 16:00:00,0.24286
2023-08-31 18:00:00,0.24328
2023-08-31 19:00:00,0.2433999999999999
2023-08-31 23:00:00,0.2433999999999999
2023-09-01 15:00:00,0.24286
2023-09-01 16:00:00,0.24194
2023-09-01 23:00:00,0.24194
2023-09-04 23:00:00,0.2418
2023-09-05 15:00:00,0.2390199999999999
2023-09-05 16:00:00,0.2389599999999999
2023-09-05 17:00:00,0.2391599999999999
2023-09-05 19:00:00,0.2388199999999999
2023-09-05 23:00:00,0.2388199999999999
2023-09-06 14:30:00,0.23612
2023-09-06 15:00:00,0.235
2023-09-06 16:00:00,0.23412
2023-09-06 19:00:00,0.2354
2023-09-06 21:00:00,0.2352399999999999
2023-09-06 23:00:00,0.2352399999999999
2023-09-07 14:30:00,0.23168
2023-09-07 15:00:00,0.2323599999999999
2023-09-07 17:00:00,0.2317999999999999
2023-09-07 18:00:00,0.23176
2023-09-07 19:00:00,0.2316399999999999
2023-09-07 23:00:00,0.2316399999999999
2023-09-08 14:30:00,0.2331
2023-09-08 15:00:00,0.23328
2023-09-08 16:00:00,0.23292
2023-09-08 17:00:00,0.2326399999999999
2023-09-08 23:00:00,0.2326399999999999
2023-09-11 16:00:00,0.2318599999999999
2023-09-11 19:00:00,0.2324999999999999
2023-09-11 23:00:00,0.2324999999999999
2023-09-12 14:30:00,0.2301
2023-09-12 15:00:00,0.23006
2023-09-12 16:00:00,0.23004
2023-09-12 16:00:01,0.23004
2023-09-12 16:00:02,0.23004
2023-09-12 23:00:00,0.23142
2023-09-13 23:00:00,0.23266
2023-09-14 15:00:00,0.23086
2023-09-14 16:00:00,0.23088
2023-09-14 17:00:00,0.23048
2023-09-14 18:00:00,0.2303
2023-09-14 19:00:00,0.2301
2023-09-14 23:00:00,0.2301
2023-09-15 15:00:00,0.23094
2023-09-15 16:00:00,0.2308
2023-09-15 17:00:00,0.2308
2023-09-15 18:00:00,0.2307
2023-09-15 23:00:00,0.23036
2023-09-18 23:00:00,0.2308
2023-09-19 15:00:00,0.23026
2023-09-19 16:00:00,0.23044
2023-09-19 17:00:00,0.23032
2023-09-19 18:00:00,0.23034
2023-09-19 19:00:00,0.2304
2023-09-19 23:00:00,0.2301399999999999
2023-09-20 15:00:00,0.2329
2023-09-20 16:00:00,0.23252
2023-09-20 17:00:00,0.2328599999999999
2023-09-20 18:00:00,0.23334
2023-09-20 19:00:00,0.23242
2023-09-20 23:00:00,0.23234
2023-09-21 23:00:00,0.2319
2023-09-22 18:00:00,0.23244
2023-09-22 19:00:00,0.23202
2023-09-22 23:00:00,0.2322
2023-09-25 16:00:00,0.23118
2023-09-25 17:00:00,0.23098
2023-09-25 23:00:00,0.23096
2023-09-26 18:00:00,0.2302799999999999
2023-09-26 23:00:00,0.23024
2023-09-27 15:00:00,0.22778
2023-09-27 16:00:00,0.2282
2023-09-27 17:00:00,0.22804
2023-09-27 18:00:00,0.22776
2023-09-27 19:00:00,0.2273
2023-09-27 23:00:00,0.22778
2023-09-28 15:00:00,0.22854
2023-09-28 17:00:00,0.22886
2023-09-28 18:00:00,0.22846
2023-09-28 19:00:00,0.22862
2023-09-28 23:00:00,0.22822
2023-09-29 15:00:00,0.2296399999999999
2023-09-29 18:00:00,0.22958
2023-09-29 19:00:00,0.22956
2023-09-29 23:00:00,0.22956
2023-10-02 19:00:00,0.2282
2023-10-02 23:00:00,0.2282
2023-10-03 15:00:00,0.2268399999999999
2023-10-03 16:00:00,0.2271999999999999
2023-10-03 17:00:00,0.22746
2023-10-03 18:00:00,0.2274199999999999
2023-10-03 23:00:00,0.22734
2023-10-04 15:00:00,0.22888
2023-10-04 16:00:00,0.22918
2023-10-04 17:00:00,0.22944
2023-10-04 18:00:00,0.22908
2023-10-04 19:00:00,0.22956
2023-10-04 23:00:00,0.2289199999999999
2023-10-05 16:00:00,0.22954
2023-10-05 17:00:00,0.22956
2023-10-05 23:00:00,0.23024
2023-10-06 23:00:00,0.23258
2023-10-09 23:00:00,0.23292
2023-10-10 15:00:00,0.23466
2023-10-10 16:00:00,0.2352
2023-10-10 17:00:00,0.23546
2023-10-10 19:00:00,0.23488
2023-10-10 23:00:00,0.2347199999999999
2023-10-11 14:30:00,0.2361
2023-10-11 15:00:00,0.23584
2023-10-11 16:00:00,0.23592
2023-10-11 17:00:00,0.23546
2023-10-11 23:00:00,0.23552
2023-10-12 15:00:00,0.23388
2023-10-12 16:00:00,0.23362
2023-10-12 18:00:00,0.23348
2023-10-12 19:00:00,0.2331
2023-10-12 23:00:00,0.23312
2023-10-13 15:00:00,0.23338
2023-10-13 16:00:00,0.23324
2023-10-13 18:00:00,0.2333599999999999
2023-10-13 19:00:00,0.23342
2023-10-13 23:00:00,0.23342
2023-10-16 14:30:00,0.23692
2023-10-16 15:00:00,0.23684
2023-10-16 16:00:00,0.23766
2023-10-16 17:00:00,0.2377999999999999
2023-10-16 18:00:00,0.23822
2023-10-16 19:00:00,0.23858
2023-10-16 23:00:00,0.23862
2023-10-17 14:30:00,0.23944
2023-10-17 15:00:00,0.24014
2023-10-17 16:00:00,0.2402
2023-10-17 17:00:00,0.24072
2023-10-17 18:00:00,0.24032
2023-10-17 23:00:00,0.23994
2023-10-18 15:00:00,0.23836
2023-10-18 16:00:00,0.23832
2023-10-18 17:00:00,0.23766
2023-10-18 18:00:00,0.2381
2023-10-18 19:00:00,0.2382
2023-10-18 23:00:00,0.23796
2023-10-19 14:30:00,0.2384399999999999
2023-10-19 16:00:00,0.2382999999999999
2023-10-19 17:00:00,0.23908
2023-10-19 18:00:00,0.23924
2023-10-19 19:00:00,0.2395
2023-10-19 23:00:00,0.23902
2023-10-20 19:00:00,0.23876
2023-10-20 23:00:00,0.23874
2023-10-23 15:00:00,0.23922
2023-10-23 23:00:00,0.24038
2023-10-24 14:30:00,0.23874
2023-10-24 15:00:00,0.2389399999999999
2023-10-24 16:00:00,0.23856
2023-10-24 17:00:00,0.2386
2023-10-24 18:00:00,0.23846
2023-10-24 19:00:00,0.23862
2023-10-24 23:00:00,0.23856
2023-10-25 15:00:00,0.23728
2023-10-25 19:00:00,0.23722
2023-10-25 23:00:00,0.23734
2023-10-26 19:00:00,0.23822
2023-10-26 23:00:00,0.2382999999999999
2023-10-27 23:00:00,0.2379
2023-10-30 14:00:00,0.23926
2023-10-30 16:00:00,0.23968
2023-10-30 18:00:00,0.2400199999999999
2023-10-30 23:00:00,0.23982
2023-10-31 14:00:00,0.23998
2023-10-31 15:00:00,0.23932
2023-10-31 17:00:00,0.2386
2023-10-31 23:00:00,0.23858
2023-11-01 14:00:00,0.2371
2023-11-01 15:00:00,0.2369
2023-11-01 16:00:00,0.23768
2023-11-01 18:00:00,0.23738
2023-11-01 23:00:00,0.23728
2023-11-02 14:00:00,0.24028
2023-11-02 15:00:00,0.2405
2023-11-02 16:00:00,0.24018
2023-11-02 23:00:00,0.24
2023-11-03 14:00:00,0.24228
2023-11-03 15:00:00,0.2425199999999999
2023-11-03 16:00:00,0.24222
2023-11-03 17:00:00,0.24246
2023-11-03 18:00:00,0.2425199999999999
2023-11-03 23:00:00,0.2422399999999999
2023-11-06 15:00:00,0.24214
2023-11-06 18:00:00,0.24218
2023-11-06 19:00:00,0.24214
2023-11-06 23:00:00,0.24186
2023-11-07 23:00:00,0.24126
2023-11-08 14:30:00,0.24218
2023-11-08 15:00:00,0.2422399999999999
2023-11-08 17:00:00,0.2426
2023-11-08 18:00:00,0.24246
2023-11-08 23:00:00,0.24208
2023-11-09 14:30:00,0.2422399999999999
2023-11-09 23:00:00,0.24132
2023-11-10 18:00:00,0.24264
2023-11-10 23:00:00,0.24254
2023-11-13 23:00:00,0.24314
2023-11-14 15:00:00,0.2474599999999999
2023-11-14 16:00:00,0.24806
2023-11-14 17:00:00,0.24804
2023-11-14 19:00:00,0.2487
2023-11-14 23:00:00,0.24886
2023-11-15 15:00:00,0.24866
2023-11-15 16:00:00,0.2486799999999999
2023-11-15 17:00:00,0.24834
2023-11-15 19:00:00,0.24848
2023-11-15 23:00:00,0.24848
2023-11-16 15:00:00,0.25082
2023-11-16 16:00:00,0.24916
2023-11-16 17:00:00,0.24974
2023-11-16 23:00:00,0.24964
2023-11-17 14:30:00,0.24936
2023-11-17 17:00:00,0.24956
2023-11-17 18:00:00,0.24958
2023-11-17 23:00:00,0.24978
2023-11-20 15:00:00,0.25218
2023-11-20 16:00:00,0.25252
2023-11-20 17:00:00,0.25244
2023-11-20 19:00:00,0.2527999999999999
2023-11-20 23:00:00,0.25286
2023-11-21 14:30:00,0.25264
2023-11-21 15:00:00,0.25192
2023-11-21 16:00:00,0.25162
2023-11-21 17:00:00,0.25156
2023-11-21 18:00:00,0.25114
2023-11-21 19:00:00,0.25074
2023-11-21 23:00:00,0.25096
2023-11-22 14:30:00,0.25006
2023-11-22 15:00:00,0.2502399999999999
2023-11-22 16:00:00,0.25004
2023-11-22 23:00:00,0.2506799999999999
2023-11-23 23:00:00,0.2506799999999999
2023-11-24 16:00:00,0.25206
2023-11-24 23:00:00,0.25194
2023-11-27 16:00:00,0.25276
2023-11-27 19:00:00,0.25346
2023-11-27 23:00:00,0.25342
2023-11-28 15:00:00,0.2545
2023-11-28 16:00:00,0.25504
2023-11-28 17:00:00,0.25586
2023-11-28 18:00:00,0.25526
2023-11-28 19:00:00,0.2560199999999999
2023-11-28 21:00:00,0.25584
2023-11-28 23:00:00,0.2557
2023-11-29 15:00:00,0.25434
2023-11-29 16:00:00,0.254
2023-11-29 17:00:00,0.25406
2023-11-29 18:00:00,0.2542
2023-11-29 19:00:00,0.25452
2023-11-29 23:00:00,0.25452
2023-11-30 14:30:00,0.25096
2023-11-30 15:00:00,0.25214
2023-11-30 16:00:00,0.25228
2023-11-30 18:00:00,0.25192
2023-11-30 19:00:00,0.2515799999999999
2023-11-30 23:00:00,0.25154
2023-12-01 14:30:00,0.2515799999999999
2023-12-01 16:00:00,0.25206
2023-12-01 17:00:00,0.25306
2023-12-01 18:00:00,0.25348
2023-12-01 19:00:00,0.25334
2023-12-01 23:00:00,0.25286
2023-12-04 14:30:00,0.25172
2023-12-04 15:00:00,0.2510199999999999
2023-12-04 16:00:00,0.25136
2023-12-04 19:00:00,0.25088
2023-12-04 20:00:00,0.2510199999999999
2023-12-04 23:00:00,0.25112
2023-12-05 15:00:00,0.25234
2023-12-05 21:00:00,0.2512399999999999
2023-12-05 23:00:00,0.2507999999999999
2023-12-06 15:00:00,0.25052
2023-12-06 23:00:00,0.2502
2023-12-07 14:30:00,0.25004
2023-12-07 15:00:00,0.25008
2023-12-07 23:00:00,0.2504599999999999
2023-12-08 15:00:00,0.25022
2023-12-08 16:00:00,0.25022
2023-12-08 23:00:00,0.24958
2023-12-11 15:00:00,0.24958
2023-12-11 23:00:00,0.2496
2023-12-12 19:00:00,0.25076
2023-12-12 23:00:00,0.25076
2023-12-13 15:00:00,0.25108
2023-12-13 18:00:00,0.2512
2023-12-13 19:00:00,0.25394
2023-12-13 20:00:00,0.25436
2023-12-13 23:00:00,0.2542999999999999
2023-12-14 15:00:00,0.25612
2023-12-14 19:00:00,0.25638
2023-12-14 20:00:00,0.25654
2023-12-14 23:00:00,0.25636
2023-12-15 14:30:00,0.25636
2023-12-15 15:00:00,0.25636
2023-12-15 21:00:00,0.25636
2023-12-15 23:00:00,0.253
2023-12-18 15:00:00,0.253
2023-12-18 16:00:00,0.253
2023-12-18 17:00:00,0.253
2023-12-18 19:00:00,0.253
2023-12-18 23:00:00,0.253
2023-12-19 15:00:00,0.253
2023-12-19 16:00:00,0.253
2023-12-19 18:00:00,0.253
2023-12-19 18:00:01,0.253
2023-12-19 20:00:00,0.2533999999999999
2023-12-19 23:00:00,0.2530199999999999
2023-12-20 15:00:00,0.25194
2023-12-20 23:00:00,0.25164
2023-12-21 14:30:00,0.25332
2023-12-21 16:00:00,0.2531
2023-12-21 17:00:00,0.25356
2023-12-21 19:00:00,0.2535799999999999
2023-12-21 20:00:00,0.2539599999999999
2023-12-21 23:00:00,0.25376
2023-12-22 14:30:00,0.25434
2023-12-22 15:00:00,0.25416
2023-12-22 16:00:00,0.2535199999999999
2023-12-22 23:00:00,0.2537399999999999
2023-12-26 14:30:00,0.2541799999999999
2023-12-26 20:00:00,0.25476
2023-12-26 23:00:00,0.25416
2023-12-27 15:00:00,0.25582
2023-12-27 16:00:00,0.2561199999999999
2023-12-27 17:00:00,0.25644
2023-12-27 18:00:00,0.2566799999999999
2023-12-27 19:00:00,0.2567399999999999
2023-12-27 23:00:00,0.25656
2023-12-28 15:00:00,0.25616
2023-12-28 23:00:00,0.25538
2023-12-29 15:00:00,0.25482
2023-12-29 16:00:00,0.2543999999999999
2023-12-29 18:00:00,0.2542399999999999
2023-12-29 23:00:00,0.25406
2024-01-02 15:00:00,0.25112
2024-01-02 16:00:00,0.2509599999999999
2024-01-02 17:00:00,0.251
2024-01-02 18:00:00,0.25088
2024-01-02 19:00:00,0.2504599999999999
2024-01-02 20:00:00,0.2505199999999999
2024-01-02 23:00:00,0.2504
2024-01-03 15:00:00,0.2502399999999999
2024-01-03 16:00:00,0.25072
2024-01-03 17:00:00,0.25048
2024-01-03 19:00:00,0.2507
2024-01-03 23:00:00,0.2507
2024-01-04 15:00:00,0.2517999999999999
2024-01-04 16:00:00,0.25216
2024-01-04 20:00:00,0.2519599999999999
2024-01-04 23:00:00,0.2517399999999999
2024-01-05 15:00:00,0.25298
2024-01-05 18:00:00,0.25132
2024-01-05 23:00:00,0.25126
2024-01-08 16:00:00,0.2531799999999999
2024-01-08 18:00:00,0.2526799999999999
2024-01-08 19:00:00,0.2530199999999999
2024-01-08 20:00:00,0.25288
2024-01-08 23:00:00,0.25288
2024-01-09 15:00:00,0.25178
2024-01-09 19:00:00,0.25154
2024-01-09 23:00:00,0.25156
2024-01-10 15:00:00,0.25214
2024-01-10 16:00:00,0.25198
2024-01-10 20:00:00,0.25272
2024-01-10 23:00:00,0.25256
2024-01-11 15:00:00,0.25192
2024-01-11 17:00:00,0.2512399999999999
2024-01-11 19:00:00,0.2517999999999999
2024-01-11 23:00:00,0.2519599999999999
2024-01-12 15:00:00,0.25192
2024-01-12 16:00:00,0.25142
2024-01-12 23:00:00,0.25116
2024-01-15 14:30:00,0.25004
2024-01-15 23:00:00,0.25116
2024-01-16 15:00:00,0.24738
2024-01-16 16:00:00,0.24758
2024-01-16 17:00:00,0.2474799999999999
2024-01-16 18:00:00,0.2475
2024-01-16 19:00:00,0.2473199999999999
2024-01-16 23:00:00,0.24744
2024-01-17 15:00:00,0.2461999999999999
2024-01-17 16:00:00,0.24644
2024-01-17 17:00:00,0.2466799999999999
2024-01-17 19:00:00,0.2471
2024-01-17 23:00:00,0.2471
2024-01-18 14:30:00,0.24664
2024-01-18 23:00:00,0.2473
2024-01-19 15:00:00,0.2489799999999999
2024-01-19 16:00:00,0.2495399999999999
2024-01-19 18:00:00,0.2497799999999999
2024-01-19 19:00:00,0.25002
2024-01-19 23:00:00,0.25002
2024-01-22 14:30:00,0.2496999999999999
2024-01-22 15:00:00,0.2496999999999999
2024-01-22 16:00:00,0.2496199999999999
2024-01-22 17:00:00,0.2496999999999999
2024-01-22 18:00:00,0.24952
2024-01-22 20:00:00,0.2493199999999999
2024-01-22 23:00:00,0.2494199999999999
2024-01-23 15:00:00,0.24708
2024-01-23 16:00:00,0.2465999999999999
2024-01-23 17:00:00,0.2465599999999999
2024-01-23 18:00:00,0.2466999999999999
2024-01-23 19:00:00,0.2467799999999999
2024-01-23 23:00:00,0.2469799999999999
2024-01-24 15:00:00,0.24886
2024-01-24 16:00:00,0.2486999999999999
2024-01-24 23:00:00,0.2484799999999999
2024-01-25 23:00:00,0.24766
2024-01-26 17:00:00,0.2488399999999999
2024-01-26 19:00:00,0.2486199999999999
2024-01-26 23:00:00,0.2484799999999999
2024-01-29 14:30:00,0.2473399999999999
2024-01-29 15:00:00,0.2471399999999999
2024-01-29 16:00:00,0.2473199999999999
2024-01-29 17:00:00,0.2473999999999999
2024-01-29 19:00:00,0.24744
2024-01-29 20:00:00,0.2481199999999999
2024-01-29 23:00:00,0.2476999999999999
2024-01-30 14:30:00,0.24888
2024-01-30 19:00:00,0.2493199999999999
2024-01-30 23:00:00,0.2493999999999999
2024-01-31 15:00:00,0.25106
2024-01-31 18:00:00,0.25032
2024-01-31 19:00:00,0.24988
2024-01-31 20:00:00,0.24938
2024-01-31 23:00:00,0.25032
2024-02-01 14:30:00,0.24996
2024-02-01 15:00:00,0.2503599999999999
2024-02-01 16:00:00,0.25164
2024-02-01 17:00:00,0.25184
2024-02-01 19:00:00,0.25198
2024-02-01 20:00:00,0.2517399999999999
2024-02-01 23:00:00,0.25194
2024-02-02 15:00:00,0.24924
2024-02-02 17:00:00,0.2494799999999999
2024-02-02 19:00:00,0.24974
2024-02-02 23:00:00,0.24972
2024-02-05 15:00:00,0.24702
2024-02-05 17:00:00,0.2473999999999999
2024-02-05 18:00:00,0.2474799999999999
2024-02-05 19:00:00,0.2475
2024-02-05 23:00:00,0.2475
2024-02-06 16:00:00,0.2470599999999999
2024-02-06 19:00:00,0.24702
2024-02-06 23:00:00,0.24708
2024-02-07 15:00:00,0.2478
2024-02-07 23:00:00,0.24794
2024-02-08 14:30:00,0.2491
2024-02-08 15:00:00,0.24924
2024-02-08 23:00:00,0.2491399999999999
2024-02-09 15:00:00,0.2492799999999999
2024-02-09 23:00:00,0.2491799999999999
2024-02-12 23:00:00,0.2498
2024-02-13 14:30:00,0.2468399999999999
2024-02-13 23:00:00,0.24666
2024-02-14 15:00:00,0.2467599999999999
2024-02-14 23:00:00,0.2471399999999999
2024-02-15 23:00:00,0.24786
2024-02-16 23:00:00,0.2483399999999999
2024-02-19 23:00:00,0.2483399999999999
2024-02-20 15:00:00,0.2505799999999999
2024-02-20 23:00:00,0.25032
2024-02-21 15:00:00,0.25014
2024-02-21 23:00:00,0.2505
2024-02-22 14:30:00,0.25006
2024-02-22 15:00:00,0.25016
2024-02-22 23:00:00,0.25028
2024-02-23 16:00:00,0.25134
2024-02-23 17:00:00,0.25142
2024-02-23 23:00:00,0.25128
2024-02-26 17:00:00,0.2515
2024-02-26 23:00:00,0.2517999999999999
2024-02-27 15:00:00,0.2511
2024-02-27 16:00:00,0.25188
2024-02-27 20:00:00,0.2518999999999999
2024-02-27 23:00:00,0.25176
2024-02-28 15:00:00,0.25092
2024-02-28 16:00:00,0.25064
2024-02-28 19:00:00,0.25088
2024-02-28 23:00:00,0.2507999999999999
2024-02-29 23:00:00,0.2501799999999999
2024-03-01 14:30:00,0.2500799999999999
2024-03-01 18:00:00,0.25094
2024-03-01 23:00:00,0.25116
2024-03-04 23:00:00,0.25126
2024-03-05 19:00:00,0.2517
2024-03-05 23:00:00,0.2516799999999999
2024-03-06 16:00:00,0.2537999999999999
2024-03-06 23:00:00,0.25332
2024-03-07 14:30:00,0.25338
2024-03-07 16:00:00,0.25416
2024-03-07 23:00:00,0.2544599999999999
2024-03-08 15:00:00,0.2550199999999999
2024-03-08 23:00:00,0.25428
2024-03-11 16:00:00,0.2553999999999999
2024-03-11 19:00:00,0.25514
2024-03-11 23:00:00,0.25508
2024-03-12 13:30:00,0.25436
2024-03-12 14:00:00,0.2542999999999999
2024-03-12 23:00:00,0.25466
2024-03-13 13:30:00,0.25542
2024-03-13 14:00:00,0.25544
2024-03-13 19:00:00,0.2557
2024-03-13 23:00:00,0.2556799999999999
2024-03-14 13:30:00,0.2556799999999999
2024-03-14 14:00:00,0.25392
2024-03-14 18:00:00,0.25392
2024-03-14 19:00:00,0.25356
2024-03-14 19:00:01,0.25356
2024-03-14 23:00:00,0.25342
2024-03-15 13:30:00,0.2531
2024-03-15 23:00:00,0.25288
2024-03-18 14:00:00,0.25154
2024-03-18 16:00:00,0.25154
2024-03-18 17:00:00,0.2515
2024-03-18 23:00:00,0.25136
2024-03-19 14:00:00,0.25118
2024-03-19 16:00:00,0.2514
2024-03-19 18:00:00,0.25134
2024-03-19 23:00:00,0.25138
2024-03-20 14:00:00,0.25078
2024-03-20 23:00:00,0.25278
2024-03-21 23:00:00,0.25202
2024-03-22 23:00:00,0.24978
2024-03-25 18:00:00,0.25134
2024-03-25 23:00:00,0.25134
2024-03-26 15:00:00,0.25116
2024-03-26 23:00:00,0.2511
2024-03-27 14:00:00,0.25
2024-03-27 23:00:00,0.25058
2024-03-28 23:00:00,0.25034
2025-03-31 23:00:00,0.25034
2025-04-01 23:00:00,0.24975999999999998
2025-04-02 23:00:00,0.25236
2025-04-03 23:00:00,0.25336
2025-04-04 23:00:00,0.24867999999999996
2025-04-07 23:00:00,0.24663999999999997
2025-04-08 23:00:00,0.24875999999999998
2025-04-09 23:00:00,0.25112
2025-04-10 23:00:00,0.25551999999999997
2025-04-11 23:00:00,0.25654
2025-04-14 23:00:00,0.25776
2025-04-15 23:00:00,0.25523999999999997
2025-04-16 23:00:00,0.25872
2025-04-17 23:00:00,0.25842
2025-04-21 23:00:00,0.26252
2025-04-22 23:00:00,0.25938
2025-04-23 23:00:00,0.25701999999999997
2025-04-24 23:00:00,0.2592
2025-04-25 23:00:00,0.25895999999999997
2025-04-28 23:00:00,0.26033999999999996
2025-04-29 23:00:00,0.25952
2025-04-30 23:00:00,0.25789999999999996
2025-05-01 23:00:00,0.25639999999999996
2025-05-02 23:00:00,0.2572
2025-05-05 23:00:00,0.25817999999999997
2025-05-06 23:00:00,0.25873999999999997
2025-05-07 23:00:00,0.25836
2025-05-08 23:00:00,0.25689999999999996
2025-05-09 23:00:00,0.25882
2025-05-12 23:00:00,0.25434
2025-05-13 23:00:00,0.2571
2025-05-14 23:00:00,0.257
2025-05-15 23:00:00,0.25589999999999996
2025-05-16 23:00:00,0.25439999999999996
2025-05-19 23:00:00,0.25745999999999997
2025-05-20 23:00:00,0.25883999999999996
2025-05-21 23:00:00,0.26
2025-05-22 23:00:00,0.25817999999999997
2025-05-23 23:00:00,0.25972
2025-05-26 23:00:00,0.25972
2025-05-27 23:00:00,0.25995999999999997
2025-05-28 23:00:00,0.25954
2025-05-29 23:00:00,0.26117999999999997
2025-05-30 23:00:00,0.26022
2025-06-02 23:00:00,0.26176
2025-06-03 23:00:00,0.259
2025-06-04 23:00:00,0.25995999999999997
2025-06-05 23:00:00,0.26027999999999996
2025-06-06 23:00:00,0.2588
2025-06-09 23:00:00,0.2607
2025-06-10 23:00:00,0.26126
2025-06-11 23:00:00,0.2633
2025-06-12 23:00:00,0.26416
2025-06-13 23:00:00,0.26324
2025-06-16 23:00:00,0.26405999999999996
2025-06-17 23:00:00,0.26155999999999996
2025-06-18 23:00:00,0.26136
2025-06-19 23:00:00,0.26136
2025-06-20 23:00:00,0.26317999999999997
2025-06-23 23:00:00,0.26386
2025-06-24 23:00:00,0.26642
2025-06-25 23:00:00,0.26739999999999997
2025-06-26 23:00:00,0.26946
2025-06-27 23:00:00,0.26899999999999996
2025-06-30 23:00:00,0.27046
2025-07-01 23:00:00,0.27048
2025-07-02 23:00:00,0.27015999999999996
2025-07-07 23:00:00,0.26946
2025-07-08 23:00:00,0.26955999999999997
2025-07-09 23:00:00,0.26902
2025-07-10 23:00:00,0.26802
2025-07-11 23:00:00,0.26711999999999997
2025-07-14 23:00:00,0.2678
2025-07-15 23:00:00,0.26539999999999997
2025-07-16 23:00:00,0.26649999999999996
2025-07-17 23:00:00,0.26546
2025-07-18 23:00:00,0.2672
2025-07-21 23:00:00,0.26882
2025-07-22 23:00:00,0.26966
2025-07-23 23:00:00,0.26921999999999996
2025-07-24 23:00:00,0.26993999999999996
2025-07-25 23:00:00,0.26977999999999996
2025-07-28 23:00:00,0.26516
2025-07-29 23:00:00,0.26344
2025-07-30 23:00:00,0.26111999999999996
2025-07-31 23:00:00,0.2605
2025-08-01 23:00:00,0.26448
2025-08-04 23:00:00,0.2643
2025-08-05 23:00:00,0.2636
2025-08-06 23:00:00,0.26576
2025-08-07 23:00:00,0.2667
2025-08-08 23:00:00,0.26804
2025-08-11 23:00:00,0.2658
2025-08-12 23:00:00,0.26764
2025-08-13 23:00:00,0.26882
2025-08-14 23:00:00,0.26666
2025-08-15 23:00:00,0.26827999999999996
2025-08-18 23:00:00,0.26786
2025-08-19 23:00:00,0.26858
2025-08-20 23:00:00,0.26774
2025-08-21 23:00:00,0.26627999999999996
2025-08-22 23:00:00,0.26914
2025-08-25 23:00:00,0.26699999999999996
2025-08-26 23:00:00,0.26686
2025-08-27 23:00:00,0.26526
2025-08-28 23:00:00,0.2676
2025-08-29 23:00:00,0.26796
2025-09-02 23:00:00,0.2668
2025-09-03 23:00:00,0.26805999999999996
2025-09-04 23:00:00,0.26742
2025-09-05 23:00:00,0.26983999999999997
2025-09-08 23:00:00,0.27033999999999997
2025-09-09 23:00:00,0.2692
2025-09-10 23:00:00,0.26905999999999997
2025-09-11 23:00:00,0.2693
2025-09-12 23:00:00,0.26958
2025-09-15 23:00:00,0.27018
2025-09-16 23:00:00,0.27018
2025-09-17 23:00:00,0.2716974576271186
2025-09-18 23:00:00,0.27027745762711863
2025-09-19 23:00:00,0.26923745762711865
2025-09-22 23:00:00,0.2703574576271186
2025-09-23 23:00:00,0.2708174576271186
2025-09-24 23:00:00,0.26911745762711864
2025-09-25 23:00:00,0.2673174576271186
2025-09-26 23:00:00,0.26773745762711865
2025-09-29 23:00:00,0.26845745762711865
2025-09-30 23:00:00,0.26889745762711864
2025-10-01 23:00:00,0.2691374576271186
2025-10-02 23:00:00,0.2685974576271186
2025-10-03 23:00:00,0.2697574576271186
2025-10-06 23:00:00,0.26905745762711863
2025-10-07 23:00:00,0.26811745762711864
2025-10-08 23:00:00,0.2671374576271186
2025-10-09 23:00:00,0.2659374576271186
2025-10-10 23:00:00,0.26623745762711865
2025-10-13 23:00:00,0.2653774576271186
2025-10-14 23:00:00,0.2662574576271186
2025-10-15 23:00:00,0.2671974576271186
2025-10-16 23:00:00,0.26901745762711865
2025-10-17 23:00:00,0.2689774576271186
2025-10-20 23:00:00,0.2689374576271186
2025-10-21 23:00:00,0.26761745762711864
2025-10-22 23:00:00,0.26839745762711864
2025-10-23 23:00:00,0.26845745762711865
2025-10-24 23:00:00,0.26805745762711863
2025-10-27 23:00:00,0.2686574576271186
2025-10-28 23:00:00,0.26951745762711865
2025-10-29 23:00:00,0.2670374576271186
2025-10-30 23:00:00,0.2664174576271186
2025-10-31 23:00:00,0.2649374576271186
2025-11-03 23:00:00,0.2648174576271186
2025-11-04 23:00:00,0.26335745762711865
2025-11-05 23:00:00,0.26357745762711865
2025-11-06 23:00:00,0.2656974576271186
2025-11-07 23:00:00,0.2665974576271186
2025-11-10 23:00:00,0.26679745762711865
2025-11-11 23:00:00,0.2679174576271186
2025-11-12 23:00:00,0.2674774576271186
2025-11-13 23:00:00,0.2690374576271186
2025-11-14 23:00:00,0.26889745762711864
2025-11-17 23:00:00,0.26827745762711863
2025-11-18 23:00:00,0.26707745762711865
2025-11-19 23:00:00,0.2667574576271186
2025-11-20 23:00:00,0.26645745762711864
2025-11-21 23:00:00,0.2649174576271186
2025-11-24 23:00:00,0.26611745762711864
2025-11-25 23:00:00,0.26755745762711863
2025-11-26 23:00:00,0.26783745762711864
2025-11-28 23:00:00,0.2678574576271186
2025-12-01 23:00:00,0.26833745762711864
2025-12-02 23:00:00,0.26857745762711865
2025-12-03 23:00:00,0.2703174576271186
2025-12-04 23:00:00,0.26911745762711864
2025-12-05 23:00:00,0.2692574576271186
2025-12-08 23:00:00,0.26867745762711864
2025-12-09 23:00:00,0.2688774576271186
2025-12-10 23:00:00,0.2694374576271186
2025-12-11 23:00:00,0.27243745762711863
2025-12-12 23:00:00,0.27195745762711865
2025-12-15 23:00:00,0.27233745762711864
2025-12-16 23:00:00,0.2726574576271186
2025-12-17 23:00:00,0.27323027530667665
2025-12-18 23:00:00,0.2731902753066766
2025-12-19 23:00:00,0.27305027530667664
2025-12-22 23:00:00,0.27327027530667664
2025-12-23 23:00:00,0.27301027530667665
2025-12-24 23:00:00,0.27371027530667663
2025-12-26 23:00:00,0.2738702753066766
2025-12-29 23:00:00,0.27267027530667665
2025-12-30 23:00:00,0.27293027530667663
2025-12-31 23:00:00,0.27233027530667664
2026-01-02 23:00:00,0.27295027530667665
2026-01-05 23:00:00,0.27229027530667665
2026-01-06 23:00:00,0.27195027530667665
2026-01-07 23:00:00,0.2718702753066766
2026-01-08 23:00:00,0.2709702753066766
2026-01-09 23:00:00,0.27051027530667665
2026-01-12 23:00:00,0.27177027530667663
2026-01-13 23:00:00,0.2711502753066766
2026-01-14 23:00:00,0.27063027530667666
2026-01-15 23:00:00,0.2699302753066766
2026-01-16 23:00:00,0.26919027530667666
2026-01-20 23:00:00,0.27173027530667665
2026-01-21 23:00:00,0.27171027530667663
2026-01-22 23:00:00,0.27417027530667665
2026-01-23 23:00:00,0.27529027530667666
2026-01-26 23:00:00,0.27683027530667664
2026-01-27 23:00:00,0.28123027530667666
2026-01-28 23:00:00,0.27837027530667663
2026-01-29 23:00:00,0.27817027530667665
2026-01-30 23:00:00,0.27677027530667664
2026-02-02 23:00:00,0.27341027530667666
2026-02-03 23:00:00,0.2741502753066766
2026-02-04 23:00:00,0.27465027530667663
2026-02-05 23:00:00,0.27395027530667665
2026-02-06 23:00:00,0.27451027530667665
2026-02-09 23:00:00,0.27771027530667663
2026-02-10 23:00:00,0.27717027530667665
2026-02-11 23:00:00,0.27607027530667666
2026-02-12 23:00:00,0.27599027530667664
2026-02-13 23:00:00,0.27617027530667665
2026-02-17 23:00:00,0.27435027530667666
2026-02-18 23:00:00,0.2741502753066766
2026-02-19 23:00:00,0.27291027530667666
2026-02-20 23:00:00,0.2733102753066766
2026-02-23 23:00:00,0.2740302753066766
2026-02-24 23:00:00,0.2740302753066766
2026-02-25 23:00:00,0.27391027530667666
2026-02-26 23:00:00,0.2738102753066766
2026-02-27 23:00:00,0.27445027530667665
2026-03-02 23:00:00,0.27029027530667665
2026-03-03 23:00:00,0.2656502753066766
2026-03-04 23:00:00,0.26711027530667664
2026-03-05 23:00:00,0.26589027530667664
2026-03-06 23:00:00,0.26605027530667663
2026-03-09 23:00:00,0.26513027530667665
2026-03-10 23:00:00,0.2675902753066766
2026-03-11 23:00:00,0.26697027530667666
2026-03-12 23:00:00,0.2638102753066766
2026-03-13 23:00:00,0.2618702753066766
2026-03-16 23:00:00,0.2639902753066766
2026-03-17 23:00:00,0.2639902753066766
2026-03-18 23:00:00,0.2632006885298171
2026-03-19 23:00:00,0.2657206885298171
2026-03-20 23:00:00,0.2645806885298171
2026-03-23 23:00:00,0.26790068852981713
2026-03-24 23:00:00,0.26546068852981713
2026-03-25 23:00:00,0.26502068852981714
2026-03-26 23:00:00,0.2642606885298171
2026-03-27 23:00:00,0.26318068852981713
2026-03-30 23:00:00,0.2616606885298171
