,US10
1982-08-30,0.0
1982-08-31,0.0
1982-09-01,0.0
1982-09-02,0.0
1982-09-03,0.0
1982-09-06,0.0
1982-09-07,0.0
1982-09-08,0.0
1982-09-09,0.0
1982-09-10,0.0
1982-09-13,0.0
1982-09-14,0.0
1982-09-15,0.0
1982-09-16,0.0
1982-09-17,0.0
1982-09-20,0.0
1982-09-21,0.0
1982-09-22,-0.03463742671078185
1982-09-23,0.7151027925888842
1982-09-24,-0.3549951745823732
1982-09-27,-0.23043891855060172
1982-09-28,0.8919686436156926
1982-09-29,0.7658536828111684
1982-09-30,1.458618926880484
1982-10-01,3.3609680317594925
1982-10-04,0.6477426209257953
1982-10-05,1.150981334030421
1982-10-06,2.9211235073759667
1982-10-07,7.037968447671017
1982-10-08,7.974550671588143
1982-10-11,12.293532698451681
1982-10-12,12.082982324642089
1982-10-13,12.923604692076918
1982-10-14,10.735709851167918
1982-10-15,9.21309384071436
1982-10-18,10.987806615625972
1982-10-19,11.820215165243164
1982-10-20,10.841788282547293
1982-10-21,11.049616635577086
1982-10-22,9.5226844068379
1982-10-25,6.716165618912684
1982-10-26,8.665081005624863
1982-10-27,8.665081005624863
1982-10-28,8.665081005624863
1982-10-29,8.665081005624863
1982-11-01,8.613231195322847
1982-11-02,8.613231195322847
1982-11-03,9.903013315767307
1982-11-04,10.246460232379073
1982-11-05,9.212899667700514
1982-11-08,8.598577107069705
1982-11-09,9.0058217712212
1982-11-10,9.142079048435225
1982-11-11,7.77780306032978
1982-11-12,8.518775456369543
1982-11-15,7.686769924433445
1982-11-16,6.542597993986332
1982-11-17,8.207326087642365
1982-11-18,9.357028927323574
1982-11-19,9.562073356562317
1982-11-22,8.945786693931645
1982-11-23,8.128693293727164
1982-11-24,7.925951993801439
1982-11-25,7.925951993801439
1982-11-26,7.049053633851798
1982-11-29,4.908072561174759
1982-11-30,5.059403856739864
1982-12-01,5.059403856739864
1982-12-02,5.059403856739864
1982-12-03,5.059403856739864
1982-12-06,5.059403856739864
1982-12-07,5.014749533548746
1982-12-08,3.373894072087036
1982-12-09,3.717618082074625
1982-12-10,3.717618082074625
1982-12-13,3.717618082074625
1982-12-14,3.717618082074625
1982-12-15,3.717618082074625
1982-12-16,3.717618082074625
1982-12-17,3.717618082074625
1982-12-20,3.717618082074625
1982-12-21,3.717618082074625
1982-12-22,3.717618082074625
1982-12-23,3.717618082074625
1982-12-24,3.6747654235766314
1982-12-27,4.517122892643188
1982-12-28,4.517122892643188
1982-12-29,3.994537278179977
1982-12-30,4.059533863978859
1982-12-31,4.059533863978859
1983-01-03,5.750501289268528
1983-01-04,5.089560656210601
1983-01-05,5.155241631620733
1983-01-06,4.892353527541693
1983-01-07,5.023468969451117
1983-01-10,5.154748305662937
1983-01-11,6.07485235333749
1983-01-12,6.273742701500007
1983-01-13,6.473005969065326
1983-01-14,6.805734112718653
1983-01-17,6.764641723898213
1983-01-18,6.764641723898213
1983-01-19,4.228981482955629
1983-01-20,3.5377166862635034
1983-01-21,1.7258066442539022
1983-01-24,0.605735106914973
1983-01-25,0.605735106914973
1983-01-26,0.605735106914973
1983-01-27,0.605735106914973
1983-01-28,0.605735106914973
1983-01-31,0.605735106914973
1983-02-01,0.605735106914973
1983-02-02,0.605735106914973
1983-02-03,0.605735106914973
1983-02-04,0.5679608269143266
1983-02-07,0.12797599829657003
1983-02-08,0.12797599829657003
1983-02-09,0.25313596829443785
1983-02-10,-1.1253446512696108
1983-02-11,-1.7798851029059648
1983-02-14,-1.7798851029059648
1983-02-15,-1.7931461000224913
1983-02-16,-1.7931461000224913
1983-02-17,-1.7931461000224913
1983-02-18,-1.8291147051303303
1983-02-21,-1.8291147051303303
1983-02-22,-0.601978638944467
1983-02-23,-1.1972687290943473
1983-02-24,-0.08573800229666473
1983-02-25,3.785939650114356
1983-02-28,2.488615404487926
1983-03-01,4.282166174066471
1983-03-02,4.151813466348897
1983-03-03,4.802762300513597
1983-03-04,3.3617243188815316
1983-03-07,0.13167043391648647
1983-03-08,-1.495469210634659
1983-03-09,-1.407869306708831
1983-03-10,-1.8392098784919764
1983-03-11,-2.1459623476216882
1983-03-14,-0.9839456504996846
1983-03-15,-0.426980344783745
1983-03-16,-1.0493117176288425
1983-03-17,-1.2966884383347699
1983-03-18,-1.1116197291566432
1983-03-21,-1.4206459175030384
1983-03-22,-1.6054822064077157
1983-03-23,-0.8060267493347872
1983-03-24,-0.434049349644805
1983-03-25,-1.4297088561483595
1983-03-28,-1.3064959922185482
1983-03-29,-0.9363953521893786
1983-03-30,-0.7506510934747301
1983-03-31,-1.060805308807622
1983-04-01,-1.060805308807622
1983-04-04,-0.6279463320336576
1983-04-05,0.676311872358415
1983-04-06,0.8305036918859532
1983-04-07,-0.05176321541805473
1983-04-08,-0.8013749913024171
1983-04-11,1.6785906339150225
1983-04-12,1.4243941573302443
1983-04-13,2.3118576062068907
1983-04-14,5.12543369037759
1983-04-15,4.336992937699757
1983-04-18,5.380362867076749
1983-04-19,2.1830742794893387
1983-04-20,2.914761929030152
1983-04-21,1.371040500094689
1983-04-22,1.4977543007198113
1983-04-25,2.224758470180177
1983-04-26,2.671991788487227
1983-04-27,3.63454171150428
1983-04-28,3.664597461099506
1983-04-29,4.3125011952313885
1983-05-02,4.442891821725414
1983-05-03,5.095659895611204
1983-05-04,7.29405040057034
1983-05-05,5.081110611058581
1983-05-06,6.066246023037247
1983-05-09,2.2876360084665537
1983-05-10,4.938771709474876
1983-05-11,4.545251315564336
1983-05-12,3.630480366553135
1983-05-13,4.148632768385885
1983-05-16,0.6336164124528754
1983-05-17,-0.05975847759105424
1983-05-18,-0.1846837794940659
1983-05-19,-1.1204523690613089
1983-05-20,-1.4619922959809628
1983-05-23,-1.4619922959809628
1983-05-24,-1.4619922959809628
1983-05-25,-1.4619922959809628
1983-05-26,-1.4619922959809628
1983-05-27,-1.4619922959809628
1983-05-30,-1.4619922959809628
1983-05-31,-1.4619922959809628
1983-06-01,-1.4940177875917615
1983-06-02,-1.370885309826253
1983-06-03,-1.1859557197821724
1983-06-06,-1.6800259411832608
1983-06-07,-0.8197261681686108
1983-06-08,0.172076570149704
1983-06-09,-0.5491112640172213
1983-06-10,-0.30048404217727365
1983-06-13,-3.914591495648345
1983-06-14,-3.104344838067563
1983-06-15,-3.4982053369572164
1983-06-16,-3.4982053369572164
1983-06-17,-3.4982053369572164
1983-06-20,-3.4982053369572164
1983-06-21,-3.4982053369572164
1983-06-22,-3.4982053369572164
1983-06-23,-3.4982053369572164
1983-06-24,-3.4982053369572164
1983-06-27,-3.525145488409176
1983-06-28,-4.248706897246102
1983-06-29,-4.966841595516747
1983-06-30,-5.501403111541969
1983-07-01,-5.678587980707828
1983-07-04,-5.678587980707828
1983-07-05,-2.6720929725928766
1983-07-06,-3.124855460773013
1983-07-07,-1.429540431336529
1983-07-08,0.1722295366542559
1983-07-11,-1.455569193316375
1983-07-12,1.500763730884147
1983-07-13,1.1201358668933237
1983-07-14,0.3617348478916371
1983-07-15,2.368969544849464
1983-07-18,-0.7020995414960263
1983-07-19,-1.5709561705079422
1983-07-20,-2.6782829135897246
1983-07-21,-1.4884911412515356
1983-07-22,-0.3802366665906165
1983-07-25,-0.9405978353410394
1983-07-26,-0.1976523191060897
1983-07-27,-0.010522917204403015
1983-07-28,1.3370763659873885
1983-07-29,3.2371465478496564
1983-08-01,3.366192981034466
1983-08-02,2.950390535343339
1983-08-03,3.1434225175971164
1983-08-04,8.365058282550454
1983-08-05,7.755504829711102
1983-08-08,9.97796211682389
1983-08-09,8.946918721978658
1983-08-10,10.581122502808338
1983-08-11,7.4710284324168486
1983-08-12,3.239356687890438
1983-08-15,-2.402363022969156
1983-08-16,-2.9371868635293286
1983-08-17,-4.029143511314626
1983-08-18,-3.215451881539999
1983-08-19,-3.215451881539999
1983-08-22,-3.215451881539999
1983-08-23,-3.215451881539999
1983-08-24,-3.215451881539999
1983-08-25,-3.215451881539999
1983-08-26,-3.215451881539999
1983-08-29,-3.215451881539999
1983-08-30,-3.215451881539999
1983-08-31,-3.2418606741245526
1983-09-01,-3.8465990449112697
1983-09-02,-3.4259279157327516
1983-09-05,-3.4259279157327516
1983-09-06,-5.236691767312762
1983-09-07,-6.302778984930491
1983-09-08,-6.035946082148191
1983-09-09,-6.035946082148191
1983-09-12,-6.035946082148191
1983-09-13,-6.035946082148191
1983-09-14,-6.035946082148191
1983-09-15,-6.035946082148191
1983-09-16,-6.035946082148191
1983-09-19,-6.035946082148191
1983-09-20,-6.035946082148191
1983-09-21,-6.035946082148191
1983-09-22,-6.035946082148191
1983-09-23,-6.035946082148191
1983-09-26,-6.035946082148191
1983-09-27,-6.062445149161411
1983-09-28,-6.356000008070284
1983-09-29,-6.356000008070284
1983-09-30,-5.946307508105586
1983-10-03,-6.181441739335314
1983-10-04,-6.181441739335314
1983-10-05,-4.891436563251183
1983-10-06,-4.891436563251183
1983-10-07,-5.248093676138998
1983-10-10,-5.899513032115545
1983-10-11,-7.1933947279239625
1983-10-12,-7.393241094898406
1983-10-13,-7.393241094898406
1983-10-14,-7.393241094898406
1983-10-17,-7.393241094898406
1983-10-18,-7.393241094898406
1983-10-19,-7.393241094898406
1983-10-20,-7.393241094898406
1983-10-21,-7.393241094898406
1983-10-24,-7.393241094898406
1983-10-25,-7.393241094898406
1983-10-26,-7.393241094898406
1983-10-27,-7.393241094898406
1983-10-28,-7.393241094898406
1983-10-31,-7.419108800338902
1983-11-01,-7.939876313336991
1983-11-02,-7.8248011587286666
1983-11-03,-7.306315665246521
1983-11-04,-6.55317948002665
1983-11-07,-6.728392268501593
1983-11-08,-6.961571287830337
1983-11-09,-6.728975216049915
1983-11-10,-7.8365686353593205
1983-11-11,-8.988611527417323
1983-11-14,-8.274055758406229
1983-11-15,-8.280509399594937
1983-11-16,-8.280509399594937
1983-11-17,-8.280509399594937
1983-11-18,-8.280509399594937
1983-11-21,-8.280509399594937
1983-11-22,-8.280509399594937
1983-11-23,-8.280509399594937
1983-11-24,-8.280509399594937
1983-11-25,-8.280509399594937
1983-11-28,-8.305554985000995
1983-11-29,-7.732464703657249
1983-11-30,-8.193802380138958
1983-12-01,-8.308560127163778
1983-12-02,-9.47977367848365
1983-12-05,-9.47977367848365
1983-12-06,-9.47977367848365
1983-12-07,-9.504512597783954
1983-12-08,-8.656117403388187
1983-12-09,-8.54193755014242
1983-12-12,-8.884905284329392
1983-12-13,-8.201542073961853
1983-12-14,-7.997063755483835
1983-12-15,-8.572082107012058
1983-12-16,-9.943500875406874
1983-12-19,-10.193069220325079
1983-12-20,-10.193069220325079
1983-12-21,-10.41758654727426
1983-12-22,-11.033465639761742
1983-12-23,-10.890610523126487
1983-12-26,-10.890610523126487
1983-12-27,-10.890610523126487
1983-12-28,-10.890610523126487
1983-12-29,-10.890610523126487
1983-12-30,-10.890610523126487
1984-01-02,-10.890610523126487
1984-01-03,-10.890610523126487
1984-01-04,-10.914344719731528
1984-01-05,-10.914344719731528
1984-01-06,-11.327832240007785
1984-01-09,-11.327832240007785
1984-01-10,-11.327832240007785
1984-01-11,-11.327832240007785
1984-01-12,-11.327832240007785
1984-01-13,-11.327832240007785
1984-01-16,-11.351581217250107
1984-01-17,-11.684012787685417
1984-01-18,-11.960000247723901
1984-01-19,-11.794925248188381
1984-01-20,-12.015437935067908
1984-01-23,-11.850466881196153
1984-01-24,-11.905560339395404
1984-01-25,-11.905560339395404
1984-01-26,-11.740383265031761
1984-01-27,-11.795545525491114
1984-01-30,-11.960928877630817
1984-01-31,-11.960928877630817
1984-02-01,-11.795855619276363
1984-02-02,-11.134324536420925
1984-02-03,-11.245406630750399
1984-02-06,-11.744651218452429
1984-02-07,-11.854970404429366
1984-02-08,-11.9100610479266
1984-02-09,-12.13028589530678
1984-02-10,-12.734390179776545
1984-02-13,-13.46605034779823
1984-02-14,-13.488448788842678
1984-02-15,-13.65904883736302
1984-02-16,-13.65904883736302
1984-02-17,-12.90356551468994
1984-02-20,-12.90356551468994
1984-02-21,-13.175741872456538
1984-02-22,-13.012946388467384
1984-02-23,-11.979975126830421
1984-02-24,-12.607513123551339
1984-02-27,-11.624347646191291
1984-02-28,-11.182469384422255
1984-02-29,-12.292688517116979
1984-03-01,-11.854151959702575
1984-03-02,-12.845792750155915
1984-03-05,-11.342451968063683
1984-03-06,-11.120808097983847
1984-03-07,-10.25428529576341
1984-03-08,-9.917738865622528
1984-03-09,-9.489860831962682
1984-03-12,-10.168686875722955
1984-03-13,-9.831819451506918
1984-03-14,-8.648362081807937
1984-03-15,-8.819646402904546
1984-03-16,-7.793867424937229
1984-03-19,-5.373456444841818
1984-03-20,-5.750380378973629
1984-03-21,-5.986004428026193
1984-03-22,-5.04586447230645
1984-03-23,-4.33370845584874
1984-03-26,-5.529537100150628
1984-03-27,-5.057184785651392
1984-03-28,-7.668112204045974
1984-03-29,-9.053090520985286
1984-03-30,-4.981270483475497
1984-04-02,-4.803110365632001
1984-04-03,-3.018168684987599
1984-04-04,-2.494750333310669
1984-04-05,-3.9573290783110115
1984-04-06,-8.279249269787014
1984-04-09,-9.217212830997934
1984-04-10,-8.21646293936842
1984-04-11,-8.560651203345792
1984-04-12,-9.703643063303968
1984-04-13,-7.333363693715689
1984-04-16,-6.638363921418556
1984-04-17,-7.338576192007906
1984-04-18,-5.022040596808108
1984-04-19,-3.9535385535222067
1984-04-20,-3.97501954610866
1984-04-23,-3.97501954610866
1984-04-24,-5.055300576214938
1984-04-25,-5.94540713331293
1984-04-26,-6.8271689414381225
1984-04-27,-4.381382126150868
1984-04-30,-3.664242492096992
1984-05-01,-3.4836129467696653
1984-05-02,-3.302644721044856
1984-05-03,-2.9400296387487868
1984-05-04,0.8817066942254703
1984-05-07,2.5840854946905134
1984-05-08,0.8319231341898936
1984-05-09,5.117279867392965
1984-05-10,6.168452666066893
1984-05-11,16.254455669343248
1984-05-14,17.682832613872602
1984-05-15,14.593658257758445
1984-05-16,11.547589415959013
1984-05-17,15.730624019057494
1984-05-18,13.560674818700157
1984-05-21,12.496043492274843
1984-05-22,14.605344307754997
1984-05-23,14.39045928717797
1984-05-24,20.181476288591348
1984-05-25,21.308177628796887
1984-05-28,21.308177628796887
1984-05-29,24.26506445849881
1984-05-30,27.294025404674716
1984-05-31,25.14593872597084
1984-06-01,15.056047416189443
1984-06-04,9.637489841371139
1984-06-05,9.202254031564138
1984-06-06,10.362527980649517
1984-06-07,10.914340620552743
1984-06-08,10.221125991674285
1984-06-11,11.11667264035663
1984-06-12,10.69998511795529
1984-06-13,9.523797776077014
1984-06-14,8.77082166636649
1984-06-15,7.003295814288046
1984-06-18,7.179791996297014
1984-06-19,7.179791996297014
1984-06-20,7.179791996297014
1984-06-21,7.154921916805157
1984-06-22,7.489781047795185
1984-06-25,7.221056595175712
1984-06-26,7.690148717779599
1984-06-27,7.2863106600879135
1984-06-28,7.621580380900683
1984-06-29,8.092424795067132
1984-07-02,8.092424795067132
1984-07-03,6.987304920086923
1984-07-04,6.987304920086923
1984-07-05,6.853570788936825
1984-07-06,6.29536993598363
1984-07-09,4.0365933248439845
1984-07-10,4.296684808156082
1984-07-11,4.663819964950022
1984-07-12,4.663819964950022
1984-07-13,4.663819964950022
1984-07-16,4.663819964950022
1984-07-17,4.663819964950022
1984-07-18,4.663819964950022
1984-07-19,4.663819964950022
1984-07-20,4.663819964950022
1984-07-23,4.663819964950022
1984-07-24,4.663819964950022
1984-07-25,4.663819964950022
1984-07-26,4.663819964950022
1984-07-27,4.638710962796222
1984-07-30,3.5923238531682555
1984-07-31,4.757737496516401
1984-08-01,5.543420527740284
1984-08-02,6.005172992549146
1984-08-03,7.396490888076368
1984-08-06,6.054034751975412
1984-08-07,6.518021154015297
1984-08-08,6.584594917236575
1984-08-09,6.984287148176205
1984-08-10,6.516230891902941
1984-08-13,5.717359160213675
1984-08-14,6.245945956014731
1984-08-15,5.629664767233922
1984-08-16,6.223831631549603
1984-08-17,6.290221526319328
1984-08-20,6.2237901378653815
1984-08-21,7.086858432735532
1984-08-22,6.685282713612772
1984-08-23,6.285212903436732
1984-08-24,6.617354193759972
1984-08-27,5.1513655735957675
1984-08-28,5.282804780562755
1984-08-29,4.953796015623491
1984-08-30,5.059327386198986
1984-08-31,5.059327386198986
1984-09-03,5.059327386198986
1984-09-04,5.059327386198986
1984-09-05,5.059327386198986
1984-09-06,5.059327386198986
1984-09-07,5.059327386198986
1984-09-10,5.0332358528232035
1984-09-11,5.624047804495325
1984-09-12,5.756077864250941
1984-09-13,6.721215024244187
1984-09-14,7.655025655706327
1984-09-17,7.78959443777596
1984-09-18,8.328542409964834
1984-09-19,11.145014259431063
1984-09-20,10.103029750748904
1984-09-21,5.354836592747869
1984-09-24,2.9580934982750717
1984-09-25,1.9285125632923172
1984-09-26,3.1771601802252025
1984-09-27,4.789303308041215
1984-09-28,3.0864771292855364
1984-10-01,2.6999028400507052
1984-10-02,2.6357154007756733
1984-10-03,2.443273434399229
1984-10-04,2.763408663881739
1984-10-05,3.9837241417653324
1984-10-08,4.373663107296943
1984-10-09,4.177962488970777
1984-10-10,3.9175175827483644
1984-10-11,4.502053619151325
1984-10-12,4.8939363202231245
1984-10-15,4.145727246089503
1984-10-16,4.53627372326233
1984-10-17,5.97364748695719
1984-10-18,9.417791030283308
1984-10-19,11.606146850888965
1984-10-22,12.30368526870702
1984-10-23,13.95884322227614
1984-10-24,15.45455303956853
1984-10-25,12.640348309229044
1984-10-26,8.83873655379257
1984-10-29,9.24688181586928
1984-10-30,15.772441643336975
1984-10-31,14.75943277895777
1984-11-01,17.771867889405435
1984-11-02,17.330223384820155
1984-11-05,19.53016507328553
1984-11-06,19.946354440162906
1984-11-07,14.098969661204963
1984-11-08,9.575190540693
1984-11-09,12.040632327858592
1984-11-12,11.760530747038956
1984-11-13,10.084122785833372
1984-11-14,9.614674008411939
1984-11-15,10.436784063475034
1984-11-16,10.78189901367339
1984-11-19,11.543524569392382
1984-11-20,12.279851618121418
1984-11-21,15.086847908574441
1984-11-22,15.086847908574441
1984-11-23,19.25874614526024
1984-11-26,18.62937823069979
1984-11-27,18.62937823069979
1984-11-28,14.848066799596227
1984-11-29,13.98670629859926
1984-11-30,8.002404217922798
1984-12-03,8.174426329922957
1984-12-04,9.120952560309782
1984-12-05,8.848150178909009
1984-12-06,7.215427926225382
1984-12-07,4.906821554317986
1984-12-10,5.562489189032482
1984-12-11,6.354207857950223
1984-12-12,6.81950751732876
1984-12-13,5.217214904568834
1984-12-14,6.466669331560593
1984-12-17,7.3317110198795055
1984-12-18,9.344180601502261
1984-12-19,8.49238403979058
1984-12-20,8.356768559740836
1984-12-21,8.763106441839863
1984-12-24,9.442875857101374
1984-12-25,9.442875857101374
1984-12-26,6.570000365852469
1984-12-27,5.903937863565889
1984-12-28,6.535397021417322
1984-12-31,5.2702891817880015
1985-01-01,5.2702891817880015
1985-01-02,4.020204497754265
1985-01-03,4.965085198681951
1985-01-04,4.965085198681951
1985-01-07,4.965085198681951
1985-01-08,4.93417742266522
1985-01-09,4.8030097008868955
1985-01-10,4.73750781982385
1985-01-11,3.559210856850825
1985-01-14,3.300312829708707
1985-01-15,4.13962787145008
1985-01-16,4.3348896737090525
1985-01-17,4.530517591847261
1985-01-18,5.575822767765737
1985-01-21,5.3778681000761885
1985-01-22,7.059858220021442
1985-01-23,7.595157511121542
1985-01-24,11.49548197089969
1985-01-25,10.241157798727073
1985-01-28,9.965554904230256
1985-01-29,9.82809796059998
1985-01-30,9.965383083050728
1985-01-31,8.72827252336641
1985-02-01,5.60233468831961
1985-02-04,5.206325933238398
1985-02-05,5.965153924108346
1985-02-06,4.971730606069835
1985-02-07,4.709301279554667
1985-02-08,5.494621039151326
1985-02-11,4.967147933955562
1985-02-12,5.032752401414298
1985-02-13,5.032752401414298
1985-02-14,6.083079925428447
1985-02-15,4.996736448875394
1985-02-18,4.996736448875394
1985-02-19,5.324851250278129
1985-02-20,3.5474943854296948
1985-02-21,2.5767366255662782
1985-02-22,1.6505032138728337
1985-02-25,1.6505032138728337
1985-02-26,1.6505032138728337
1985-02-27,1.6505032138728337
1985-02-28,1.6225488803636612
1985-03-01,0.9874079498613852
1985-03-04,1.8079306394539918
1985-03-05,0.9807412030084173
1985-03-06,1.5487578722753303
1985-03-07,2.183437608977057
1985-03-08,-0.051825088719315016
1985-03-11,-0.1424317410645637
1985-03-12,-0.1424317410645637
1985-03-13,-0.1424317410645637
1985-03-14,-0.1424317410645637
1985-03-15,-0.1424317410645637
1985-03-18,-0.1424317410645637
1985-03-19,-0.17025925358947758
1985-03-20,-0.9189823091875549
1985-03-21,-1.4419251020431068
1985-03-22,-1.4419251020431068
1985-03-25,-1.4419251020431068
1985-03-26,-1.4419251020431068
1985-03-27,-1.4419251020431068
1985-03-28,-1.4419251020431068
1985-03-29,-1.4419251020431068
1985-04-01,-1.4694546719909996
1985-04-02,-1.838944216971039
1985-04-03,-1.9002948768354289
1985-04-04,-2.2068564553453185
1985-04-05,-2.2068564553453185
1985-04-08,-2.267977170060731
1985-04-09,-1.229574427492619
1985-04-10,-0.3653332037331758
1985-04-11,1.066915131463153
1985-04-12,0.9132281998947667
1985-04-15,2.048502017143572
1985-04-16,4.599714567572155
1985-04-17,3.2922181354775093
1985-04-18,6.003638861533811
1985-04-19,5.6061252158030594
1985-04-22,6.662186467961084
1985-04-23,4.395615005516906
1985-04-24,4.265120486760021
1985-04-25,2.049486676416379
1985-04-26,3.3251052598715747
1985-04-29,1.2586031546741427
1985-04-30,2.749608430020145
1985-05-01,3.2633564721702424
1985-05-02,3.6505940589408814
1985-05-03,4.464183841068703
1985-05-06,4.986504760274024
1985-05-07,4.986504760274024
1985-05-08,2.624308403167852
1985-05-09,4.933355342239132
1985-05-10,8.212522696684111
1985-05-13,7.941991389942404
1985-05-14,11.71996108859037
1985-05-15,10.882061380425956
1985-05-16,13.238305184760012
1985-05-17,12.336846169631489
1985-05-20,21.815267565194162
1985-05-21,20.409910013426558
1985-05-22,19.657348075842652
1985-05-23,20.106063131127062
1985-05-24,21.30712376243833
1985-05-27,21.30712376243833
1985-05-28,25.097971380014528
1985-05-29,25.097971380014528
1985-05-30,27.094865880977558
1985-05-31,29.95450036329954
1985-06-03,40.18841726690938
1985-06-04,40.14768275669469
1985-06-05,46.804697687637706
1985-06-06,44.0521096059945
1985-06-07,35.408983029634825
1985-06-10,36.59381163114412
1985-06-11,39.496430128305924
1985-06-12,37.578354214041724
1985-06-13,36.03059772913375
1985-06-14,42.32201287410617
1985-06-17,42.144110358013556
1985-06-18,44.98699256517382
1985-06-19,39.73121408468627
1985-06-20,36.76192578538669
1985-06-21,30.949543939507752
1985-06-24,27.63410462412368
1985-06-25,26.99593410100305
1985-06-26,26.599071806937413
1985-06-27,29.051928823196825
1985-06-28,30.26179065591428
1985-07-01,31.40158132415354
1985-07-02,30.744573417532763
1985-07-03,30.581142700760843
1985-07-04,30.581142700760843
1985-07-05,34.82502983853557
1985-07-08,33.17967048579722
1985-07-09,33.67909425011894
1985-07-10,32.50940217543039
1985-07-11,28.36848335744819
1985-07-12,28.64749576083252
1985-07-15,28.64749576083252
1985-07-16,29.612351979038777
1985-07-17,30.422429178907784
1985-07-18,27.16186844943509
1985-07-19,27.16186844943509
1985-07-22,25.572345093817162
1985-07-23,25.493862378133535
1985-07-24,24.866393066242875
1985-07-25,24.59130298081589
1985-07-26,24.59130298081589
1985-07-29,24.59130298081589
1985-07-30,24.59130298081589
1985-07-31,24.59130298081589
1985-08-01,24.59130298081589
1985-08-02,24.550286298322767
1985-08-05,25.209858995261847
1985-08-06,25.209858995261847
1985-08-07,25.209858995261847
1985-08-08,25.209858995261847
1985-08-09,25.16883657943998
1985-08-12,25.325297625164268
1985-08-13,23.993716337896885
1985-08-14,25.233653501275867
1985-08-15,25.39019556815245
1985-08-16,26.767527488828648
1985-08-19,27.40136512627278
1985-08-20,27.67806965707853
1985-08-21,29.593240701934697
1985-08-22,30.079215354566948
1985-08-23,29.428819277794105
1985-08-26,28.458103133210667
1985-08-27,31.027265195874886
1985-08-28,29.880776625410977
1985-08-29,31.017233420883315
1985-08-30,26.759173334704613
1985-09-02,26.759173334704613
1985-09-03,27.86831610138327
1985-09-04,29.946176238030752
1985-09-05,27.1848199929726
1985-09-06,20.82557899332396
1985-09-09,20.785770909461476
1985-09-10,21.047938083170227
1985-09-11,21.047938083170227
1985-09-12,21.047938083170227
1985-09-13,21.047938083170227
1985-09-16,21.008592087611145
1985-09-17,20.17665801700883
1985-09-18,19.951326783226953
1985-09-19,20.176235520945518
1985-09-20,21.07755728735261
1985-09-23,20.623516447525027
1985-09-24,21.528192820881475
1985-09-25,22.21178890549893
1985-09-26,22.9756125861583
1985-09-27,21.859587507186596
1985-09-30,22.31656096033854
1985-10-01,23.08103946634066
1985-10-02,21.38867517367846
1985-10-03,22.147354393513965
1985-10-04,20.925880849578824
1985-10-07,19.11199263683514
1985-10-08,19.818188104557464
1985-10-09,19.51864263429608
1985-10-10,20.041536695821115
1985-10-11,20.266614577125797
1985-10-14,21.018280918232833
1985-10-15,21.282221139429836
1985-10-16,22.949851680096977
1985-10-17,24.179350196897943
1985-10-18,24.91597872306761
1985-10-21,24.681761262961864
1985-10-22,27.487100891378514
1985-10-23,27.24806257720718
1985-10-24,26.770882342542656
1985-10-25,24.631623703012263
1985-10-28,21.827412169694483
1985-10-29,30.279188888967035
1985-10-30,33.657394677984406
1985-10-31,34.116050144338516
1985-11-01,34.116050144338516
1985-11-04,34.87045292640043
1985-11-05,37.65215601800742
1985-11-06,37.91025381054121
1985-11-07,39.20316244001503
1985-11-08,42.85724545406544
1985-11-11,41.785816113159946
1985-11-12,47.90032943303999
1985-11-13,45.12719825617049
1985-11-14,43.49451727578857
1985-11-15,40.2155192789291
1985-11-18,49.942970928904806
1985-11-19,49.942970928904806
1985-11-20,49.66182785841311
1985-11-21,51.34552342182026
1985-11-22,47.94024914482931
1985-11-25,47.94024914482931
1985-11-26,48.4950250791224
1985-11-27,51.557734971379276
1985-11-28,51.557734971379276
1985-11-29,53.831100995949946
1985-12-02,47.485568079867015
1985-12-03,48.59170984046604
1985-12-04,52.492242223778284
1985-12-05,52.77816517794789
1985-12-06,51.91878799882193
1985-12-09,62.45815391624019
1985-12-10,67.94111661091328
1985-12-11,77.0729148266317
1985-12-12,72.75676252773255
1985-12-13,74.70027610616954
1985-12-16,78.63103231855834
1985-12-17,86.3344955872962
1985-12-18,82.14196943658206
1985-12-19,82.48348562927565
1985-12-20,87.27367712704417
1985-12-23,84.81571011475171
1985-12-24,85.16223957121689
1985-12-25,85.16223957121689
1985-12-26,87.24531476639308
1985-12-27,91.10724938344991
1985-12-30,88.59896673529212
1985-12-31,89.65983592317815
1986-01-01,89.65983592317815
1986-01-02,87.17055057668641
1986-01-03,87.17055057668641
1986-01-06,86.11771622969255
1986-01-07,95.53992561382071
1986-01-08,81.60770591383599
1986-01-09,74.39784460383443
1986-01-10,71.56387962902213
1986-01-13,63.786733446955445
1986-01-14,65.83406761504239
1986-01-15,67.9069934602304
1986-01-16,68.32676094388094
1986-01-17,69.37880319978022
1986-01-20,69.16707969578052
1986-01-21,69.69572681982983
1986-01-22,68.63512852720591
1986-01-23,69.68909808050094
1986-01-24,69.79515376680128
1986-01-27,72.28755069401353
1986-01-28,76.16402058462883
1986-01-29,73.74176530159018
1986-01-30,73.5245880949632
1986-01-31,74.82602250567545
1986-02-03,77.88547789952477
1986-02-04,80.99847376276648
1986-02-05,77.09385054815701
1986-02-06,73.44128988060126
1986-02-07,67.85670358477253
1986-02-10,72.26294205387282
1986-02-11,76.35418692765231
1986-02-12,77.01551512863098
1986-02-13,80.11328664338204
1986-02-14,87.68745739992079
1986-02-17,87.68745739992079
1986-02-18,89.09511333042019
1986-02-19,85.31321106381178
1986-02-20,87.6296262021094
1986-02-21,96.54203344670962
1986-02-24,102.4382944501109
1986-02-25,100.41391150560979
1986-02-26,103.67063756757595
1986-02-27,116.14546411858998
1986-02-28,117.49637326933117
1986-03-03,124.83687586717109
1986-03-04,127.36629072067677
1986-03-05,112.87168968723363
1986-03-06,116.86303386886925
1986-03-07,121.47137333858274
1986-03-10,134.20597730555127
1986-03-11,135.37700719207902
1986-03-12,136.2596709690493
1986-03-13,132.42045131580227
1986-03-14,135.32570695724976
1986-03-17,132.38413562028418
1986-03-18,126.86501239930239
1986-03-19,129.70082505429366
1986-03-20,131.9978333048366
1986-03-21,127.64787393037089
1986-03-24,135.90010936034682
1986-03-25,136.19498449704724
1986-03-26,141.2141279176095
1986-03-27,149.05358707493178
1986-03-28,149.05358707493178
1986-03-31,156.21387770333607
1986-04-01,155.57334300907777
1986-04-02,157.17067640288454
1986-04-03,151.062872838316
1986-04-04,146.35544397259758
1986-04-07,146.35544397259758
1986-04-08,159.90499339109044
1986-04-09,164.1284495336957
1986-04-10,163.1379678479443
1986-04-11,158.2041309507954
1986-04-14,166.91852037038473
1986-04-15,162.58109441436596
1986-04-16,180.30531828733564
1986-04-17,173.64806697801137
1986-04-18,167.83304555472864
1986-04-21,168.50262816861544
1986-04-22,152.7280987637093
1986-04-23,144.11276560728479
1986-04-24,140.60364460168006
1986-04-25,138.94949454504354
1986-04-28,143.1311106995818
1986-04-29,146.6261204158883
1986-04-30,146.47197909062837
1986-05-01,143.23703436506386
1986-05-02,140.80466402141326
1986-05-05,145.31975147181475
1986-05-06,143.93982786978577
1986-05-07,141.80535437592513
1986-05-08,143.4677661872596
1986-05-09,140.57658646378593
1986-05-12,134.4118114356514
1986-05-13,137.341959078597
1986-05-14,136.45192673205227
1986-05-15,131.7228881974112
1986-05-16,126.77758712814425
1986-05-19,126.77758712814425
1986-05-20,126.77758712814425
1986-05-21,126.77758712814425
1986-05-22,126.77758712814425
1986-05-23,126.77758712814425
1986-05-26,126.77758712814425
1986-05-27,126.77758712814425
1986-05-28,126.69598965169473
1986-05-29,118.19489003975616
1986-05-30,116.20423128500602
1986-06-02,116.20423128500602
1986-06-03,116.20423128500602
1986-06-04,116.20423128500602
1986-06-05,116.20423128500602
1986-06-06,116.20423128500602
1986-06-09,116.20423128500602
1986-06-10,116.20423128500602
1986-06-11,116.20423128500602
1986-06-12,116.20423128500602
1986-06-13,116.20423128500602
1986-06-16,116.20423128500602
1986-06-17,116.20423128500602
1986-06-18,116.11243253967997
1986-06-19,110.84469199652527
1986-06-20,115.76097740494271
1986-06-23,115.76097740494271
1986-06-24,115.6675075494748
1986-06-25,115.6675075494748
1986-06-26,116.07188412613007
1986-06-27,117.96251311223371
1986-06-30,118.64364596570947
1986-07-01,118.37034140825233
1986-07-02,117.82441555473171
1986-07-03,121.7724830866612
1986-07-04,121.7724830866612
1986-07-07,119.83197385965289
1986-07-08,116.94667920274493
1986-07-09,120.0652877162844
1986-07-10,119.79020610663906
1986-07-11,119.92757498545572
1986-07-14,121.1646675947489
1986-07-15,124.48213760867013
1986-07-16,122.79852157660511
1986-07-17,122.93777065259053
1986-07-18,123.63445118587988
1986-07-21,125.311709569774
1986-07-22,123.48105192951957
1986-07-23,121.10656575276843
1986-07-24,118.6191168880498
1986-07-25,119.30230162832495
1986-07-28,113.40855227206373
1986-07-29,117.58262820438463
1986-07-30,117.58262820438463
1986-07-31,117.48657514853824
1986-08-01,118.43807891481308
1986-08-04,118.57460271413487
1986-08-05,117.20851144717153
1986-08-06,114.90067101304531
1986-08-07,116.64673896502632
1986-08-08,120.70886532062057
1986-08-11,122.50212485135062
1986-08-12,123.61463547560736
1986-08-13,125.9905409775357
1986-08-14,125.04284067710647
1986-08-15,125.2854337489198
1986-08-18,126.69346770985057
1986-08-19,131.2273370640476
1986-08-20,134.1176787773482
1986-08-21,134.1176787773482
1986-08-22,126.50885421708438
1986-08-25,129.34021489479792
1986-08-26,135.93374607302334
1986-08-27,129.15065087342393
1986-08-28,132.0150340093417
1986-08-29,137.52539106706357
1986-09-01,137.52539106706357
1986-09-02,129.805815857384
1986-09-03,119.75181141362347
1986-09-04,121.30167231408437
1986-09-05,117.56720659378419
1986-09-08,114.84761651136188
1986-09-09,116.36216464479273
1986-09-10,116.36216464479273
1986-09-11,116.36216464479273
1986-09-12,116.36216464479273
1986-09-15,116.36216464479273
1986-09-16,116.36216464479273
1986-09-17,116.36216464479273
1986-09-18,116.36216464479273
1986-09-19,116.36216464479273
1986-09-22,116.36216464479273
1986-09-23,116.36216464479273
1986-09-24,116.36216464479273
1986-09-25,116.36216464479273
1986-09-26,116.36216464479273
1986-09-29,116.26467724735248
1986-09-30,119.23831655950355
1986-10-01,120.06046024660168
1986-10-02,119.23523352067691
1986-10-03,123.61993819109047
1986-10-06,124.45851295930703
1986-10-07,124.87937267110576
1986-10-08,122.77112855231414
1986-10-09,124.0242161504209
1986-10-10,122.62406479948078
1986-10-13,121.23266439448402
1986-10-14,117.63763359807365
1986-10-15,118.8618452870628
1986-10-16,117.90432471393189
1986-10-17,117.6319443080395
1986-10-20,115.04756496938154
1986-10-21,117.90711747233576
1986-10-22,117.90711747233576
1986-10-23,117.80835660521691
1986-10-24,116.85544504506909
1986-10-27,118.34632622975394
1986-10-28,117.80046041417958
1986-10-29,119.97846501832137
1986-10-30,122.04076312786812
1986-10-31,121.62443669700336
1986-11-03,122.63366808120723
1986-11-04,121.7987918259027
1986-11-05,121.7987918259027
1986-11-06,116.80831900981987
1986-11-07,113.28518382591031
1986-11-10,113.99134086655418
1986-11-11,114.25883004263736
1986-11-12,115.19621242407388
1986-11-13,115.46520768960397
1986-11-14,116.75578890403098
1986-11-17,118.9665587286076
1986-11-18,115.68206034767847
1986-11-19,121.07411185637042
1986-11-20,120.52142657672951
1986-11-21,122.4509890592759
1986-11-24,125.23162642251684
1986-11-25,121.00853342709463
1986-11-26,122.94235809458173
1986-11-27,122.94235809458173
1986-11-28,123.49971398981819
1986-12-01,122.10284077738183
1986-12-02,130.15406875556187
1986-12-03,129.86637616961744
1986-12-04,134.17637072279777
1986-12-05,125.29504499470225
1986-12-08,132.38054164129719
1986-12-09,132.09006596424558
1986-12-10,134.12085404143275
1986-12-11,130.0237390957077
1986-12-12,130.31126876957734
1986-12-15,129.15971242572945
1986-12-16,132.02420883105108
1986-12-17,132.60426935312867
1986-12-18,133.76729069989432
1986-12-19,134.64391804001886
1986-12-22,134.9372229375689
1986-12-23,136.69925210960065
1986-12-24,136.01115162158405
1986-12-25,136.01115162158405
1986-12-26,135.56863071229358
1986-12-29,127.17649824316814
1986-12-30,122.82611406869096
1986-12-31,121.99051614093337
1987-01-01,121.90264502993404
1987-01-02,125.36987385852676
1987-01-05,127.39357373444973
1987-01-06,126.54084783294554
1987-01-07,127.95672813190149
1987-01-08,127.58226530176975
1987-01-09,130.14256578641462
1987-01-12,126.25890998876889
1987-01-13,123.71349725139527
1987-01-14,120.35779479262433
1987-01-15,123.57747534797001
1987-01-16,127.76955301074446
1987-01-19,129.7625365995885
1987-01-20,129.10042626530557
1987-01-21,129.52998956455306
1987-01-22,128.23888337325243
1987-01-23,123.10350849735427
1987-01-26,117.66536047773127
1987-01-27,118.80840196659408
1987-01-28,121.54350699117651
1987-01-29,121.26657760743753
1987-01-30,118.77732860935386
1987-02-02,117.13649864478373
1987-02-03,116.05081615155979
1987-02-04,117.13107023231757
1987-02-05,121.20227779917352
1987-02-06,121.20227779917352
1987-02-09,115.39571800694523
1987-02-10,112.16478223684105
1987-02-11,109.44100222697521
1987-02-12,111.20313846316195
1987-02-13,111.11840752827055
1987-02-16,111.05239886435547
1987-02-17,110.78858336577504
1987-02-18,112.10601201181115
1987-02-19,113.56424084439234
1987-02-20,113.76746909642112
1987-02-23,115.3707251146443
1987-02-24,117.79364577218404
1987-02-25,116.09537322232741
1987-02-26,116.09537322232741
1987-02-27,118.12126734628671
1987-03-02,119.75717685138387
1987-03-03,116.87286390520946
1987-03-04,122.97241320254346
1987-03-05,122.55433992778867
1987-03-06,116.29499911731962
1987-03-09,115.88944599397463
1987-03-10,115.42292283863374
1987-03-11,115.692201492182
1987-03-12,116.23143199591243
1987-03-13,117.5828784458869
1987-03-16,116.4949640536575
1987-03-17,117.57743887392577
1987-03-18,116.97308205758019
1987-03-19,117.78673111529612
1987-03-20,116.56168075277256
1987-03-23,114.53141499571532
1987-03-24,112.92242938324746
1987-03-25,113.66241864550273
1987-03-26,115.26488678534399
1987-03-27,110.9595890496371
1987-03-30,99.093112165595
1987-03-31,101.46878203997854
1987-04-01,101.46878203997854
1987-04-02,101.41184036929367
1987-04-03,100.53066356767802
1987-04-06,99.27734692038004
1987-04-07,101.76831375688478
1987-04-08,101.38999816859062
1987-04-09,106.80235436937151
1987-04-10,111.32615587120154
1987-04-13,113.83565397217205
1987-04-14,117.97871976788285
1987-04-15,114.84527567121954
1987-04-16,111.35403994156223
1987-04-17,111.35403994156223
1987-04-20,116.24160211521088
1987-04-21,116.6470551191769
1987-04-22,117.86569480422227
1987-04-23,120.5250192214073
1987-04-24,130.44864508637062
1987-04-27,122.67100331470564
1987-04-28,116.54755072355125
1987-04-29,119.45955608799541
1987-04-30,116.0305005241205
1987-05-01,120.48612959743043
1987-05-04,124.75804835838065
1987-05-05,122.22952031434886
1987-05-06,124.31292206729587
1987-05-07,121.92959727033083
1987-05-08,120.54253728739126
1987-05-11,124.81554894733446
1987-05-12,124.25351007496613
1987-05-13,123.6928762997787
1987-05-14,125.37057287202704
1987-05-15,132.4858190010866
1987-05-18,129.57974626357304
1987-05-19,133.5973918231856
1987-05-20,134.3273836726331
1987-05-21,133.5951105986561
1987-05-22,130.45652272796363
1987-05-25,130.38519298552677
1987-05-26,122.4657019766493
1987-05-27,124.69035899641581
1987-05-28,124.12863309892477
1987-05-29,121.7472663722487
1987-06-01,120.91571412335279
1987-06-02,128.9239087603243
1987-06-03,126.63466967272106
1987-06-04,125.50149632435743
1987-06-05,122.11897387949206
1987-06-08,122.95192003154014
1987-06-09,123.78798973165841
1987-06-10,123.2285197573293
1987-06-11,122.39141280823928
1987-06-12,115.7196704239921
1987-06-15,114.16535865339475
1987-06-16,114.16535865339475
1987-06-17,114.16535865339475
1987-06-18,114.16535865339475
1987-06-19,114.16535865339475
1987-06-22,114.16535865339475
1987-06-23,114.16535865339475
1987-06-24,114.16535865339475
1987-06-25,114.16535865339475
1987-06-26,114.16535865339475
1987-06-29,114.16535865339475
1987-06-30,114.16535865339475
1987-07-01,114.16535865339475
1987-07-02,114.16535865339475
1987-07-03,114.16535865339475
1987-07-06,114.16535865339475
1987-07-07,114.16535865339475
1987-07-08,114.16535865339475
1987-07-09,114.16535865339475
1987-07-10,114.16535865339475
1987-07-13,114.16535865339475
1987-07-14,114.16535865339475
1987-07-15,114.16535865339475
1987-07-16,114.16535865339475
1987-07-17,114.16535865339475
1987-07-20,114.16535865339475
1987-07-21,114.16535865339475
1987-07-22,114.16535865339475
1987-07-23,114.0946502753064
1987-07-24,114.62988690099465
1987-07-27,115.16646161824711
1987-07-28,115.43541969526991
1987-07-29,115.0314782833413
1987-07-30,114.35950491370583
1987-07-31,115.69925181941652
1987-08-03,120.14804888819195
1987-08-04,119.87286382708172
1987-08-05,116.63935264004617
1987-08-06,117.65077666458326
1987-08-07,116.83458625209107
1987-08-10,117.91875918335148
1987-08-11,117.51016150988272
1987-08-12,117.23827380799538
1987-08-13,114.38702146426544
1987-08-14,113.15646653075002
1987-08-17,112.75679815600488
1987-08-18,117.47365722128569
1987-08-19,117.40196304712556
1987-08-20,116.04320077808103
1987-08-21,117.12341678197143
1987-08-24,117.53052318843764
1987-08-25,116.03500084151715
1987-08-26,117.52024147230257
1987-08-27,121.32684569806788
1987-08-28,123.81677271217116
1987-08-31,123.32248608539977
1987-09-01,125.83486405386051
1987-09-02,138.25578157682284
1987-09-03,138.8514210307649
1987-09-04,139.14998530705333
1987-09-07,139.14998530705333
1987-09-08,151.40642205403984
1987-09-09,150.14938994376962
1987-09-10,145.14640214489424
1987-09-11,139.324175093953
1987-09-14,138.72586465621814
1987-09-15,144.39560394180327
1987-09-16,148.67252701078485
1987-09-17,146.49664239944045
1987-09-18,140.33422633945443
1987-09-21,143.6388219516219
1987-09-22,139.07059404002896
1987-09-23,140.26594701022907
1987-09-24,146.8732605530104
1987-09-25,147.18185212870165
1987-09-28,146.56389749837993
1987-09-29,152.41979006396642
1987-09-30,154.62846322702615
1987-10-01,156.85646228026263
1987-10-02,151.30863566671627
1987-10-05,158.8478947367178
1987-10-06,161.75993355250586
1987-10-07,160.77833380168394
1987-10-08,175.44711507802862
1987-10-09,182.1611385080556
1987-10-12,192.7421812021077
1987-10-13,175.72654191973518
1987-10-14,197.44000709591435
1987-10-15,199.56364098896512
1987-10-16,202.93373195009096
1987-10-19,199.52572746565247
1987-10-20,163.5826401697742
1987-10-21,144.0376104791668
1987-10-22,134.3278441742795
1987-10-23,134.3278441742795
1987-10-26,134.3278441742795
1987-10-27,134.3278441742795
1987-10-28,134.3278441742795
1987-10-29,134.3278441742795
1987-10-30,134.3278441742795
1987-11-02,134.3278441742795
1987-11-03,134.3278441742795
1987-11-04,134.3278441742795
1987-11-05,134.3278441742795
1987-11-06,134.3278441742795
1987-11-09,134.3278441742795
1987-11-10,134.3278441742795
1987-11-11,134.3278441742795
1987-11-12,134.3278441742795
1987-11-13,134.24464168509013
1987-11-16,134.24464168509013
1987-11-17,134.24464168509013
1987-11-18,134.24464168509013
1987-11-19,134.24464168509013
1987-11-20,134.24464168509013
1987-11-23,134.24464168509013
1987-11-24,134.24464168509013
1987-11-25,134.24464168509013
1987-11-26,134.24464168509013
1987-11-27,134.24464168509013
1987-11-30,134.24464168509013
1987-12-01,134.24464168509013
1987-12-02,134.24464168509013
1987-12-03,134.24464168509013
1987-12-04,134.24464168509013
1987-12-07,134.24464168509013
1987-12-08,134.24464168509013
1987-12-09,134.24464168509013
1987-12-10,134.24464168509013
1987-12-11,134.24464168509013
1987-12-14,134.1449484286362
1987-12-15,129.46204946006347
1987-12-16,126.35190138517997
1987-12-17,126.35190138517997
1987-12-18,126.35190138517997
1987-12-21,126.35190138517997
1987-12-22,126.35190138517997
1987-12-23,126.35190138517997
1987-12-24,126.35190138517997
1987-12-25,126.25721333326454
1987-12-28,123.99464119993189
1987-12-29,126.14142165516449
1987-12-30,126.14142165516449
1987-12-31,126.0473913839376
1988-01-01,126.0473913839376
1988-01-04,127.31890796047223
1988-01-05,129.0237997701758
1988-01-06,127.1629813970431
1988-01-07,126.59507394355049
1988-01-08,120.93019709496171
1988-01-11,124.15403209635846
1988-01-12,124.15403209635846
1988-01-13,124.15403209635846
1988-01-14,124.15403209635846
1988-01-15,124.15403209635846
1988-01-18,124.06174587262888
1988-01-19,123.78166869028809
1988-01-20,125.04044057667096
1988-01-21,127.43149525779813
1988-01-22,128.85294210315942
1988-01-25,129.99720681367518
1988-01-26,127.40973823702132
1988-01-27,132.242195174558
1988-01-28,133.40340615043078
1988-01-29,135.59156308309105
1988-02-01,135.59156308309105
1988-02-02,138.44286662233128
1988-02-03,132.77984854005092
1988-02-04,132.77984854005092
1988-02-05,139.47226918557737
1988-02-08,135.88018514779372
1988-02-09,137.6492865364022
1988-02-10,140.9169642262777
1988-02-11,137.60435596816637
1988-02-12,129.28820350928055
1988-02-15,129.16656975994334
1988-02-16,128.1639660172436
1988-02-17,128.0213635384828
1988-02-18,129.01895700396366
1988-02-19,129.87777809272848
1988-02-22,130.7398197605762
1988-02-23,133.04721795818196
1988-02-24,132.46459991328652
1988-02-25,131.15698653877428
1988-02-26,132.60171770464163
1988-02-29,133.32859807246865
1988-03-01,133.53129497679004
1988-03-02,135.86660792655795
1988-03-03,137.0459409661907
1988-03-04,125.78625877029666
1988-03-07,125.13534258236594
1988-03-08,124.29108504768207
1988-03-09,124.85181276030129
1988-03-10,123.86808607947498
1988-03-11,125.68701427887068
1988-03-14,125.54595989494639
1988-03-15,125.54595989494639
1988-03-16,123.43146652093124
1988-03-17,125.3864918529894
1988-03-18,121.58309480297022
1988-03-21,120.47517932895539
1988-03-22,120.39060540251523
1988-03-23,120.39060540251523
1988-03-24,120.39060540251523
1988-03-25,120.39060540251523
1988-03-28,120.39060540251523
1988-03-29,120.39060540251523
1988-03-30,120.39060540251523
1988-03-31,120.39060540251523
1988-04-01,120.39060540251523
1988-04-04,120.39060540251523
1988-04-05,120.39060540251523
1988-04-06,120.30603233913672
1988-04-07,119.75526725828888
1988-04-08,116.92381561904077
1988-04-11,116.92381561904077
1988-04-12,116.92381561904077
1988-04-13,116.92381561904077
1988-04-14,116.92381561904077
1988-04-15,116.92381561904077
1988-04-18,116.92381561904077
1988-04-19,116.84071424525743
1988-04-20,116.84071424525743
1988-04-21,116.56966335245089
1988-04-22,115.62217107528392
1988-04-25,115.3526433614398
1988-04-26,115.8910249698434
1988-04-27,115.48622929802494
1988-04-28,117.5064126976939
1988-04-29,117.5064126976939
1988-05-02,119.13771079292661
1988-05-03,117.90506116971642
1988-05-04,117.76887050648534
1988-05-05,118.04108159461846
1988-05-06,120.22149241056464
1988-05-09,120.77204614159105
1988-05-10,121.79317201476185
1988-05-11,122.34765494479873
1988-05-12,122.34765494479873
1988-05-13,119.84624382666978
1988-05-16,120.35482456891704
1988-05-17,126.6900257752734
1988-05-18,130.9404637585598
1988-05-19,129.9901986761057
1988-05-20,132.57758841121188
1988-05-23,133.88583734602494
1988-05-24,132.13169356592977
1988-05-25,129.08496508787692
1988-05-26,129.94403370695645
1988-05-27,131.66861395975863
1988-05-30,131.66861395975863
1988-05-31,128.62796340153676
1988-06-01,113.19557587193304
1988-06-02,115.83929033890303
1988-06-03,113.41109832259039
1988-06-06,113.06681360144984
1988-06-07,113.06681360144984
1988-06-08,113.06681360144984
1988-06-09,113.06681360144984
1988-06-10,113.06681360144984
1988-06-13,113.06681360144984
1988-06-14,113.06681360144984
1988-06-15,112.98817382661422
1988-06-16,108.46217513279868
1988-06-17,104.68379820851669
1988-06-20,105.11960875137763
1988-06-21,105.11960875137763
1988-06-22,105.11960875137763
1988-06-23,105.11960875137763
1988-06-24,105.11960875137763
1988-06-27,105.11960875137763
1988-06-28,105.11960875137763
1988-06-29,105.11960875137763
1988-06-30,105.11960875137763
1988-07-01,105.11960875137763
1988-07-04,105.11960875137763
1988-07-05,105.11960875137763
1988-07-06,105.11960875137763
1988-07-07,105.11960875137763
1988-07-08,105.11960875137763
1988-07-11,105.11960875137763
1988-07-12,105.11960875137763
1988-07-13,105.11960875137763
1988-07-14,105.05879590873826
1988-07-15,103.52085493942273
1988-07-18,105.17446188580553
1988-07-19,104.27682361505512
1988-07-20,104.27682361505512
1988-07-21,105.42588074788979
1988-07-22,104.14196899321549
1988-07-25,103.24884787887014
1988-07-26,103.37587840879445
1988-07-27,105.22194397878617
1988-07-28,105.22194397878617
1988-07-29,105.16072564165535
1988-08-01,103.75024565286898
1988-08-02,101.90664174476795
1988-08-03,101.90664174476795
1988-08-04,101.90664174476795
1988-08-05,101.90664174476795
1988-08-08,101.90664174476795
1988-08-09,101.90664174476795
1988-08-10,101.90664174476795
1988-08-11,101.84606133054986
1988-08-12,101.84606133054986
1988-08-15,102.3213481521387
1988-08-16,101.43619225397309
1988-08-17,102.06568035476677
1988-08-18,101.56051615387986
1988-08-19,101.18259018609135
1988-08-22,101.93702489928916
1988-08-23,100.80112913423065
1988-08-24,100.80112913423065
1988-08-25,102.43263830844627
1988-08-26,101.80003631373236
1988-08-29,99.52978590520287
1988-08-30,99.03096144043988
1988-08-31,98.5333840368388
1988-09-01,98.35329412159048
1988-09-02,98.35329412159048
1988-09-05,98.2958803400008
1988-09-06,98.91555496606333
1988-09-07,99.03987718791714
1988-09-08,99.03987718791714
1988-09-09,101.52787565276608
1988-09-12,100.26832642993631
1988-09-13,100.64382954199247
1988-09-14,102.14865826355744
1988-09-15,101.01157206082493
1988-09-16,100.76030759574893
1988-09-19,99.75650605777018
1988-09-20,100.00620169034238
1988-09-21,100.75622494668113
1988-09-22,100.3798070249061
1988-09-23,100.25456964551553
1988-09-26,99.12813769125952
1988-09-27,98.3814071749173
1988-09-28,98.00944203646434
1988-09-29,99.81327802693067
1988-09-30,99.81327802693067
1988-10-03,99.75984786781726
1988-10-04,99.01074843831294
1988-10-05,98.88636672053902
1988-10-06,99.13497467893968
1988-10-07,103.6155116092158
1988-10-10,102.7978718095861
1988-10-11,101.5303851107762
1988-10-12,96.74403846439526
1988-10-13,97.18398084696112
1988-10-14,98.1699007511959
1988-10-17,98.41761312713489
1988-10-18,98.66563514354381
1988-10-19,97.54814094586138
1988-10-20,97.91854371013488
1988-10-21,97.42374735085957
1988-10-24,97.42374735085957
1988-10-25,97.67052703504812
1988-10-26,98.78242374962028
1988-10-27,100.64600897227294
1988-10-28,101.09592523529423
1988-10-31,103.10688448764718
1988-11-01,102.09135006520893
1988-11-02,99.0599798142308
1988-11-03,101.29940458714088
1988-11-04,92.99580414792132
1988-11-07,90.29152201155446
1988-11-08,90.59843256670526
1988-11-09,90.59843256670526
1988-11-10,90.59843256670526
1988-11-11,90.59843256670526
1988-11-14,90.56976669502555
1988-11-15,90.56976669502555
1988-11-16,90.56976669502555
1988-11-17,90.56976669502555
1988-11-18,90.52087630013786
1988-11-21,90.40180075245028
1988-11-22,91.23480863074225
1988-11-23,91.11528687534805
1988-11-24,91.11528687534805
1988-11-25,93.38478090699283
1988-11-28,92.9732823582062
1988-11-29,91.76719934346742
1988-11-30,88.41127335495675
1988-12-01,86.4792677677553
1988-12-02,89.81114266007427
1988-12-05,89.76250739368479
1988-12-06,85.49285097732688
1988-12-07,86.48755397484389
1988-12-08,86.48755397484389
1988-12-09,86.48755397484389
1988-12-12,86.48755397484389
1988-12-13,86.48755397484389
1988-12-14,86.48755397484389
1988-12-15,86.4387892709112
1988-12-16,85.97269229773391
1988-12-19,85.27529470161741
1988-12-20,83.53833881378974
1988-12-21,83.1465118740754
1988-12-22,83.1465118740754
1988-12-23,83.1465118740754
1988-12-26,83.1465118740754
1988-12-27,83.1465118740754
1988-12-28,83.1465118740754
1988-12-29,83.09923398390424
1988-12-30,82.18373781398472
1989-01-02,82.18373781398472
1989-01-03,83.89171035599081
1989-01-04,83.66184571804583
1989-01-05,84.92452090735738
1989-01-06,84.34663177952189
1989-01-09,84.23141513465968
1989-01-10,83.88598123128219
1989-01-11,84.00090996955176
1989-01-12,81.81589916366335
1989-01-13,79.77047029807214
1989-01-16,79.72379808936483
1989-01-17,79.67719052790068
1989-01-18,81.24936594501982
1989-01-19,81.02280423758855
1989-01-20,80.34396872169758
1989-01-23,81.02025860440394
1989-01-24,82.60418586719247
1989-01-25,81.23465447318851
1989-01-26,81.12138281414278
1989-01-27,81.91378886395466
1989-01-30,81.00421991963489
1989-01-31,80.89109228218511
1989-02-01,81.11720614753783
1989-02-02,81.45680090906448
1989-02-03,81.00315890679184
1989-02-06,81.1162858811086
1989-02-07,82.13506498918983
1989-02-08,81.90739615795334
1989-02-09,78.61032460259045
1989-02-10,76.6668637015672
1989-02-13,76.62163075001807
1989-02-14,77.28396186533062
1989-02-15,77.0422084480519
1989-02-16,76.82090568749184
1989-02-17,76.37885342327313
1989-02-20,76.37885342327313
1989-02-21,76.5993269900522
1989-02-22,78.25494568058393
1989-02-23,79.9260857963394
1989-02-24,80.44623967364156
1989-02-27,78.64177727690513
1989-02-28,77.30196394732836
1989-03-01,79.2966110417358
1989-03-02,76.83128263991192
1989-03-03,77.05232174321182
1989-03-06,75.28179852577969
1989-03-07,75.0227000248405
1989-03-08,74.47575408726289
1989-03-09,74.69384877987196
1989-03-10,76.87752188962034
1989-03-13,76.76697343843932
1989-03-14,76.2145766464442
1989-03-15,76.10444253604018
1989-03-16,75.99437725945518
1989-03-17,79.84425426200576
1989-03-20,80.58939920273008
1989-03-21,81.26660944974029
1989-03-22,77.86786052255765
1989-03-23,76.75618639429167
1989-03-24,76.75618639429167
1989-03-27,76.97713162728452
1989-03-28,76.0922459691481
1989-03-29,73.6709775870723
1989-03-30,72.76259153436098
1989-03-31,72.00675519639815
1989-04-03,70.28668764443415
1989-04-04,69.07647297033897
1989-04-05,69.07647297033897
1989-04-06,69.03737567172628
1989-04-07,67.45265027480383
1989-04-10,67.41396100663624
1989-04-11,67.41396100663624
1989-04-12,67.41396100663624
1989-04-13,67.41396100663624
1989-04-14,67.37513948464988
1989-04-17,67.96395956226505
1989-04-18,67.96395956226505
1989-04-19,67.92521124366652
1989-04-20,65.61623958906611
1989-04-21,66.61267361145737
1989-04-24,66.61267361145737
1989-04-25,66.61267361145737
1989-04-26,66.61267361145737
1989-04-27,66.61267361145737
1989-04-28,66.57370701534585
1989-05-01,64.38742711076941
1989-05-02,65.51759067215595
1989-05-03,66.03483314300644
1989-05-04,65.82728960157769
1989-05-05,67.48556249759348
1989-05-08,66.33409925542253
1989-05-09,64.04700539066046
1989-05-10,63.495290202417266
1989-05-11,63.495290202417266
1989-05-12,63.495290202417266
1989-05-15,63.45519179472423
1989-05-16,63.04655381523743
1989-05-17,63.73677186666109
1989-05-18,64.14611379632773
1989-05-19,65.58239229204561
1989-05-22,68.06612817642628
1989-05-23,67.22579753554415
1989-05-24,66.87103591149008
1989-05-25,65.20232555237517
1989-05-26,65.82183427319657
1989-05-29,65.82183427319657
1989-05-30,66.23638885887955
1989-05-31,67.69095726139476
1989-06-01,67.481343564818
1989-06-02,74.38994898686676
1989-06-05,77.00579822166974
1989-06-06,77.00579822166974
1989-06-07,80.32465693832604
1989-06-08,80.55006275949894
1989-06-09,86.19225222073328
1989-06-12,84.33032969852594
1989-06-13,79.49165854393962
1989-06-14,82.85712714163851
1989-06-15,77.82855614524347
1989-06-16,76.27255627897259
1989-06-19,75.39119349757772
1989-06-20,77.97798298834519
1989-06-21,76.86562059466804
1989-06-22,75.53912844020805
1989-06-23,78.7207751431868
1989-06-26,80.06118095676071
1989-06-27,81.29910157583843
1989-06-28,80.11965026233452
1989-06-29,82.82144501626951
1989-06-30,84.19260585389155
1989-07-03,84.65308736852626
1989-07-04,84.65308736852626
1989-07-05,83.96063829089428
1989-07-06,86.03019547166684
1989-07-07,88.82064840374181
1989-07-10,90.70885488777924
1989-07-11,90.18330966083997
1989-07-12,90.53990336645406
1989-07-13,91.25442800407824
1989-07-14,88.38561158401706
1989-07-17,87.32594251885698
1989-07-18,81.70616424329124
1989-07-19,85.74899532640832
1989-07-20,89.23178898877848
1989-07-21,85.92023268147486
1989-07-24,86.61743355403037
1989-07-25,88.7168796815132
1989-07-26,88.7168796815132
1989-07-27,93.85899746578212
1989-07-28,97.85733928851386
1989-07-31,102.3091294225054
1989-08-01,107.61974406984618
1989-08-02,104.11616088866755
1989-08-03,100.67170067367131
1989-08-04,85.99758256190908
1989-08-07,84.90292370277204
1989-08-08,85.36518101202897
1989-08-09,84.2066486307038
1989-08-10,83.69832887010385
1989-08-11,81.86134558140282
1989-08-14,77.76946530582126
1989-08-15,78.7236983364028
1989-08-16,78.67167878434253
1989-08-17,78.67167878434253
1989-08-18,78.67167878434253
1989-08-21,78.67167878434253
1989-08-22,78.67167878434253
1989-08-23,78.67167878434253
1989-08-24,78.67167878434253
1989-08-25,78.67167878434253
1989-08-28,78.67167878434253
1989-08-29,78.67167878434253
1989-08-30,78.67167878434253
1989-08-31,78.67167878434253
1989-09-01,78.67167878434253
1989-09-04,78.67167878434253
1989-09-05,78.67167878434253
1989-09-06,78.67167878434253
1989-09-07,78.62561830792944
1989-09-08,79.29546437658416
1989-09-11,79.96782236799635
1989-09-12,80.08030225697638
1989-09-13,79.0673505567809
1989-09-14,80.07460440366279
1989-09-15,80.97497742568108
1989-09-18,80.63564934300793
1989-09-19,80.74854662384735
1989-09-20,79.3929325241685
1989-09-21,77.71112378175442
1989-09-22,77.48898487702722
1989-09-25,74.78070989581688
1989-09-26,74.78070989581688
1989-09-27,74.78070989581688
1989-09-28,74.78070989581688
1989-09-29,74.78070989581688
1989-10-02,74.78070989581688
1989-10-03,74.78070989581688
1989-10-04,74.78070989581688
1989-10-05,74.78070989581688
1989-10-06,74.73527037906555
1989-10-09,76.37341353886929
1989-10-10,75.0045303715841
1989-10-11,72.59821807897482
1989-10-12,74.32420025976457
1989-10-13,77.37487376431045
1989-10-16,76.70971798769428
1989-10-17,76.04705654524042
1989-10-18,75.16682126251422
1989-10-19,77.35640652829562
1989-10-20,76.2479289874938
1989-10-23,79.33226774477495
1989-10-24,82.02225176094655
1989-10-25,81.79472394624537
1989-10-26,80.15695353343509
1989-10-27,77.45459923043356
1989-10-30,78.73949639964783
1989-10-31,78.51607202914828
1989-11-01,79.8549425693669
1989-11-02,81.20385463863715
1989-11-03,78.21258655344015
1989-11-06,74.87110055556315
1989-11-07,82.36691305906498
1989-11-08,83.96262354833182
1989-11-09,81.89304403341309
1989-11-10,81.89304403341309
1989-11-13,81.66567772837132
1989-11-14,82.34692401985271
1989-11-15,84.82385428339869
1989-11-16,84.82385428339869
1989-11-17,81.31050094199372
1989-11-20,81.603462713733
1989-11-21,82.965488684086
1989-11-22,85.02385043178195
1989-11-23,85.02385043178195
1989-11-24,85.94896968394083
1989-11-27,82.647618893174
1989-11-28,82.25876229314899
1989-11-29,80.89182157595039
1989-11-30,82.70073979170989
1989-12-01,84.07099534014773
1989-12-04,84.07099534014773
1989-12-05,83.84090659597254
1989-12-06,82.46209979650277
1989-12-07,80.63747879853773
1989-12-08,83.12124413201761
1989-12-11,82.66344102168756
1989-12-12,82.66344102168756
1989-12-13,83.34842892551887
1989-12-14,85.18191321477406
1989-12-15,84.44096426097003
1989-12-18,87.89923234086324
1989-12-19,86.13767703766764
1989-12-20,86.48668518211329
1989-12-21,85.43769757796392
1989-12-22,81.6130450654184
1989-12-25,81.6130450654184
1989-12-26,71.05678682099095
1989-12-27,71.61301232951925
1989-12-28,72.42872604856699
1989-12-29,72.42872604856699
1990-01-01,72.42872604856699
1990-01-02,72.42872604856699
1990-01-03,72.42872604856699
1990-01-04,72.42872604856699
1990-01-05,72.42872604856699
1990-01-08,72.42872604856699
1990-01-09,72.38672876806082
1990-01-10,72.49447047354087
1990-01-11,72.60227951758684
1990-01-12,73.57316733987327
1990-01-15,75.20041578368458
1990-01-16,75.92467633928581
1990-01-17,75.7047704938617
1990-01-18,81.15270603628024
1990-01-19,77.41643147428196
1990-01-22,77.74908728329626
1990-01-23,76.08268959001536
1990-01-24,83.3461005356035
1990-01-25,86.09629204363753
1990-01-26,91.67918080494665
1990-01-29,91.31978234093738
1990-01-30,93.11340530038366
1990-01-31,86.23374023655748
1990-02-01,84.8369871847833
1990-02-02,89.99298288099224
1990-02-05,91.4179302525997
1990-02-06,93.3321095551257
1990-02-07,93.04589447374691
1990-02-08,88.70236184808762
1990-02-09,77.73403706566752
1990-02-12,82.98391672790845
1990-02-13,81.84026724835904
1990-02-14,82.06756758241949
1990-02-15,83.95326219284371
1990-02-16,83.60834982623213
1990-02-19,83.60834982623213
1990-02-20,88.19855857188792
1990-02-21,88.03707967423942
1990-02-22,84.04129173116183
1990-02-23,84.27134334582578
1990-02-26,80.58591647890927
1990-02-27,78.06076311728465
1990-02-28,80.5090986101473
1990-03-01,82.31418959624877
1990-03-02,81.40261864826752
1990-03-05,83.89690465468118
1990-03-06,82.47477856364381
1990-03-07,82.0185916172347
1990-03-08,81.33602189867007
1990-03-09,85.1894123640168
1990-03-12,84.03197853674169
1990-03-13,88.4027380269893
1990-03-14,84.16367642138205
1990-03-15,85.08449480348894
1990-03-16,81.1514492889148
1990-03-19,81.33498757231736
1990-03-20,79.97497516552498
1990-03-21,80.42491260343878
1990-03-22,80.19938146268449
1990-03-23,79.74888300902778
1990-03-26,79.2995108015052
1990-03-27,79.74775957850898
1990-03-28,79.2983901795627
1990-03-29,81.42755856294504
1990-03-30,82.90165747626894
1990-04-02,82.67303040442361
1990-04-03,82.21634782841257
1990-04-04,79.82475826316464
1990-04-05,80.1619296849081
1990-04-06,80.1619296849081
1990-04-09,81.06273933333262
1990-04-10,81.28906775749927
1990-04-11,81.85559609424146
1990-04-12,82.31023508447706
1990-04-13,82.31023508447706
1990-04-16,82.99389846604383
1990-04-17,84.89678869317763
1990-04-18,89.51920841050705
1990-04-19,89.75610742102018
1990-04-20,93.27076697619903
1990-04-23,95.08268041660088
1990-04-24,96.54580051972542
1990-04-25,96.54580051972542
1990-04-26,100.55643126801255
1990-04-27,100.05504018984253
1990-04-30,98.55462738841871
1990-05-01,101.03656023077394
1990-05-02,102.04174303192781
1990-05-03,98.50601252886908
1990-05-04,77.6628812133378
1990-05-07,80.65119393036808
1990-05-08,79.74793796071624
1990-05-09,81.88244472399977
1990-05-10,79.83626722085478
1990-05-11,76.0147465424116
1990-05-14,75.20340280036125
1990-05-15,75.20340280036125
1990-05-16,75.20340280036125
1990-05-17,75.1643256845156
1990-05-18,75.1643256845156
1990-05-21,75.1643256845156
1990-05-22,75.1643256845156
1990-05-23,75.1643256845156
1990-05-24,75.1643256845156
1990-05-25,75.1643256845156
1990-05-28,75.1643256845156
1990-05-29,75.1643256845156
1990-05-30,75.1643256845156
1990-05-31,75.1643256845156
1990-06-01,75.1643256845156
1990-06-04,75.12258893722546
1990-06-05,74.24697599253933
1990-06-06,74.35588035253468
1990-06-07,74.46485277775503
1990-06-08,74.35581224476893
1990-06-11,74.02889509680999
1990-06-12,74.02889509680999
1990-06-13,75.76918404777808
1990-06-14,76.42831848795724
1990-06-15,74.44349990496772
1990-06-18,73.4622552180023
1990-06-19,73.35384130849106
1990-06-20,72.33800355642306
1990-06-21,72.33800355642306
1990-06-22,72.33800355642306
1990-06-25,72.33800355642306
1990-06-26,72.33800355642306
1990-06-27,72.33800355642306
1990-06-28,72.33800355642306
1990-06-29,72.33800355642306
1990-07-02,72.2974217793629
1990-07-03,73.05122299964763
1990-07-04,73.05122299964763
1990-07-05,72.40228091339895
1990-07-06,70.1395009764106
1990-07-09,69.14214655724926
1990-07-10,69.14214655724926
1990-07-11,69.14214655724926
1990-07-12,69.14214655724926
1990-07-13,69.14214655724926
1990-07-16,69.14214655724926
1990-07-17,69.14214655724926
1990-07-18,69.1023377599573
1990-07-19,68.9569084412919
1990-07-20,68.9569084412919
1990-07-23,68.9569084412919
1990-07-24,68.9569084412919
1990-07-25,68.9569084412919
1990-07-26,68.9569084412919
1990-07-27,68.9569084412919
1990-07-30,68.91666259276323
1990-07-31,68.1776521939199
1990-08-01,69.64920665061669
1990-08-02,67.16955976792107
1990-08-03,65.45749634362788
1990-08-06,59.76989490681566
1990-08-07,58.43094240677671
1990-08-08,58.390481185362184
1990-08-09,56.212612069063454
1990-08-10,56.603143599236105
1990-08-13,56.70102056398565
1990-08-14,56.11339173687069
1990-08-15,55.62553738769296
1990-08-16,58.142938803993616
1990-08-17,58.93365349801356
1990-08-20,58.93365349801356
1990-08-21,59.33098763175859
1990-08-22,60.82471564080632
1990-08-23,62.53347824448989
1990-08-24,63.30362896563779
1990-08-27,57.58800195184046
1990-08-28,58.72815903626789
1990-08-29,56.644851948916866
1990-08-30,57.134367111257234
1990-08-31,57.03615813181271
1990-09-03,57.03615813181271
1990-09-04,58.01763412013656
1990-09-05,57.128784928210806
1990-09-06,56.735962965890295
1990-09-07,56.050243127914534
1990-09-10,56.92802574550906
1990-09-11,56.73186571332718
1990-09-12,56.63390829725634
1990-09-13,56.438115911884765
1990-09-14,57.51362795877897
1990-09-17,58.10430406362437
1990-09-18,58.00548887358461
1990-09-19,57.70922858194665
1990-09-20,58.39920645699266
1990-09-21,59.6862000094557
1990-09-24,60.684238759514805
1990-09-25,59.9387737576675
1990-09-26,59.53892682327333
1990-09-27,55.949300969749686
1990-09-28,52.20427630347133
1990-10-01,50.206595176988266
1990-10-02,49.79106218389251
1990-10-03,49.79106218389251
1990-10-04,49.79106218389251
1990-10-05,49.75163780540504
1990-10-08,49.09647439000639
1990-10-09,46.30091549519377
1990-10-10,45.43906352809686
1990-10-11,45.43906352809686
1990-10-12,45.40022916986817
1990-10-15,44.76410316724999
1990-10-16,44.4926704738114
1990-10-17,43.91223612377348
1990-10-18,43.91223612377348
1990-10-19,43.91223612377348
1990-10-22,43.874413775760026
1990-10-23,43.424806232710765
1990-10-24,43.24552522491989
1990-10-25,44.051281304310066
1990-10-26,43.78118515186449
1990-10-29,42.61296302250559
1990-10-30,42.52382992061652
1990-10-31,43.46727058075332
1990-11-01,43.46727058075332
1990-11-02,43.43064178417051
1990-11-05,44.68565989978202
1990-11-06,44.504802824907294
1990-11-07,43.33070130195493
1990-11-08,43.15153792532749
1990-11-09,44.94093214939407
1990-11-12,46.571517636074766
1990-11-13,46.9010212654372
1990-11-14,47.45190009518259
1990-11-15,46.693513199051395
1990-11-16,48.893915897037154
1990-11-19,47.591094132938075
1990-11-20,48.69802733893511
1990-11-21,50.74262521484545
1990-11-22,50.70514119081388
1990-11-23,49.57485263188279
1990-11-26,50.69666402662192
1990-11-27,49.00132655632243
1990-11-28,47.6044391198569
1990-11-29,46.18415930483475
1990-11-30,48.194191495276215
1990-12-03,49.676133410228985
1990-12-04,50.4245140772801
1990-12-05,51.703419012550064
1990-12-06,50.2811994593074
1990-12-07,59.57984867585204
1990-12-10,61.9735464059898
1990-12-11,64.70685000159087
1990-12-12,66.25097672035577
1990-12-13,61.26344741874507
1990-12-14,56.72791296009287
1990-12-17,58.49110198089391
1990-12-18,60.57129769439315
1990-12-19,59.367012961685205
1990-12-20,55.78125517004728
1990-12-21,52.820996523605544
1990-12-24,48.61841911920639
1990-12-25,48.58075768322632
1990-12-26,49.787976339402526
1990-12-27,50.443298735887424
1990-12-28,49.59705518049806
1990-12-31,50.906029413327424
1991-01-01,50.906029413327424
1991-01-02,53.169619854527326
1991-01-03,53.89655155787037
1991-01-04,50.818620526712955
1991-01-07,46.482585186569956
1991-01-08,45.16302947078432
1991-01-09,43.25776470898026
1991-01-10,45.010958725629195
1991-01-11,45.010958725629195
1991-01-14,45.010958725629195
1991-01-15,45.010958725629195
1991-01-16,45.010958725629195
1991-01-17,45.010958725629195
1991-01-18,44.97426849732145
1991-01-21,44.52122390826732
1991-01-22,44.15992084849665
1991-01-23,44.7005205516785
1991-01-24,45.424023154436874
1991-01-25,44.3333429807786
1991-01-28,44.60396799886757
1991-01-29,45.05585539886403
1991-01-30,44.602555850742576
1991-01-31,44.964062240369415
1991-02-01,47.410330790675644
1991-02-04,47.925738077750424
1991-02-05,49.22008828593074
1991-02-06,49.40661339628816
1991-02-07,48.28606379581599
1991-02-08,50.69571233249801
1991-02-11,50.13060341125113
1991-02-12,50.50592991977925
1991-02-13,50.28027839903713
1991-02-14,48.87140078904615
1991-02-15,49.948281901037106
1991-02-18,49.948281901037106
1991-02-19,47.98021070108598
1991-02-20,45.48304464550517
1991-02-21,44.08291060181189
1991-02-22,42.64208149579376
1991-02-25,43.35529190327272
1991-02-26,40.667380180086354
1991-02-27,40.45665142732857
1991-02-28,39.57879735590777
1991-03-01,37.57235214391659
1991-03-04,37.710003919297975
1991-03-05,37.710003919297975
1991-03-06,37.710003919297975
1991-03-07,37.710003919297975
1991-03-08,37.710003919297975
1991-03-11,37.710003919297975
1991-03-12,37.710003919297975
1991-03-13,37.710003919297975
1991-03-14,37.710003919297975
1991-03-15,37.67547633686785
1991-03-18,36.69441094997477
1991-03-19,36.69441094997477
1991-03-20,36.65973757229415
1991-03-21,35.72020187648464
1991-03-22,35.550551624139025
1991-03-25,35.34683747770488
1991-03-26,35.34683747770488
1991-03-27,35.34683747770488
1991-03-28,35.34683747770488
1991-03-29,35.31269462051456
1991-04-01,35.14355375223892
1991-04-02,35.650342078809814
1991-04-03,35.39599768741206
1991-04-04,36.326845171513014
1991-04-05,36.41204944974521
1991-04-08,37.00885216608785
1991-04-09,36.03272467237275
1991-04-10,32.97198836724438
1991-04-11,33.271485304412195
1991-04-12,35.18726290566312
1991-04-15,35.94769125950747
1991-04-16,35.862723952470276
1991-04-17,36.20238076235145
1991-04-18,34.808623248204064
1991-04-19,32.586458976406774
1991-04-22,31.59206053408372
1991-04-23,32.05465232816251
1991-04-24,32.05465232816251
1991-04-25,32.05465232816251
1991-04-26,32.05465232816251
1991-04-29,32.02409663460068
1991-04-30,32.93176229896355
1991-05-01,33.264091704710964
1991-05-02,34.01370222054996
1991-05-03,32.72649638978508
1991-05-06,32.19873371934907
1991-05-07,32.11610951077448
1991-05-08,32.19868207921872
1991-05-09,32.363930431817735
1991-05-10,30.213016562300687
1991-05-13,31.241260227237454
1991-05-14,31.241260227237454
1991-05-15,31.241260227237454
1991-05-16,31.241260227237454
1991-05-17,31.225770827588217
1991-05-20,31.225770827588217
1991-05-21,31.225770827588217
1991-05-22,31.225770827588217
1991-05-23,31.225770827588217
1991-05-24,31.225770827588217
1991-05-27,31.225770827588217
1991-05-28,31.225770827588217
1991-05-29,31.1956800741644
1991-05-30,32.179647674720634
1991-05-31,31.270912596956933
1991-06-03,29.876159150614278
1991-06-04,29.927433797739656
1991-06-05,29.927433797739656
1991-06-06,29.927433797739656
1991-06-07,29.897714206065285
1991-06-10,29.897714206065285
1991-06-11,29.816528134686493
1991-06-12,30.952422755865005
1991-06-13,30.595255495327333
1991-06-14,28.962814801635737
1991-06-17,29.28522183863982
1991-06-18,29.902854863106242
1991-06-19,29.902854863106242
1991-06-20,29.25334058879072
1991-06-21,29.738040615998674
1991-06-24,29.819126891383686
1991-06-25,29.819126891383686
1991-06-26,29.819126891383686
1991-06-27,29.41344211984811
1991-06-28,28.11930769864963
1991-07-01,28.33144512429271
1991-07-02,28.33144512429271
1991-07-03,28.33144512429271
1991-07-04,28.33144512429271
1991-07-05,28.33144512429271
1991-07-08,28.30321566908993
1991-07-09,28.62397370826264
1991-07-10,28.302413773991987
1991-07-11,27.340145670687054
1991-07-12,26.436725033663365
1991-07-15,26.436725033663365
1991-07-16,26.409092228517615
1991-07-17,25.935058132660682
1991-07-18,25.85634872132776
1991-07-19,26.328310029032732
1991-07-22,26.40726522280088
1991-07-23,25.854233437451125
1991-07-24,27.348752459520863
1991-07-25,28.065089192105663
1991-07-26,28.037457783587104
1991-07-29,27.557317316898654
1991-07-30,27.716763963544764
1991-07-31,29.153577558134636
1991-08-01,28.023483754500944
1991-08-02,33.304452459374104
1991-08-05,33.63771359052252
1991-08-06,36.47751500432113
1991-08-07,36.44718979555337
1991-08-08,33.88880498688673
1991-08-09,33.88880498688673
1991-08-12,35.395054042989216
1991-08-13,37.42597985363405
1991-08-14,42.83712781037088
1991-08-15,40.962390507859745
1991-08-16,41.99907150332864
1991-08-19,41.99907150332864
1991-08-20,43.59656105774108
1991-08-21,43.59656105774108
1991-08-22,44.911672875164996
1991-08-23,37.66608923140675
1991-08-26,34.53860202853891
1991-08-27,36.02285178130915
1991-08-28,39.253394511115225
1991-08-29,41.86439565819864
1991-08-30,39.17313700673057
1991-09-02,39.17313700673057
1991-09-03,39.69503627050581
1991-09-04,39.171179884491416
1991-09-05,38.127396035357734
1991-09-06,42.241143498495326
1991-09-09,43.8413563628534
1991-09-10,43.45051485701246
1991-09-11,42.91257542629865
1991-09-12,47.19995268908761
1991-09-13,47.47595260037967
1991-09-16,49.68809188938535
1991-09-17,50.21792612339624
1991-09-18,50.21792612339624
1991-09-19,50.21792612339624
1991-09-20,53.22228464586416
1991-09-23,54.37145178070815
1991-09-24,53.599594521804605
1991-09-25,52.83159654919558
1991-09-26,54.741991506060515
1991-09-27,61.31852614506808
1991-09-30,63.73830403724408
1991-10-01,64.55699555743028
1991-10-02,62.91142560185599
1991-10-03,62.91142560185599
1991-10-04,70.2424397539395
1991-10-07,70.2424397539395
1991-10-08,68.11440925701527
1991-10-09,59.70868879416449
1991-10-10,53.71961296438332
1991-10-11,64.44890382709663
1991-10-14,63.832220437745015
1991-10-15,65.67533291766965
1991-10-16,65.67533291766965
1991-10-17,58.53058418559516
1991-10-18,61.47058703129258
1991-10-21,57.23198412172115
1991-10-22,55.26658432019964
1991-10-23,54.846133080795646
1991-10-24,56.007479078901625
1991-10-25,55.129937009082795
1991-10-28,56.19645532602024
1991-10-29,59.02751607880434
1991-10-30,59.42508486900135
1991-10-31,59.690015938131104
1991-11-01,59.29079089828577
1991-11-04,58.69345043241721
1991-11-05,56.114681862890436
1991-11-06,56.89525527220487
1991-11-07,61.40599386128076
1991-11-08,61.60775135360736
1991-11-11,62.41579011037539
1991-11-12,63.836928273841174
1991-11-13,60.93496264398017
1991-11-14,65.15950541338466
1991-11-15,65.72014093464702
1991-11-18,65.72014093464702
1991-11-19,64.47723987763719
1991-11-20,63.24366057855491
1991-11-21,61.71325126063094
1991-11-22,58.9843401456078
1991-11-25,57.460826838035
1991-11-26,59.62591320705797
1991-11-27,59.825445598566795
1991-11-28,59.825445598566795
1991-11-29,61.623481861550665
1991-12-02,64.21668644395673
1991-12-03,68.21946817602817
1991-12-04,76.42016724960956
1991-12-05,72.45071348649334
1991-12-06,68.24722734526006
1991-12-09,71.71732640925603
1991-12-10,71.71732640925603
1991-12-11,71.39535642223869
1991-12-12,73.00218788869716
1991-12-13,69.75839686578409
1991-12-16,71.34988183640081
1991-12-17,73.59884903550358
1991-12-18,73.27335119356202
1991-12-19,80.0959893968085
1991-12-20,89.21334886002192
1991-12-23,94.53497429671003
1991-12-24,95.62923352712902
1991-12-25,95.62923352712902
1991-12-26,98.1968672171726
1991-12-27,100.0549628473336
1991-12-30,105.68150867741485
1991-12-31,109.53803696511639
1992-01-01,109.53803696511639
1992-01-02,101.28747675961493
1992-01-03,97.13592255144788
1992-01-06,99.72333153493564
1992-01-07,104.59158774109972
1992-01-08,101.5227139249832
1992-01-09,99.25558339332714
1992-01-10,92.90431167266485
1992-01-13,86.75548673809865
1992-01-14,77.96029481306577
1992-01-15,77.4762870548134
1992-01-16,75.14691078721896
1992-01-17,76.4605126181231
1992-01-20,78.00454210353169
1992-01-21,79.3395761693082
1992-01-22,78.21870381825002
1992-01-23,75.43403657108986
1992-01-24,74.77615893394827
1992-01-27,74.9946291326157
1992-01-28,77.36162499530622
1992-01-29,77.32118815455567
1992-01-30,76.17246502405277
1992-01-31,76.17246502405277
1992-02-03,76.17246502405277
1992-02-04,76.17246502405277
1992-02-05,76.17246502405277
1992-02-06,76.13172436496107
1992-02-07,76.35188902041727
1992-02-10,76.24166908977952
1992-02-11,75.58076283069283
1992-02-12,74.37364508623183
1992-02-13,71.54007335358057
1992-02-14,71.55844644615617
1992-02-17,71.55844644615617
1992-02-18,71.55844644615617
1992-02-19,71.55844644615617
1992-02-20,71.55844644615617
1992-02-21,71.55844644615617
1992-02-24,71.55844644615617
1992-02-25,71.55844644615617
1992-02-26,71.55844644615617
1992-02-27,71.55844644615617
1992-02-28,71.55844644615617
1992-03-02,71.51706602062693
1992-03-03,70.55228252426092
1992-03-04,70.83084017439647
1992-03-05,70.83084017439647
1992-03-06,70.83084017439647
1992-03-09,70.83084017439647
1992-03-10,70.83084017439647
1992-03-11,70.83084017439647
1992-03-12,70.83084017439647
1992-03-13,70.83084017439647
1992-03-16,70.78863243231142
1992-03-17,68.97400321271812
1992-03-18,68.86839446071016
1992-03-19,67.81296699533073
1992-03-20,69.13475901310255
1992-03-23,69.13475901310255
1992-03-24,69.13475901310255
1992-03-25,69.13475901310255
1992-03-26,69.13475901310255
1992-03-27,69.13475901310255
1992-03-30,69.13475901310255
1992-03-31,69.13475901310255
1992-04-01,69.13475901310255
1992-04-02,69.0922491133871
1992-04-03,70.78317160452097
1992-04-06,70.99665056902663
1992-04-07,70.88977766242097
1992-04-08,69.92852266306986
1992-04-09,72.79606648300916
1992-04-10,72.25607877524976
1992-04-13,73.11735916912599
1992-04-14,73.11735916912599
1992-04-15,72.46816907224176
1992-04-16,70.52790217017903
1992-04-17,70.52790217017903
1992-04-20,67.5436638822009
1992-04-21,67.91983889810764
1992-04-22,67.91983889810764
1992-04-23,67.91983889810764
1992-04-24,67.91983889810764
1992-04-27,67.91983889810764
1992-04-28,67.91983889810764
1992-04-29,67.91983889810764
1992-04-30,67.91983889810764
1992-05-01,67.91983889810764
1992-05-04,67.91983889810764
1992-05-05,67.91983889810764
1992-05-06,67.91983889810764
1992-05-07,67.87760060964551
1992-05-08,69.87114711688507
1992-05-11,69.87114711688507
1992-05-12,71.25135018720974
1992-05-13,71.52918522476183
1992-05-14,71.10036226169993
1992-05-15,74.72493443866006
1992-05-18,74.72493443866006
1992-05-19,78.65624546352991
1992-05-20,75.9309384029195
1992-05-21,67.35430515577715
1992-05-22,69.82160670157242
1992-05-25,69.77800094720929
1992-05-26,67.01910843181716
1992-05-27,67.64543008843647
1992-05-28,69.11232760171029
1992-05-29,70.27497485397205
1992-06-01,68.67864696471607
1992-06-02,70.04916097130436
1992-06-03,70.36800314812557
1992-06-04,70.26152314615798
1992-06-05,71.21924421385512
1992-06-08,71.3262562414888
1992-06-09,70.63888055023577
1992-06-10,70.42558194954798
1992-06-11,71.49074183673267
1992-06-12,73.4200126823959
1992-06-15,73.85356271410188
1992-06-16,76.02673224802814
1992-06-17,77.12689932457832
1992-06-18,78.63098632774242
1992-06-19,74.61178913536821
1992-06-22,75.26658334462584
1992-06-23,72.63758459445644
1992-06-24,76.84562571894634
1992-06-25,81.48782339406868
1992-06-26,80.80724405634092
1992-06-29,83.51935271718602
1992-06-30,82.48705635815186
1992-07-01,84.54003574218105
1992-07-02,98.33283165659165
1992-07-03,98.28165453561795
1992-07-06,99.7687669446351
1992-07-07,102.7652984488046
1992-07-08,100.86437377584704
1992-07-09,101.24099447667678
1992-07-10,100.48634074738922
1992-07-13,97.85495752507973
1992-07-14,98.59691361579877
1992-07-15,104.55482102427274
1992-07-16,106.85606276079582
1992-07-17,104.91678717241335
1992-07-20,106.06944410025818
1992-07-21,107.61496493101012
1992-07-22,111.84472593539266
1992-07-23,128.26269219538554
1992-07-24,125.92175706724005
1992-07-27,130.58139330675183
1992-07-28,136.20181476860392
1992-07-29,137.53044997667732
1992-07-30,126.39621013402058
1992-07-31,125.12273145201674
1992-08-03,123.43431096612663
1992-08-04,131.39415829429487
1992-08-05,132.6957504347003
1992-08-06,131.82314137057017
1992-08-07,142.68985112231562
1992-08-10,149.06045971427645
1992-08-11,151.86238988606203
1992-08-12,149.9734219619166
1992-08-13,139.66201830598757
1992-08-14,143.61295424186028
1992-08-17,140.41553421743583
1992-08-18,148.980337623932
1992-08-19,149.4471757569769
1992-08-20,151.31802957515424
1992-08-21,143.3072673824462
1992-08-24,127.34022796047317
1992-08-25,122.59024634096343
1992-08-26,126.1473873420782
1992-08-27,127.5608085129662
1992-08-28,128.27193603956925
1992-08-31,129.2103154378142
1992-09-01,133.22149595797597
1992-09-02,135.26218404760826
1992-09-03,134.67402858748926
1992-09-04,143.99780584363268
1992-09-07,143.99780584363268
1992-09-08,154.0627153346825
1992-09-09,149.77540701340976
1992-09-10,151.1803936778602
1992-09-11,144.58690834381636
1992-09-14,149.17291287526294
1992-09-15,141.23052627736394
1992-09-16,140.3259118038238
1992-09-17,140.77652288845601
1992-09-18,141.6794348492877
1992-09-21,139.8668390879181
1992-09-22,130.87183262212116
1992-09-23,123.01830501540093
1992-09-24,129.09186703099755
1992-09-25,131.8123329519907
1992-09-28,133.48898299106037
1992-09-29,132.90526053358275
1992-09-30,132.3229973822488
1992-10-01,141.03510978408315
1992-10-02,139.2273464607025
1992-10-05,140.423483193006
1992-10-06,135.25043387465914
1992-10-07,117.98420455070246
1992-10-08,122.2849349483813
1992-10-09,119.50637326152656
1992-10-12,119.78075622810347
1992-10-13,119.78075622810347
1992-10-14,120.19284514603119
1992-10-15,119.91760408959865
1992-10-16,118.95546457170667
1992-10-19,116.6290627606323
1992-10-20,111.21333619161646
1992-10-21,113.26665060993646
1992-10-22,113.26665060993646
1992-10-23,113.26665060993646
1992-10-26,113.26665060993646
1992-10-27,113.26665060993646
1992-10-28,113.26665060993646
1992-10-29,113.26665060993646
1992-10-30,113.26665060993646
1992-11-02,113.26665060993646
1992-11-03,113.26665060993646
1992-11-04,113.26665060993646
1992-11-05,113.26665060993646
1992-11-06,113.26665060993646
1992-11-09,113.26665060993646
1992-11-10,113.26665060993646
1992-11-11,113.26665060993646
1992-11-12,113.26665060993646
1992-11-13,113.21361271260409
1992-11-16,113.21361271260409
1992-11-17,113.21361271260409
1992-11-18,113.21361271260409
1992-11-19,113.21361271260409
1992-11-20,113.21361271260409
1992-11-23,113.21361271260409
1992-11-24,113.21361271260409
1992-11-25,113.21361271260409
1992-11-26,113.21361271260409
1992-11-27,113.21361271260409
1992-11-30,113.21361271260409
1992-12-01,113.21361271260409
1992-12-02,113.21361271260409
1992-12-03,113.21361271260409
1992-12-04,113.21361271260409
1992-12-07,113.15540305327852
1992-12-08,114.8872907030864
1992-12-09,113.6200206397814
1992-12-10,113.35299561398169
1992-12-11,110.95277441332439
1992-12-14,109.37062860522447
1992-12-15,109.575403161161
1992-12-16,110.88524943091826
1992-12-17,110.4898395882353
1992-12-18,111.54228878617647
1992-12-21,113.26106988256414
1992-12-22,114.80296777660683
1992-12-23,112.65493809884077
1992-12-24,111.59166340834656
1992-12-25,111.59166340834656
1992-12-28,109.47574677426309
1992-12-29,111.83234892547355
1992-12-30,112.62672023394407
1992-12-31,111.29780323248193
1993-01-01,111.29780323248193
1993-01-04,117.63673732945641
1993-01-05,116.76260579705459
1993-01-06,114.73045636770722
1993-01-07,103.05448780271314
1993-01-08,106.75229088513017
1993-01-11,108.04449270316225
1993-01-12,107.65440927934384
1993-01-13,108.30332930834179
1993-01-14,109.99579385897205
1993-01-15,112.17049147334497
1993-01-18,111.64006524466163
1993-01-19,112.9628156524408
1993-01-20,111.04212267497617
1993-01-21,112.6249385950385
1993-01-22,117.40899971342684
1993-01-25,124.74655345375498
1993-01-26,123.06095430285184
1993-01-27,125.9886293280768
1993-01-28,129.74240079649002
1993-01-29,136.0603168183935
1993-02-01,140.1913723627154
1993-02-02,131.1841958991136
1993-02-03,132.34011687860914
1993-02-04,139.89117067716396
1993-02-05,151.88572921102215
1993-02-08,144.95887165771904
1993-02-09,139.44729704542036
1993-02-10,129.86940516360352
1993-02-11,136.7046016096626
1993-02-12,138.03606499371693
1993-02-15,137.9677861655321
1993-02-16,139.3063549627132
1993-02-17,146.0368461960395
1993-02-18,159.87641879456672
1993-02-19,160.8509553650463
1993-02-22,168.6764840259977
1993-02-23,186.3083782902038
1993-02-24,176.1086423136153
1993-02-25,172.48471638324907
1993-02-26,174.01744291290484
1993-03-01,185.83444513852388
1993-03-02,184.2266263846197
1993-03-03,194.35219994957177
1993-03-04,199.31939332372082
1993-03-05,189.21736379904524
1993-03-08,191.38649402753813
1993-03-09,183.19124888301363
1993-03-10,177.8814129664571
1993-03-11,177.36038531714505
1993-03-12,160.1987114756467
1993-03-15,154.75932579594337
1993-03-16,162.96713034096325
1993-03-17,164.44632044913118
1993-03-18,167.25606260390325
1993-03-19,166.51222102126036
1993-03-22,166.51222102126036
1993-03-23,170.50990433657924
1993-03-24,167.46666791279273
1993-03-25,165.4606679034468
1993-03-26,157.4968478663434
1993-03-29,160.39368740483977
1993-03-30,163.64860849740026
1993-03-31,162.9894869761568
1993-04-01,162.33201325871642
1993-04-02,156.10162794382188
1993-04-05,159.55032614609362
1993-04-06,162.14582940755457
1993-04-07,162.23517083165117
1993-04-08,170.75781388367983
1993-04-09,170.75781388367983
1993-04-12,173.12694475516204
1993-04-13,171.07849266949833
1993-04-14,174.12812571203017
1993-04-15,176.1840866548704
1993-04-16,175.07087714064062
1993-04-19,177.6496666138341
1993-04-20,177.6496666138341
1993-04-21,179.7320391134379
1993-04-22,183.40352212680182
1993-04-23,178.62108769091205
1993-04-26,173.91935683612792
1993-04-27,164.6745785429086
1993-04-28,164.1046561049658
1993-04-29,168.39635676667152
1993-04-30,164.37041141517145
1993-05-03,171.31013471481972
1993-05-04,173.0058230567874
1993-05-05,173.0058230567874
1993-05-06,175.0533667297133
1993-05-07,172.9154082478205
1993-05-10,177.0091393715378
1993-05-11,177.52853150785944
1993-05-12,174.40633552839606
1993-05-13,166.17414546254417
1993-05-14,165.10427372059712
1993-05-17,160.69446749057335
1993-05-18,156.78405047821477
1993-05-19,160.88764183402833
1993-05-20,161.5398609386134
1993-05-21,159.57831198157382
1993-05-24,159.57831198157382
1993-05-25,159.25383909159686
1993-05-26,161.03620923535158
1993-05-27,161.19935686612368
1993-05-28,159.40361128766907
1993-05-31,159.40361128766907
1993-06-01,163.78104722814845
1993-06-02,164.3699068564878
1993-06-03,167.27375568447482
1993-06-04,156.2487132624902
1993-06-07,160.02412141957558
1993-06-08,157.42388020537982
1993-06-09,160.31989885769033
1993-06-10,159.99449898411822
1993-06-11,168.1193270773719
1993-06-14,168.78962539506531
1993-06-15,170.06252721335326
1993-06-16,171.0752616904033
1993-06-17,172.60006003741185
1993-06-18,169.0221842494208
1993-06-21,173.56193360862977
1993-06-22,174.07486223414597
1993-06-23,174.07486223414597
1993-06-24,178.6998755343472
1993-06-25,183.3320225669175
1993-06-28,191.12365318750776
1993-06-29,191.85146232047651
1993-06-30,190.39220500887413
1993-07-01,191.84416603391847
1993-07-02,198.41065976968162
1993-07-05,198.41065976968162
1993-07-06,190.20436662601537
1993-07-07,190.20436662601537
1993-07-08,196.00845395853565
1993-07-09,200.44858076791368
1993-07-12,203.45306657559283
1993-07-13,198.90127057695892
1993-07-14,207.79693992716304
1993-07-15,208.75880536443546
1993-07-16,211.653419164727
1993-07-19,211.653419164727
1993-07-20,199.96641594604978
1993-07-21,178.40632979992742
1993-07-22,161.7433344995412
1993-07-23,159.22724095894938
1993-07-26,161.1102296709758
1993-07-27,160.9470357774314
1993-07-28,162.0886790589577
1993-07-29,166.1838146692539
1993-07-30,164.95614016483842
1993-08-02,161.97538358798397
1993-08-03,163.6127297354089
1993-08-04,161.30611835022407
1993-08-05,162.61264894197515
1993-08-06,163.59744637550753
1993-08-09,166.23342083926264
1993-08-10,165.56783728716448
1993-08-11,167.22763627020925
1993-08-12,166.49662132194996
1993-08-13,173.49215763165117
1993-08-16,177.49479312808455
1993-08-17,174.82866686454014
1993-08-18,177.57695353318556
1993-08-19,185.90426213918113
1993-08-20,190.90758672661684
1993-08-23,189.45304879298374
1993-08-24,201.0311707447031
1993-08-25,207.8043720864589
1993-08-26,218.57752510948495
1993-08-27,210.61308698174778
1993-08-30,216.82534872138274
1993-08-31,216.0332853495793
1993-09-01,216.0332853495793
1993-09-02,221.56386784319696
1993-09-03,243.26942892261272
1993-09-06,243.26942892261272
1993-09-07,254.42568536259765
1993-09-08,250.88142850897168
1993-09-09,226.31972851334362
1993-09-10,239.29383749146132
1993-09-13,240.56618938205426
1993-09-14,224.60214925477047
1993-09-15,225.2107782846232
1993-09-16,229.4791697496089
1993-09-17,228.8613963063284
1993-09-20,223.3118602436591
1993-09-21,219.59780609467606
1993-09-22,220.79629786753108
1993-09-23,222.8012747292032
1993-09-24,224.41528110284915
1993-09-27,236.58085414420606
1993-09-28,236.92092447237368
1993-09-29,227.44502347158823
1993-09-30,221.91938870050518
1993-10-01,232.1805692153338
1993-10-04,234.04908491717003
1993-10-05,230.29103271185187
1993-10-06,230.91032839818664
1993-10-07,230.28987153244006
1993-10-08,245.1529157513998
1993-10-11,243.85859231733207
1993-10-12,242.56912259614208
1993-10-13,240.6421712815388
1993-10-14,247.66791606422052
1993-10-15,252.23105746256343
1993-10-18,238.361959574975
1993-10-19,238.9963882491781
1993-10-20,241.53886116104695
1993-10-21,227.45038313815377
1993-10-22,219.38940980416982
1993-10-25,214.52086682376833
1993-10-26,216.6831977831817
1993-10-27,215.89148978872376
1993-10-28,217.07608287543144
1993-10-29,215.4907024610543
1993-11-01,210.75834192413848
1993-11-02,207.45653454119451
1993-11-03,208.15282542851781
1993-11-04,208.15282542851781
1993-11-05,208.15282542851781
1993-11-08,208.08029802254006
1993-11-09,206.92499690495555
1993-11-10,208.19596585709087
1993-11-11,208.19596585709087
1993-11-12,208.19596585709087
1993-11-15,208.0857291473555
1993-11-16,208.0857291473555
1993-11-17,208.0857291473555
1993-11-18,208.0131934685483
1993-11-19,204.16302855019146
1993-11-22,201.8112653401661
1993-11-23,201.8112653401661
1993-11-24,201.8112653401661
1993-11-25,201.8112653401661
1993-11-26,201.8112653401661
1993-11-29,201.8112653401661
1993-11-30,201.8112653401661
1993-12-01,201.8112653401661
1993-12-02,201.8112653401661
1993-12-03,201.8112653401661
1993-12-06,201.8112653401661
1993-12-07,201.7427243919755
1993-12-08,202.11990279746547
1993-12-09,203.06402749370758
1993-12-10,200.4122172531376
1993-12-13,198.91015616687193
1993-12-14,197.41560538603756
1993-12-15,197.1627209561718
1993-12-16,197.1627209561718
1993-12-17,197.1627209561718
1993-12-20,197.1627209561718
1993-12-21,197.1627209561718
1993-12-22,197.1627209561718
1993-12-23,197.095884356645
1993-12-24,197.095884356645
1993-12-27,197.095884356645
1993-12-28,197.28156928436795
1993-12-29,196.35256438035432
1993-12-30,193.38903873655076
1993-12-31,192.6555661397094
1994-01-03,189.18028129180038
1994-01-04,190.92232873845978
1994-01-05,190.92232873845978
1994-01-06,190.92232873845978
1994-01-07,190.92232873845978
1994-01-10,190.85532562322052
1994-01-11,191.2188947802495
1994-01-12,193.58504830033905
1994-01-13,189.11256714860758
1994-01-14,184.34661830547822
1994-01-17,183.63575175971457
1994-01-18,186.1175645876121
1994-01-19,186.1175645876121
1994-01-20,188.44226979988642
1994-01-21,187.72116412538674
1994-01-24,187.72116412538674
1994-01-25,186.46238403233815
1994-01-26,186.9995010023988
1994-01-27,188.9726225717903
1994-01-28,191.13991724107876
1994-01-31,189.79835119313236
1994-02-01,183.64013623027827
1994-02-02,184.28284277663232
1994-02-03,182.32839823254298
1994-02-04,177.21119601457818
1994-02-07,176.27872726908643
1994-02-08,176.27872726908643
1994-02-09,176.21350080534987
1994-02-10,176.73140111935993
1994-02-11,175.3477441137631
1994-02-14,176.3802981541897
1994-02-15,175.66454076368393
1994-02-16,175.60038522115943
1994-02-17,175.60038522115943
1994-02-18,175.53605634622323
1994-02-21,175.53605634622323
1994-02-22,174.1583760644921
1994-02-23,177.58535576529826
1994-02-24,179.84073678089126
1994-02-25,179.24990454757207
1994-02-28,175.41021836004296
1994-03-01,184.70531322969438
1994-03-02,184.70531322969438
1994-03-03,188.62001128660268
1994-03-04,189.7023363289274
1994-03-07,185.71892920440467
1994-03-08,189.6475644809652
1994-03-09,189.285505025364
1994-03-10,196.51764265099808
1994-03-11,194.66440738442935
1994-03-14,196.87439043981257
1994-03-15,195.01892549956375
1994-03-16,189.11854698957248
1994-03-17,190.92553790825733
1994-03-18,198.19867635596373
1994-03-21,201.55341146496832
1994-03-22,191.37598382802565
1994-03-23,191.7402038078107
1994-03-24,203.33617469007126
1994-03-25,204.47368534515903
1994-03-28,204.77740263566483
1994-03-29,212.01586594826188
1994-03-30,218.64620309966244
1994-03-31,219.044510853537
1994-04-01,234.1170525233967
1994-04-04,254.07670505425207
1994-04-05,235.93027392022162
1994-04-06,232.9908840234197
1994-04-07,229.24473657815625
1994-04-08,235.006519468274
1994-04-11,234.16900316960331
1994-04-12,227.48562310621122
1994-04-13,233.12854922834845
1994-04-14,234.16957594468704
1994-04-15,233.3341520048253
1994-04-18,240.62583657993088
1994-04-19,237.7647276481694
1994-04-20,233.12046264300704
1994-04-21,220.6284452938943
1994-04-22,222.94392035129297
1994-04-25,219.31080124734095
1994-04-26,218.9116627457818
1994-04-27,218.9116627457818
1994-04-28,226.28649494677805
1994-04-29,226.89828212480325
1994-05-02,228.32846210909926
1994-05-03,229.7648991308266
1994-05-04,229.9710021927834
1994-05-05,228.84690590144783
1994-05-06,249.39983752028834
1994-05-09,259.881832645897
1994-05-10,244.13700246763904
1994-05-11,252.3102562762454
1994-05-12,249.22754153382826
1994-05-13,242.24299070315172
1994-05-16,236.57945264928247
1994-05-17,229.54170489782007
1994-05-18,227.07014211108643
1994-05-19,223.291950634238
1994-05-20,223.291950634238
1994-05-23,223.291950634238
1994-05-24,223.291950634238
1994-05-25,223.291950634238
1994-05-26,223.291950634238
1994-05-27,223.291950634238
1994-05-30,223.291950634238
1994-05-31,223.291950634238
1994-06-01,223.1934317236452
1994-06-02,220.36548919606332
1994-06-03,216.16069215036498
1994-06-06,212.50746713804295
1994-06-07,212.50746713804295
1994-06-08,212.50746713804295
1994-06-09,212.50746713804295
1994-06-10,212.50746713804295
1994-06-13,212.50746713804295
1994-06-14,212.50746713804295
1994-06-15,212.50746713804295
1994-06-16,212.50746713804295
1994-06-17,212.50746713804295
1994-06-20,212.41223036616742
1994-06-21,215.34109502585022
1994-06-22,210.80806678485362
1994-06-23,209.83679157615094
1994-06-24,214.87163943926345
1994-06-27,212.510102143469
1994-06-28,216.80711604794166
1994-06-29,215.81709381029185
1994-06-30,220.7517359010777
1994-07-01,220.1503263962632
1994-07-04,220.1503263962632
1994-07-05,218.54957476428189
1994-07-06,218.54957476428189
1994-07-07,217.55410734314347
1994-07-08,222.91283290455902
1994-07-11,224.72921758964713
1994-07-12,222.2937484577248
1994-07-13,221.4880140865805
1994-07-14,213.450813734416
1994-07-15,213.84262725158402
1994-07-18,211.29265590516488
1994-07-19,208.27589540657613
1994-07-20,208.27589540657613
1994-07-21,208.27589540657613
1994-07-22,208.27589540657613
1994-07-25,208.27589540657613
1994-07-26,208.27589540657613
1994-07-27,208.27589540657613
1994-07-28,208.1786889984155
1994-07-29,200.28161009283107
1994-08-01,200.74848953015655
1994-08-02,200.74848953015655
1994-08-03,200.74848953015655
1994-08-04,200.74848953015655
1994-08-05,200.74848953015655
1994-08-08,200.74848953015655
1994-08-09,200.74848953015655
1994-08-10,200.74848953015655
1994-08-11,200.74848953015655
1994-08-12,200.6512149681097
1994-08-15,201.21493599617492
1994-08-16,196.10501012391973
1994-08-17,194.71338766864994
1994-08-18,194.71338766864994
1994-08-19,194.71338766864994
1994-08-22,194.71338766864994
1994-08-23,194.71338766864994
1994-08-24,194.71338766864994
1994-08-25,194.71338766864994
1994-08-26,194.71338766864994
1994-08-29,194.71338766864994
1994-08-30,194.71338766864994
1994-08-31,194.71338766864994
1994-09-01,194.71338766864994
1994-09-02,194.71338766864994
1994-09-05,194.71338766864994
1994-09-06,194.71338766864994
1994-09-07,194.71338766864994
1994-09-08,194.71338766864994
1994-09-09,194.71338766864994
1994-09-12,194.6162656589066
1994-09-13,193.6955898287225
1994-09-14,192.22711187957887
1994-09-15,190.4006924303315
1994-09-16,197.11620844278292
1994-09-19,195.630627400569
1994-09-20,196.9240113954465
1994-09-21,198.59420895954588
1994-09-22,197.847723437147
1994-09-23,198.22003309144344
1994-09-26,198.22003309144344
1994-09-27,199.89752077758277
1994-09-28,198.3980331736949
1994-09-29,200.82251719323114
1994-09-30,199.88244682700227
1994-10-03,201.56928559040415
1994-10-04,202.41359269183897
1994-10-05,207.7058305639462
1994-10-06,208.09046285215112
1994-10-07,201.1584274379777
1994-10-10,199.65263530078784
1994-10-11,196.28154315365398
1994-10-12,198.87400665624847
1994-10-13,194.76448906472507
1994-10-14,191.72153793859707
1994-10-17,192.26851582223196
1994-10-18,192.63385146700975
1994-10-19,194.4628130386786
1994-10-20,199.4318730087063
1994-10-21,198.96027340757976
1994-10-24,202.6972768251745
1994-10-25,204.21076320930035
1994-10-26,204.97129011732355
1994-10-27,204.87262100223495
1994-10-28,195.1548062077887
1994-10-31,195.61255890401847
1994-11-01,203.37238857524898
1994-11-02,206.40611246100144
1994-11-03,207.55513538273016
1994-11-04,212.83766952831127
1994-11-07,213.42424015867687
1994-11-08,208.1352061059992
1994-11-09,200.0466569457167
1994-11-10,205.1099442816757
1994-11-11,213.69116146459783
1994-11-14,199.5750591986909
1994-11-15,194.9124321052256
1994-11-16,200.07339966706706
1994-11-17,204.57450066207304
1994-11-18,204.57450066207304
1994-11-21,204.9552187879006
1994-11-22,202.66805464699135
1994-11-23,187.15631684633306
1994-11-24,187.06166280579913
1994-11-25,186.5234221880383
1994-11-28,189.47344794642498
1994-11-29,189.47344794642498
1994-11-30,189.37866306019927
1994-12-01,190.82555637550024
1994-12-02,185.91787511166368
1994-12-05,187.347464487222
1994-12-06,182.67806818930464
1994-12-07,186.11859320041032
1994-12-08,186.11859320041032
1994-12-09,186.11859320041032
1994-12-12,186.11859320041032
1994-12-13,186.11859320041032
1994-12-14,186.11859320041032
1994-12-15,186.11859320041032
1994-12-16,186.11859320041032
1994-12-19,186.11859320041032
1994-12-20,186.11859320041032
1994-12-21,186.11859320041032
1994-12-22,186.11859320041032
1994-12-23,186.11859320041032
1994-12-26,186.03068426254498
1994-12-27,182.45530070926316
1994-12-28,184.31015420211793
1994-12-29,184.31015420211793
1994-12-30,184.31015420211793
1995-01-02,184.31015420211793
1995-01-03,184.31015420211793
1995-01-04,184.22354189132534
1995-01-05,186.71049788287445
1995-01-06,186.1729156993441
1995-01-09,187.42492220552873
1995-01-10,185.44887586536572
1995-01-11,183.6648203912072
1995-01-12,184.3739824421852
1995-01-13,179.39743774944694
1995-01-16,179.31596012826319
1995-01-17,179.31596012826319
1995-01-18,179.31596012826319
1995-01-19,179.31596012826319
1995-01-20,179.31596012826319
1995-01-23,179.31596012826319
1995-01-24,179.31596012826319
1995-01-25,179.23769872042766
1995-01-26,177.58904732296935
1995-01-27,177.58904732296935
1995-01-30,177.51230193033138
1995-01-31,178.72641825127658
1995-02-01,177.15858214861316
1995-02-02,176.11923746555584
1995-02-03,183.71251649585867
1995-02-06,182.11663359056948
1995-02-07,182.29295648656358
1995-02-08,181.94009029095537
1995-02-09,179.8255396137732
1995-02-10,178.42641191570436
1995-02-13,178.77444493059897
1995-02-14,181.91065743606822
1995-02-15,184.16980832272256
1995-02-16,185.94586962473963
1995-02-17,185.40972111919322
1995-02-20,185.40972111919322
1995-02-21,184.69619681639523
1995-02-22,189.3225100146617
1995-02-23,188.59920373962504
1995-02-24,189.50107625131136
1995-02-27,192.31450850856103
1995-02-28,194.50686732237529
1995-03-01,194.13873373822233
1995-03-02,188.99130589780344
1995-03-03,185.3789145740809
1995-03-06,182.88184907155772
1995-03-07,181.03616213000154
1995-03-08,183.31958094730777
1995-03-09,186.15277675678087
1995-03-10,187.94123161151077
1995-03-13,189.12208247094506
1995-03-14,197.07293973889608
1995-03-15,196.70159856422248
1995-03-16,197.81422955883826
1995-03-17,193.26569882881267
1995-03-20,191.6160792729006
1995-03-21,187.16238307019438
1995-03-22,184.64971221833017
1995-03-23,184.64971221833017
1995-03-24,193.90082786542587
1995-03-27,197.2072121789119
1995-03-28,189.03401384399183
1995-03-29,189.7565988786018
1995-03-30,186.85903288981578
1995-03-31,183.99044256091761
1995-04-03,189.94900490740812
1995-04-04,190.67387741967664
1995-04-05,190.67387741967664
1995-04-06,192.23125196856282
1995-04-07,190.77009570872
1995-04-10,189.6797078498123
1995-04-11,192.21440529349815
1995-04-12,193.67547731996564
1995-04-13,198.81479817306507
1995-04-14,198.81479817306507
1995-04-17,197.69424267991607
1995-04-18,199.92694950001547
1995-04-19,199.10061646096563
1995-04-20,203.58712570788006
1995-04-21,204.7255774292846
1995-04-24,205.8682983446444
1995-04-25,204.72129222585198
1995-04-26,203.57858738000502
1995-04-27,200.16332827197996
1995-04-28,196.78649082892017
1995-05-01,195.11706681800752
1995-05-02,200.09716732056137
1995-05-03,211.91349328380844
1995-05-04,224.19508708185836
1995-05-05,246.07825545988376
1995-05-08,245.4293587308965
1995-05-09,257.0875995880642
1995-05-10,249.7226678465604
1995-05-11,245.1325578310743
1995-05-12,244.48543428514108
1995-05-15,251.59044636727205
1995-05-16,260.1604634974743
1995-05-17,261.39738507958697
1995-05-18,251.23308362422358
1995-05-19,251.89164565601905
1995-05-22,248.59266147799386
1995-05-23,257.08960760151996
1995-05-24,275.1672689863469
1995-05-25,280.0913393917927
1995-05-26,280.0913393917927
1995-05-29,280.0913393917927
1995-05-30,292.9194220962657
1995-05-31,294.3928699291267
1995-06-01,310.66157581370317
1995-06-02,325.29139445206636
1995-06-05,327.6836585458592
1995-06-06,324.4760311067653
1995-06-07,304.57871714863563
1995-06-08,300.0272065807135
1995-06-09,275.27552317353184
1995-06-12,277.2900750844226
1995-06-13,300.870704777199
1995-06-14,298.866351253313
1995-06-15,294.87768774077983
1995-06-16,292.40970219239995
1995-06-19,301.2389204917289
1995-06-20,297.2265312868116
1995-06-21,300.7022634355712
1995-06-22,310.71982002146046
1995-06-23,307.12602159627266
1995-06-26,302.03694632631925
1995-06-27,297.5140306801482
1995-06-28,302.97984860200023
1995-06-29,284.34203060415774
1995-06-30,290.9632996166944
1995-07-03,291.2076516789549
1995-07-04,291.2076516789549
1995-07-05,292.4301755904516
1995-07-06,301.50512340098084
1995-07-07,301.50512340098084
1995-07-10,301.6452642368854
1995-07-11,294.11441553244384
1995-07-12,296.084987610106
1995-07-13,295.5898813755934
1995-07-14,288.17257109980096
1995-07-17,278.46825682230593
1995-07-18,273.63253899610845
1995-07-19,265.9263678793137
1995-07-20,266.5095786021273
1995-07-21,266.5095786021273
1995-07-24,266.5095786021273
1995-07-25,266.5095786021273
1995-07-26,266.5095786021273
1995-07-27,266.5095786021273
1995-07-28,266.5095786021273
1995-07-31,266.5095786021273
1995-08-01,266.5095786021273
1995-08-02,266.5095786021273
1995-08-03,266.5095786021273
1995-08-04,266.5095786021273
1995-08-07,266.5095786021273
1995-08-08,266.5095786021273
1995-08-09,266.5095786021273
1995-08-10,266.5095786021273
1995-08-11,266.5095786021273
1995-08-14,266.5095786021273
1995-08-15,266.5095786021273
1995-08-16,266.4201839060975
1995-08-17,266.4201839060975
1995-08-18,266.4201839060975
1995-08-21,266.4201839060975
1995-08-22,266.4201839060975
1995-08-23,266.4201839060975
1995-08-24,266.4201839060975
1995-08-25,266.3199821540876
1995-08-28,267.46473209831913
1995-08-29,265.85707389538896
1995-08-30,267.4576985936813
1995-08-31,269.75430920989186
1995-09-01,272.19505368230756
1995-09-04,272.19505368230756
1995-09-05,276.84749185333646
1995-09-06,276.3764324885198
1995-09-07,272.61266816363457
1995-09-08,270.2838389876119
1995-09-11,270.7466937863464
1995-09-12,278.16162766207333
1995-09-13,275.32541545460776
1995-09-14,285.6468643796095
1995-09-15,281.7903957358134
1995-09-18,276.0635397997762
1995-09-19,279.35409577302426
1995-09-20,283.1476367307545
1995-09-21,272.1321421747453
1995-09-22,269.34115110843476
1995-09-25,269.34115110843476
1995-09-26,266.93185672023253
1995-09-27,266.7025243097824
1995-09-28,267.1609024651696
1995-09-29,272.2093648740656
1995-10-02,272.441995727112
1995-10-03,273.9697147190592
1995-10-04,277.7094118662498
1995-10-05,280.5422324552467
1995-10-06,280.91544269797066
1995-10-09,280.91544269797066
1995-10-10,280.20122624291196
1995-10-11,278.77547164450107
1995-10-12,283.74689970983513
1995-10-13,298.8569338859099
1995-10-16,295.86550688176555
1995-10-17,297.3500025325721
1995-10-18,292.1347837493321
1995-10-19,292.8700364688621
1995-10-20,284.0304606483127
1995-10-23,280.4301750797348
1995-10-24,290.41646717557785
1995-10-25,292.6125598034405
1995-10-26,286.7233714063889
1995-10-27,289.62379669193683
1995-10-30,291.08488592953154
1995-10-31,293.28473841288513
1995-11-01,302.133645027175
1995-11-02,310.4276514558605
1995-11-03,308.78247460012506
1995-11-06,303.6726936676235
1995-11-07,296.6084215284401
1995-11-08,310.48971628193544
1995-11-09,302.2799219562968
1995-11-10,294.2343235171708
1995-11-13,302.01747034523885
1995-11-14,301.2636875883415
1995-11-15,295.8660125711196
1995-11-16,305.51524662754065
1995-11-17,310.0772931521004
1995-11-20,307.6654146346606
1995-11-21,301.5504334151406
1995-11-22,299.5426812480649
1995-11-23,299.5426812480649
1995-11-24,305.5358214667859
1995-11-27,312.63269834245466
1995-11-28,313.6642800883108
1995-11-29,321.93756569007707
1995-11-30,341.9796000603558
1995-12-01,351.9241410617138
1995-12-04,371.13091705683655
1995-12-05,361.7082987156998
1995-12-06,359.39975722212125
1995-12-07,346.76626389851293
1995-12-08,342.29860125952786
1995-12-11,350.0388267815696
1995-12-12,347.7886326476617
1995-12-13,345.5496894844234
1995-12-14,345.5496894844234
1995-12-15,344.4358152607124
1995-12-18,318.8807558832214
1995-12-19,343.90683660493437
1995-12-20,343.07451128630015
1995-12-21,341.4129818689765
1995-12-22,349.68947527901986
1995-12-25,349.68947527901986
1995-12-26,353.0621463436125
1995-12-27,359.00858701437244
1995-12-28,365.89371581958795
1995-12-29,373.63700034511976
1996-01-01,373.63700034511976
1996-01-02,370.0847228425314
1996-01-03,375.960781878063
1996-01-04,361.6819584217211
1996-01-05,353.602524149341
1996-01-08,353.48669732181264
1996-01-09,352.63640976433425
1996-01-10,332.2677713249392
1996-01-11,337.02068286361674
1996-01-12,339.2057862779348
1996-01-15,339.2057862779348
1996-01-16,350.1859309348832
1996-01-17,359.6399300991946
1996-01-18,368.2581787885545
1996-01-19,367.26321859704314
1996-01-22,345.06821571368357
1996-01-23,337.1678110199983
1996-01-24,346.1843971222857
1996-01-25,329.45248223019996
1996-01-26,341.42207566939294
1996-01-29,335.90429972352547
1996-01-30,343.5326249686872
1996-01-31,349.0767827807957
1996-02-01,347.39274484536776
1996-02-02,343.4780583279708
1996-02-05,340.706320463421
1996-02-06,342.35896916515884
1996-02-07,342.9119178766153
1996-02-08,343.465557773961
1996-02-09,345.68288556283073
1996-02-12,354.0394396671338
1996-02-13,356.76494493932154
1996-02-14,349.0570364934705
1996-02-15,332.8523944879576
1996-02-16,321.3854595199697
1996-02-19,321.28367685998614
1996-02-20,307.5919573620366
1996-02-21,307.74761064528377
1996-02-22,307.74761064528377
1996-02-23,307.74761064528377
1996-02-26,307.64854899104785
1996-02-27,311.2154737947195
1996-02-28,315.3276285326667
1996-02-29,315.0680487648338
1996-03-01,308.3231929724053
1996-03-04,304.495163038289
1996-03-05,307.68187893225314
1996-03-06,307.68187893225314
1996-03-07,307.68187893225314
1996-03-08,307.5723194040971
1996-03-11,302.22293271191825
1996-03-12,303.7312687095879
1996-03-13,303.9836007525314
1996-03-14,303.9836007525314
1996-03-15,309.79086501334905
1996-03-18,308.254149269549
1996-03-19,306.9783550530816
1996-03-20,302.65421003064256
1996-03-21,300.6409389804893
1996-03-22,302.39374308852894
1996-03-25,298.1183095682133
1996-03-26,298.3671335116935
1996-03-27,304.34264051436884
1996-03-28,308.3860669195126
1996-03-29,304.3022062503174
1996-04-01,303.29145073469164
1996-04-02,300.77087916759984
1996-04-03,301.7728063655189
1996-04-04,304.78610241326027
1996-04-05,317.1826767996663
1996-04-08,319.7900685296642
1996-04-09,316.1169054300297
1996-04-10,319.49785528664864
1996-04-11,321.85753072263606
1996-04-12,312.10207532467507
1996-04-15,310.0415649480517
1996-04-16,310.0415649480517
1996-04-17,312.3480487508846
1996-04-18,314.6675065251083
1996-04-19,311.81666741774814
1996-04-22,309.5001986635233
1996-04-23,310.01207391185267
1996-04-24,312.31839182760683
1996-04-25,311.54529484293005
1996-04-26,310.2592157965459
1996-04-29,312.31051187552856
1996-04-30,315.402840714595
1996-05-01,315.66246749004165
1996-05-02,324.495294924205
1996-05-03,327.41370007680894
1996-05-06,325.69226898076914
1996-05-07,327.288614989447
1996-05-08,320.3451749958685
1996-05-09,322.44690087084774
1996-05-10,311.88572834907654
1996-05-13,308.68169832828596
1996-05-14,305.87201165227896
1996-05-15,305.3646716377137
1996-05-16,308.5898182622783
1996-05-17,306.0361318981391
1996-05-20,304.51349640352106
1996-05-21,305.5247801445298
1996-05-22,303.75060923139745
1996-05-23,306.5263946698633
1996-05-24,304.493762696514
1996-05-27,304.493762696514
1996-05-28,305.25218850157
1996-05-29,311.3309713290936
1996-05-30,310.81680761493226
1996-05-31,315.43849670060024
1996-06-03,315.6981457610382
1996-06-04,314.8032753028706
1996-06-05,310.65524254984183
1996-06-06,303.4687758052196
1996-06-07,323.023686026617
1996-06-10,324.8744146529835
1996-06-11,325.4055076712997
1996-06-12,327.4122187238711
1996-06-13,324.74089235684687
1996-06-14,316.777000625156
1996-06-17,311.5672881173416
1996-06-18,314.02254206552254
1996-06-19,315.83389068705924
1996-06-20,316.0937868687387
1996-06-21,314.79349378477383
1996-06-24,313.75651005031193
1996-06-25,311.6877275000603
1996-06-26,311.4304226703728
1996-06-27,306.2875423869932
1996-06-28,300.44715896518017
1996-07-01,300.5828616750842
1996-07-02,300.5828616750842
1996-07-03,300.5828616750842
1996-07-04,300.5828616750842
1996-07-05,300.5828616750842
1996-07-08,300.4628557668291
1996-07-09,298.0901494257786
1996-07-10,291.1235718108275
1996-07-11,287.5839756239534
1996-07-12,284.67709580677376
1996-07-15,286.84090447068684
1996-07-16,282.73071986068584
1996-07-17,282.85476031545414
1996-07-18,282.85476031545414
1996-07-19,282.85476031545414
1996-07-22,282.85476031545414
1996-07-23,282.85476031545414
1996-07-24,282.85476031545414
1996-07-25,282.85476031545414
1996-07-26,282.85476031545414
1996-07-29,282.85476031545414
1996-07-30,282.73784898207896
1996-07-31,279.14968164787194
1996-08-01,270.9748411457797
1996-08-02,270.9748411457797
1996-08-05,270.8584549860978
1996-08-06,269.93130884863257
1996-08-07,269.2376876445414
1996-08-08,268.77614053498576
1996-08-09,271.77244667683243
1996-08-12,272.0048044560055
1996-08-13,267.8197504058754
1996-08-14,268.04963774987914
1996-08-15,266.1492053374059
1996-08-16,268.8953243774364
1996-08-19,267.7425264887569
1996-08-20,267.7425264887569
1996-08-21,266.5933310934795
1996-08-22,265.9059685976792
1996-08-23,261.33214399020824
1996-08-26,256.9281325747954
1996-08-27,256.9281325747954
1996-08-28,256.81711496644937
1996-08-29,259.71625402555173
1996-08-30,264.43752985963715
1996-09-02,264.43752985963715
1996-09-03,262.61534221033895
1996-09-04,263.9751497436277
1996-09-05,265.56754102375606
1996-09-06,262.9399648967822
1996-09-09,258.85689029169345
1996-09-10,262.3330570215177
1996-09-11,262.3330570215177
1996-09-12,259.8420172544947
1996-09-13,253.09497943097293
1996-09-16,252.76244922747506
1996-09-17,252.76244922747506
1996-09-18,252.76244922747506
1996-09-19,252.76244922747506
1996-09-20,252.76244922747506
1996-09-23,252.76244922747506
1996-09-24,252.76244922747506
1996-09-25,252.76244922747506
1996-09-26,252.76244922747506
1996-09-27,252.65154272739557
1996-09-30,251.32909944216783
1996-10-01,254.4032290622868
1996-10-02,256.1752452075982
1996-10-03,256.1752452075982
1996-10-04,262.18570247047643
1996-10-07,259.8081994375943
1996-10-08,258.90867893900025
1996-10-09,255.31959214961026
1996-10-10,250.3225152234473
1996-10-11,252.94993408762315
1996-10-14,252.94993408762315
1996-10-15,252.94993408762315
1996-10-16,252.7293403788184
1996-10-17,255.5952662693963
1996-10-18,256.03976035223303
1996-10-21,254.9271361011323
1996-10-22,253.37432988068986
1996-10-23,253.81604779304072
1996-10-24,253.59491276317007
1996-10-25,254.92089368603192
1996-10-28,254.69906812747814
1996-10-29,261.57136257244804
1996-10-30,261.57136257244804
1996-10-31,262.81710493194555
1996-11-01,261.45654078845075
1996-11-04,262.8120028164074
1996-11-05,268.7076978621741
1996-11-06,268.2468132398464
1996-11-07,271.8176285626838
1996-11-08,269.7261544020187
1996-11-11,269.7261544020187
1996-11-12,279.43146595507176
1996-11-13,278.0085979577402
1996-11-14,285.01895588988646
1996-11-15,281.30415774325786
1996-11-18,278.44437656018346
1996-11-19,283.17493126718574
1996-11-20,291.79636722069745
1996-11-21,287.8784035484905
1996-11-22,286.9087075396193
1996-11-25,288.84325107731735
1996-11-26,288.84325107731735
1996-11-27,288.84325107731735
1996-11-28,288.84325107731735
1996-11-29,307.31330550348997
1996-12-02,304.14935280202366
1996-12-03,305.41231952952995
1996-12-04,290.2093575471726
1996-12-05,264.4977951052615
1996-12-06,257.1109021028575
1996-12-09,264.3811823283236
1996-12-10,263.9257058504132
1996-12-11,249.36867761639667
1996-12-12,246.12294888029368
1996-12-13,246.12294888029368
1996-12-16,246.12294888029368
1996-12-17,246.12294888029368
1996-12-18,246.12294888029368
1996-12-19,246.12294888029368
1996-12-20,246.12294888029368
1996-12-23,246.12294888029368
1996-12-24,246.12294888029368
1996-12-25,246.12294888029368
1996-12-26,246.12294888029368
1996-12-27,246.12294888029368
1996-12-30,246.03552706289307
1996-12-31,240.6287219525354
1997-01-01,240.54180006328178
1997-01-02,240.54180006328178
1997-01-03,240.45413193682896
1997-01-06,241.09248343421052
1997-01-07,242.37158024708881
1997-01-08,242.58556248474326
1997-01-09,240.0161707661077
1997-01-10,244.69139311414168
1997-01-13,244.69139311414168
1997-01-14,240.59818282091126
1997-01-15,240.59818282091126
1997-01-16,242.51404759927885
1997-01-17,241.4436912005311
1997-01-20,241.4436912005311
1997-01-21,239.73647274452844
1997-01-22,240.92468901933358
1997-01-23,240.92468901933358
1997-01-24,240.92468901933358
1997-01-27,240.83874287269808
1997-01-28,239.56059758692544
1997-01-29,238.4994707194663
1997-01-30,237.44165987346798
1997-01-31,233.64544119989148
1997-02-03,231.05855033642015
1997-02-04,230.97467040746227
1997-02-05,230.56095206945292
1997-02-06,230.14775087936613
1997-02-07,232.83020135526095
1997-02-10,233.038220231108
1997-02-11,232.83007134346357
1997-02-12,232.62205254887394
1997-02-13,235.7403842915196
1997-02-14,237.89250832514148
1997-02-17,237.89250832514148
1997-02-18,237.04777705432866
1997-02-19,234.9412284477391
1997-02-20,230.33578655658266
1997-02-21,229.92286682338693
1997-02-24,227.86084890574077
1997-02-25,227.37200950213264
1997-02-26,220.00613928833465
1997-02-27,218.72691187659416
1997-02-28,218.6480453441881
1997-03-03,219.24551042920845
1997-03-04,220.64220953733624
1997-03-05,220.2414067754146
1997-03-06,221.64246293005704
1997-03-07,219.2301444580816
1997-03-10,219.2301444580816
1997-03-11,219.62918213865424
1997-03-12,220.62802333283753
1997-03-13,225.63783619741312
1997-03-14,224.21317066404947
1997-03-17,225.02370359070957
1997-03-18,225.35574778885342
1997-03-19,226.5758318430616
1997-03-20,226.98405163286543
1997-03-21,227.3927816974065
1997-03-24,225.34657681179772
1997-03-25,228.60004257991568
1997-03-26,230.6537928460402
1997-03-27,239.33345490824877
1997-03-28,239.25778391672753
1997-03-31,240.53000060641523
1997-04-01,236.69903809959308
1997-04-02,235.4364167067196
1997-04-03,233.54958686274432
1997-04-04,239.80364161642078
1997-04-07,233.43232333611286
1997-04-08,236.5582513673889
1997-04-09,236.5582513673889
1997-04-10,237.1892980887028
1997-04-11,245.40828722961493
1997-04-14,245.40828722961493
1997-04-15,234.39839807417093
1997-04-16,236.20895582839654
1997-04-17,232.84686627011254
1997-04-18,231.18263193876197
1997-04-21,234.08047996822617
1997-04-22,231.15727576850418
1997-04-23,234.46884852618922
1997-04-24,238.23162307210885
1997-04-25,239.07720212978907
1997-04-28,236.9579696164779
1997-04-29,223.90084829383937
1997-04-30,218.97279840649708
1997-05-01,217.70812236371725
1997-05-02,217.64056796570262
1997-05-05,217.8390933206812
1997-05-06,217.8390933206812
1997-05-07,214.85935182079982
1997-05-08,216.4336485799038
1997-05-09,218.60912991389063
1997-05-12,219.40565273867537
1997-05-13,217.0101103431353
1997-05-14,218.39702957588653
1997-05-15,218.79502586285636
1997-05-16,217.73089486118633
1997-05-19,217.53231305189811
1997-05-20,218.12768613887044
1997-05-21,216.93470731584966
1997-05-22,216.14237054756006
1997-05-23,216.6710562626664
1997-05-26,216.6710562626664
1997-05-27,216.6710562626664
1997-05-28,216.6710562626664
1997-05-29,216.6710562626664
1997-05-30,216.6710562626664
1997-06-02,216.6710562626664
1997-06-03,216.60700019233826
1997-06-04,216.60700019233826
1997-06-05,216.60700019233826
1997-06-06,220.9603464449829
1997-06-09,218.68832014177872
1997-06-10,217.49323894124703
1997-06-11,217.49323894124703
1997-06-12,224.23997026874852
1997-06-13,228.29296989710787
1997-06-16,230.3448009589648
1997-06-17,228.62701204281072
1997-06-18,231.0917146331318
1997-06-19,231.0917146331318
1997-06-20,234.19569945781737
1997-06-23,230.43599783891696
1997-06-24,230.43599783891696
1997-06-25,226.71859286322916
1997-06-26,221.20521660866217
1997-06-27,224.15281908818474
1997-06-30,219.69571782572217
1997-07-01,224.82696845465586
1997-07-02,225.84205273107668
1997-07-03,230.2563972159328
1997-07-04,230.2563972159328
1997-07-07,233.55896118809213
1997-07-08,233.49325517972477
1997-07-09,235.3691547401107
1997-07-10,235.3691547401107
1997-07-11,237.25560623552383
1997-07-14,234.65979322813152
1997-07-15,234.65979322813152
1997-07-16,244.69958702497547
1997-07-17,244.69958702497547
1997-07-18,237.80559528447597
1997-07-21,234.4275393316312
1997-07-22,251.98498514654185
1997-07-23,253.67512794514138
1997-07-24,253.67512794514138
1997-07-25,250.2895163039599
1997-07-28,255.5438590485193
1997-07-29,264.43245552473223
1997-07-30,271.7211046352269
1997-07-31,279.15552672793143
1997-08-01,245.03152932241764
1997-08-04,241.4389139831294
1997-08-05,240.5853166981716
1997-08-06,241.7922526917009
1997-08-07,240.2969115861747
1997-08-08,235.19245791238208
1997-08-11,235.33233460704497
1997-08-12,235.33233460704497
1997-08-13,235.33233460704497
1997-08-14,235.33233460704497
1997-08-15,235.24967463462656
1997-08-18,235.18083548741816
1997-08-19,235.18083548741816
1997-08-20,234.34288339869966
1997-08-21,231.83531177320944
1997-08-22,229.34654693491038
1997-08-25,228.45758977571316
1997-08-26,228.45758977571316
1997-08-27,228.45758977571316
1997-08-28,228.45758977571316
1997-08-29,228.45758977571316
1997-09-01,228.45758977571316
1997-09-02,228.45758977571316
1997-09-03,228.3925369373792
1997-09-04,228.3925369373792
1997-09-05,227.36631025944988
1997-09-08,228.18472603509846
1997-09-09,227.97961058132654
1997-09-10,227.36464881148657
1997-09-11,226.34163428395064
1997-09-12,230.21694119107258
1997-09-15,230.42332677931702
1997-09-16,237.65133705261462
1997-09-17,238.21689027188455
1997-09-18,237.37134804620487
1997-09-19,238.21477641632038
1997-09-22,241.1741557099632
1997-09-23,238.188881847501
1997-09-24,241.99350676828539
1997-09-25,234.7261447494593
1997-09-26,238.49181387789068
1997-09-29,237.645584343196
1997-09-30,235.95735642148
1997-10-01,242.67650354990963
1997-10-02,244.8182316970966
1997-10-03,245.24925448671797
1997-10-06,249.56487016780193
1997-10-07,251.68080168960344
1997-10-08,233.21755960089928
1997-10-09,231.27597117843365
1997-10-10,225.89273664678413
1997-10-13,225.8274711604979
1997-10-14,228.88210370262755
1997-10-15,227.64879581374265
1997-10-16,227.64879581374265
1997-10-17,224.7818688503724
1997-10-20,225.39083485446687
1997-10-21,225.39083485446687
1997-10-22,226.00094266981904
1997-10-23,229.87220386402316
1997-10-24,230.90305450109824
1997-10-27,235.24615709142518
1997-10-28,231.8245266440199
1997-10-29,237.63145586029023
1997-10-30,243.11796701802
1997-10-31,243.97576193556506
1997-11-03,237.95618610169268
1997-11-04,234.57662424067576
1997-11-05,234.99484502097658
1997-11-06,239.601024140015
1997-11-07,238.75202157966498
1997-11-10,238.32858155269042
1997-11-11,238.32858155269042
1997-11-12,239.59731373351298
1997-11-13,240.87080366001362
1997-11-14,241.66645094704995
1997-11-17,242.94770013810134
1997-11-18,242.94770013810134
1997-11-19,245.94849251430975
1997-11-20,243.71853041986134
1997-11-21,247.58536388708475
1997-11-24,241.7198608714902
1997-11-25,242.36058561062427
1997-11-26,241.07673341458442
1997-11-27,241.07673341458442
1997-11-28,241.07673341458442
1997-12-01,242.35577116488906
1997-12-02,242.35577116488906
1997-12-03,244.92343944862574
1997-12-04,244.92343944862574
1997-12-05,235.86919916309932
1997-12-08,228.87651331231478
1997-12-09,230.10980023723593
1997-12-10,234.58439284491334
1997-12-11,237.93023677336248
1997-12-12,241.24296876812656
1997-12-15,237.76329120427326
1997-12-16,238.3965973752813
1997-12-17,235.224129274888
1997-12-18,240.2524912140113
1997-12-19,247.27019884530023
1997-12-22,246.6190672224653
1997-12-23,245.96915647142316
1997-12-24,243.95555784839726
1997-12-25,243.95555784839726
1997-12-26,243.95555784839726
1997-12-29,240.5160022699133
1997-12-30,232.00310221316545
1997-12-31,240.23839253221377
1998-01-01,240.23839253221377
1998-01-02,252.35938526617386
1998-01-05,272.7692859450537
1998-01-06,275.5650555896416
1998-01-07,267.11484183887467
1998-01-08,279.96386130323526
1998-01-09,298.01214471513896
1998-01-12,298.01214471513896
1998-01-13,292.04196254441183
1998-01-14,283.22101838716264
1998-01-15,281.3049132952268
1998-01-16,268.91250361313195
1998-01-19,268.8391827578873
1998-01-20,265.3813154195321
1998-01-21,268.734490636017
1998-01-22,268.734490636017
1998-01-23,254.90694723716635
1998-01-26,261.04529601208543
1998-01-27,258.11180298198724
1998-01-28,258.11180298198724
1998-01-29,263.483480026717
1998-01-30,265.3008974268505
1998-02-02,263.2460798788245
1998-02-03,263.700137478673
1998-02-04,263.700137478673
1998-02-05,261.19969903350716
1998-02-06,260.97394922161124
1998-02-09,259.3946881937667
1998-02-10,260.29317491425104
1998-02-11,262.99537372610797
1998-02-12,262.31475740037155
1998-02-13,263.7873186817203
1998-02-16,263.7126018641965
1998-02-17,267.80436863516866
1998-02-18,264.586080409611
1998-02-19,263.21888260807486
1998-02-20,260.9487645917744
1998-02-23,256.4369050343773
1998-02-24,247.0804362772249
1998-02-25,251.34672769095096
1998-02-26,250.02917746210986
1998-02-27,251.05009864315386
1998-03-02,251.05009864315386
1998-03-03,251.05009864315386
1998-03-04,251.05009864315386
1998-03-05,251.05009864315386
1998-03-06,251.05009864315386
1998-03-09,251.05009864315386
1998-03-10,251.05009864315386
1998-03-11,251.05009864315386
1998-03-12,250.97724402543844
1998-03-13,250.31916169289076
1998-03-16,252.07075750135516
1998-03-17,251.1174411428517
1998-03-18,249.36185393713743
1998-03-19,248.4884493022946
1998-03-20,249.7952809871782
1998-03-23,250.23252508841213
1998-03-24,250.23252508841213
1998-03-25,244.54124655572548
1998-03-26,241.45470194782322
1998-03-27,240.81447438167106
1998-03-30,239.25242666727686
1998-03-31,239.25242666727686
1998-04-01,239.25242666727686
1998-04-02,239.18206362754256
1998-04-03,243.6338282126541
1998-04-06,241.6287340697999
1998-04-07,239.92059039945087
1998-04-08,236.09648375745707
1998-04-09,236.09648375745707
1998-04-10,236.09648375745707
1998-04-13,229.79467468700471
1998-04-14,232.201141636955
1998-04-15,233.23927020457046
1998-04-16,233.65581929232619
1998-04-17,233.86435417938395
1998-04-20,232.195032408487
1998-04-21,230.3264353511893
1998-04-22,230.3264353511893
1998-04-23,229.84781281724497
1998-04-24,229.84781281724497
1998-04-27,229.84781281724497
1998-04-28,229.7807453470008
1998-04-29,229.98685831284268
1998-04-30,224.62457186525899
1998-05-01,224.15219027028215
1998-05-04,224.15219027028215
1998-05-05,224.15219027028215
1998-05-06,224.15219027028215
1998-05-07,224.15219027028215
1998-05-08,224.15219027028215
1998-05-11,224.15219027028215
1998-05-12,224.15219027028215
1998-05-13,224.15219027028215
1998-05-14,224.15219027028215
1998-05-15,224.11651384858317
1998-05-18,224.11651384858317
1998-05-19,224.11651384858317
1998-05-20,224.11651384858317
1998-05-21,224.04914422618845
1998-05-22,224.85926708675387
1998-05-25,224.85926708675387
1998-05-26,226.68660046411685
1998-05-27,228.11585434114735
1998-05-28,227.70570952322095
1998-05-29,228.11534166012498
1998-06-01,229.34577419135042
1998-06-02,228.45676505437683
1998-06-03,227.6356231417409
1998-06-04,225.58790049710504
1998-06-05,226.80885512396918
1998-06-08,226.80885512396918
1998-06-09,226.40034405506424
1998-06-10,231.70434964595907
1998-06-11,238.7530670759357
1998-06-12,240.3798315925636
1998-06-15,243.57089251374387
1998-06-16,233.83969206898644
1998-06-17,218.75152365887595
1998-06-18,222.87265359403946
1998-06-19,225.2312175012509
1998-06-22,225.63775652312748
1998-06-23,226.45185091443528
1998-06-24,225.77652550047645
1998-06-25,225.36930484360087
1998-06-26,226.18272810570988
1998-06-29,224.95954287531345
1998-06-30,227.3967394468783
1998-07-01,228.21523129549553
1998-07-02,229.85630745197295
1998-07-03,229.79349542406723
1998-07-06,232.88530944366786
1998-07-07,229.76450966763346
1998-07-08,228.5278927563798
1998-07-09,232.8398213488073
1998-07-10,232.2157466837783
1998-07-13,225.36379690842537
1998-07-14,221.70345419320557
1998-07-15,222.8507170545078
1998-07-16,221.23646346923525
1998-07-17,220.83491788989872
1998-07-20,223.18235364339137
1998-07-21,223.99030952749982
1998-07-22,223.52589179259485
1998-07-23,225.1435212515578
1998-07-24,223.92423304686443
1998-07-27,223.1144224642473
1998-07-28,221.90274338000634
1998-07-29,219.4884728046563
1998-07-30,220.68655457767377
1998-07-31,220.68655457767377
1998-08-03,225.09599470311676
1998-08-04,227.12784467001126
1998-08-05,227.88563652924543
1998-08-06,226.59588606822768
1998-08-07,236.3937626502745
1998-08-10,235.55277824364885
1998-08-11,241.4249518629127
1998-08-12,238.80121283519807
1998-08-13,232.44869009453814
1998-08-14,237.56497125244397
1998-08-17,237.56497125244397
1998-08-18,236.51008071728006
1998-08-19,236.51008071728006
1998-08-20,244.922832735212
1998-08-21,258.93532281508
1998-08-24,265.66536011786275
1998-08-25,277.02635415685404
1998-08-26,288.33714478155963
1998-08-27,313.09363776138406
1998-08-28,323.9373457526205
1998-08-31,341.4247612649161
1998-09-01,339.6888997433213
1998-09-02,328.6966772497383
1998-09-03,340.7537712973872
1998-09-04,344.8858379033001
1998-09-07,344.8858379033001
1998-09-08,339.32476492950883
1998-09-09,370.9012324088173
1998-09-10,437.12171821630716
1998-09-11,403.33891222161463
1998-09-14,400.50763084036805
1998-09-15,395.81537180123956
1998-09-16,402.3229485561308
1998-09-17,418.3344925413575
1998-09-18,437.7720360116585
1998-09-21,438.78035857918036
1998-09-22,425.6475873388128
1998-09-23,440.4314257327169
1998-09-24,453.6044417349519
1998-09-25,460.8705000327232
1998-09-28,458.76723565760045
1998-09-29,461.9103013581745
1998-09-30,494.5713376246183
1998-10-01,525.7863328499108
1998-10-02,524.6129834758171
1998-10-05,555.0628664202633
1998-10-06,535.4109804276554
1998-10-07,505.626090720109
1998-10-08,443.1709001145978
1998-10-09,394.0327332029448
1998-10-12,394.0327332029448
1998-10-13,398.0467491602187
1998-10-14,409.4447943074128
1998-10-15,409.4447943074128
1998-10-16,409.31994891017433
1998-10-19,408.3649740059678
1998-10-20,403.5990523746618
1998-10-21,401.0810571127886
1998-10-22,399.20200314861563
1998-10-23,393.58598061319367
1998-10-26,394.81994556472665
1998-10-27,401.6237198162416
1998-10-28,404.1318384153227
1998-10-29,407.597744804428
1998-10-30,399.0320328608533
1998-11-02,390.61086730632644
1998-11-03,390.91749909839297
1998-11-04,382.0196194272346
1998-11-05,380.6901919943475
1998-11-06,380.6901919943475
1998-11-09,380.6901919943475
1998-11-10,380.6901919943475
1998-11-11,380.6901919943475
1998-11-12,380.6901919943475
1998-11-13,380.48978439769206
1998-11-16,380.48978439769206
1998-11-17,380.48978439769206
1998-11-18,380.48978439769206
1998-11-19,380.48978439769206
1998-11-20,380.48978439769206
1998-11-23,380.48978439769206
1998-11-24,380.48978439769206
1998-11-25,380.48978439769206
1998-11-26,380.48978439769206
1998-11-27,380.48978439769206
1998-11-30,380.48978439769206
1998-12-01,380.48978439769206
1998-12-02,380.3629368803753
1998-12-03,379.7624832092748
1998-12-04,375.26470992918786
1998-12-07,369.323901055073
1998-12-08,374.897122380102
1998-12-09,379.3492829024155
1998-12-10,381.1468427132995
1998-12-11,376.3353742861665
1998-12-14,378.12163193973964
1998-12-15,374.53571970019163
1998-12-16,378.0947375979431
1998-12-17,378.0947375979431
1998-12-18,376.89950075394825
1998-12-21,372.1305057464088
1998-12-22,367.40920068894474
1998-12-23,361.27445492990233
1998-12-24,357.1126856235581
1998-12-25,357.1126856235581
1998-12-28,357.1126856235581
1998-12-29,357.1126856235581
1998-12-30,357.1126856235581
1998-12-31,357.1126856235581
1999-01-01,357.1126856235581
1999-01-04,357.1126856235581
1999-01-05,357.1126856235581
1999-01-06,357.1126856235581
1999-01-07,357.1126856235581
1999-01-08,357.1126856235581
1999-01-11,357.1126856235581
1999-01-12,356.9886005734724
1999-01-13,352.7043324430961
1999-01-14,347.20464178908645
1999-01-15,347.20464178908645
1999-01-18,347.20464178908645
1999-01-19,347.20464178908645
1999-01-20,347.20464178908645
1999-01-21,347.20464178908645
1999-01-22,347.20464178908645
1999-01-25,347.20464178908645
1999-01-26,347.20464178908645
1999-01-27,347.20464178908645
1999-01-28,347.20464178908645
1999-01-29,347.08218940391606
1999-02-01,341.21423566798967
1999-02-02,337.50738261303377
1999-02-03,337.50738261303377
1999-02-04,337.50738261303377
1999-02-05,337.38534130626493
1999-02-08,336.01851211468284
1999-02-09,333.8384195541094
1999-02-10,334.6518665907734
1999-02-11,335.1951814240119
1999-02-12,343.8990850524921
1999-02-15,343.8689025135027
1999-02-16,343.59148444943173
1999-02-17,340.8190376716228
1999-02-18,344.12518045416
1999-02-19,345.79064988086304
1999-02-22,343.28307747528316
1999-02-23,346.8847524797698
1999-02-24,352.1915089154671
1999-02-25,359.9755083253922
1999-02-26,355.3757532421383
1999-03-01,368.4678061478498
1999-03-02,363.7831280863713
1999-03-03,368.42095936723507
1999-03-04,373.10516896090735
1999-03-05,362.460302659287
1999-03-08,360.72607652431464
1999-03-09,350.35973980251754
1999-03-10,352.6115385015301
1999-03-11,352.4795793574679
1999-03-12,349.9343817235822
1999-03-15,348.528336780696
1999-03-16,346.0053648863046
1999-03-17,347.67788500462825
1999-03-18,346.27889161398883
1999-03-19,349.90490760835246
1999-03-22,351.5920510118837
1999-03-23,351.5920510118837
1999-03-24,349.33409075682437
1999-03-25,352.4232626307775
1999-03-26,352.4232626307775
1999-03-29,355.5336725613641
1999-03-30,351.4137859041319
1999-03-31,356.4921909955533
1999-04-01,359.34526718927555
1999-04-02,347.2874539255571
1999-04-05,346.03675764479596
1999-04-06,341.855163041876
1999-04-07,342.6836414725795
1999-04-08,335.6342029496981
1999-04-09,335.6342029496981
1999-04-12,335.6342029496981
1999-04-13,335.6342029496981
1999-04-14,335.6342029496981
1999-04-15,335.6342029496981
1999-04-16,335.6342029496981
1999-04-19,335.50357843523295
1999-04-20,333.59825027957885
1999-04-21,333.86924918600363
1999-04-22,339.2926148008287
1999-04-23,339.01805691657813
1999-04-26,337.6461254887138
1999-04-27,336.27848134656153
1999-04-28,337.9145256516111
1999-04-29,334.3564701306917
1999-04-30,343.85801791480066
1999-05-03,344.1354291759975
1999-05-04,347.18886025158247
1999-05-05,345.7913950632962
1999-05-06,352.47826598924564
1999-05-07,354.31908160028814
1999-05-10,350.911688488286
1999-05-11,357.11172420499986
1999-05-12,354.2547759287187
1999-05-13,341.19495112076794
1999-05-14,366.5636608102122
1999-05-17,370.3948338904057
1999-05-18,372.3039106292325
1999-05-19,365.21935196979405
1999-05-20,366.38240034971847
1999-05-21,359.96964234490986
1999-05-24,357.0948320802542
1999-05-25,357.6662006203545
1999-05-26,363.81897604751174
1999-05-27,369.0369395280462
1999-05-28,368.8942515659643
1999-05-31,368.8942515659643
1999-06-01,387.0639038141454
1999-06-02,386.9148453576696
1999-06-03,382.3500186824415
1999-06-04,382.3500186824415
1999-06-07,381.4456123974119
1999-06-08,385.0564544903925
1999-06-09,389.60385875123984
1999-06-10,399.70193833798413
1999-06-11,418.4407610256586
1999-06-14,408.7199967564275
1999-06-15,404.9045967807543
1999-06-16,399.22442006697077
1999-06-17,369.27095486295246
1999-06-18,378.8192366191105
1999-06-21,386.00152516839705
1999-06-22,390.861540420081
1999-06-23,398.8380404519074
1999-06-24,404.4499684069913
1999-06-25,401.1632774364734
1999-06-28,388.4775819763627
1999-06-29,381.47838459051775
1999-06-30,364.0247931491115
1999-07-01,369.6996475463929
1999-07-02,369.11252298695996
1999-07-05,369.11252298695996
1999-07-06,371.4580856018947
1999-07-07,373.22605342290177
1999-07-08,368.9374423137568
1999-07-09,369.52361411664896
1999-07-12,362.9209382931336
1999-07-13,361.47431036096754
1999-07-14,362.94046623806054
1999-07-15,362.94046623806054
1999-07-16,362.94046623806054
1999-07-19,362.94046623806054
1999-07-20,362.94046623806054
1999-07-21,362.94046623806054
1999-07-22,362.94046623806054
1999-07-23,362.8208476832994
1999-07-26,363.8332682876067
1999-07-27,361.6590498425086
1999-07-28,361.8033182955843
1999-07-29,365.988410867638
1999-07-30,367.9063867665407
1999-08-02,368.783711241728
1999-08-03,371.71360943698886
1999-08-04,370.82914641929455
1999-08-05,363.76670922300514
1999-08-06,381.7376692053966
1999-08-09,393.4800248922782
1999-08-10,395.6390000011819
1999-08-11,390.24417527427045
1999-08-12,389.78457135995075
1999-08-13,368.6626117200529
1999-08-16,366.65538430304736
1999-08-17,355.2806593106605
1999-08-18,354.5936368951176
1999-08-19,356.1563025219445
1999-08-20,355.1584606101777
1999-08-23,355.58517166699977
1999-08-24,351.45643104876757
1999-08-25,345.24890512184703
1999-08-26,346.80273791973565
1999-08-27,346.80273791973565
1999-08-30,346.80273791973565
1999-08-31,346.68589503768226
1999-09-01,346.546305695483
1999-09-02,348.4999457829008
1999-09-03,341.63229036310014
1999-09-06,341.63229036310014
1999-09-07,344.530502268608
1999-09-08,343.0024286670597
1999-09-09,345.4943173283119
1999-09-10,340.6217232325335
1999-09-13,341.72327754061473
1999-09-14,344.62208654947506
1999-09-15,342.39897611672774
1999-09-16,340.46348059621704
1999-09-17,338.261163193236
1999-09-20,340.8633388496957
1999-09-21,342.10326699021056
1999-09-22,341.2743233646039
1999-09-23,336.3099872267521
1999-09-24,330.8793439428055
1999-09-27,330.8793439428055
1999-09-28,330.8793439428055
1999-09-29,330.8793439428055
1999-09-30,330.7663723084278
1999-10-01,336.6894099276686
1999-10-04,333.5507047938135
1999-10-05,339.24105779423235
1999-10-06,339.79010911647515
1999-10-07,340.064977934673
1999-10-08,339.37737640665
1999-10-11,339.37737640665
1999-10-12,341.2996524284291
1999-10-13,344.7473059630262
1999-10-14,347.1327136596691
1999-10-15,336.79276965628924
1999-10-18,340.34171090974655
1999-10-19,344.74512801884407
1999-10-20,346.4129222489147
1999-10-21,347.528954554537
1999-10-22,348.92748253751995
1999-10-25,350.0498012438637
1999-10-26,351.1749257469734
1999-10-27,343.5613488749932
1999-10-28,334.4128960544465
1999-10-29,320.72334211799205
1999-11-01,322.84796132373987
1999-11-02,322.84796132373987
1999-11-03,322.84796132373987
1999-11-04,322.84796132373987
1999-11-05,322.84796132373987
1999-11-08,322.7397512739917
1999-11-09,322.0792204126261
1999-11-10,320.6283230924577
1999-11-11,320.6283230924577
1999-11-12,324.30882091951673
1999-11-15,323.84675182074193
1999-11-16,322.2573265014141
1999-11-17,318.2986640654633
1999-11-18,317.4081166178297
1999-11-19,317.4081166178297
1999-11-22,317.4081166178297
1999-11-23,317.3024994206406
1999-11-24,316.7808712963648
1999-11-25,316.7808712963648
1999-11-26,317.9530674968859
1999-11-29,322.5244291726331
1999-11-30,320.41180702676996
1999-12-01,321.8569726134245
1999-12-02,323.5048514126957
1999-12-03,319.4268124720404
1999-12-06,316.8299723833499
1999-12-07,314.1596553727691
1999-12-08,315.3244794035051
1999-12-09,315.3244794035051
1999-12-10,310.19781786086804
1999-12-13,311.2477644689539
1999-12-14,311.2477644689539
1999-12-15,311.2477644689539
1999-12-16,311.143905230129
1999-12-17,311.4008701708979
1999-12-20,314.51079464431837
1999-12-21,317.23102173417175
1999-12-22,318.0133298999234
1999-12-23,319.8671694357354
1999-12-24,319.8671694357354
1999-12-27,317.50541660765936
1999-12-28,322.5937638725652
1999-12-29,318.6319473362599
1999-12-30,315.88467518186565
1999-12-31,326.02186413942366
2000-01-03,345.99163902095916
2000-01-04,333.23906559270364
2000-01-05,350.90709623640606
2000-01-06,342.0298627792518
2000-01-07,332.08419086671864
2000-01-10,338.25423683115935
2000-01-11,338.25423683115935
2000-01-12,354.96267961034727
2000-01-13,343.3305826287545
2000-01-14,354.1367655803304
2000-01-17,354.1367655803304
2000-01-18,367.33511533000876
2000-01-19,361.4204052766133
2000-01-20,369.20687461565615
2000-01-21,371.406281840417
2000-01-24,355.0543764390776
2000-01-25,357.18744382863576
2000-01-26,353.43258607399395
2000-01-27,353.99937680658644
2000-01-28,348.46625940175613
2000-01-31,350.42829928663883
2000-02-01,344.7979455455559
2000-02-02,342.4349564598451
2000-02-03,331.09756070056153
2000-02-04,337.72760705511206
2000-02-07,343.81475659072225
2000-02-08,340.83287619487834
2000-02-09,345.4478453675435
2000-02-10,348.8583054336387
2000-02-11,346.9244147330375
2000-02-14,336.3099598831279
2000-02-15,339.4978054725429
2000-02-16,339.7724916009633
2000-02-17,341.6964962517175
2000-02-18,337.0724860565824
2000-02-21,337.0724860565824
2000-02-22,328.0578660316654
2000-02-23,332.69830115481574
2000-02-24,332.69830115481574
2000-02-25,332.69830115481574
2000-02-28,332.69830115481574
2000-02-29,332.69830115481574
2000-03-01,332.69830115481574
2000-03-02,332.69830115481574
2000-03-03,332.69830115481574
2000-03-06,332.69830115481574
2000-03-07,332.69830115481574
2000-03-08,332.69830115481574
2000-03-09,332.69830115481574
2000-03-10,332.69830115481574
2000-03-13,332.69830115481574
2000-03-14,332.69830115481574
2000-03-15,332.69830115481574
2000-03-16,332.69830115481574
2000-03-17,332.5921692518245
2000-03-20,332.5245767253789
2000-03-21,334.21412585321247
2000-03-22,334.6515100214685
2000-03-23,336.9605961684575
2000-03-24,325.49038051903557
2000-03-27,327.1149479979787
2000-03-28,327.9825252360996
2000-03-29,329.45371516659867
2000-03-30,335.6942144651133
2000-03-31,338.0769172004693
2000-04-03,339.61279528183024
2000-04-04,352.80117914028517
2000-04-05,348.27316734888234
2000-04-06,344.3507771345796
2000-04-07,344.3507771345796
2000-04-10,356.0149850343623
2000-04-11,343.9306036728101
2000-04-12,326.13080915659214
2000-04-13,332.6816320097327
2000-04-14,334.8450401697813
2000-04-17,328.8659208674468
2000-04-18,328.26282816622694
2000-04-19,332.88003678239403
2000-04-20,332.2036617249215
2000-04-21,332.2036617249215
2000-04-24,332.2036617249215
2000-04-25,326.1257977319148
2000-04-26,326.22006825238435
2000-04-27,326.22006825238435
2000-04-28,326.22006825238435
2000-05-01,326.22006825238435
2000-05-02,326.22006825238435
2000-05-03,326.1142809997498
2000-05-04,329.44329882006036
2000-05-05,331.92601789136387
2000-05-08,334.31697807510625
2000-05-09,329.9738082943552
2000-05-10,321.37433212846804
2000-05-11,318.74074255266515
2000-05-12,328.9753914236921
2000-05-15,326.5624048469339
2000-05-16,324.5735595146163
2000-05-17,327.4261631176052
2000-05-18,331.9007807627426
2000-05-19,328.52655591303375
2000-05-22,323.5717176102892
2000-05-23,324.49828074256175
2000-05-24,324.49828074256175
2000-05-25,320.2532979351362
2000-05-26,316.3399429436195
2000-05-29,316.3399429436195
2000-05-30,316.3399429436195
2000-05-31,316.3399429436195
2000-06-01,316.3399429436195
2000-06-02,316.2361591470243
2000-06-05,318.12222924315927
2000-06-06,317.2075868666899
2000-06-07,317.59871897937745
2000-06-08,318.3164667776232
2000-06-09,317.5321234024152
2000-06-12,319.6197840194273
2000-06-13,317.84951305559537
2000-06-14,322.0280081861513
2000-06-15,321.6982988047559
2000-06-16,324.9566145930773
2000-06-19,322.1678368098102
2000-06-20,320.05699762576114
2000-06-21,310.8682508026976
2000-06-22,309.48467401014364
2000-06-23,306.4775209353817
2000-06-26,311.3044414964894
2000-06-27,311.3044414964894
2000-06-28,310.4689793496997
2000-06-29,314.57366914319664
2000-06-30,315.4157719086437
2000-07-03,318.4015727692371
2000-07-04,318.2993180825604
2000-07-05,319.9986590622708
2000-07-06,313.43618001442286
2000-07-07,318.6041322646031
2000-07-10,315.98785643794935
2000-07-11,313.90791715575955
2000-07-12,310.54491532886897
2000-07-13,318.78517317700386
2000-07-14,312.76513631258445
2000-07-17,309.9918705529842
2000-07-18,310.14823936540085
2000-07-19,310.14823936540085
2000-07-20,310.14823936540085
2000-07-21,310.0466520572329
2000-07-24,307.54793027125913
2000-07-25,308.37576200462263
2000-07-26,308.4395707174359
2000-07-27,310.41794988809846
2000-07-28,309.13539379469813
2000-07-31,309.3271760105394
2000-08-01,311.82151348935366
2000-08-02,313.2371499419733
2000-08-03,314.2970118111461
2000-08-04,319.3462566425945
2000-08-07,313.84233702416043
2000-08-08,318.62738904600224
2000-08-09,319.67395751861716
2000-08-10,322.1657716413839
2000-08-11,315.56943145948725
2000-08-14,317.90700951144686
2000-08-15,314.962563098725
2000-08-16,314.962563098725
2000-08-17,314.05483249194657
2000-08-18,317.80720441140477
2000-08-21,316.6321216489977
2000-08-22,317.67370195312014
2000-08-23,324.1998535461376
2000-08-24,324.464978454604
2000-08-25,324.3629585122595
2000-08-28,316.20723290335206
2000-08-29,310.74451297149557
2000-08-30,311.22347248391105
2000-08-31,320.34749327964784
2000-09-01,326.5213470871926
2000-09-04,326.4180971473023
2000-09-05,327.01774759641575
2000-09-06,320.21215224409787
2000-09-07,315.48476553135174
2000-09-08,319.08484696937285
2000-09-11,315.4178545583908
2000-09-12,315.4178545583908
2000-09-13,320.87021389946966
2000-09-14,315.8723801094134
2000-09-15,312.10353666467194
2000-09-18,310.1718013365563
2000-09-19,311.7099455915683
2000-09-20,307.97882420964476
2000-09-21,310.4355938585317
2000-09-22,312.2312495816628
2000-09-25,312.74653864363984
2000-09-26,314.71693387034065
2000-09-27,313.6801415356648
2000-09-28,313.6801415356648
2000-09-29,315.2314420664235
2000-10-02,314.6194529446034
2000-10-03,307.03969107045987
2000-10-04,304.08632103758816
2000-10-05,307.87463029731555
2000-10-06,311.570994134385
2000-10-09,311.570994134385
2000-10-10,314.1433128477249
2000-10-11,316.7683309619992
2000-10-12,326.4435062035159
2000-10-13,326.4435062035159
2000-10-16,322.7121255242351
2000-10-17,337.77124499603605
2000-10-18,337.77124499603605
2000-10-19,339.5916992082424
2000-10-20,349.2077676284227
2000-10-23,363.2455103668109
2000-10-24,352.38819371758876
2000-10-25,337.8976343875722
2000-10-26,336.52920428011106
2000-10-27,325.5221781836796
2000-10-30,322.59671320866676
2000-10-31,314.58445175826864
2000-11-01,318.4711809935024
2000-11-02,321.2173981187723
2000-11-03,305.81663700005464
2000-11-06,300.1325591232153
2000-11-07,300.32012126030423
2000-11-08,301.07072148766736
2000-11-09,303.95341729835997
2000-11-10,304.8370653987002
2000-11-13,306.41846018541384
2000-11-14,306.90716432244506
2000-11-15,310.97623596566956
2000-11-16,314.1021008044795
2000-11-17,310.5227157038721
2000-11-20,315.9108263474854
2000-11-21,316.95060341335414
2000-11-22,328.93793326148807
2000-11-23,328.93793326148807
2000-11-24,323.0400366791426
2000-11-27,322.24683661036926
2000-11-28,335.4420502544433
2000-11-29,343.06228613389607
2000-11-30,365.6770916517039
2000-12-01,345.3037188919419
2000-12-04,345.2117947459835
2000-12-05,365.52458288126905
2000-12-06,388.50985916103167
2000-12-07,389.73113380893415
2000-12-08,376.56960958781906
2000-12-11,372.3996255039257
2000-12-12,377.71412129084484
2000-12-13,395.92697216505826
2000-12-14,411.7346444028196
2000-12-15,421.3296689853725
2000-12-18,428.17212089080556
2000-12-19,418.5990011996597
2000-12-20,439.6670856233958
2000-12-21,451.8095950499221
2000-12-22,459.74185797876476
2000-12-25,459.74185797876476
2000-12-26,455.19395538268725
2000-12-27,431.59821227892303
2000-12-28,423.9564879774135
2000-12-29,430.5059440771312
2001-01-01,430.5059440771312
2001-01-02,486.87220063532635
2001-01-03,420.11548781305794
2001-01-04,452.3983522104263
2001-01-05,464.8273151351609
2001-01-08,470.8286053584721
2001-01-09,461.5526405213969
2001-01-10,447.1628541080361
2001-01-11,442.3751791345907
2001-01-12,426.103923760553
2001-01-15,425.9880885429084
2001-01-16,427.63180131960496
2001-01-17,432.908119332801
2001-01-18,438.32046741977484
2001-01-19,432.8531501725427
2001-01-22,429.106526460392
2001-01-23,424.97288172242014
2001-01-24,423.49639549257586
2001-01-25,426.03208115824305
2001-01-26,426.1142736709241
2001-01-29,424.8811933420079
2001-01-30,430.2120179618877
2001-01-31,434.93421874686067
2001-02-01,440.36714440600855
2001-02-02,435.2667153690818
2001-02-05,435.2667153690818
2001-02-06,428.4086105784154
2001-02-07,432.2065474669477
2001-02-08,431.3749747365306
2001-02-09,441.1722008332355
2001-02-12,436.43694407594455
2001-02-13,432.9165766304461
2001-02-14,425.7555101319746
2001-02-15,416.5757482658533
2001-02-16,422.7100852765103
2001-02-19,422.7100852765103
2001-02-20,422.8734321781592
2001-02-21,420.25906501726837
2001-02-22,420.6655174118131
2001-02-23,424.326446831115
2001-02-26,427.27578309454
2001-02-27,431.8894461966172
2001-02-28,436.2601803357883
2001-03-01,440.44971299466164
2001-03-02,426.1429521654928
2001-03-05,425.7804130423401
2001-03-06,425.28749390511285
2001-03-07,432.83850162999886
2001-03-08,436.5017663287051
2001-03-09,430.2984646555294
2001-03-12,432.7842387086021
2001-03-13,429.1213470674805
2001-03-14,441.1919277974573
2001-03-15,446.9420920303054
2001-03-16,452.97450062824345
2001-03-19,439.23654037826043
2001-03-20,448.8416912537482
2001-03-21,454.5016211948025
2001-03-22,467.7576755764908
2001-03-23,451.25721813004895
2001-03-26,442.21315439510283
2001-03-27,414.0011262054827
2001-03-28,417.626114800244
2001-03-29,419.0010591676821
2001-03-30,422.8124731959448
2001-04-02,419.46320578953333
2001-04-03,421.24886055943483
2001-04-04,423.28498892099515
2001-04-05,419.65406563313775
2001-04-06,435.0812957066216
2001-04-09,430.3993343691887
2001-04-10,408.5203618264596
2001-04-11,402.6829888913931
2001-04-12,399.1484991257505
2001-04-13,399.03396337711933
2001-04-16,399.03396337711933
2001-04-17,399.03396337711933
2001-04-18,399.03396337711933
2001-04-19,399.03396337711933
2001-04-20,399.03396337711933
2001-04-23,399.03396337711933
2001-04-24,399.03396337711933
2001-04-25,399.03396337711933
2001-04-26,399.03396337711933
2001-04-27,399.03396337711933
2001-04-30,399.03396337711933
2001-05-01,399.03396337711933
2001-05-02,399.03396337711933
2001-05-03,399.03396337711933
2001-05-04,399.03396337711933
2001-05-07,399.03396337711933
2001-05-08,399.03396337711933
2001-05-09,399.03396337711933
2001-05-10,398.9091685882638
2001-05-11,384.669972760898
2001-05-14,384.669972760898
2001-05-15,384.669972760898
2001-05-16,384.54357898551666
2001-05-17,384.4572044737998
2001-05-18,383.77593653000844
2001-05-21,381.43264683744127
2001-05-22,381.43264683744127
2001-05-23,380.8561122156435
2001-05-24,380.8561122156435
2001-05-25,380.8561122156435
2001-05-28,380.8561122156435
2001-05-29,380.8561122156435
2001-05-30,380.7306306192244
2001-05-31,373.1441003547649
2001-06-01,370.94936341061873
2001-06-04,370.94936341061873
2001-06-05,370.94936341061873
2001-06-06,370.8247288859125
2001-06-07,368.10277342204085
2001-06-08,365.0308489714587
2001-06-11,368.7365635492
2001-06-12,371.739407159437
2001-06-13,371.07602361811905
2001-06-14,374.09385439442264
2001-06-15,373.130851252684
2001-06-18,373.8701182077663
2001-06-19,374.68458247343585
2001-06-20,376.76132752175715
2001-06-21,377.1337973088835
2001-06-22,382.1287917494609
2001-06-25,381.096193074727
2001-06-26,370.5722138512174
2001-06-27,367.92524514830427
2001-06-28,354.63852623400373
2001-06-29,349.96894006805223
2001-07-02,349.96894006805223
2001-07-03,349.96894006805223
2001-07-04,349.96894006805223
2001-07-05,349.96894006805223
2001-07-06,349.96894006805223
2001-07-09,349.96894006805223
2001-07-10,349.96894006805223
2001-07-11,349.96894006805223
2001-07-12,349.8461165313537
2001-07-13,350.0569818984777
2001-07-16,353.6433734729813
2001-07-17,353.6433734729813
2001-07-18,360.66066940639143
2001-07-19,358.5191929281577
2001-07-20,357.51618219362734
2001-07-23,359.94673691153093
2001-07-24,362.53393730665834
2001-07-25,353.42780041593346
2001-07-26,356.403420356163
2001-07-27,363.3920977303668
2001-07-30,365.8538682495594
2001-07-31,372.25935893799084
2001-08-01,367.5367653486109
2001-08-02,359.06266147666736
2001-08-03,357.1977194144184
2001-08-06,358.1978394256374
2001-08-07,357.19553165189393
2001-08-08,371.48289201601557
2001-08-09,365.44201746206045
2001-08-10,370.24188826713794
2001-08-13,374.50345537955883
2001-08-14,372.7240674218855
2001-08-15,368.73545810301334
2001-08-16,375.976037570833
2001-08-17,386.9829834396586
2001-08-20,379.8304208703886
2001-08-21,381.3298909356086
2001-08-22,380.4273973901044
2001-08-23,383.12980150042375
2001-08-24,379.9592621780772
2001-08-27,379.209325830924
2001-08-28,390.8900531480528
2001-08-29,398.71361337009984
2001-08-30,396.8622667265074
2001-08-31,390.340949475722
2001-09-03,390.340949475722
2001-09-04,357.2429353861108
2001-09-05,361.8305168936546
2001-09-06,377.1286527657569
2001-09-07,386.6712258210721
2001-09-10,381.5003440467232
2001-09-11,399.70707580599003
2001-09-12,399.70707580599003
2001-09-13,417.3529819203891
2001-09-14,427.7216234121096
2001-09-17,412.63208324266964
2001-09-18,392.20689867596957
2001-09-19,397.0520603348111
2001-09-20,384.3353872090303
2001-09-21,391.4490632086629
2001-09-24,387.763195234598
2001-09-25,391.87869719438993
2001-09-26,402.33111950977076
2001-09-27,411.2788925760386
2001-09-28,408.26569655585087
2001-10-01,416.6044306399703
2001-10-02,425.3221304070198
2001-10-03,430.00078063095725
2001-10-04,429.0070291672743
2001-10-05,431.23877757157373
2001-10-08,431.23877757157373
2001-10-09,414.8035778904532
2001-10-10,417.21671966181464
2001-10-11,399.27576469854546
2001-10-12,400.7810725294797
2001-10-15,410.7966939800693
2001-10-16,415.26616505239485
2001-10-17,415.7727946906877
2001-10-18,417.46517417326646
2001-10-19,404.36683695200566
2001-10-22,406.25821259057557
2001-10-23,401.98665892184266
2001-10-24,413.75197124032337
2001-10-25,425.5522118297495
2001-10-26,428.5084430212919
2001-10-29,438.9134529932736
2001-10-30,457.2108754088787
2001-10-31,496.91215028176134
2001-11-01,499.7360261782976
2001-11-02,472.7479050002742
2001-11-05,486.440159604187
2001-11-06,493.86229287417757
2001-11-07,514.4618911582506
2001-11-08,486.2350480331685
2001-11-09,482.9374758879819
2001-11-12,482.9374758879819
2001-11-13,462.99008413494
2001-11-14,428.78985200985034
2001-11-15,393.7008975967092
2001-11-16,383.37276054581855
2001-11-19,383.37276054581855
2001-11-20,383.37276054581855
2001-11-21,383.37276054581855
2001-11-22,383.37276054581855
2001-11-23,383.37276054581855
2001-11-26,383.2272811784204
2001-11-27,377.3379486890584
2001-11-28,377.63628490698915
2001-11-29,364.57591774156367
2001-11-30,362.83589989908165
2001-12-03,362.83589989908165
2001-12-04,362.83589989908165
2001-12-05,362.83589989908165
2001-12-06,362.83589989908165
2001-12-07,362.83589989908165
2001-12-10,362.83589989908165
2001-12-11,362.83589989908165
2001-12-12,362.83589989908165
2001-12-13,362.83589989908165
2001-12-14,362.83589989908165
2001-12-17,362.83589989908165
2001-12-18,362.83589989908165
2001-12-19,362.83589989908165
2001-12-20,362.83589989908165
2001-12-21,362.83589989908165
2001-12-24,362.83589989908165
2001-12-25,362.83589989908165
2001-12-26,362.83589989908165
2001-12-27,362.83589989908165
2001-12-28,362.83589989908165
2001-12-31,362.83589989908165
2002-01-01,362.83589989908165
2002-01-02,362.83589989908165
2002-01-03,362.83589989908165
2002-01-04,362.83589989908165
2002-01-07,362.83589989908165
2002-01-08,362.83589989908165
2002-01-09,362.83589989908165
2002-01-10,362.83589989908165
2002-01-11,362.83589989908165
2002-01-14,362.6855397843352
2002-01-15,365.4327351768046
2002-01-16,364.77822039296217
2002-01-17,358.82324944417735
2002-01-18,361.83427701865475
2002-01-21,361.83427701865475
2002-01-22,361.32914577816564
2002-01-23,355.2021180607993
2002-01-24,353.1376062874931
2002-01-25,353.1376062874931
2002-01-28,353.1376062874931
2002-01-29,353.1376062874931
2002-01-30,353.1376062874931
2002-01-31,353.1376062874931
2002-02-01,353.1376062874931
2002-02-04,353.1376062874931
2002-02-05,352.99266621957327
2002-02-06,351.22316361715303
2002-02-07,349.46057313427355
2002-02-08,352.97198386188506
2002-02-11,351.91033077470877
2002-02-12,347.17939449941105
2002-02-13,345.57234355042874
2002-02-14,347.93669838188055
2002-02-15,347.9116284246275
2002-02-18,347.7686339270581
2002-02-19,346.5792484931893
2002-02-20,347.0676945462287
2002-02-21,347.5566748371386
2002-02-22,350.49376551575733
2002-02-25,349.08597249852056
2002-02-26,344.6652824567383
2002-02-27,351.6826564455087
2002-02-28,349.07136608793314
2002-03-01,342.3352955966141
2002-03-04,340.6765382381268
2002-03-05,340.25888064239433
2002-03-06,340.25888064239433
2002-03-07,340.25888064239433
2002-03-08,340.25888064239433
2002-03-11,340.1149664989046
2002-03-12,339.0834470461728
2002-03-13,335.44728725032166
2002-03-14,344.6325034657581
2002-03-15,341.5061811757645
2002-03-18,338.4708261801811
2002-03-19,339.9780696451755
2002-03-20,344.5840900617734
2002-03-21,342.8474334599696
2002-03-22,343.33179784031637
2002-03-25,344.09377436785434
2002-03-26,339.8610055809107
2002-03-27,339.1737227596906
2002-03-28,343.2909764105626
2002-03-29,343.2909764105626
2002-04-01,343.08318376537017
2002-04-02,337.6831074632297
2002-04-03,332.82756048980946
2002-04-04,332.4811726318731
2002-04-05,332.4811726318731
2002-04-08,332.4811726318731
2002-04-09,332.4811726318731
2002-04-10,332.4811726318731
2002-04-11,332.4811726318731
2002-04-12,332.4811726318731
2002-04-15,332.33766253200196
2002-04-16,329.83821042048885
2002-04-17,327.4203704868736
2002-04-18,328.28856811442495
2002-04-19,329.2923694459432
2002-04-22,331.0363696968175
2002-04-23,331.23841799511285
2002-04-24,335.7529451834992
2002-04-25,336.97850034182784
2002-04-26,339.5047822969291
2002-04-29,337.09408310657506
2002-04-30,339.00636972016633
2002-05-01,343.3964334173679
2002-05-02,336.32980275977866
2002-05-03,343.82922124471236
2002-05-06,341.74877177012775
2002-05-07,343.6814226466221
2002-05-08,326.07281618533426
2002-05-09,331.3902727486023
2002-05-10,335.9737943965563
2002-05-13,330.4560010612248
2002-05-14,325.2098185482912
2002-05-15,327.39422468161666
2002-05-16,327.39422468161666
2002-05-17,327.32034211991987
2002-05-20,327.32034211991987
2002-05-21,327.32034211991987
2002-05-22,327.18021939004143
2002-05-23,324.8440775652521
2002-05-24,326.63638851748044
2002-05-27,326.63638851748044
2002-05-28,327.303007874539
2002-05-29,330.70807871853924
2002-05-30,333.8037930343287
2002-05-31,332.7152602697529
2002-06-03,333.79704842042725
2002-06-04,336.91496470594905
2002-06-05,334.1842461765369
2002-06-06,338.52608863830227
2002-06-07,333.7297095438208
2002-06-10,336.5760607627021
2002-06-11,342.851841636166
2002-06-12,347.55714245355034
2002-06-13,353.1516067342197
2002-06-14,367.73250699728726
2002-06-17,356.11227752657334
2002-06-18,358.2503038274791
2002-06-19,382.7380544382601
2002-06-20,360.1097081364666
2002-06-21,376.1344428221886
2002-06-24,366.6117539657448
2002-06-25,367.4866510044306
2002-06-26,384.14086294646347
2002-06-27,370.2218131367526
2002-06-28,368.31153702088454
2002-07-01,369.7750105740749
2002-07-02,381.2257764568179
2002-07-03,379.7219459053903
2002-07-04,379.7219459053903
2002-07-05,364.1309826634652
2002-07-08,371.0824343342041
2002-07-09,376.0876851990051
2002-07-10,382.7724377531499
2002-07-11,386.24236464950064
2002-07-12,389.8891823843719
2002-07-15,388.20518831992564
2002-07-16,376.9154433400274
2002-07-17,384.8143553703467
2002-07-18,392.38957967300837
2002-07-19,398.39057767527316
2002-07-22,412.2520656168667
2002-07-23,418.4854392314403
2002-07-24,424.318400422794
2002-07-25,429.72543392715403
2002-07-26,436.42977145029465
2002-07-29,400.7236647881344
2002-07-30,394.2300160658884
2002-07-31,411.6825135082151
2002-08-01,420.63695749460896
2002-08-02,443.25212533578105
2002-08-05,448.6846465891388
2002-08-06,426.5657967735142
2002-08-07,441.37545980776923
2002-08-08,427.6718934813851
2002-08-09,449.27346162077936
2002-08-12,454.07960440996123
2002-08-13,467.75844464383215
2002-08-14,465.98419950432015
2002-08-15,450.0658938932612
2002-08-16,427.70123842710024
2002-08-19,431.49740391760565
2002-08-20,442.3764914040442
2002-08-21,441.105296502316
2002-08-22,434.25693259345854
2002-08-23,439.84993485654627
2002-08-26,442.21177832154365
2002-08-27,436.4507781768773
2002-08-28,440.47415901320386
2002-08-29,445.11885881722355
2002-08-30,446.4869577574013
2002-09-02,446.4869577574013
2002-09-03,474.32363716816894
2002-09-04,479.5284451300055
2002-09-05,487.6780638896462
2002-09-06,467.4766304434396
2002-09-09,466.05793886733096
2002-09-10,473.84123552675675
2002-09-11,462.36441081622166
2002-09-12,477.1264766001475
2002-09-13,487.5868939885252
2002-09-16,492.9119002152962
2002-09-17,496.06174468519004
2002-09-18,497.551899046903
2002-09-19,509.50293702784097
2002-09-20,512.1695123773378
2002-09-23,528.0476591046249
2002-09-24,532.1692218674991
2002-09-25,511.62372215680534
2002-09-26,512.0059869831534
2002-09-27,525.9673735612066
2002-09-30,541.8121727044746
2002-10-01,524.1623379551016
2002-10-02,525.3326423387674
2002-10-03,527.0913903953452
2002-10-04,528.2671867523366
2002-10-07,536.9058605701812
2002-10-08,533.3232651044739
2002-10-09,547.5761316632176
2002-10-10,529.9701555836239
2002-10-11,496.01082688419405
2002-10-14,495.82614641459804
2002-10-15,460.0765776297221
2002-10-16,455.8721645315214
2002-10-17,449.5317476548338
2002-10-18,450.99144135954197
2002-10-21,444.8788800569595
2002-10-22,443.7678359162698
2002-10-23,443.7678359162698
2002-10-24,443.7678359162698
2002-10-25,443.7678359162698
2002-10-28,443.5937391938289
2002-10-29,454.72042354295263
2002-10-30,453.24074415140376
2002-10-31,463.2682326391479
2002-11-01,452.70695327716385
2002-11-04,442.86186067191437
2002-11-05,438.9600410483349
2002-11-06,443.5075163946803
2002-11-07,463.88904825948083
2002-11-08,470.0565847248189
2002-11-11,470.0565847248189
2002-11-12,470.76915545572496
2002-11-13,475.04992412164296
2002-11-14,444.6801000039686
2002-11-15,439.56637803869666
2002-11-18,441.50544470977326
2002-11-19,443.95914125611444
2002-11-20,435.2047988265238
2002-11-21,430.18725383752513
2002-11-22,428.0333681188102
2002-11-25,427.8643623504297
2002-11-26,427.8643623504297
2002-11-27,427.8643623504297
2002-11-28,427.8643623504297
2002-11-29,427.8643623504297
2002-12-02,427.8643623504297
2002-12-03,427.8643623504297
2002-12-04,427.8643623504297
2002-12-05,427.8643623504297
2002-12-06,427.8643623504297
2002-12-09,427.69117465651163
2002-12-10,428.1858851327521
2002-12-11,432.6424535385597
2002-12-12,432.3095520050981
2002-12-13,428.8994439375655
2002-12-16,423.61044949818984
2002-12-17,426.06487348021255
2002-12-18,431.7365103974211
2002-12-19,439.96180954263116
2002-12-20,440.21491664085426
2002-12-23,439.4461622682944
2002-12-24,447.87500855373656
2002-12-25,447.87500855373656
2002-12-26,450.4431726563322
2002-12-27,467.9885487847528
2002-12-30,473.4909378511052
2002-12-31,468.47289214490803
2003-01-01,468.47289214490803
2003-01-02,431.16685859789845
2003-01-03,431.6497777660759
2003-01-06,429.40688026612526
2003-01-07,432.5502336177054
2003-01-08,435.7954616038133
2003-01-09,422.4842931045935
2003-01-10,422.1577404214032
2003-01-13,425.0948777112736
2003-01-14,429.11513536875054
2003-01-15,430.27257472736966
2003-01-16,430.0240094579662
2003-01-17,435.3242495525459
2003-01-20,435.3242495525459
2003-01-21,438.0008708003086
2003-01-22,443.2968168722491
2003-01-23,441.0754617425632
2003-01-24,448.17707717793434
2003-01-27,439.7831156836473
2003-01-28,436.5781534342756
2003-01-29,426.8526744032794
2003-01-30,433.9184814874773
2003-01-31,434.83615387753395
2003-02-03,433.0812227476233
2003-02-04,438.07885921088223
2003-02-05,432.2627939615633
2003-02-06,441.2447286096647
2003-02-07,446.4880369180709
2003-02-10,437.4368288066154
2003-02-11,442.1394010586733
2003-02-12,451.2880034515383
2003-02-13,463.5197060281194
2003-02-14,451.4109374795633
2003-02-17,451.4109374795633
2003-02-18,452.61714890529987
2003-02-19,463.6694918834059
2003-02-20,470.891507248162
2003-02-21,462.32813463943955
2003-02-24,470.76305665903107
2003-02-25,474.8654161287678
2003-02-26,481.87158838783716
2003-02-27,484.4031791531652
2003-02-28,499.46982361570775
2003-03-03,506.7758620910242
2003-03-04,515.0242214663241
2003-03-05,526.2676330150053
2003-03-06,518.6349962376349
2003-03-07,528.2045063356858
2003-03-10,541.455695141204
2003-03-11,532.1345420711834
2003-03-12,527.6898460722454
2003-03-13,482.0842556935588
2003-03-14,493.07680268976395
2003-03-17,476.02584461243316
2003-03-18,463.59158285802414
2003-03-19,458.66015650801637
2003-03-20,455.86685572547634
2003-03-21,448.2097244859847
2003-03-24,448.2097244859847
2003-03-25,448.2097244859847
2003-03-26,448.2097244859847
2003-03-27,448.2097244859847
2003-03-28,448.0244663205843
2003-03-31,453.93285509810306
2003-04-01,453.75975108088494
2003-04-02,445.1937799313525
2003-04-03,447.238256606095
2003-04-04,445.6136430317956
2003-04-07,440.8395236552674
2003-04-08,446.92396829638915
2003-04-09,450.17132935814897
2003-04-10,448.10818687305584
2003-04-11,445.5389297470884
2003-04-14,441.70310914730413
2003-04-15,445.51195913349613
2003-04-16,447.728101467476
2003-04-17,446.5299462455159
2003-04-18,446.5299462455159
2003-04-21,444.30966833889346
2003-04-22,444.7349102672832
2003-04-23,443.7986471402613
2003-04-24,450.7660673067459
2003-04-25,453.26172604922965
2003-04-28,452.31080745758254
2003-04-29,449.6370099109249
2003-04-30,462.86265046190664
2003-05-01,464.9733854011387
2003-05-02,454.73324279074313
2003-05-05,460.45392935702256
2003-05-06,476.0415542672648
2003-05-07,492.78276193815725
2003-05-08,498.5253449444332
2003-05-09,499.0875319009035
2003-05-12,508.35466715999553
2003-05-13,511.206329662308
2003-05-14,529.5425195521773
2003-05-15,524.2307545434559
2003-05-16,546.8628933369237
2003-05-19,553.230449943209
2003-05-20,574.3583723085596
2003-05-21,562.662469288833
2003-05-22,577.2617518153526
2003-05-23,577.2617518153526
2003-05-26,577.2617518153526
2003-05-27,566.7853590919588
2003-05-28,563.6598027212153
2003-05-29,589.1692263883119
2003-05-30,586.5848417893557
2003-06-02,563.412603378965
2003-06-03,594.510069162354
2003-06-04,607.8576845540679
2003-06-05,591.2672700723319
2003-06-06,582.8424502183254
2003-06-09,607.1687125073532
2003-06-10,637.9968485682208
2003-06-11,632.8078082267255
2003-06-12,641.0518960692762
2003-06-13,662.936084875072
2003-06-16,635.3988605616123
2003-06-17,602.3059118363398
2003-06-18,574.3234106616106
2003-06-19,583.2836802653907
2003-06-20,574.7426342620732
2003-06-23,593.9306279239009
2003-06-24,604.7732939852119
2003-06-25,581.4276786219517
2003-06-26,547.3562946908542
2003-06-27,543.720539893545
2003-06-30,548.6490252771049
2003-07-01,546.9260513037126
2003-07-02,548.3412020409395
2003-07-03,539.1226005744198
2003-07-04,538.9286908888764
2003-07-07,538.9286908888764
2003-07-08,538.9286908888764
2003-07-09,538.9286908888764
2003-07-10,538.9286908888764
2003-07-11,538.9286908888764
2003-07-14,538.9286908888764
2003-07-15,538.9286908888764
2003-07-16,538.9286908888764
2003-07-17,538.9286908888764
2003-07-18,538.7336873439237
2003-07-21,556.7978744391191
2003-07-22,553.3086357311613
2003-07-23,549.5316951808405
2003-07-24,554.6061615494408
2003-07-25,555.731265889604
2003-07-28,567.0016470220814
2003-07-29,577.7362047788431
2003-07-30,572.1237018330183
2003-07-31,589.7669490061351
2003-08-01,590.8447098639571
2003-08-04,575.5165928638505
2003-08-05,586.5992869655231
2003-08-06,567.8250877125596
2003-08-07,564.2772669340866
2003-08-08,563.1355403815436
2003-08-11,569.4560510008051
2003-08-12,567.1547958254898
2003-08-13,590.2967278056865
2003-08-14,593.2089171261166
2003-08-15,587.2457915191347
2003-08-18,582.1988302376661
2003-08-19,569.7273828723837
2003-08-20,578.0989751582885
2003-08-21,587.4228360667149
2003-08-22,580.333788069777
2003-08-25,586.924521641703
2003-08-26,581.2359279468577
2003-08-27,586.7709698614259
2003-08-28,573.3574743563198
2003-08-29,575.3380110137678
2003-09-01,575.3380110137678
2003-09-02,575.3380110137678
2003-09-03,575.1043685362771
2003-09-04,564.2394076051464
2003-09-05,544.2084379695538
2003-09-08,545.7923239568446
2003-09-09,545.7923239568446
2003-09-10,545.7923239568446
2003-09-11,545.7923239568446
2003-09-12,545.7923239568446
2003-09-15,545.7923239568446
2003-09-16,545.7923239568446
2003-09-17,545.7923239568446
2003-09-18,545.7923239568446
2003-09-19,545.7923239568446
2003-09-22,545.7923239568446
2003-09-23,545.7923239568446
2003-09-24,545.7923239568446
2003-09-25,545.5690202122108
2003-09-26,554.8490748777614
2003-09-29,550.5516278238761
2003-09-30,565.1890394499131
2003-10-01,565.1890394499131
2003-10-02,557.0820480316174
2003-10-03,536.8562412406442
2003-10-06,542.8960720465358
2003-10-07,542.8960720465358
2003-10-08,542.8960720465358
2003-10-09,542.8960720465358
2003-10-10,542.8960720465358
2003-10-13,542.8960720465358
2003-10-14,542.8960720465358
2003-10-15,542.8960720465358
2003-10-16,542.8960720465358
2003-10-17,542.8960720465358
2003-10-20,542.8960720465358
2003-10-21,542.8960720465358
2003-10-22,542.8960720465358
2003-10-23,542.8960720465358
2003-10-24,542.8960720465358
2003-10-27,542.8960720465358
2003-10-28,542.8960720465358
2003-10-29,542.8960720465358
2003-10-30,542.8960720465358
2003-10-31,542.8960720465358
2003-11-03,542.8960720465358
2003-11-04,542.8960720465358
2003-11-05,542.8960720465358
2003-11-06,542.8960720465358
2003-11-07,542.8960720465358
2003-11-10,542.8960720465358
2003-11-11,542.8960720465358
2003-11-12,542.8960720465358
2003-11-13,542.8960720465358
2003-11-14,542.8544614760442
2003-11-17,542.8544614760442
2003-11-18,542.6117356823278
2003-11-19,535.6835779070027
2003-11-20,543.0336692765522
2003-11-21,543.4355653198502
2003-11-24,535.4931575604332
2003-11-25,539.0678065717107
2003-11-26,533.3761089194314
2003-11-27,533.3761089194314
2003-11-28,523.5785722345839
2003-12-01,517.1107474390448
2003-12-02,517.1107474390448
2003-12-03,517.1107474390448
2003-12-04,517.1107474390448
2003-12-05,517.1107474390448
2003-12-08,517.1107474390448
2003-12-09,517.1107474390448
2003-12-10,517.1107474390448
2003-12-11,517.1107474390448
2003-12-12,517.1107474390448
2003-12-15,517.1107474390448
2003-12-16,517.1107474390448
2003-12-17,517.1107474390448
2003-12-18,516.8767108554508
2003-12-19,517.8405807161624
2003-12-22,515.5236785384768
2003-12-23,505.8099454865415
2003-12-24,514.1398322369814
2003-12-25,514.1398322369814
2003-12-26,518.7458809787588
2003-12-29,510.81819937871853
2003-12-30,507.7641083818249
2003-12-31,509.6633712205182
2004-01-01,509.6633712205182
2004-01-02,498.32744291188664
2004-01-05,497.7231274073869
2004-01-06,497.7231274073869
2004-01-07,497.7231274073869
2004-01-08,497.7231274073869
2004-01-09,497.7231274073869
2004-01-12,497.4890370881611
2004-01-13,503.0904968108626
2004-01-14,505.82325062453685
2004-01-15,505.44461109289654
2004-01-16,501.4713808325993
2004-01-19,501.4713808325993
2004-01-20,498.08810431541593
2004-01-21,500.05058090770086
2004-01-22,506.8011499429125
2004-01-23,497.69913269376883
2004-01-26,492.0023128352813
2004-01-27,497.6448348794926
2004-01-28,484.2912081001539
2004-01-29,485.4303846044578
2004-01-30,485.4303846044578
2004-02-02,485.4303846044578
2004-02-03,485.4303846044578
2004-02-04,485.1990159432113
2004-02-05,479.8042125149847
2004-02-06,488.9542477437369
2004-02-09,491.34687437519585
2004-02-10,488.02054820683543
2004-02-11,496.56522179796605
2004-02-12,494.23488890031774
2004-02-13,498.4169624513364
2004-02-16,498.4169624513364
2004-02-17,498.1364545001873
2004-02-18,497.7626192161247
2004-02-19,498.13622085313483
2004-02-20,494.1174931192778
2004-02-23,499.03752860917183
2004-02-24,501.00312049992067
2004-02-25,502.0360946132799
2004-02-26,499.6843911186968
2004-02-27,504.9316295409854
2004-03-01,504.0809444369434
2004-03-02,498.6558002622319
2004-03-03,496.9720808239944
2004-03-04,504.02071312667516
2004-03-05,523.46262983044
2004-03-08,528.9179278414564
2004-03-09,533.2920598168753
2004-03-10,530.3235032864837
2004-03-11,529.5355989073757
2004-03-12,527.7650300354487
2004-03-15,525.2147346009298
2004-03-16,540.2589641522648
2004-03-17,540.2589641522648
2004-03-18,527.4537848692195
2004-03-19,521.1792470205272
2004-03-22,534.1851875050195
2004-03-23,534.9779189894008
2004-03-24,536.3669331871902
2004-03-25,532.7873691880121
2004-03-26,512.419525742273
2004-03-29,504.7642816704946
2004-03-30,502.8360044251409
2004-03-31,509.71210260061525
2004-04-01,503.2339115104837
2004-04-02,479.8585974394525
2004-04-05,473.4726063384869
2004-04-06,473.4726063384869
2004-04-07,473.4726063384869
2004-04-08,473.4726063384869
2004-04-09,473.4726063384869
2004-04-12,473.4726063384869
2004-04-13,473.4726063384869
2004-04-14,473.2597357936144
2004-04-15,474.24502596450964
2004-04-16,468.9512046313993
2004-04-19,471.351467525938
2004-04-20,475.10096153157696
2004-04-21,476.4488544101667
2004-04-22,471.6751373345825
2004-04-23,479.8929674337671
2004-04-26,478.26201846285966
2004-04-27,475.0092946090061
2004-04-28,480.7593875550961
2004-04-29,485.65954488759235
2004-04-30,481.72464482037884
2004-05-03,481.72464482037884
2004-05-04,483.9970067142085
2004-05-05,486.91699174777943
2004-05-06,489.57645936663664
2004-05-07,505.51344803389105
2004-05-10,504.5673332713381
2004-05-11,502.7478064451747
2004-05-12,505.9499041669148
2004-05-13,514.471074694262
2004-05-14,500.3025000785638
2004-05-17,482.48101960748147
2004-05-18,489.56000186207876
2004-05-19,495.1792456298267
2004-05-20,488.7624693878801
2004-05-21,492.5342289573962
2004-05-24,490.4048090720805
2004-05-25,488.74429554656535
2004-05-26,482.76486129492054
2004-05-27,475.6624145478886
2004-05-28,481.6695719059649
2004-05-31,481.6695719059649
2004-06-01,481.6695719059649
2004-06-02,481.6695719059649
2004-06-03,481.4693551656761
2004-06-04,487.28404871733295
2004-06-07,485.17349666725505
2004-06-08,485.17349666725505
2004-06-09,488.83083102142547
2004-06-10,486.3467009530538
2004-06-11,486.3467009530538
2004-06-14,493.1263346828234
2004-06-15,475.7032486015154
2004-06-16,479.2881010382389
2004-06-17,479.2881010382389
2004-06-18,479.2881010382389
2004-06-21,479.2881010382389
2004-06-22,479.2881010382389
2004-06-23,479.2881010382389
2004-06-24,479.2881010382389
2004-06-25,479.2881010382389
2004-06-28,479.2881010382389
2004-06-29,479.2881010382389
2004-06-30,479.2881010382389
2004-07-01,479.2881010382389
2004-07-02,479.2881010382389
2004-07-05,479.0970642985681
2004-07-06,477.7398055541184
2004-07-07,478.1008929325898
2004-07-08,478.8235190487555
2004-07-09,479.9992543218233
2004-07-12,481.4492524576278
2004-07-13,478.36030330394664
2004-07-14,477.9988281143817
2004-07-15,477.7278911637031
2004-07-16,488.7408290890112
2004-07-19,488.648838334466
2004-07-20,479.81910575944903
2004-07-21,477.0106069659267
2004-07-22,478.9039230200336
2004-07-23,481.5270814212182
2004-07-26,478.6194460141121
2004-07-27,469.1264707279431
2004-07-28,470.8998944925715
2004-07-29,470.8998944925715
2004-07-30,470.8998944925715
2004-08-02,470.8998944925715
2004-08-03,470.7167318201904
2004-08-04,470.0033359054152
2004-08-05,472.4080374787661
2004-08-06,489.49083984727304
2004-08-09,486.63549359176284
2004-08-10,482.5107127774457
2004-08-11,483.9669895593893
2004-08-12,486.156865770237
2004-08-13,490.0193728328481
2004-08-16,487.0692759686839
2004-08-17,491.93094341029956
2004-08-18,489.5241947107749
2004-08-19,492.6560419951759
2004-08-20,488.7667367195825
2004-08-23,480.8551836949132
2004-08-24,481.58125267453175
2004-08-25,483.94355250766176
2004-08-26,487.22823499051736
2004-08-27,487.22823499051736
2004-08-30,490.53090505965775
2004-08-31,500.49611408253946
2004-09-01,503.686249688603
2004-09-02,493.1217403190525
2004-09-03,475.88413974103
2004-09-06,475.70533456310875
2004-09-07,479.21353894560264
2004-09-08,487.2682272215649
2004-09-09,485.3412533509942
2004-09-10,487.26190433855203
2004-09-13,489.4662186052451
2004-09-14,493.15038247152796
2004-09-15,486.1067216796785
2004-09-16,502.9572899279693
2004-09-17,494.1013547321523
2004-09-20,506.7260085202105
2004-09-21,508.81162917449876
2004-09-22,515.6607600027119
2004-09-23,506.81063657767294
2004-09-24,506.24175160588135
2004-09-27,511.9252680271864
2004-09-28,510.39545485711847
2004-09-29,495.7078142246191
2004-09-30,492.17079907766043
2004-10-01,481.06759659495424
2004-10-04,483.4358149930965
2004-10-05,484.16510976183787
2004-10-06,479.6013198418235
2004-10-07,477.6995030110925
2004-10-08,486.9968543876772
2004-10-11,486.9968543876772
2004-10-12,489.9318386596155
2004-10-13,492.9736747027041
2004-10-14,497.98721122820734
2004-10-15,490.6992420913636
2004-10-18,490.8838356045171
2004-10-19,491.9917427962757
2004-10-20,500.31662667934836
2004-10-21,499.1910330043246
2004-10-22,502.74872976278766
2004-10-25,506.51590932380515
2004-10-26,504.4443904744032
2004-10-27,478.3777261351946
2004-10-28,481.7329049700523
2004-10-29,490.2771070117999
2004-11-01,480.13171923503455
2004-11-02,482.488504344427
2004-11-03,484.30878092050335
2004-11-04,483.395798450315
2004-11-05,463.52387906560114
2004-11-08,460.01167376251317
2004-11-09,460.0991755865386
2004-11-10,457.0461876925811
2004-11-11,457.0461876925811
2004-11-12,456.8950341068867
2004-11-15,456.8950341068867
2004-11-16,456.8950341068867
2004-11-17,456.8950341068867
2004-11-18,456.737148093824
2004-11-19,450.2998748189891
2004-11-22,451.5036557951556
2004-11-23,450.55575888675776
2004-11-24,449.6955155134971
2004-11-25,449.6955155134971
2004-11-26,447.46237748172354
2004-11-29,440.03652174775453
2004-11-30,440.03652174775453
2004-12-01,440.03652174775453
2004-12-02,439.88375255112066
2004-12-03,429.25479117277047
2004-12-06,427.36781790768435
2004-12-07,427.36781790768435
2004-12-08,427.36781790768435
2004-12-09,427.21808839940223
2004-12-10,428.5361336204008
2004-12-13,428.9490524747917
2004-12-14,430.68466655322453
2004-12-15,433.83560676088433
2004-12-16,426.3525612082699
2004-12-17,422.7574910638981
2004-12-20,422.67581020591933
2004-12-21,424.63584449419153
2004-12-22,422.7504344280406
2004-12-23,422.26035589576423
2004-12-24,422.26035589576423
2004-12-27,417.44576823985017
2004-12-28,417.14792534076406
2004-12-29,417.14792534076406
2004-12-30,417.14792534076406
2004-12-31,417.14792534076406
2005-01-03,417.14792534076406
2005-01-04,417.01255140197367
2005-01-05,416.87787269518503
2005-01-06,416.87787269518503
2005-01-07,416.87787269518503
2005-01-10,416.87787269518503
2005-01-11,416.87787269518503
2005-01-12,416.87787269518503
2005-01-13,416.87787269518503
2005-01-14,416.74869882532084
2005-01-17,416.74869882532084
2005-01-18,417.5561186672353
2005-01-19,417.6369868107771
2005-01-20,419.3354831737499
2005-01-21,421.68872208188094
2005-01-24,422.1313158069538
2005-01-25,413.48351588890114
2005-01-26,412.0393435004636
2005-01-27,409.67457538888266
2005-01-28,414.61204783796245
2005-01-31,414.77286410291174
2005-02-01,414.8532973629279
2005-02-02,414.611959879789
2005-02-03,412.1560651954648
2005-02-04,425.1200155957251
2005-02-07,427.4174156639564
2005-02-08,428.73595920311624
2005-02-09,440.3020583106844
2005-02-10,428.35143323026455
2005-02-11,420.5457803504234
2005-02-14,423.3111798085351
2005-02-15,419.8103168469876
2005-02-16,410.5511955781506
2005-02-17,408.19346976029306
2005-02-18,402.87331937373995
2005-02-21,402.7512835201061
2005-02-22,402.7512835201061
2005-02-23,402.6349332085822
2005-02-24,403.73444712497593
2005-02-25,403.18348757343296
2005-02-28,408.84430180863404
2005-03-01,409.55986410805247
2005-03-02,409.55986410805247
2005-03-03,410.35605139572124
2005-03-04,405.97017907903927
2005-03-07,405.3377163551905
2005-03-08,410.0752574460203
2005-03-09,418.6030781564459
2005-03-10,415.44284064893003
2005-03-11,420.59726905541936
2005-03-14,419.33893363602255
2005-03-15,421.61104147068016
2005-03-16,417.04694485781175
2005-03-17,410.5838580470891
2005-03-18,414.572794438082
2005-03-21,415.2160104311296
2005-03-22,427.7744006853884
2005-03-23,428.9289071868877
2005-03-24,427.1107140684328
2005-03-25,427.1107140684328
2005-03-28,431.72293281653157
2005-03-29,425.5748864058404
2005-03-30,420.64762184578564
2005-03-31,409.90926464521635
2005-04-01,404.5354928380209
2005-04-04,404.1062241385286
2005-04-05,404.1062241385286
2005-04-06,404.1062241385286
2005-04-07,404.1062241385286
2005-04-08,404.1062241385286
2005-04-11,404.1062241385286
2005-04-12,404.1062241385286
2005-04-13,404.1062241385286
2005-04-14,403.9946146289626
2005-04-15,409.66455404353843
2005-04-18,411.33689086149377
2005-04-19,414.5850328742131
2005-04-20,413.45937811480076
2005-04-21,400.7833497175916
2005-04-22,406.4171624019145
2005-04-25,405.94239631216266
2005-04-26,404.8356473202298
2005-04-27,409.56848151385685
2005-04-28,418.9636503917686
2005-04-29,413.77401388785097
2005-05-02,415.54011206059045
2005-05-03,412.96241150028743
2005-05-04,417.1302310937272
2005-05-05,422.3015334046645
2005-05-06,405.3267335690129
2005-05-09,403.16513586339875
2005-05-10,407.80368945963954
2005-05-11,409.0731986832885
2005-05-12,410.66405242917386
2005-05-13,413.8557027568562
2005-05-16,413.82719576692244
2005-05-17,415.8297472517063
2005-05-18,423.24479986844955
2005-05-19,416.70423987009394
2005-05-20,415.08953912049986
2005-05-23,424.9084334599844
2005-05-24,434.9145004728153
2005-05-25,428.7834566999019
2005-05-26,423.3303773026841
2005-05-27,425.7834884462904
2005-05-30,425.7834884462904
2005-05-31,439.58530501800556
2005-06-01,460.5785457913623
2005-06-02,463.99457130477833
2005-06-03,442.31602997025095
2005-06-06,448.16287466836764
2005-06-07,460.75349069590675
2005-06-08,453.39360113052294
2005-06-09,447.9461328693944
2005-06-10,428.68240163570476
2005-06-13,420.1448521754372
2005-06-14,413.8579883625197
2005-06-15,413.53682711979314
2005-06-16,416.90691254776675
2005-06-17,415.61464526639736
2005-06-20,413.6005255583255
2005-06-21,417.93402999272394
2005-06-22,426.5123123644784
2005-06-23,425.11376403476027
2005-06-24,428.44892780661235
2005-06-27,430.76089186576627
2005-06-28,420.14567402845097
2005-06-29,416.5696725195054
2005-06-30,420.7668011087263
2005-07-01,405.79475557685043
2005-07-04,405.6859145786559
2005-07-05,399.6808943430344
2005-07-06,402.07208684325025
2005-07-07,402.07208684325025
2005-07-08,402.07208684325025
2005-07-11,402.07208684325025
2005-07-12,402.07208684325025
2005-07-13,402.07208684325025
2005-07-14,402.07208684325025
2005-07-15,402.07208684325025
2005-07-18,402.07208684325025
2005-07-19,401.96597285190074
2005-07-20,400.63262573651286
2005-07-21,408.50394980309625
2005-07-22,408.39482956570737
2005-07-25,409.82469002386097
2005-07-26,409.506049592596
2005-07-27,411.018645677324
2005-07-28,406.14799921071204
2005-07-29,412.79119170035267
2005-08-01,415.75576577737036
2005-08-02,416.8033946766056
2005-08-03,414.30012823364075
2005-08-04,415.98767552940734
2005-08-05,421.7119138048116
2005-08-08,423.42378102198364
2005-08-09,420.77567224703387
2005-08-10,420.77567224703387
2005-08-11,411.66209798271075
2005-08-12,400.5206553320256
2005-08-15,402.71043319910325
2005-08-16,398.66176828629517
2005-08-17,398.66176828629517
2005-08-18,398.66176828629517
2005-08-19,398.66176828629517
2005-08-22,398.66176828629517
2005-08-23,398.66176828629517
2005-08-24,398.66176828629517
2005-08-25,398.5570628134654
2005-08-26,395.75267933513965
2005-08-29,397.2244451019159
2005-08-30,404.2166638611616
2005-08-31,409.2588304997732
2005-09-01,411.1389281949464
2005-09-02,409.7013499593981
2005-09-05,409.7013499593981
2005-09-06,402.6929563974563
2005-09-07,395.78092824699127
2005-09-08,395.6751270631442
2005-09-09,396.2947209719731
2005-09-12,392.7276026649871
2005-09-13,395.65317280581036
2005-09-14,393.25235275003223
2005-09-15,390.0153841851101
2005-09-16,386.6179761824439
2005-09-19,386.6179761824439
2005-09-20,386.6179761824439
2005-09-21,386.6179761824439
2005-09-22,386.6179761824439
2005-09-23,386.6179761824439
2005-09-26,386.6179761824439
2005-09-27,386.6179761824439
2005-09-28,386.5123909115309
2005-09-29,388.3368123774491
2005-09-30,391.6178253356102
2005-10-03,395.15132845520986
2005-10-04,394.5022519406595
2005-10-05,393.42052826453926
2005-10-06,393.42052826453926
2005-10-07,392.18697694387794
2005-10-10,392.18697694387794
2005-10-11,394.1864865377124
2005-10-12,402.0625836669072
2005-10-13,406.61252583138855
2005-10-14,408.35400638893395
2005-10-17,408.88054433116065
2005-10-18,406.0180912692979
2005-10-19,401.9857596044956
2005-10-20,401.51514795486645
2005-10-21,388.585460546655
2005-10-24,399.93287466354985
2005-10-25,408.681699970162
2005-10-26,418.85533396956527
2005-10-27,413.7178972491166
2005-10-28,415.4035340994652
2005-10-31,414.43715247302873
2005-11-01,417.0897190404678
2005-11-02,424.3612932144744
2005-11-03,436.1594223118001
2005-11-04,437.6673706870521
2005-11-07,433.26897545770936
2005-11-08,413.2713888780453
2005-11-09,430.48443862169455
2005-11-10,416.0618929466672
2005-11-11,415.9513887951382
2005-11-14,422.56201596407584
2005-11-15,415.76234959923994
2005-11-16,405.6082783415049
2005-11-17,401.5514750925436
2005-11-18,404.5294369759056
2005-11-21,401.6126261683886
2005-11-22,399.0261860647078
2005-11-23,402.1956302524665
2005-11-24,402.1956302524665
2005-11-25,402.1956302524665
2005-11-28,402.1956302524665
2005-11-29,402.1956302524665
2005-11-30,402.1956302524665
2005-12-01,402.08965638807985
2005-12-02,402.08965638807985
2005-12-05,405.070813722884
2005-12-06,399.59716025636334
2005-12-07,401.9891380166696
2005-12-08,397.4398614533936
2005-12-09,403.03605989474426
2005-12-12,403.9792525070469
2005-12-13,402.5618108593709
2005-12-14,396.90799048720294
2005-12-15,397.52912547531196
2005-12-16,395.7120642748456
2005-12-19,395.7120642748456
2005-12-20,395.7120642748456
2005-12-21,395.7120642748456
2005-12-22,395.7120642748456
2005-12-23,395.7120642748456
2005-12-26,395.7120642748456
2005-12-27,395.7120642748456
2005-12-28,395.606871895401
2005-12-29,395.606871895401
2005-12-30,393.90322327326055
2006-01-02,393.90322327326055
2006-01-03,396.3727393896268
2006-01-04,397.6136712381009
2006-01-05,397.6136712381009
2006-01-06,395.747619970958
2006-01-09,395.747619970958
2006-01-10,392.1844339524167
2006-01-11,389.7744320458834
2006-01-12,389.7744320458834
2006-01-13,389.7744320458834
2006-01-16,389.7744320458834
2006-01-17,389.7744320458834
2006-01-18,389.67389075284655
2006-01-19,387.0724982082221
2006-01-20,387.8335489866724
2006-01-23,388.29089293884743
2006-01-24,386.4598020903268
2006-01-25,380.43067517048314
2006-01-26,380.331571690703
2006-01-27,379.28084637762964
2006-01-30,380.92837428705275
2006-01-31,381.28134109186
2006-02-01,386.0941545027786
2006-02-02,386.0941545027786
2006-02-03,383.6636837302647
2006-02-06,384.570553137259
2006-02-07,386.38769271152375
2006-02-08,390.03560040686017
2006-02-09,388.4064626564398
2006-02-10,395.27467853754604
2006-02-13,394.3460385152881
2006-02-14,399.443982037477
2006-02-15,398.91832967296114
2006-02-16,396.57965000261913
2006-02-17,386.8032381431926
2006-02-20,386.8032381431926
2006-02-21,391.8233965365442
2006-02-22,385.82929889125506
2006-02-23,394.8442484393412
2006-02-24,395.15352609461576
2006-02-27,397.938764678898
2006-02-28,390.3731901752253
2006-03-01,395.7970566833205
2006-03-02,402.61426621271613
2006-03-03,408.26867670760913
2006-03-06,414.5255406463598
2006-03-07,413.46384150639955
2006-03-08,412.1801819026336
2006-03-09,409.6192809931204
2006-03-10,414.0784497018102
2006-03-13,418.5766361367011
2006-03-14,395.79297027859815
2006-03-15,403.3566580387388
2006-03-16,384.9526802291973
2006-03-17,388.86489472258694
2006-03-20,387.4899622061797
2006-03-21,391.9078399886732
2006-03-22,391.60039758868027
2006-03-23,394.21202470087013
2006-03-24,389.3314144414222
2006-03-27,392.6035706405304
2006-03-28,397.83748357858605
2006-03-29,399.4545663016826
2006-03-30,405.38558927651513
2006-03-31,403.7127091614004
2006-04-03,408.9072464746273
2006-04-04,407.95304538748735
2006-04-05,399.8575437266243
2006-04-06,408.29263977701106
2006-04-07,420.6822728715757
2006-04-10,420.19413324075856
2006-04-11,413.8542672418868
2006-04-12,423.4890347526722
2006-04-13,423.4890347526722
2006-04-14,423.4890347526722
2006-04-17,427.4152025133173
2006-04-18,417.43082667505956
2006-04-19,427.0389553461311
2006-04-20,429.0153514286791
2006-04-21,426.5355919688572
2006-04-24,421.1056936766784
2006-04-25,437.2274010748007
2006-04-26,444.7821614024151
2006-04-27,435.4935443277724
2006-04-28,428.1305080932655
2006-05-01,446.5218176727998
2006-05-02,442.935268244322
2006-05-03,450.57029545400786
2006-05-04,452.1187744099723
2006-05-05,442.18645285630726
2006-05-08,445.5751181866592
2006-05-09,446.25708708439254
2006-05-10,448.30555116095894
2006-05-11,454.4739886115197
2006-05-12,466.94965335527894
2006-05-15,456.31934735486743
2006-05-16,441.7159644868021
2006-05-17,452.29811479152914
2006-05-18,435.7291713477832
2006-05-19,433.62724201846856
2006-05-22,430.6255887821147
2006-05-23,434.60528069798056
2006-05-24,430.2616127923095
2006-05-25,435.8956424282278
2006-05-26,432.88122943956904
2006-05-29,432.88122943956904
2006-05-30,437.5439401971652
2006-05-31,443.92727448700657
2006-06-01,442.4745139072076
2006-06-02,414.50317178386723
2006-06-05,421.0768215446797
2006-06-06,420.09980250428345
2006-06-07,421.7251143871094
2006-06-08,419.6056061099117
2006-06-09,419.1184758541837
2006-06-12,419.4429249015927
2006-06-13,417.4950139332116
2006-06-14,423.9637016073767
2006-06-15,427.2384747424229
2006-06-16,429.2156190227069
2006-06-19,430.44533288902767
2006-06-20,432.4345028873615
2006-06-21,432.3411332667962
2006-06-22,441.823459703111
2006-06-23,448.4269331182427
2006-06-26,448.8446718500836
2006-06-27,440.61200177233235
2006-06-28,450.0727118033482
2006-06-29,435.6333031185103
2006-06-30,416.1217314914015
2006-07-03,418.45011822528255
2006-07-04,418.45011822528255
2006-07-05,429.4671832375697
2006-07-06,424.0797379881908
2006-07-07,412.77926863782045
2006-07-10,412.20818730365465
2006-07-11,408.04649578181244
2006-07-12,407.95699531218145
2006-07-13,405.89342001872575
2006-07-14,404.9448698561907
2006-07-17,405.57605094351095
2006-07-18,410.15783390518646
2006-07-19,404.5779825968485
2006-07-20,402.3704539229873
2006-07-21,402.91042903793135
2006-07-24,402.91042903793135
2006-07-25,402.91042903793135
2006-07-26,402.91042903793135
2006-07-27,402.91042903793135
2006-07-28,402.91042903793135
2006-07-31,402.91042903793135
2006-08-01,402.8243064688641
2006-08-02,404.0813672350362
2006-08-03,404.23889266229713
2006-08-04,408.0206843572643
2006-08-07,406.1875032834993
2006-08-08,407.1366048521559
2006-08-09,406.18572371805817
2006-08-10,405.8693576407344
2006-08-11,399.8621590187507
2006-08-14,394.77906861808344
2006-08-15,399.3342423590701
2006-08-16,399.25139736871495
2006-08-17,399.16740834454504
2006-08-18,401.19527594094484
2006-08-21,401.89504313280935
2006-08-22,402.52241193672535
2006-08-23,401.2661059068836
2006-08-24,401.89268853926717
2006-08-25,403.77478612128937
2006-08-28,401.8856306733345
2006-08-29,402.51298771167615
2006-08-30,405.65369388487414
2006-08-31,410.3941972650448
2006-09-01,411.26879016665237
2006-09-04,411.26879016665237
2006-09-05,401.6825003510276
2006-09-06,397.4495542543158
2006-09-07,398.7683503253873
2006-09-08,402.19738273387435
2006-09-11,398.1170289991616
2006-09-12,401.54158357353083
2006-09-13,402.79543753246463
2006-09-14,398.7102246025133
2006-09-15,397.463449041007
2006-09-18,395.2870464514525
2006-09-19,406.04075505930257
2006-09-20,406.1166388631289
2006-09-21,417.50426323754925
2006-09-22,424.8586796389567
2006-09-25,432.73155983354104
2006-09-26,426.6507772180776
2006-09-27,424.6758368035098
2006-09-28,416.8056992514572
2006-09-29,412.9296565070713
2006-10-02,418.6158979399339
2006-10-03,418.6158979399339
2006-10-04,430.28475564358246
2006-10-05,419.75862556323386
2006-10-06,393.03501864171125
2006-10-09,392.8721120541084
2006-10-10,389.32959374871945
2006-10-11,386.64870955239684
2006-10-12,386.64870955239684
2006-10-13,386.64870955239684
2006-10-16,386.56770894455815
2006-10-17,385.65539449028716
2006-10-18,385.2000925579524
2006-10-19,386.3324098611476
2006-10-20,386.3324098611476
2006-10-23,386.3324098611476
2006-10-24,386.25161674401687
2006-10-25,383.0605905091343
2006-10-26,379.28667964578165
2006-10-27,376.510267455018
2006-10-30,376.4303087210401
2006-10-31,380.81624378033376
2006-11-01,386.8264468275879
2006-11-02,382.484339724265
2006-11-03,358.05857002572407
2006-11-06,359.1872766270396
2006-11-07,362.3441891538505
2006-11-08,364.0779798631774
2006-11-09,364.22300423188466
2006-11-10,366.2539798753992
2006-11-13,365.08834492571066
2006-11-14,367.26844654254995
2006-11-15,363.7430591641907
2006-11-16,358.5259497485936
2006-11-17,366.18319725496684
2006-11-20,366.6202440023934
2006-11-21,367.7867946123993
2006-11-22,368.5177114789812
2006-11-23,368.4378247217457
2006-11-24,369.90169292400117
2006-11-27,371.6638242724661
2006-11-28,375.2013029545097
2006-11-29,372.82529643973714
2006-11-30,380.5087075068829
2006-12-01,386.4339748037652
2006-12-04,385.52191110100813
2006-12-05,384.6115575176937
2006-12-06,375.52509081423693
2006-12-07,375.52509081423693
2006-12-08,361.25933808980983
2006-12-11,367.2358047294021
2006-12-12,371.90816277669614
2006-12-13,360.7003439107496
2006-12-14,357.7424876495605
2006-12-15,357.7424876495605
2006-12-18,358.02857670434145
2006-12-19,357.74230884390124
2006-12-20,357.74230884390124
2006-12-21,360.88928721720305
2006-12-22,355.9923385405202
2006-12-25,355.91442831548346
2006-12-26,355.91442831548346
2006-12-27,355.91442831548346
2006-12-28,355.91442831548346
2006-12-29,355.83610094809785
2007-01-01,355.83610094809785
2007-01-02,354.6965106957276
2007-01-03,353.27558409980344
2007-01-04,350.44261169917974
2007-01-05,352.055350285461
2007-01-08,352.055350285461
2007-01-09,352.055350285461
2007-01-10,352.055350285461
2007-01-11,352.055350285461
2007-01-12,351.97912482735313
2007-01-15,351.97912482735313
2007-01-16,350.84917701528474
2007-01-17,353.1034229003612
2007-01-18,351.32762904529073
2007-01-19,353.5842671905171
2007-01-22,351.88332618855264
2007-01-23,356.4021594504382
2007-01-24,356.9726621497512
2007-01-25,363.82725208199747
2007-01-26,364.9868202122025
2007-01-29,366.07169576021386
2007-01-30,363.4500424715627
2007-01-31,355.6293230048551
2007-02-01,357.2621084343538
2007-02-02,356.6905307988109
2007-02-05,354.4070781448168
2007-02-06,349.29499851568767
2007-02-07,345.8506627467749
2007-02-08,345.4979619688329
2007-02-09,345.4979619688329
2007-02-12,345.4979619688329
2007-02-13,345.42609835427373
2007-02-14,340.6934460592596
2007-02-15,338.90980542290697
2007-02-16,338.90980542290697
2007-02-19,338.8382009842121
2007-02-20,339.66102261105755
2007-02-21,338.83665819366183
2007-02-22,336.6424749026935
2007-02-23,339.64439191764956
2007-02-26,342.3921693671349
2007-02-27,349.8575372252053
2007-02-28,347.5334462463054
2007-03-01,347.5334462463054
2007-03-02,352.5681975165763
2007-03-05,352.00248726968056
2007-03-06,350.30747794241927
2007-03-07,354.2476683744154
2007-03-08,353.6798587889474
2007-03-09,342.9049621427099
2007-03-12,347.8876429668154
2007-03-13,356.28553627244315
2007-03-14,353.4337516707404
2007-03-15,351.7333751019751
2007-03-16,350.3217083047814
2007-03-19,347.2257465601861
2007-03-20,349.94704751234383
2007-03-21,352.19678274990554
2007-03-22,347.88189969429135
2007-03-23,345.0077417268173
2007-03-26,346.3983909197136
2007-03-27,345.2823949424143
2007-03-28,345.00409344557534
2007-03-29,343.8915832119614
2007-03-30,342.7818542539315
2007-04-02,342.986109398518
2007-04-03,342.986109398518
2007-04-04,342.986109398518
2007-04-05,342.986109398518
2007-04-06,342.986109398518
2007-04-09,342.91286742527234
2007-04-10,341.5287647145683
2007-04-11,342.35663114840816
2007-04-12,342.35663114840816
2007-04-13,344.01546851521465
2007-04-16,342.6279201761045
2007-04-17,339.58485322489383
2007-04-18,337.6616694920349
2007-04-19,337.8626339007313
2007-04-20,337.8626339007313
2007-04-23,337.8626339007313
2007-04-24,337.7910544167755
2007-04-25,336.4229573717231
2007-04-26,333.96807823650715
2007-04-27,333.42561813871157
2007-04-30,337.68856113534594
2007-05-01,337.61649200813827
2007-05-02,337.3429817006332
2007-05-03,335.4296061556929
2007-05-04,337.6067541864713
2007-05-07,337.8802584078379
2007-05-08,338.1539335693429
2007-05-09,335.4154714845345
2007-05-10,337.0482795026015
2007-05-11,335.40934845446674
2007-05-14,334.2484906324608
2007-05-15,334.2484906324608
2007-05-16,334.1766528428797
2007-05-17,336.84667702784014
2007-05-18,339.5769687592642
2007-05-21,338.67960998105565
2007-05-22,343.6147555933426
2007-05-23,346.3133020255561
2007-05-24,347.15013946685406
2007-05-25,347.9140484248363
2007-05-28,347.9140484248363
2007-05-29,353.5129740301468
2007-05-30,353.5129740301468
2007-05-31,358.0481037704482
2007-06-01,374.0797874024138
2007-06-04,369.2621656198594
2007-06-05,383.92660829548
2007-06-06,377.8775256917865
2007-06-07,415.21170738645736
2007-06-08,421.565906277302
2007-06-11,425.4776505743818
2007-06-12,454.37892135597275
2007-06-13,446.0632375356331
2007-06-14,450.15871181715045
2007-06-15,435.02934724217886
2007-06-18,427.00390703354617
2007-06-19,408.55877028737206
2007-06-20,419.916119900259
2007-06-21,426.74001897394993
2007-06-22,419.8265562249168
2007-06-25,406.1811091240128
2007-06-26,409.8917396168206
2007-06-27,405.43018689517345
2007-06-28,411.11627649774414
2007-06-29,400.89395096778924
2007-07-02,396.42499811557286
2007-07-03,399.8379199776174
2007-07-04,399.8379199776174
2007-07-05,406.3982926773237
2007-07-06,409.47529400157833
2007-07-09,405.0173851790645
2007-07-10,389.23559189221874
2007-07-11,392.8185593653716
2007-07-12,395.89867536140514
2007-07-13,395.58873868930425
2007-07-16,390.94259426409207
2007-07-17,393.7041463568276
2007-07-18,388.76710489325933
2007-07-19,389.6835432149342
2007-07-20,384.7867077827849
2007-07-23,385.30729680169145
2007-07-24,385.30729680169145
2007-07-25,385.30729680169145
2007-07-26,385.30729680169145
2007-07-27,385.2199366285005
2007-07-30,383.4003618661436
2007-07-31,385.51523844930796
2007-08-01,385.8186854733388
2007-08-02,385.8186854733388
2007-08-03,389.76596229280966
2007-08-06,387.84036645020876
2007-08-07,385.4011646179577
2007-08-08,372.0526325909639
2007-08-09,381.4063177113284
2007-08-10,382.60983350560673
2007-08-13,382.9114646515478
2007-08-14,386.23148097102717
2007-08-15,389.2704277270961
2007-08-16,395.8798871402095
2007-08-17,392.9976245771626
2007-08-20,396.69510676149133
2007-08-21,402.90379559601
2007-08-22,397.8747576400499
2007-08-23,397.2524141929998
2007-08-24,394.1445866042936
2007-08-27,397.85067100382577
2007-08-28,410.91925111767625
2007-08-29,407.0873567342937
2007-08-30,415.9613854771439
2007-08-31,408.22196469498675
2007-09-03,408.22196469498675
2007-09-04,408.22196469498675
2007-09-05,421.56279126823017
2007-09-06,416.99911684463314
2007-09-07,438.97157931053005
2007-09-10,443.6875806294972
2007-09-11,436.21187639584156
2007-09-12,430.1794927863884
2007-09-13,419.57590293066056
2007-09-14,423.47272220264057
2007-09-17,422.164040397134
2007-09-18,424.12215554862314
2007-09-19,418.2257812987012
2007-09-20,398.7923144999999
2007-09-21,403.6784128776265
2007-09-24,403.99321188567507
2007-09-25,405.25319491538926
2007-09-26,405.25319491538926
2007-09-27,408.4110273836105
2007-09-28,407.45775670726624
2007-10-01,408.0920789031503
2007-10-02,410.79131807232335
2007-10-03,409.354717490245
2007-10-04,410.94645098240204
2007-10-05,402.164558856142
2007-10-08,402.164558856142
2007-10-09,401.2230003082867
2007-10-10,401.4323042692262
2007-10-11,401.4323042692262
2007-10-12,401.4323042692262
2007-10-15,401.4323042692262
2007-10-16,401.4323042692262
2007-10-17,401.4323042692262
2007-10-18,401.3264400765495
2007-10-19,408.0630141150781
2007-10-22,407.63739689606854
2007-10-23,407.32012352300853
2007-10-24,417.7836010706705
2007-10-25,414.2238388133096
2007-10-26,409.7243802236932
2007-10-29,410.04295796133306
2007-10-30,410.04295796133306
2007-10-31,396.97310716357396
2007-11-01,396.97310716357396
2007-11-02,423.3748034816388
2007-11-05,419.4494924555266
2007-11-06,413.6056856654019
2007-11-07,419.7047531826786
2007-11-08,429.1244018341146
2007-11-09,436.73056511048003
2007-11-12,436.6115348463113
2007-11-13,428.0592885096982
2007-11-14,424.0988438458754
2007-11-15,448.5527258562022
2007-11-16,451.1240667586531
2007-11-19,469.7245040117576
2007-11-20,474.5315545143568
2007-11-21,482.610904499715
2007-11-22,482.610904499715
2007-11-23,484.7956953915888
2007-11-26,524.8176507949506
2007-11-27,500.80122234251974
2007-11-28,479.96092994251353
2007-11-29,498.8552698367986
2007-11-30,497.3581316622067
2007-12-03,513.7854802829173
2007-12-04,514.9363280584479
2007-12-05,514.9363280584479
2007-12-06,501.33864155090464
2007-12-07,471.3146938348184
2007-12-10,467.0298336310573
2007-12-11,494.8861264080533
2007-12-12,487.0782459989476
2007-12-13,480.47361573145946
2007-12-14,475.39447159380916
2007-12-17,479.5301193583896
2007-12-18,485.50652371427293
2007-12-19,489.89782264213
2007-12-20,493.5846840336434
2007-12-21,480.7855142841679
2007-12-24,476.79261387346423
2007-12-25,476.79261387346423
2007-12-26,471.0246877347296
2007-12-27,478.0125588040884
2007-12-28,478.0125588040884
2007-12-31,477.8591063020154
2008-01-01,477.8591063020154
2008-01-02,489.4162884280557
2008-01-03,488.7051675417106
2008-01-04,503.7907374599669
2008-01-07,507.9417987800042
2008-01-08,507.9417987800042
2008-01-09,515.5410712647542
2008-01-10,499.38311814405444
2008-01-11,514.3676960976558
2008-01-14,515.9036153378999
2008-01-15,530.531326202175
2008-01-16,528.9549978866696
2008-01-17,541.9271947180821
2008-01-18,545.1368306916725
2008-01-21,545.1368306916725
2008-01-22,574.9744091111622
2008-01-23,585.0990252478296
2008-01-24,543.1367099514
2008-01-25,552.7837606006709
2008-01-28,551.5597910495446
2008-01-29,539.3430449673657
2008-01-30,525.7570052618091
2008-01-31,543.5635972005289
2008-02-01,547.7869833071572
2008-02-04,544.5596895592944
2008-02-05,560.6736817982767
2008-02-06,557.3703133892852
2008-02-07,536.8274910958701
2008-02-08,550.7580924635923
2008-02-11,557.2656733882283
2008-02-12,545.7635241039343
2008-02-13,548.185137319324
2008-02-14,528.7395831997443
2008-02-15,533.4580420310511
2008-02-18,533.4580420310511
2008-02-19,523.1643488480466
2008-02-20,519.0748328087313
2008-02-21,533.7778600879386
2008-02-22,533.9759156692161
2008-02-25,522.8813371450049
2008-02-26,526.9689959200189
2008-02-27,527.7527071649189
2008-02-28,541.4847976341515
2008-02-29,560.9298055624367
2008-03-03,559.8971027412455
2008-03-04,559.8971027412455
2008-03-05,549.1737748217001
2008-03-06,554.0425781328629
2008-03-07,563.4444401935228
2008-03-10,573.3961067964257
2008-03-11,555.07567394343
2008-03-12,581.4691668730999
2008-03-13,580.1914121852129
2008-03-14,597.621317122459
2008-03-17,607.8676302176951
2008-03-18,595.0375294199995
2008-03-19,604.8114946774683
2008-03-20,607.6747913745955
2008-03-21,607.6747913745955
2008-03-24,584.8965090272256
2008-03-25,589.1771122086459
2008-03-26,590.9000549891675
2008-03-27,586.7978359126693
2008-03-28,591.5195710345689
2008-03-31,594.9771688897416
2008-04-01,577.8199200327763
2008-04-02,573.7953642575816
2008-04-03,573.7953642575816
2008-04-04,585.7973441834197
2008-04-07,574.4388256703818
2008-04-08,574.2280635373597
2008-04-09,583.9200919507093
2008-04-10,575.1573657725908
2008-04-11,584.0188061983561
2008-04-14,580.1712004134903
2008-04-15,573.1569349092263
2008-04-16,562.2181347169513
2008-04-17,558.8731441022908
2008-04-18,558.8731441022908
2008-04-21,558.8731441022908
2008-04-22,558.8731441022908
2008-04-23,558.8731441022908
2008-04-24,558.8731441022908
2008-04-25,558.8731441022908
2008-04-28,558.8731441022908
2008-04-29,558.8731441022908
2008-04-30,558.8731441022908
2008-05-01,558.8731441022908
2008-05-02,558.8731441022908
2008-05-05,558.8731441022908
2008-05-06,558.8731441022908
2008-05-07,558.8731441022908
2008-05-08,558.8731441022908
2008-05-09,558.8731441022908
2008-05-12,558.8731441022908
2008-05-13,558.8731441022908
2008-05-14,558.8731441022908
2008-05-15,558.8731441022908
2008-05-16,558.7762496317839
2008-05-19,558.7762496317839
2008-05-20,558.7762496317839
2008-05-21,558.7762496317839
2008-05-22,558.7762496317839
2008-05-23,558.7762496317839
2008-05-26,558.7762496317839
2008-05-27,558.7762496317839
2008-05-28,558.7762496317839
2008-05-29,558.7762496317839
2008-05-30,558.7762496317839
2008-06-02,558.7762496317839
2008-06-03,558.7762496317839
2008-06-04,558.7762496317839
2008-06-05,558.7762496317839
2008-06-06,558.7762496317839
2008-06-09,558.7762496317839
2008-06-10,558.7762496317839
2008-06-11,558.7762496317839
2008-06-12,558.7762496317839
2008-06-13,558.7762496317839
2008-06-16,558.5208882320113
2008-06-17,553.3761937926988
2008-06-18,544.8006312491696
2008-06-19,551.6015108546411
2008-06-20,551.6015108546411
2008-06-23,551.6015108546411
2008-06-24,551.6015108546411
2008-06-25,551.6015108546411
2008-06-26,551.6015108546411
2008-06-27,551.6015108546411
2008-06-30,551.6015108546411
2008-07-01,551.6015108546411
2008-07-02,551.3464792156159
2008-07-03,553.1783911884099
2008-07-04,553.1783911884099
2008-07-07,559.5060568530477
2008-07-08,564.6584479222121
2008-07-09,568.1894459267988
2008-07-10,570.4863471471723
2008-07-11,553.7241884684929
2008-07-14,560.8742967798672
2008-07-15,566.8634700944347
2008-07-16,559.5696508902768
2008-07-17,546.5843733883745
2008-07-18,542.6917770065901
2008-07-21,542.6917770065901
2008-07-22,542.6917770065901
2008-07-23,542.6917770065901
2008-07-24,542.6917770065901
2008-07-25,542.6917770065901
2008-07-28,542.6917770065901
2008-07-29,542.6917770065901
2008-07-30,542.6917770065901
2008-07-31,542.6917770065901
2008-08-01,542.6917770065901
2008-08-04,542.4355550349617
2008-08-05,540.6287050364258
2008-08-06,537.8259544518914
2008-08-07,551.9777178162927
2008-08-08,548.3103431535761
2008-08-11,542.6376276509823
2008-08-12,553.4821376175926
2008-08-13,549.3978742574827
2008-08-14,554.6742319858247
2008-08-15,558.2988204247714
2008-08-18,562.2074696710434
2008-08-19,560.5519509968658
2008-08-20,565.7125131140289
2008-08-21,561.1357395863699
2008-08-22,557.2102461325758
2008-08-25,567.6845344303138
2008-08-26,567.2672315962948
2008-08-27,569.9780047246547
2008-08-28,568.5124278393196
2008-08-29,566.0055062349221
2008-09-01,566.0055062349221
2008-09-02,575.5793353870491
2008-09-03,580.5944192762051
2008-09-04,589.5272210292054
2008-09-05,580.9081307663404
2008-09-08,575.3757522038638
2008-09-09,588.8832672479411
2008-09-10,577.6889141551621
2008-09-11,582.3480254399789
2008-09-12,563.1569872244794
2008-09-15,617.4529655534836
2008-09-16,607.7501665453717
2008-09-17,619.9146225328702
2008-09-18,618.7897559351626
2008-09-19,577.9085885663502
2008-09-22,570.8422126342963
2008-09-23,570.8422126342963
2008-09-24,570.8422126342963
2008-09-25,570.8422126342963
2008-09-26,570.8422126342963
2008-09-29,570.8422126342963
2008-09-30,570.8422126342963
2008-10-01,570.8422126342963
2008-10-02,570.8422126342963
2008-10-03,570.8422126342963
2008-10-06,570.8422126342963
2008-10-07,570.8422126342963
2008-10-08,570.8422126342963
2008-10-09,570.8422126342963
2008-10-10,570.8422126342963
2008-10-13,570.8422126342963
2008-10-14,570.8422126342963
2008-10-15,570.8422126342963
2008-10-16,570.8422126342963
2008-10-17,570.8422126342963
2008-10-20,570.8422126342963
2008-10-21,570.8422126342963
2008-10-22,570.8422126342963
2008-10-23,570.8422126342963
2008-10-24,570.8422126342963
2008-10-27,570.8422126342963
2008-10-28,570.8422126342963
2008-10-29,570.8422126342963
2008-10-30,570.8422126342963
2008-10-31,570.8422126342963
2008-11-03,570.8422126342963
2008-11-04,570.8422126342963
2008-11-05,570.8422126342963
2008-11-06,570.8422126342963
2008-11-07,570.8422126342963
2008-11-10,570.8422126342963
2008-11-11,570.8422126342963
2008-11-12,570.8422126342963
2008-11-13,570.8422126342963
2008-11-14,570.7440756576266
2008-11-17,570.4289932895794
2008-11-18,584.0470822157739
2008-11-19,594.7353178753954
2008-11-20,615.1431678379851
2008-11-21,611.7909342387445
2008-11-24,596.220507552272
2008-11-25,621.0233631338218
2008-11-26,638.14766800825
2008-11-27,638.14766800825
2008-11-28,646.913171565848
2008-12-01,670.2542081772809
2008-12-02,674.1054792181673
2008-12-03,684.749429557417
2008-12-04,698.7277787714085
2008-12-05,677.761174578659
2008-12-08,673.386267971654
2008-12-09,682.3285466950762
2008-12-10,673.7718282155987
2008-12-11,691.9071054394019
2008-12-12,697.8464087301975
2008-12-15,703.8302567956739
2008-12-16,734.4762853360089
2008-12-17,749.8619418468918
2008-12-18,757.5638156948792
2008-12-19,740.1445506885769
2008-12-22,739.0943700002163
2008-12-23,742.7654078689673
2008-12-24,735.6545747400728
2008-12-25,735.6545747400728
2008-12-26,745.8391148697174
2008-12-29,752.9758824014307
2008-12-30,745.2457884671677
2008-12-31,719.0959968864648
2009-01-01,719.0959968864648
2009-01-02,695.291019476952
2009-01-05,693.3027919282597
2009-01-06,696.2776773979906
2009-01-07,698.2683715914856
2009-01-08,711.4896914959695
2009-01-09,715.2935494248569
2009-01-12,728.0325111346203
2009-01-13,726.2211900165132
2009-01-14,738.6145078667608
2009-01-15,739.400708967886
2009-01-16,731.2690145997597
2009-01-19,731.2690145997597
2009-01-20,726.8528979596983
2009-01-21,701.7889194902949
2009-01-22,692.0171170340069
2009-01-23,688.30453679791
2009-01-26,684.3630141139205
2009-01-27,701.0307281638413
2009-01-28,687.0126904209741
2009-01-29,671.0264951467981
2009-01-30,668.225125508407
2009-02-02,668.225125508407
2009-02-03,668.225125508407
2009-02-04,668.225125508407
2009-02-05,668.225125508407
2009-02-06,668.225125508407
2009-02-09,668.225125508407
2009-02-10,668.225125508407
2009-02-11,668.225125508407
2009-02-12,668.225125508407
2009-02-13,667.632115139771
2009-02-16,667.632115139771
2009-02-17,694.2593541336818
2009-02-18,682.0972577735098
2009-02-19,664.2556640805516
2009-02-20,675.7969715939962
2009-02-23,675.7969715939962
2009-02-24,675.7969715939962
2009-02-25,675.7969715939962
2009-02-26,675.7969715939962
2009-02-27,675.7969715939962
2009-03-02,675.7969715939962
2009-03-03,675.7969715939962
2009-03-04,675.7969715939962
2009-03-05,675.7969715939962
2009-03-06,675.7969715939962
2009-03-09,675.7969715939962
2009-03-10,675.7969715939962
2009-03-11,675.7969715939962
2009-03-12,675.7969715939962
2009-03-13,675.7969715939962
2009-03-16,675.3804676862724
2009-03-17,666.172824632498
2009-03-18,733.0090921523527
2009-03-19,733.0090921523527
2009-03-20,733.0090921523527
2009-03-23,733.0090921523527
2009-03-24,733.0090921523527
2009-03-25,733.0090921523527
2009-03-26,733.0090921523527
2009-03-27,733.0090921523527
2009-03-30,733.0090921523527
2009-03-31,733.0090921523527
2009-04-01,733.0090921523527
2009-04-02,733.0090921523527
2009-04-03,733.0090921523527
2009-04-06,733.0090921523527
2009-04-07,733.0090921523527
2009-04-08,733.0090921523527
2009-04-09,733.0090921523527
2009-04-10,733.0090921523527
2009-04-13,733.0090921523527
2009-04-14,733.0090921523527
2009-04-15,733.0090921523527
2009-04-16,733.0090921523527
2009-04-17,733.0090921523527
2009-04-20,733.0090921523527
2009-04-21,733.0090921523527
2009-04-22,733.0090921523527
2009-04-23,733.0090921523527
2009-04-24,733.0090921523527
2009-04-27,733.0090921523527
2009-04-28,733.0090921523527
2009-04-29,733.0090921523527
2009-04-30,733.0090921523527
2009-05-01,733.0090921523527
2009-05-04,733.0090921523527
2009-05-05,733.0090921523527
2009-05-06,733.0090921523527
2009-05-07,733.0090921523527
2009-05-08,733.0090921523527
2009-05-11,733.0090921523527
2009-05-12,733.0090921523527
2009-05-13,733.0090921523527
2009-05-14,733.0090921523527
2009-05-15,732.982829500183
2009-05-18,732.982829500183
2009-05-19,732.982829500183
2009-05-20,732.982829500183
2009-05-21,732.982829500183
2009-05-22,732.982829500183
2009-05-25,732.982829500183
2009-05-26,732.982829500183
2009-05-27,732.5006929375515
2009-05-28,733.0210058706376
2009-05-29,715.3193094958865
2009-06-01,741.0528252018505
2009-06-02,738.1617061152191
2009-06-03,728.4704613882619
2009-06-04,747.6288408078656
2009-06-05,774.9118941213687
2009-06-08,777.6459937904981
2009-06-09,769.9665913448312
2009-06-10,775.4038825407365
2009-06-11,763.9142065823894
2009-06-12,758.5147427912494
2009-06-15,750.4661670775814
2009-06-16,745.9480655649817
2009-06-17,741.4539664666677
2009-06-18,763.8050874509386
2009-06-19,757.5964883848849
2009-06-22,744.4645421564915
2009-06-23,738.6588484291656
2009-06-24,743.1882315652754
2009-06-25,743.1882315652754
2009-06-26,743.1882315652754
2009-06-29,743.1882315652754
2009-06-30,743.1882315652754
2009-07-01,743.1882315652754
2009-07-02,743.1882315652754
2009-07-03,743.1882315652754
2009-07-06,743.1882315652754
2009-07-07,743.1882315652754
2009-07-08,743.1882315652754
2009-07-09,743.1882315652754
2009-07-10,743.1882315652754
2009-07-13,742.739538137961
2009-07-14,733.522074439577
2009-07-15,715.1059164652416
2009-07-16,715.1059164652416
2009-07-17,715.1059164652416
2009-07-20,715.1059164652416
2009-07-21,715.1059164652416
2009-07-22,715.1059164652416
2009-07-23,715.1059164652416
2009-07-24,715.1059164652416
2009-07-27,715.1059164652416
2009-07-28,715.1059164652416
2009-07-29,715.1059164652416
2009-07-30,715.1059164652416
2009-07-31,715.1059164652416
2009-08-03,715.1059164652416
2009-08-04,715.1059164652416
2009-08-05,715.1059164652416
2009-08-06,715.1059164652416
2009-08-07,715.1059164652416
2009-08-10,715.1059164652416
2009-08-11,715.1059164652416
2009-08-12,715.1059164652416
2009-08-13,715.1059164652416
2009-08-14,715.0233608932192
2009-08-17,715.0233608932192
2009-08-18,715.0233608932192
2009-08-19,715.0233608932192
2009-08-20,715.0233608932192
2009-08-21,714.6090889926553
2009-08-24,720.8136758828592
2009-08-25,720.8136758828592
2009-08-26,720.8136758828592
2009-08-27,720.8136758828592
2009-08-28,720.8136758828592
2009-08-31,720.8136758828592
2009-09-01,720.4070578425057
2009-09-02,728.8675056265065
2009-09-03,723.9461048118491
2009-09-04,712.1018795551786
2009-09-07,712.1018795551786
2009-09-08,711.8480977178175
2009-09-09,710.5795850651333
2009-09-10,726.2845645257705
2009-09-11,727.575634157842
2009-09-14,720.3343473589608
2009-09-15,714.4381942373182
2009-09-16,709.6024674590341
2009-09-17,717.9514929047057
2009-09-18,708.7495386095276
2009-09-21,707.8515998297336
2009-09-22,707.8515998297336
2009-09-23,707.8515998297336
2009-09-24,707.8515998297336
2009-09-25,707.4603878827526
2009-09-28,710.7406957085263
2009-09-29,712.5141909803889
2009-09-30,713.0220123497515
2009-10-01,728.2661750813095
2009-10-02,727.4896755421707
2009-10-05,726.5756473627044
2009-10-06,724.5092082442978
2009-10-07,744.0913019400998
2009-10-08,725.0992476464477
2009-10-09,696.2207739788221
2009-10-12,695.8442806715034
2009-10-13,705.7923341798972
2009-10-14,693.7054491671987
2009-10-15,687.5046253455799
2009-10-16,692.7938809151566
2009-10-19,692.7938809151566
2009-10-20,692.7938809151566
2009-10-21,692.4249899785182
2009-10-22,691.6820915504134
2009-10-23,685.7444758637853
2009-10-26,677.2799129050389
2009-10-27,677.2799129050389
2009-10-28,677.2799129050389
2009-10-29,677.2799129050389
2009-10-30,677.2799129050389
2009-11-02,677.2799129050389
2009-11-03,676.9297788399296
2009-11-04,671.8311771662925
2009-11-05,675.690333052124
2009-11-06,681.0232040918572
2009-11-09,682.7316923508082
2009-11-10,683.4655033123871
2009-11-11,690.5656594361556
2009-11-12,688.8362970561391
2009-11-13,689.184338369558
2009-11-16,700.7754833393609
2009-11-17,701.776452693535
2009-11-18,696.4187815031337
2009-11-19,703.3874458412862
2009-11-20,700.3747429193813
2009-11-23,702.3756797766797
2009-11-24,717.4202237724925
2009-11-25,729.6815271290799
2009-11-26,729.6815271290799
2009-11-27,749.9050143528513
2009-11-30,751.7142075007355
2009-12-01,731.7521557624369
2009-12-02,709.9186616736729
2009-12-03,691.3969021868093
2009-12-04,663.2033875464042
2009-12-07,673.8915101976472
2009-12-08,682.8396307843075
2009-12-09,680.6378943227265
2009-12-10,673.319414063451
2009-12-11,665.5862199228164
2009-12-14,663.9115000667352
2009-12-15,657.1880444487642
2009-12-16,657.1880444487642
2009-12-17,657.1880444487642
2009-12-18,657.1880444487642
2009-12-21,657.1880444487642
2009-12-22,657.1880444487642
2009-12-23,657.1880444487642
2009-12-24,656.9117005308647
2009-12-25,656.9117005308647
2009-12-28,659.9866543142714
2009-12-29,657.8491918490125
2009-12-30,655.0072573795787
2009-12-31,660.9057515778567
2010-01-01,660.9057515778567
2010-01-04,659.7168363410162
2010-01-05,649.5081413526835
2010-01-06,653.0214607652744
2010-01-07,654.9040144171876
2010-01-08,652.0731243631229
2010-01-11,652.0731243631229
2010-01-12,641.262073200403
2010-01-13,646.3249726436553
2010-01-14,646.3249726436553
2010-01-15,646.3249726436553
2010-01-18,646.3249726436553
2010-01-19,646.3249726436553
2010-01-20,646.3249726436553
2010-01-21,646.0609230457816
2010-01-22,647.4597872764925
2010-01-25,644.8903942577296
2010-01-26,646.2870637469629
2010-01-27,643.7217019653327
2010-01-28,644.4189410609252
2010-01-29,651.1652377142899
2010-02-01,646.7051941153612
2010-02-02,649.0386478469718
2010-02-03,642.4845596783108
2010-02-04,652.461695948988
2010-02-05,661.6323228683664
2010-02-08,655.9200804468537
2010-02-09,652.1404800446194
2010-02-10,647.2045581443266
2010-02-11,645.1030453245456
2010-02-12,649.7599393578241
2010-02-15,649.6147095921164
2010-02-16,653.1285285433294
2010-02-17,643.479069271368
2010-02-18,636.5089529969489
2010-02-19,636.0460406291718
2010-02-22,636.0460406291718
2010-02-23,636.0460406291718
2010-02-24,636.0460406291718
2010-02-25,635.8171676583613
2010-02-26,640.8759106860126
2010-03-01,639.4867683534764
2010-03-02,639.7178579685867
2010-03-03,639.9490197992019
2010-03-04,641.3364242113255
2010-03-05,634.1602432503622
2010-03-08,630.2654142140889
2010-03-09,632.319285691566
2010-03-10,629.5730883702226
2010-03-11,628.2051388295286
2010-03-12,628.4327029354127
2010-03-15,629.343243814082
2010-03-16,636.6366762522227
2010-03-17,636.6366762522227
2010-03-18,632.7232939096328
2010-03-19,630.8914856748588
2010-03-22,635.4595574603268
2010-03-23,635.4595574603268
2010-03-24,617.9923929706439
2010-03-25,609.9293389739186
2010-03-26,609.9293389739186
2010-03-29,609.9293389739186
2010-03-30,609.9293389739186
2010-03-31,609.9293389739186
2010-04-01,609.9293389739186
2010-04-02,609.9293389739186
2010-04-05,609.9293389739186
2010-04-06,609.729009441018
2010-04-07,598.4177033530517
2010-04-08,601.0560779927456
2010-04-09,601.0560779927456
2010-04-12,601.0560779927456
2010-04-13,601.0560779927456
2010-04-14,601.0560779927456
2010-04-15,601.0560779927456
2010-04-16,601.0560779927456
2010-04-19,600.865946988775
2010-04-20,600.427905771907
2010-04-21,606.3377662268576
2010-04-22,601.260963532102
2010-04-23,596.0015063056113
2010-04-26,597.7415100713753
2010-04-27,612.7865613822892
2010-04-28,603.4312377641467
2010-04-29,609.5862610945829
2010-04-30,616.2386322923446
2010-05-03,610.1953688323779
2010-05-04,619.516683048303
2010-05-05,627.1615478056912
2010-05-06,645.3405865008334
2010-05-07,641.8468025016108
2010-05-10,630.5094169096284
2010-05-11,632.792258837471
2010-05-12,626.1740581029616
2010-05-13,627.0817756755902
2010-05-14,640.2601328597102
2010-05-17,637.3913535223159
2010-05-18,646.6087454413447
2010-05-19,647.0968782792938
2010-05-20,668.1089779808989
2010-05-21,679.1505445393743
2010-05-24,674.7678227263403
2010-05-25,690.2631791808672
2010-05-26,673.9640011102618
2010-05-27,647.8427160727905
2010-05-28,659.0603568138823
2010-05-31,659.0603568138823
2010-06-01,659.5347695368911
2010-06-02,649.0911664557588
2010-06-03,642.3240654049708
2010-06-04,663.2019297444856
2010-06-07,665.1099345688467
2010-06-08,667.7399999689271
2010-06-09,664.8769444044705
2010-06-10,633.8038185380389
2010-06-11,657.435704163597
2010-06-14,650.3347444370633
2010-06-15,645.8796318919681
2010-06-16,648.4435931265967
2010-06-17,658.2669152863833
2010-06-18,654.0016638878975
2010-06-21,651.8810342082128
2010-06-22,661.0445843126255
2010-06-23,667.9415508579586
2010-06-24,667.4615873886725
2010-06-25,669.8599048492621
2010-06-28,679.7399989423942
2010-06-29,691.9234364258691
2010-06-30,692.4183885736354
2010-07-01,694.3994345450694
2010-07-02,684.9659412598468
2010-07-05,684.9659412598468
2010-07-06,698.2122415186067
2010-07-07,688.7334711505732
2010-07-08,679.8602196001292
2010-07-09,672.5490300413779
2010-07-12,678.3431477666884
2010-07-13,664.2356782134173
2010-07-14,681.9086282721025
2010-07-15,699.0128795155548
2010-07-16,712.4962218573797
2010-07-19,706.9103103321103
2010-07-20,713.4664566035588
2010-07-21,721.8784133364317
2010-07-22,705.6976820738706
2010-07-23,681.5267516116545
2010-07-26,684.2356891615252
2010-07-27,671.4918592126504
2010-07-28,687.8860612209193
2010-07-29,695.2724930448652
2010-07-30,718.1365772199051
2010-08-02,705.3531932008442
2010-08-03,723.4736400478631
2010-08-04,711.636206472175
2010-08-05,720.2598411659419
2010-08-06,742.8169867980055
2010-08-09,740.4662765995075
2010-08-10,764.1043906288687
2010-08-11,796.5083052774513
2010-08-12,782.2202041620919
2010-08-13,794.6264257831214
2010-08-16,827.8925211856726
2010-08-17,798.3159470728793
2010-08-18,794.9472622713561
2010-08-19,813.4055495557027
2010-08-20,790.284971582574
2010-08-23,796.9621088694433
2010-08-24,837.3254037685681
2010-08-25,810.0843842215442
2010-08-26,826.2952623154904
2010-08-27,768.9807429597194
2010-08-30,817.610168219813
2010-08-31,830.2273080328354
2010-09-01,799.4135284542476
2010-09-02,790.4193931697051
2010-09-03,771.4979810648489
2010-09-06,771.2436248816258
2010-09-07,785.6735974187279
2010-09-08,778.4774994397006
2010-09-09,764.2022400738055
2010-09-10,760.1512920734596
2010-09-13,769.021602272967
2010-09-14,778.2549567971173
2010-09-15,773.8636820131317
2010-09-16,768.9481988018078
2010-09-17,773.0213934836913
2010-09-20,777.6593196365734
2010-09-21,794.6639689545319
2010-09-22,798.0189588381114
2010-09-23,798.0309036295286
2010-09-24,785.121709389854
2010-09-27,811.1221596031809
2010-09-28,828.7751514454925
2010-09-29,818.3264309917307
2010-09-30,814.3087528561418
2010-10-01,815.4516387972119
2010-10-04,829.7555706534183
2010-10-05,836.1476402016605
2010-10-06,853.1153161803155
2010-10-07,854.6147942312292
2010-10-08,864.4592592967387
2010-10-11,871.6927037414642
2010-10-12,850.7405798170389
2010-10-13,858.7624534592452
2010-10-14,827.3030604551136
2010-10-15,802.9613551181669
2010-10-18,838.2437901345014
2010-10-19,843.5214114540079
2010-10-20,844.1111123361667
2010-10-21,828.7693067607041
2010-10-22,820.642575326548
2010-10-25,820.642575326548
2010-10-26,794.7495028954888
2010-10-27,776.5841145229625
2010-10-28,787.815348490288
2010-10-29,795.3062904931749
2010-11-01,795.8658569247332
2010-11-02,799.7852700487789
2010-11-03,800.3585015650552
2010-11-04,842.5628063259172
2010-11-05,830.1916694928896
2010-11-08,827.8661903191572
2010-11-09,797.1306227648352
2010-11-10,812.8304086632198
2010-11-11,795.1443194953699
2010-11-12,775.2852727253039
2010-11-15,754.4537088247034
2010-11-16,758.9897881650517
2010-11-17,758.9897881650517
2010-11-18,758.9897881650517
2010-11-19,758.9897881650517
2010-11-22,758.9897881650517
2010-11-23,758.9897881650517
2010-11-24,758.9897881650517
2010-11-25,758.9897881650517
2010-11-26,758.9897881650517
2010-11-29,758.9897881650517
2010-11-30,758.9897881650517
2010-12-01,758.9897881650517
2010-12-02,758.9897881650517
2010-12-03,758.9897881650517
2010-12-06,758.9897881650517
2010-12-07,758.9897881650517
2010-12-08,758.9897881650517
2010-12-09,758.6980943867391
2010-12-10,768.090104794094
2010-12-13,760.4943163771458
2010-12-14,784.1579100775173
2010-12-15,790.7890944030987
2010-12-16,785.2216625630793
2010-12-17,766.9639657727158
2010-12-20,769.9441544050595
2010-12-21,767.2255789225437
2010-12-22,771.290698823743
2010-12-23,778.369935751686
2010-12-24,778.369935751686
2010-12-27,772.331142443393
2010-12-28,788.1421444001795
2010-12-29,766.493679630425
2010-12-30,771.0969273034617
2010-12-31,763.2026113997741
2011-01-03,767.4825819710337
2011-01-04,767.4825819710337
2011-01-05,767.4825819710337
2011-01-06,767.4825819710337
2011-01-07,767.4825819710337
2011-01-10,767.4825819710337
2011-01-11,767.4825819710337
2011-01-12,767.4825819710337
2011-01-13,767.4825819710337
2011-01-14,767.4825819710337
2011-01-17,767.4825819710337
2011-01-18,767.4825819710337
2011-01-19,767.4825819710337
2011-01-20,767.4825819710337
2011-01-21,767.4825819710337
2011-01-24,767.4825819710337
2011-01-25,767.4825819710337
2011-01-26,767.4825819710337
2011-01-27,767.4825819710337
2011-01-28,767.4825819710337
2011-01-31,767.4825819710337
2011-02-01,767.4825819710337
2011-02-02,767.4825819710337
2011-02-03,767.4825819710337
2011-02-04,767.1797054632596
2011-02-07,766.637718147345
2011-02-08,777.4706896241869
2011-02-09,767.0507251848995
2011-02-10,774.9083723818877
2011-02-11,768.3465595890236
2011-02-14,766.1756931900511
2011-02-15,765.8369561073325
2011-02-16,766.6486782536831
2011-02-17,759.3363300309177
2011-02-18,758.5307022215137
2011-02-21,758.5307022215137
2011-02-22,740.823506488195
2011-02-23,745.2650256679043
2011-02-24,745.2650256679043
2011-02-25,745.2650256679043
2011-02-28,745.2650256679043
2011-03-01,745.2650256679043
2011-03-02,745.2650256679043
2011-03-03,745.2650256679043
2011-03-04,745.2650256679043
2011-03-07,745.2650256679043
2011-03-08,745.2650256679043
2011-03-09,745.2650256679043
2011-03-10,745.2650256679043
2011-03-11,745.2650256679043
2011-03-14,745.2650256679043
2011-03-15,744.972696394133
2011-03-16,760.2878265162767
2011-03-17,754.91102760055
2011-03-18,750.6364724625472
2011-03-21,742.3959316355663
2011-03-22,739.7634443492052
2011-03-23,738.4513139674094
2011-03-24,730.590832898965
2011-03-25,725.1115404098698
2011-03-28,725.1115404098698
2011-03-29,725.1115404098698
2011-03-30,725.1115404098698
2011-03-31,725.1115404098698
2011-04-01,725.1115404098698
2011-04-04,725.1115404098698
2011-04-05,725.1115404098698
2011-04-06,725.1115404098698
2011-04-07,724.826315442038
2011-04-08,726.3728647834919
2011-04-11,725.0816571822677
2011-04-12,714.5102984496198
2011-04-13,709.3943103662932
2011-04-14,709.3943103662932
2011-04-15,709.3943103662932
2011-04-18,709.3943103662932
2011-04-19,709.1168828065088
2011-04-20,703.5542042372141
2011-04-21,704.8097576813345
2011-04-22,704.8097576813345
2011-04-25,710.3428247653937
2011-04-26,715.9139316856558
2011-04-27,711.8343620272276
2011-04-28,720.460102123767
2011-04-29,723.536827506731
2011-05-02,724.8009048791466
2011-05-03,731.5024122312897
2011-05-04,738.2583693306689
2011-05-05,752.403979313124
2011-05-06,759.5777027327913
2011-05-09,769.2479518885351
2011-05-10,749.6898729710431
2011-05-11,766.4181423451605
2011-05-12,753.4218702099831
2011-05-13,770.2236132797422
2011-05-16,783.2769674789382
2011-05-17,793.0628622937326
2011-05-18,771.2944550253228
2011-05-19,775.378647783254
2011-05-20,786.0473250531123
2011-05-23,796.0153574599598
2011-05-24,800.2154294480533
2011-05-25,803.5912373084834
2011-05-26,836.3374398896543
2011-05-27,844.5303924886888
2011-05-30,844.5303924886888
2011-05-31,855.1563594041866
2011-06-01,908.8839046206721
2011-06-02,881.1395972436037
2011-06-03,909.3473606643574
2011-06-06,910.6090448651878
2011-06-07,904.2927383347804
2011-06-08,940.6983500994161
2011-06-09,902.9730349083122
2011-06-10,923.0324956064784
2011-06-13,908.9657987918893
2011-06-14,843.3830218704164
2011-06-15,930.0317199940363
2011-06-16,948.7010449189281
2011-06-17,938.8694726228131
2011-06-20,934.9737121004775
2011-06-21,927.8582678297868
2011-06-22,928.5006792471804
2011-06-23,956.784447926478
2011-06-24,973.2967049253292
2011-06-27,958.8606508158085
2011-06-28,890.3656024661609
2011-06-29,861.2559118919658
2011-06-30,841.1120784807853
2011-07-01,834.6419329412299
2011-07-04,834.3325651022584
2011-07-05,834.3325651022584
2011-07-06,834.3325651022584
2011-07-07,834.0244316798245
2011-07-08,857.37504247182
2011-07-11,873.2315666127596
2011-07-12,874.752240935592
2011-07-13,878.102951763808
2011-07-14,870.7473307357828
2011-07-15,887.1286919419491
2011-07-18,889.596513671804
2011-07-19,889.596513671804
2011-07-20,876.6080594298614
2011-07-21,853.4136180184023
2011-07-22,865.612687263615
2011-07-25,861.6898857216066
2011-07-26,869.5036160430947
2011-07-27,863.7471883228388
2011-07-28,868.8670952608039
2011-07-29,891.8776887732479
2011-08-01,900.539729794756
2011-08-02,933.0572710130856
2011-08-03,936.9312357793845
2011-08-04,976.4642391434736
2011-08-05,935.4240400261286
2011-08-08,998.8437624777291
2011-08-09,1053.7859506016157
2011-08-10,1064.6026938885057
2011-08-11,1025.2973529697686
2011-08-12,1054.836408485225
2011-08-15,1040.4009533791598
2011-08-16,1063.4225550851668
2011-08-17,1076.5110588298749
2011-08-18,1096.3646829476288
2011-08-19,1097.1124108744712
2011-08-22,1087.3858725361163
2011-08-23,1074.76989764042
2011-08-24,1039.5268007112074
2011-08-25,1058.0441112227645
2011-08-26,1071.795885043535
2011-08-29,1045.4304776300555
2011-08-30,1076.2139217163633
2011-08-31,1057.8355791895451
2011-09-01,1083.88687972131
2011-09-02,1120.1434154127749
2011-09-05,1120.1434154127749
2011-09-06,1117.093056874243
2011-09-07,1100.3580273422224
2011-09-08,1118.3633977523555
2011-09-09,1145.7765742017837
2011-09-12,1130.9829773831375
2011-09-13,1110.9795040006616
2011-09-14,1102.654019910657
2011-09-15,1077.0976219875556
2011-09-16,1080.7760520562667
2011-09-19,1127.2691091059821
2011-09-20,1123.433893140026
2011-09-21,1137.1975244378511
2011-09-22,1186.6854254153652
2011-09-23,1146.476505871135
2011-09-26,1115.3145932243567
2011-09-27,1077.3360121860956
2011-09-28,1082.1102796189286
2011-09-29,1089.498468866547
2011-09-30,1092.1004967671927
2011-10-03,1113.3347868658582
2011-10-04,1112.1919012184653
2011-10-05,1071.2804245523423
2011-10-06,1043.462514469224
2011-10-07,1014.5095362376111
2011-10-10,985.4278030264109
2011-10-11,999.1495563381468
2011-10-12,999.1495563381468
2011-10-13,999.1495563381468
2011-10-14,999.1495563381468
2011-10-17,999.1495563381468
2011-10-18,999.1495563381468
2011-10-19,998.7958225918993
2011-10-20,995.7054593408596
2011-10-21,994.6782354727276
2011-10-24,987.8364965010231
2011-10-25,1004.8339417588516
2011-10-26,992.7498205208641
2011-10-27,965.0895906889298
2011-10-28,981.3773400286605
2011-10-31,981.3773400286605
2011-11-01,981.3773400286605
2011-11-02,981.0137118402698
2011-11-03,975.2708264961184
2011-11-04,979.6391142287589
2011-11-07,986.0494714694921
2011-11-08,975.1889767547972
2011-11-09,991.652807961355
2011-11-10,981.4185628867174
2011-11-11,969.0836324037908
2011-11-14,983.6164880317799
2011-11-15,980.6120235602634
2011-11-16,984.3266273912517
2011-11-17,991.4425208835067
2011-11-18,979.8459440991195
2011-11-21,985.9200775346769
2011-11-22,990.670977873891
2011-11-23,999.8735142497022
2011-11-24,999.8735142497022
2011-11-25,987.4999372143931
2011-11-28,988.859312135911
2011-11-29,982.7344785051464
2011-11-30,974.2756153918249
2011-12-01,969.9113707042957
2011-12-02,981.2791790180288
2011-12-05,978.9138808139269
2011-12-06,973.8564719976116
2011-12-07,987.6152580450809
2011-12-08,996.4521320166972
2011-12-09,984.8023281140197
2011-12-12,992.5993448473391
2011-12-13,998.7452161621055
2011-12-14,1005.5879980435002
2011-12-15,1001.442043050837
2011-12-16,1021.4056800811333
2011-12-19,1028.4144655816406
2011-12-20,996.677808737157
2011-12-21,987.7673015411675
2011-12-22,989.127010668094
2011-12-23,963.2602441647267
2011-12-26,962.9024727495066
2011-12-27,964.895414885912
2011-12-28,980.8688461092006
2011-12-29,983.9087897388828
2011-12-30,990.005776681164
2012-01-02,989.6379828345863
2012-01-03,964.4401044815365
2012-01-04,957.7873538285271
2012-01-05,962.415173501527
2012-01-06,973.0393252365423
2012-01-09,977.7338722844521
2012-01-10,971.6716192528521
2012-01-11,992.435256875876
2012-01-12,982.1936763426645
2012-01-13,1007.2194051080887
2012-01-16,1007.2194051080887
2012-01-17,1009.2954414926664
2012-01-18,994.7359388230751
2012-01-19,970.104380199556
2012-01-20,951.3775535460638
2012-01-23,939.1912486033214
2012-01-24,941.4644794596411
2012-01-25,955.45915840238
2012-01-26,969.641890843412
2012-01-27,975.6586264794063
2012-01-30,982.0126497110825
2012-01-31,991.4802603960545
2012-02-01,979.8832826293465
2012-02-02,987.9824072490667
2012-02-03,951.2630010044107
2012-02-06,965.7178672682214
2012-02-07,943.7374362558144
2012-02-08,941.1280926651749
2012-02-09,927.7546179571548
2012-02-10,940.2803773635077
2012-02-13,934.753887858764
2012-02-14,943.1612631976163
2012-02-15,943.8295730845753
2012-02-16,931.4340969041959
2012-02-17,930.1448042830657
2012-02-20,930.1448042830657
2012-02-21,924.3502397589734
2012-02-22,932.6730854570151
2012-02-23,935.9001888490683
2012-02-24,935.576470040053
2012-02-27,944.6377641529034
2012-02-28,945.6171120567967
2012-02-29,936.1118694351508
2012-03-01,918.6274816384326
2012-03-02,941.1998432537274
2012-03-05,936.6445939394923
2012-03-06,947.9828941857056
2012-03-07,943.7254636780763
2012-03-08,937.2021795300883
2012-03-09,933.3126713568504
2012-03-12,933.9584917764486
2012-03-13,921.034010629243
2012-03-14,893.2746484652604
2012-03-15,894.4883293561686
2012-03-16,894.4883293561686
2012-03-19,894.1551592905904
2012-03-20,894.7765062651472
2012-03-21,882.030932278625
2012-03-22,878.6552009489172
2012-03-23,872.5386059429866
2012-03-26,871.9083533365682
2012-03-27,871.9083533365682
2012-03-28,871.9083533365682
2012-03-29,871.9083533365682
2012-03-30,871.9083533365682
2012-04-02,871.9083533365682
2012-04-03,871.9083533365682
2012-04-04,871.9083533365682
2012-04-05,871.9083533365682
2012-04-06,871.9083533365682
2012-04-09,871.5810072861556
2012-04-10,880.3859601646864
2012-04-11,875.1776597513115
2012-04-12,871.520743527244
2012-04-13,879.1107493360506
2012-04-16,882.170470427726
2012-04-17,876.9526898035786
2012-04-18,879.7003692436512
2012-04-19,883.6804019937036
2012-04-20,881.529928450094
2012-04-23,893.7990525557201
2012-04-24,885.7244352537048
2012-04-25,882.0279686215034
2012-04-26,891.23448082733
2012-04-27,900.5273040850861
2012-04-30,905.5299406055115
2012-05-01,892.9608163479426
2012-05-02,901.6492234909871
2012-05-03,901.6492234909871
2012-05-04,919.8041156667612
2012-05-07,919.8041156667612
2012-05-08,930.9662945974679
2012-05-09,929.9997636962828
2012-05-10,922.2747654685608
2012-05-11,940.4840347284695
2012-05-14,961.9440179447441
2012-05-15,958.9573003942744
2012-05-16,961.3823208138273
2012-05-17,990.5703346362076
2012-05-18,994.6599733910933
2012-05-21,978.2400737902268
2012-05-22,951.2840719454712
2012-05-23,992.0213297333582
2012-05-24,970.180903138691
2012-05-25,988.9090689436182
2012-05-28,988.9090689436182
2012-05-29,994.3536142883362
2012-05-30,1069.5904252706594
2012-05-31,1091.5202457444843
2012-06-01,1167.4796614106954
2012-06-04,1102.1491242199343
2012-06-05,1090.8789761803723
2012-06-06,1045.1045655334392
2012-06-07,1053.3577813926715
2012-06-08,1056.241175846153
2012-06-11,1069.9715398093263
2012-06-12,1043.6471801636164
2012-06-13,1066.520123766889
2012-06-14,1057.0421477612829
2012-06-15,1069.3357205812467
2012-06-18,1067.1432161051569
2012-06-19,1055.4717839441053
2012-06-20,1042.472726374734
2012-06-21,1049.6131809145763
2012-06-22,1033.0874914389292
2012-06-25,1058.5819599963052
2012-06-26,1052.7890501963234
2012-06-27,1057.8325022909323
2012-06-28,1075.1999898252964
2012-06-29,1049.492490047868
2012-07-02,1078.9482351053446
2012-07-03,1061.2640115787644
2012-07-04,1061.2640115787644
2012-07-05,1075.7798117234988
2012-07-06,1094.8862336640059
2012-07-09,1103.8478804164859
2012-07-10,1107.3015679425946
2012-07-11,1105.0378775027025
2012-07-12,1109.5567695433374
2012-07-13,1101.6190532432092
2012-07-16,1120.7698569042727
2012-07-17,1101.3138373098607
2012-07-18,1115.9548497020746
2012-07-19,1095.4356116133522
2012-07-20,1126.8157964182028
2012-07-23,1138.3171945096235
2012-07-24,1153.4091853177094
2012-07-25,1151.0590430952388
2012-07-26,1135.5011365802159
2012-07-27,1045.9273041781503
2012-07-30,1085.45821917637
2012-07-31,1089.9036874982812
2012-08-01,1066.1056137483156
2012-08-02,1087.9700940060966
2012-08-03,1053.8159538034213
2012-08-06,1062.8974985064335
2012-08-07,1050.5417125848026
2012-08-08,1048.3844468737063
2012-08-09,1047.6667065944102
2012-08-10,1054.1223318190039
2012-08-13,1051.5976892181498
2012-08-14,1040.441586603849
2012-08-15,1027.1766772286896
2012-08-16,1021.9594640752509
2012-08-17,1021.9594640752509
2012-08-20,1021.9594640752509
2012-08-21,1021.9594640752509
2012-08-22,1021.9594640752509
2012-08-23,1021.9594640752509
2012-08-24,1021.6758023661447
2012-08-27,1026.9336576897358
2012-08-28,1030.1031586019885
2012-08-29,1027.2779007054837
2012-08-30,1036.0847593047451
2012-08-31,1048.9361400771816
2012-09-03,1048.9361400771816
2012-09-04,1034.5744383262168
2012-09-05,1032.4471112543551
2012-09-06,1004.1359334729963
2012-09-07,1016.2807934991924
2012-09-10,1012.7924160195075
2012-09-11,1011.053677869477
2012-09-12,1001.3319581881192
2012-09-13,1010.6244465853315
2012-09-14,991.1885187700882
2012-09-17,993.9799698576003
2012-09-18,993.9799698576003
2012-09-19,993.9799698576003
2012-09-20,993.9799698576003
2012-09-21,993.9799698576003
2012-09-24,993.7041754097771
2012-09-25,999.172696286826
2012-09-26,1009.4774403145149
2012-09-27,1006.0783849681122
2012-09-28,1005.3870859775072
2012-10-01,1009.5322875499228
2012-10-02,1012.3061182687975
2012-10-03,1016.4772662123054
2012-10-04,1002.5213003846517
2012-10-05,980.4708743769586
2012-10-08,995.3271328054655
2012-10-09,985.7432394588456
2012-10-10,992.9395288378064
2012-10-11,993.964159646092
2012-10-12,994.9897510457602
2012-10-15,994.7240916032215
2012-10-16,975.5664200001651
2012-10-17,941.0186381316746
2012-10-18,938.8116155200751
2012-10-19,938.8116155200751
2012-10-22,938.8116155200751
2012-10-23,938.8116155200751
2012-10-24,938.8116155200751
2012-10-25,938.8116155200751
2012-10-26,938.8116155200751
2012-10-29,938.8116155200751
2012-10-30,938.8116155200751
2012-10-31,938.557511631876
2012-11-01,934.3383717408715
2012-11-02,933.3686795173644
2012-11-05,940.7960169013954
2012-11-06,931.6890517535082
2012-11-07,949.7436101591948
2012-11-08,955.6484179663402
2012-11-09,956.3783926300226
2012-11-12,955.7179448589491
2012-11-13,962.3163931579077
2012-11-14,962.1642955654115
2012-11-15,961.5004428806833
2012-11-16,968.1348206486875
2012-11-19,956.1183039163899
2012-11-20,943.5768990573827
2012-11-21,934.4456011906307
2012-11-22,934.2049856856022
2012-11-23,932.9122294534952
2012-11-26,937.4312204573544
2012-11-27,940.9973902776765
2012-11-28,946.5276889135266
2012-11-29,947.2700144267154
2012-11-30,951.8518207398323
2012-12-03,944.620339472246
2012-12-04,949.1905534574371
2012-12-05,958.3709708001898
2012-12-06,961.4386935186708
2012-12-07,941.5367180151957
2012-12-10,945.4424807077526
2012-12-11,931.7210481484633
2012-12-12,910.2124052903628
2012-12-13,896.9533674709269
2012-12-14,899.2313004851019
2012-12-17,891.1125461686604
2012-12-18,881.9161953948848
2012-12-19,881.9161953948848
2012-12-20,881.7042491457574
2012-12-21,875.2618150107385
2012-12-24,878.0991691387824
2012-12-25,878.0991691387824
2012-12-26,878.0991691387824
2012-12-27,878.0991691387824
2012-12-28,877.887978716452
2012-12-31,874.5264887896143
2013-01-01,874.5264887896143
2013-01-02,862.0403681519974
2013-01-03,851.9085809153182
2013-01-04,851.7002410819862
2013-01-07,850.5106157806337
2013-01-08,845.1639935668675
2013-01-09,841.3242648430021
2013-01-10,847.7958691637976
2013-01-11,844.2416346544335
2013-01-14,841.8810305677974
2013-01-15,837.2603315544116
2013-01-16,837.2603315544116
2013-01-17,837.2603315544116
2013-01-18,837.2603315544116
2013-01-21,837.2603315544116
2013-01-22,837.2603315544116
2013-01-23,837.2603315544116
2013-01-24,837.2603315544116
2013-01-25,837.2603315544116
2013-01-28,837.2603315544116
2013-01-29,837.0529334762318
2013-01-30,837.6385915596545
2013-01-31,835.8805192004802
2013-02-01,838.8051458229818
2013-02-04,831.7641072293094
2013-02-05,837.0052803324743
2013-02-06,829.6849265798768
2013-02-07,827.070187723871
2013-02-08,827.1618760014027
2013-02-11,827.1618760014027
2013-02-12,827.1618760014027
2013-02-13,827.1618760014027
2013-02-14,826.9667402370213
2013-02-15,827.4317111372103
2013-02-18,827.4317111372103
2013-02-19,830.9095800539748
2013-02-20,828.5823061038398
2013-02-21,822.4884847200334
2013-02-22,820.2796385615452
2013-02-25,820.2796385615452
2013-02-26,820.0874536861916
2013-02-27,818.1705354898194
2013-02-28,822.1875315825873
2013-03-01,830.8330396911739
2013-03-04,825.015333193104
2013-03-05,821.5465256936297
2013-03-06,809.4510432345947
2013-03-07,791.8306111621341
2013-03-08,773.6248052607676
2013-03-11,773.6248052607676
2013-03-12,773.4464834046104
2013-03-13,773.7195227753226
2013-03-14,773.4463980525031
2013-03-15,766.3498207576065
2013-03-18,760.7584838270125
2013-03-19,760.5823293258208
2013-03-20,757.6239915105299
2013-03-21,757.8920847702767
2013-03-22,759.7686379165028
2013-03-25,760.8433487138983
2013-03-26,762.8197823643163
2013-03-27,777.3800387556716
2013-03-28,772.4449515136782
2013-03-29,772.4449515136782
2013-04-01,777.3522798769528
2013-04-02,772.2390545585924
2013-04-03,794.3173439553912
2013-04-04,817.7931742342203
2013-04-05,835.001796251112
2013-04-08,818.1602157438621
2013-04-09,814.7167476707372
2013-04-10,786.1322151927249
2013-04-11,794.8178402544013
2013-04-12,818.3068085610794
2013-04-15,821.7504590931833
2013-04-16,816.5650597105077
2013-04-17,822.5802928843775
2013-04-18,826.9046112331836
2013-04-19,819.0841316472886
2013-04-22,824.2539798878046
2013-04-23,823.3872145054642
2013-04-24,825.1191195649916
2013-04-25,822.51694450548
2013-04-26,843.2735757568531
2013-04-29,843.9779558125604
2013-04-30,836.8988763263322
2013-05-01,855.636853852859
2013-05-02,858.0251814780066
2013-05-03,797.9664203488359
2013-05-06,780.6152930234463
2013-05-07,778.9639632259691
2013-05-08,784.2897558659199
2013-05-09,783.1843936710875
2013-05-10,771.8685053087368
2013-05-13,769.7952533043784
2013-05-14,769.7952533043784
2013-05-15,769.7952533043784
2013-05-16,769.7952533043784
2013-05-17,769.606567637351
2013-05-20,769.606567637351
2013-05-21,769.606567637351
2013-05-22,769.606567637351
2013-05-23,769.4390117500313
2013-05-24,768.0804263502703
2013-05-27,768.0804263502703
2013-05-28,784.6282962856156
2013-05-29,783.3516456332309
2013-05-30,783.3516456332309
2013-05-31,792.7374335384137
2013-06-03,786.6000422303242
2013-06-04,789.3704900422849
2013-06-05,781.0324638240398
2013-06-06,772.7729606821829
2013-06-07,797.3198747559619
2013-06-10,809.6576641059055
2013-06-11,805.6780937569757
2013-06-12,813.6027770773492
2013-06-13,799.3279164060716
2013-06-14,777.9685186602597
2013-06-17,788.2219569762318
2013-06-18,789.609714961811
2013-06-19,813.240061976456
2013-06-20,828.0802129835735
2013-06-21,843.2528862110426
2013-06-24,855.0435472886805
2013-06-25,864.5939827615674
2013-06-26,847.1105239052173
2013-06-27,828.7604469266587
2013-06-28,831.6626375712151
2013-07-01,832.8272158681791
2013-07-02,829.9119442531479
2013-07-03,839.2110636956794
2013-07-04,839.2110636956794
2013-07-05,903.1950052521603
2013-07-08,877.8885665768614
2013-07-09,865.0537791405402
2013-07-10,877.7201099917597
2013-07-11,817.2236781860196
2013-07-12,829.0498590038794
2013-07-15,813.9527987950664
2013-07-16,810.3144475183308
2013-07-17,802.6337603988397
2013-07-18,807.4289119875825
2013-07-19,801.190338217668
2013-07-22,800.9086261179413
2013-07-23,803.7241457562851
2013-07-24,813.3260340601165
2013-07-25,815.6093491452667
2013-07-26,808.4562426660043
2013-07-29,811.2951684243355
2013-07-30,813.2885354757469
2013-07-31,813.0032241372643
2013-08-01,832.4045426501812
2013-08-02,809.7421900066195
2013-08-05,818.049951925555
2013-08-06,817.762969510583
2013-08-07,812.6007363596798
2013-08-08,809.4635800683698
2013-08-09,809.4635800683698
2013-08-12,812.874068493626
2013-08-13,829.7052754188842
2013-08-14,828.2525179555146
2013-08-15,833.4739383690144
2013-08-16,842.90125979897
2013-08-19,849.7392347088754
2013-08-20,828.3701019279258
2013-08-21,845.19699569939
2013-08-22,862.3288802858406
2013-08-23,839.4731844474996
2013-08-26,832.4271355641434
2013-08-27,806.7853893361296
2013-08-28,825.2574595385797
2013-08-29,820.0528863286753
2013-08-30,821.7779854905416
2013-09-02,821.7779854905416
2013-09-03,835.0285440319681
2013-09-04,843.7944366322677
2013-09-05,856.5280554451444
2013-09-06,836.2018342669352
2013-09-09,820.4032410733137
2013-09-10,835.9352298470741
2013-09-11,818.9715909931418
2013-09-12,817.8225089157639
2013-09-13,812.9951903695741
2013-09-16,805.2918847503498
2013-09-17,802.1800344257091
2013-09-18,776.2423584359699
2013-09-19,782.5776740743992
2013-09-20,782.5776740743992
2013-09-23,782.5776740743992
2013-09-24,782.5776740743992
2013-09-25,782.5776740743992
2013-09-26,782.3388202166661
2013-09-27,786.7505143177494
2013-09-30,787.5817542498709
2013-10-01,781.4797184475784
2013-10-02,788.3662787479501
2013-10-03,791.6976522932549
2013-10-04,783.6166423193473
2013-10-07,786.6540745273201
2013-10-08,784.9915981375814
2013-10-09,783.0556790166554
2013-10-10,780.8856942672637
2013-10-11,780.8856942672637
2013-10-14,780.8856942672637
2013-10-15,780.8856942672637
2013-10-16,780.8856942672637
2013-10-17,780.8856942672637
2013-10-18,780.6467893471586
2013-10-21,777.8947681304487
2013-10-22,790.2401633072833
2013-10-23,791.0747634603839
2013-10-24,788.5686156881516
2013-10-25,791.345392612177
2013-10-28,790.5097563066031
2013-10-29,793.8491678927528
2013-10-30,788.8212663233562
2013-10-31,785.4881865746436
2013-11-01,777.1867348255063
2013-11-04,780.4761850811019
2013-11-05,773.04716726948
2013-11-06,779.6294710383924
2013-11-07,779.6294710383924
2013-11-08,779.6294710383924
2013-11-11,779.6294710383924
2013-11-12,779.6294710383924
2013-11-13,779.3825432447742
2013-11-14,774.7393691571805
2013-11-15,774.6070993577863
2013-11-18,774.6070993577863
2013-11-19,774.6070993577863
2013-11-20,774.6070993577863
2013-11-21,774.6070993577863
2013-11-22,774.6070993577863
2013-11-25,774.6070993577863
2013-11-26,774.6070993577863
2013-11-27,774.6070993577863
2013-11-28,774.6070993577863
2013-11-29,774.6070993577863
2013-12-02,774.6070993577863
2013-12-03,774.6070993577863
2013-12-04,774.6070993577863
2013-12-05,774.6070993577863
2013-12-06,774.3609793322554
2013-12-09,772.1750768839248
2013-12-10,762.9082166920332
2013-12-11,769.1103694995071
2013-12-12,773.7275183374733
2013-12-13,773.4544784879928
2013-12-16,774.0003875370478
2013-12-17,768.5378851149412
2013-12-18,772.8805745405159
2013-12-19,784.0643569018163
2013-12-20,782.6830063441571
2013-12-23,787.9239366943254
2013-12-24,794.6101371602765
2013-12-25,794.6101371602765
2013-12-26,796.8466625031772
2013-12-27,796.8466625031772
2013-12-30,788.43872504221
2013-12-31,794.5467412768752
2014-01-01,794.5467412768752
2014-01-02,788.3967324305967
2014-01-03,790.0624763039042
2014-01-06,779.4929843977955
2014-01-07,771.7974207843147
2014-01-08,791.7105139877348
2014-01-09,787.8092804890384
2014-01-10,770.6079756795633
2014-01-13,765.4617533590745
2014-01-14,765.4617533590745
2014-01-15,765.4617533590745
2014-01-16,765.4617533590745
2014-01-17,765.4617533590745
2014-01-20,765.4617533590745
2014-01-21,765.4617533590745
2014-01-22,765.4617533590745
2014-01-23,765.4617533590745
2014-01-24,765.4617533590745
2014-01-27,765.4617533590745
2014-01-28,765.4617533590745
2014-01-29,765.4617533590745
2014-01-30,765.2140922584254
2014-01-31,770.3513009312097
2014-02-03,782.0466465374728
2014-02-04,777.0851341506996
2014-02-05,772.425619375524
2014-02-06,767.7908582725914
2014-02-07,774.0281050664256
2014-02-10,773.4818375007592
2014-02-11,767.2036867937225
2014-02-12,761.5126625991387
2014-02-13,770.1277892251302
2014-02-14,768.1163380648039
2014-02-17,768.1163380648039
2014-02-18,773.542065177709
2014-02-19,769.7203186425564
2014-02-20,765.6435046489195
2014-02-21,767.537099815339
2014-02-24,765.0971517221084
2014-02-25,771.315037500111
2014-02-26,775.3993267383928
2014-02-27,779.5027610824789
2014-02-28,775.654936502743
2014-03-03,783.5905593647991
2014-03-04,771.9934332731361
2014-03-05,771.9934332731361
2014-03-06,766.543474315179
2014-03-07,758.8258214970595
2014-03-10,760.0684425852965
2014-03-11,760.0684425852965
2014-03-12,760.0684425852965
2014-03-13,760.0684425852965
2014-03-14,759.8449053922379
2014-03-17,753.9334716676663
2014-03-18,756.0015917943614
2014-03-19,738.9484350828332
2014-03-20,737.9452329778272
2014-03-21,737.9452329778272
2014-03-24,737.9452329778272
2014-03-25,737.9452329778272
2014-03-26,737.9452329778272
2014-03-27,737.9452329778272
2014-03-28,737.9452329778272
2014-03-31,737.9452329778272
2014-04-01,737.9452329778272
2014-04-02,737.9452329778272
2014-04-03,737.7302026874352
2014-04-04,737.7302026874352
2014-04-07,722.5463427637255
2014-04-08,722.3328254275916
2014-04-09,722.3328254275916
2014-04-10,722.3328254275916
2014-04-11,722.1271339788505
2014-04-14,718.5303277676929
2014-04-15,717.7629555854107
2014-04-16,714.1852426547246
2014-04-17,702.990195568222
2014-04-18,702.7876551847214
2014-04-21,702.7876551847214
2014-04-22,702.7876551847214
2014-04-23,702.7876551847214
2014-04-24,702.7876551847214
2014-04-25,702.7876551847214
2014-04-28,702.7876551847214
2014-04-29,702.7876551847214
2014-04-30,702.7876551847214
2014-05-01,702.5920253421083
2014-05-02,703.3444553658665
2014-05-05,701.8381845120555
2014-05-06,703.0910566753555
2014-05-07,706.6045800483101
2014-05-08,709.3772832922263
2014-05-09,708.4257271822509
2014-05-12,700.3414699104283
2014-05-13,711.3461651216966
2014-05-14,728.5872711305327
2014-05-15,738.9446120196643
2014-05-16,733.4247684675788
2014-05-19,731.8620970267021
2014-05-20,742.0004163342151
2014-05-21,733.3172870407685
2014-05-22,728.6298773011641
2014-05-23,734.0677608709531
2014-05-26,734.0677608709531
2014-05-27,739.5413305516687
2014-05-28,766.3017104630032
2014-05-29,762.240921195208
2014-05-30,749.3073073772798
2014-06-02,727.0129905586263
2014-06-03,703.5706847233937
2014-06-04,703.3937903557835
2014-06-05,704.9001537127007
2014-06-06,702.3848407323485
2014-06-09,699.3758975796021
2014-06-10,696.4525929177001
2014-06-11,696.4525929177001
2014-06-12,696.4525929177001
2014-06-13,696.4525929177001
2014-06-16,696.4525929177001
2014-06-17,696.4525929177001
2014-06-18,696.4525929177001
2014-06-19,696.4525929177001
2014-06-20,696.4525929177001
2014-06-23,696.4525929177001
2014-06-24,696.4525929177001
2014-06-25,696.2788024543478
2014-06-26,700.2601964666194
2014-06-27,700.5870195642808
2014-06-30,702.5884871131915
2014-07-01,693.559366633168
2014-07-02,680.1680523212333
2014-07-03,680.0002429762925
2014-07-04,676.4658668753061
2014-07-07,679.3316414674654
2014-07-08,679.3316414674654
2014-07-09,679.1635800133693
2014-07-10,681.8419548196653
2014-07-11,684.3618874063244
2014-07-14,676.5182685322611
2014-07-15,673.1210011074324
2014-07-16,673.6042017331247
2014-07-17,691.4937988982033
2014-07-18,683.0841772849099
2014-07-21,684.0630325065159
2014-07-22,687.0032688784153
2014-07-23,687.9870229645132
2014-07-24,675.1822338413399
2014-07-25,685.8409895566583
2014-07-28,679.9471821349834
2014-07-29,686.7717199786645
2014-07-30,664.1520330292778
2014-07-31,663.9945365442062
2014-08-01,663.9945365442062
2014-08-04,663.9945365442062
2014-08-05,663.9945365442062
2014-08-06,677.6031892263999
2014-08-07,681.2070062725445
2014-08-08,693.9016201244734
2014-08-11,683.7297556166286
2014-08-12,682.2602623248474
2014-08-13,692.038515603908
2014-08-14,696.4937322541799
2014-08-15,707.2961022158656
2014-08-18,699.054942850921
2014-08-19,693.8111447884619
2014-08-20,677.4387899271998
2014-08-21,681.6514268500993
2014-08-22,679.2087661411927
2014-08-25,680.6697825777075
2014-08-26,681.6456198059295
2014-08-27,688.4850189792313
2014-08-28,694.3986566215757
2014-08-29,692.7477130498413
2014-09-01,692.7477130498413
2014-09-02,667.4788796963776
2014-09-03,669.4812892524775
2014-09-04,660.8246247483871
2014-09-05,662.5715120613545
2014-09-08,660.6650832812012
2014-09-09,656.3863421877444
2014-09-10,653.631662659462
2014-09-11,653.631662659462
2014-09-12,653.631662659462
2014-09-15,653.4769885974554
2014-09-16,653.2415270385186
2014-09-17,656.7723466965116
2014-09-18,659.8467343549663
2014-09-19,655.6594965335477
2014-09-22,646.6860400122118
2014-09-23,640.0051917340103
2014-09-24,643.5590850676557
2014-09-25,643.5590850676557
2014-09-26,643.5590850676557
2014-09-29,643.5590850676557
2014-09-30,643.4110048606578
2014-10-01,655.0268018116057
2014-10-02,652.6673430559443
2014-10-03,649.9312343483306
2014-10-06,657.4305466918139
2014-10-07,675.4195221757444
2014-10-08,686.5661778070207
2014-10-09,687.8852194742952
2014-10-10,698.2262129798954
2014-10-13,723.6696735186296
2014-10-14,739.8856702160277
2014-10-15,773.7435612966113
2014-10-16,764.73308082074
2014-10-17,746.8979610288121
2014-10-20,755.6315962519218
2014-10-21,741.9949676866568
2014-10-22,734.1012648645943
2014-10-23,711.4241367260881
2014-10-24,716.7491076233532
2014-10-27,720.416015357362
2014-10-28,711.6990951941899
2014-10-29,699.0162968317807
2014-10-30,703.0113783159395
2014-10-31,695.985028755675
2014-11-03,692.3446185330564
2014-11-04,693.8302646928059
2014-11-05,693.0860488196564
2014-11-06,688.1292610145335
2014-11-07,698.9660383534833
2014-11-10,692.4744392918612
2014-11-11,691.4838462427464
2014-11-12,692.4732010505498
2014-11-13,695.6926234298178
2014-11-14,698.0203717306306
2014-11-17,695.5265580689722
2014-11-18,697.5153744641447
2014-11-19,693.2785740373039
2014-11-20,696.2533686899436
2014-11-21,698.4928312893842
2014-11-24,700.9881213871637
2014-11-25,705.0881663556986
2014-11-26,711.6295077073385
2014-11-27,711.4775637383193
2014-11-28,735.0611304344643
2014-12-01,721.594450951407
2014-12-02,688.7306729133508
2014-12-03,681.6795435474236
2014-12-04,695.4544438801348
2014-12-05,673.5794466734312
2014-12-08,683.5831569756897
2014-12-09,689.9497701261172
2014-12-10,696.8618306147207
2014-12-11,692.2247481076027
2014-12-12,718.9623333562344
2014-12-15,707.1897498142384
2014-12-16,721.8200640296213
2014-12-17,699.2200122688068
2014-12-18,680.2385369774227
2014-12-19,687.8865542370231
2014-12-22,687.8865542370231
2014-12-23,676.5606850198658
2014-12-24,676.6476710347101
2014-12-25,676.6476710347101
2014-12-26,676.6476710347101
2014-12-29,676.6476710347101
2014-12-30,676.6476710347101
2014-12-31,676.6476710347101
2015-01-01,676.4942745952304
2015-01-02,684.0165628803718
2015-01-05,694.0617750922764
2015-01-06,702.0899910740532
2015-01-07,706.1004410294233
2015-01-08,695.0165599652687
2015-01-09,709.4262351146391
2015-01-12,726.6265426108251
2015-01-13,731.7929585021428
2015-01-14,745.6591092451039
2015-01-15,786.0921854058853
2015-01-16,753.6944398769826
2015-01-19,762.498163788214
2015-01-20,750.3692833599423
2015-01-21,728.8443108748938
2015-01-22,718.5689827911974
2015-01-23,737.4983905182438
2015-01-26,730.693716095283
2015-01-27,735.366368248319
2015-01-28,763.0378791965445
2015-01-29,749.0135136596006
2015-01-30,776.6064528535376
2015-02-02,776.0585738205041
2015-02-03,747.0391335626999
2015-02-04,745.4509351872699
2015-02-05,740.1668668423495
2015-02-06,697.1083149166791
2015-02-09,696.4269232926441
2015-02-10,691.947021849123
2015-02-11,691.0231782638111
2015-02-12,691.0231782638111
2015-02-13,690.8465618285792
2015-02-16,690.8465618285792
2015-02-17,690.8465618285792
2015-02-18,690.8465618285792
2015-02-19,690.8465618285792
2015-02-20,690.8465618285792
2015-02-23,690.8465618285792
2015-02-24,690.8465618285792
2015-02-25,690.8465618285792
2015-02-26,690.6553529348429
2015-02-27,693.0026110138682
2015-03-02,684.4530516138749
2015-03-03,680.830119078728
2015-03-04,680.830119078728
2015-03-05,680.830119078728
2015-03-06,680.830119078728
2015-03-09,680.830119078728
2015-03-10,680.830119078728
2015-03-11,680.830119078728
2015-03-12,680.830119078728
2015-03-13,680.830119078728
2015-03-16,680.830119078728
2015-03-17,680.830119078728
2015-03-18,680.830119078728
2015-03-19,680.6284613202538
2015-03-20,687.7029067509686
2015-03-23,690.6567926512847
2015-03-24,694.8571568622447
2015-03-25,688.1505496012195
2015-03-26,681.5005293389592
2015-03-27,685.1638130702355
2015-03-30,686.3906315281577
2015-03-31,690.8140788305036
2015-04-01,698.4750902191741
2015-04-02,693.9836678366913
2015-04-03,693.9836678366913
2015-04-06,704.0325236327495
2015-04-07,698.671446911561
2015-04-08,694.6780896770032
2015-04-09,680.2745493016075
2015-04-10,680.0716386318752
2015-04-13,683.2406796638172
2015-04-14,687.8911711993211
2015-04-15,689.1222511543199
2015-04-16,692.8212617066057
2015-04-17,693.6090559074214
2015-04-20,688.648999308
2015-04-21,683.2270374377575
2015-04-22,663.6463615018135
2015-04-23,672.517625606541
2015-04-24,678.0700960405878
2015-04-27,677.0975084205371
2015-04-28,669.3265333363317
2015-04-29,663.075755252974
2015-04-30,662.8372940794575
2015-05-01,653.3018279034643
2015-05-04,651.2217981876203
2015-05-05,651.2217981876203
2015-05-06,651.2217981876203
2015-05-07,651.0247679943617
2015-05-08,644.4533012744109
2015-05-11,657.0500930134372
2015-05-12,657.0500930134372
2015-05-13,656.8492046750483
2015-05-14,649.9902587576807
2015-05-15,640.0615267062981
2015-05-18,649.5752665088047
2015-05-19,649.5752665088047
2015-05-20,649.5752665088047
2015-05-21,649.5752665088047
2015-05-22,649.5752665088047
2015-05-25,649.5752665088047
2015-05-26,649.5752665088047
2015-05-27,649.5752665088047
2015-05-28,649.5752665088047
2015-05-29,649.5752665088047
2015-06-01,649.5752665088047
2015-06-02,649.5752665088047
2015-06-03,649.5752665088047
2015-06-04,649.3672410137398
2015-06-05,661.3102814173963
2015-06-08,658.455367862081
2015-06-09,662.958696608762
2015-06-10,669.6345852040888
2015-06-11,657.6090448102749
2015-06-12,659.0295617692941
2015-06-15,654.522823746289
2015-06-16,649.0996909506125
2015-06-17,645.3541924958594
2015-06-18,648.1735708815012
2015-06-19,648.1735708815012
2015-06-22,648.1735708815012
2015-06-23,648.1735708815012
2015-06-24,648.1735708815012
2015-06-25,648.1735708815012
2015-06-26,648.1735708815012
2015-06-29,647.9569593187578
2015-06-30,651.9476410677438
2015-07-01,651.9476410677438
2015-07-02,651.9476410677438
2015-07-03,651.9476410677438
2015-07-06,651.9476410677438
2015-07-07,651.9476410677438
2015-07-08,651.9476410677438
2015-07-09,651.7266576909078
2015-07-10,640.2158432450159
2015-07-13,636.0640366709321
2015-07-14,636.0640366709321
2015-07-15,636.0640366709321
2015-07-16,636.0640366709321
2015-07-17,636.0640366709321
2015-07-20,636.0640366709321
2015-07-21,636.0640366709321
2015-07-22,636.0640366709321
2015-07-23,636.0640366709321
2015-07-24,636.0640366709321
2015-07-27,636.0640366709321
2015-07-28,635.8458631993112
2015-07-29,634.006248541313
2015-07-30,634.006248541313
2015-07-31,644.3282114114252
2015-08-03,648.5150576006145
2015-08-04,638.222975558606
2015-08-05,633.1476926016406
2015-08-06,637.2716483725247
2015-08-07,643.2619805155515
2015-08-10,637.2229769238627
2015-08-11,648.2813215777205
2015-08-12,649.4505111426856
2015-08-13,643.5954290243834
2015-08-14,640.9849390183599
2015-08-17,645.3845370937813
2015-08-18,642.1234797439961
2015-08-19,653.0234183527359
2015-08-20,655.8472561715587
2015-08-21,661.752312860399
2015-08-24,665.7991220224699
2015-08-25,654.0824157993259
2015-08-26,640.6606546353556
2015-08-27,641.3550239990764
2015-08-28,641.3550239990764
2015-08-31,641.3550239990764
2015-09-01,641.3550239990764
2015-09-02,640.8916771090769
2015-09-03,643.6700208982359
2015-09-04,648.3179585288499
2015-09-07,646.2133142704876
2015-09-08,641.5494810562969
2015-09-09,643.4033547589377
2015-09-10,639.2217108884187
2015-09-11,644.5348669354291
2015-09-14,646.1635369568504
2015-09-15,633.5720272707035
2015-09-16,631.0628067458747
2015-09-17,631.0628067458747
2015-09-18,631.0628067458747
2015-09-21,630.8446606146842
2015-09-22,638.9524685683784
2015-09-23,635.9504741648194
2015-09-24,638.940272966114
2015-09-25,634.7837339306797
2015-09-28,643.0500509373998
2015-09-29,649.3195357421841
2015-09-30,648.8512110323453
2015-10-01,649.5532590426882
2015-10-02,657.529667783353
2015-10-05,641.4321623429568
2015-10-06,646.9929035605289
2015-10-07,638.1223628307478
2015-10-08,630.7411392024402
2015-10-09,629.6147893689096
2015-10-12,635.0869002891765
2015-10-13,637.1543321962398
2015-10-14,646.3687613486928
2015-10-15,639.3871947635798
2015-10-16,635.690258789762
2015-10-19,633.8510331427875
2015-10-20,622.3846107499315
2015-10-21,631.6598235412994
2015-10-22,632.574398320726
2015-10-23,624.561865839093
2015-10-26,627.2789728359895
2015-10-27,630.9153677001694
2015-10-28,620.6368703418858
2015-10-29,620.6368703418858
2015-10-30,620.6368703418858
2015-11-02,609.8273172867574
2015-11-03,606.3005452904707
2015-11-04,606.1019456523645
2015-11-05,606.3226025103809
2015-11-06,617.8003448011747
2015-11-09,619.819158270928
2015-11-10,615.3202885317347
2015-11-11,617.5556644333965
2015-11-12,616.4344837077193
2015-11-13,611.3823751084766
2015-11-16,608.9369981940412
2015-11-17,607.3861985104918
2015-11-18,609.8178385678716
2015-11-19,607.8214758968994
2015-11-20,609.1486411642062
2015-11-23,607.8189874620233
2015-11-24,604.9434728254589
2015-11-25,604.7552285681269
2015-11-26,604.7552285681269
2015-11-27,604.7552285681269
2015-11-30,604.7552285681269
2015-12-01,604.7552285681269
2015-12-02,604.5682147556795
2015-12-03,589.3759626250102
2015-12-04,593.9291887779183
2015-12-07,593.9291887779183
2015-12-08,593.9291887779183
2015-12-09,593.9291887779183
2015-12-10,593.9291887779183
2015-12-11,593.9291887779183
2015-12-14,593.9291887779183
2015-12-15,593.9291887779183
2015-12-16,593.9291887779183
2015-12-17,593.9291887779183
2015-12-18,593.9291887779183
2015-12-21,593.9291887779183
2015-12-22,593.9291887779183
2015-12-23,593.9291887779183
2015-12-24,593.9291887779183
2015-12-25,593.9291887779183
2015-12-28,593.9291887779183
2015-12-29,593.9291887779183
2015-12-30,593.9291887779183
2015-12-31,593.7388968308239
2016-01-01,593.7388968308239
2016-01-04,589.1862353203717
2016-01-05,589.4288153125568
2016-01-06,589.4288153125568
2016-01-07,589.4288153125568
2016-01-08,589.2403129853508
2016-01-11,585.5787238226161
2016-01-12,591.1490509536748
2016-01-13,596.9806210710965
2016-01-14,594.1491372979951
2016-01-15,602.6090799088144
2016-01-18,601.6499127085785
2016-01-19,599.2379911336428
2016-01-20,613.659774700774
2016-01-21,607.8612890313303
2016-01-22,599.0130229184387
2016-01-25,606.003153147623
2016-01-26,609.0919169426439
2016-01-27,613.0805589754464
2016-01-28,617.537312469043
2016-01-29,634.1303628198897
2016-02-01,624.953733284641
2016-02-02,649.4209217829975
2016-02-03,647.0789814024257
2016-02-04,654.3475259157136
2016-02-05,657.1763291378974
2016-02-08,693.3788223748031
2016-02-09,697.8415782506614
2016-02-10,712.0531313632514
2016-02-11,736.4147253041489
2016-02-12,692.502952225681
2016-02-15,676.7727582805096
2016-02-16,677.294046400617
2016-02-17,666.1204444836081
2016-02-18,683.3581544844893
2016-02-19,677.4829683258557
2016-02-22,675.0533340498373
2016-02-23,679.8974173876488
2016-02-24,680.8722891593834
2016-02-25,692.0973283160495
2016-02-26,673.780077598741
2016-02-29,679.0998156322322
2016-03-01,650.8574473155637
2016-03-02,642.2115836092013
2016-03-03,643.8351714483464
2016-03-04,638.4888561535614
2016-03-07,635.2579674078896
2016-03-08,644.259290129789
2016-03-09,644.259290129789
2016-03-10,644.259290129789
2016-03-11,644.259290129789
2016-03-14,644.259290129789
2016-03-15,644.259290129789
2016-03-16,644.259290129789
2016-03-17,644.259290129789
2016-03-18,644.259290129789
2016-03-21,644.0710403641522
2016-03-22,639.4205963618763
2016-03-23,647.5080091345843
2016-03-24,646.1064316174569
2016-03-25,646.1064316174569
2016-03-28,649.0209098659626
2016-03-29,658.9688438251198
2016-03-30,658.4944882977292
2016-03-31,665.1313150703343
2016-04-01,663.0230754590639
2016-04-04,669.6995273693308
2016-04-05,681.2450202798706
2016-04-06,672.944291939397
2016-04-07,691.3017188729576
2016-04-08,685.3669559814105
2016-04-11,684.8761016339221
2016-04-12,670.159674728286
2016-04-13,670.6410245249913
2016-04-14,661.0080117184289
2016-04-15,671.9475018868814
2016-04-18,667.6052971887676
2016-04-19,661.368504149109
2016-04-20,645.9502763312292
2016-04-21,642.9198533336337
2016-04-22,641.5268786086332
2016-04-25,639.256156064289
2016-04-26,639.256156064289
2016-04-27,639.256156064289
2016-04-28,639.256156064289
2016-04-29,639.0721693876474
2016-05-02,634.2220082760409
2016-05-03,643.3997833794914
2016-05-04,646.6521574317767
2016-05-05,650.618747018133
2016-05-06,646.9141914413465
2016-05-09,654.38333335576
2016-05-10,654.38333335576
2016-05-11,657.6837604391915
2016-05-12,648.6862657839761
2016-05-13,658.5127730223908
2016-05-16,645.0942415325172
2016-05-17,642.7658220277281
2016-05-18,614.4478750629208
2016-05-19,618.5514215378048
2016-05-20,618.5514215378048
2016-05-23,618.5514215378048
2016-05-24,618.5514215378048
2016-05-25,618.5514215378048
2016-05-26,618.5514215378048
2016-05-27,618.5514215378048
2016-05-30,618.5514215378048
2016-05-31,618.5514215378048
2016-06-01,618.5514215378048
2016-06-02,618.5514215378048
2016-06-03,618.3726142637915
2016-06-06,614.5562597505151
2016-06-07,617.0125468934075
2016-06-08,617.460679735216
2016-06-09,619.0770076287216
2016-06-10,629.8631627431524
2016-06-13,639.4426167541563
2016-06-14,637.1318585767996
2016-06-15,650.4923735135039
2016-06-16,651.2463925177966
2016-06-17,638.5691096440587
2016-06-20,618.4892619756109
2016-06-21,606.8611601733483
2016-06-22,611.72083064954
2016-06-23,594.3726354024574
2016-06-24,640.195216729832
2016-06-27,653.1486330226043
2016-06-28,653.3839919704237
2016-06-29,645.4172171559107
2016-06-30,650.5419605238576
2016-07-01,659.4546463050785
2016-07-04,661.827942074782
2016-07-05,676.5883584524809
2016-07-06,674.6468875563497
2016-07-07,671.2578074232906
2016-07-08,675.114096460407
2016-07-11,655.7362440488969
2016-07-12,634.9534973375522
2016-07-13,643.0303022939213
2016-07-14,637.457575026717
2016-07-15,630.7743657530374
2016-07-18,631.4594667209309
2016-07-19,635.5739262212361
2016-07-20,631.4363228862417
2016-07-21,635.7792260533787
2016-07-22,633.7098469801035
2016-07-25,632.3341410170159
2016-07-26,633.7072675314229
2016-07-27,640.3564896434264
2016-07-28,641.0505738524671
2016-07-29,647.9979229823339
2016-08-01,643.5566853146263
2016-08-02,639.8389018880532
2016-08-03,640.3013012017333
2016-08-04,645.8535609607462
2016-08-05,632.5680444061329
2016-08-08,632.3391168922559
2016-08-09,636.6873803988037
2016-08-10,642.4427505581693
2016-08-11,632.2341627379946
2016-08-12,639.5565043653745
2016-08-15,634.3307795764588
2016-08-16,631.1180824158118
2016-08-17,634.5451984271359
2016-08-18,637.2997429212377
2016-08-19,630.6179640010139
2016-08-22,634.9560081622699
2016-08-23,635.4153556673714
2016-08-24,634.4960864727873
2016-08-25,631.7417261485143
2016-08-26,623.7383010187648
2016-08-29,630.5630277558323
2016-08-30,630.5630277558323
2016-08-31,630.5630277558323
2016-09-01,630.5630277558323
2016-09-02,630.5630277558323
2016-09-05,630.5630277558323
2016-09-06,630.5630277558323
2016-09-07,630.3749224771028
2016-09-08,621.9299624359613
2016-09-09,615.3874721513854
2016-09-12,617.4372474046759
2016-09-13,617.4372474046759
2016-09-14,617.4372474046759
2016-09-15,617.4372474046759
2016-09-16,617.4372474046759
2016-09-19,617.4372474046759
2016-09-20,617.4372474046759
2016-09-21,617.4372474046759
2016-09-22,617.4372474046759
2016-09-23,617.4372474046759
2016-09-26,617.2538413979553
2016-09-27,618.8228341760133
2016-09-28,617.4750413619333
2016-09-29,619.4929399157638
2016-09-30,614.8131148610336
2016-10-03,607.2182255156351
2016-10-04,593.7771228246655
2016-10-05,590.7812180422113
2016-10-06,590.7812180422113
2016-10-07,590.6052406749692
2016-10-10,595.3531517046096
2016-10-11,594.4839602649788
2016-10-12,594.4839602649788
2016-10-13,590.7945142260711
2016-10-14,595.111979939984
2016-10-17,590.7675300653592
2016-10-18,587.9612869744686
2016-10-19,587.5749407407972
2016-10-20,587.5749407407972
2016-10-21,587.5749407407972
2016-10-24,587.5749407407972
2016-10-25,587.5749407407972
2016-10-26,587.5749407407972
2016-10-27,587.5749407407972
2016-10-28,587.4080954759187
2016-10-31,585.6895752372288
2016-11-01,585.0467412604439
2016-11-02,581.193353340854
2016-11-03,581.193353340854
2016-11-04,576.7716541020111
2016-11-07,576.7716541020111
2016-11-08,576.7716541020111
2016-11-09,576.6026848150707
2016-11-10,584.2144650192403
2016-11-11,587.2501335894076
2016-11-14,603.079671117738
2016-11-15,605.7162198844296
2016-11-16,604.834074609574
2016-11-17,618.0497135085036
2016-11-18,633.7570509915022
2016-11-21,629.1710694228053
2016-11-22,625.7985033352835
2016-11-23,644.8507140478347
2016-11-24,644.8507140478347
2016-11-25,648.3422017699339
2016-11-28,627.9966481593137
2016-11-29,627.6553997304891
2016-11-30,655.9657426262534
2016-12-01,675.1011254864804
2016-12-02,653.3014063321732
2016-12-05,654.7138464690461
2016-12-06,651.1761253137225
2016-12-07,636.3873453466086
2016-12-08,652.7730404521895
2016-12-09,667.3580181109508
2016-12-12,666.8784193496314
2016-12-13,665.729283930491
2016-12-14,709.5194273552659
2016-12-15,728.4925389339049
2016-12-16,721.5021331366501
2016-12-19,696.8570691425505
2016-12-20,705.074657668083
2016-12-21,696.7723252608808
2016-12-22,698.2662733707451
2016-12-23,694.5244002143197
2016-12-26,694.5244002143197
2016-12-27,702.7179330915299
2016-12-28,682.3991354101506
2016-12-29,668.9998808492307
2016-12-30,661.7905069662692
2017-01-02,661.7905069662692
2017-01-03,663.2188641668309
2017-01-04,659.4027698459969
2017-01-05,636.6206867506169
2017-01-06,653.0086519457915
2017-01-09,646.8904566487319
2017-01-10,647.3572631841374
2017-01-11,646.4230666051571
2017-01-12,645.0235233552726
2017-01-13,649.4471005251944
2017-01-16,646.2853705698537
2017-01-17,640.3384090231252
2017-01-18,651.9061966641116
2017-01-19,657.3105224526348
2017-01-20,655.8905652230362
2017-01-23,646.4419331577483
2017-01-24,653.4398262811021
2017-01-25,661.209674489626
2017-01-26,658.5930162335678
2017-01-27,656.9335940105569
2017-01-30,656.6970522624285
2017-01-31,651.2582921992924
2017-02-01,654.310279011352
2017-02-02,653.83883508697
2017-02-03,653.1321111790759
2017-02-06,644.6593749283113
2017-02-07,642.7977264909906
2017-02-08,636.7624949632512
2017-02-09,645.0933876610691
2017-02-10,645.0933876610691
2017-02-13,645.0933876610691
2017-02-14,644.907675923754
2017-02-15,647.9615944018346
2017-02-16,641.183192452568
2017-02-17,636.5507974997395
2017-02-20,637.2413138723955
2017-02-21,637.4717017829805
2017-02-22,635.3975626217159
2017-02-23,631.0311395936494
2017-02-24,624.1777226599589
2017-02-27,630.7858191346492
2017-02-28,630.7858191346492
2017-03-01,630.7858191346492
2017-03-02,630.6024847771849
2017-03-03,629.0042918417348
2017-03-06,629.2321056829353
2017-03-07,632.1946111122724
2017-03-08,636.8300626033941
2017-03-09,645.1194008076824
2017-03-10,639.0653056761199
2017-03-13,648.765537813119
2017-03-14,645.0217101240534
2017-03-15,616.6177574255738
2017-03-16,626.3020870250575
2017-03-17,621.5357295789556
2017-03-20,617.0261312690872
2017-03-21,611.8725059505905
2017-03-22,611.0388170645416
2017-03-23,611.0388170645416
2017-03-24,611.0388170645416
2017-03-27,611.0388170645416
2017-03-28,611.0388170645416
2017-03-29,611.0388170645416
2017-03-30,611.0388170645416
2017-03-31,611.0388170645416
2017-04-03,611.0388170645416
2017-04-04,611.0388170645416
2017-04-05,611.0388170645416
2017-04-06,610.8723034873792
2017-04-07,605.0964660215442
2017-04-10,607.5759437862669
2017-04-11,607.5759437862669
2017-04-12,607.409339275265
2017-04-13,611.6095822272118
2017-04-14,611.6095822272118
2017-04-17,609.6081802771979
2017-04-18,618.9217876433361
2017-04-19,613.8118172563778
2017-04-20,607.1198314695993
2017-04-21,610.4932302834197
2017-04-24,606.7187349975391
2017-04-25,599.430698042877
2017-04-26,603.2038638841393
2017-04-27,603.2038638841393
2017-04-28,603.2038638841393
2017-05-01,603.2038638841393
2017-05-02,603.2038638841393
2017-05-03,603.2038638841393
2017-05-04,603.2038638841393
2017-05-05,603.2038638841393
2017-05-08,603.2038638841393
2017-05-09,603.2038638841393
2017-05-10,603.2038638841393
2017-05-11,603.0439826585306
2017-05-12,595.1347378536223
2017-05-15,596.7133708951771
2017-05-16,596.7133708951771
2017-05-17,596.6506889606558
2017-05-18,596.4914715876464
2017-05-19,595.838510833033
2017-05-22,594.0989145559504
2017-05-23,590.6284199831706
2017-05-24,594.513204845576
2017-05-25,594.513204845576
2017-05-26,595.3813463516328
2017-05-29,595.3813463516328
2017-05-30,598.858253083391
2017-05-31,599.7318258997452
2017-06-01,599.5733693941944
2017-06-02,612.2531367144642
2017-06-05,606.4660799786591
2017-06-06,616.1799885783655
2017-06-07,609.0181886925819
2017-06-08,605.9162341170519
2017-06-09,602.3866529464667
2017-06-12,602.3866529464667
2017-06-13,603.2646362626498
2017-06-14,618.2090097832311
2017-06-15,611.4758003165132
2017-06-16,614.588506942898
2017-06-19,604.7629149724331
2017-06-20,612.2510209440153
2017-06-21,610.4703933916553
2017-06-22,613.134657366874
2017-06-23,613.5803665277283
2017-06-26,614.472341985888
2017-06-27,598.8432595049466
2017-06-28,599.1212497451944
2017-06-29,593.4408895910148
2017-06-30,588.7318019784271
2017-07-03,588.7318019784271
2017-07-04,588.5740469851675
2017-07-05,586.4222530883388
2017-07-06,589.6398573996904
2017-07-07,591.1484445877522
2017-07-10,590.9907580224868
2017-07-11,590.9907580224868
2017-07-12,572.4203814006326
2017-07-13,576.8883966952268
2017-07-14,574.1385375836524
2017-07-17,572.9308998167894
2017-07-18,572.9308998167894
2017-07-19,572.7848859738375
2017-07-20,574.0463576350385
2017-07-21,576.5740314761698
2017-07-24,574.6711670126431
2017-07-25,566.237777424985
2017-07-26,571.0904653280943
2017-07-27,571.0904653280943
2017-07-28,571.0904653280943
2017-07-31,571.0904653280943
2017-08-01,571.0904653280943
2017-08-02,570.9475813728636
2017-08-03,575.560345994802
2017-08-04,571.9714316567046
2017-08-07,572.3914138014901
2017-08-08,571.3408022174253
2017-08-09,573.8583302257406
2017-08-10,578.4911062460426
2017-08-11,580.3993624823596
2017-08-14,576.8549498692429
2017-08-15,565.8560569338678
2017-08-16,576.8523459088757
2017-08-17,580.6596403546132
2017-08-18,579.8088158041699
2017-08-21,580.9414946516827
2017-08-22,572.8553144026939
2017-08-23,582.5276095472327
2017-08-24,576.5554929636943
2017-08-25,581.6296591609221
2017-08-28,585.0378074567266
2017-08-29,592.3163341609544
2017-08-30,588.8547524901496
2017-08-31,592.7295604729068
2017-09-01,582.7715730411088
2017-09-04,588.9591904217938
2017-09-05,605.5372709413183
2017-09-06,595.8361334658752
2017-09-07,609.3179585517764
2017-09-08,606.6580162072072
2017-09-11,589.4332270621566
2017-09-12,582.1079990246211
2017-09-13,576.4231680850559
2017-09-14,576.6345503250824
2017-09-15,574.5200673553165
2017-09-18,571.4317009987601
2017-09-19,571.4317009987601
2017-09-20,571.4317009987601
2017-09-21,571.2945794123342
2017-09-22,568.5674451834716
2017-09-25,564.8067533043146
2017-09-26,566.8842744083906
2017-09-27,572.5111104737115
2017-09-28,572.3009507516884
2017-09-29,576.0826435996667
2017-10-02,576.0826435996667
2017-10-03,573.9698853384177
2017-10-04,574.180500927586
2017-10-05,576.7086778060643
2017-10-06,577.9775065769508
2017-10-09,577.2096648329482
2017-10-10,575.5166406708659
2017-10-11,572.9834532683501
2017-10-12,570.4597653185938
2017-10-13,561.1103541773813
2017-10-16,564.288121088315
2017-10-17,564.288121088315
2017-10-18,564.288121088315
2017-10-19,564.161310392705
2017-10-20,570.5953730871342
2017-10-23,568.3707952286818
2017-10-24,576.7254301690404
2017-10-25,580.1090573198854
2017-10-26,584.7848070889596
2017-10-27,575.2384715619105
2017-10-30,561.9447141530354
2017-10-31,567.4031647236993
2017-11-01,565.7346568118901
2017-11-02,560.1983874342852
2017-11-03,558.5478914656995
2017-11-06,557.3131141692014
2017-11-07,556.9839366218949
2017-11-08,556.9839366218949
2017-11-09,556.9839366218949
2017-11-10,556.9839366218949
2017-11-13,556.8617703930992
2017-11-14,555.0976112311853
2017-11-15,545.1748865928679
2017-11-16,552.716398627383
2017-11-17,551.0846076308145
2017-11-20,553.9331027891993
2017-11-21,554.137456883821
2017-11-22,548.8225900466399
2017-11-23,549.1267256357243
2017-11-24,551.0538206024553
2017-11-27,549.222731732011
2017-11-28,550.0342601466759
2017-11-29,550.0342601466759
2017-11-30,559.3785026362845
2017-12-01,554.7253468227008
2017-12-04,557.9989735568142
2017-12-05,555.5314774059761
2017-12-06,550.6149913254313
2017-12-07,555.4946037603721
2017-12-08,557.133340269773
2017-12-11,559.5975902957846
2017-12-12,561.658832765459
2017-12-13,548.4256561101498
2017-12-14,552.7677736649086
2017-12-15,552.7677736649086
2017-12-18,555.8276226039629
2017-12-19,562.1809526979388
2017-12-20,565.5815718353347
2017-12-21,565.048193180654
2017-12-22,565.048193180654
2017-12-25,565.048193180654
2017-12-26,561.3072970940129
2017-12-27,545.807907318372
2017-12-28,551.1449839408032
2017-12-29,547.0753277911732
2018-01-01,547.0753277911732
2018-01-02,554.3549252288238
2018-01-03,552.3100660874837
2018-01-04,555.5716164179211
2018-01-05,560.2835374109249
2018-01-08,560.3769432021473
2018-01-09,578.9500447297077
2018-01-10,578.9500447297077
2018-01-11,578.1973809872414
2018-01-12,584.1316080708798
2018-01-15,584.1316080708798
2018-01-16,579.8557855204368
2018-01-17,595.1525406946466
2018-01-18,609.0555915085395
2018-01-19,618.685258936097
2018-01-22,632.1606075411489
2018-01-23,609.1563601960829
2018-01-24,622.4530419497595
2018-01-25,611.616246320513
2018-01-26,639.5184600255445
2018-01-29,656.8509239323932
2018-01-30,671.0418787561256
2018-01-31,674.6561375627949
2018-02-01,703.5773861743237
2018-02-02,745.7651989484757
2018-02-05,693.2905215166938
2018-02-06,698.2485872761732
2018-02-07,716.9575385404587
2018-02-08,715.6810423864891
2018-02-09,718.2300456439469
2018-02-12,728.4579212144962
2018-02-13,716.8077316974174
2018-02-14,774.2395253323921
2018-02-15,771.2436753217594
2018-02-16,746.739946953335
2018-02-19,760.631774208038
2018-02-20,755.9251941928378
2018-02-21,788.0223889750694
2018-02-22,767.2093642334662
2018-02-23,733.3339984430963
2018-02-26,730.5889350056111
2018-02-27,757.5830753932934
2018-02-28,739.359435041186
2018-03-01,707.8834562271416
2018-03-02,707.7446956510651
2018-03-05,735.7633397814614
2018-03-06,732.6292272572807
2018-03-07,731.848637356727
2018-03-08,724.8299144790296
2018-03-09,731.7894168824464
2018-03-12,723.2115885208464
2018-03-13,713.9504581499867
2018-03-14,707.0827511593462
2018-03-15,711.6225916346176
2018-03-16,716.1879687125623
2018-03-19,720.7790260365705
2018-03-20,735.399152437847
2018-03-21,726.7840986783318
2018-03-22,705.8561261805366
2018-03-23,700.5676953524768
2018-03-26,713.1918022332978
2018-03-27,695.4032315594445
2018-03-28,698.2512863481369
2018-03-29,694.7589369703638
2018-03-30,694.7589369703638
2018-04-02,692.7720396279379
2018-04-03,698.3372230141622
2018-04-04,698.2043155518379
2018-04-05,701.1975817351573
2018-04-06,693.9367286506824
2018-04-09,694.9291495614957
2018-04-10,697.4133031538755
2018-04-11,695.6689615532264
2018-04-12,702.8797115173026
2018-04-13,701.4909509315103
2018-04-16,704.4965419975034
2018-04-17,702.4853006425097
2018-04-18,715.5256867779507
2018-04-19,723.1712400914938
2018-04-20,734.3517493720709
2018-04-23,745.1627215681189
2018-04-24,748.3320817739992
2018-04-25,761.0570630006091
2018-04-26,743.6937211602869
2018-04-27,730.5110067671574
2018-04-30,721.2898893085569
2018-05-01,732.5826252865495
2018-05-02,729.4604404417249
2018-05-03,713.9080571834425
2018-05-04,713.9080571834425
2018-05-07,713.9080571834425
2018-05-08,727.1340631126735
2018-05-09,741.6089092171454
2018-05-10,732.1408089884525
2018-05-11,732.1408089884525
2018-05-14,744.6229211232792
2018-05-15,780.5193952710185
2018-05-16,793.5859006029178
2018-05-17,797.514450182274
2018-05-18,761.0529256436191
2018-05-21,755.6713448583466
2018-05-22,759.68230428737
2018-05-23,712.6684282716544
2018-05-24,704.7902943489794
2018-05-25,683.534856385002
2018-05-28,683.4087958653793
2018-05-29,666.0269132071162
2018-05-30,673.5557897193365
2018-05-31,673.4231190762645
2018-06-01,667.1390562337697
2018-06-04,661.7328809260051
2018-06-05,661.6014267368467
2018-06-06,661.6014267368467
2018-06-07,661.6014267368467
2018-06-08,664.2194316412547
2018-06-11,664.9358873584184
2018-06-12,666.8482270768144
2018-06-13,669.004987715468
2018-06-14,664.7877711811683
2018-06-15,662.3978093962271
2018-06-18,660.4918148727367
2018-06-19,652.280710769436
2018-06-20,657.2175529338605
2018-06-21,652.9582041986075
2018-06-22,653.1935036374196
2018-06-25,651.0751469084393
2018-06-26,650.6057249416215
2018-06-27,644.9761820045594
2018-06-28,646.4774094128659
2018-06-29,646.4774094128659
2018-07-02,646.4774094128659
2018-07-03,646.4774094128659
2018-07-04,646.4774094128659
2018-07-05,646.4774094128659
2018-07-06,646.4774094128659
2018-07-09,646.4774094128659
2018-07-10,646.4774094128659
2018-07-11,646.4774094128659
2018-07-12,646.4774094128659
2018-07-13,646.4774094128659
2018-07-16,646.4774094128659
2018-07-17,646.4774094128659
2018-07-18,646.4774094128659
2018-07-19,646.3507806883771
2018-07-20,651.4819423056097
2018-07-23,658.5270855147247
2018-07-24,657.6871544375063
2018-07-25,661.0020357381704
2018-07-26,666.2339247338704
2018-07-27,660.358059697782
2018-07-30,664.635073783582
2018-07-31,662.4845376385656
2018-08-01,676.0662934652526
2018-08-02,668.0631098138922
2018-08-03,653.6619265048816
2018-08-06,649.2956731541008
2018-08-07,656.7886298856417
2018-08-08,653.9506725235706
2018-08-09,648.767261649971
2018-08-10,629.1121210316593
2018-08-13,632.5127911172398
2018-08-14,632.5127911172398
2018-08-15,632.5127911172398
2018-08-16,632.2884996000772
2018-08-17,632.0596594439521
2018-08-20,638.2364128205105
2018-08-21,636.852219546472
2018-08-22,637.543018502297
2018-08-23,636.390607535887
2018-08-24,637.0809737304519
2018-08-27,633.3955688617997
2018-08-28,626.7491715189897
2018-08-29,625.7192130817524
2018-08-30,625.5974950463592
2018-08-31,625.1439966119552
2018-09-03,625.5972116098378
2018-09-04,628.7716994106308
2018-09-05,628.7716994106308
2018-09-06,625.3555820696434
2018-09-07,633.9691796067206
2018-09-10,633.2810835008391
2018-09-11,638.3223909499075
2018-09-12,636.8128155782097
2018-09-13,639.1153556268915
2018-09-14,645.5826149886269
2018-09-17,640.7960709149461
2018-09-18,665.1034419918427
2018-09-19,667.9725798993121
2018-09-20,667.9725798993121
2018-09-21,667.2526056056564
2018-09-24,674.4455987832093
2018-09-25,678.6698313233783
2018-09-26,655.3097363836769
2018-09-27,655.1807952340249
2018-09-28,659.4286872072163
2018-10-01,663.7004735727568
2018-10-02,656.5407816330122
2018-10-03,695.5499156859644
2018-10-04,697.0415717778757
2018-10-05,713.4805541957942
2018-10-08,708.7628188044503
2018-10-09,700.6751906164059
2018-10-10,671.6507149565612
2018-10-11,671.51566721266
2018-10-12,671.51566721266
2018-10-15,670.7923712746482
2018-10-16,675.850696211138
2018-10-17,688.943176709701
2018-10-18,674.8901263745595
2018-10-19,679.9753428288925
2018-10-22,681.4377965966967
2018-10-23,668.9836317134368
2018-10-24,645.1932006073024
2018-10-25,648.4306225545249
2018-10-26,644.2207003026557
2018-10-29,644.4532692715003
2018-10-30,648.7454527042574
2018-10-31,648.7454527042574
2018-11-01,648.6174229482791
2018-11-02,656.3375401224332
2018-11-05,656.4440434348081
2018-11-06,657.8623760162484
2018-11-07,663.5463438363703
2018-11-08,664.8492787292521
2018-11-09,647.640169957844
2018-11-12,635.7246547491408
2018-11-13,632.8421802744683
2018-11-14,625.8484527541419
2018-11-15,623.4314678490178
2018-11-16,617.6571604151569
2018-11-19,617.6571604151569
2018-11-20,617.5359885379141
2018-11-21,617.7602185343321
2018-11-22,616.8630182611643
2018-11-23,619.1032151932304
2018-11-26,617.979616419491
2018-11-27,617.979616419491
2018-11-28,620.447671350933
2018-11-29,622.4739304266075
2018-11-30,620.4419724972827
2018-12-03,626.9709778730393
2018-12-04,629.9242974706485
2018-12-05,631.855879177533
2018-12-06,637.6805928056885
2018-12-07,664.6520394801466
2018-12-10,656.7665653230076
2018-12-11,643.2866608781916
2018-12-12,634.2278546987385
2018-12-13,636.2928705400789
2018-12-14,641.6918753892002
2018-12-17,649.1087941430922
2018-12-18,658.0044610735414
2018-12-19,666.4041475785579
2018-12-20,656.9352466452289
2018-12-21,661.6660919367616
2018-12-24,660.7140093218406
2018-12-25,683.5354296014959
2018-12-26,656.1116895654435
2018-12-27,678.6671702923061
2018-12-28,690.3471778466907
2018-12-31,694.051930242847
2019-01-01,702.106881127112
2019-01-02,755.2464620017831
2019-01-03,780.9038558618366
2019-01-04,719.240585951508
2019-01-07,704.7571679498869
2019-01-08,686.5053732774963
2019-01-09,692.4041635770776
2019-01-10,690.423153168135
2019-01-11,699.8094281120067
2019-01-14,697.8099045417266
2019-01-15,693.820855019018
2019-01-16,692.3324409158573
2019-01-17,683.9139087311264
2019-01-18,672.9931099887756
2019-01-21,674.200911723133
2019-01-22,677.8299784968351
2019-01-23,677.5869066285547
2019-01-24,680.7458534367333
2019-01-25,675.6222087735548
2019-01-28,678.0460281759722
2019-01-29,681.2068401654371
2019-01-30,687.065891466678
2019-01-31,691.5984837335219
2019-02-01,677.2507612158519
2019-02-04,670.935598780973
2019-02-05,674.3084420256398
2019-02-06,676.72815590697
2019-02-07,686.437257855807
2019-02-08,689.8779208589261
2019-02-11,684.4475101530211
2019-02-12,675.1321959699541
2019-02-13,673.1943654800292
2019-02-14,683.3425415269546
2019-02-15,678.776559882639
2019-02-18,678.2898245327124
2019-02-19,687.0455850587053
2019-02-20,686.5536815680438
2019-02-21,675.246972395503
2019-02-22,680.0922659729749
2019-02-25,682.5300543041405
2019-02-26,688.8881109953618
2019-02-27,678.5339545385476
2019-02-28,666.8559452204694
2019-03-01,653.7838514574175
2019-03-04,658.600941433171
2019-03-05,658.600941433171
2019-03-06,658.600941433171
2019-03-07,658.4701288920941
2019-03-08,661.5514137907182
2019-03-11,656.1837003453129
2019-03-12,669.4169151013559
2019-03-13,664.6080593819725
2019-03-14,664.6080593819725
2019-03-15,672.732020012906
2019-03-18,669.8342749378576
2019-03-19,665.9851035631682
2019-03-20,686.0922125317015
2019-03-21,684.6182896332045
2019-03-22,707.1760654601592
2019-03-25,717.6243876448937
2019-03-26,715.3248190546423
2019-03-27,732.1408934476441
2019-03-28,719.5078369618155
2019-03-29,695.9469866491633
2019-04-01,666.9495489687426
2019-04-02,674.0005100869271
2019-04-03,663.3580030732319
2019-04-04,665.7434968328357
2019-04-05,667.1792658893974
2019-04-08,663.8228566011312
2019-04-09,667.6419708841368
2019-04-10,674.8386143611756
2019-04-11,668.5430506194909
2019-04-12,652.6918502004639
2019-04-15,653.494911449906
2019-04-16,650.1983712123126
2019-04-17,649.2606232482973
2019-04-18,651.8362066407133
2019-04-19,653.4808483427398
2019-04-22,650.8907579265616
2019-04-23,653.2372915450823
2019-04-24,658.8865712316704
2019-04-25,657.9379630176308
2019-04-26,661.3538600118437
2019-04-29,657.5470907117846
2019-04-30,660.8613592336486
2019-05-01,659.9102825346066
2019-05-02,648.0366843700034
2019-05-03,664.3999868405973
2019-05-06,666.7887367994741
2019-05-07,668.2264656809733
2019-05-08,664.3853333525684
2019-05-09,672.9846683527848
2019-05-10,674.4340146059463
2019-05-13,684.4579026653629
2019-05-14,682.9870440978655
2019-05-15,694.7318497593333
2019-05-16,688.6272650542546
2019-05-17,687.4799560568206
2019-05-20,674.6834067708974
2019-05-21,664.9998641862611
2019-05-22,683.9880068394073
2019-05-23,708.2426358010015
2019-05-24,709.0003632720649
2019-05-27,708.8548146431057
2019-05-28,734.1315276007027
2019-05-29,735.1741920102036
2019-05-30,757.9919459061421
2019-05-31,835.7474660038861
2019-06-03,877.9754625568046
2019-06-04,832.7440974135524
2019-06-05,846.7352588747556
2019-06-06,847.918677948349
2019-06-07,832.5149994316882
2019-06-10,825.5211369359506
2019-06-11,826.6780383571206
2019-06-12,846.3699466722094
2019-06-13,872.3951202056952
2019-06-14,869.9641324051811
2019-06-17,866.3267669086616
2019-06-18,880.8216684122915
2019-06-19,909.020291379145
2019-06-20,910.2815667433688
2019-06-21,892.6016393253599
2019-06-24,916.1759282593371
2019-06-25,925.0674676316063
2019-06-26,891.7527749335792
2019-06-27,906.6290665575827
2019-06-28,887.7547715596281
2019-07-01,909.9792539197197
2019-07-02,935.2287352677125
2019-07-03,941.6989148631359
2019-07-04,948.2095330810306
2019-07-05,876.1451276817098
2019-07-08,873.5226080877901
2019-07-09,859.8324464115555
2019-07-10,875.8507952059442
2019-07-11,852.0644320727994
2019-07-12,858.0148347732544
2019-07-15,864.0024274905875
2019-07-16,856.7724092844081
2019-07-17,874.1139092026879
2019-07-18,878.3756575554497
2019-07-19,872.2608096957282
2019-07-22,876.5144507381472
2019-07-23,868.5802708258997
2019-07-24,877.0553481956263
2019-07-25,866.0634755284254
2019-07-26,867.8748445450414
2019-07-29,869.0846881007225
2019-07-30,870.2960439608484
2019-07-31,875.7539592081281
2019-08-01,923.1304195536966
2019-08-02,932.7222672370125
2019-08-05,1014.0491457819273
2019-08-06,999.1974262251388
2019-08-07,993.7014390940132
2019-08-08,1004.4125016873975
2019-08-09,977.4924469587672
2019-08-12,1014.8679662126493
2019-08-13,980.3767385079456
2019-08-14,1026.738290837208
2019-08-15,1047.1604223586323
2019-08-16,1034.2677891025046
2019-08-19,1016.1903962136832
2019-08-20,1038.1653946391402
2019-08-21,1018.9588536046048
2019-08-22,1005.3215425762985
2019-08-23,1083.8324057891464
2019-08-26,1090.4914630717103
2019-08-27,1065.9375766458563
2019-08-28,1070.3098425582782
2019-08-29,1085.6701592418556
2019-08-30,1075.2955453484894
2019-09-02,1067.2153884742186
2019-09-03,1063.5678403852364
2019-09-04,1083.2030476917375
2019-09-05,1072.1105191196275
2019-09-06,1046.4706015138856
2019-09-09,1045.7540573879396
2019-09-10,1017.8263022391084
2019-09-11,988.9318374073913
2019-09-12,983.8274694195441
2019-09-13,963.5057043679275
2019-09-16,964.5970247055137
2019-09-17,964.5970247055137
2019-09-18,964.5970247055137
2019-09-19,964.5970247055137
2019-09-20,964.5970247055137
2019-09-23,964.5970247055137
2019-09-24,964.5970247055137
2019-09-25,964.3580625152156
2019-09-26,955.3775413627434
2019-09-27,960.6544290695571
2019-09-30,959.3286110332201
2019-10-01,955.3561287418455
2019-10-02,965.2500924488003
2019-10-03,978.5657186044101
2019-10-04,991.1275738672769
2019-10-07,991.1275738672769
2019-10-08,968.6230676562642
2019-10-09,986.6560819229637
2019-10-10,973.7520409501284
2019-10-11,914.0245836722775
2019-10-14,920.753253784226
2019-10-15,923.3051369186866
2019-10-16,916.9094798129448
2019-10-17,919.451753512477
2019-10-18,918.4960174935592
2019-10-21,916.268057455292
2019-10-22,907.3757119525583
2019-10-23,915.0033149286053
2019-10-24,915.0033149286053
2019-10-25,915.0033149286053
2019-10-28,915.0033149286053
2019-10-29,915.0033149286053
2019-10-30,915.0033149286053
2019-10-31,915.0033149286053
2019-11-01,915.0033149286053
2019-11-04,915.0033149286053
2019-11-05,915.0033149286053
2019-11-06,915.0033149286053
2019-11-07,915.0033149286053
2019-11-08,915.0033149286053
2019-11-11,915.0033149286053
2019-11-12,915.0033149286053
2019-11-13,914.7525424710437
2019-11-14,905.5563475548998
2019-11-15,898.8633688631239
2019-11-18,898.8633688631239
2019-11-19,898.8633688631239
2019-11-20,898.8633688631239
2019-11-21,898.6169583147541
2019-11-22,891.1273311273936
2019-11-25,890.1981492544616
2019-11-26,894.220829235808
2019-11-27,896.3956872997613
2019-11-28,892.0364561678248
2019-11-29,886.1462397093284
2019-12-02,883.9890448099643
2019-12-03,879.1368850923666
2019-12-04,879.1368850923666
2019-12-05,879.1368850923666
2019-12-06,879.1368850923666
2019-12-09,879.1368850923666
2019-12-10,879.1368850923666
2019-12-11,879.1368850923666
2019-12-12,879.1368850923666
2019-12-13,879.1368850923666
2019-12-16,879.1368850923666
2019-12-17,879.1368850923666
2019-12-18,879.1368850923666
2019-12-19,879.1368850923666
2019-12-20,878.8936195144998
2019-12-23,877.0581939779103
2019-12-24,878.890178091619
2019-12-25,875.8311462850825
2019-12-26,876.7459879847248
2019-12-27,870.0308593173298
2019-12-30,870.0929396588331
2019-12-31,870.0929396588331
2020-01-01,870.0929396588331
2020-01-02,870.0929396588331
2020-01-03,870.0929396588331
2020-01-06,870.0929396588331
2020-01-07,869.8454687472217
2020-01-08,875.6039262179083
2020-01-09,860.6649910976965
2020-01-10,867.3230355015916
2020-01-13,867.3230355015916
2020-01-14,867.3230355015916
2020-01-15,867.3230355015916
2020-01-16,867.3230355015916
2020-01-17,867.3230355015916
2020-01-20,867.3230355015916
2020-01-21,867.3230355015916
2020-01-22,867.0743677648434
2020-01-23,873.4207933033001
2020-01-24,892.8892091693662
2020-01-27,890.4069861464428
2020-01-28,893.8618252990428
2020-01-29,887.0290252501119
2020-01-30,911.0878577405834
2020-01-31,930.6776849843071
2020-02-03,926.1684701125008
2020-02-04,909.4932324731726
2020-02-05,903.1838997702152
2020-02-06,878.7312922133162
2020-02-07,909.6699679945993
2020-02-10,903.6750525596315
2020-02-11,905.5569432831808
2020-02-12,900.8433951115409
2020-02-13,904.5965578432091
2020-02-14,902.9263040864732
2020-02-17,902.9263040864732
2020-02-18,909.5080079570406
2020-02-19,907.6151804421212
2020-02-20,907.300300698233
2020-02-21,929.0202134320385
2020-02-24,930.031838911567
2020-02-25,937.113307804084
2020-02-26,958.5037697775432
2020-02-27,975.0428911803173
2020-02-28,1054.0236735975138
2020-03-02,1055.8618679112162
2020-03-03,1039.2463535599925
2020-03-04,1107.601134773592
2020-03-05,1087.2228656242878
2020-03-06,1252.692052520673
2020-03-09,1254.7719998822781
2020-03-10,1203.9680498866926
2020-03-11,1225.9725107285306
2020-03-12,1217.6851825364772
2020-03-13,1221.8029487319038
2020-03-16,1225.933582946691
2020-03-17,1203.1440994897948
2020-03-18,1159.1629861320143
2020-03-19,1111.1573972857313
2020-03-20,1207.160428433416
2020-03-23,1207.160428433416
2020-03-24,1207.160428433416
2020-03-25,1207.160428433416
2020-03-26,1207.160428433416
2020-03-27,1207.160428433416
2020-03-30,1207.160428433416
2020-03-31,1207.160428433416
2020-04-01,1206.602505842077
2020-04-02,1207.4191324082285
2020-04-03,1202.5163106616976
2020-04-06,1196.410765455471
2020-04-07,1177.3697323378437
2020-04-08,1176.970554296488
2020-04-09,1176.1724477000528
2020-04-10,1182.9521138284592
2020-04-13,1180.1456560794595
2020-04-14,1174.545018834112
2020-04-15,1185.2989924305248
2020-04-16,1204.5784773169826
2020-04-17,1202.5400734461748
2020-04-20,1204.1682485379824
2020-04-21,1206.6135640039913
2020-04-22,1213.5549485627625
2020-04-23,1204.1137723699676
2020-04-24,1202.4836301545054
2020-04-27,1196.7852642725793
2020-04-28,1192.7328103217274
2020-04-29,1201.2163693894638
2020-04-30,1204.4694103129373
2020-05-01,1204.87705700366
2020-05-04,1205.6926051642874
2020-05-05,1197.1239974428966
2020-05-06,1193.0704849508877
2020-05-07,1192.6664004243405
2020-05-08,1197.1099411757991
2020-05-11,1198.3259817456515
2020-05-12,1196.7030742684694
2020-05-13,1203.9970290612296
2020-05-14,1210.5170142065356
2020-05-15,1208.9575180418742
2020-05-18,1210.5937149394265
2020-05-19,1196.668656718195
2020-05-20,1201.1259552256638
2020-05-21,1205.598575696752
2020-05-22,1206.006575251657
2020-05-25,1206.006575251657
2020-05-26,1200.985825234749
2020-05-27,1202.6120575162925
2020-05-28,1200.1696599084494
2020-05-29,1215.6091746198624
2020-06-01,1215.6091746198624
2020-06-02,1205.7421058102136
2020-06-03,1172.2824643488268
2020-06-04,1151.8845676477697
2020-06-05,1134.279940915223
2020-06-08,1139.2942031751911
2020-06-09,1149.7507480144818
2020-06-10,1168.8875563434538
2020-06-11,1183.1625413523175
2020-06-12,1175.1427754688657
2020-06-15,1175.1427754688657
2020-06-16,1167.5716152395191
2020-06-17,1169.9483120180932
2020-06-18,1177.4886301207007
2020-06-19,1175.7770868523328
2020-06-22,1171.790283455919
2020-06-23,1174.174890237399
2020-06-24,1180.545764688586
2020-06-25,1182.1464468944466
2020-06-26,1198.1732774806271
2020-06-29,1203.852785569605
2020-06-30,1195.7037056597949
2020-07-01,1185.9859278673464
2020-07-02,1191.6121163017663
2020-07-03,1191.6121163017663
2020-07-06,1187.575828438323
2020-07-07,1200.4515867227062
2020-07-08,1196.3876755141978
2020-07-09,1212.5925214581252
2020-07-10,1193.198443566805
2020-07-13,1210.1716731386193
2020-07-14,1208.9433871950519
2020-07-15,1207.7162527695566
2020-07-16,1216.2981406783567
2020-07-17,1210.1279931439271
2020-07-20,1216.2692181117893
2020-07-21,1224.9072348556479
2020-07-22,1223.6651343229705
2020-07-23,1229.8698146401096
2020-07-24,1226.1295557864341
2020-07-27,1214.9403376594862
2020-07-28,1237.12995585749
2020-07-29,1243.3977525255718
2020-07-30,1259.2407826560723
2020-07-31,1277.9303434175933
2020-08-03,1260.7062141248734
2020-08-04,1299.8265177809637
2020-08-05,1264.2786973503005
2020-08-06,1276.5310006432712
2020-08-07,1255.883035633622
2020-08-10,1245.71391286637
2020-08-11,1195.2496411338811
2020-08-12,1167.2180375122055
2020-08-13,1151.2775702628815
2020-08-14,1161.0959101215103
2020-08-17,1165.03683484064
2020-08-18,1167.804102916854
2020-08-19,1165.3290146118115
2020-08-20,1177.1914741237972
2020-08-21,1181.182697480434
2020-08-24,1171.0746516635193
2020-08-25,1156.7750618323048
2020-08-26,1157.9532884527725
2020-08-27,1127.2906770467362
2020-08-28,1153.2755595966073
2020-08-31,1157.1920457203466
2020-09-01,1168.9782211489749
2020-09-02,1175.3231122547195
2020-09-03,1180.4053971048008
2020-09-04,1131.189814653585
2020-09-07,1130.7081649600036
2020-09-08,1146.8612096251038
2020-09-09,1146.8612096251038
2020-09-10,1150.7576509051823
2020-09-11,1158.5748862233397
2020-09-14,1155.4284490077816
2020-09-15,1153.3737540642019
2020-09-16,1146.3235266975908
2020-09-17,1146.3235266975908
2020-09-18,1142.8182417787536
2020-09-21,1159.1302312021
2020-09-22,1157.949796610348
2020-09-23,1153.232484873059
2020-09-24,1157.932106691333
2020-09-25,1165.0079747914717
2020-09-28,1166.1939197678387
2020-09-29,1169.2696537683214
2020-09-30,1150.2306089617966
2020-10-01,1151.793397222999
2020-10-02,1136.1459797577113
2020-10-05,1073.8665158539607
2020-10-06,1097.1802483807407
2020-10-07,1087.4531588626471
2020-10-08,1088.8553327465374
2020-10-09,1088.8553327465374
2020-10-12,1088.8553327465374
2020-10-13,1088.8553327465374
2020-10-14,1088.4031305535136
2020-10-15,1086.1748746837259
2020-10-16,1084.3214764420327
2020-10-19,1079.880270905375
2020-10-20,1078.4054205667433
2020-10-21,1071.7768900760555
2020-10-22,1066.2082057248767
2020-10-23,1065.768202218119
2020-10-26,1058.482150954256
2020-10-27,1051.8904819187235
2020-10-28,1051.4557660520534
2020-10-29,1043.1796777335542
2020-10-30,1035.6775610984278
2020-11-02,1038.8008094647748
2020-11-03,1038.8008094647748
2020-11-04,1038.3720247149017
2020-11-05,1038.655337967704
2020-11-06,1038.2390164906633
2020-11-09,1020.8097315506501
2020-11-10,1013.392686608071
2020-11-11,1012.9916939871505
2020-11-12,999.7749176210531
2020-11-13,1001.4770060968171
2020-11-16,1001.4770060968171
2020-11-17,1001.4770060968171
2020-11-18,1001.4770060968171
2020-11-19,1001.4770060968171
2020-11-20,1001.4770060968171
2020-11-23,1001.1461993790068
2020-11-24,999.769766629783
2020-11-25,1000.1134446818547
2020-11-26,1000.1134446818547
2020-11-27,1006.3015828081902
2020-11-30,1004.91870582968
2020-12-01,991.4525091023809
2020-12-02,991.2526064293742
2020-12-03,991.2526064293742
2020-12-04,991.2526064293742
2020-12-07,991.2526064293742
2020-12-08,991.2526064293742
2020-12-09,991.2526064293742
2020-12-10,991.2526064293742
2020-12-11,991.2526064293742
2020-12-14,991.2526064293742
2020-12-15,991.0676854941269
2020-12-16,990.0448095389761
2020-12-17,988.3416145240714
2020-12-18,986.6410807513776
2020-12-21,987.9993821023166
2020-12-22,991.0593803644796
2020-12-23,988.3317319135685
2020-12-24,989.3520429122375
2020-12-25,989.3520429122375
2020-12-28,991.394577992698
2020-12-29,991.0535171870752
2020-12-30,991.3944714111962
2020-12-31,993.7818968174081
2021-01-01,993.7818968174081
2021-01-04,994.8073173456745
2021-01-05,989.6754080456168
2021-01-06,976.3949890100608
2021-01-07,968.1447891314974
2021-01-08,967.9681060088974
2021-01-11,971.7960984991521
2021-01-12,971.7960984991521
2021-01-13,957.5513313032521
2021-01-14,967.2906161219825
2021-01-15,954.6165400555338
2021-01-18,954.6165400555338
2021-01-19,950.6617280303257
2021-01-20,947.861063079052
2021-01-21,949.8258025723253
2021-01-22,947.5293086291982
2021-01-25,939.0181329965859
2021-01-26,939.8213332459546
2021-01-27,939.8213332459546
2021-01-28,939.8213332459546
2021-01-29,939.8213332459546
2021-02-01,939.8213332459546
2021-02-02,939.8213332459546
2021-02-03,939.8213332459546
2021-02-04,939.6498645350997
2021-02-05,941.599208031103
2021-02-08,943.5522065461614
2021-02-09,941.4242441609913
2021-02-10,930.3591115667807
2021-02-11,934.7014293041425
2021-02-12,941.1683132372935
2021-02-15,941.0897681984756
2021-02-16,957.3567958265768
2021-02-17,955.5406692844662
2021-02-18,954.2212434478605
2021-02-19,983.2123276426767
2021-02-22,997.9401271777884
2021-02-23,987.6469384854968
2021-02-24,1001.2425252165654
2021-02-25,1180.1944355642574
2021-02-26,1161.5313582695644
2021-03-01,1130.7815314117438
2021-03-02,1115.396762269097
2021-03-03,1141.9835664437337
2021-03-04,1173.0331556048268
2021-03-05,1184.9678414386221
2021-03-08,1208.257883564697
2021-03-09,1177.7654098889345
2021-03-10,1164.354889180694
2021-03-11,1159.6135583462662
2021-03-12,1198.1892235706207
2021-03-15,1194.1323822469624
2021-03-16,1195.750047724771
2021-03-17,1193.3205163852872
2021-03-18,1224.0368786494378
2021-03-19,1231.4845860918408
2021-03-22,1218.753406503455
2021-03-23,1173.0091477153665
2021-03-24,1165.607636028945
2021-03-25,1173.517683754126
2021-03-26,1191.0285519057452
2021-03-29,1203.1319445798613
2021-03-30,1207.2042319066736
2021-03-31,1225.9952927403322
2021-04-01,1200.8782392758094
2021-04-02,1200.8782392758094
2021-04-05,1214.293546118341
2021-04-06,1181.0254907322208
2021-04-07,1183.1805514319728
2021-04-08,1161.5268796265582
2021-04-09,1175.719057022357
2021-04-12,1180.5030034861907
2021-04-13,1158.8945153023612
2021-04-14,1167.549415095065
2021-04-15,1144.575081946467
2021-04-16,1148.2217510057121
2021-04-19,1151.3423053832262
2021-04-20,1141.5661936224199
2021-04-21,1141.954183057927
2021-04-22,1140.0136296468988
2021-04-23,1144.6636807580744
2021-04-26,1146.608467759259
2021-04-27,1155.5684661212783
2021-04-28,1151.6448146646492
2021-04-29,1156.7296217242244
2021-04-30,1153.3432685723355
2021-05-03,1140.809835886612
2021-05-04,1137.7078112968957
2021-05-05,1125.862642677065
2021-05-06,1127.3949709804115
2021-05-07,1123.942922624529
2021-05-10,1127.0027799310903
2021-05-11,1130.4537252496466
2021-05-12,1143.5272960804243
2021-05-13,1135.901137660211
2021-05-14,1125.0870027056842
2021-05-17,1133.2169648499932
2021-05-18,1125.509358819681
2021-05-19,1142.3601125034513
2021-05-20,1119.8423354643264
2021-05-21,1121.8922070620447
2021-05-24,1118.0737939149758
2021-05-25,1109.3188885212119
2021-05-26,1112.1054552343717
2021-05-27,1112.1054552343717
2021-05-28,1112.1054552343717
2021-05-31,1112.1054552343717
2021-06-01,1112.1054552343717
2021-06-02,1112.1054552343717
2021-06-03,1112.1054552343717
2021-06-04,1111.8644257602573
2021-06-07,1113.89567303915
2021-06-08,1113.89567303915
2021-06-09,1113.89567303915
2021-06-10,1113.6514908506795
2021-06-11,1108.3417655782077
2021-06-14,1099.2792023363713
2021-06-15,1100.0287518378316
2021-06-16,1078.2782307107711
2021-06-17,1086.5070919589887
2021-06-18,1086.5070919589887
2021-06-21,1086.5070919589887
2021-06-22,1086.5070919589887
2021-06-23,1086.5070919589887
2021-06-24,1086.5070919589887
2021-06-25,1086.5070919589887
2021-06-28,1086.5070919589887
2021-06-29,1086.5070919589887
2021-06-30,1086.5070919589887
2021-07-01,1086.5070919589887
2021-07-02,1086.5070919589887
2021-07-05,1086.5070919589887
2021-07-06,1086.5070919589887
2021-07-07,1086.2611992680006
2021-07-08,1091.947007570391
2021-07-09,1071.8329018176407
2021-07-12,1072.5652973812767
2021-07-13,1052.7782579879677
2021-07-14,1076.3179834793407
2021-07-15,1082.934772136412
2021-07-16,1084.4134406015824
2021-07-19,1101.5668726918987
2021-07-20,1099.3139348056013
2021-07-21,1075.3276561094892
2021-07-22,1079.7351348198997
2021-07-23,1082.6844726569493
2021-07-26,1078.2494058844857
2021-07-27,1092.241117579364
2021-07-28,1095.9668710717997
2021-07-29,1083.2597230666618
2021-07-30,1100.269081585745
2021-08-02,1118.2731178095312
2021-08-03,1122.080221302686
2021-08-04,1111.3870193662874
2021-08-05,1093.2162140757932
2021-08-06,1070.843410061872
2021-08-09,1060.3561487764619
2021-08-10,1054.9169793290723
2021-08-11,1057.206289370435
2021-08-12,1057.206289370435
2021-08-13,1057.206289370435
2021-08-16,1057.0772009059503
2021-08-17,1056.8390361334452
2021-08-18,1057.5620605310287
2021-08-19,1058.6472749627767
2021-08-20,1055.3885795019437
2021-08-23,1056.8328152263214
2021-08-24,1049.964120385915
2021-08-25,1042.776844633503
2021-08-26,1040.0413162348416
2021-08-27,1040.0413162348416
2021-08-30,1040.0413162348416
2021-08-31,1039.8045455207248
2021-09-01,1042.2978679640514
2021-09-02,1044.082708382745
2021-09-03,1039.43487237994
2021-09-06,1039.43487237994
2021-09-07,1030.5330374394719
2021-09-08,1035.2428054526258
2021-09-09,1035.2428054526258
2021-09-10,1035.2428054526258
2021-09-13,1035.2428054526258
2021-09-14,1035.2428054526258
2021-09-15,1035.006377273949
2021-09-16,1026.8485189372925
2021-09-17,1021.6843391056452
2021-09-20,1021.6843391056452
2021-09-21,1021.6843391056452
2021-09-22,1021.6843391056452
2021-09-23,1021.6843391056452
2021-09-24,1021.4453764329824
2021-09-27,1029.5057650760941
2021-09-28,1035.9703625897823
2021-09-29,1026.7406033937402
2021-09-30,1014.7689844826818
2021-10-01,1003.6212946378549
2021-10-04,1008.9030765416021
2021-10-05,1016.5267851928256
2021-10-06,1015.4800413317073
2021-10-07,1024.1947291546114
2021-10-08,1029.573405733291
2021-10-11,1040.869139790624
2021-10-12,1027.074590973883
2021-10-13,1014.3950018254268
2021-10-14,1000.5721111052358
2021-10-15,1026.0228411745445
2021-10-18,1040.8018909649604
2021-10-19,1045.792899237932
2021-10-20,1049.123458808575
2021-10-21,1081.4425560875661
2021-10-22,1044.891677008607
2021-10-25,1037.378325378238
2021-10-26,1032.8660206599163
2021-10-27,1015.8730303500176
2021-10-28,1031.2162845173302
2021-10-29,1030.509274339507
2021-11-01,1028.3895694501205
2021-11-02,1019.2214041983382
2021-11-03,1035.3102118836894
2021-11-04,1004.7987499393151
2021-11-05,979.7109437924156
2021-11-08,990.2842105583261
2021-11-09,990.2842105583261
2021-11-10,990.2842105583261
2021-11-11,990.2842105583261
2021-11-12,990.0544148474369
2021-11-15,997.3897172938273
2021-11-16,1000.8190601603704
2021-11-17,993.2509291217679
2021-11-18,991.5427245450151
2021-11-19,988.4727606322322
2021-11-22,1005.1399997794133
2021-11-23,1009.6296310285172
2021-11-24,1008.2425939897316
2021-11-25,1008.2425939897316
2021-11-26,976.3806194125268
2021-11-29,980.5178249485685
2021-11-30,980.5178249485685
2021-12-01,980.5178249485685
2021-12-02,980.5178249485685
2021-12-03,980.5178249485685
2021-12-06,980.5178249485685
2021-12-07,980.5178249485685
2021-12-08,980.5178249485685
2021-12-09,980.5178249485685
2021-12-10,980.5178249485685
2021-12-13,980.5178249485685
2021-12-14,980.5178249485685
2021-12-15,980.5178249485685
2021-12-16,980.5178249485685
2021-12-17,980.5178249485685
2021-12-20,980.5178249485685
2021-12-21,980.5178249485685
2021-12-22,980.5178249485685
2021-12-23,980.5178249485685
2021-12-24,980.5178249485685
2021-12-27,980.5178249485685
2021-12-28,980.5178249485685
2021-12-29,980.5178249485685
2021-12-30,980.5178249485685
2021-12-31,980.5178249485685
2022-01-03,980.5178249485685
2022-01-04,980.2721189961696
2022-01-05,991.4124252233175
2022-01-06,996.6197954612092
2022-01-07,1007.5859934158213
2022-01-10,1011.7394408911306
2022-01-11,1004.7910693855611
2022-01-12,1007.553047059025
2022-01-13,990.9397513531395
2022-01-14,1015.4858957585851
2022-01-17,1015.4858957585851
2022-01-18,1055.225080794985
2022-01-19,1051.3454639406643
2022-01-20,1014.6463272775558
2022-01-21,992.7017277092789
2022-01-24,994.4942376001238
2022-01-25,994.4942376001238
2022-01-26,1034.1696537131281
2022-01-27,1016.4482528738606
2022-01-28,1001.7948695548912
2022-01-31,1001.1062477614195
2022-02-01,1006.6117790002264
2022-02-02,1000.3870877433503
2022-02-03,1021.0193456385381
2022-02-04,1050.44610346155
2022-02-07,1052.6031899055404
2022-02-08,1069.8922377541232
2022-02-09,1063.0294758578136
2022-02-10,1125.1788634739655
2022-02-11,1075.7888405401713
2022-02-14,1103.057802819813
2022-02-15,1118.651562660074
2022-02-16,1114.0816193000987
2022-02-17,1081.9130060697437
2022-02-18,1066.1092028997875
2022-02-21,1066.1092028997875
2022-02-22,1073.3973854179112
2022-02-23,1089.5315994674074
2022-02-24,1076.1493689733993
2022-02-25,1078.3546490402246
2022-02-28,1026.8016331447147
2022-03-01,977.2188002432484
2022-03-02,1004.5417987196647
2022-03-03,1004.5417987196647
2022-03-04,1004.5417987196647
2022-03-07,1004.5417987196647
2022-03-08,1004.5417987196647
2022-03-09,1004.5417987196647
2022-03-10,1004.2431161734605
2022-03-11,1005.6234200686774
2022-03-14,1032.5729909328513
2022-03-15,1034.3426362311839
2022-03-16,1045.6860625934955
2022-03-17,1041.0317129642094
2022-03-18,1038.5357060921003
2022-03-21,1068.7780607851716
2022-03-22,1083.022543400991
2022-03-23,1067.5303974135381
2022-03-24,1095.9889508504932
2022-03-25,1142.33352269595
2022-03-28,1139.2276888892102
2022-03-29,1114.443135111426
2022-03-30,1093.9494072064208
2022-03-31,1095.4418439654287
2022-04-01,1119.3506808447373
2022-04-04,1120.1127750202654
2022-04-05,1179.5932728025032
2022-04-06,1186.7909849620173
2022-04-07,1204.484361005245
2022-04-08,1220.7904155178105
2022-04-11,1242.253259769975
2022-04-12,1205.341295126301
2022-04-13,1189.0245289372222
2022-04-14,1229.3065454665104
2022-04-15,1229.3065454665104
2022-04-18,1244.2612441030085
2022-04-19,1285.429244703663
2022-04-20,1251.659406864011
2022-04-21,1293.8987633285117
2022-04-22,1279.0885889681463
2022-04-25,1244.6113742439427
2022-04-26,1197.5499761454046
2022-04-27,1239.7203503701303
2022-04-28,1241.3950008080928
2022-04-29,1286.6670820853658
2022-05-02,1308.3337552429496
2022-05-03,1310.0941724370034
2022-05-04,1276.6044358416243
2022-05-05,1316.181813372071
2022-05-06,1341.8501087394397
2022-05-09,1303.1003870670675
2022-05-10,1285.5616322287292
2022-05-11,1263.9122317251552
2022-05-12,1235.7815419458238
2022-05-13,1257.06443217427
2022-05-16,1248.1586968381264
2022-05-17,1271.759006662415
2022-05-18,1252.8973203208066
2022-05-19,1244.8644924814016
2022-05-20,1232.6766580182891
2022-05-23,1246.8363475097335
2022-05-24,1224.1084841455067
2022-05-25,1219.970645132552
2022-05-26,1219.1456634793442
2022-05-27,1222.4435276380425
2022-05-30,1222.4435276380425
2022-05-31,1241.8669169502261
2022-06-01,1262.4142541160263
2022-06-02,1256.87944620868
2022-06-03,1261.5437193050225
2022-06-06,1281.5413926823148
2022-06-07,1269.0002326672247
2022-06-08,1286.1127355755648
2022-06-09,1296.5085810923817
2022-06-10,1356.7330136519909
2022-06-13,1445.0474526046428
2022-06-14,1497.1928041300494
2022-06-15,1405.3542178925716
2022-06-16,1366.7795160590745
2022-06-17,1385.5179590657506
2022-06-20,1385.5179590657506
2022-06-21,1392.0171001366632
2022-06-22,1363.575524165308
2022-06-23,1345.2808301132416
2022-06-24,1353.4105347826285
2022-06-27,1367.944640130455
2022-06-28,1362.8985804300064
2022-06-29,1345.069503981016
2022-06-30,1324.7482140812829
2022-07-01,1295.8080159827566
2022-07-04,1295.305841436025
2022-07-05,1295.305841436025
2022-07-06,1295.305841436025
2022-07-07,1295.305841436025
2022-07-08,1295.305841436025
2022-07-11,1294.7940176967124
2022-07-12,1286.9483013471686
2022-07-13,1283.0475092496297
2022-07-14,1291.2593538357992
2022-07-15,1283.4335199704728
2022-07-18,1298.1325011201593
2022-07-19,1305.9969964389602
2022-07-20,1308.6332408072833
2022-07-21,1272.5370140115967
2022-07-22,1245.0862737313648
2022-07-25,1252.9958224935313
2022-07-26,1252.9958224935313
2022-07-27,1252.9958224935313
2022-07-28,1252.9958224935313
2022-07-29,1252.9958224935313
2022-08-01,1252.9958224935313
2022-08-02,1252.9958224935313
2022-08-03,1252.9958224935313
2022-08-04,1252.9958224935313
2022-08-05,1252.9958224935313
2022-08-08,1252.9958224935313
2022-08-09,1252.9958224935313
2022-08-10,1252.9958224935313
2022-08-11,1252.9958224935313
2022-08-12,1252.9958224935313
2022-08-15,1252.9958224935313
2022-08-16,1252.7622479782933
2022-08-17,1252.7622479782933
2022-08-18,1252.2548332019153
2022-08-19,1268.3128593461881
2022-08-22,1278.5752057912846
2022-08-23,1283.314058061192
2022-08-24,1295.8503417123718
2022-08-25,1280.5832285998927
2022-08-26,1288.3490092607672
2022-08-29,1300.4970630917987
2022-08-30,1301.3723737562314
2022-08-31,1321.0791727621786
2022-09-01,1331.201276398679
2022-09-02,1296.3157452864612
2022-09-05,1296.3157452864612
2022-09-06,1357.404559142744
2022-09-07,1322.7912008631035
2022-09-08,1344.13306887605
2022-09-09,1342.327902539955
2022-09-12,1351.3424519308298
2022-09-13,1386.7189241966437
2022-09-14,1393.223319490004
2022-09-15,1414.688404707673
2022-09-16,1406.1682824311922
2022-09-19,1425.9367411381018
2022-09-20,1457.409186424075
2022-09-21,1452.5422827164996
2022-09-22,1530.1693968523246
2022-09-23,1532.20710859839
2022-09-26,1637.2804412144117
2022-09-27,1638.3662414901708
2022-09-28,1525.37243579331
2022-09-29,1558.8957422815465
2022-09-30,1582.7423685768438
2022-10-03,1482.8295404425937
2022-10-04,1477.2404541190306
2022-10-05,1503.363499140377
2022-10-06,1523.9065939731126
2022-10-07,1537.6083058597608
2022-10-10,1549.3786155581276
2022-10-11,1548.7089954553185
2022-10-12,1525.0088036456482
2022-10-13,1551.4151967048904
2022-10-14,1584.4435006389883
2022-10-17,1571.810174384196
2022-10-18,1565.5408862302552
2022-10-19,1625.9167433561017
2022-10-20,1664.749870081614
2022-10-21,1634.9697160239866
2022-10-24,1641.4758524590766
2022-10-25,1579.4357752152218
2022-10-26,1542.6981176323889
2022-10-27,1498.5506057210184
2022-10-28,1549.8473538400297
2022-10-31,1559.1277452053798
2022-11-01,1563.7940419887702
2022-11-02,1573.6728191130783
2022-11-03,1586.584571341598
2022-11-04,1576.043417770713
2022-11-07,1600.136541901167
2022-11-08,1556.5705430149496
2022-11-09,1533.792698048494
2022-11-10,1410.2371252585765
2022-11-11,1422.834297923773
2022-11-14,1427.593155104785
2022-11-15,1409.3422772370202
2022-11-16,1395.048140407555
2022-11-17,1395.048140407555
2022-11-18,1395.048140407555
2022-11-21,1395.048140407555
2022-11-22,1394.442138626281
2022-11-23,1381.8327830816215
2022-11-24,1381.8327830816215
2022-11-25,1379.0543466133436
2022-11-28,1378.4622007992348
2022-11-29,1378.4622007992348
2022-11-30,1378.4622007992348
2022-12-01,1378.4622007992348
2022-12-02,1378.4622007992348
2022-12-05,1378.4622007992348
2022-12-06,1378.4622007992348
2022-12-07,1378.4622007992348
2022-12-08,1378.4622007992348
2022-12-09,1378.4622007992348
2022-12-12,1378.4622007992348
2022-12-13,1378.4622007992348
2022-12-14,1378.4622007992348
2022-12-15,1378.4622007992348
2022-12-16,1378.4622007992348
2022-12-19,1378.4622007992348
2022-12-20,1378.4622007992348
2022-12-21,1378.4622007992348
2022-12-22,1377.8699207924526
2022-12-23,1386.1829390969103
2022-12-26,1386.1829390969103
2022-12-27,1407.5468188464283
2022-12-28,1416.0267697024394
2022-12-29,1406.0778440262673
2022-12-30,1415.4908305514316
2023-01-02,1415.4908305514316
2023-01-03,1392.75846809316
2023-01-04,1379.6968314973449
2023-01-05,1391.2569629934178
2023-01-06,1352.1114677148405
2023-01-09,1346.5413004529796
2023-01-10,1346.5413004529796
2023-01-11,1346.5413004529796
2023-01-12,1346.5413004529796
2023-01-13,1346.5413004529796
2023-01-16,1346.5413004529796
2023-01-17,1346.5413004529796
2023-01-18,1346.5413004529796
2023-01-19,1346.5413004529796
2023-01-20,1346.5413004529796
2023-01-23,1346.5413004529796
2023-01-24,1346.5413004529796
2023-01-25,1346.5413004529796
2023-01-26,1346.5413004529796
2023-01-27,1346.5413004529796
2023-01-30,1346.5413004529796
2023-01-31,1346.5413004529796
2023-02-01,1346.5413004529796
2023-02-02,1346.5413004529796
2023-02-03,1346.5413004529796
2023-02-06,1346.5413004529796
2023-02-07,1346.5413004529796
2023-02-08,1345.9613844731205
2023-02-09,1359.517272452556
2023-02-10,1374.568544324723
2023-02-13,1368.1173069433023
2023-02-14,1382.3396933543156
2023-02-15,1393.8008993139463
2023-02-16,1404.0707804967296
2023-02-17,1395.6103823564356
2023-02-20,1395.6103823564356
2023-02-21,1424.1204552701051
2023-02-22,1419.2471875608885
2023-02-23,1405.0042451775053
2023-02-24,1437.9262130407633
2023-02-27,1422.5469509103557
2023-02-28,1427.3049101319507
2023-03-01,1459.7601394722547
2023-03-02,1488.0307920001892
2023-03-03,1451.307579935185
2023-03-06,1452.2771471726446
2023-03-07,1461.0087061254908
2023-03-08,1472.7162714214319
2023-03-09,1417.6712019216818
2023-03-10,1335.1478303171905
2023-03-13,1261.0377605155766
2023-03-14,1283.4745563808374
2023-03-15,1283.4745563808374
2023-03-16,1283.4745563808374
2023-03-17,1283.4745563808374
2023-03-20,1283.4745563808374
2023-03-21,1283.4745563808374
2023-03-22,1283.4745563808374
2023-03-23,1283.4745563808374
2023-03-24,1283.4745563808374
2023-03-27,1283.4745563808374
2023-03-28,1283.4745563808374
2023-03-29,1283.4745563808374
2023-03-30,1283.4745563808374
2023-03-31,1283.4745563808374
2023-04-03,1283.4745563808374
2023-04-04,1283.4745563808374
2023-04-05,1283.4745563808374
2023-04-06,1283.4745563808374
2023-04-07,1283.4745563808374
2023-04-10,1283.4745563808374
2023-04-11,1283.4745563808374
2023-04-12,1283.4745563808374
2023-04-13,1283.4745563808374
2023-04-14,1283.4745563808374
2023-04-17,1283.4745563808374
2023-04-18,1283.4745563808374
2023-04-19,1283.4745563808374
2023-04-20,1283.4745563808374
2023-04-21,1283.4745563808374
2023-04-24,1283.4745563808374
2023-04-25,1283.4745563808374
2023-04-26,1283.4745563808374
2023-04-27,1283.4745563808374
2023-04-28,1283.4745563808374
2023-05-01,1283.4745563808374
2023-05-02,1283.4745563808374
2023-05-03,1283.4745563808374
2023-05-04,1283.4745563808374
2023-05-05,1283.4745563808374
2023-05-08,1283.4745563808374
2023-05-09,1283.4745563808374
2023-05-10,1283.4745563808374
2023-05-11,1283.4745563808374
2023-05-12,1283.4745563808374
2023-05-15,1283.4745563808374
2023-05-16,1283.4745563808374
2023-05-17,1283.3149873815944
2023-05-18,1283.3149873815944
2023-05-19,1283.3149873815944
2023-05-22,1282.7522661985279
2023-05-23,1277.9990552834706
2023-05-24,1289.625922312425
2023-05-25,1308.2990206434981
2023-05-26,1307.858927199547
2023-05-29,1307.858927199547
2023-05-30,1286.301087376804
2023-05-31,1278.5031437603095
2023-06-01,1268.1643701821072
2023-06-02,1293.817452123022
2023-06-05,1290.3329084927143
2023-06-06,1287.2915552553866
2023-06-07,1313.7368005274423
2023-06-08,1296.948676021179
2023-06-09,1304.8065123237982
2023-06-12,1302.6115021482922
2023-06-13,1320.582462019567
2023-06-14,1316.587073845137
2023-06-15,1302.4212031066857
2023-06-16,1314.2541320078983
2023-06-19,1314.2541320078983
2023-06-20,1306.7409069316063
2023-06-21,1308.059726531855
2023-06-22,1323.460379790797
2023-06-23,1313.6740896797355
2023-06-26,1309.6981313025112
2023-06-27,1319.8303366212479
2023-06-28,1309.1816090965885
2023-06-29,1338.2459797842055
2023-06-30,1341.3921428649835
2023-07-03,1345.8964933114366
2023-07-04,1345.8964933114366
2023-07-05,1361.259143552871
2023-07-06,1381.2497254627551
2023-07-07,1392.359098403726
2023-07-10,1352.2519476341258
2023-07-11,1345.8983453632266
2023-07-12,1291.6771574121055
2023-07-13,1249.3908015782024
2023-07-14,1264.149763470464
2023-07-17,1259.4604986585343
2023-07-18,1256.9115102235496
2023-07-19,1250.9750223663216
2023-07-20,1272.5061867852849
2023-07-21,1269.9327376850624
2023-07-24,1278.4948172955942
2023-07-25,1282.371833969238
2023-07-26,1277.1879395918534
2023-07-27,1301.2887285347108
2023-07-28,1291.2169657983677
2023-07-31,1292.9559870056157
2023-08-01,1300.7913644325222
2023-08-02,1309.1085631588403
2023-08-03,1323.1120364089654
2023-08-04,1265.2981099298513
2023-08-07,1280.9944115582534
2023-08-08,1269.3422712107308
2023-08-09,1271.0539490497442
2023-08-10,1289.4774864901003
2023-08-11,1302.0696262114168
2023-08-14,1310.8325613752384
2023-08-15,1312.951916955262
2023-08-16,1327.6297423136766
2023-08-17,1332.0910852584068
2023-08-18,1324.9306298321148
2023-08-21,1357.8821506469826
2023-08-22,1358.793326991137
2023-08-23,1310.4707980345556
2023-08-24,1326.3385945124444
2023-08-25,1330.795902620296
2023-08-28,1317.3821910332306
2023-08-29,1279.2900446492124
2023-08-30,1277.057534158225
2023-08-31,1275.3362122405274
2023-09-01,1286.0810263986564
2023-09-04,1286.0810263986564
2023-09-05,1301.2412876248918
2023-09-06,1305.9803423667652
2023-09-07,1291.9205389430977
2023-09-08,1302.3599429851708
2023-09-11,1308.4952677357312
2023-09-12,1309.375577278066
2023-09-13,1295.2818215052855
2023-09-14,1308.3625885818974
2023-09-15,1325.967120939171
2023-09-18,1317.9460558838882
2023-09-19,1340.9876792920015
2023-09-20,1364.7883022213919
2023-09-21,1400.492517088038
2023-09-22,1366.7314354535574
2023-09-25,1412.1084392379018
2023-09-26,1409.2732359143308
2023-09-27,1457.3813203091004
2023-09-28,1432.560555516674
2023-09-29,1426.8134534334863
2023-10-02,1488.3631207750236
2023-10-03,1553.8830995069934
2023-10-04,1512.0191835507223
2023-10-05,1495.3952357203557
2023-10-06,1544.7527758254541
2023-10-09,1436.8158749119086
2023-10-10,1447.7921913522187
2023-10-11,1421.6731981231499
2023-10-12,1472.0786228109794
2023-10-13,1443.5846977725303
2023-10-16,1478.3153534724122
2023-10-17,1538.488626323548
2023-10-18,1568.1862326756623
2023-10-19,1592.1664097703751
2023-10-20,1554.0926655505416
2023-10-23,1528.2474676513143
2023-10-24,1528.2474676513143
2023-10-25,1577.0948916808538
2023-10-26,1530.9747821596304
2023-10-27,1521.8005490099824
2023-10-30,1546.127557245132
2023-10-31,1560.531173371027
2023-11-01,1472.3154547856914
2023-11-02,1453.0738342390812
2023-11-03,1429.777726725495
2023-11-06,1446.5096706115553
2023-11-07,1433.4609952657702
2023-11-08,1423.8768640453593
2023-11-09,1451.414349017651
2023-11-10,1451.414349017651
2023-11-13,1450.8468270034302
2023-11-14,1406.74462036052
2023-11-15,1422.492506101009
2023-11-16,1422.492506101009
2023-11-17,1422.492506101009
2023-11-20,1422.492506101009
2023-11-21,1422.492506101009
2023-11-22,1422.492506101009
2023-11-23,1422.492506101009
2023-11-24,1422.492506101009
2023-11-27,1422.492506101009
2023-11-28,1422.492506101009
2023-11-29,1422.492506101009
2023-11-30,1422.492506101009
2023-12-01,1422.492506101009
2023-12-04,1422.492506101009
2023-12-05,1422.492506101009
2023-12-06,1422.492506101009
2023-12-07,1422.492506101009
2023-12-08,1422.492506101009
2023-12-11,1422.492506101009
2023-12-12,1422.492506101009
2023-12-13,1422.492506101009
2023-12-14,1422.492506101009
2023-12-15,1421.9827167717153
2023-12-18,1418.177759979786
2023-12-19,1418.177759979786
2023-12-20,1435.2572597795588
2023-12-21,1428.5405092680232
2023-12-22,1428.0628403588769
2023-12-25,1428.0628403588769
2023-12-26,1424.720202895592
2023-12-27,1445.6851056854061
2023-12-28,1434.5754939882922
2023-12-29,1426.902616518351
2024-01-01,1426.902616518351
2024-01-02,1416.8823180974491
2024-01-03,1419.2524467194762
2024-01-04,1403.5851558626816
2024-01-05,1395.5771051007946
2024-01-08,1395.5771051007946
2024-01-09,1395.5771051007946
2024-01-10,1395.5771051007946
2024-01-11,1395.5771051007946
2024-01-12,1395.5771051007946
2024-01-15,1395.1069502623402
2024-01-16,1373.147566930362
2024-01-17,1358.4118741097084
2024-01-18,1358.4118741097084
2024-01-19,1358.4118741097084
2024-01-22,1358.4118741097084
2024-01-23,1358.4118741097084
2024-01-24,1358.4118741097084
2024-01-25,1358.4118741097084
2024-01-26,1358.4118741097084
2024-01-29,1358.4118741097084
2024-01-30,1358.4118741097084
2024-01-31,1358.4118741097084
2024-02-01,1357.954363106554
2024-02-02,1327.4284436290102
2024-02-05,1300.6519833538434
2024-02-06,1300.6519833538434
2024-02-07,1300.6519833538434
2024-02-08,1300.6519833538434
2024-02-09,1300.6519833538434
2024-02-12,1300.6519833538434
2024-02-13,1300.204688364088
2024-02-14,1287.9528973409024
2024-02-15,1283.5312342531352
2024-02-16,1294.3400720207376
2024-02-19,1294.3400720207376
2024-02-20,1291.2899531131923
2024-02-21,1299.5507372098018
2024-02-22,1302.6122544474483
2024-02-23,1291.2160298800627
2024-02-26,1297.3026000107882
2024-02-27,1300.795856510815
2024-02-28,1292.478631112782
2024-02-29,1290.3028832516682
2024-03-01,1275.096445466103
2024-03-04,1281.5422100542253
2024-03-05,1270.7489115381768
2024-03-06,1261.7518321392238
2024-03-07,1261.7518321392238
2024-03-08,1261.7518321392238
2024-03-11,1261.7518321392238
2024-03-12,1261.7518321392238
2024-03-13,1261.7518321392238
2024-03-14,1261.7518321392238
2024-03-15,1261.3305641071406
2024-03-18,1264.7338905174086
2024-03-19,1258.336700405608
2024-03-20,1251.969497122457
2024-03-21,1252.3919875903075
2024-03-22,1239.2906902105265
2024-03-25,1247.6612570243424
2024-03-26,1245.976680453062
2024-03-27,1239.2467970507967
2024-03-28,1243.4319432915804
2024-03-29,1243.4319432915804
2024-04-01,1243.4319432915804
2024-04-02,1243.4319432915804
2024-04-03,1243.4319432915804
2024-04-04,1243.4319432915804
2024-04-05,1243.4319432915804
2024-04-08,1243.4319432915804
2024-04-09,1243.4319432915804
2024-04-10,1243.4319432915804
2024-04-11,1243.4319432915804
2024-04-12,1243.4319432915804
2024-04-15,1243.4319432915804
2024-04-16,1243.4319432915804
2024-04-17,1243.4319432915804
2024-04-18,1243.4319432915804
2024-04-19,1243.4319432915804
2024-04-22,1243.4319432915804
2024-04-23,1243.4319432915804
2024-04-24,1243.4319432915804
2024-04-25,1243.4319432915804
2024-04-26,1243.4319432915804
2024-04-29,1243.4319432915804
2024-04-30,1243.4319432915804
2024-05-01,1243.4319432915804
2024-05-02,1243.4319432915804
2024-05-03,1243.4319432915804
2024-05-06,1243.4319432915804
2024-05-07,1243.4319432915804
2024-05-08,1243.4319432915804
2024-05-09,1243.4319432915804
2024-05-10,1243.4319432915804
2024-05-13,1243.4319432915804
2024-05-14,1243.4319432915804
2024-05-15,1243.4319432915804
2024-05-16,1243.2382851655311
2024-05-17,1243.2382851655311
2024-05-20,1243.2382851655311
2024-05-21,1243.2382851655311
2024-05-22,1243.2382851655311
2024-05-23,1243.2382851655311
2024-05-24,1243.2382851655311
2024-05-27,1243.2382851655311
2024-05-28,1243.2382851655311
2024-05-29,1243.2382851655311
2024-05-30,1243.2382851655311
2024-05-31,1243.2382851655311
2024-06-03,1243.2382851655311
2024-06-04,1243.2382851655311
2024-06-05,1243.2382851655311
2024-06-06,1243.2382851655311
2024-06-07,1243.2382851655311
2024-06-10,1243.2382851655311
2024-06-11,1243.2382851655311
2024-06-12,1243.2382851655311
2024-06-13,1243.2382851655311
2024-06-14,1243.2382851655311
2024-06-17,1243.2382851655311
2024-06-18,1243.2382851655311
2024-06-19,1243.2382851655311
2024-06-20,1243.2382851655311
2024-06-21,1243.2382851655311
2024-06-24,1243.2382851655311
2024-06-25,1243.2382851655311
2024-06-26,1243.2382851655311
2024-06-27,1243.2382851655311
2024-06-28,1243.2382851655311
2024-07-01,1243.2382851655311
2024-07-02,1243.2382851655311
2024-07-03,1243.2382851655311
2024-07-04,1243.2382851655311
2024-07-05,1243.2382851655311
2024-07-08,1243.2382851655311
2024-07-09,1243.2382851655311
2024-07-10,1243.2382851655311
2024-07-11,1243.2382851655311
2024-07-12,1243.2382851655311
2024-07-15,1243.2382851655311
2024-07-16,1243.2382851655311
2024-07-17,1243.2382851655311
2024-07-18,1243.2382851655311
2024-07-19,1243.2382851655311
2024-07-22,1243.2382851655311
2024-07-23,1243.2382851655311
2024-07-24,1243.2382851655311
2024-07-25,1243.2382851655311
2024-07-26,1243.2382851655311
2024-07-29,1243.2382851655311
2024-07-30,1243.2382851655311
2024-07-31,1243.2382851655311
2024-08-01,1243.2382851655311
2024-08-02,1243.2382851655311
2024-08-05,1243.2382851655311
2024-08-06,1243.2382851655311
2024-08-07,1243.2382851655311
2024-08-08,1243.2382851655311
2024-08-09,1243.2382851655311
2024-08-12,1243.2382851655311
2024-08-13,1243.2382851655311
2024-08-14,1243.2382851655311
2024-08-15,1243.098335022097
2024-08-16,1243.098335022097
2024-08-19,1243.098335022097
2024-08-20,1243.098335022097
2024-08-21,1243.098335022097
2024-08-22,1243.098335022097
2024-08-23,1243.098335022097
2024-08-26,1243.098335022097
2024-08-27,1243.098335022097
2024-08-28,1243.098335022097
2024-08-29,1243.098335022097
2024-08-30,1243.098335022097
2024-09-02,1243.098335022097
2024-09-03,1243.098335022097
2024-09-04,1243.098335022097
2024-09-05,1243.098335022097
2024-09-06,1243.098335022097
2024-09-09,1243.098335022097
2024-09-10,1243.098335022097
2024-09-11,1243.098335022097
2024-09-12,1243.098335022097
2024-09-13,1243.098335022097
2024-09-16,1243.098335022097
2024-09-17,1243.098335022097
2024-09-18,1243.098335022097
2024-09-19,1243.098335022097
2024-09-20,1243.098335022097
2024-09-23,1243.098335022097
2024-09-24,1243.098335022097
2024-09-25,1243.098335022097
2024-09-26,1243.098335022097
2024-09-27,1243.098335022097
2024-09-30,1243.098335022097
2024-10-01,1243.098335022097
2024-10-02,1243.098335022097
2024-10-03,1243.098335022097
2024-10-04,1243.098335022097
2024-10-07,1243.098335022097
2024-10-08,1243.098335022097
2024-10-09,1243.098335022097
2024-10-10,1243.098335022097
2024-10-11,1243.098335022097
2024-10-14,1243.098335022097
2024-10-15,1243.098335022097
2024-10-16,1243.098335022097
2024-10-17,1243.098335022097
2024-10-18,1243.098335022097
2024-10-21,1243.098335022097
2024-10-22,1243.098335022097
2024-10-23,1243.098335022097
2024-10-24,1243.098335022097
2024-10-25,1243.098335022097
2024-10-28,1243.098335022097
2024-10-29,1243.098335022097
2024-10-30,1243.098335022097
2024-10-31,1243.098335022097
2024-11-01,1243.098335022097
2024-11-04,1243.098335022097
2024-11-05,1243.098335022097
2024-11-06,1243.098335022097
2024-11-07,1243.098335022097
2024-11-08,1243.098335022097
2024-11-11,1243.098335022097
2024-11-12,1243.098335022097
2024-11-13,1243.098335022097
2024-11-14,1243.053795523338
2024-11-15,1243.053795523338
2024-11-18,1243.053795523338
2024-11-19,1243.053795523338
2024-11-20,1243.053795523338
2024-11-21,1243.053795523338
2024-11-22,1243.053795523338
2024-11-25,1243.053795523338
2024-11-26,1243.053795523338
2024-11-27,1243.053795523338
2024-11-28,1243.053795523338
2024-11-29,1243.053795523338
2024-12-02,1243.053795523338
2024-12-03,1243.053795523338
2024-12-04,1243.053795523338
2024-12-05,1243.053795523338
2024-12-06,1243.053795523338
2024-12-09,1243.053795523338
2024-12-10,1243.053795523338
2024-12-11,1243.053795523338
2024-12-12,1243.053795523338
2024-12-13,1243.053795523338
2024-12-16,1243.053795523338
2024-12-17,1243.053795523338
2024-12-18,1243.053795523338
2024-12-19,1243.053795523338
2024-12-20,1243.053795523338
2024-12-23,1243.053795523338
2024-12-24,1243.053795523338
2024-12-25,1243.053795523338
2024-12-26,1243.053795523338
2024-12-27,1243.053795523338
2024-12-30,1243.053795523338
2024-12-31,1243.053795523338
2025-01-01,1243.053795523338
2025-01-02,1243.053795523338
2025-01-03,1243.053795523338
2025-01-06,1243.053795523338
2025-01-07,1243.053795523338
2025-01-08,1243.053795523338
2025-01-09,1243.053795523338
2025-01-10,1243.053795523338
2025-01-13,1243.053795523338
2025-01-14,1243.053795523338
2025-01-15,1243.053795523338
2025-01-16,1243.053795523338
2025-01-17,1243.053795523338
2025-01-20,1243.053795523338
2025-01-21,1243.053795523338
2025-01-22,1243.053795523338
2025-01-23,1243.053795523338
2025-01-24,1243.053795523338
2025-01-27,1243.053795523338
2025-01-28,1243.053795523338
2025-01-29,1243.053795523338
2025-01-30,1243.053795523338
2025-01-31,1243.053795523338
2025-02-03,1243.053795523338
2025-02-04,1243.053795523338
2025-02-05,1243.053795523338
2025-02-06,1243.053795523338
2025-02-07,1243.053795523338
2025-02-10,1243.053795523338
2025-02-11,1243.053795523338
2025-02-12,1243.053795523338
2025-02-13,1243.053795523338
2025-02-14,1243.053795523338
2025-02-17,1243.053795523338
2025-02-18,1243.053795523338
2025-02-19,1243.053795523338
2025-02-20,1243.053795523338
2025-02-21,1243.053795523338
2025-02-24,1243.053795523338
2025-02-25,1243.053795523338
2025-02-26,1243.053795523338
2025-02-27,1243.053795523338
2025-02-28,1243.053795523338
2025-03-03,1243.053795523338
2025-03-04,1243.053795523338
2025-03-05,1243.053795523338
2025-03-06,1243.053795523338
2025-03-07,1243.053795523338
2025-03-10,1243.053795523338
2025-03-11,1243.053795523338
2025-03-12,1243.053795523338
2025-03-13,1243.053795523338
2025-03-14,1243.053795523338
2025-03-17,1243.053795523338
2025-03-18,1243.053795523338
2025-03-19,1243.053795523338
2025-03-20,1243.053795523338
2025-03-21,1243.053795523338
2025-03-24,1243.053795523338
2025-03-25,1243.053795523338
2025-03-26,1243.053795523338
2025-03-27,1243.053795523338
2025-03-28,1243.053795523338
2025-03-31,1243.053795523338
2025-04-01,1243.053795523338
2025-04-02,1243.053795523338
2025-04-03,1204.0212945909411
2025-04-04,1193.3290446227975
2025-04-07,1193.3290446227975
2025-04-08,1193.3290446227975
2025-04-09,1193.3290446227975
2025-04-10,1193.1862156037728
2025-04-11,1215.4128536844623
2025-04-14,1188.6935300939967
2025-04-15,1180.2364788027548
2025-04-16,1171.2674412456229
2025-04-17,1171.2674412456229
2025-04-18,1171.2674412456229
2025-04-21,1171.2674412456229
2025-04-22,1171.2674412456229
2025-04-23,1171.2674412456229
2025-04-24,1171.2674412456229
2025-04-25,1171.2674412456229
2025-04-28,1171.2674412456229
2025-04-29,1171.2674412456229
2025-04-30,1171.2674412456229
2025-05-01,1171.2674412456229
2025-05-02,1171.2674412456229
2025-05-05,1171.2674412456229
2025-05-06,1171.2674412456229
2025-05-07,1171.2674412456229
2025-05-08,1171.2674412456229
2025-05-09,1171.2674412456229
2025-05-12,1171.2674412456229
2025-05-13,1171.0716801548979
2025-05-14,1177.8242484557209
2025-05-15,1163.8480457382364
2025-05-16,1161.4031475138813
2025-05-19,1166.5275978006566
2025-05-20,1164.5486484290932
2025-05-21,1183.5168781555292
2025-05-22,1174.2916005937864
2025-05-23,1167.5219264656319
2025-05-26,1167.5219264656319
2025-05-27,1156.4311096090576
2025-05-28,1164.076030272852
2025-05-29,1164.076030272852
2025-05-30,1164.076030272852
2025-06-02,1164.076030272852
2025-06-03,1164.076030272852
2025-06-04,1164.076030272852
2025-06-05,1164.076030272852
2025-06-06,1164.076030272852
2025-06-09,1164.076030272852
2025-06-10,1164.076030272852
2025-06-11,1164.076030272852
2025-06-12,1164.076030272852
2025-06-13,1164.076030272852
2025-06-16,1164.076030272852
2025-06-17,1164.076030272852
2025-06-18,1164.076030272852
2025-06-19,1164.076030272852
2025-06-20,1164.076030272852
2025-06-23,1164.076030272852
2025-06-24,1164.076030272852
2025-06-25,1163.8431109319076
2025-06-26,1172.1370813473984
2025-06-27,1166.9690244544245
2025-06-30,1174.8875808572648
2025-07-01,1168.1147405839606
2025-07-02,1162.1704527374734
2025-07-03,1152.3097460754618
2025-07-04,1152.0746511033274
2025-07-07,1152.0746511033274
2025-07-08,1152.0746511033274
2025-07-09,1152.0746511033274
2025-07-10,1152.0746511033274
2025-07-11,1152.0746511033274
2025-07-14,1152.0746511033274
2025-07-15,1152.0746511033274
2025-07-16,1151.834278235551
2025-07-17,1151.0518818116539
2025-07-18,1144.4056686895292
2025-07-21,1138.572517117547
2025-07-22,1132.914583604453
2025-07-23,1132.914583604453
2025-07-24,1132.914583604453
2025-07-25,1132.914583604453
2025-07-28,1132.914583604453
2025-07-29,1132.914583604453
2025-07-30,1132.914583604453
2025-07-31,1132.914583604453
2025-08-01,1132.914583604453
2025-08-04,1132.6597942108049
2025-08-05,1127.6521137968234
2025-08-06,1125.733907369016
2025-08-07,1124.9678236769103
2025-08-08,1118.0773796687276
2025-08-11,1116.9354321252881
2025-08-12,1118.0763090929056
2025-08-13,1127.592530257694
2025-08-14,1118.769208946467
2025-08-15,1113.372627504595
2025-08-18,1111.0975538280238
2025-08-19,1115.763663178655
2025-08-20,1115.763663178655
2025-08-21,1115.763663178655
2025-08-22,1115.763663178655
2025-08-25,1115.5048697777668
2025-08-26,1120.442858311239
2025-08-27,1127.689237782462
2025-08-28,1130.7584608769182
2025-08-29,1128.0661767437498
2025-09-01,1128.0661767437498
2025-09-02,1122.3096165402635
2025-09-03,1128.8031363781338
2025-09-04,1138.01915990097
2025-09-05,1150.3993514999795
2025-09-08,1154.426598205988
2025-09-09,1137.1782324806559
2025-09-10,1148.0035420148615
2025-09-11,1152.6835552974171
2025-09-12,1137.0250108561995
2025-09-15,1146.302698437621
2025-09-16,1151.7552727432858
2025-09-17,1128.284861379349
2025-09-18,1123.6787931491765
2025-09-19,1115.7615428852932
2025-09-22,1112.72213902808
2025-09-23,1118.4067740547741
2025-09-24,1110.791731716932
2025-09-25,1104.737773058347
2025-09-26,1102.9651411215043
2025-09-29,1102.9651411215043
2025-09-30,1102.9651411215043
2025-10-01,1102.9651411215043
2025-10-02,1102.697370413775
2025-10-03,1095.1805118486889
2025-10-06,1090.6985849292562
2025-10-07,1096.279984546112
2025-10-08,1096.279984546112
2025-10-09,1092.915447089576
2025-10-10,1110.8091787959195
2025-10-13,1108.917289454051
2025-10-14,1111.9395826776858
2025-10-15,1111.664625500997
2025-10-16,1132.1114660563262
2025-10-17,1117.4801423969075
2025-10-20,1125.0893932868883
2025-10-21,1129.683478511714
2025-10-22,1133.526239382063
2025-10-23,1115.794299690946
2025-10-24,1115.0344282536391
2025-10-27,1119.5908073595901
2025-10-28,1119.5908073595901
2025-10-29,1083.7653273934022
2025-10-30,1079.051286993069
2025-10-31,1082.8302833265302
2025-11-03,1082.8302833265302
2025-11-04,1082.8302833265302
2025-11-05,1082.8302833265302
2025-11-06,1082.8302833265302
2025-11-07,1082.8302833265302
2025-11-10,1082.8302833265302
2025-11-11,1082.8302833265302
2025-11-12,1082.8302833265302
2025-11-13,1082.8302833265302
2025-11-14,1082.6632289568142
2025-11-17,1082.6632289568142
2025-11-18,1082.6632289568142
2025-11-19,1082.6632289568142
2025-11-20,1082.6632289568142
2025-11-21,1082.6632289568142
2025-11-24,1082.3805225956453
2025-11-25,1087.1839434686904
2025-11-26,1086.8999362995744
2025-11-27,1086.8999362995744
2025-11-28,1075.0309369365787
2025-12-01,1052.2647125334324
2025-12-02,1054.1477001659405
2025-12-03,1057.754411728959
2025-12-04,1051.2420431629835
2025-12-05,1045.207561578554
2025-12-08,1045.207561578554
2025-12-09,1045.207561578554
2025-12-10,1044.92943940612
2025-12-11,1045.645020305749
2025-12-12,1047.7931047188224
2025-12-15,1045.28230730225
2025-12-16,1040.9874986498667
2025-12-17,1041.700615836523
2025-12-18,1036.458169048654
2025-12-19,1036.458169048654
2025-12-22,1036.458169048654
2025-12-23,1036.458169048654
2025-12-24,1036.458169048654
2025-12-25,1036.458169048654
2025-12-26,1036.458169048654
2025-12-29,1036.458169048654
2025-12-30,1036.458169048654
2025-12-31,1036.458169048654
2026-01-01,1036.458169048654
2026-01-02,1036.458169048654
2026-01-05,1036.2276802368415
2026-01-06,1037.6479648371376
2026-01-07,1034.4483299360331
2026-01-08,1037.764413378075
2026-01-09,1037.764413378075
2026-01-12,1037.764413378075
2026-01-13,1037.5385524768733
2026-01-14,1030.784417321542
2026-01-15,1038.3374132737147
2026-01-16,1038.3374132737147
2026-01-19,1038.1172225136904
2026-01-20,1047.72008657865
2026-01-21,1040.1006516507205
2026-01-22,1045.4448734553332
2026-01-23,1036.6333828893505
2026-01-26,1033.7917994321272
2026-01-27,1039.4607584292876
2026-01-28,1038.7485954552692
2026-01-29,1034.478288222312
2026-01-30,1031.6420925017562
2026-02-02,1044.373066042401
2026-02-03,1044.373066042401
2026-02-04,1043.6578328761245
2026-02-05,1020.0698900730544
2026-02-06,1019.8607641698409
2026-02-09,1017.9024802190877
2026-02-10,1017.9024802190877
2026-02-11,1017.6961856755374
2026-02-12,1029.9209877063638
2026-02-13,1038.645056901705
2026-02-16,1038.439125638194
2026-02-17,1037.016076731146
2026-02-18,1029.1990912036194
2026-02-19,1029.904840635622
2026-02-20,1029.1986501102247
2026-02-23,1049.6653756434723
2026-02-24,1045.3541304848093
2026-02-25,1039.627359832385
2026-02-26,1051.023633430709
2026-02-27,1071.8859367866405
2026-03-02,1037.2488986087396
2026-03-03,1032.7778671224698
2026-03-04,1025.4922653727372
2026-03-05,1026.899130704453
2026-03-06,1016.6866073324438
2026-03-09,1015.0881134693495
2026-03-10,1015.0881134693495
2026-03-11,1015.0881134693495
2026-03-12,1015.0881134693495
2026-03-13,1014.8825646142279
2026-03-16,1006.8693461810632
2026-03-17,1000.6432061087947
2026-03-18,999.9553041049767
2026-03-19,1006.4862887231
2026-03-20,1032.4195611150476
2026-03-23,1025.3419388580785
2026-03-24,1034.8370114671934
2026-03-25,1034.9729480432022
2026-03-26,1035.6823061357293
2026-03-27,1044.909724873082
2026-03-30,1019.8648246414834
2026-03-31,1014.265500518276
2026-04-01,1007.7821552770571
2026-04-02,1007.435973353533
2026-04-03,1009.1663420618978
