,baseline_daily_pct,dmom_daily_pct,w_dmom
1982-09-14,0.0,0.0,
1982-09-15,0.0,0.0,
1982-09-16,0.0,0.0,
1982-09-17,0.0,0.0,
1982-09-20,0.0,0.0,
1982-09-21,0.0,0.0,
1982-09-22,0.0,0.0,
1982-09-23,0.0,0.0,
1982-09-24,0.0,0.0,
1982-09-27,0.0,0.0,
1982-09-28,0.0,0.0,
1982-09-29,0.0,0.0,
1982-09-30,-0.0006366004357632884,0.0,
1982-10-01,-0.08061900487398979,0.0,
1982-10-04,-0.11000000000003637,0.0,
1982-10-05,0.030000000000040928,0.0,
1982-10-06,-1.0,0.0,
1982-10-07,-0.9215535663657944,0.0,
1982-10-08,-0.002291210964581129,0.0,
1982-10-11,1.1092172457779037,0.0,
1982-10-12,-0.7007825967816339,0.0,
1982-10-13,1.8000000000000114,0.0,
1982-10-14,-1.3508126114467882,0.0,
1982-10-15,0.20999999999987723,0.0,
1982-10-18,2.0400000000001226,0.0,
1982-10-19,-0.7800000000001092,0.0,
1982-10-20,2.430000000000109,0.0,
1982-10-21,-0.21000000000001365,0.0,
1982-10-22,-1.5899999999999863,0.0,
1982-10-25,-3.000868114255145,0.0,
1982-10-26,1.398267525172343,0.0,
1982-10-27,-0.31499999999998635,0.0,
1982-10-28,-0.3908481274579334,0.0,
1982-10-29,0.12999999999999545,0.0,
1982-11-01,0.5800000000000409,0.0,
1982-11-02,0.2799999999999955,0.0,
1982-11-03,0.9991478064825368,0.0,
1982-11-04,0.059159492100352505,0.0,
1982-11-05,-0.34083255915780497,0.0,
1982-11-08,-0.5,0.0,
1982-11-09,1.7999999999998975,0.0,
1982-11-10,-2.0499999999998977,0.0,
1982-11-11,1.2241476943008633,0.0,
1982-11-12,-1.340000000000009,0.0,
1982-11-15,-1.5624561169657933,0.0,
1982-11-16,-0.06174392853269794,0.0,
1982-11-17,0.2,0.0,
1982-11-18,0.05,0.0,
1982-11-19,-0.3,0.0,
1982-11-22,-0.35,0.0,
1982-11-23,-0.016727741794688347,0.0,
1982-11-24,-0.125,0.0,
1982-11-25,0.0,0.0,
1982-11-26,-0.11500000000002046,0.0,
1982-11-29,0.13000000000001818,0.0,
1982-11-30,-0.5,0.0,
1982-12-01,0.05415057339575907,0.0,
1982-12-02,-0.0008420925888616112,0.0,
1982-12-03,0.029999999999984085,0.0,
1982-12-06,0.4200000000000159,0.0,
1982-12-07,0.03832424648490354,0.0,
1982-12-08,-0.7199999999999932,0.0,
1982-12-09,-0.49499999999999317,0.0,
1982-12-10,-0.13583005470467419,0.0,
1982-12-13,0.25,0.0,
1982-12-14,-0.9400000000000319,0.0,
1982-12-15,-0.10083762362090633,0.0,
1982-12-16,-0.01083133045808207,0.0,
1982-12-17,0.0,0.0,
1982-12-20,0.0,0.0,
1982-12-21,0.0,0.0,
1982-12-22,-0.0008317579991620292,0.0,
1982-12-23,0.07999999999999545,0.0,
1982-12-24,0.0,0.0,
1982-12-27,0.3950000000000045,0.0,
1982-12-28,-0.24665761350617352,0.0,
1982-12-29,0.225,0.0,
1982-12-30,-0.5550000000000409,0.0,
1982-12-31,0.194183225247042,0.0,
1983-01-03,-0.5599999999999681,0.0,
1983-01-04,0.6991762901238007,0.0,
1983-01-05,0.03999999999998636,0.0,
1983-01-06,0.40417428693945173,0.0,
1983-01-07,0.009179295698168638,0.0,
1983-01-10,0.5091825840275953,0.0,
1983-01-11,-0.3200000000000728,0.0,
1983-01-12,0.020000000000072758,0.0,
1983-01-13,0.05999999999999091,0.0,
1983-01-14,0.0,0.0,
1983-01-17,0.1400000000000091,0.0,
1983-01-18,-0.0400000000000091,0.0,
1983-01-19,-0.8400000000000091,0.0,
1983-01-20,0.5599999999999454,0.0,
1983-01-21,-1.5,0.0,
1983-01-24,-0.9015908978378515,0.0,
1983-01-25,0.10920869284500745,0.0,
1983-01-26,-0.00578717305965465,0.0,
1983-01-27,0.0,0.0,
1983-01-28,-0.0007915015437975535,0.0,
1983-01-31,0.18500000000000225,0.0,
1983-02-01,-0.3957977813711716,0.0,
1983-02-02,0.15999999999996817,0.0,
1983-02-03,0.17000000000000454,0.0,
1983-02-04,0.7,0.0,
1983-02-07,0.029999999999995454,0.0,
1983-02-08,-0.4807910630800635,0.0,
1983-02-09,0.0,0.0,
1983-02-10,1.1550000000000409,0.0,
1983-02-11,-0.3600000000000477,0.0,
1983-02-14,0.6450000000000614,0.0,
1983-02-15,-0.4817551887031006,0.0,
1983-02-16,-0.4400000000000091,0.0,
1983-02-17,0.31999999999993634,0.0,
1983-02-18,0.08000000000006366,0.0,
1983-02-21,0.0,0.0,
1983-02-22,-1.2,0.0,
1983-02-23,0.9384452270447997,0.0,
1983-02-24,0.6200000000000045,0.0,
1983-02-25,-0.14077639488808935,0.0,
1983-02-28,-0.54077559776299,0.0,
1983-03-01,1.3199999999999819,0.0,
1983-03-02,0.019999999999936336,0.0,
1983-03-03,0.28000000000006364,0.0,
1983-03-04,0.15923135537160832,0.0,
1983-03-07,-0.025000000000204636,0.0,
1983-03-08,-1.2499999999998863,0.0,
1983-03-09,0.8749999999998863,0.0,
1983-03-10,-0.9499999999998749,0.0,
1983-03-11,0.14923826808788693,0.0,
1983-03-14,0.15999999999994544,0.0,
1983-03-15,0.08000000000006366,0.0,
1983-03-16,-1.3,0.0,
1983-03-17,0.05848640397638629,0.0,
1983-03-18,0.2,0.0,
1983-03-21,0.3900000000000091,0.0,
1983-03-22,-0.2400000000000091,0.0,
1983-03-23,0.7200000000000045,0.0,
1983-03-24,0.028495462643196173,0.0,
1983-03-25,-0.6800000000000638,0.0,
1983-03-28,0.0,0.0,
1983-03-29,-0.33999999999991815,0.0,
1983-03-30,0.9,0.0,
1983-03-31,-1.0800000000000183,0.0,
1983-04-01,-0.0007455078019675389,0.0,
1983-04-04,0.4049999999999386,0.0,
1983-04-05,-0.43499999999997957,0.0,
1983-04-06,-0.11999999999995907,0.0,
1983-04-07,0.13426245454949526,0.0,
1983-04-08,0.009999999999990905,0.0,
1983-04-11,0.65,0.0,
1983-04-12,0.09926504825898921,0.0,
1983-04-13,0.22426735062765338,0.0,
1983-04-14,0.8192680642134242,0.0,
1983-04-15,-0.10072961264827911,0.0,
1983-04-18,0.5092725744592447,0.0,
1983-04-19,-0.7707259313118837,0.0,
1983-04-20,1.8,0.0,
1983-04-21,-0.36000000000012733,0.0,
1983-04-22,0.040000000000145516,0.0,
1983-04-25,-1.3200000000001635,0.0,
1983-04-26,3.2,0.0,
1983-04-27,-0.2,0.0,
1983-04-28,1.1200000000001638,0.0,
1983-04-29,0.7592803313962834,0.0,
1983-05-02,-1.0807184475531557,0.0,
1983-05-03,0.1499999999997499,0.0,
1983-05-04,1.0000000000002274,0.0,
1983-05-05,0.6499999999999773,0.0,
1983-05-06,2.650000000000205,0.0,
1983-05-09,-0.4014219218773234,0.0,
1983-05-10,0.0,0.0,
1983-05-11,-1.3200000000001635,0.0,
1983-05-12,-1.0200000000000273,0.0,
1983-05-13,0.8392958396967516,0.0,
1983-05-16,-1.7600000000001501,0.0,
1983-05-17,0.32614427871729756,0.0,
1983-05-18,-1.35,0.0,
1983-05-19,-0.8106995681746269,0.0,
1983-05-20,-0.16139533017494784,0.0,
1983-05-23,1.2000000000001365,0.0,
1983-05-24,1.3199999999998908,0.0,
1983-05-25,0.44860589576457693,0.0,
1983-05-26,-0.6006971357987634,0.0,
1983-05-27,-0.4949999999998567,0.0,
1983-05-30,0.0,0.0,
1983-05-31,-3.060000000000184,0.0,
1983-06-01,0.6729273511449516,0.0,
1983-06-02,0.9000000000001365,0.0,
1983-06-03,0.11999999999989086,0.0,
1983-06-06,0.47930995758441153,0.0,
1983-06-07,-2.4856948086231396,0.0,
1983-06-08,-0.7620769812195144,0.0,
1983-06-09,0.4736154852024182,0.0,
1983-06-10,0.18000000000010913,0.0,
1983-06-13,0.8549999999999386,0.0,
1983-06-14,-0.046390444267984984,0.0,
1983-06-15,1.4993116091975587,0.0,
1983-06-16,1.1386382079309467,0.0,
1983-06-17,0.23864099443497594,0.0,
1983-06-20,-0.7506742125601299,0.0,
1983-06-21,2.145000000000175,0.0,
1983-06-22,-0.9900000000002251,0.0,
1983-06-23,0.275,0.0,
1983-06-24,-0.8799999999999499,0.0,
1983-06-27,-1.8149999999995998,0.0,
1983-06-28,-2.3113272044051794,0.0,
1983-06-29,1.3030284938784429,0.0,
1983-06-30,0.75,0.0,
1983-07-01,0.05999999999987722,0.0,
1983-07-04,-0.0006408936974355619,0.0,
1983-07-05,-1.8899999999997137,0.0,
1983-07-06,1.574357041379604,0.0,
1983-07-07,-1.05,0.0,
1983-07-08,0.15,0.0,
1983-07-11,0.3599999999998772,0.0,
1983-07-12,-1.6200000000000954,0.0,
1983-07-13,0.35873666729061177,0.0,
1983-07-14,0.12000000000007276,0.0,
1983-07-15,-0.7800000000000182,0.0,
1983-07-18,0.11873453188290392,0.0,
1983-07-19,0.18000000000004093,0.0,
1983-07-20,0.8,0.0,
1983-07-21,0.12875396992040747,0.0,
1983-07-22,-0.38123489503555236,0.0,
1983-07-25,0.6599999999998771,0.0,
1983-07-26,0.1493906192527998,0.0,
1983-07-27,-2.0300000000001432,0.0,
1983-07-28,-1.995616988297377,0.0,
1983-07-29,-1.1718425778599462,0.0,
1983-08-01,-0.18182293704909458,0.0,
1983-08-02,-0.0006076192582848442,0.0,
1983-08-03,-0.12999999999998407,0.0,
1983-08-04,0.29000000000002046,0.0,
1983-08-05,-0.13061261224234838,0.0,
1983-08-08,0.43999999999998635,0.0,
1983-08-09,-0.17999999999999544,0.0,
1983-08-10,-0.23000000000004092,0.0,
1983-08-11,0.0,0.0,
1983-08-12,-0.1599999999999909,0.0,
1983-08-15,-0.20059440239228504,0.0,
1983-08-16,0.022288308970997036,0.0,
1983-08-17,0.0,0.0,
1983-08-18,-0.0011856565579959988,0.0,
1983-08-19,0.2400000000000091,0.0,
1983-08-22,-0.1,0.0,
1983-08-23,-0.27000000000005003,0.0,
1983-08-24,-0.3305830084740382,0.0,
1983-08-25,0.018834036161095465,0.0,
1983-08-26,-0.10500000000001819,0.0,
1983-08-29,-0.059999999999979535,0.0,
1983-08-30,0.004999999999984084,0.0,
1983-08-31,-0.18057123817712337,0.0,
1983-09-01,-0.0005710480099315838,0.0,
1983-09-02,0.05942883714958668,0.0,
1983-09-05,-0.0005630385118343766,0.0,
1983-09-06,0.9,0.0,
1983-09-07,0.08774488157045815,0.0,
1983-09-08,-0.3505618042652154,0.0,
1983-09-09,-0.8800000000001091,0.0,
1983-09-12,-1.5205600100017822,0.0,
1983-09-13,0.24333911764270696,0.0,
1983-09-14,0.21999999999993633,0.0,
1983-09-15,-0.37999999999992723,0.0,
1983-09-16,0.9594515215151158,0.0,
1983-09-19,0.3600000000000137,0.0,
1983-09-20,0.3289043988327689,0.0,
1983-09-21,-0.2510960245028345,0.0,
1983-09-22,0.6649999999997135,0.0,
1983-09-23,-0.21054850401608832,0.0,
1983-09-26,0.08000000000029103,0.0,
1983-09-27,-0.880000000000291,0.0,
1983-09-28,-0.31999999999970896,0.0,
1983-09-29,-0.4805459648267781,0.0,
1983-09-30,-0.8055382564709417,0.0,
1983-10-03,0.11893007695370639,0.0,
1983-10-04,0.019999999999936336,0.0,
1983-10-05,0.6400000000000545,0.0,
1983-10-06,0.7399999999999182,0.0,
1983-10-07,0.05894473603617551,0.0,
1983-10-10,1.16894431543397,0.0,
1983-10-11,-1.9610437165727896,0.0,
1983-10-12,-0.5510437540047914,0.0,
1983-10-13,0.7194780783772372,0.0,
1983-10-14,-0.20999999999996816,0.0,
1983-10-17,0.5950000000002547,0.0,
1983-10-18,-1.7850000000002864,0.0,
1983-10-19,-1.0160348008662348,0.0,
1983-10-20,0.19847346747195552,0.0,
1983-10-21,-0.23999999999996363,0.0,
1983-10-24,0.11949363098358196,0.0,
1983-10-25,-0.02000000000000455,0.0,
1983-10-26,-0.125,0.0,
1983-10-27,0.02949539367869769,0.0,
1983-10-28,0.0,0.0,
1983-10-31,-0.001013564699114101,0.0,
1983-11-01,-0.030500870795862847,0.0,
1983-11-02,-0.33000000000000684,0.0,
1983-11-03,0.49499999999999317,0.0,
1983-11-04,0.255000000000075,0.0,
1983-11-07,0.225,0.0,
1983-11-08,-0.09097204643808976,0.0,
1983-11-09,-1.099999999999909,0.0,
1983-11-10,-0.12597750635271437,0.0,
1983-11-11,-0.4954903025876921,0.0,
1983-11-14,0.008529092236894019,0.0,
1983-11-15,-0.11667907609661334,0.0,
1983-11-16,0.030000000000040928,0.0,
1983-11-17,0.05999999999999091,0.0,
1983-11-18,-0.07999999999999545,0.0,
1983-11-21,0.22999999999999546,0.0,
1983-11-22,0.0,0.0,
1983-11-23,0.05999999999996817,0.0,
1983-11-24,0.0,0.0,
1983-11-25,0.0,0.0,
1983-11-28,-0.25,0.0,
1983-11-29,0.37000000000007277,0.0,
1983-11-30,-0.47047119614959465,0.0,
1983-12-01,0.31452814931065054,0.0,
1983-12-02,-0.3,0.0,
1983-12-05,0.16952817688365965,0.0,
1983-12-06,-0.075,0.0,
1983-12-07,0.06953122258254958,0.0,
1983-12-08,0.0,0.0,
1983-12-09,0.0,0.0,
1983-12-12,-0.0004642291005794695,0.0,
1983-12-13,0.11999999999998182,0.0,
1983-12-14,0.1449999999999818,0.0,
1983-12-15,0.11406797048971137,0.0,
1983-12-16,-0.360933815363861,0.0,
1983-12-19,0.0,0.0,
1983-12-20,0.27500000000009095,0.0,
1983-12-21,-0.9499999999999886,0.0,
1983-12-22,0.3240808639191999,0.0,
1983-12-23,-0.02999999999993861,0.0,
1983-12-26,0.0,0.0,
1983-12-27,-0.2700000000000614,0.0,
1983-12-28,0.01408934957718515,0.0,
1983-12-29,0.025,0.0,
1983-12-30,-0.014999999999997727,0.0,
1984-01-02,0.0,0.0,
1984-01-03,0.15,0.0,
1984-01-04,-0.3104504473670635,0.0,
1984-01-05,-0.24090017673320643,0.0,
1984-01-06,-0.0013491455753233007,0.0,
1984-01-09,0.029551308008417147,0.0,
1984-01-10,-0.32044914264560426,0.0,
1984-01-11,0.0,0.0,
1984-01-12,-0.2000000000001023,0.0,
1984-01-13,-0.22544344034431577,0.0,
1984-01-16,0.15955654298637473,0.0,
1984-01-17,0.26999999999995905,0.0,
1984-01-18,-0.16499999999995227,0.0,
1984-01-19,-0.225,0.0,
1984-01-20,-0.33000000000000684,0.0,
1984-01-23,-0.3158855146229714,0.0,
1984-01-24,0.07411380363501537,0.0,
1984-01-25,0.10499999999998408,0.0,
1984-01-26,0.06455798391408647,0.0,
1984-01-27,-0.0408840359582618,0.0,
1984-01-30,0.3800000000000182,0.0,
1984-01-31,-0.08043626143885042,0.0,
1984-02-01,0.2000000000001023,0.0,
1984-02-02,-0.3004358344373888,0.0,
1984-02-03,2.2200000000000957,0.0,
1984-02-06,1.3195515586818936,0.0,
1984-02-07,-0.3163220495663036,0.0,
1984-02-08,3.7495501164387033,0.0,
1984-02-09,-0.49499999999979993,0.0,
1984-02-10,-0.22044835776497793,0.0,
1984-02-13,1.6200000000000274,0.0,
1984-02-14,-2.280443131782326,0.0,
1984-02-15,1.038559683767622,0.0,
1984-02-16,-0.4200000000000273,0.0,
1984-02-17,0.48000000000024556,0.0,
1984-02-20,0.0,0.0,
1984-02-21,1.2,0.0,
1984-02-22,0.6,0.0,
1984-02-23,-0.6,0.0,
1984-02-24,-4.2,0.0,
1984-02-27,-0.48218181889594725,0.0,
1984-02-28,1.6441259506159058,0.0,
1984-02-29,0.125,0.0,
1984-03-01,-0.7754384447665,0.0,
1984-03-02,-0.4499999999997954,0.0,
1984-03-05,0.6295624997738876,0.0,
1984-03-06,1.0749999999999886,0.0,
1984-03-07,0.6495630050286362,0.0,
1984-03-08,-0.4508724098781904,0.0,
1984-03-09,0.7199999999998908,0.0,
1984-03-12,-1.4804393513766223,0.0,
1984-03-13,0.044565546134179825,0.0,
1984-03-14,-0.3199999999999818,0.0,
1984-03-15,-0.9204297490809157,0.0,
1984-03-16,-0.4204300042250892,0.0,
1984-03-19,0.5991394208886083,0.0,
1984-03-20,-0.2,0.0,
1984-03-21,0.1400000000000091,0.0,
1984-03-22,0.5400000000000091,0.0,
1984-03-23,0.05957629705581232,0.0,
1984-03-26,-0.05042362311280272,0.0,
1984-03-27,-0.4799999999999727,0.0,
1984-03-28,-1.35,0.0,
1984-03-29,0.7791683833945988,0.0,
1984-03-30,-0.1,0.0,
1984-04-02,0.4199999999999363,0.0,
1984-04-03,-0.05999999999994543,0.0,
1984-04-04,0.22000000000002728,0.0,
1984-04-05,1.2595895990322354,0.0,
1984-04-06,-0.5008172062657645,0.0,
1984-04-09,-0.10499999999998408,0.0,
1984-04-10,-0.14000000000003182,0.0,
1984-04-11,1.0150000000000319,0.0,
1984-04-12,-2.3454112327639813,0.0,
1984-04-13,0.7187688252931143,0.0,
1984-04-16,-0.7999999999998977,0.0,
1984-04-17,0.049183522126278,0.0,
1984-04-18,0.3600000000000137,0.0,
1984-04-19,-0.03000000000000682,0.0,
1984-04-20,0.0,0.0,
1984-04-23,0.375,0.0,
1984-04-24,-0.4208188962811161,0.0,
1984-04-25,-0.375,0.0,
1984-04-26,-0.5254061134557916,0.0,
1984-04-27,0.09919014002684776,0.0,
1984-04-30,-0.1,0.0,
1984-05-01,-0.26040508892121167,0.0,
1984-05-02,0.029596887522906977,0.0,
1984-05-03,0.0,0.0,
1984-05-04,0.0,0.0,
1984-05-07,-0.0008173764035451867,0.0,
1984-05-08,-0.22999999999999546,0.0,
1984-05-09,0.2,0.0,
1984-05-10,-0.009999999999990905,0.0,
1984-05-11,0.2,0.0,
1984-05-14,0.19959116605119132,0.0,
1984-05-15,-0.06080308571775214,0.0,
1984-05-16,-0.0013839792185261698,0.0,
1984-05-17,0.75,0.0,
1984-05-18,0.42419499452444454,0.0,
1984-05-21,0.38419978311004677,0.0,
1984-05-22,0.8995993962762179,0.0,
1984-05-23,1.0991978847193349,0.0,
1984-05-24,2.1591945164847055,0.0,
1984-05-25,-0.14039781919643174,0.0,
1984-05-28,-0.00079288959462938,0.0,
1984-05-29,2.294999999999652,0.0,
1984-05-30,-0.4253964238644721,0.0,
1984-05-31,-0.0899999999997135,0.0,
1984-06-01,-4.5,0.0,
1984-06-04,-2.072010943231032,0.0,
1984-06-05,-0.0012043395144285423,0.0,
1984-06-06,-0.5504017246811772,0.0,
1984-06-07,-0.13540158714172565,0.0,
1984-06-08,-0.04040074649457081,0.0,
1984-06-11,1.925,0.0,
1984-06-12,0.07000000000001591,0.0,
1984-06-13,0.17419239523065602,0.0,
1984-06-14,1.3945977109412704,0.0,
1984-06-15,0.39919545930457767,0.0,
1984-06-18,-2.8804038973565707,0.0,
1984-06-19,0.06380080044776583,0.0,
1984-06-20,-2.1499999999998636,0.0,
1984-06-21,0.448388368162601,0.0,
1984-06-22,-0.12000000000002728,0.0,
1984-06-25,0.3895975639596831,0.0,
1984-06-26,0.75,0.0,
1984-06-27,0.32460185094939464,0.0,
1984-06-28,-0.7807990393637411,0.0,
1984-06-29,0.3600000000000364,0.0,
1984-07-02,0.03999999999996362,0.0,
1984-07-03,-0.6800000000001092,0.0,
1984-07-04,0.0,0.0,
1984-07-05,0.9200000000001637,0.0,
1984-07-06,0.2,0.0,
1984-07-09,-1.0,0.0,
1984-07-10,0.4799999999998363,0.0,
1984-07-11,2.5200000000001634,0.0,
1984-07-12,-0.12040232581739783,0.0,
1984-07-13,-0.6304024067433693,0.0,
1984-07-16,-1.050000000000182,0.0,
1984-07-17,-0.25040307689320596,0.0,
1984-07-18,0.9,0.0,
1984-07-19,0.8100000000001842,0.0,
1984-07-20,1.125,0.0,
1984-07-23,0.2242030985648668,0.0,
1984-07-24,1.8146005559917535,0.0,
1984-07-25,-1.8008029497239313,0.0,
1984-07-26,-1.8200000000002547,0.0,
1984-07-27,-1.471211792292192,0.0,
1984-07-30,1.0441935972296064,0.0,
1984-07-31,-0.45,0.0,
1984-08-01,-2.3400000000000203,0.0,
1984-08-02,-3.062091894657767,0.0,
1984-08-03,-2.421782604883875,0.0,
1984-08-06,-0.001334199065058538,0.0,
1984-08-07,0.34411361812176516,0.0,
1984-08-08,-0.6750000000000114,0.0,
1984-08-09,1.9495492342556466,0.0,
1984-08-10,-0.5399999999999863,0.0,
1984-08-13,0.17955067667416513,0.0,
1984-08-14,-0.48999999999995225,0.0,
1984-08-15,-1.157583928724822,0.0,
1984-08-16,1.1899999999998727,0.0,
1984-08-17,0.21000000000012733,0.0,
1984-08-20,0.034999999999888586,0.0,
1984-08-21,2.309999999999968,0.0,
1984-08-22,-1.3304589265631226,0.0,
1984-08-23,0.3599999999998545,0.0,
1984-08-24,0.5600000000001273,0.0,
1984-08-27,-1.2,0.0,
1984-08-28,0.6795406477859625,0.0,
1984-08-29,-0.35,0.0,
1984-08-30,-0.4549999999999841,0.0,
1984-08-31,-0.03545699093987738,0.0,
1984-09-03,0.0,0.0,
1984-09-04,-1.05,0.0,
1984-09-05,-0.21091698430369954,0.0,
1984-09-06,0.519540321496082,0.0,
1984-09-07,-0.675,0.0,
1984-09-10,0.3145362098167856,0.0,
1984-09-11,-0.23000000000004092,0.0,
1984-09-12,0.25,0.0,
1984-09-13,0.8200000000000045,0.0,
1984-09-14,0.019064189230398234,0.0,
1984-09-17,0.17906390094391664,0.0,
1984-09-18,-0.24000000000012278,0.0,
1984-09-19,-1.1399999999999864,0.0,
1984-09-20,0.5100000000000137,0.0,
1984-09-21,-1.1399999999999864,0.0,
1984-09-24,-0.15094520733108804,0.0,
1984-09-25,0.21952775443053815,0.0,
1984-09-26,0.225,0.0,
1984-09-27,0.34499999999999315,0.0,
1984-09-28,-0.5254742822271835,0.0,
1984-10-01,-0.6599999999999909,0.0,
1984-10-02,-0.7009536699722934,0.0,
1984-10-03,-0.10095261629007986,0.0,
1984-10-04,-0.00047629672508723545,0.0,
1984-10-05,0.06000000000003638,0.0,
1984-10-08,0.004524080396960847,0.0,
1984-10-09,0.3199999999999591,0.0,
1984-10-10,-0.18047797880372557,0.0,
1984-10-11,-0.22499999999993178,0.0,
1984-10-12,-0.33000000000010915,0.0,
1984-10-15,-0.4659368446092771,0.0,
1984-10-16,0.08406244828910052,0.0,
1984-10-17,-0.029999999999995454,0.0,
1984-10-18,0.5100000000000137,0.0,
1984-10-19,-0.10143128605601369,0.0,
1984-10-22,-0.12047589809055258,0.0,
1984-10-23,0.05000000000001137,0.0,
1984-10-24,-0.14999999999992042,0.0,
1984-10-25,-1.150000000000091,0.0,
1984-10-26,-0.4259542410387199,0.0,
1984-10-29,-0.15047729660798737,0.0,
1984-10-30,0.37952108335662044,0.0,
1984-10-31,-0.09000000000002047,0.0,
1984-11-01,0.18000000000000685,0.0,
1984-11-02,-0.03547335796678147,0.0,
1984-11-05,0.12999999999999545,0.0,
1984-11-06,0.4295272496132763,0.0,
1984-11-07,-0.8409560075026772,0.0,
1984-11-08,0.049523523085719154,0.0,
1984-11-09,-0.6404778331042383,0.0,
1984-11-12,0.13452278078816324,0.0,
1984-11-13,-0.35,0.0,
1984-11-14,0.027896244516200038,0.0,
1984-11-15,-0.0004747139501494553,0.0,
1984-11-16,0.175,0.0,
1984-11-19,0.10952519821201669,0.0,
1984-11-20,-0.2309513309864583,0.0,
1984-11-21,-0.26000000000008183,0.0,
1984-11-22,-0.0004749726065414338,0.0,
1984-11-23,-0.43500000000004774,0.0,
1984-11-26,0.3590471840488242,0.0,
1984-11-27,-0.13999999999999774,0.0,
1984-11-28,0.21951937155234644,0.0,
1984-11-29,-0.0004803012992558351,0.0,
1984-11-30,0.029519654138342205,0.0,
1984-12-03,0.07951955579084939,0.0,
1984-12-04,-0.04548003846850078,0.0,
1984-12-05,0.6599999999999909,0.0,
1984-12-06,-0.22095513642474135,0.0,
1984-12-07,0.45,0.0,
1984-12-10,-0.7800000000001092,0.0,
1984-12-11,-0.11999999999989086,0.0,
1984-12-12,0.2699999999998909,0.0,
1984-12-13,1.140000000000123,0.0,
1984-12-14,-1.140000000000123,0.0,
1984-12-17,-0.7799999999999045,0.0,
1984-12-18,-2.7614714318282587,0.0,
1984-12-19,0.2825515729295926,0.0,
1984-12-20,-0.22999999999999546,0.0,
1984-12-21,0.029999999999995454,0.0,
1984-12-24,0.11000000000003637,0.0,
1984-12-25,0.0,0.0,
1984-12-26,-0.2,0.0,
1984-12-27,-0.09000000000003183,0.0,
1984-12-28,0.13951838865328728,0.0,
1984-12-31,-0.020000000000015915,0.0,
1985-01-01,0.0,0.0,
1985-01-02,-0.17999999999998406,0.0,
1985-01-03,-0.1359631234309063,0.0,
1985-01-04,0.06403642312882792,0.0,
1985-01-07,-0.1954819038448296,0.0,
1985-01-08,0.0800000000000182,0.0,
1985-01-09,-0.7,0.0,
1985-01-10,-1.220488664644428,0.0,
1985-01-11,0.23806405698129413,0.0,
1985-01-14,0.2495126655786811,0.0,
1985-01-15,-0.0709732092507512,0.0,
1985-01-16,0.060000000000081856,0.0,
1985-01-17,-0.22048615341095362,0.0,
1985-01-18,0.40000000000009095,0.0,
1985-01-21,2.125,0.0,
1985-01-22,-0.25099327466247734,0.0,
1985-01-23,1.4695007488785026,0.0,
1985-01-24,-0.5604980725093225,0.0,
1985-01-25,0.18000000000014327,0.0,
1985-01-28,-0.04499999999995907,0.0,
1985-01-29,2.7449999999999593,0.0,
1985-01-30,-1.1260045699154582,0.0,
1985-01-31,-0.05499999999994998,0.0,
1985-02-01,-0.989999999999975,0.0,
1985-02-04,1.9794975646271769,0.0,
1985-02-05,-0.3500000000000227,0.0,
1985-02-06,-0.049999999999954525,0.0,
1985-02-07,2.1499999999999773,0.0,
1985-02-08,0.09949973952550537,0.0,
1985-02-11,-2.475503067877628,0.0,
1985-02-12,0.7189935681959911,0.0,
1985-02-13,2.6000000000001364,0.0,
1985-02-14,-1.300000000000182,0.0,
1985-02-15,-1.0015759720539632,0.0,
1985-02-18,-0.0005038719588204671,0.0,
1985-02-19,0.13499999999997953,0.0,
1985-02-20,-0.8099999999999795,0.0,
1985-02-21,-0.5855030379347951,0.0,
1985-02-22,-0.2405029793261778,0.0,
1985-02-25,0.5245000347964435,0.0,
1985-02-26,0.7799999999999045,0.0,
1985-02-27,-0.9004998367954945,0.0,
1985-02-28,0.7699999999998568,0.0,
1985-03-01,1.3650000000001115,0.0,
1985-03-04,-1.1905040680664638,0.0,
1985-03-05,0.5600000000001273,0.0,
1985-03-06,-1.519999999999982,0.0,
1985-03-07,-0.9605050053033597,0.0,
1985-03-08,-0.24600988576765886,0.0,
1985-03-11,-0.050504953906199516,0.0,
1985-03-12,0.25949520728486114,0.0,
1985-03-13,-0.5699999999999932,0.0,
1985-03-14,-0.16550655731702574,0.0,
1985-03-15,-0.10050670231791797,0.0,
1985-03-18,-0.14550732063710922,0.0,
1985-03-19,-0.0010279442101485757,0.0,
1985-03-20,0.10898455977376785,0.0,
1985-03-21,-0.0005077359081193698,0.0,
1985-03-22,-0.07999999999998408,0.0,
1985-03-25,-0.07999999999999545,0.0,
1985-03-26,0.07000000000001591,0.0,
1985-03-27,0.07999999999998408,0.0,
1985-03-28,-0.029999999999984085,0.0,
1985-03-29,0.05499999999998408,0.0,
1985-04-01,0.07449367256700337,0.0,
1985-04-02,-0.23050537984109398,0.0,
1985-04-03,-0.5099999999999454,0.0,
1985-04-04,0.08898920968555138,0.0,
1985-04-05,0.0,0.0,0.12497563765852467
1985-04-08,-0.15500000000001818,0.009703430298352626,-0.0626027761183967
1985-04-09,0.04848245400975809,0.0031065819275177394,0.06407641673609335
1985-04-10,-0.3,-0.019307013076461304,0.06435671025487101
1985-04-11,-0.08049632139379032,0.00458752693460415,-0.05699051652511966
1985-04-12,-0.035473130882407784,0.0024393947639621038,-0.06876739389169267
1985-04-15,-0.0004730400070760554,3.094745871044267e-05,-0.06542249756365097
1985-04-16,0.059999999999979535,-0.0034613445908209337,-0.057689076513701906
1985-04-17,-0.01547116499527482,0.000656766451816523,-0.042451001719464025
1985-04-18,-0.2104618948629322,0.008515114258019159,-0.040459173208360635
1985-04-19,0.03000000000010914,-0.0019317589397203911,-0.06439196465711211
1985-04-22,0.014999999999952251,-0.0008380842942265974,-0.05587228628195102
1985-04-23,0.4799999999999386,-0.024054565460391822,-0.050113678042489375
1985-04-24,-0.11999999999989086,0.007725928345396101,-0.06438273621169273
1985-04-25,0.2699999999998909,-0.017414209857690592,-0.06449707354702826
1985-04-26,-0.3609207834210543,0.022985442153988195,-0.0636855598508804
1985-04-29,-1.0749999999999886,-0.0028220392575235035,0.00262515279769631
1985-04-30,-0.0018248459555194072,0.00018860535525402574,-0.10335412404733246
1985-05-01,-0.16045548843569812,0.015484675107959972,-0.0965044901793147
1985-05-02,-0.001366300408453942,0.00014530375511333468,-0.10634832150694835
1985-05-03,-0.32999999999993856,0.03261357665873856,-0.09882902017801405
1985-05-06,-0.01500000000005457,0.00096765920516266,-0.06451061367727598
1985-05-07,-0.25500000000000683,0.03065900007072485,-0.12023137282636873
1985-05-08,-0.06090840938358459,0.008155136591910715,-0.13389180040069482
1985-05-09,-0.09545449201408725,0.012494256948975577,-0.13089228893629926
1985-05-10,-0.0009231498355864268,0.00012175279794305193,-0.13188844676087605
1985-05-13,-0.011846318065248504,0.0007644604108785598,-0.0645314777695464
1985-05-14,-0.5709201197456905,0.03663546363527171,-0.06416915846579473
1985-05-15,0.4400000000001455,-0.02870380313263591,-0.06523591621051458
1985-05-16,1.2799999999998364,-0.08030620986512,-0.06273922645713302
1985-05-17,0.6784707666324482,-0.04032095936631473,-0.05942917712791896
1985-05-20,2.159078980752225,-0.11764465158628697,-0.05448835018777288
1985-05-21,-0.5504597070898176,0.02743119433146802,-0.04983324660853354
1985-05-22,-0.6604590355764212,0.033428587506443716,-0.05061417242519611
1985-05-23,-0.7800000000000296,0.09275697621103593,-0.11891920027055437
1985-05-24,0.65,-0.10574603850319164,-0.1626862130818333
1985-05-27,0.0,-0.0,-0.11433174240597682
1985-05-28,-1.4300000000000297,0.07140406337852659,-0.04993291145351406
1985-05-29,0.38910754418963933,-0.04158427474671967,-0.1068709033471033
1985-05-30,-0.054999999999824925,0.004435842705253931,-0.08065168555032821
1985-05-31,1.375,-0.1072702951452509,-0.07801476010563702
1985-06-03,0.49500000000005007,-0.025674620203033918,-0.05186791960208348
1985-06-04,0.219556033688452,-0.011237903146114949,-0.05118467006951597
1985-06-05,-0.42044375676613704,0.02126623674532782,-0.05058045553797274
1985-06-06,2.210000000000207,-0.10710225445908968,-0.04846255857876907
1985-06-07,-2.7304457957060992,0.11313095283021694,-0.04143314363102419
1985-06-10,0.41866875247943863,-0.019490273757907718,-0.046552969722441634
1985-06-11,-0.660000000000025,0.03026195450273031,-0.04585144621625631
1985-06-12,-1.6504432362628798,0.011121356936991159,-0.006738406200611536
1985-06-13,-2.251340574116669,0.1051898458722522,-0.04672320442389053
1985-06-14,0.9077619066200995,-0.06713988516641325,-0.07396199893031143
1985-06-17,-0.11000000000003637,0.004158212683493437,-0.037801933486291475
1985-06-18,0.12000000000000455,-0.006008345098161228,-0.050069542484675
1985-06-19,-0.18000000000004093,0.008959021557031687,-0.04977234198349806
1985-06-20,0.14000000000003182,-0.005674987280818159,-0.040535623434406205
1985-06-21,0.0900000000000091,-0.004501199699543986,-0.05001332999492812
1985-06-24,0.19000000000003184,-0.00945746141292695,-0.04977611269960718
1985-06-25,0.019111985564704382,-0.0009437594940823934,-0.04938050475641363
1985-06-26,0.43955534295564924,-0.015051089540550162,-0.034241625728728325
1985-06-27,0.47414608180724827,-0.008605675414328592,-0.01814983977412051
1985-06-28,-0.21085246781448758,0.010347089554712446,-0.049072650948605606
1985-07-01,0.7650000000000206,-0.0017758934534043383,-0.0023214293508552817
1985-07-02,-0.27085338791991564,-0.005958921605977992,0.022000542993908908
1985-07-03,-0.6599999999997749,0.03220857245785161,-0.048800867360397876
1985-07-04,0.0,-0.0,-0.05007516071169732
1985-07-05,1.375,-0.06845459926686742,-0.04978516310317631
1985-07-08,-1.485000000000025,0.0688838030991872,-0.04638639939339127
1985-07-09,-0.715422345853264,0.03467788443641501,-0.04847190563366549
1985-07-10,1.2491546385051489,-0.06089973184473774,-0.04875275643823879
1985-07-11,0.07999999999983629,-0.0037376069870813946,-0.04672008733861304
1985-07-12,0.3200000000001637,-0.014879619136070292,-0.04649880980019588
1985-07-15,-0.44042043943559,0.020221062843716813,-0.04591308902382146
1985-07-16,2.519999999999857,-0.11510236759428147,-0.04567554269614603
1985-07-17,0.6745830810631295,-0.028058501045072435,-0.0415938404515761
1985-07-18,-0.7512523302189409,0.030922492153521525,-0.04116125955244577
1985-07-19,-0.520000000000266,0.02198377129047105,-0.042276483250884234
1985-07-22,-1.3,0.05499391206144448,-0.042303009278034216
1985-07-23,-2.470833397540681,0.10295908809527923,-0.041669781620144244
1985-07-24,-1.8166757238174496,0.08537536388708758,-0.04699537884927812
1985-07-25,0.6283222743646741,-0.031442618535132145,-0.05004218347491379
1985-07-26,0.014999999999952251,-0.0007354859113896927,-0.04903239409280226
1985-07-29,-0.9300000000000068,0.04556344164657221,-0.04899294800706653
1985-07-30,0.2083085582069812,-0.0108961936144113,-0.05230794984229375
1985-07-31,-0.09000000000002047,0.004677275654497372,-0.05196972949440343
1985-08-01,-0.175,0.009102943059518597,-0.05201681748296341
1985-08-02,0.12414982859211399,-0.006804368973751598,-0.05480771943799375
1985-08-05,-0.03500000000000227,0.0019085972191050073,-0.054531349117282385
1985-08-06,-0.36000000000000226,0.020982214482734483,-0.058283929118706536
1985-08-07,0.028713413572607673,0.0005806025416310391,0.020220603174292327
1985-08-08,-0.18042829633969737,0.011581813101371212,-0.06419066929261368
1985-08-09,0.12000000000006139,-0.00789905495808328,-0.06582545798399365
1985-08-12,0.13499999999994544,-0.008955959049070207,-0.06634043740054686
1985-08-13,0.0,0.0,0.020757937665718738
1985-08-14,0.01500000000005457,0.000291420071916089,0.019428004794335253
1985-08-15,0.19499999999989087,0.0036818356196469185,0.0188812083058922
1985-08-16,0.23800151827318686,0.006044125360122723,0.025395322702038627
1985-08-19,-0.1958512729456324,-0.006507104224157286,0.03322472264943427
1985-08-20,-0.9750000000000227,-0.024943667078260918,0.025583248285395217
1985-08-21,-0.20085618390319754,0.01338682749249816,-0.06664881923152503
1985-08-22,0.5541441028247215,-0.037344819126093394,-0.06739189127111535
1985-08-23,0.05,-0.00033773165309471435,-0.006754633061894287
1985-08-26,-0.06542486664088377,0.0003453277763606746,-0.0052782343180945894
1985-08-27,-0.05999999999996817,0.0005028544122445002,-0.008380906870746116
1985-08-28,-0.01999999999995907,0.0002170720628782568,-0.010853603143935051
1985-08-29,-0.06000000000003638,0.0007056638027290439,-0.011761063378810267
1985-08-30,0.17000000000000454,-0.002473696264989846,-0.014551154499939883
1985-09-02,0.0,-0.0,-0.009262214086426277
1985-09-03,0.04000000000003183,-0.002938007048482528,-0.07345017621200475
1985-09-04,0.07999999999992724,-0.0006429730207968392,-0.0080371627599678
1985-09-05,-0.08999999999996362,0.0005009063820610031,-0.005565626467346729
1985-09-06,-0.15,0.001365487249648118,-0.009103248330987454
1985-09-09,0.06000000000003638,-0.0007791073919292646,-0.012985123198813203
1985-09-10,0.37999999999992723,-0.0042172636909418295,-0.011098062344585886
1985-09-11,0.33959002104343033,0.0005970875671166165,0.0017582600492264016
1985-09-12,0.32877151941880645,0.003205499547175971,0.009749930750822236
1985-09-13,0.5987701243658338,0.0115711321144405,0.019324832090939166
1985-09-16,-0.5858199170894237,-0.021047174461759546,0.03592772087082651
1985-09-17,2.914999999999975,0.051180632437488466,0.017557678366205455
1985-09-18,-0.7154134391461765,-0.06600400914277398,0.09225995142270138
1985-09-19,-2.159999999999809,-0.14790351067857305,0.06847384753638246
1985-09-20,0.9591823067940904,0.017262239480581334,0.017996828505185358
1985-09-23,-1.9500000000000455,-0.07525909736760755,0.03859440890646451
1985-09-24,1.648773027467748,-0.006605660601919312,-0.004006409913233814
1985-09-25,1.854999999999984,0.05902236886485057,0.03181798860638872
1985-09-26,-0.7704150159034342,-0.05657129539463593,0.07342963756787253
1985-09-27,0.08000000000010914,0.004349550409995522,0.05436938012486985
1985-09-30,-0.2400000000001455,-0.013181252996197582,0.05492188748412329
1985-10-01,-2.9599999999998543,-0.13029220710521466,0.04401763753554766
1985-10-02,1.7583547864119828,-0.015559833706983658,-0.008849086559336715
1985-10-03,-0.15999999999989994,-0.004000771194961237,0.025004819968523367
1985-10-04,0.5799999999999728,0.01199007292026554,0.020672539517700178
1985-10-07,0.019999999999936336,0.0006218763052690804,0.031093815263552996
1985-10-08,0.12000000000007276,0.0036982211582323983,0.03081850965191797
1985-10-09,-0.10040425943722835,-0.0032485984503937896,0.03235518561266595
1985-10-10,-0.15000000000009095,-0.0044873479774861095,0.029915653183222594
1985-10-11,-1.1249999999998863,-0.02990546195177957,0.02658263284602897
1985-10-14,-0.7508140376755753,-0.006146539219276389,0.008186500132982718
1985-10-15,0.16418570057149393,-0.0006320556329608274,-0.003849638736874053
1985-10-16,-0.15,0.00016553208731713158,-0.0011035472487808773
1985-10-17,0.0491890821728451,-0.00021461796744963197,-0.004363122017513718
1985-10-18,-0.07999999999998408,0.000288212851380298,-0.0036026606422544416
1985-10-21,-0.0049999999999954525,2.5036577782547798e-05,-0.0050073155565141135
1985-10-22,0.11499999999997498,-0.0006513434215000545,-0.00566385583913214
1985-10-23,0.125,-0.0006750399002284441,-0.005400319201827553
1985-10-24,-0.1103983515695537,0.00038535001274381475,-0.0034905413646600936
1985-10-25,-0.14000000000003182,0.0007719596400532949,-0.005513997428950853
1985-10-28,0.14000000000003182,-0.0009970653095285771,-0.007121895068059646
1985-10-29,0.27000000000000457,-0.0015236241618839439,-0.005643052451421919
1985-10-30,0.12000000000000455,-0.0002490131283876919,-0.002075109403230687
1985-10-31,-0.160799343542548,0.007489663672778536,-0.04657770055383807
1985-11-01,0.7799999999999272,-0.03624737866556592,-0.04647099828919141
1985-11-04,0.03959784435333013,-0.0017946673546891433,-0.045322349839940566
1985-11-05,0.3745987262000809,-0.0012372481925345235,-0.0033028627862276387
1985-11-06,0.1496004462827829,-0.006771900432714177,-0.045266579084353546
1985-11-07,0.034601389120208215,-0.0015596833277746027,-0.045075743125691514
1985-11-08,1.2,-0.05405638561612264,-0.045046988013435534
1985-11-11,3.2391844226507693,-0.1281721434042451,-0.03956926395050891
1985-11-12,0.8495920395944213,-0.03115371218949154,-0.03666902552943377
1985-11-13,-0.935405677498206,0.033044794516204734,-0.03532669868391739
1985-11-14,2.1595931432746034,-0.07594682102724966,-0.0351671893679432
1985-11-15,-1.3016846851341752,0.041813441169312425,-0.03212255751860703
1985-11-18,0.8400000000000318,-0.028226534328197026,-0.03360301705737614
1985-11-19,-0.21000000000028649,0.006827005223655147,-0.03250954868402778
1985-11-20,0.42000000000025467,-0.013963669646115234,-0.0332468324907304
1985-11-21,3.290000000000032,-0.09846497446015444,-0.029928563665700146
1985-11-22,-0.6304083182002184,0.016426135457898363,-0.026056343140893334
1985-11-25,-0.600000000000307,0.016235761110903652,-0.027059601851492244
1985-11-26,0.3000000000000682,-0.008322955582381279,-0.027743185274597952
1985-11-27,3.900000000000546,-0.09521337253931507,-0.024413685266487625
1985-11-28,-0.00040250335500087886,8.219748243564397e-06,-0.020421564544589817
1985-11-29,-2.160000000000582,0.044117594109740324,-0.02042481208783724
1985-12-02,-2.6399999999999637,0.059876335690616726,-0.02268043018583998
1985-12-03,1.2787840438502005,-0.03208266464019671,-0.025088414884816116
1985-12-04,4.2899999999999405,-0.09043503548420066,-0.021080427851795317
1985-12-05,-0.65,0.011348144816097121,-0.01745868433245711
1985-12-06,0.06458715141369799,-0.0012029316780455858,-0.018624937804432442
1985-12-09,0.7,-0.013005388227379936,-0.018579126039114196
1985-12-10,0.1395885248458674,-0.002498058861217405,-0.017895875495322722
1985-12-11,3.149999999999693,-0.05245436722057181,-0.01665218007002442
1985-12-12,0.2991759651641379,-0.004146423242124259,-0.01385947978758719
1985-12-13,5.524580606801832,-0.06310364687662467,-0.011422341598008692
1985-12-16,3.15,-0.021987771934688524,-0.006980245058631277
1985-12-17,-2.6100000000000816,0.012043278851516901,-0.004614283084872232
1985-12-18,-1.7100000000002864,0.010742822020183977,-0.006282352058586069
1985-12-19,0.18000000000004093,-0.001334960614746534,-0.007416447859701279
1985-12-20,1.5300000000002456,-0.01103801045199752,-0.007214385916337091
1985-12-23,-5.85,0.031263846689194345,-0.005344247297298179
1985-12-24,-2.16215066972166,0.018391188644473082,-0.008505969959457373
1985-12-25,-0.001290287377947538,1.2514121838755818e-05,-0.009698709026094675
1985-12-26,0.8000000000001819,-0.007742564466924679,-0.009678205583653648
1985-12-27,2.1499999999999773,-0.01946969704751208,-0.00905567304535455
1985-12-30,1.25,-0.009856709340166426,-0.00788536747213314
1985-12-31,-1.000865453115963,0.007235768178950773,-0.007229511375803693
1986-01-01,0.0,-0.0,-0.007780670811720455
1986-01-02,-1.0799999999999725,0.008404625780951388,-0.00778206090828852
1986-01-03,1.67956721591412,-0.013888284286849167,-0.008268966049858469
1986-01-06,0.32999999999982493,-0.00242637857772226,-0.007352662356738022
1986-01-07,3.0795658465973204,-0.021295913986589223,-0.006915232551406408
1986-01-08,-9.360950990507385,0.03807908494612819,-0.004067865004820863
1986-01-09,-1.964769600832529,0.015130478535710009,-0.007700892017719937
1986-01-10,-0.20047654057491543,0.0016988401349374142,-0.008474009627588222
1986-01-13,0.31452286603419516,-0.0026877154012574264,-0.00854537361669983
1986-01-14,-0.0400000000000091,0.00033804840195219947,-0.008451210048803065
1986-01-15,0.35,-0.003011095693711093,-0.008603130553460266
1986-01-16,0.15999999999996817,-0.0013653010174684245,-0.00853313135917935
1986-01-17,-0.3304738673106777,0.002797214102924912,-0.008464252032053287
1986-01-20,0.075,-0.0006439396287054584,-0.00858586171607278
1986-01-21,-0.8400000000000546,0.0071804505465782546,-0.008548155412592604
1986-01-22,-0.8254836147276933,0.007311865136609534,-0.008857674466405415
1986-01-23,0.3690316845478782,-0.0033851656589210634,-0.009173103017071348
1986-01-24,0.0,-0.0,-0.009014013823306586
1986-01-27,-0.00048360658956739613,4.353603227065484e-06,-0.009002365395723707
1986-01-28,0.424505353996716,-0.0038145197067170076,-0.008985798814557511
1986-01-29,-0.12098937470560239,0.0010656418719289787,-0.008807731046812612
1986-01-30,-0.4604953499097975,0.004070151947740691,-0.008838638541166502
1986-01-31,1.375,-0.012321044409060879,-0.008960759570226094
1986-02-03,1.2494966452261098,-0.010456650038935002,-0.008368689967184954
1986-02-04,-1.110504823546741,0.008706268632154266,-0.00783991969017127
1986-02-05,0.2099999999998886,-0.0017349759597466835,-0.0082617902845124
1986-02-06,0.0,-0.0,-0.008169039182494075
1986-02-07,1.5050000000001431,-0.0121993259632758,-0.00810586442742501
1986-02-10,0.9794924296631815,-0.007340871087381467,-0.00749456643570566
1986-02-11,-0.8005083162305845,0.005680153738897221,-0.0070956836096891535
1986-02-12,0.26999999999985674,-0.0020012276886982217,-0.007411954402589939
1986-02-13,1.4400000000001227,-0.010448787935202463,-0.00725610273277887
1986-02-14,1.9762189952792633,-0.013101264875515748,-0.006629460048107869
1986-02-17,-0.0010153413982544423,5.966361117020991e-06,-0.005876211811394924
1986-02-18,3.0599999999999454,-0.017495136972851003,-0.005717365023807619
1986-02-19,-2.760512937281807,0.012409024135956293,-0.004495187821207996
1986-02-20,3.8350000000003543,-0.020204601535178463,-0.005268474976577991
1986-02-21,1.429999999999586,-0.005608075183932104,-0.003921730897855753
1986-02-24,0.975,-0.0033343542798393074,-0.003419850543424931
1986-02-25,-1.8200000000001182,0.0055643898884477246,-0.0030573570815644853
1986-02-26,0.4550000000001774,-0.0016675804761984733,-0.0036650120355996114
1986-02-27,3.444481899722686,-0.011724980826188822,-0.0034039896761056563
1986-02-28,-1.8200000000002547,0.004108737886059839,-0.0022575482890435515
1986-03-03,-0.769999999999618,0.0021858027571332026,-0.002838704879395178
1986-03-04,-1.5399999999995544,0.004720604627542576,-0.0030653276802233387
1986-03-05,1.5399999999995544,-0.005443721289507341,-0.003534883954226569
1986-03-06,1.75,-0.0052837093768888736,-0.0030192625010793564
1986-03-07,-1.1199999999999362,0.0027519039552456083,-0.0024570571028980047
1986-03-10,2.380000000000382,-0.006592816695708093,-0.0027700910486164014
1986-03-11,7.979459926439418,-0.01407934870145924,-0.0017644488262680835
1986-03-12,-0.900540073559873,-0.00034955426751331,0.0003881607024232772
1986-03-13,2.2399999999998723,0.00031529961047871375,0.00014075875467800522
1986-03-14,1.8200000000005732,0.001359586362618805,0.0007470254739661412
1986-03-17,-2.5900000000008276,-0.003167837202783544,0.0012231031670975026
1986-03-18,3.85,0.0019986707091664653,0.0005191352491341468
1986-03-19,-1.3299999999997454,-0.0020268322782071445,0.0015239340437650621
1986-03-20,1.75,0.0020585889079419066,0.0011763365188239465
1986-03-21,-3.5700000000002547,-0.005681860412638355,0.0015915575385540477
1986-03-24,-0.069999999999618,-4.782387759179986e-05,0.0006831982513151549
1986-03-25,1.469999999999618,0.0009729044684213961,0.0006618397744364958
1986-03-26,4.620000000000255,0.0046516769801402,0.00100685648920778
1986-03-27,0.21000000000012733,0.0004522881505628037,0.002153753097916807
1986-03-28,0.0,0.0,0.002202996664735121
1986-03-31,-0.9100000000001274,-0.002000302859655463,0.0021981350106100913
1986-04-01,-6.3,-0.011538519974463503,0.001831511107057699
1986-04-02,1.3277618909938649,0.0005171314365728332,0.0003894760348828408
1986-04-03,-4.699999999999818,-0.003123974973791902,0.0006646755263387282
1986-04-04,-3.8523252829869294,0.0013633324672611769,-0.0003538985851693465
1986-04-07,0.23827333571671366,-0.0002800906329468116,-0.0011755013715836634
1986-04-08,1.8899999999999182,-0.0021123720531957047,-0.0011176571710030667
1986-04-09,-0.075,5.372655167009367e-05,-0.0007163540222679156
1986-04-10,0.8094027216615588,-0.0005913007306186868,-0.0007305395877652255
1986-04-11,-0.5611950397265705,0.0003135206636436121,-0.0005586661346764004
1986-04-14,1.440000000000191,-0.0009702376353393471,-0.0006737761356522351
1986-04-15,-0.12059222275590949,4.476876586737804e-05,-0.00037124090463109237
1986-04-16,3.744999999999777,-0.001449369707562273,-0.00038701460816084355
1986-04-17,0.41939433099787926,0.00015862204482672927,0.00037821695026090226
1986-04-18,-1.2006070520394034,-0.0005549236223861453,0.0004622025344958018
1986-04-21,2.6549999999998364,0.0005714007802671246,0.000215216866390644
1986-04-22,-3.015617149846126,-0.0022226118902809572,0.0007370338407825965
1986-04-23,0.3993828905162831,5.6054748837662014e-05,0.00014035340563838355
1986-04-24,-0.990000000000532,-0.00021645318006089197,0.0002186395758189653
1986-04-25,1.125,2.6493299099949288e-05,2.3549599199954924e-05
1986-04-28,1.125,0.00027438845357915614,0.00024390084762591655
1986-04-29,-3.825,-0.0017339846144067415,0.0004533293109560108
1986-04-30,-5.086287604245309,0.001360251309040006,-0.0002674349967753813
1986-05-01,0.10307482817956486,-0.00012377414057384258,-0.0012008183060777731
1986-05-02,-0.08064155651404185,9.51925177492186e-05,-0.001180439984843832
1986-05-05,0.9300000000000409,-0.0011111430317123458,-0.0011947774534540828
1986-05-06,-0.18000000000004093,0.00018704329377440472,-0.0010391294098575678
1986-05-07,-0.09000000000005456,9.651921046462734e-05,-0.0010724356718285425
1986-05-08,0.075,-8.169459711242893e-05,-0.0010892612948323857
1986-05-09,0.3300000000001774,-0.00035686702837935943,-0.0010814152375126292
1986-05-12,-0.31564652268137405,0.00032225640160132136,-0.0010209407626727432
1986-05-13,-0.3,0.00032391757931779193,-0.0010797252643926399
1986-05-14,0.26000000000003637,-0.00029495693502401186,-0.0011344497500921946
1986-05-15,-1.5,0.0016216998400237562,-0.0010811332266825041
1986-05-16,-0.4846658028470747,0.0006692120928210674,-0.001380770190283514
1986-05-19,0.1793448581789087,-0.0002638828443919807,-0.0014713711174743557
1986-05-20,0.8099999999999454,-0.0011624519293250719,-0.001435125838673025
1986-05-21,-0.09065841427531214,0.00011614123713563066,-0.0012810861304382855
1986-05-22,1.5600000000000136,-0.0020632573574507203,-0.0013226008701607067
1986-05-23,0.25366314219711056,-0.00025925671906074706,-0.0010220512007191411
1986-05-26,-0.0006684072857690301,6.546822256593875e-07,-0.0009794660225855387
1986-05-27,2.340000000000191,-0.002294924735163731,-0.0009807370663092068
1986-05-28,0.897987114323306,-0.00047527644996545564,-0.0005292686747778208
1986-05-29,0.8993298417855081,-0.000328940274426435,-0.0003657615472576388
1986-05-30,-1.3006708008539931,0.0002429926619866078,-0.00018682103252188326
1986-06-02,-2.75,0.0012044096932914718,-0.00043796716119689886
1986-06-03,1.1543282939226356,-0.0011217255135913652,-0.0009717560589106936
1986-06-04,-1.7000000000000455,0.0012629452628578892,-0.0007429089781516797
1986-06-05,1.5993300241717483,-0.0017323238179336045,-0.0010831559413953542
1986-06-06,-0.3599999999998772,0.00027705086308964347,-0.0007695857308048277
1986-06-09,-6.030000000000041,0.005010980441807792,-0.0008310083651422484
1986-06-10,0.35656323795295464,-0.0007221110386187032,-0.0020251976697440114
1986-06-11,0.5593148571772384,-0.0011040316378643526,-0.00197390007380852
1986-06-12,0.19500000000009549,-0.00036463308834625507,-0.0018699132735696233
1986-06-13,1.5299999999999045,-0.0027877608649787347,-0.001822065924822816
1986-06-16,0.13361154181419196,-0.00020359642978911392,-0.001523793730875788
1986-06-17,-1.325698021911473,0.0020952343650557947,-0.0015804763456120701
1986-06-18,0.7800000000002456,-0.0014576722812293923,-0.001868810616960171
1986-06-19,-1.05,0.001784388711341536,-0.0016994178203252723
1986-06-20,1.4399999999996451,-0.0027540638309484877,-0.0019125443270480323
1986-06-23,-1.4099999999998092,0.002280320543176949,-0.001617248612182452
1986-06-24,1.8,-0.0034290116749950647,-0.0019050064861083692
1986-06-25,0.6299999999999727,-0.0009632675267052506,-0.0015289960741353846
1986-06-26,0.2700000000000273,-0.00037682606907312024,-0.0013956521076780822
1986-06-27,0.029295128203907388,-3.9271235169544764e-05,-0.0013405380886609933
1986-06-30,1.5050000000002228,-0.0020079336366033134,-0.001334175173822602
1986-07-01,1.1892931533866924,-0.0012090596384791727,-0.0010166203639835917
1986-07-02,0.4385870241423963,-0.00034262552668152515,-0.0007812030630671024
1986-07-03,-2.5007091162454183,0.0020129932695705484,-0.0008049689811955699
1986-07-04,-0.000708703953419587,1.0149576097276476e-06,-0.0014321319993071122
1986-07-07,-8.450000000000273,0.010506538018323247,-0.0012433772802749002
1986-07-08,-1.9044589749705352,0.005795894624885687,-0.0030433286833996295
1986-07-09,0.4785130164283868,-0.0016488152715623207,-0.0034457062085145574
1986-07-10,0.25999999999994544,-0.0008683677530993838,-0.0033398759734598695
1986-07-11,-0.37999999999988177,0.0012463427013419933,-0.0032798492140588974
1986-07-14,-0.7900000000000545,0.0026495602466314874,-0.0033538737299130435
1986-07-15,-0.6515128006824961,0.002290245597369132,-0.003515273368335928
1986-07-16,-0.0015128161709420365,5.5280651743260684e-06,-0.003654155263876986
1986-07-17,-0.21075669935813843,0.0007702141059049956,-0.0036545177840167837
1986-07-18,-0.21000000000008184,0.0007760906035095311,-0.0036956695405201364
1986-07-21,0.15,-0.0005603701753418633,-0.003735801168945756
1986-07-22,-0.6149999999999182,0.0022737861582094706,-0.0036972132653817448
1986-07-23,0.13349785525660793,-0.0005105097175824337,-0.0038241042644553223
1986-07-24,-0.04499999999998181,0.00017062343150209494,-0.003791631811159198
1986-07-25,-0.25075166093996254,0.0009523125900256416,-0.0037978316333212793
1986-07-28,-0.0007675907615069136,2.9626359869780813e-06,-0.0038596556075817193
1986-07-29,0.024232444216365518,-9.369384796504749e-05,-0.003866462958852942
1986-07-30,-0.0007699696952978649,2.9764601731838604e-06,-0.0038656848332614038
1986-07-31,0.175,-0.0006757719363649842,-0.003861553922085624
1986-08-01,0.2800000000000182,-0.0010694851948585928,-0.0038195899816375833
1986-08-04,-0.3900000000000319,0.0014705854885807856,-0.003770732022001706
1986-08-05,-0.07000000000002729,0.00026991377560479506,-0.0038559110800669974
1986-08-06,0.04422369714897047,-0.0001711885664786915,-0.0038709691300126132
1986-08-07,0.0,-0.0,-0.003857739945101707
1986-08-08,0.0,-0.0,-0.0038682383606834926
1986-08-11,0.0,-0.0,-0.0038921291987256143
1986-08-12,-0.0015656288915411366,6.08677253943267e-06,-0.0038877492439738496
1986-08-13,0.4484387254602851,-0.001772001256648603,-0.003951490261751571
1986-08-14,0.4384384524880217,-0.0017120986474835106,-0.003904991995496302
1986-08-15,0.2969766697472544,-0.001162599560541051,-0.003914784153012745
1986-08-18,0.13921923513670917,-0.0005372220582628944,-0.003858820641668935
1986-08-19,-0.6800000000004729,0.002602139790028806,-0.0038266761618044065
1986-08-20,2.6800000000004727,-0.01057526244433728,-0.003945993449378887
1986-08-21,-0.12078378447408668,0.00040351780940559153,-0.0033408276712190905
1986-08-22,0.0,-0.0,-0.003445296098309882
1986-08-25,-0.9,0.003113137133364036,-0.0034590412592933736
1986-08-26,3.7350000000002863,-0.013316935674645923,-0.0035654446250722627
1986-08-27,0.0899999999997135,-0.0002463339822665426,-0.002737044247414741
1986-08-28,-0.18078438184698206,0.0004929070271665668,-0.002726491205328616
1986-08-29,-1.0,0.0027757723582006164,-0.0027757723582006164
1986-09-01,0.0,-0.0,-0.0030067710099440986
1986-09-02,-4.699999999999818,0.013662911227519989,-0.0029070023888341525
1986-09-03,2.846833508116372,-0.012565455411861538,-0.004413835714676396
1986-09-04,2.1899999999999182,-0.008053266965353736,-0.003677290851759834
1986-09-05,-2.6416059645831087,0.008260366021945712,-0.003127024292303694
1986-09-08,-0.7216059762532462,0.0027318524568902707,-0.0037857952217562186
1986-09-09,-0.4808028203682466,0.001929830483910486,-0.0040137669792211905
1986-09-10,-0.4249999999998408,0.0018129777865819,-0.004265830086076657
1986-09-11,-6.800873419960151,0.026975262284844113,-0.00396644087003198
1986-09-12,-2.0844138017514546,0.011498289783445378,-0.005516318196407929
1986-09-15,-0.145883422485477,0.0008973442723072163,-0.006151105156561218
1986-09-16,0.05911920344880331,-0.00036528494518933333,-0.006178786652727261
1986-09-17,0.15,-0.0009279286185553336,-0.006186190790368891
1986-09-18,-0.18085783218198853,0.0011640953985608629,-0.006436521905169635
1986-09-19,0.1799999999998363,-0.0011653916908970637,-0.006474398282767354
1986-09-22,-1.6399999999998724,0.010470592555032212,-0.006384507655507942
1986-09-23,-0.8008645288065815,0.005432007133715973,-0.006782679140266766
1986-09-24,0.20913618268471568,-0.0015988568301732098,-0.007645051227618391
1986-09-25,0.9099999999999454,-0.006914082284640064,-0.007597892620484043
1986-09-26,-0.11999999999998182,0.0009316206299654585,-0.00776350524971333
1986-09-29,0.4799999999999727,-0.0038853090818421945,-0.008094393920505032
1986-09-30,-0.21087000350145213,0.001675246418488584,-0.00794445103936771
1986-10-01,-0.9,0.00725186604984403,-0.008057628944271145
1986-10-02,-0.34500000000009545,0.0028679815812348414,-0.008312990090533472
1986-10-03,0.7041299542028665,-0.0059215210486719206,-0.008409699109272483
1986-10-06,-0.3400000000000546,0.002786940427937062,-0.008196883611578278
1986-10-07,-0.0900000000000091,0.0007501566287865356,-0.008335073653182886
1986-10-08,-0.42999999999997274,0.0035900499269598493,-0.008348953318511806
1986-10-09,0.3191336758108739,-0.0028085247585784654,-0.00880046504475718
1986-10-10,0.0,-0.0,-0.008697147231292479
1986-10-13,-0.17000000000000454,0.00148284991082932,-0.008722646534289885
1986-10-14,0.20413709575012084,-0.0018257157146567952,-0.008943576413429574
1986-10-15,0.0,-0.0,-0.009109696383728074
1986-10-16,-0.0008714041875372122,7.933506078790337e-06,-0.009104278120595498
1986-10-17,-0.18000000000004093,0.0016416995929321408,-0.009120553294065374
1986-10-20,-0.24499999999995908,0.0022544995740882176,-0.009202039077912628
1986-10-21,-0.02587249138215574,0.0002407897662098074,-0.009306786990598058
1986-10-22,0.0,-0.0,-0.009733285237467809
1986-10-23,0.0,-0.0,-0.010583728640245635
1986-10-24,0.0,-0.0,-0.010572873199824112
1986-10-27,0.0,-0.0,-0.01056189184508168
1986-10-28,-0.0008767614025493839,9.27790807715408e-06,-0.010582021574143712
1986-10-29,0.18999999999998635,-0.002008491565595628,-0.01057100823997775
1986-10-30,0.3091237249789516,-0.0032416882907382715,-0.010486701695119002
1986-10-31,0.17912385693495828,-0.0018558992022510773,-0.010360982808253026
1986-11-03,0.3741235273804793,-0.0038471661694098216,-0.01028314416991289
1986-11-04,0.13912429334034437,-0.0014104150111532469,-0.010137805391779435
1986-11-05,0.44999999999993173,-0.004532502158587445,-0.01007222701908474
1986-11-06,-0.500873975835004,0.0049539662388197615,-0.00989064410975043
1986-11-07,-0.18000000000010913,0.0018252777027477176,-0.010140431681925617
1986-11-10,0.39000000000019097,-0.003977584939934299,-0.010198935743416286
1986-11-11,0.6899999999999182,-0.006920329729736134,-0.010029463376430368
1986-11-12,-0.45,0.004401551182909861,-0.009781224850910802
1986-11-13,-3.239999999999918,0.031066887528193823,-0.009588545533393398
1986-11-14,2.2450698317272524,-0.023869857221457742,-0.010632122388412917
1986-11-17,-0.5850000000000137,0.005747949088637832,-0.009825553997671276
1986-11-18,-1.8899999999999864,0.018716644007219257,-0.009902986247206027
1986-11-19,0.3123259859523106,-0.003352345639684466,-0.010733482932785296
1986-11-20,-0.0008963311740011287,9.538041914206534e-06,-0.01064120292908001
1986-11-21,-0.26589818083193995,0.002833585950089133,-0.010656657902748463
1986-11-24,-0.000900777106989104,9.72859247084134e-06,-0.010800221714514576
1986-11-25,0.13320236160246574,-0.0014745320489584334,-0.011069864161711214
1986-11-26,-0.0008984750172546866,9.937936199936417e-06,-0.011060893190221398
1986-11-27,0.0,-0.0,-0.01116144124259527
1986-11-28,-0.36000000000012733,0.004048339932662208,-0.011245388701835488
1986-12-01,0.9600000000001273,-0.010881842029774309,-0.011335252114346736
1986-12-02,1.3790985045968602,-0.017214942560167687,-0.01248275050896381
1986-12-03,-0.10089787167233609,0.0012004665283690222,-0.0118978379669644
1986-12-04,0.2091021012997941,-0.002496821739942997,-0.011940682204638637
1986-12-05,-1.8899999999998724,0.022066621156330228,-0.01167546092927604
1986-12-08,-0.000900369274944026,1.1307725511116614e-05,-0.01255898643567062
1986-12-09,-1.2,0.014970816261839335,-0.012475680218199446
1986-12-10,0.6891052660210824,-0.00897542084457291,-0.013024745691463512
1986-12-11,-1.4750000000001364,0.018653747446316846,-0.012646608438179743
1986-12-12,-0.600885067277338,0.007979700358622386,-0.013279911239563824
1986-12-15,0.6991139893444815,-0.009507834838809546,-0.013599834910648104
1986-12-16,0.15000000000006822,-0.002010208089694595,-0.013401387264624538
1986-12-17,-0.4950000000000273,0.006676517490153309,-0.013487914121521094
1986-12-18,-0.16499999999991816,0.0022611299290304743,-0.013703817751706641
1986-12-19,0.23999999999991814,-0.003302499469250427,-0.013760414455214807
1986-12-22,0.014999999999986358,-0.0002046774877020684,-0.013645165846816971
1986-12-23,-0.4200000000000273,0.005771752442652581,-0.01374226772060049
1986-12-24,0.2691410327103712,-0.003763686183760257,-0.013984066813812241
1986-12-25,0.0,-0.0,-0.013866091653708482
1986-12-26,-0.11999999999993634,0.001706407353408148,-0.014220061278408778
1986-12-29,-0.8100000000000818,0.01151693502319774,-0.014218438300242688
1986-12-30,-0.04171370264146449,0.0008714541556071161,-0.02089131629233192
1986-12-31,-0.0008573841690752534,1.8321090921483514e-05,-0.02136859016331506
1987-01-01,-0.0008569602076529672,1.8320157161914207e-05,-0.021378072165205014
1987-01-02,-0.9200000000000274,0.019553458775326604,-0.02125375953839785
1987-01-05,-1.3017574762955555,0.028128883869576356,-0.02160839048885161
1987-01-06,-0.002616497460968635,5.884693293140015e-05,-0.022490728085635077
1987-01-07,0.8091372021895714,-0.018155310139619366,-0.022437863554524574
1987-01-08,0.4182737516419874,-0.009153177593287685,-0.021883222548284967
1987-01-09,1.3191353249995272,-0.028197415080257485,-0.021375680376285573
1987-01-12,0.8741380995514496,-0.017873154931785137,-0.020446603278082114
1987-01-13,0.4791381959188826,-0.009516682002758127,-0.01986208172050906
1987-01-14,1.7550000000002457,-0.03375287606642876,-0.019232408015056428
1987-01-15,3.284132566160703,-0.05601552510231195,-0.017056414128798884
1987-01-16,-0.2508671566367344,0.003805581557688195,-0.01516970817825638
1987-01-19,5.16999999999955,-0.06880556422968853,-0.013308619773635304
1987-01-20,-2.2,0.023099886551036935,-0.010499948432289515
1987-01-21,-0.55,0.0063420553054736204,-0.011531009646315673
1987-01-22,8.25,-0.0734440919464329,-0.008902314175325199
1987-01-23,-7.810906988685158,0.037841850649281646,-0.004844744752958801
1987-01-26,2.0472756191934782,-0.014478517285166933,-0.007072089927427909
1987-01-27,2.170000000000414,-0.013846268275168858,-0.006380768790399179
1987-01-28,2.169999999999777,-0.012306369222514463,-0.005671137890560243
1987-01-29,-1.6818045606252066,0.008421989195446304,-0.005007709809227447
1987-01-30,-0.9,0.004918282415679857,-0.0054647582396442854
1987-02-02,2.8790942280152954,-0.01607275957739653,-0.005582575040788537
1987-02-03,-0.8,0.003822639522710699,-0.004778299403388374
1987-02-04,3.4800000000004725,-0.016816751050558444,-0.00483239972717131
1987-02-05,1.319092614896724,-0.00513196482237849,-0.003890526536516383
1987-02-06,-1.034999999999468,0.0036546567339270897,-0.003531069308143931
1987-02-09,-1.665000000000532,0.006281466770501968,-0.0037726527150149917
1987-02-10,-3.15,0.01290397300372765,-0.004096499366262746
1987-02-11,1.619089719636357,-0.00787618120661331,-0.004864573662034169
1987-02-12,-0.7199999999998908,0.0032603946891296208,-0.00452832595712516
1987-02-13,4.236836620623864,-0.019066456431216513,-0.004500163244059438
1987-02-16,0.0,-0.0,-0.0034598857384881285
1987-02-17,4.0,-0.013327197848724529,-0.003331799462181132
1987-02-18,-0.28091000316592046,0.0006935798519135996,-0.0024690464707443484
1987-02-19,-0.45,0.001140159248278881,-0.002533687218397513
1987-02-20,-0.4950000000003683,0.0013063196828937839,-0.002639029662409721
1987-02-23,-2.520905136638705,0.006858475695212665,-0.0027206401365652095
1987-02-24,-0.39999999999940883,0.0013275802594536485,-0.0033189506486390264
1987-02-25,1.4490974128679215,-0.005194477715270554,-0.003584629762736321
1987-02-26,-0.3149999999999181,0.0010348087267371992,-0.0032851070690078353
1987-02-27,0.0,-0.0,-0.00340478692379115
1987-03-02,0.04499999999975444,-0.00015592742992902233,-0.0034650539984416267
1987-03-03,0.45,-0.0015537651204551915,-0.0034528113787893147
1987-03-04,4.410000000000286,-0.013970595457242345,-0.003167935477832526
1987-03-05,1.0790974971841714,-0.0022208246242622445,-0.002058038898299115
1987-03-06,1.0,-0.0020198816319414933,-0.0020198816319414933
1987-03-09,-2.8009045255707186,0.004816384929321578,-0.0017195819726629849
1987-03-10,2.75,-0.006721260333934983,-0.0024440946668854483
1987-03-11,-1.0449999999995498,0.001764940480253171,-0.001688938258616202
1987-03-12,1.1,-0.0021602101374291753,-0.0019638273976628866
1987-03-13,-1.5950000000003,0.0026378532479916796,-0.0016538264877687672
1987-03-16,-1.7049999999996999,0.003516832948755486,-0.0020626586209713227
1987-03-17,6.159999999999649,-0.014121090371354188,-0.0022923848005446416
1987-03-18,-0.7700000000003001,0.0006171438876806483,-0.000801485568416114
1987-03-19,1.5950000000003,-0.0015639974505654978,-0.0009805626649311621
1987-03-20,4.1799999999996995,-0.0023976117406374073,-0.0005735913255113827
1987-03-23,4.78500000000065,0.001763721238519791,0.0003685937802548696
1987-03-24,0.054999999999699865,7.766445847020277e-05,0.0014120810631023015
1987-03-25,-0.6599999999998999,-0.0009381682740987063,0.0014214670819679524
1987-03-26,-0.2199999999997999,-0.0002813263742236725,0.0012787562464724015
1987-03-27,-6.6550000000002,-0.00744180913914867,0.0011182282703453713
1987-03-30,-7.590917525528452,0.0013514610321974352,-0.00017803658485979288
1987-03-31,0.79633382700242,-0.001209491700123973,-0.0015188249690167909
1987-04-01,1.9790805308371437,-0.002705449345136508,-0.0013670233742293007
1987-04-02,-0.4749999999997954,0.00048409413864565406,-0.0010191455550439211
1987-04-03,4.9249999999999545,-0.005195163918237355,-0.001054855617916224
1987-04-06,0.2990646493883685,-6.863178564144138e-05,-0.00022948812499840266
1987-04-07,-4.590956537965489,0.0007938727293018448,-0.00017292098558041553
1987-04-08,2.7280819387659854,-0.0024586311305933536,-0.0009012306762697478
1987-04-09,-2.625,0.001211081484535559,-0.0004613643750611653
1987-04-10,-0.8259658422869295,0.0007203933511862846,-0.0008721829817945784
1987-04-13,-3.5409883964082374,0.0034725633621476627,-0.0009806762896116855
1987-04-14,-1.366991102675703,0.002075909238127911,-0.0015185974759196277
1987-04-15,0.518996838005586,-0.0008954499006181485,-0.0017253475070468747
1987-04-16,0.0,-0.0,-0.001644517714808399
1987-04-17,-0.0010068308461049465,1.6541988325580647e-06,-0.0016429759169154816
1987-04-20,-0.15,0.0002462296780561901,-0.0016415311870412676
1987-04-21,0.7599999999999681,-0.0012625769141559424,-0.0016612854133631518
1987-04-22,-0.8660408021320131,0.0013358084739732148,-0.0015424313388985034
1987-04-23,0.24895910984432673,-0.0004163088121428703,-0.0016721975444207958
1987-04-24,-0.665000000000009,0.0010853008440212543,-0.0016320313443928414
1987-04-27,-0.04605495023660696,7.972788068402492e-05,-0.001731146820796104
1987-04-28,0.0,-0.0,-0.001736880778289455
1987-04-29,0.0,-0.0,-0.0017353182147080168
1987-04-30,0.0,-0.0,-0.0017342664258550504
1987-05-01,-0.0010597229563183703,1.8368719605741025e-06,-0.0017333511080628652
1987-05-04,0.17893995510775007,-0.00030990670434832677,-0.001731903331269498
1987-05-05,0.9199999999999363,-0.0015653550798812065,-0.0017014729129144726
1987-05-06,-0.01106116961724449,1.728735563342172e-05,-0.0015628867680024122
1987-05-07,-0.5549999999999046,0.0008673750863489615,-0.001562837993421821
1987-05-08,0.075,-0.00012545441404488724,-0.0016727255205984965
1987-05-11,-1.05,0.0017539685618241266,-0.001670446249356311
1987-05-12,0.9899999999999182,-0.0018096688871434526,-0.0018279483708521233
1987-05-13,0.08999999999998635,-0.00015161619810163932,-0.0016846244233518035
1987-05-14,-0.029999999999904502,5.008503874964099e-05,-0.001669501291660014
1987-05-15,-2.1941254319983625,0.0036409990990042044,-0.0016594306988584788
1987-05-18,-0.07606622575108475,0.00015154160361805234,-0.001992232454308294
1987-05-19,-1.5910851887576976,0.0031722053956314707,-0.0019937369903545487
1987-05-20,0.06891501756766201,-0.00015387529258858762,-0.00223282671933603
1987-05-21,-0.001028560224922912,2.283769680853162e-06,-0.0022203558192465827
1987-05-22,-0.10999999999996816,0.00024402769811116367,-0.002218433619193039
1987-05-25,0.0,-0.0,-0.002233480879549027
1987-05-26,-0.7800000000000409,0.0017414089710429495,-0.0022325756039011002
1987-05-27,0.027927443436608364,-6.57816919491221e-05,-0.0023554498319345958
1987-05-28,0.28396180756397565,-0.0006669720702995901,-0.0023488090740841037
1987-05-29,-0.5400000000000545,0.001243546057454067,-0.002302863069359151
1987-06-01,0.3099999999999909,-0.0007426888195326355,-0.002395770385589217
1987-06-02,-0.4799999999999727,0.0011259537463309958,-0.002345736971523041
1987-06-03,1.1899999999999182,-0.002875428748211972,-0.0024163266791698904
1987-06-04,0.12895960050331093,-0.00028834211748884344,-0.0022359104429874573
1987-06-05,-0.5850000000000137,0.0012993263085035376,-0.0022210706128265078
1987-06-08,0.9300000000000409,-0.0021443524606454436,-0.0023057553340272573
1987-06-09,0.4189578388556656,-0.0009066901324708423,-0.0021641560280799624
1987-06-10,-0.2,0.000419762138692877,-0.002098810693464385
1987-06-11,0.9199999999998909,-0.001955010622416522,-0.002125011546105167
1987-06-12,0.9989596113282286,-0.001979202615023593,-0.0019812638995404643
1987-06-15,1.0239592942877593,-0.0018700707869337431,-0.0018263136018844557
1987-06-16,0.748959065816453,-0.0012504401486615332,-0.001669570749235016
1987-06-17,0.24499999999993632,-0.0003812804197158596,-0.0015562466110855457
1987-06-18,0.6289611126217826,-0.0009543812432592446,-0.0015173930853705246
1987-06-19,0.3599999999996726,-0.0005118389702552807,-0.0014217749173770727
1987-06-22,3.078958063715988,-0.004144084095024801,-0.0013459371674660987
1987-06-23,-1.665000000000532,0.0014813447646101412,-0.0008896965553211218
1987-06-24,-1.4399999999997135,0.001625070324980891,-0.0011285210590147323
1987-06-25,1.394999999999959,-0.0018594798427424583,-0.0013329604607473212
1987-06-26,-0.0899999999997135,0.0001016560450778119,-0.0011295116119792834
1987-06-29,-0.8100000000002865,0.0009249257043940758,-0.0011418835856712947
1987-06-30,-5.669999999999959,0.006802895236147133,-0.001199805156286981
1987-07-01,1.1208115658619928,-0.002215835162864766,-0.0019769916999032872
1987-07-02,1.0750000000000455,-0.0019561635699151406,-0.0018196870417814493
1987-07-03,0.0,-0.0,-0.0016708975476232752
1987-07-06,-0.4000000000002046,0.0006693694857607145,-0.0016734237144009304
1987-07-07,1.9250000000002956,-0.0033094825512909806,-0.0017192117149560896
1987-07-08,0.3739555141803113,-0.0005440055758232438,-0.001454733397943529
1987-07-09,-1.1410437352766263,0.0016044768011224736,-0.0014061483810990786
1987-07-10,0.42000000000009546,-0.0006663810828999332,-0.0015866216259518612
1987-07-13,0.0,-0.0,-0.0015269984405757802
1987-07-14,1.7149999999997136,-0.0027162752436814225,-0.00158383396133054
1987-07-15,0.21000000000028649,-0.00028261439499686924,-0.001345782833316589
1987-07-16,1.398955028405581,-0.0018335216882067356,-0.0013106366187456645
1987-07-17,0.5589551218372159,-0.0006948089583973258,-0.0012430496318086778
1987-07-20,-1.9810468029714936,0.0025435799894182897,-0.0012839575448712359
1987-07-21,-2.8000000000004093,0.004559924719618076,-0.0016285445427205035
1987-07-22,0.04790156712129543,-0.00010293117444415,-0.002148805991743645
1987-07-23,-0.6410397139663385,0.0013827246452615025,-0.0021570030922204463
1987-07-24,0.8050000000002228,-0.001836975187406842,-0.0022819567545420295
1987-07-27,0.875,-0.001866432295591703,-0.002133065480676232
1987-07-28,1.0150000000001909,-0.0020312271335148333,-0.0020012089985364055
1987-07-29,2.833974245697657,-0.0050560822637788555,-0.001784096052197598
1987-07-30,2.117953759973754,-0.0027242942253501486,-0.0012862859788704303
1987-07-31,0.4989784314023738,-0.00044722623253184697,-0.0008962836956197129
1987-08-03,-1.4300000000004502,0.0011459914523723248,-0.0008013926240363385
1987-08-04,-1.65,0.0017573530598179203,-0.0010650624604957094
1987-08-05,2.0350000000006503,-0.0028194878288296133,-0.0013854977045841337
1987-08-06,4.4,-0.004268144007515324,-0.0009700327289807553
1987-08-07,2.0899999999993497,-0.0003654356306917551,-0.00017484958406309512
1987-08-10,4.73000000000045,0.0009315555639293487,0.00019694620801887104
1987-08-11,5.99499999999955,0.00578053562215183,0.0009642261254632634
1987-08-12,-0.4399999999993497,-0.0008850035932189662,0.0020113718027733505
1987-08-13,1.5949999999997997,0.0030716266533354687,0.0019257847356337645
1987-08-14,0.10580220038935804,0.00023215014307350276,0.0021941901228819173
1987-08-17,-0.32999999999969987,-0.000729536357514481,0.0022107162348943775
1987-08-18,-5.9950000000003,-0.012215250485677833,0.0020375730584949493
1987-08-19,1.3200000000003,0.001421424245215431,0.0010768365494053848
1987-08-20,5.7199999999998,0.006967608634817068,0.0012181133976953342
1987-08-21,-0.7710428309021015,-0.001600297172842594,0.0020754971172876157
1987-08-24,-0.7000000000002728,-0.0013694155912296608,0.0019563079874701816
1987-08-25,3.0999999999996817,0.00564134208852938,0.001819787770493535
1987-08-26,-2.399999999999409,-0.005409173956222988,0.0022538224817601335
1987-08-27,-4.0,-0.007651574419157863,0.0019128936047894658
1987-08-28,-4.501058787175812,-0.00577904986411437,0.0012839312120472065
1987-08-31,3.01287745093774,0.001915856806593798,0.0006358893907209863
1987-09-01,-5.25,-0.005378523181408708,0.001024480605982611
1987-09-02,-0.38823665486606657,-0.00012261339644843545,0.0003158212778510944
1987-09-03,-1.1610819780609642,-0.0003045138959027993,0.00026226735205325043
1987-09-04,-1.3660886982577811,-0.00014084576951689257,0.00010310148213400632
1987-09-07,-0.0010830982629397978,9.081642983004326e-08,-8.384874478844136e-05
1987-09-08,-0.125,1.0538738157797493e-05,-8.430990526237995e-05
1987-09-09,-0.0010829947792421986,1.1686834487062734e-07,-0.00010791219598713426
1987-09-10,0.0,-0.0,-0.0001080863504108375
1987-09-11,0.0,-0.0,-0.00010845980962808982
1987-09-14,-0.002149476996990528,2.4004252346694646e-07,-0.00011167485104657031
1987-09-15,-1.0,0.00011635481078399453,-0.00011635481078399453
1987-09-16,-0.6900000000000546,0.00018831570556199025,-0.00027292131240865995
1987-09-17,0.27891429878171037,-0.00010626987878749958,-0.0003810126596294394
1987-09-18,0.05999999999999091,-2.0222287096351904e-05,-0.0003370381182725828
1987-09-21,-0.5099999999999909,0.0001814651603181107,-0.00035581403983943907
1987-09-22,1.0738762850354104,-0.0005344142531682432,-0.0004976497391881796
1987-09-23,-0.00112306080526253,3.284179498846112e-07,-0.00029243113849729556
1987-09-24,-0.25112208038355077,7.406259305514718e-05,-0.0002949266466016363
1987-09-25,0.3900000000000091,-0.00013381765064394865,-0.00034312218113832186
1987-09-28,0.4099999999999909,-0.00011604437109756998,-0.00028303505145749403
1987-09-29,-0.3411178281601086,6.801653550492787e-05,-0.00019939308323985727
1987-09-30,0.34500000000009545,-9.749439330068762e-05,-0.000282592444349741
1987-10-01,1.7549999999999046,-0.0003701989109955025,-0.00021093955042479924
1987-10-02,-0.10609652348466904,-1.8140946101022754e-05,0.0001709853019231504
1987-10-05,-0.26000000000012735,-3.842567079672914e-05,0.00014779104152580892
1987-10-06,-4.339999999999873,-0.00038678947942930475,8.912199986850601e-05
1987-10-07,0.3177476026289373,-0.00027069816790699553,-0.0008519282778763066
1987-10-08,-0.9711314055346476,0.0007584641855161448,-0.0007810108716426272
1987-10-09,-0.3611349815494133,0.0003575090055381218,-0.0009899594993657646
1987-10-12,-0.001132595222994591,1.2085986741675592e-06,-0.001067105572785319
1987-10-13,-0.4049999999999955,0.00043175957067592523,-0.0010660730140146422
1987-10-14,1.0649999999999864,-0.0012256288753504348,-0.0011508252350708455
1987-10-15,0.6738248268517552,-0.0006209848239819664,-0.0009215819887244763
1987-10-16,3.2,-0.002420592121441695,-0.0007564350379505296
1987-10-19,16.1476321442412,-0.0008424628600332083,-5.2172532325964546e-05
1987-10-20,-4.429793809826592,0.0014557448790928204,-0.0003286258777696488
1987-10-21,-4.200000000000011,-0.008562416511658424,0.002038670598013905
1987-10-22,1.375,0.0020995763897264158,0.001526964647073757
1987-10-23,0.3500000000000227,0.0005916529393696701,0.0016904369696275191
1987-10-26,2.074999999999966,0.003569992388952673,0.0017204782597362563
1987-10-27,-0.8349999999999795,-0.0016401845668627278,0.0019642928944464287
1987-10-28,-0.26499999999998636,-0.0004943435509172119,0.0018654473619518388
1987-10-29,-1.4449999999999819,-0.002640022837207389,0.0018270054236729566
1987-10-30,-1.3650000000000317,-0.0022532232740002296,0.0016507130212455512
1987-11-02,0.1599999999999909,0.0002380964170880209,0.0014881026068002152
1987-11-03,0.7600000000000137,0.001145213886049737,0.0015068603763812058
1987-11-04,0.0,0.0,0.001597482013914033
1987-11-05,-0.525,-0.0008376693734016443,0.0015955607112412271
1987-11-06,0.6299999999999955,0.000964837657319967,0.0015314883449523396
1987-11-09,0.35,0.000565270120642527,0.0016150574875500772
1987-11-10,0.6200000000000045,0.001025659266009818,0.001654289138725501
1987-11-11,-0.2800000000000182,-0.00048503376814814183,0.0017322634576718227
1987-11-12,-0.7399999999999863,-0.0012552822067356342,0.0016963273063995371
1987-11-13,0.1947323650361656,0.0003129806311660915,0.0016072347866157991
1987-11-16,-0.05999999999996817,-9.773809063816774e-05,0.0016289681773036598
1987-11-17,0.5499999999999545,0.0008909140897048747,0.0016198437994635426
1987-11-18,-0.38500000000001366,-0.0006485474782240921,0.0016845389044781015
1987-11-19,0.775,0.0012681520452394004,0.0016363252196637424
1987-11-20,-0.3099999999999682,-0.0005351419771452043,0.001726264442404062
1987-11-23,-0.22000000000000455,-0.00037156621630955776,0.0016889373468615913
1987-11-24,-0.20499999999999546,-0.00034066799336569846,0.0016617950895888099
1987-11-25,0.18499999999996816,0.00030280560295214726,0.0016367870429848616
1987-11-26,0.0,0.0,0.0016605279967211119
1987-11-27,0.7300000000000182,0.001210308346358765,0.001657956638847582
1987-11-30,0.5000000000000226,0.0008712976797765041,0.0017425953595529293
1987-12-01,0.014999999999986358,2.7031355039675505e-05,0.0018020903359800059
1987-12-02,-0.12000000000002728,-0.00021633582612864686,0.0018027985510716473
1987-12-03,0.9450000000000274,0.0016869010844263183,0.0017850805126203909
1987-12-04,-0.19778284394207993,0.0021930326685543197,-0.011088083399167534
1987-12-07,-0.7899999999999636,0.008965344634132191,-0.011348537511560258
1987-12-08,-1.0299999999999956,-0.0019771616884230263,0.0019195744547796456
1987-12-09,-1.0,-0.0017961427889898872,0.0017961427889898872
1987-12-10,1.0572120909555403,0.0017709362073099113,0.001675100221100655
1987-12-11,-0.10999999999996816,-0.0001978019017265018,0.001798199106605082
1987-12-14,-0.8650000000000319,-0.001541717237551048,0.0017823320665329378
1987-12-15,-0.07000000000002729,-0.00011920769032439488,0.0017029670046335486
1987-12-16,-0.3149999999999409,-0.0005354573122548911,0.0016998644833491798
1987-12-17,0.43499999999996813,0.0007245894674318534,0.0016657229136365667
1987-12-18,-0.4149999999999863,-0.0007139705278121727,0.0017204109103908345
1987-12-21,-0.3900000000000091,-0.0006510457071940769,0.0016693479671642606
1987-12-22,0.05,8.116176870024208e-05,0.0016232353740048416
1987-12-23,-0.2849999999999909,-0.0004866211476803662,0.0017074426234399357
1987-12-24,0.13999999999998636,0.00023432541103634837,0.00167375293597408
1987-12-25,0.0,0.0,0.0016928382971608702
1987-12-28,0.7,0.0011831478650194069,0.00169021123574201
1987-12-29,0.0,0.0,0.0017764538269758512
1987-12-30,-0.3899999999999863,-0.0006960436785534159,0.0017847273809062571
1987-12-31,0.3449999999999591,0.0005984336789912689,0.0017345903738879415
1988-01-01,0.0,0.0,0.0017798672255870138
1988-01-04,-1.0649999999999409,-0.001891250952516676,0.0017758224906260854
1988-01-05,-0.24000000000003183,-0.0003939224837473812,0.0016413436822805374
1988-01-06,0.11723166299663351,0.00018960935962834358,0.001617390343032057
1988-01-07,0.0,0.0,0.001630882574607013
1988-01-08,0.0,0.0,0.0016345252484030407
1988-01-11,-0.0028273656277007977,-4.619954836941392e-06,0.001634013935685538
1988-01-12,0.1349999999999909,0.00022171150256443192,0.00164230742640331
1988-01-13,0.009999999999968168,1.6785384545819483e-05,0.0016785384545872915
1988-01-14,-0.11999999999995907,-0.0002014135341221841,0.0016784461176854398
1988-01-15,-0.4050000000000409,-0.0006733053971253693,0.001662482462037781
1988-01-18,-0.08999999999998635,-0.0001450122709810976,0.001611247455345773
1988-01-19,0.31499999999998635,0.0005040628043088784,0.0016001993787584136
1988-01-20,0.5850000000000137,0.0009598845100308333,0.00164082822227489
1988-01-21,-0.11999999999998182,-0.0002083323404024839,0.001736102836687629
1988-01-22,-0.35,-0.0006059862683623935,0.0017313893381782674
1988-01-25,-0.45500000000001817,-0.0007665543606256627,0.0016847348585178727
1988-01-26,0.22500000000004547,0.00036667844392439334,0.0016296819729969745
1988-01-27,0.05499999999997272,9.157370848660566e-05,0.0016649765179391107
1988-01-28,-0.4450000000000045,-0.0007483300065122765,0.0016816404640725144
1988-01-29,-0.275,-0.00046060397652365585,0.001674923550995112
1988-02-01,0.07000000000000454,0.0001153999910439666,0.0016485713006279873
1988-02-02,0.04718266073940478,8.12746965893303e-05,0.0017225543306728654
1988-02-03,0.0,0.0,0.0018455313808905809
1988-02-04,0.0,0.0,0.0018447580513517242
1988-02-05,0.0,0.0,0.001852240700323153
1988-02-08,-0.0028166527682208673,-5.213137464129315e-06,0.0018508271672486567
1988-02-09,-0.4949999999999818,-0.0009149929416039137,0.0018484705890988835
1988-02-10,-0.3050000000000182,-0.0005800904766715503,0.0019019359890869367
1988-02-11,0.06999999999995907,0.00013002851834205872,0.0018575502620304964
1988-02-12,-0.15499999999997272,-0.00031026346960894604,0.0020016998039290366
1988-02-15,-0.004476883163404894,-8.84499663079483e-06,0.0019757041468260626
1988-02-16,0.0,0.0,0.0019755115569168357
1988-02-17,0.0,0.0,0.0020166729764517955
1988-02-18,0.0,0.0,0.0020415723433576697
1988-02-19,0.0,0.0,0.0021172410289173366
1988-02-22,0.0,0.0,0.002222156092898209
1988-02-23,-0.002817324576329482,-6.400108406491818e-06,0.002271697219505366
1988-02-24,-0.030000000000040928,-7.321382348096562e-05,0.0024404607826955245
1988-02-25,-0.2349999999999909,-0.0005716928082585153,0.0024327353542916486
1988-02-26,0.05,0.00011945100736276858,0.0023890201472553715
1988-02-29,0.3950000000000045,0.0009516678421226498,0.0024092856762598456
1988-03-01,0.03499999999996817,8.725800235695346e-05,0.002493085781629509
1988-03-02,0.07000000000002729,0.00017491707491171596,0.0024988153558806823
1988-03-03,0.009999999999990905,2.51204162917214e-05,0.002512041629174425
1988-03-04,-0.125,-0.0003140194674584686,0.0025121557396677488
1988-03-07,0.11000000000001364,0.0002731414978922862,0.002483104526293203
1988-03-08,0.07999999999999545,0.00020039277305997042,0.002504909663249773
1988-03-09,0.05499999999997272,0.00013899600132598423,0.002527200024110058
1988-03-10,-0.675,-0.0017126730909572104,0.0025372934680847558
1988-03-11,0.2571818721480914,0.0006145392672702809,0.0023895123794589017
1988-03-14,0.0,0.0,0.002443248491906654
1988-03-15,0.0,0.0,0.002443128484796625
1988-03-16,0.0,0.0,0.0024490719587444577
1988-03-17,-0.002817605555107625,-6.8952219558556276e-06,0.002447192064679276
1988-03-18,0.0,0.0,0.0024451343095588983
1988-03-21,-0.17000000000000454,-0.00041549647804647985,0.0024440969296851103
1988-03-22,0.0050000000000181895,1.203318005841723e-05,0.002406636011674691
1988-03-23,-0.025,-6.016620868984205e-05,0.002406648347593682
1988-03-24,-0.6300000000000182,-0.00151046284196616,0.002397560066612883
1988-03-25,-0.6378243001049247,-0.0014522612809475235,0.002276898639184209
1988-03-28,-0.005649194942491386,0.00011880298989651199,-0.021030074392178428
1988-03-29,-0.009999999999945431,-2.1367075904949614e-05,0.0021367075905066213
1988-03-30,0.3400000000000091,0.0007653136305824598,0.002250922442889528
1988-03-31,-0.1600000000000364,-0.00037239290707918605,0.0023274556692443834
1988-04-01,0.0,0.0,0.0022955234370735595
1988-04-04,0.4200000000000273,0.0009632546991291967,0.0022934635693550812
1988-04-05,-0.5128246556307369,-0.0012235671316855495,0.002385936632045609
1988-04-06,-2.3700000000000956,-0.005287377520976423,0.0022309609793148564
1988-04-07,-0.06565817480283383,-0.00011178735033678715,0.0017025656085091535
1988-04-08,-0.2328297708217927,-0.00039312454476647326,0.0016884633927135107
1988-04-11,-0.0028299434930540296,-4.769190621892004e-06,0.0016852600179465668
1988-04-12,0.13500000000001364,0.0010666971435134899,0.00790146032232135
1988-04-13,-0.04782957446069836,-0.0005327660627784966,0.01113884178953487
1988-04-14,-2.739999999999964,-0.03781934543024516,0.013802680813958272
1988-04-15,0.07430655550145197,0.0006734363307706956,0.009062946414701411
1988-04-18,-0.0028443602799180525,-2.6257386532100523e-05,0.009231385601003053
1988-04-19,0.1949999999999818,0.002019689169541766,0.010357380356625407
1988-04-20,-0.06284090849192255,-0.0006913894362903623,0.011002218982547527
1988-04-21,0.3400000000000546,0.003684741357457061,0.010837474580754321
1988-04-22,-1.130000000000018,-0.01342418808455044,0.011879812464203738
1988-04-25,-0.4,-0.003906482355513523,0.009766205888783809
1988-04-26,-0.192842805260491,-0.0016938045145895426,0.008783343056545774
1988-04-27,0.0800000000000182,0.0006769961778633676,0.00846245222329017
1988-04-28,0.05999999999996817,0.0005191665096847824,0.00865277516141763
1988-04-29,0.24000000000003183,0.0021256906132277923,0.008857044221781293
1988-05-02,-0.07000000000000454,-0.0006698467783744012,0.009569239691062253
1988-05-03,-0.1,-0.0009421085686452181,0.00942108568645218
1988-05-04,0.2849999999999909,0.0026376634913804963,0.00925495961887923
1988-05-05,0.05,-0.009226422522681013,-0.18452845045362024
1988-05-06,0.11999999999998182,-0.022270889942968948,-0.18559074952476937
1988-05-09,0.10216603602090082,0.0010573538272246337,0.010349367249682892
1988-05-10,-0.3,0.05443311974377639,-0.18144373247925463
1988-05-11,1.0399999999999636,0.010572784042678753,0.01016613850257608
1988-05-12,-0.0828307340559266,0.015522551676811852,-0.1874008706276967
1988-05-13,-1.125,0.20686575536237684,-0.18388067143322384
1988-05-16,-0.6021032341807707,-0.00718429508416871,0.011931998827316968
1988-05-17,1.3321669476329032,0.013175669817254649,0.00989040438262351
1988-05-18,0.7999999999999546,0.010196125666167323,0.012745157082709877
1988-05-19,-0.36283368488082185,0.0719752714270822,-0.19836987144874255
1988-05-20,0.060000000000081856,-0.012347234463443121,-0.2057872410571046
1988-05-23,0.6299999999999727,-0.12727635254146535,-0.20202595641503313
1988-05-24,-1.0949999999999591,0.1991155268431238,-0.1818406637836815
1988-05-25,0.075,-0.015426877247906133,-0.20569169663874845
1988-05-26,-0.4799999999999727,0.09669612944549943,-0.20145026967813526
1988-05-27,0.6299999999999727,-0.13463747891596795,-0.2137102839936092
1988-05-30,0.0,-0.0,-0.19483855443060752
1988-05-31,-2.8350000000000133,-0.03318852179684431,0.011706709628516457
1988-06-01,-1.1784781586059225,-0.007594534840063565,0.006444357737649969
1988-06-02,-0.005651065060623361,-2.4874784899469607e-05,0.004401787031757462
1988-06-03,-0.05,-0.00022561269570225354,0.0045122539140450705
1988-06-06,0.35,0.0015403018377880145,0.004400862393680042
1988-06-07,-0.3599999999999909,-0.001852470284193504,0.00514575078942653
1988-06-08,1.2799999999999727,0.00546003088826621,0.004265649131458067
1988-06-09,-0.20282542961116976,-0.0013485111810173005,0.00664862972854286
1988-06-10,-0.10499999999997271,-0.000660931527664842,0.0062945859777620355
1988-06-13,0.1799999999999727,0.00110076341547661,0.0061153523082043155
1988-06-14,0.9149999999999863,0.0058003617692973,0.0063391931904889474
1988-06-15,0.075,0.0006011213379559525,0.008014951172746034
1988-06-16,-1.4578142866521728,-0.01131001500152308,0.007758200139124849
1988-06-17,0.25718687134703605,0.0013374204941746807,0.005200189602096864
1988-06-20,-0.375,-0.002109890131138411,0.005626373683035763
1988-06-21,1.1671869137617294,0.005686795194322712,0.00487222322943523
1988-06-22,0.5099999999999909,0.0034749609830411732,0.006813648986355363
1988-06-23,-0.16279692553755187,-0.001252276791920411,0.007692263154143854
1988-06-24,-0.5850000000000137,-0.004313548305327405,0.007373586846713341
1988-06-27,-1.4849999999999453,-0.009029506625268668,0.006080475841931987
1988-06-28,1.3762819184977133,0.005005369088530931,0.003636877751031245
1988-06-29,-0.175,-0.0010160353258236454,0.005805916147563688
1988-06-30,0.22999999999997273,0.001269923383279458,0.005521406014259167
1988-07-01,-0.25,-0.0014678367232087,0.0058713468928348
1988-07-04,0.0,0.0,0.0054746488600107765
1988-07-05,0.575,0.0031237941485394625,0.005432685475720804
1988-07-06,-0.6678053680874771,-0.004185404058227362,0.006267401039638106
1988-07-07,0.35728695218676515,0.0018648882607637332,0.005219581205945907
1988-07-08,-0.16499999999998635,-0.0009509153289476815,0.005763123205744001
1988-07-11,0.08999999999998635,0.0004971197204869496,0.005523552449855833
1988-07-12,-0.3099999999999682,-0.001750774246007828,0.005647658858090347
1988-07-13,0.20369725986790296,0.001053931028187307,0.005174006900587558
1988-07-14,0.0,0.0,0.005522292346769987
1988-07-15,0.0,0.0,0.005519941461120984
1988-07-18,0.0,0.0,0.005530122442333409
1988-07-19,0.0,0.0,0.00555024057262036
1988-07-20,0.0,0.0,0.0055521427696680154
1988-07-21,0.0,0.0,0.005548471622561408
1988-07-22,0.0,0.0,0.005567736279064042
1988-07-25,-0.002535442205652003,-1.4129111750876171e-05,0.005572642010683415
1988-07-26,-0.25999999999994544,-0.0014448863614695475,0.005557255236422503
1988-07-27,0.6400000000000091,0.0032668961829807035,0.0051045252859072765
1988-07-28,-0.7800000000000638,-0.004688283739448958,0.0060106201787802245
1988-07-29,-1.2799999999999727,-0.00596635082719331,0.004661211583744873
1988-08-01,0.11749122302237655,0.00032609172442604474,0.002775456038651837
1988-08-02,-0.0012534854404670308,-3.6927650951333574e-06,0.0029459975967151926
1988-08-03,0.1,0.0002955984135832259,0.0029559841358322587
1988-08-04,-0.11999999999998182,-0.000372734612607449,0.003106121771729212
1988-08-05,-0.06500000000003184,-0.00019025286357684268,0.002926967131949992
1988-08-08,-0.23999999999998636,-0.0006785182762666407,0.0028271594844444968
1988-08-09,-0.2400000000000091,-0.0005925794134060895,0.002469080889191946
1988-08-10,-0.5362432475034958,-0.0011275056044956777,0.002102601029933393
1988-08-11,-0.0024398446752045685,0.00036799336105985416,-0.1508265525259307
1988-08-12,0.12999999999997272,0.0001719369830592516,0.001322592177379136
1988-08-15,0.6886417147870957,0.0010308433430568605,0.001496922595482851
1988-08-16,-0.43121353026680487,0.06363662330343697,-0.14757566457634821
1988-08-17,0.0,0.0,0.0024586469986135054
1988-08-18,-0.05999999999994543,-0.00014740536607476474,0.0024567561012483136
1988-08-19,-0.15,-0.0003555601069130498,0.0023704007127536655
1988-08-22,1.6049999999999045,0.003288660813899515,0.002049009852897016
1988-08-23,-0.20999999999994542,-0.0008919029566437399,0.004247156936399865
1988-08-24,-1.3361905480214675,-0.005115178111108942,0.003828180133951045
1988-08-25,0.8188134119350203,0.0016664220157777488,0.0020351669763684736
1988-08-26,-0.030000000000040928,-9.305528820860188e-05,0.0031018429402824973
1988-08-29,-0.9600000000000137,-0.0028908570433288454,0.0030113094201341707
1988-08-30,0.08881920414577472,0.00015799660375110194,0.0017788563325988561
1988-08-31,0.21999999999993633,0.0004157890907111532,0.0018899504123239704
1988-09-01,0.5600000000000364,0.0012085389576616623,0.0021581052815385425
1988-09-02,-1.3600000000000363,-0.003807396256532624,0.0027995560709797957
1988-09-05,-0.0011794946796639658,-1.3125422433935715e-06,0.0011128004780551536
1988-09-06,-0.07999999999997272,-8.883407932091004e-05,0.0011104259915117542
1988-09-07,0.028824220400724965,2.912643208691117e-05,0.0010104846438857582
1988-09-08,0.0,0.0,0.0010454637307040497
1988-09-09,0.0,0.0,0.001044724097821432
1988-09-12,0.0,0.0,0.0010439853680885426
1988-09-13,0.0,0.0,0.0010437675788574183
1988-09-14,0.0,0.0,0.0010430310174166224
1988-09-15,-0.001137595957540677,-1.1857233834959288e-06,0.0010423062561327103
1988-09-16,0.15,0.00015703903641860458,0.001046926909457364
1988-09-19,0.020000000000027284,2.4821530514318305e-05,0.0012410765257142222
1988-09-20,0.07999999999997272,0.00010120306273028025,0.0012650382841289346
1988-09-21,0.06500000000000909,8.865182130996664e-05,0.001363874173999296
1988-09-22,-0.12097825003420815,-0.000174996478564849,0.0014465119020598044
1988-09-23,0.029999999999972715,3.8851648760641215e-05,0.0012950549586892184
1988-09-26,-0.06000000000003638,-7.98897889921033e-05,0.0013314964832009143
1988-09-27,-0.2899999999999636,-0.000364757101446307,0.0012577831084356992
1988-09-28,0.20904081360538135,0.00018780912923331935,0.0008984328275140457
1988-09-29,0.4149999999999863,0.0005322270393245354,0.0012824747935531397
1988-09-30,-0.15596128991669828,-0.00028932546896025854,0.0018551107721332162
1988-10-03,-0.20999999999994542,-0.00034409730518188944,0.0016385585961046613
1988-10-04,0.009999999999945431,1.3472849277595785e-05,0.0013472849277669306
1988-10-05,0.1599999999999909,0.00021759265417724508,0.0013599540886078591
1988-10-06,0.1700000000000273,0.0002684119339195071,0.0015788937289380235
1988-10-07,1.2100000000000364,0.002484758433854431,0.002053519366821782
1988-10-10,-0.11191335367512001,-0.00044087429457685966,0.003939425279459501
1988-10-11,-0.27999999999992725,-0.00105160163258374,0.003755720116371476
1988-10-12,-1.3600000000001276,-0.004338981402032284,0.003190427501494027
1988-10-13,0.3190417251830226,0.000367948205098955,0.0011532917987071333
1988-10-14,-0.030000000000040928,-4.8958120133710666e-05,0.001631937337788129
1988-10-17,0.4050000000000409,0.0006578386770583023,0.001624293029773422
1988-10-18,0.8849999999999454,0.0019576903902385726,0.002212079536992874
1988-10-19,-0.7199999999999591,-0.0025255353651221215,0.003507688007114257
1988-10-20,1.7850000000000137,0.004067817645978298,0.002278889437522839
1988-10-21,0.07403945849240996,0.0003529786930300291,0.004767440230079669
1988-10-24,-0.540961234310606,-0.002620829267779785,0.0048447635459863145
1988-10-25,0.20000000000004547,0.0008176873137723488,0.004088436568860814
1988-10-26,-0.8250000000000454,-0.0035520980120361902,0.004305573347922418
1988-10-27,-1.5749999999999318,-0.0047786550229357355,0.00303406668122917
1988-10-28,0.14808533078995426,0.0001448364091672645,0.0009780604763121468
1988-10-31,-0.13499999999994544,-0.00015797427701148912,0.001170179829715207
1988-11-01,0.3140477631511383,0.0003115495572632186,0.0009920451403224375
1988-11-02,0.1700000000000273,0.00023812388020001804,0.0014007287070587047
1988-11-03,-0.2799999999999727,-0.00046239238750140206,0.0016514013839337397
1988-11-04,-0.6700000000000274,-0.0008503956112155142,0.001269247180918626
1988-11-07,-0.3109506799444424,-0.00012401059841441904,0.00039881115049041223
1988-11-08,0.034049320055607596,-6.15932737045002e-07,-1.8089428395019117e-05
1988-11-09,0.0,0.0,2.8806311038999195e-05
1988-11-10,0.0,0.0,2.9160386905259728e-05
1988-11-11,-0.0009604237432396836,-2.8062086102432665e-08,2.921844269257042e-05
1988-11-14,-0.027258366773023977,-7.589065506736417e-07,2.784123337223151e-05
1988-11-15,-0.13095996056852469,1.4146526735202006e-06,-1.0802176996533111e-05
1988-11-16,1.3350000000000137,-0.00026024923338726963,-0.00019494324598297148
1988-11-17,0.11904852218547379,0.000200253385078095,0.001682115673524335
1988-11-18,-0.4600000000000364,-0.0008505066989703024,0.001848927606457033
1988-11-21,-0.43999999999996364,-0.0005308839185070463,0.0012065543602433866
1988-11-22,-0.5800000000001091,-0.0003373419548627786,0.0005816240601081295
1988-11-23,-0.36094764321102557,9.88522866917613e-05,-0.00027386876892272153
1988-11-24,0.0,-0.0,-0.0009044459141560406
1988-11-25,0.5699999999999591,-0.0005110507261045933,-0.0008965802212361929
1988-11-28,-0.47999999999990456,-3.626770389179507e-05,7.555771644125475e-05
1988-11-29,-0.6600000000000137,0.0004832639935095991,-0.0007322181719842259
1988-11-30,-0.5719010774127712,0.0010477119186817975,-0.0018319810192027467
1988-12-01,-0.01593731130189164,4.624659660508964e-05,-0.0029017815947160745
1988-12-02,0.0,-0.0,-0.00293057404679019
1988-12-05,0.0,-0.0,-0.002929402536652388
1988-12-06,-0.0009299820277880424,2.724677043412523e-06,-0.0029298168803252615
1988-12-07,-0.09685853432715019,0.00028981342889728394,-0.0029921310590805316
1988-12-08,-0.2549999999999045,0.0008050907827949437,-0.003157218756059785
1988-12-09,-0.09000000000005456,0.00034337312109873733,-0.003815256901094768
1988-12-12,-0.3450000000000273,0.001371537218656356,-0.003975470199003616
1988-12-13,0.08999999999998635,-0.00041707756345007785,-0.004634195149446012
1988-12-14,-0.36000000000008187,0.0016625312056054453,-0.0046181422377918535
1988-12-15,-0.21090585108812976,0.001127379838142486,-0.0053454175516040835
1988-12-16,0.22909551475179793,-0.0013169725016011255,-0.005748573921352993
1988-12-19,0.325,-0.001733809373305159,-0.005334798071708181
1988-12-20,-0.0809071505026869,0.00040539357979408935,-0.005010602613926273
1988-12-21,-0.1700000000000273,0.000933189655854024,-0.005489350916787495
1988-12-22,-0.07999999999997272,0.019294573034906136,-0.24118216293640896
1988-12-23,0.12999999999997272,-0.031325787507043734,-0.24096759620807928
1988-12-26,0.0,-0.0,-0.23547908804474132
1988-12-27,-0.13999999999991813,0.0008160863338692282,-0.005829188099069325
1988-12-28,0.06999999999993634,-0.016551754805594246,-0.23645364008013287
1988-12-29,0.35,-0.08180150196707554,-0.2337185770487873
1988-12-30,-0.3400000000000546,0.0738131843551716,-0.2170976010445875
1989-01-02,0.0,-0.0,-0.2255951906423632
1989-01-03,-0.55,0.0033861267456007874,-0.006156594082910522
1989-01-04,1.048322673491435,-0.22825508670615294,-0.21773361625953405
1989-01-05,-0.000838497643701167,0.00017188569530592708,-0.2049924607387276
1989-01-06,0.03916376013451152,-0.007931896654440966,-0.20253154005637203
1989-01-09,0.059163885481382725,-0.011837579432851611,-0.20008117006744897
1989-01-10,-0.15,0.029498721679919272,-0.19665814453279515
1989-01-11,0.3599999999999454,-0.0713210523917758,-0.19811403442162948
1989-01-12,0.25500000000017736,-0.04789733190804255,-0.18783267414905583
1989-01-13,0.31416708507362856,-0.056558247501177834,-0.18002601223461323
1989-01-16,0.15999999999994544,-0.026904173112482544,-0.16815108195307324
1989-01-17,-0.24083190285302192,0.038747990324991745,-0.1608922649614216
1989-01-18,1.2999999999999545,-0.20400330434684993,-0.1569256187283516
1989-01-19,0.2741765400852819,-0.03655689590366783,-0.13333342047535102
1989-01-20,-0.3,0.03813085864352842,-0.12710286214509475
1989-01-23,-1.1400000000001909,0.007309380753869727,-0.006411737503393424
1989-01-24,2.0700000000000274,-0.23645055838309945,-0.11422732289038469
1989-01-25,0.7799999999999726,-0.0615779272728969,-0.07894606060628084
1989-01-26,1.4391903110175381,-0.08769874990004702,-0.06093617308891006
1989-01-27,1.6091886547855938,-0.05397508610565902,-0.03354180129541778
1989-01-30,0.3191907040625075,-0.0019079761841720442,-0.005977543079695714
1989-01-31,1.8441939854374392,-0.0006891251314347903,-0.0003736728006253264
1989-02-01,0.2491940663360462,0.007293318700777976,0.029267625862899563
1989-02-02,-0.7708054907390286,-0.025119454585509942,0.03258857764677578
1989-02-03,0.3599999999999454,0.006969486806426553,0.019359685573410026
1989-02-06,-1.1400000000003274,-0.027042651359167502,0.023721623999262927
1989-02-07,4.499225123741578,0.024500165204577193,0.005445418828965538
1989-02-08,-0.825,-0.0418439132171545,0.050719894808672124
1989-02-09,-1.925,-0.07618088909089489,0.039574487839425916
1989-02-10,-5.390780983479292,-0.08072420069681199,0.01497449088438228
1989-02-13,0.6960997843736008,-0.0164076355587502,-0.023570809713028336
1989-02-14,-0.650000000000091,0.011986231914351478,-0.018440356791307386
1989-02-15,1.3722085201812493,-0.030765057925756917,-0.022420104141091683
1989-02-16,0.04000000000023647,-0.0005091963710232172,-0.012729909275505174
1989-02-17,0.6199999999998909,-0.007555480973434901,-0.012186259634574566
1989-02-20,-0.0007663010680753084,5.837812847616311e-06,-0.007618171356956271
1989-02-21,-0.10000000000002274,0.00026189320059052956,-0.0026189320059047004
1989-02-22,-2.75,0.01957270399674022,-0.007117346907905534
1989-02-23,0.5484680563055752,-0.014685991921071425,-0.02677638515539951
1989-02-24,-1.6650000000000547,0.03666118712784606,-0.022018731007714627
1989-02-27,0.4034427048774652,-0.014206009090681131,-0.03521196174558621
1989-02-28,0.06422718143345019,-0.001956417192326231,-0.030460891302748472
1989-03-01,0.0,-0.0,-0.02958445301389484
1989-03-02,0.0,-0.0,-0.02922454006793144
1989-03-03,0.0,-0.0,-0.02926847489034743
1989-03-06,-0.0007660688913463973,2.2299458195878118e-05,-0.029108946268116845
1989-03-07,-0.02575775846480349,0.0007531662116229983,-0.029240363157071958
1989-03-08,0.04924362921314123,-0.0014379250482913465,-0.029200224907623574
1989-03-09,-0.11999999999982265,0.0034289341525866788,-0.028574451271597887
1989-03-10,-0.225,0.006543571412766409,-0.029082539612295153
1989-03-13,0.5699999999998226,-0.017214035147117508,-0.03020006166161906
1989-03-14,-0.17999999999990451,0.004744571703886955,-0.026358731688274843
1989-03-15,0.7199999999999591,-0.01959642536318793,-0.02721725744887367
1989-03-16,0.7342753485868784,-0.016510732428461083,-0.022485750693164608
1989-03-17,-3.3607540233353377,0.054031182549894356,-0.01607710120250687
1989-03-20,-1.0522671126385406,0.039268099382312176,-0.03731761537605042
1989-03-21,0.2992476587943496,-0.013164264774118684,-0.043991203898325205
1989-03-22,-0.04499999999998181,0.001881710016869801,-0.041815778152679145
1989-03-23,-0.1849999999999909,0.007707586405417227,-0.04166262921847355
1989-03-24,-0.0007516992492238544,1.5052936761088473e-06,-0.002002521191371543
1989-03-27,0.0,-0.0,-0.002002016490855545
1989-03-28,0.0,-0.0,-0.04191241550779985
1989-03-29,0.0,-0.0,-0.04157432047560251
1989-03-30,-0.0007434400799693383,3.075322639038993e-05,-0.04136611304526155
1989-03-31,0.1799999999999727,-0.0073877444696714666,-0.04104302483151437
1989-04-03,0.1642608508211352,-0.006614348772534623,-0.04026734757228936
1989-04-04,0.029999999999972715,-0.0010738269623406945,-0.0357942320780557
1989-04-05,-0.010733825203042105,0.00038031824125074707,-0.035431752805417396
1989-04-06,-0.3149999999999181,0.011266452212453343,-0.03576651496017864
1989-04-07,0.7049999999999726,-0.02545850619355014,-0.0361113563029094
1989-04-10,-0.19499999999995907,0.006394678018632653,-0.03279322060837946
1989-04-11,0.5100000000000818,-0.017103601716609993,-0.03353647395413186
1989-04-12,0.014285900404730647,-0.0004451066634030279,-0.031157060513710064
1989-04-13,-1.0600000000001273,0.03199507912691902,-0.03018403691218413
1989-04-14,1.9,-0.06580002520789956,-0.03463159221468398
1989-04-17,0.16000000000012732,-0.004038684686766683,-0.025241779292271685
1989-04-18,1.5599999999999452,-0.03746490204244912,-0.02401596284772464
1989-04-19,0.5985728277263627,-0.010630348487435933,-0.017759490566610872
1989-04-20,-0.0007132189685784879,1.0908279386216462e-05,-0.015294432519030845
1989-04-21,1.2950000000000954,-0.0025551772526964858,-0.0019731098476419287
1989-04-24,-0.24570823239491849,0.0003007476752582584,-0.0012240032510383164
1989-04-25,-1.8799999999999273,0.0024914710543527565,-0.0013252505608259855
1989-04-26,-0.0007095371924885824,1.6873343795393455e-06,-0.002378077424837032
1989-04-27,1.75,-0.004057892558900395,-0.002318795747943083
1989-04-28,0.0,-0.0,-0.0013634873992478566
1989-05-01,0.0,-0.0,-0.0013675269503132749
1989-05-02,-1.5050000000000638,0.0020212959696734012,-0.0013430538004473858
1989-05-03,0.3850000000002865,-0.000827092113898067,-0.0021482912049284454
1989-05-04,0.034999999999809,-6.791257562490893e-05,-0.0019403593035794153
1989-05-05,-1.225,0.0023246750404442695,-0.0018976939105667505
1989-05-08,0.13931220075736053,-0.0019984821215980626,-0.01434534886918347
1989-05-09,-0.8100000000003548,0.0020489875978840244,-0.002529614318374231
1989-05-10,0.32931193587884316,-0.004322921520045789,-0.01312713281560566
1989-05-11,0.7000000000000454,-0.008405368704104275,-0.012007669577291042
1989-05-12,3.4750000000000227,-0.029338612624963636,-0.008442766223011064
1989-05-15,1.2493122280503606,-0.0031290002159467625,-0.0025045782356823538
1989-05-16,-0.7213771409261628,0.0013697298886172788,-0.0018987708521768626
1989-05-17,1.4783514759186036,-0.003272569004610634,-0.00221366099869935
1989-05-18,0.8800000000001091,-0.0013265756688552327,-0.0015074723509716683
1989-05-19,2.1593074340904703,-0.0022860434588750367,-0.0010586929043931853
1989-05-22,0.5843077061666561,-4.470824040107659e-05,-7.651489092003335e-05
1989-05-23,-3.5,-0.0006114760751514403,0.00017470745004326865
1989-05-24,0.2993031979538573,0.0007769797089829261,0.002595961935237026
1989-05-25,0.40499999999983627,0.001441834864779394,0.003560086085876486
1989-05-26,1.575,0.0075217911857448205,0.004775740435393537
1989-05-29,0.0,0.0,0.009893018318580684
1989-05-30,-2.475,0.0030670198617349,-0.001239199944135313
1989-05-31,1.4392997361879116,0.013395839813244945,0.009307192571802163
1989-06-01,0.6799999999997454,0.009068917750692483,0.013336643751023352
1989-06-02,3.4,0.04858278722934077,0.014289055067453168
1989-06-05,-2.8407129023993036,0.005548261168482972,-0.0019531228107552991
1989-06-06,1.6642872565981446,-0.004847813133202046,-0.002912846393543341
1989-06-07,2.2400000000001454,-0.00509247458118557,-0.002273426152314839
1989-06-08,-0.0007086589347619786,1.073401608449072e-06,-0.001514694242597254
1989-06-09,0.04500000000036834,-6.814176761151652e-05,-0.00151426150246575
1989-06-12,-0.8100000000002865,0.0012097140325457425,-0.0014934741142534748
1989-06-13,-2.385000000000082,0.004095380544471718,-0.0017171406895059023
1989-06-14,-0.13571071155945016,-0.002983420036159427,0.02198367396262965
1989-06-15,-3.3600000000000363,-0.06836696950528474,0.020347312352763096
1989-06-16,1.3578848536108923,0.016434867253789915,0.01210328490673289
1989-06-19,0.22500000000013642,0.003500668367882571,0.015558526079468659
1989-06-20,-0.32500000000015916,-0.005205678039193441,0.016017470889818128
1989-06-21,-0.4249999999998408,-0.006359530765105559,0.014963601800253981
1989-06-22,1.2749999999998636,0.017362121231466982,0.013617349985465757
1989-06-23,2.2749999999999773,0.037400214755285675,0.016439654837488372
1989-06-26,-0.32570983504962786,-0.007266708752019455,0.022310375586025024
1989-06-27,1.019292485554885,-0.002323494117884979,-0.002279516577246333
1989-06-28,-2.5557111055258543,0.004913002677258764,-0.0019223622993365995
1989-06-29,-5.120715550054351,-0.09566613606734864,0.018682181256159256
1989-06-30,-1.2628688025409704,-0.009290200814047156,0.00735642593700525
1989-07-03,0.22428361607301528,0.001064326257450035,0.004745448089723794
1989-07-04,0.0,0.0,0.005184452956590357
1989-07-05,0.4799999999999727,-0.001092063994333695,-0.0022751333215286604
1989-07-06,0.0,0.0,0.005265527510321242
1989-07-07,0.8600000000000818,0.004464351407009337,0.005191106287219666
1989-07-10,0.3692793832119414,0.002624049804518639,0.007105865975227249
1989-07-11,0.3142793832119232,0.0024693736787256555,0.00785725634780351
1989-07-12,0.7592783329466893,0.006433202707606625,0.008472785839469378
1989-07-13,-0.1507206315393353,-0.0015272092700908237,0.010132715438445137
1989-07-14,1.3799999999998365,0.013026789786785033,0.009439702744048244
1989-07-17,0.08928464076137158,0.0010933343344175727,0.01224549177881216
1989-07-18,-0.7350000000001273,-0.009105004537802937,0.012387761275920218
1989-07-19,2.590000000000191,0.027464644581632586,0.010604109877077437
1989-07-20,-1.3307225802710014,-0.02019269754155532,0.015174235292109555
1989-07-21,1.280000000000109,0.016191895828811847,0.012649918616258178
1989-07-24,-1.2399999999997817,-0.01831233459335359,0.01476801176883614
1989-07-25,-0.16000000000021827,-0.001967718394309905,0.012298239964420128
1989-07-26,3.5199999999998908,0.0406905142790085,0.0115598051929005
1989-07-27,3.2,0.05421210003293352,0.016941281260291725
1989-07-28,-0.2407126032556752,-0.005432630886086844,0.022568950742959323
1989-07-31,3.6,0.07580361167312089,0.021056558798089133
1989-08-01,-3.4649999999997134,-0.09106164780354278,0.02628041783652246
1989-08-02,2.4300000000002457,0.0533093675310614,0.021938011329652677
1989-08-03,0.13499999999946793,0.003387659293098675,0.025093772541570566
1989-08-04,-0.9449999999997544,-0.023985089934619012,0.025381047549867985
1989-08-07,4.994999999999754,0.11919609632712114,0.023863082347773176
1989-08-08,-0.4949999999997544,0.0010383101728061877,-0.00209759630870041
1989-08-09,-2.7,0.005834045963252111,-0.0021607577641674486
1989-08-10,1.3949999999997544,-0.0038830957956359387,-0.0027835812155101235
1989-08-11,-3.2399999999997138,0.0076871114779780555,-0.002372565270981091
1989-08-14,-0.6314860739580573,0.001953289118300521,-0.0030931626188644284
1989-08-15,1.4699999999999362,-0.004716566420546787,-0.0032085485854061167
1989-08-16,-0.4233465979449646,0.0012192034261707758,-0.0028799178547533133
1989-08-17,-0.315000000000191,0.0009598776306489295,-0.0030472305734868172
1989-08-18,0.8050000000002228,-0.0025058158099035225,-0.003112814670686744
1989-08-21,-4.620000000000095,0.012725779844768977,-0.00275449780189799
1989-08-22,1.4327201383875825,-0.005316400940858811,-0.0037107044135235062
1989-08-23,1.3,-0.004404450089005441,-0.0033880385300041854
1989-08-24,2.6,-0.007924983409772275,-0.0030480705422201056
1989-08-25,-0.20077754710522594,0.0005044992081089948,-0.0025127272216578615
1989-08-28,0.39922575946512845,-0.0010184097004259183,-0.0025509618963224096
1989-08-29,-1.6807777089886817,0.004111467746726763,-0.002446169844316069
1989-08-30,0.9799999999995861,-0.0027215581531498203,-0.0027771001562764998
1989-08-31,0.0,-0.0,-0.0025773702344889736
1989-09-01,1.5050000000002228,-0.0038498521227879647,-0.002558041277599598
1989-09-04,0.0,-0.0,-0.002255214556984679
1989-09-05,-0.35,0.0007893004527234674,-0.0022551441506384784
1989-09-06,-2.555000000000223,0.005821947787881154,-0.0022786488406577867
1989-09-07,-1.0507854748803183,0.0029145304107777766,-0.002773668346633488
1989-09-08,0.11921616306210998,0.003139499234827252,0.02633450997069597
1989-09-11,0.125,-0.00038579034058309976,-0.003086322724664798
1989-09-12,0.17499999999995453,-0.0005371104371754808,-0.0030692024981464018
1989-09-13,-2.199999999999932,0.006572718152442333,-0.002987599160201153
1989-09-14,-0.5507799452213527,0.0018853349369250345,-0.0034230275689637506
1989-09-15,0.5392196107753797,-0.0019024563500545581,-0.003528166097888928
1989-09-18,0.6899999999999863,-0.00235516663550751,-0.003413284978996459
1989-09-19,-0.17999999999990451,0.0005891948672445805,-0.003273304818027184
1989-09-20,0.225,-0.0007439669848113687,-0.003306519932494972
1989-09-21,-0.5107832975318014,0.001663646170547311,-0.0032570488866538014
1989-09-22,0.4800000000001091,-0.0016099465121826772,-0.0033540552337131485
1989-09-25,-1.0600000000001273,0.0034406658441466444,-0.0032459111737228596
1989-09-26,0.5199999999998909,-0.0017943675484292086,-0.003450706823903048
1989-09-27,-0.17999999999992725,0.0006022039355398007,-0.0033455774196669117
1989-09-28,1.0799999999999272,-0.0036363813416652223,-0.0033670197608013587
1989-09-29,0.04000000000023647,-0.0001261500255198758,-0.003153750637978251
1989-10-02,0.9592130745283057,-0.0030118023258068408,-0.0031398678831477548
1989-10-03,2.199210340165966,-0.00639499989897149,-0.0029078618730434326
1989-10-04,1.1392097272194992,-0.0028183837708733693,-0.002473981483420333
1989-10-05,0.13921145932321097,-0.0003136786305730555,-0.002253252944104116
1989-10-06,0.7592128844674347,-0.001692045265647683,-0.0022286835487975187
1989-10-09,1.2600000000002864,-0.0026382254622522652,-0.0020938297319457663
1989-10-10,-0.3607865589923156,0.0006668404878553499,-0.0018482963714553263
1989-10-11,-3.650000000000091,0.006776014342668837,-0.001856442285662649
1989-10-12,-0.9507929039300708,0.0024090014615268896,-0.0025336763153883065
1989-10-13,-27.001095615631762,0.023558817840991245,-0.0008725134037654502
1989-10-16,12.510702947468193,-0.02726345888495795,-0.002179210792505891
1989-10-17,0.0,-0.0,-0.0015217622155571028
1989-10-18,0.0,-0.0,-0.0015251773328800163
1989-10-19,0.0,-0.0,-0.0015242087798253785
1989-10-20,0.0,-0.0,-0.00152705411475819
1989-10-23,0.0,-0.0,-0.0015260855993386587
1989-10-24,0.0,-0.0,-0.0015251183116785849
1989-10-25,0.0,-0.0,-0.0015269790112317698
1989-10-26,0.0,-0.0,-0.0015261976164006627
1989-10-27,0.0,-0.0,-0.0015252336237648043
1989-10-30,0.0,-0.0,-0.0015261447857845114
1989-10-31,-0.0011756266626453055,1.7930714118028875e-06,-0.001525204785478627
1989-11-01,-0.014999999999986358,2.287685485700023e-05,-0.0015251236571347357
1989-11-02,0.3788289931105533,-0.0005776783474315244,-0.0015249053212327418
1989-11-03,0.0,-0.0,-0.0015046620199965469
1989-11-06,0.0,-0.0,-0.0015187651565995238
1989-11-07,-0.0011740156067869983,1.7842392814318357e-06,-0.0015197747552222706
1989-11-08,-0.3650000000000091,0.000554569537345961,-0.0015193685954683483
1989-11-09,0.18499999999996816,-0.00028499378526804985,-0.001540506947395129
1989-11-10,-0.3549999999999727,0.0005433447962411006,-0.0015305487218060347
1989-11-13,-0.051176389561118585,7.955103656298445e-05,-0.0015544480031749561
1989-11-14,0.0,-0.0,-0.001556639783934429
1989-11-15,-0.0028875385868933523,4.538496564620776e-06,-0.0015717526980318754
1989-11-16,0.0,-0.0,-0.0015710410328453577
1989-11-17,0.0,-0.0,-0.0015702739608893337
1989-11-20,0.0,-0.0,-0.0015725848136524784
1989-11-21,0.0,-0.0,-0.001571600530602853
1989-11-22,0.0,-0.0,-0.0015788016995998352
1989-11-23,0.0,-0.0,-0.0015806001187043917
1989-11-24,0.0,-0.0,-0.0015802353489454608
1989-11-27,-0.001158145499340795,1.8472038052940068e-06,-0.0015949669591130103
1989-11-28,-0.015000000000009095,2.407780764709306e-05,-0.0016051871764718975
1989-11-29,-0.13999999999998636,0.00022523835237885854,-0.0016088453741348607
1989-11-30,0.23499999999996818,-0.00038129544909479556,-0.00162253382593552
1989-12-01,0.4,-0.0006433346855946144,-0.0016083367139865358
1989-12-04,0.06383834999433279,-0.00010120208491931207,-0.0015852866643372868
1989-12-05,-0.3700000000000273,0.0005851553405816367,-0.0015815009204907934
1989-12-06,-0.18999999999991815,0.0003056784462369161,-0.0016088339275634094
1989-12-07,-0.1,0.00016183554213358332,-0.0016183554213358331
1989-12-08,0.07999999999988176,-0.0001311285003948671,-0.0016391062549382615
1989-12-11,0.04000000000005457,-6.54518869616167e-05,-0.001636297174038185
1989-12-12,0.6199999999999818,-0.0010121901660874316,-0.0016325647840120343
1989-12-13,0.21000000000008184,-0.00033537927853099483,-0.0015970441834803053
1989-12-14,-0.6411665954316257,0.001015620527106419,-0.0015840197139757653
1989-12-15,-0.18000000000004093,0.0002917905238401323,-0.0016210584657781442
1989-12-18,-1.95,0.0031825659569633454,-0.001632085106135049
1989-12-19,-0.1373538158623737,0.0002389987463621184,-0.0017400226186769453
1989-12-20,0.0638230370536552,-0.000111576556371514,-0.0017482175954383527
1989-12-21,0.0,-0.0,-0.001753778589308624
1989-12-22,0.0,-0.0,-0.00179485278207716
1989-12-25,0.0,-0.0,-0.0017963739002132102
1989-12-26,0.0,-0.0,-0.0017953498306635851
1989-12-27,0.0,-0.0,-0.0017942441125103632
1989-12-28,-0.0011686667062230857,2.0960263681239026e-06,-0.0017935193643856522
1989-12-29,0.1388316841323881,-0.00024884904815647565,-0.00179245141130159
1990-01-01,0.0,-0.0,-0.0017846052906190005
1990-01-02,1.25,-0.002226466630067722,-0.0017811733040541773
1990-01-03,-0.16352974393973926,0.0002794205673610299,-0.00170868345188626
1990-01-04,-0.9250000000000682,0.0015878041141050743,-0.0017165449882215753
1990-01-05,-2.625,0.0046127925336939025,-0.0017572542985500581
1990-01-08,1.4726276670617624,-0.0028048314682969024,-0.0019046440122187838
1990-01-09,-1.6049999999999045,0.002914275757649999,-0.0018157481356075842
1990-01-10,-0.27119304262669747,0.0005169367339607929,-0.001906157801667377
1990-01-11,0.10880691952661156,-0.00021022522179738585,-0.001932094233638972
1990-01-12,-1.0899999999999863,0.00209907680656976,-0.0019257585381374186
1990-01-15,-0.17744928397818777,0.00035302469836844745,-0.001989439970982591
1990-01-16,-0.29122609469659366,0.0005827386603237453,-0.002000983671915995
1990-01-17,0.6700000000000274,-0.0013504190313155667,-0.0020155507930082264
1990-01-18,-0.4200000000000273,0.0008394367292828193,-0.001998658879244678
1990-01-19,-0.2700000000000273,0.0005510298039295992,-0.002040851125664976
1990-01-22,2.160000000000082,-0.004420259028368692,-0.00204641621683728
1990-01-23,0.22999999999997273,-0.00044712011970898184,-0.0019440005204740647
1990-01-24,-0.5712475165687991,0.0011144675567855064,-0.001950936370768946
1990-01-25,1.905000000000041,-0.003786684709559925,-0.0019877610023936185
1990-01-26,-0.014999999999986358,2.8111055879199396e-05,-0.0018740703919483308
1990-01-29,0.028744756517399016,-5.390850902321479e-05,-0.0018754206176901974
1990-01-30,0.6,-0.0011506796640480324,-0.0019177994400800542
1990-01-31,-2.119999999999891,0.003969835343836156,-0.0018725638414322458
1990-02-01,0.15874015048928825,-0.0003195813800739846,-0.0020132359651224463
1990-02-02,-0.7199999999999591,0.0014437626116139027,-0.0020052258494638675
1990-02-05,-0.26999999999995905,0.0005586041939029823,-0.0020689044218632113
1990-02-06,0.9437386781509497,-0.0019659490423630925,-0.0020831498039424867
1990-02-07,-1.109999999999991,0.0022489609147989115,-0.00202609091423327
1990-02-08,0.1,-0.00020930753006015947,-0.0020930753006015946
1990-02-09,0.17873609495020026,-0.0003728150010039427,-0.002085840585852662
1990-02-12,0.36499999999998634,-0.0007572767439866601,-0.002074730805442982
1990-02-13,-0.19126412956575764,0.00040083997481990633,-0.002095740459698144
1990-02-14,-0.13000000000001818,0.0002744018370049975,-0.0021107833615766087
1990-02-15,-0.5714233651658366,0.0012117506904374437,-0.002120583028812225
1990-02-16,0.5887335812566515,-0.0012771093360262773,-0.0021692483267224
1990-02-19,0.0,-0.0,-0.0021310168385200905
1990-02-20,0.44500000000002726,-0.0009476944442712054,-0.002129650436564376
1990-02-21,-0.05626944611937331,0.00011853420848963203,-0.0021065465659314752
1990-02-22,0.5099999999999909,-0.001076277926287059,-0.0021103488750727024
1990-02-23,0.2487336706715871,-0.0005165813465402485,-0.002076845266446903
1990-02-26,-1.3050000000000408,0.002689799476585075,-0.002061149024203058
1990-02-27,-0.45,0.0009637005671802353,-0.0021415568159560785
1990-02-28,-0.48127198678392585,0.0010435485904835165,-0.0021683135921892606
1990-03-01,-0.16999999999993634,0.00037605751053919236,-0.002212103003172548
1990-03-02,-0.4212664944931333,0.000936756256537014,-0.0022236666546769086
1990-03-05,0.13999999999998636,-0.0003148539017437828,-0.0022489564410272393
1990-03-06,-0.4700000000000273,0.0010519953014073487,-0.0022382878753346544
1990-03-07,0.22373038429812597,-0.000507101965276806,-0.0022665762045135577
1990-03-08,0.0,-0.0,-0.0022625100688848736
1990-03-09,-0.0012633430178574589,2.85752777269071e-06,-0.0022618779953657215
1990-03-12,0.05999999999999091,-0.0001356773301563909,-0.002261288835940191
1990-03-13,-0.3099999999999909,0.0006996820673080015,-0.002257038926800071
1990-03-14,0.1787348849742364,-0.0004066801590640705,-0.0022753261576367203
1990-03-15,0.0,-0.0,-0.0022627799560405236
1990-03-16,0.0,-0.0,-0.002262051940605409
1990-03-19,-0.0012635341126967816,2.857170086422599e-06,-0.002261252828643062
1990-03-20,-0.2012642747645985,0.0004553720234562307,-0.0022625576446134825
1990-03-21,-0.6799999999999726,0.0015459695204006957,-0.002273484588824644
1990-03-22,-0.6212685357213784,0.0014377698119865984,-0.002314248556491195
1990-03-23,0.1687320703363209,-0.00039734865880674625,-0.0023549089275959286
1990-03-26,0.0,-0.0,-0.002342857695425477
1990-03-27,0.0,-0.0,-0.0023437339501817408
1990-03-28,0.0,-0.0,-0.002354314639943381
1990-03-29,-0.0012682269551465399,2.988135214309637e-06,-0.002356151793008032
1990-03-30,-0.24499999999995908,0.0005769106786930535,-0.002354737464053673
1990-04-02,0.04373150240642427,-0.00010365817027785196,-0.0023703317877005825
1990-04-03,0.0,-0.0,-0.002370139602803142
1990-04-04,-0.0012752173564470858,3.021075585893767e-06,-0.0023690671795048805
1990-04-05,0.10499999999997271,-0.00025217348958566147,-0.0024016522817688285
1990-04-06,-0.05499999999997272,0.00013176897253720882,-0.0023957995006777125
1990-04-09,0.06999999999995907,-0.0007805594234178022,-0.011150848905975124
1990-04-10,-0.009999999999990905,0.0005141267050857032,-0.05141267050861708
1990-04-11,0.09000000000003183,-0.004624793593593005,-0.05138659548434855
1990-04-12,0.2899999999999864,-0.014828440931108734,-0.0511325549348601
1990-04-13,0.0,-0.0,-0.05070294111574483
1990-04-16,-0.125,0.006331858558004427,-0.05065486846403541
1990-04-17,0.035000000000013645,-0.0017778472937440076,-0.0507956369640947
1990-04-18,-0.4300000000000409,0.02171592715501116,-0.050502156174439754
1990-04-19,-0.3299999999999727,0.016808003150172727,-0.0509333428793155
1990-04-20,-0.3225204036653125,0.01652317028588108,-0.051231395279498625
1990-04-23,0.37373662809959535,-0.01923828314806422,-0.05147550895904562
1990-04-24,0.03873788589554587,-0.0019732032626433144,-0.050937298642572425
1990-04-25,-0.5412630088816337,0.02734331308560022,-0.050517609067904735
1990-04-26,-0.41999999999998183,0.02142506517389901,-0.05101205993785699
1990-04-27,2.5799999999999272,-0.11594888080871331,-0.044941426670045186
1990-04-30,-1.3,0.05272651291110237,-0.04055885608546336
1990-05-01,-0.6199999999998909,0.02585163112197433,-0.041696179228998195
1990-05-02,-1.32126489466126,0.05418847055691797,-0.04101257119285726
1990-05-03,-0.061253929776126606,0.0026044999658921004,-0.04251972037404187
1990-05-04,-0.55,0.023294156875636355,-0.04235301250115701
1990-05-07,-0.5212576548270141,0.02231386830127008,-0.04280775178001983
1990-05-08,-0.2612577004881416,0.011310240395946284,-0.04329151016339
1990-05-09,-0.0012571347531269493,5.4744063461083715e-05,-0.04354669483515224
1990-05-10,0.008742857245088777,-0.00038051246425174816,-0.043522666970857576
1990-05-11,1.840000000000009,-0.0753789462232859,-0.0409668185996117
1990-05-14,0.528720919472615,-0.020567190830892597,-0.038899899878007134
1990-05-15,-0.12127906118625532,0.004649472704976533,-0.038336978036431754
1990-05-16,-0.45999999999994545,0.01761721893282534,-0.038298302027885714
1990-05-17,0.23876070424454446,-0.009239582338415056,-0.03869808630213979
1990-05-18,-0.14000000000005458,0.005379470068542053,-0.03842478620385683
1990-05-21,1.3599999999999453,-0.05082335944961585,-0.0373701172423661
1990-05-22,0.7187206069246834,-0.025681329485469924,-0.035732006621261574
1990-05-23,-0.024999999999977263,0.0008755859746761966,-0.03502343898707972
1990-05-24,-0.4512745262410998,0.01575955607283943,-0.03492232589352864
1990-05-25,-2.7,0.08536023188944133,-0.031614900699793086
1990-05-28,-0.002555474698580691,8.682566004150803e-05,-0.033976333277621944
1990-05-29,2.9,-0.08773158118344014,-0.03025226937360005
1990-05-30,0.15870957910749467,-0.00445523374762821,-0.02807161214012584
1990-05-31,-0.625,0.01737907231609184,-0.027806515705746944
1990-06-01,0.8999999999999773,-0.025176387462535827,-0.027973763847262738
1990-06-04,2.6000000000000227,-0.06528928707947192,-0.025111264261335135
1990-06-05,-0.5012951230278971,0.011649214673673731,-0.023238236596659353
1990-06-06,-1.0799999999998362,0.02522243054329732,-0.02335410235490847
1990-06-07,-1.2300000000002456,0.029113478899143723,-0.02366949503994952
1990-06-08,-2.7,0.06126151807250231,-0.022689451137963817
1990-06-11,2.007397129062458,-0.046883343898782695,-0.0233552908988563
1990-06-12,1.4800000000001092,-0.03333145520635876,-0.022521253517808308
1990-06-13,-0.4800000000001091,0.010353261536407733,-0.021569294867511208
1990-06-14,-0.7600000000001274,0.016504674804205543,-0.021716677373951023
1990-06-15,-0.21999999999989087,0.004872332101063937,-0.022146964095756155
1990-06-18,-2.419999999999982,0.050826621725212746,-0.021002736250088066
1990-06-19,0.677381975362099,-0.015073414642590849,-0.02225245901255825
1990-06-20,0.15999999999994544,-0.003496862511303944,-0.021855390695657104
1990-06-21,0.5,-0.010850585305419219,-0.021701170610838438
1990-06-22,-1.35,0.028405863190116343,-0.021041380140826918
1990-06-25,-0.511011748040005,0.01109852076270936,-0.021718719393982507
1990-06-26,-0.16601251077116175,0.0036488798590565866,-0.02197954745763919
1990-06-27,-0.0010161710935759302,2.2749305240918545e-05,-0.022387278465935495
1990-06-28,-0.27000000000000457,0.006038605589035374,-0.022365205885315823
1990-06-29,-0.021010628242054026,0.0004766727448408325,-0.022687219979778784
1990-07-02,-0.001009981672802928,2.4542995592301512e-05,-0.024300436585338363
1990-07-03,-0.04000000000003183,0.000993728599246307,-0.024843214981137906
1990-07-04,0.0,-0.0,-0.025548737200585116
1990-07-05,-0.41999999999998183,0.010712406376552049,-0.02550572946798217
1990-07-06,0.24499999999998182,-0.006306385204002157,-0.025740347771439284
1990-07-09,0.08500000000005911,-0.0022018735619444714,-0.02590439484638753
1990-07-10,-0.26000000000005913,0.006714687117595266,-0.025825719683052844
1990-07-11,0.49000000000003185,-0.012706231049605702,-0.02593108377470383
1990-07-12,0.4049999999999955,-0.010403563534199581,-0.02568781119555481
1990-07-13,0.1429887266624911,-0.003640642874999799,-0.025461048293640164
1990-07-16,0.41900560510738455,-0.010612389781019914,-0.025327560423207524
1990-07-17,-0.7599999999999454,0.01993336075396472,-0.026228106255218625
1990-07-18,-1.3,0.03408735360243404,-0.02622104123264157
1990-07-19,0.5199999999999818,-0.014074311306158082,-0.027065983281074183
1990-07-20,-1.4600000000000364,0.03967391857926239,-0.02717391683511055
1990-07-23,-2.802016205054582,0.07226612722773329,-0.02579075991686693
1990-07-24,-0.032012728445450805,0.000879351536783698,-0.027468809423167394
1990-07-25,-0.0010053475087050173,2.772489498491074e-05,-0.02757742446750878
1990-07-26,0.14000000000003182,-0.0040507774342587585,-0.028934124530413125
1990-07-27,0.275,-0.007923493481579388,-0.02881270356937959
1990-07-30,-0.275,0.007909956638717916,-0.028763478686246964
1990-07-31,-0.035000000000059116,0.0010131030017738012,-0.028945800050631142
1990-08-01,0.11500000000003183,-0.0033624425030506304,-0.029238630461301738
1990-08-02,0.3549999999999955,-0.01047844810698066,-0.029516755230931814
1990-08-03,0.725,-0.02109561382275292,-0.029097398376210927
1990-08-06,1.2228593568655046,-0.034415803331067814,-0.028143713451466858
1990-08-07,-0.8399999999999863,0.02282777223787137,-0.027175919330799696
1990-08-08,-0.7060741412695717,0.019452421873315705,-0.027550112284722483
1990-08-09,-0.7400000000000546,0.02058323776072693,-0.027815186163142446
1990-08-10,1.6400000000000547,-0.04517611313075182,-0.02754641044557946
1990-08-13,-1.0,0.026349213042921604,-0.026349213042921604
1990-08-14,-0.37999999999992723,0.010220777544737304,-0.026896783012471743
1990-08-15,-0.36000000000012733,0.009766926277938228,-0.02713035077204104
1990-08-16,3.9568410027204637,-0.09272535461184854,-0.023434187663364962
1990-08-17,0.9299999999999046,-0.019772958507170625,-0.021261245706637264
1990-08-20,-0.3161046983808329,0.006563916614473588,-0.020765008075158662
1990-08-21,2.4788882469858535,-0.04984188205745325,-0.020106546601306986
1990-08-22,3.1499999999998636,-0.05481489489308389,-0.0174015539343131
1990-08-23,5.475000000000136,-0.07054747286763215,-0.012885383172169933
1990-08-24,-3.375,0.034180822966036375,-0.010127651249195962
1990-08-27,-4.900000000000091,0.04828874353453424,-0.00985484561929252
1990-08-28,0.07381957278328097,-0.000834874381581381,-0.011309661517987917
1990-08-29,-0.4800000000001091,0.0054147992923419585,-0.011280831859043182
1990-08-30,2.118813224034282,-0.023637543011064008,-0.01115602958436206
1990-08-31,-1.2,0.01254788243659163,-0.010456568697159692
1990-09-03,0.0,-0.0,-0.010796665746960126
1990-09-04,-0.5099999999999454,0.005496029711571159,-0.010776528846219113
1990-09-05,-0.18000000000017735,0.0019657372068238384,-0.010920762260121676
1990-09-06,1.2300000000001774,-0.01338736976350589,-0.0108840404581333
1990-09-07,-0.8700000000000955,0.009123666918649603,-0.010486973469711038
1990-09-10,0.6600000000000137,-0.007065040799370377,-0.010704607271773076
1990-09-11,-0.08999999999991815,0.0009460245337089107,-0.010511383707886346
1990-09-12,-0.09000000000005456,0.0009479485196360233,-0.010532761329282762
1990-09-13,1.1400000000000545,-0.011979140014643268,-0.010508017556704118
1990-09-14,0.7349999999999455,-0.007477450387632222,-0.010173401887935751
1990-09-17,-0.496179726921562,0.004937122859393265,-0.00995027122535731
1990-09-18,-0.2,0.002016405672320861,-0.010082028361604305
1990-09-19,1.1600000000000363,-0.011675015984445841,-0.010064668952108169
1990-09-20,1.7200000000000728,-0.016503031957204147,-0.009594786021629912
1990-09-21,-0.08114834847301175,0.0007398706364534478,-0.0091175070149396
1990-09-24,3.6499999999999773,-0.03130441509874029,-0.008576552081846708
1990-09-25,-2.001163489376953,-0.0885440843287062,0.04424630211311406
1990-09-26,1.8,0.07028302885255153,0.039046127140306405
1990-09-27,3.360000000000082,0.13265949430209467,0.039481992351812926
1990-09-28,-2.4300000000002457,-0.10906544888184797,0.04488290077441849
1990-10-01,-6.9,-0.2316921462770109,0.03357857192420448
1990-10-02,-0.06353930322257759,0.0003582813029082458,-0.005638735156619356
1990-10-03,1.3950000000000273,-0.007826135425404397,-0.0056101329214367345
1990-10-04,-0.4800000000000409,0.002561131537239914,-0.005335690702582699
1990-10-05,0.13500000000001364,-0.0007324877635426594,-0.005425835285500633
1990-10-08,-0.7649999999999182,0.004120448780653573,-0.005386207556410475
1990-10-09,3.4949999999998225,-0.018549021214193863,-0.005307302207208814
1990-10-10,1.0650000000001227,0.02462741377483787,0.023124332182943692
1990-10-11,1.4537898637532036,0.036307928573735236,0.024974674455357806
1990-10-12,-1.7412137944216841,-0.04691002528069772,0.026940991066681807
1990-10-15,-2.1500000000002046,-0.04980910224152428,0.023167024298381182
1990-10-16,2.3737781725798075,0.04467156651168547,0.018818762017318864
1990-10-17,0.26000000000012735,0.005868560474957549,0.022571386442133363
1990-10-18,-3.0199999999998908,-0.06727140534995554,0.022275299784754298
1990-10-19,-1.9612353140013847,0.008267223407813851,-0.004215314372933025
1990-10-22,-0.7362339892503562,0.0034058233963802555,-0.004626006739851977
1990-10-23,0.3400000000000546,-0.0016224234105570215,-0.004771833560461062
1990-10-24,-0.3299999999999727,0.0015559786246526733,-0.004715086741372127
1990-10-25,0.8100000000000364,-0.003875860411181439,-0.004785012853310204
1990-10-26,1.029999999999882,-0.0047671931180881585,-0.00462834283309583
1990-10-29,0.45,-0.00200303809675673,-0.004451195770570512
1990-10-30,-0.44123785086500306,0.0019295033394271543,-0.004372932502605011
1990-10-31,-0.18000000000004093,0.0008003496895945446,-0.004446387164413125
1990-11-01,-0.4949999999999591,0.0022132976706176082,-0.004471308425490488
1990-11-02,-1.425,0.006448047266320214,-0.004524945450049273
1990-11-05,-0.6612393740356302,0.003178683709845912,-0.004807160363796836
1990-11-06,0.7199999999999362,-0.0035379619495106533,-0.0049138360409874534
1990-11-07,0.9099999999999454,-0.004346494916159797,-0.004776368039736327
1990-11-08,-0.5099999999999454,0.002355358420072307,-0.004618349843279528
1990-11-09,-1.15,0.0053868769295497354,-0.004684240808304118
1990-11-12,-0.9900000000000546,0.004813288995736698,-0.0048619080765014465
1990-11-13,0.2687446032120494,-0.0013581349477359752,-0.00505362686916677
1990-11-14,-0.2550000000000182,0.0012781407052810184,-0.0050123164912977535
1990-11-15,0.3610776964474487,-0.0018237359940600488,-0.005050813196171688
1990-11-16,0.0,-0.0,-0.004990039946653709
1990-11-19,0.0,-0.0,-0.005101892081369351
1990-11-20,0.0,-0.0,-0.005099128295386659
1990-11-21,-0.001257283019963168,6.581988940273219e-06,-0.0052350893440571864
1990-11-22,0.0,-0.0,-0.005232906427025072
1990-11-23,0.23499999999996818,-0.0012304036767149884,-0.005235760326447468
1990-11-26,-0.26999999999995905,0.001404969477468553,-0.005203590657291726
1990-11-27,-0.1449999999999818,0.0007781165493328515,-0.005366321029882408
1990-11-28,0.03999999999994088,-0.00021577117354399565,-0.005394279338607864
1990-11-29,0.25,-0.001350978579662001,-0.005403914318648004
1990-11-30,-0.7299999999999727,0.003922231512079151,-0.0053729198795606815
1990-12-03,-0.03499999999996817,0.00019744485801780258,-0.005641281657656633
1990-12-04,-0.38126530046912,0.00218123330787023,-0.0057210380939109245
1990-12-05,-0.0012686993930372378,7.402640959048999e-06,-0.005834826594601928
1990-12-06,-0.131268171293884,0.0007661187877579201,-0.005836287503714275
1990-12-07,-0.45,0.0026396929453926976,-0.005865984323094884
1990-12-10,0.2799999999998818,-0.0016655495924980238,-0.005948391401781168
1990-12-11,-0.21999999999993633,0.0013231281847719287,-0.006014219021692325
1990-12-12,0.5900000000000546,-0.003573249238693668,-0.006056354641853114
1990-12-13,-0.32000000000002726,0.0018996058560647256,-0.005936268300201762
1990-12-14,-0.5700000000000273,0.003416526253827355,-0.0059939057084687575
1990-12-17,-0.10126113280358438,0.0006219140554448948,-0.006141685740877675
1990-12-18,0.3950000000000273,-0.002433432112981299,-0.006160587627800331
1990-12-19,-0.12000000000002728,0.000729615040826312,-0.006080125340217885
1990-12-20,0.09500000000002728,-0.0005795180170721993,-0.0061001896533898195
1990-12-21,0.18999999999998635,-0.001155033727646555,-0.006079124882350726
1990-12-24,-0.3550000000000182,0.0021427580421725053,-0.006035938146964495
1990-12-25,0.0,-0.0,-0.00610214985930555
1990-12-26,0.2550000000000182,-0.0015548612860697623,-0.006097495239488829
1990-12-27,-0.29500000000000454,0.001782546432419432,-0.006042530279387812
1990-12-28,0.0849999999999909,-0.0005185513559239769,-0.006100604187341558
1990-12-31,-0.1,0.0006081856091790388,-0.006081856091790388
1991-01-01,-0.0012584987115656374,7.674684558294102e-06,-0.006098285590413039
1991-01-02,0.0,-0.0,-0.0060967687307806676
1991-01-03,-0.0012623653239758148,7.698921193808918e-06,-0.006098805985545607
1991-01-04,0.08874751068686279,0.0015466311207554615,0.017427318341498087
1991-01-07,1.140000000000009,0.019524417962665838,0.01712668242339095
1991-01-08,0.06748654512214078,0.0013251604866659193,0.019635921267973824
1991-01-09,1.8199999999999819,0.03535263235597791,0.019424523272515527
1991-01-10,-1.3412615668281673,-0.030592220468835248,0.022808541768016305
1991-01-11,-0.09999999999990905,-0.0020720473453425927,0.02072047345344477
1991-01-14,0.9249999999998408,0.018986515814008866,0.02052596304217528
1991-01-15,0.0,0.0,0.022342065066309768
1991-01-16,-1.8999999999998636,-0.03966417360341052,0.02087588084390177
1991-01-17,-6.926308256713679,-0.10884024511176306,0.015714034241295003
1991-01-18,-0.7651524740568595,0.003967390489399524,-0.0051850979039044474
1991-01-21,-0.0012862993528922194,6.831876846968389e-06,-0.005311265088960081
1991-01-22,-0.3099999999999682,0.0016455791419905325,-0.00530831981287323
1991-01-23,0.15499999999997272,-0.0008303049333268907,-0.005356806021464754
1991-01-24,0.5400000000000091,-0.002874718175313524,-0.005323552176506436
1991-01-25,0.10999999999999091,-0.0005755987761332726,-0.005232716146666547
1991-01-28,-0.11629379925698499,0.0006070421451649535,-0.005219901224686256
1991-01-29,-0.010000000000036379,5.260850031342069e-05,-0.0052608500313229304
1991-01-30,1.1100000000000363,-0.005828761738959714,-0.005251136701765336
1991-01-31,0.4799999999999727,-0.00243233130911707,-0.005067356893994184
1991-02-01,-0.2512979369813877,0.0012544970639032918,-0.004992070683000497
1991-02-04,1.6649999999999863,-0.008375152672698628,-0.005030121725344563
1991-02-05,1.1537036126032727,-0.005473876671204959,-0.004744612577621594
1991-02-06,2.81869135835519,-0.012520929896182744,-0.004442107454960648
1991-02-07,-0.9750000000001365,0.00387211262911933,-0.003971397568326962
1991-02-08,1.3999999999999773,-0.006028287842316267,-0.004305919887368832
1991-02-11,4.600000000000023,-0.01758114791266841,-0.003821988676667027
1991-02-12,-1.7999999999999545,0.0055095789990398285,-0.003060877221688871
1991-02-13,1.9750000000000227,-0.006644990915701548,-0.003364552362380492
1991-02-14,-2.4513345697208706,0.007564854374793049,-0.003086014642079007
1991-02-15,2.458223000033389,-0.009206009139745805,-0.003744985357154645
1991-02-18,0.0,-0.0,-0.003446167284569919
1991-02-19,0.4200000000000273,-0.0015720934237483557,-0.0037430795803529847
1991-02-20,-2.1899999999999182,0.007877144038568078,-0.003596869424003823
1991-02-21,-0.3613300674279456,0.0014504050714892378,-0.004014072456836074
1991-02-22,0.4750000000001364,-0.0019684384583880787,-0.004144080965026344
1991-02-25,0.599999999999909,-0.0024395592756249703,-0.0040659321260422335
1991-02-26,-2.125,0.008252055255633379,-0.00388332012029806
1991-02-27,2.648667932931793,-0.01108620903297405,-0.00418557905849028
1991-02-28,-0.9200000000000728,0.003385019026103746,-0.0036793685066342156
1991-03-01,1.780000000000018,-0.006810560334700998,-0.0038261574914050162
1991-03-04,-0.6413247827884614,0.0022445593733088033,-0.0034998793646325733
1991-03-05,3.8500000000001364,-0.013259995240928536,-0.003444154608033264
1991-03-06,-0.375,0.0010366575328780783,-0.0027644200876748752
1991-03-07,-0.4750000000001364,0.0013427253580742774,-0.0028267902275239828
1991-03-08,-0.14999999999986358,0.00043814420910333075,-0.0029209613940248615
1991-03-11,-0.9250000000000682,0.0027220511828038325,-0.0029427580354633854
1991-03-12,-1.3249999999999318,0.0040920372265069345,-0.003088329982269544
1991-03-13,2.424999999999841,-0.007894663824749036,-0.0032555314741235276
1991-03-14,-1.0499999999998408,0.002982456659645669,-0.0028404349139486865
1991-03-15,-0.7000000000001592,0.002130327459802707,-0.003043324942574604
1991-03-18,0.22500000000002274,-0.0007114948372445448,-0.0031621992766421017
1991-03-19,-3.0,0.00949932382801384,-0.0031664412760046136
1991-03-20,0.6973232573608175,-0.002603346127868747,-0.0037333418904192555
1991-03-21,-0.525,0.0019132167334105735,-0.003644222349353473
1991-03-22,0.4650000000000546,-0.0018050062832022085,-0.0038817339423698853
1991-03-25,0.4949999999999591,-0.0019159222051119953,-0.003870549909317482
1991-03-26,2.055000000000041,-0.009189117156566794,-0.004471589857210029
1991-03-27,-0.3463434845005398,0.0013877879353301145,-0.004006969951611581
1991-03-28,-0.9199999999999818,0.003773445280645628,-0.00410157095722359
1991-03-29,0.0,-0.0,-0.004310419950156133
1991-04-01,-1.0599999999999454,0.00454519464959482,-0.00428791948075005
1991-04-02,3.379999999999927,-0.01461283613222313,-0.004323324299474392
1991-04-03,-0.5599999999999454,0.0021179195365494167,-0.003781999172410041
1991-04-04,0.5399999999999636,-0.0021167140555462924,-0.003919840843604509
1991-04-05,-1.8399999999999637,0.006947180961034305,-0.0037756418266491534
1991-04-08,1.480000000000018,-0.006216785832337242,-0.004200530967795383
1991-04-09,-2.2,0.008497598863793537,-0.003862544938087971
1991-04-10,0.07864126411720876,-0.00035082758835220133,-0.004461113288175528
1991-04-11,1.5900000000000547,-0.006985449561476289,-0.004393364504072987
1991-04-12,0.3899999999999863,-0.0016353870094442974,-0.004193300024216294
1991-04-15,-0.001313353959980847,5.478642572119141e-06,-0.004171489742338035
1991-04-16,2.7,-0.010919647984252021,-0.004044314068241489
1991-04-17,1.1986773319087705,-0.004068052145513863,-0.0033937841629455927
1991-04-18,-0.7013226755878313,0.0021807810313871456,-0.0031095259105364996
1991-04-19,-2.639999999999918,0.008397796517319115,-0.003180983529287643
1991-04-22,-1.8313245713338415,0.0068398411043759265,-0.0037349147231690023
1991-04-23,-0.2763245600802743,0.0011445188014932342,-0.0041419365732844856
1991-04-24,0.4,-0.001680720091531891,-0.004201800228829727
1991-04-25,-1.419999999999891,0.0057884437697922975,-0.00407636885196672
1991-04-26,-0.04130096262711546,0.00018136271822373864,-0.004391246757640171
1991-04-29,-1.394999999999959,0.006137528368588824,-0.004399661912967028
1991-04-30,0.13370342622728934,-0.0006301221674664441,-0.004712834855819379
1991-05-01,1.140000000000009,-0.005318670407730064,-0.004665500357657914
1991-05-02,-0.0400000000000091,0.00017713135219306204,-0.004428283804825544
1991-05-03,0.07999999999997272,-0.00035516817204512185,-0.004439602150565537
1991-05-06,-0.1912293713447676,0.0008498163022956437,-0.004443963269447291
1991-05-07,-1.1550000000000409,0.0051712491099276696,-0.004477271956647174
1991-05-08,0.9137646092094959,-0.004308304980894655,-0.004714895868665563
1991-05-09,0.9100000000000363,-0.004092032361561368,-0.004496738858858467
1991-05-10,-1.721248518272953,0.007304894152597431,-0.004243950873478127
1991-05-13,0.5237509306876631,-0.0024141560046920135,-0.00460935888270848
1991-05-14,-1.0299999999999727,0.004608119050358757,-0.004473901990639688
1991-05-15,-0.5912582417146083,0.002770909075933304,-0.004686461651507569
1991-05-16,0.318744185109793,-0.001532851615740886,-0.00480903397567202
1991-05-17,-0.0030344681766523683,1.4377884625183563e-05,-0.004738189293204345
1991-05-20,0.0,-0.0,-0.004737515301926559
1991-05-21,0.0,-0.0,-0.00473653988067092
1991-05-22,-0.001256076793959353,5.94695260373119e-06,-0.004734545397487564
1991-05-23,-0.16499999999998635,0.0007807642886934802,-0.0047319047799608775
1991-05-24,0.25499999999999545,-0.0012150202373585638,-0.004764785244543473
1991-05-27,-0.001251844998856993,5.906499908012412e-06,-0.0047182358146618695
1991-05-28,0.8799999999999727,-0.004136856882005584,-0.004700973729551946
1991-05-29,0.2687462754678495,-0.0012125803221144675,-0.00451198931037662
1991-05-30,1.003749445817488,-0.004450384297329656,-0.004433760153865002
1991-05-31,0.8800000000001091,-0.0037003908435310974,-0.00420498959492118
1991-06-03,-0.541237195735719,0.0021730605789692077,-0.0040149875065687325
1991-06-04,0.125,-0.0005160689966724635,-0.004128551973379708
1991-06-05,-1.3500000000000227,0.005494846286962566,-0.004070256508861092
1991-06-06,-0.7749999999999773,0.003368991988512486,-0.004347086436790432
1991-06-07,-2.076227068310231,0.009199965276939257,-0.004431097839614811
1991-06-10,-0.6211957219919912,0.0030160590687571603,-0.004855247648978569
1991-06-11,1.0338017079368433,-0.00512718037059758,-0.004959539466064422
1991-06-12,-1.0,0.0047293360359589795,-0.0047293360359589795
1991-06-13,0.22000000000002728,-0.0010846662475690865,-0.004930301125313418
1991-06-14,0.8199999999999819,-0.00399346698472676,-0.004870081688691279
1991-06-17,-0.2800000000000182,0.00131604885783132,-0.00470017449225441
1991-06-18,-0.3699999999999818,0.0017591551446126518,-0.004754473363818212
1991-06-19,-0.790000000000009,0.0038040432974669014,-0.0048152446803377946
1991-06-20,0.13884135275007817,-0.0006905437862352317,-0.004973617532222171
1991-06-21,0.19500000000000456,-0.0009640772199872171,-0.0049439857435240745
1991-06-24,-0.7049999999999955,0.003449249915078413,-0.004892553071033241
1991-06-25,0.033841297262918756,-0.00017030712142028062,-0.005032523431272029
1991-06-26,0.0,-0.0,-0.005023171860204193
1991-06-27,0.0,-0.0,-0.005020651356355795
1991-06-28,0.0,-0.0,-0.005018133412352774
1991-07-01,0.0,-0.0,-0.005015774368046182
1991-07-02,0.0,-0.0,-0.0050391906019099835
1991-07-03,-0.0011685890010749472,5.885900458425246e-06,-0.005036758392395441
1991-07-04,0.0,-0.0,-0.005101729100448535
1991-07-05,0.01999999999998181,-0.0001027287034970896,-0.005136435174859151
1991-07-08,0.4050000000000182,0.003546751963178199,0.008757412254760592
1991-07-09,-0.16500000000000908,0.0008489706771469378,-0.005145276831193279
1991-07-10,-0.0049999999999954525,2.588395145861801e-05,-0.0051767902917283105
1991-07-11,0.175,-0.0009190674797363614,-0.005251814169922066
1991-07-12,0.22999999999999546,-0.0014950580005878564,-0.006500252176469069
1991-07-15,0.1900000000000091,-0.0012264979875844812,-0.006455252566233803
1991-07-16,-0.011148852848195027,7.13784862683886e-05,-0.0064023166544838386
1991-07-17,-0.20999999999999092,0.001344790028201033,-0.006403762039052816
1991-07-18,0.6800000000000181,-0.0043797951247366036,-0.00644087518343601
1991-07-19,-0.031136081438491888,0.00019521613022704202,-0.006269771956136608
1991-07-22,-0.43500000000001365,0.0027270321991276383,-0.006269039538224259
1991-07-23,-1.0649999999999864,0.006754864677265441,-0.006342595941094392
1991-07-24,-0.25613334540458627,0.0016938224413618266,-0.0066130493032302284
1991-07-25,0.21999999999998182,-0.0014777049610953251,-0.006716840732252033
1991-07-26,0.01999999999998181,-0.00013328331116118204,-0.006664165558065163
1991-07-29,0.5,-0.0033246133851688618,-0.0066492267703377236
1991-07-30,0.7300000000000182,-0.004812259107000794,-0.006592135763014622
1991-07-31,0.05887348993779444,-0.00037923894029352875,-0.006441590955355824
1991-08-01,0.163873511345107,-0.0010982766195730303,-0.0067019777055983805
1991-08-02,-0.2,0.0013373699284700542,-0.006686849642350271
1991-08-05,-0.7,0.004755861252589894,-0.006794087503699849
1991-08-06,2.0,-0.0154468605135901,-0.00772343025679505
1991-08-07,0.1,-0.0007246080738918375,-0.007246080738918375
1991-08-08,-0.721128900522403,0.005312740584129206,-0.007367255119411425
1991-08-09,-1.1499999999999773,0.00900524726132218,-0.007830649792454224
1991-08-12,0.7238823624723968,-0.006166304732505888,-0.00851837957682112
1991-08-13,0.3199999999999818,-0.0026430778562632554,-0.008259618300823142
1991-08-14,0.43999999999996364,-0.0035836891993381425,-0.008144748180314633
1991-08-15,-0.1,0.0008260710471265581,-0.008260710471265581
1991-08-16,-1.6415813042814025,0.01336926307638271,-0.008144137022951213
1991-08-19,-3.2011329849902768,0.02606844044731089,-0.008143504368466614
1991-08-20,0.4916008501711996,0.006525054105963835,0.013273073274164375
1991-08-21,0.0,-0.0,-0.009456585204278964
1991-08-22,-0.0011661229501973075,1.1566304797815914e-05,-0.009918598031072881
1991-08-23,0.22883550699142385,-0.0022814534076437396,-0.009969840072630173
1991-08-26,-0.03116436983799008,0.00031509520732144326,-0.01011075176425788
1991-08-27,0.014999999999986358,-0.0001522085161490205,-0.01014723440994393
1991-08-28,0.675,-0.007639286949196051,-0.011317462146957112
1991-08-29,0.06000000000001364,-0.0006630871563701691,-0.011051452606166972
1991-08-30,-0.43616127455102865,0.004808650163349059,-0.011024936059027568
1991-09-02,0.0,-0.0,-0.011197871781735397
1991-09-03,-1.1400000000000545,0.012713481272642003,-0.011152176554948592
1991-09-04,-0.6011594461950199,0.007056344112135288,-0.011737891098273062
1991-09-05,-0.43499999999994543,0.005464354132064498,-0.012561733636931456
1991-09-06,-0.0911574327622891,0.0011724569650097018,-0.012861891010765007
1991-09-09,-0.1599999999999909,0.0020715063626554776,-0.01294691476659747
1991-09-10,-0.709999999999991,0.00920057622457084,-0.012958558062775995
1991-09-11,-0.08115687242629463,-0.0017861594830755737,0.022008727414893115
1991-09-12,0.2988436009673028,0.00623539168614777,0.020865066763902367
1991-09-13,0.0,0.0,0.02202764717185188
1991-09-16,0.0,0.0,0.022356473869464853
1991-09-17,0.0,0.0,0.0224405383345258
1991-09-18,0.0,0.0,0.02321983560172747
1991-09-19,0.0,-0.0,-0.015154525994468246
1991-09-20,-0.0011446717564210177,1.7485095141958435e-05,-0.015275204480128105
1991-09-23,-0.10999999999999091,0.001679310970908682,-0.01526646337189837
1991-09-24,0.10999999999999091,-0.0017033931216359375,-0.01548539201487344
1991-09-25,-0.10499999999999546,0.0018304321233173616,-0.01743268688873753
1991-09-26,0.054999999999995455,-0.0009650160653290552,-0.01754574664234791
1991-09-27,-0.10499999999999546,0.0018440599089299247,-0.0175624753231429
1991-09-30,0.15499999999999545,-0.0028398506957268074,-0.018321617391786393
1991-10-01,0.1349999999999909,-0.002525443045499805,-0.01870698552222204
1991-10-02,-0.22108788185814524,0.004372986300088145,-0.019779402938483744
1991-10-03,-0.75,0.014826543074545867,-0.01976872409939449
1991-10-04,-0.6610881615748644,0.013751788351402292,-0.020801746500258546
1991-10-07,-0.04217547934178774,0.0008969989293339804,-0.021268256895547077
1991-10-08,-0.0049999999999954525,0.00010642824952449172,-0.021285649904917704
1991-10-09,0.3739161589366526,-0.00879513372140461,-0.02352167327139945
1991-10-10,-0.8010866581059897,0.018837029132078614,-0.023514346346267992
1991-10-11,-0.15108611230884067,0.0036655089887490206,-0.024261058364227542
1991-10-14,-1.15,0.03061214082642362,-0.02661925289254228
1991-10-15,-0.7321726637445317,0.02113799786848389,-0.028870236373451003
1991-10-16,-0.0021479786833013986,6.339668072481984e-05,-0.029514576293364545
1991-10-17,-0.17107299447780663,0.00505841008224064,-0.02956872355967832
1991-10-18,0.23999999999998636,-0.0073775065990550285,-0.0307396108293977
1991-10-21,-0.675,0.020431214358468654,-0.030268465716249856
1991-10-22,-0.8700000000000273,0.0274098631503734,-0.031505589828014414
1991-10-23,0.13395766031492584,-0.004321917204781418,-0.032263307634821846
1991-10-24,-0.709999999999991,0.023144970637977675,-0.03259855019433517
1991-10-25,-0.20103422527949122,0.0066740459552719076,-0.03319855584785726
1991-10-28,0.5289574574147787,-0.017559623506211767,-0.03319666498707191
1991-10-29,-0.0010439163954270828,3.416666915069255e-05,-0.032729315585386914
1991-10-30,0.08396012180540775,-0.0028150266237011905,-0.03352813887318442
1991-10-31,-0.0900000000000091,0.0030565226653593448,-0.03396136294843373
1991-11-01,-0.3,0.010354124559266781,-0.034513748530889274
1991-11-04,0.009999999999990905,-0.0003689053324071836,-0.03689053324075191
1991-11-05,-0.42999999999997274,0.015880076567565033,-0.036930410622246605
1991-11-06,0.2699999999999818,-0.010291320300507237,-0.038116001112992334
1991-11-07,0.65,-0.0245466927999566,-0.037764142769164
1991-11-08,-0.1699999999999818,0.006313743793319288,-0.037139669372470374
1991-11-11,0.1599999999999909,-0.005964060313170643,-0.03727537695731864
1991-11-12,0.6089921422730661,-0.022416135389286475,-0.03680857901650117
1991-11-13,0.29899207855396487,-0.01079599432479314,-0.03610796104367219
1991-11-14,-0.13999999999996363,0.005008419392915734,-0.03577442423512168
1991-11-15,-5.7812647673290085,0.12265155895916395,-0.021215350601531086
1991-11-18,1.0157125881394133,-0.024742210056461524,-0.02435945989581995
1991-11-19,0.0,-0.0,-0.023750313159693125
1991-11-20,-0.0010723896082593719,-3.596135589509664e-05,0.03353385338512055
1991-11-21,-0.28607353451686973,-0.009473937141565542,0.03311713947102948
1991-11-22,1.15,-0.027434720140704243,-0.02385627838322108
1991-11-25,-0.20999999999999092,0.004908347570266508,-0.023373083667936764
1991-11-26,-0.5900000000000091,0.013847976352330663,-0.02347114635988212
1991-11-27,0.4800000000000182,-0.011399286008556104,-0.023748512517824314
1991-11-28,0.0,-0.0,-0.023987406310075746
1991-11-29,0.2799999999999727,-0.0067574421620464386,-0.02413372200731106
1991-12-02,-1.3,0.03220004635754846,-0.02476926642888343
1991-12-03,0.3289264025279688,-0.008443689856432535,-0.025670453303652214
1991-12-04,0.0,-0.0,-0.025810820686807175
1991-12-05,0.2400000000000091,-0.0062700178919742385,-0.026125074549891672
1991-12-06,-0.13000000000001818,-0.004565534268731729,0.035119494374854544
1991-12-09,0.06000000000001364,-0.001571762162476556,-0.02619603604126998
1991-12-10,0.025,0.0008396991483908514,0.033587965935634054
1991-12-11,0.06499999999998636,0.0021800568551639823,0.03353933623329907
1991-12-12,-0.375,-0.01266387312514707,0.03377032833372552
1991-12-13,-0.325,0.008563870579611018,-0.02635037101418775
1991-12-16,-0.026046787004386562,0.0006919586950068776,-0.026565990457492673
1991-12-17,0.0,-0.0,-0.026752432716918358
1991-12-18,0.0,-0.0,-0.026740133122692234
1991-12-19,0.0,-0.0,-0.026727423658466736
1991-12-20,0.0,-0.0,-0.026714726270003313
1991-12-23,-0.0010686476847279254,2.8535073779335015e-05,-0.026702040520117685
1991-12-24,0.1839436819564835,-0.0049071841056557005,-0.02667764423034991
1991-12-25,-0.0010536737113141588,2.7967764205231226e-05,-0.02654309764485761
1991-12-26,1.5299999999999727,-0.03932547443129534,-0.02570292446489937
1991-12-27,0.5689442038201865,-0.013997880930760803,-0.02460325781820391
1991-12-30,3.4,-0.07141450068832057,-0.02100426490832958
1991-12-31,0.7189257713166255,-0.01368581711350547,-0.019036481455438094
1992-01-01,0.0,-0.0,-0.01863745285343765
1992-01-02,1.0749999999999318,-0.019763842057374897,-0.018384969355698746
1992-01-03,-0.05107113030613315,0.0009089713051316774,-0.017798143485038918
1992-01-06,-0.2700000000000273,0.004809625556737133,-0.017813427987913508
1992-01-07,-0.20999999999994542,0.0037694759916962243,-0.01794988567474859
1992-01-08,-0.15,0.002707607630481583,-0.018050717536543887
1992-01-09,-0.15,0.0027191869157220223,-0.01812791277148015
1992-01-10,-1.6200000000000274,0.028780707807898133,-0.01776586901722077
1992-01-13,-0.2700000000000273,0.005021729818374839,-0.018598999327312342
1992-01-14,3.510000000000082,-0.057986368570258205,-0.016520332925999102
1992-01-15,-0.03000000000010914,0.00045135683758282057,-0.015045227919372618
1992-01-16,-1.2299999999999727,0.01825418708247436,-0.014840802506077043
1992-01-17,-0.15,0.0023111661814005616,-0.015407774542670411
1992-01-20,-1.1399999999999182,0.017416159880794646,-0.015277333228768331
1992-01-21,-1.7700000000000273,0.027199292006044096,-0.015366831641832585
1992-01-22,2.878969084594525,-0.04335011657567327,-0.015057513749502009
1992-01-23,-2.0750000000000455,0.027715115833376082,-0.013356682329337578
1992-01-24,0.3239664106735561,-0.004590646938530241,-0.014170132418931523
1992-01-27,-0.06000000000003638,0.0008423088042896038,-0.014038480071484885
1992-01-28,-0.05999999999994543,0.0008468031660062213,-0.014113386100116525
1992-01-29,-1.8199999999999819,0.025867774203974733,-0.014213062749436808
1992-01-30,0.45896423096003935,-0.0068448941485102196,-0.014913785621577521
1992-01-31,-1.0350000000000137,0.015167045887751616,-0.014654150616184943
1992-02-03,0.2989618444408416,-0.004549852310022695,-0.015218839442646726
1992-02-04,0.8400000000000091,-0.012656929334443111,-0.015067773017194017
1992-02-05,-0.029999999999972715,0.00044205048801455193,-0.014735016267165132
1992-02-06,0.15896579899470117,-0.00234654627270604,-0.014761327829920559
1992-02-07,-0.6899999999999863,0.01009627124376243,-0.01463227716487338
1992-02-10,0.525,-0.007987597666000141,-0.015214471744762174
1992-02-11,0.19499999999995907,-0.0032067160924192655,-0.01644469790984584
1992-02-12,1.1100000000000136,-0.01797885435810231,-0.01619716608838026
1992-02-13,-1.186040533442402,0.018372779493908923,-0.01549085294798752
1992-02-14,-0.8219840221478348,0.013073259805464478,-0.01590451815754788
1992-02-17,-0.0010355667697011424,1.684177781257319e-05,-0.016263343229363774
1992-02-18,-1.1850000000000136,0.019017429517019766,-0.016048463727442657
1992-02-19,0.17897064124431197,-0.0029612528448782153,-0.016546025785513185
1992-02-20,0.9899999999999636,-0.01621931995073508,-0.016383151465389573
1992-02-21,-0.3399999999999636,0.005418229195076262,-0.01593596822081424
1992-02-24,-0.15,0.002414729215429593,-0.01609819476953062
1992-02-25,-0.22000000000002728,0.0035525052428504477,-0.01614775110386367
1992-02-26,1.0,-0.016278408834676458,-0.016278408834676458
1992-02-27,-0.05103312209903332,0.0008111515238882631,-0.015894609040657304
1992-02-28,-0.8100000000000137,0.012831787453340493,-0.015841712905358366
1992-03-02,0.1950000000000273,-0.003154333793162145,-0.016176070734162582
1992-03-03,-0.1799999999999727,0.002895178812248045,-0.0160843267347138
1992-03-04,-0.9,0.014498065853731673,-0.01610896205970186
1992-03-05,-0.6010219027966979,0.009875728620507515,-0.01643156193568554
1992-03-06,-0.7010175221868029,0.011649768150785745,-0.016618369415994975
1992-03-09,0.15400236760770977,-0.0026030924205319096,-0.016902937668872513
1992-03-10,0.0,-0.0,-0.016830167107388876
1992-03-11,0.0,-0.0,-0.016822386006159103
1992-03-12,0.0,-0.0,-0.016814612096486825
1992-03-13,0.0,-0.0,-0.016806845368406636
1992-03-16,0.0,-0.0,-0.016799086009772847
1992-03-17,0.0,-0.0,-0.016793159609298464
1992-03-18,-0.0009903374388643374,1.6625031202698964e-05,-0.01678723892511183
1992-03-19,0.024010475932061088,-0.0004029315997985557,-0.016781491584701276
1992-03-20,-0.0400000000000091,0.0006705552104247661,-0.01676388026061534
1992-03-23,0.05999999999999091,-0.0010064450342716369,-0.016774083904529825
1992-03-24,-0.3,0.0050193715503243485,-0.01673123850108116
1992-03-25,-0.05999999999999091,0.0010110969234076068,-0.016851615390129335
1992-03-26,-0.11999999999998182,0.0020249107276123232,-0.016874256063438585
1992-03-27,-0.95,0.01602201302816012,-0.0168652768717475
1992-03-30,-0.14198211875285785,0.002459017045073946,-0.017319202352193735
1992-03-31,-0.0009870589687490856,1.7146250411546735e-05,-0.017371049708688056
1992-04-01,-0.1150000000000091,0.0019965640058345726,-0.017361426137690563
1992-04-02,0.575,-0.009988790930903003,-0.01737181031461392
1992-04-03,-0.1709984044402719,0.002944290117606698,-0.017218231522359673
1992-04-06,-0.9,0.015444188839389575,-0.01716020982154397
1992-04-07,1.60898092365044,-0.027884919875746438,-0.017330795826019745
1992-04-08,0.25,-0.00418254467224788,-0.01673017868899152
1992-04-09,-0.796040025462692,0.013155292489270084,-0.01652591838158348
1992-04-10,-0.46104144993518076,0.007753922427615395,-0.01681827616303381
1992-04-13,0.03895948031331447,-0.0006626277326517469,-0.017008125553083744
1992-04-14,0.0,-0.0,-0.017053061143300113
1992-04-15,-0.0010588107875603694,1.8169794206299974e-05,-0.017160567704608883
1992-04-16,-0.17605875488169442,0.003019612950790065,-0.017151166113943857
1992-04-17,-0.001057024963747881,1.828032878057317e-05,-0.017294131555565938
1992-04-20,-1.4099999999999453,0.02395540029760606,-0.01698964560113971
1992-04-21,-0.24106341184699595,0.004240818114117876,-0.017592126825158944
1992-04-22,-0.01999999999998181,0.00035365275285951814,-0.01768263764299199
1992-04-23,0.1699999999999818,-0.003005487715207511,-0.017679339501222545
1992-04-24,-0.42999999999997274,0.00755697986808759,-0.017574371786251323
1992-04-27,0.10896007543373669,-0.0019344695485214488,-0.01775392996765942
1992-04-28,0.009999999999990905,-0.00017701412621039386,-0.017701412621055485
1992-04-29,0.32000000000000456,-0.005664697033480858,-0.017702178229627427
1992-04-30,0.2150000000000091,-0.0037770748183766378,-0.01756778985291385
1992-05-01,-0.22100188237178803,0.003874174534376453,-0.017530052200455875
1992-05-04,0.7800000000000182,-0.013667466257935293,-0.01752239263837817
1992-05-05,0.048993567728259,-0.0008427309273675036,-0.017200848324451064
1992-05-06,-0.04500000000002728,0.0007753141994724518,-0.017229204432710706
1992-05-07,-0.1950000000000273,0.0033632766545779037,-0.01724757258757658
1992-05-08,0.225,-0.0038957562945612116,-0.01731447242027205
1992-05-11,0.4800000000000409,-0.011702731500148595,-0.024380690625307497
1992-05-12,-0.5100000000000137,0.012407426740387105,-0.024328287726248572
1992-05-13,-0.13500000000001364,0.003322130920567063,-0.024608377189383166
1992-05-14,-1.0049999999999726,0.02448602311577035,-0.024364202105244794
1992-05-15,-0.48211643569684864,0.01199657093247684,-0.024883140345831722
1992-05-18,0.45,-0.011476952593235442,-0.02550433909607876
1992-05-19,0.7800000000000182,-0.01954112210860734,-0.025052720652060104
1992-05-20,-0.21999999999998182,0.005430702042856342,-0.024685009285712683
1992-05-21,-0.7100000000000364,0.017548151504509255,-0.024715706344377964
1992-05-22,0.2900000000000091,-0.007275174746225414,-0.02508680946974202
1992-05-25,0.0,-0.0,-0.02493331600826087
1992-05-26,-0.4599999999999909,0.01168117671502319,-0.025393862423963957
1992-05-27,0.16899587463621546,-0.004339487547022018,-0.025678067919487988
1992-05-28,0.42000000000000454,-0.010714099498031628,-0.025509760709598837
1992-05-29,-0.20101056427523756,0.0050771873671750165,-0.025258311101614445
1992-06-01,0.3800000000000182,-0.009622782538390181,-0.025323111943130843
1992-06-02,-0.4700000000000273,0.011759710736838385,-0.025020661142207877
1992-06-03,-0.05,0.0012641013467594052,-0.0252820269351881
1992-06-04,-0.13999999999996363,0.003541266224663633,-0.02529475874760395
1992-06-05,0.1599999999999909,-0.004064302216010859,-0.025401888850069314
1992-06-08,-0.1400000000000091,0.0035455356310010945,-0.02532525450714903
1992-06-09,-0.8,0.02015178572702015,-0.025189732158775187
1992-06-10,-0.4010161858779795,0.010261068482035916,-0.025587666641361296
1992-06-11,0.17898750809610608,-0.004617238417209278,-0.025796428288895355
1992-06-12,0.0,-0.0,-0.025681985445459802
1992-06-15,0.0,-0.0,-0.02567047378681884
1992-06-16,0.0,-0.0,-0.025658972813628833
1992-06-17,0.0,-0.0,-0.025658447831525374
1992-06-18,-0.0020352132696264754,5.219703573072367e-05,-0.025646961185696007
1992-06-19,-0.571019898305663,0.015021502076679486,-0.026306442422149325
1992-06-22,0.029999999999904502,-0.0008022788088389935,-0.02674262696138491
1992-06-23,-0.16499999999998635,0.005186512143817947,-0.03143340693223258
1992-06-24,0.04500000000002728,-0.0014303124770703812,-0.03178472171265587
1992-06-25,0.4039953362053432,-0.012790179426008696,-0.03165922544092858
1992-06-26,-0.2,0.006382323190558108,-0.03191161595279054
1992-06-29,-1.090000000000009,0.0342857522254096,-0.0314548185554214
1992-06-30,0.007981159647180531,-0.00025728137561590626,-0.032236089364130804
1992-07-01,0.0,-0.0,-0.03223805759329001
1992-07-02,-0.0010090873718268726,3.252780216656125e-05,-0.03223487189981602
1992-07-03,-0.0010086977043595369,3.2512748321184176e-05,-0.03223240043143336
1992-07-06,0.4100000000000364,-0.01372997396393688,-0.03348774137545283
1992-07-07,-1.25,0.04050251080226418,-0.03240200864181134
1992-07-08,0.518985731013182,-0.02128415270166515,-0.041011055660650796
1992-07-09,0.45499999999999546,-0.018372958560168202,-0.04038012870366678
1992-07-10,0.0,-0.0,-0.041165106279555976
1992-07-13,-0.046019628997685406,0.0018943259468264923,-0.04116343369308277
1992-07-14,0.6100000000000364,-0.025593898349931025,-0.04195721040972049
1992-07-15,-0.1,0.0044167919779020326,-0.04416791977902032
1992-07-16,0.09898263098197622,-0.005329974111624941,-0.053847569606383545
1992-07-17,-0.7949999999999591,0.047247026395870306,-0.05943022188160093
1992-07-20,-0.33000000000004087,0.019943296330564575,-0.06043423130473365
1992-07-21,-0.24101723076684012,0.014639815393057766,-0.06074177911047494
1992-07-22,-0.5599999999999454,0.03387189740484837,-0.06048553108009226
1992-07-23,0.3289797913885455,-0.02216569030164089,-0.06737705744199296
1992-07-24,-0.075,0.0050487456025629105,-0.06731660803417214
1992-07-27,-0.025,0.0017442588753187839,-0.06977035501275135
1992-07-28,0.6399999999999864,-0.04419084530418173,-0.06904819578778543
1992-07-29,0.55,-0.037943815248325935,-0.06898875499695624
1992-07-30,0.06808090562855236,-0.004638743667522395,-0.06813575149589313
1992-07-31,0.0890522267123841,-0.006059461954849788,-0.06804391286497866
1992-08-03,0.36000000000012733,-0.024720587912841385,-0.06866829975786845
1992-08-04,-0.3809457289757077,0.026055842138178575,-0.06839777993636494
1992-08-05,-0.75,0.0508102245798292,-0.06774696610643893
1992-08-06,-0.8000000000000682,0.05615578216383861,-0.07019472770479228
1992-08-07,-1.5009480826095982,0.10415293276924285,-0.06939142930790725
1992-08-10,0.8790638002544979,-0.06270215432258548,-0.07132833169154795
1992-08-11,-0.3449999999999591,0.024062320685512773,-0.06974585705946558
1992-08-12,-0.16500000000005458,0.012128084443899676,-0.07350354208421615
1992-08-13,-0.39093433016267165,0.02870239401113911,-0.07341998846505948
1992-08-14,0.6688217427291161,-0.0503874662650033,-0.075337661810153
1992-08-17,0.11999999999993634,-0.008944354825008214,-0.07453629020844132
1992-08-18,-0.009999999999945431,0.0007437613171232317,-0.07437613171272903
1992-08-19,-0.500939241036577,0.03698979077862745,-0.07384087280143135
1992-08-20,0.06000000000001364,-0.004633337082585583,-0.07722228470974216
1992-08-21,-1.1859374923675934,0.08707402649541345,-0.07342210450027999
1992-08-24,-0.6409412038796906,0.04858993477582765,-0.07581028412857094
1992-08-25,-0.020939725703427912,0.0016092332629324912,-0.07685073270415636
1992-08-26,-0.0009408820588221761,7.238611916769776e-05,-0.07693431763202377
1992-08-27,-0.07000000000000454,0.005535966632713297,-0.07908523761018482
1992-08-28,-0.054999999999995455,0.004409508324218348,-0.0801728786221584
1992-08-31,0.04410203307878476,-0.003601033438115264,-0.08165232273265736
1992-09-01,0.0,-0.0,-0.08161585314391487
1992-09-02,0.0,-0.0,-0.081580181168415
1992-09-03,-0.00089063782140854,7.262664967970373e-05,-0.08154453800855323
1992-09-04,-0.19089076426393914,0.015538976687397215,-0.08140245415913323
1992-09-07,0.0,-0.0,-0.08167409169136211
1992-09-08,-0.4099999999999454,0.03326858739063713,-0.08114289607473552
1992-09-09,0.40913313126332385,-0.03325083442187593,-0.0812714294713894
1992-09-10,0.3050000000000182,-0.024497065531787456,-0.08031824764519999
1992-09-11,-0.03586861070759196,0.0028622721502359868,-0.07979880161988424
1992-09-14,1.140000000000009,-0.08695788518803237,-0.07627884665616814
1992-09-15,-1.0517798783344856,0.07553559726840009,-0.07181692559855035
1992-09-16,0.01911008005063723,-0.001405217917902208,-0.07353281169826135
1992-09-17,0.08999999999998635,-0.0066115830853044335,-0.07346203428117151
1992-09-18,1.0350000000000137,-0.07330500856840705,-0.07082609523517495
1992-09-21,-0.3450000000000273,0.02453535706339705,-0.07111697699534814
1992-09-22,-1.4850000000000136,0.09920496694456425,-0.0668046915451605
1992-09-23,0.014111548557856075,-0.0009705142093358594,-0.06877446549234754
1992-09-24,0.24911242253150723,-0.017094900471561536,-0.06862323563731314
1992-09-25,-0.4450000000000045,0.03049858731261668,-0.06853615126430646
1992-09-28,0.24410462998658794,-0.016853492835221657,-0.06904208591269921
1992-09-29,0.0,-0.0,-0.07042950745103722
1992-09-30,0.0,-0.0,-0.07662429298993013
1992-10-01,0.0,-0.0,-0.07675496944249952
1992-10-02,0.0,-0.0,-0.07842285297162001
1992-10-05,-0.0008934707812175038,7.056301493640949e-05,-0.07897629829624148
1992-10-06,0.08910628215196109,-0.007032771457688212,-0.07892565246628272
1992-10-07,0.6991092142074244,-0.05412513086364019,-0.07742013660197784
1992-10-08,-1.2308963161193947,0.08926180942401268,-0.07251773220463067
1992-10-09,1.89909999520982,-0.1261797791155984,-0.06644188269910326
1992-10-12,-1.1400000000000545,0.07022922155138771,-0.061604580308231884
1992-10-13,-0.7199999999999591,0.047329008786310287,-0.06573473442543469
1992-10-14,0.13409936866612102,-0.008946920666740424,-0.0667185890264432
1992-10-15,-0.2,0.013287590446373225,-0.06643795223186612
1992-10-16,-0.24089948906905712,0.016046509749956257,-0.06661080856570978
1992-10-19,-0.4700000000000045,0.03140654984226154,-0.06682244647289624
1992-10-20,0.009094020859382698,-0.0006131548981036869,-0.06742395993858627
1992-10-21,-0.0009011868195930667,6.072502495233492e-05,-0.06738339224685451
1992-10-22,-0.04500000000000455,0.0030400186006325834,-0.06755596890293947
1992-10-23,-0.12000000000000455,0.008117873676348423,-0.06764894730290096
1992-10-26,0.4100000000000137,-0.027689846941644954,-0.06753621205279031
1992-10-27,0.0049999999999954525,-0.00034102712560241637,-0.06820542512054531
1992-10-28,0.2241032013602923,-0.015255053506771483,-0.0680715554894989
1992-10-29,0.0,-0.0,-0.06775290988172117
1992-10-30,-0.4908894220003742,0.03304328682793642,-0.06731309608034541
1992-11-02,1.275,-0.08270871718410618,-0.06486958210518132
1992-11-03,-0.6600000000000137,0.04150744900544786,-0.06289007425067727
1992-11-04,-1.0949999999999591,0.06791758024495606,-0.062025187438318356
1992-11-05,0.6291057017075483,-0.03942006426439297,-0.06266047844964237
1992-11-06,-0.2400000000000091,0.015249885919827592,-0.06354119133261256
1992-11-09,0.1800000000000182,-0.011550105499366093,-0.06416725277424959
1992-11-10,0.0800000000000182,-0.005142003792563217,-0.0642750474070256
1992-11-11,0.8299999999999726,-0.053122178575127736,-0.06400262478931264
1992-11-12,0.05999999999999091,-0.003782100241321577,-0.06303500402203584
1992-11-13,0.038139611752498054,-0.0024350129639348693,-0.06384472342656665
1992-11-16,-0.6899999999999863,0.04351030488418794,-0.06305841287563595
1992-11-17,-0.375,0.023860377105964385,-0.0636276722825717
1992-11-18,1.0649999999999864,-0.06648597621279208,-0.062428146678678804
1992-11-19,0.12000000000002728,-0.0073382205380646765,-0.06115183781719174
1992-11-20,0.9449999999999591,-0.05650910847350087,-0.059797998384659594
1992-11-23,-0.40589497967438254,0.023731810630606302,-0.058467859468585834
1992-11-24,1.1399999999999637,-0.06513313542069626,-0.057134329316402055
1992-11-25,0.5200000000000727,-0.02898865215254711,-0.05574740798565972
1992-11-26,-0.0008957633449943834,4.93921468296659e-05,-0.055139727591750926
1992-11-27,0.5,-0.02739353829101362,-0.05478707658202724
1992-11-30,0.2741039282513502,-0.014838046984138552,-0.05413292351845549
1992-12-01,0.08999999999991815,-0.004843700193981369,-0.05381889104428639
1992-12-02,-0.7199999999998908,0.03878304871275276,-0.053865345434387
1992-12-03,0.209999999999809,-0.011511766933023696,-0.05481793777635317
1992-12-04,1.4700000000001636,-0.07597302449073759,-0.05168232958553002
1992-12-07,1.5599999999999452,-0.07370362228880713,-0.04724591172359597
1992-12-08,1.4691074629536796,-0.06385721067169943,-0.04346667094271839
1992-12-09,-1.4008938598531253,0.056435042122780055,-0.04028502354111032
1992-12-10,-0.9599999999998545,0.039121498173211,-0.040751560597100965
1992-12-11,-0.5600000000000364,0.02314250659613102,-0.041325904635945564
1992-12-14,-0.48087505744869863,0.020144056498559115,-0.04189041661972279
1992-12-15,0.14000000000003182,-0.005920023142170269,-0.042285879586920885
1992-12-16,-1.259999999999968,0.05143175011670958,-0.04081884929897689
1992-12-17,3.0441667478792307,-0.10747180630720393,-0.03530417851849803
1992-12-18,2.85,-0.08304079058695192,-0.029137119504193655
1992-12-21,0.11916073640609587,-0.0032540314310162345,-0.027307916425814982
1992-12-22,0.27918738806835897,-0.007727788355940097,-0.027679575389873808
1992-12-23,-0.8,0.021776792934538713,-0.027220991168173392
1992-12-24,-0.23999999999996363,0.006648385163618598,-0.027701604848415023
1992-12-25,0.0,-0.0,-0.027844558675173395
1992-12-28,-1.1600000000000363,0.03164522607251342,-0.027280367303890024
1992-12-29,-0.6407984431915074,0.01787894010724233,-0.027901035492839166
1992-12-30,0.7,-0.020121611819055463,-0.028745159741507806
1992-12-31,-1.225,0.03402500559859416,-0.027775514774362575
1993-01-01,-0.0007978582805478259,2.2833251298890317e-05,-0.028618179262628617
1993-01-04,-1.2899999999999183,0.0360208836804667,-0.0279231656437744
1993-01-05,-0.5408002806942522,0.015457639047104293,-0.028582897603641317
1993-01-06,0.3242033285254344,-0.00940564527418283,-0.029011562950208694
1993-01-07,-2.020000000000073,0.05496664355774099,-0.02721120968204901
1993-01-08,-0.20160700109525445,0.0057167187588441255,-0.028355755146335985
1993-01-11,0.25920163478424035,-0.007433872711053787,-0.028679883586543536
1993-01-12,0.04499999999998181,-0.0012851420900930732,-0.028558713113190946
1993-01-13,0.1900000000000091,-0.005420528749611166,-0.028529098682162662
1993-01-14,0.2941973335238993,-0.008383153633356875,-0.028495002089051442
1993-01-15,0.029197496309142482,-0.0008278377275961643,-0.028353038179405373
1993-01-18,0.25419815686352787,-0.007194096752455859,-0.0283011365669271
1993-01-19,-0.7008019144422589,0.01958919620103945,-0.027952543789252816
1993-01-20,-1.2000000000000455,0.033544958623400935,-0.027954132186166387
1993-01-21,1.5741968107392477,-0.0437847663818126,-0.027814035756590777
1993-01-22,0.13999999999996363,-0.0037692914480562893,-0.026923510343266205
1993-01-25,1.480000000000018,-0.03861385353049673,-0.026090441574659638
1993-01-26,-0.22079987435125356,0.005587956379838889,-0.02530778786109923
1993-01-27,-0.8500000000000227,0.02144635263496,-0.025231003099952267
1993-01-28,0.3500000000000227,-0.00903658642204711,-0.025818818348704354
1993-01-29,-0.27499999999997726,0.007096284539965382,-0.025804671054421705
1993-02-01,2.125,-0.053578069920196265,-0.025213209374210007
1993-02-02,0.27499999999997726,-0.0066811564189626195,-0.02429511425077517
1993-02-03,2.4241924061105657,-0.05457784921604592,-0.0225138273176971
1993-02-04,0.9891978640987369,-0.020843404045963115,-0.02107101602463896
1993-02-05,-0.14080033389052599,0.0029019309818532043,-0.02061025639406148
1993-02-08,-0.720799620565591,0.014886902903063586,-0.020653316786407652
1993-02-09,-2.114999999999918,0.042229724291600865,-0.019966772714705674
1993-02-10,0.8992001792842854,-0.018664392513525575,-0.02075666013365502
1993-02-11,0.7600000000000364,-0.01539897627128492,-0.02026181088326866
1993-02-12,-2.6800000000001094,0.0494837658052371,-0.0184640917183713
1993-02-15,-0.004403787265797024,8.753811668027007e-05,-0.019877916755914615
1993-02-16,-6.539999999999918,0.09067450898870066,-0.013864603820902415
1993-02-17,-0.06336964144123404,0.0010028281226214678,-0.015825055970238405
1993-02-18,-0.27168436498251364,0.004300545204655776,-0.015829196519765026
1993-02-19,-0.0008447168241934098,1.343502523348503e-05,-0.01590476814086621
1993-02-22,-0.1400000000000091,0.0022255163776846595,-0.015896545554889393
1993-02-23,0.04915781504017199,-0.0007831775659225642,-0.015931903508781826
1993-02-24,0.0,-0.0,-0.01591055887901567
1993-02-25,-0.0016698263714813807,2.6556864319204124e-05,-0.015903967485939446
1993-02-26,0.3191669735864642,-0.005070395500621747,-0.015886341383151124
1993-03-01,-0.37583379513685106,0.005927822750447678,-0.015772458004446356
1993-03-02,2.340000000000055,-0.035760819196505284,-0.01528240136602754
1993-03-03,0.7391535178562816,-0.010765993615632508,-0.014565301193257408
1993-03-04,-1.4508492022586037,0.02054369720704244,-0.014159774272240782
1993-03-05,-0.75,0.010888773870230468,-0.01451836516030729
1993-03-08,6.0,-0.07112334766943688,-0.01185389127823948
1993-03-09,-0.8400000000000546,0.008838298767325168,-0.010521784246814993
1993-03-10,1.0799999999999725,-0.011561428975275555,-0.01070502682895912
1993-03-11,-1.2,0.012448817554240082,-0.010374014628533402
1993-03-12,-3.089999999999918,0.0312710732086154,-0.010120088417027905
1993-03-15,1.5582298909733963,-0.016679004386344815,-0.01070381493960802
1993-03-16,-0.43999999999987266,0.004560122737941774,-0.010363915313507032
1993-03-17,-1.0400000000000547,0.0109338229938827,-0.010513291340271274
1993-03-18,1.459130992274949,-0.01548958751540866,-0.010615625051770475
1993-03-19,-0.5550000000000409,0.005710979963731637,-0.010290053988704893
1993-03-22,-1.05,0.010873358459613338,-0.010355579485346036
1993-03-23,0.7949999999999591,-0.008380421200235893,-0.010541410314762672
1993-03-24,-0.13499999999994544,0.0013999178117431383,-0.010369761568471882
1993-03-25,0.8399999999999863,-0.008699940739437226,-0.01035707230885401
1993-03-26,-0.9299999999999726,0.00942461409224718,-0.01013399364757791
1993-03-29,0.8100000000000137,-0.008334147059846322,-0.010289070444254545
1993-03-30,0.375,-0.0037914188336638987,-0.01011045022310373
1993-03-31,-0.075,0.0007521772608925173,-0.010029030145233564
1993-04-01,-0.975,0.009767011958803128,-0.010017448162875003
1993-04-02,-2.0399999999999863,0.02056714297512857,-0.010081932830945446
1993-04-05,0.10320646322876059,-0.0011021855340662245,-0.010679423551441669
1993-04-06,-0.09500000000000455,0.0010186390739025581,-0.010722516567394834
1993-04-07,0.07912676563176521,-0.0008518350329623852,-0.010765447395216399
1993-04-08,0.0,-0.0,-0.010745535141138723
1993-04-09,0.0,-0.0,-0.01074329561174324
1993-04-12,0.0,-0.0,-0.01074203076334325
1993-04-13,-0.0017687331466453686,1.9013097652614902e-05,-0.010749556929305987
1993-04-14,-0.11999999999998182,0.0012893713393619664,-0.010744761161351347
1993-04-15,0.01911747633617178,-0.00020580595645559426,-0.010765330780935405
1993-04-16,0.10500000000004092,-0.0011294296531881404,-0.010756472887501908
1993-04-19,-0.7800000000000409,0.008344694703656548,-0.010698326543148859
1993-04-20,-0.3449999999999591,0.0037461110521003088,-0.010858292904639863
1993-04-21,-0.5858815839701672,0.006389979191387972,-0.01090660530424412
1993-04-22,-1.0608912815663747,0.011631985934901874,-0.0109643524619484
1993-04-23,-0.15588851499297096,0.0017423110843611856,-0.011176648160640614
1993-04-26,-0.000894546007708365,1.0034636353553164e-05,-0.011217574352894102
1993-04-27,-0.4809023445557977,0.005430153768526521,-0.011291593459670637
1993-04-28,0.15,-0.0017115274158215246,-0.011410182772143498
1993-04-29,-0.4700000000000273,0.005372391589736753,-0.011430620403694556
1993-04-30,0.1291035593816215,-0.0014906259950114907,-0.011545971328376006
1993-05-03,-0.3700000000000273,0.004258600382427776,-0.011509730763317462
1993-05-04,-0.15589756203207308,0.001805706924071444,-0.011582650174477729
1993-05-05,-0.000896228612105492,1.0405936128412272e-05,-0.011610805533161694
1993-05-06,-0.054999999999995455,0.0006405674617751544,-0.01164668112318559
1993-05-07,-0.18500000000001365,0.002155552618551146,-0.011651635775951281
1993-05-10,0.125,-0.0014605873705385729,-0.011684698964308583
1993-05-11,0.13500000000001364,-0.001576936768761844,-0.011681013101938406
1993-05-12,-0.06000000000001364,0.0006993704490677303,-0.011656174151126188
1993-05-13,-0.5049999999999955,0.005916797017909406,-0.011716429738434573
1993-05-14,0.054999999999995455,-0.0006500138414096495,-0.011818433480176421
1993-05-17,0.057700622147127775,-0.0006841004608721627,-0.011856032663353454
1993-05-18,0.0,-0.0,-0.011849098123403472
1993-05-19,0.0,-0.0,-0.01192396314564569
1993-05-20,-0.0018458678590569915,2.2031992426913313e-05,-0.011935844875791335
1993-05-21,-1.02093218269351,0.012115723508441652,-0.01186731470887412
1993-05-24,0.7200000000000274,-0.00868427202997656,-0.01206148893052254
1993-05-25,0.26999999999995905,-0.0032143340228685787,-0.011904940825440986
1993-05-26,1.4850000000000136,-0.017390521618969906,-0.011710788969003197
1993-05-27,-0.7350000000000136,0.008375639169385019,-0.01139542744133995
1993-05-28,-0.41999999999995913,0.004845166135344584,-0.011536109846059657
1993-05-31,0.0,-0.0,-0.01174792597431071
1993-06-01,1.0949999999999591,-0.012940950837559747,-0.01181821994297738
1993-06-02,-0.10500000000004092,0.0012297632345182638,-0.011712030804931281
1993-06-03,-0.30091578849316436,0.0035645905302990953,-0.011845807586729764
1993-06-04,-0.7199999999998908,0.008590610710293359,-0.01193140376429814
1993-06-07,-1.180911351870053,0.014186847907266122,-0.012013474072207275
1993-06-08,-0.5859127960835668,0.007180444567081652,-0.012255142087829617
1993-06-09,0.13908724519109944,-0.0017213433420806197,-0.012375997092440602
1993-06-10,0.0049999999999954525,-6.222583532442924e-05,-0.012445167064897166
1993-06-11,0.1900000000000091,-0.002485179484421234,-0.013079892023269027
1993-06-14,-0.054999999999995455,0.000750748329910374,-0.0136499696347352
1993-06-15,-0.1,0.0013657918753648256,-0.013657918753648255
1993-06-16,0.13999999999998636,-0.0019153260132012905,-0.013680900094296265
1993-06-17,0.07999999999999545,-0.00109542716788217,-0.013692839598527903
1993-06-18,-0.35588441865442666,0.004862348003427816,-0.013662716737675685
1993-06-21,0.25,-0.003434272702811231,-0.013737090811244924
1993-06-22,-0.0900000000000091,0.001240209249403097,-0.013780102771144128
1993-06-23,-0.759999999999991,0.010474770735697712,-0.013782593073286626
1993-06-24,1.0282146953856746,-0.014305258063852815,-0.013912715046819122
1993-06-25,0.0,-0.0,-0.013783253586775946
1993-06-28,-0.0008897753561254129,1.225909562973873e-05,-0.013777742376594687
1993-06-29,-0.12089042816818461,0.0016814271849310031,-0.013908687481789509
1993-06-30,-0.08999999999996362,0.001256068937243666,-0.013956321524935264
1993-07-01,-0.3400000000000091,0.004750403959497281,-0.01397177635146222
1993-07-02,-0.6099999999999909,0.008765092534180419,-0.014369004154394344
1993-07-05,-0.0008891714753023618,1.2909563731907952e-05,-0.014518643580551287
1993-07-06,-0.43500000000001365,0.006308455778270649,-0.014502197191426324
1993-07-07,0.15320926721641742,-0.002237248251742893,-0.014602564795135033
1993-07-08,-0.5,0.007269802813412593,-0.014539605626825186
1993-07-09,-0.07590138885479758,0.001113095535408228,-0.014665021973940751
1993-07-12,-0.0008955266688629871,1.3144607734404635e-05,-0.014678075138838462
1993-07-13,-0.054999999999995455,0.0008072899995958773,-0.014677999992653528
1993-07-14,0.1400000000000091,-0.002061977446169755,-0.014728410329783009
1993-07-15,-0.050888026077167255,0.0007541034842747436,-0.014818878671599707
1993-07-16,-0.5600000000000364,0.008415529380226968,-0.015027731036118609
1993-07-19,-0.03999999999996362,0.0006066255379737324,-0.015165638449357102
1993-07-20,0.24910928457384826,-0.003830249049501712,-0.015375777968509391
1993-07-21,-0.0400000000000091,0.0006124089459985691,-0.015310223649960746
1993-07-22,-0.1849999999999909,0.0028456707532512476,-0.015382004071629122
1993-07-23,0.1699999999999818,-0.00262359582547757,-0.015432916620457945
1993-07-26,0.16000000000001363,-0.002462054378208496,-0.01538783986380179
1993-07-27,-0.13500000000001364,0.0021324996029843443,-0.01579629335543799
1993-07-28,0.03000000000001819,-0.00047501175083851653,-0.01583372502794095
1993-07-29,0.2349999999999909,-0.003866371994831917,-0.01645264678651943
1993-07-30,-0.23588266566257537,0.003888715600724388,-0.01648580488015641
1993-08-02,0.3199999999999818,-0.005291326016148179,-0.016535393800464
1993-08-03,-0.13000000000001818,0.002144653836493663,-0.0164973372037951
1993-08-04,0.05,-0.0008528087097751545,-0.01705617419550309
1993-08-05,-0.10999999999999091,0.0018846065420516122,-0.017132786745925162
1993-08-06,0.020000000000027284,-0.0003445884068032914,-0.017229420340141067
1993-08-09,0.3699999999999818,-0.00671226605528976,-0.018141259608892138
1993-08-10,0.0400000000000091,-0.0007208349401118718,-0.018020873502792696
1993-08-11,-0.04088003418144945,0.0010917636698840796,-0.026706525367327125
1993-08-12,-0.28500000000001363,0.0076069902918338385,-0.026691194006433244
1993-08-13,0.13500000000001364,-0.003621561090783555,-0.026826378450245845
1993-08-16,0.6740385097675248,-0.017941588141652868,-0.026618046122974345
1993-08-17,0.525,-0.013770152547767063,-0.026228861995746786
1993-08-18,0.6582462089260345,-0.017021077921389762,-0.025858224005817828
1993-08-19,0.14912370379059936,-0.0038098316778569273,-0.025548129378591092
1993-08-20,-0.15087610652587205,0.003842081119491977,-0.02546513962986672
1993-08-23,-0.6300000000000636,0.0160263225312604,-0.025438607192474257
1993-08-24,3.3950000000000955,-0.07747354588980183,-0.022819895696553655
1993-08-25,0.5599999999999681,-0.012670953688527184,-0.022626703015228403
1993-08-26,0.0691232632940799,-0.0015561256234918584,-0.022512328691303752
1993-08-27,-0.23999999999996363,0.0055119245850383,-0.02296635243766306
1993-08-30,0.8800000000001091,-0.02024655267086874,-0.02300744621689344
1993-08-31,0.9991301281483261,-0.03606246863980088,-0.0360938656775719
1993-09-01,-0.4050000000000409,0.014471495620550568,-0.03573208795197311
1993-09-02,-1.4850000000000818,0.05251580021666161,-0.03536417523007321
1993-09-03,0.4050000000000409,-0.015044277481788796,-0.03714636415256118
1993-09-06,0.0,-0.0,-0.04411452635621623
1993-09-07,-2.6550000000000407,0.10688722819577443,-0.0402588430115905
1993-09-08,-1.8026223643983075,0.07198271455656233,-0.03993222095665569
1993-09-09,0.658253484197594,-0.027431680233489658,-0.04167342960125561
1993-09-10,1.7,-0.06906921680360774,-0.04062895106094573
1993-09-13,-0.0008775137813776582,3.477621062478004e-05,-0.03963038685293684
1993-09-14,-0.9508786127477227,0.03780355115387647,-0.03975644277521059
1993-09-15,0.8100000000000818,-0.03272403076375093,-0.04040003797993534
1993-09-16,-1.0199999999998908,0.03987377401574284,-0.039091935309555986
1993-09-17,-0.8700000000000273,0.034584761104028264,-0.03975259897014618
1993-09-20,-2.101751244966867,0.07980478456082298,-0.0379706136736848
1993-09-21,-0.9017551798985011,0.035377621022466665,-0.039231957643369085
1993-09-22,0.8491174524335625,-0.033479269794068185,-0.039428314302240426
1993-09-23,0.1349999999999909,-0.005245462952731876,-0.038855281131349846
1993-09-24,0.03411974727275151,-0.0013430895675458543,-0.03936399519050552
1993-09-27,0.709999999999991,-0.02972775941591234,-0.04187008368438411
1993-09-28,-0.10176624849655179,0.004208810909195391,-0.04135763056390942
1993-09-29,-0.6,0.024694300772756524,-0.04115716795459421
1993-09-30,-0.6199999999999818,0.025595650337440663,-0.04128330699587325
1993-10-01,1.2199999999999818,-0.04957901083900579,-0.04063853347459551
1993-10-04,0.019999999999890862,-0.0007960603764678667,-0.039803018823610536
1993-10-05,-0.31999999999989087,0.012705575134860921,-0.03970492229645392
1993-10-06,0.11999999999989086,-0.00478729503782379,-0.03989412531523453
1993-10-07,-0.8599999999999455,0.033810076138948035,-0.03931404202203509
1993-10-08,0.6200000000000727,-0.024559520136006683,-0.039612129251619034
1993-10-11,0.15999999999994544,-0.006268816425588442,-0.039180102659941124
1993-10-12,0.07999999999992724,-0.0031564612742269785,-0.039455765927873115
1993-10-13,0.12000000000007276,-0.004734833875188663,-0.0394569489598816
1993-10-14,2.2799999999999274,-0.082953043975344,-0.03638291402427484
1993-10-15,0.9591227437316076,-0.033649275731196596,-0.03508338838914314
1993-10-18,-0.42675444241340615,0.01467830952672729,-0.03439521201869083
1993-10-19,-2.2049999999999046,0.07100345557443856,-0.032201113639202555
1993-10-20,0.5241212856600713,-0.01751803725784823,-0.03342363253914835
1993-10-21,-0.6600000000000817,0.021724165522651176,-0.03291540230704316
1993-10-22,-1.530000000000109,0.04940336100862687,-0.032289778437008726
1993-10-25,0.6582448389342351,-0.02167253079902566,-0.03292472575115921
1993-10-26,0.0,-0.0,-0.03261524559197957
1993-10-27,0.45999999999994545,-0.014958206921054224,-0.03251784113273043
1993-10-28,0.9400000000000546,-0.029952071946688703,-0.03186390632626273
1993-10-29,-0.0008317211398775151,2.6072518579988e-05,-0.031347668503204834
1993-11-01,0.6999999999999318,-0.021798900852249555,-0.031141286931788113
1993-11-02,-0.4758320250469065,0.014592581041054807,-0.030667505070967643
1993-11-03,-3.9,0.0999093661434834,-0.02561778619063677
1993-11-04,-2.1625247565078096,0.05613919062123929,-0.025960022169594317
1993-11-05,0.35831761802385476,-0.009635746355438629,-0.02689163432314717
1993-11-08,0.0791592792573506,-0.002115944998410035,-0.026730220616726395
1993-11-09,0.0,-0.0,-0.026687728281929602
1993-11-10,0.0,-0.0,-0.026677455688874332
1993-11-11,-0.0008297237025806939,2.2126400291490873e-05,-0.02666719080420508
1993-11-12,0.3399999999999863,-0.00905225911792027,-0.026624291523295988
1993-11-15,-0.2031722243459838,0.0054366488170109065,-0.026758819196431045
1993-11-16,0.5600000000000364,-0.015060573407763105,-0.026893881085289513
1993-11-17,-0.5408007595132688,0.014376367597494933,-0.02658348263126321
1993-11-18,-0.3,0.00822871409341004,-0.02742904697803347
1993-11-19,-0.5550000000000409,0.015328507356670277,-0.027618932174178643
1993-11-22,-0.615789457930513,0.01711013536349951,-0.027785690617376978
1993-11-23,0.44920911888706017,-0.012567967418547944,-0.027977988179950047
1993-11-24,0.1150000000000091,-0.0032364368939238808,-0.028142929512379348
1993-11-25,0.0,-0.0,-0.028085520881093153
1993-11-26,0.025,-0.0007025766374233106,-0.028103065496932426
1993-11-29,-0.175,0.004941269451776025,-0.028235825438720146
1993-11-30,0.04500000000000455,-0.0012938866078566877,-0.028753035730145707
1993-12-01,0.10499999999999546,-0.0030273324730671937,-0.028831737838736424
1993-12-02,0.05999999999999091,-0.0017267434335301354,-0.028779057225506617
1993-12-03,0.18422990102286999,-0.005292938885139466,-0.028730075062475387
1993-12-06,0.3599999999999909,-0.01029823503216349,-0.028606208422677085
1993-12-07,-0.10153614803964121,0.0028869392261698223,-0.02843262504938358
1993-12-08,-0.3,0.00853224748583211,-0.028440824952773704
1993-12-09,-0.6,0.017071317663996558,-0.02845219610666093
1993-12-10,-0.2,0.005739166637369036,-0.02869583318684518
1993-12-13,1.039252227252439,-0.029580624110135297,-0.028463373312501965
1993-12-14,-1.1549999999999727,0.031879802758547106,-0.027601560829911567
1993-12-15,0.10424630794634664,-0.002928055490703511,-0.028087857962418382
1993-12-16,0.15,-0.004230997637189057,-0.028206650914593717
1993-12-17,0.43999999999996364,-0.012498580864031456,-0.02840586560007384
1993-12-20,0.09000000000005456,-0.002538004537013608,-0.028200050411245216
1993-12-21,-0.12074186792851066,0.0033983201992145756,-0.028145333988262192
1993-12-22,0.5699999999999591,-0.016010593893087094,-0.028088761215944284
1993-12-23,-0.04574308120525785,0.0012731177353076898,-0.027831919096026125
1993-12-24,0.0,-0.0,-0.0278775726339159
1993-12-27,1.2400000000000546,-0.03410625830474596,-0.027505047019955205
1993-12-28,0.09851387612545669,-0.002655832051183618,-0.026958964113861845
1993-12-29,-0.15,0.004043475031743073,-0.02695650021162049
1993-12-30,-1.1400000000000545,0.030359790374619257,-0.026631395065454214
1993-12-31,-1.6800000000001092,0.0442817676573449,-0.026358195034132156
1994-01-03,-0.6014513578772386,0.016201737551689663,-0.026937735428633914
1994-01-04,0.6192828445854774,-0.01676003608182312,-0.027063620812944694
1994-01-05,0.16499999999998635,-0.004420930927260772,-0.02679352077127962
1994-01-06,-0.05999999999994543,0.0016032331611713995,-0.026720552686214295
1994-01-07,1.0199999999999592,-0.026972388370631824,-0.026443518010424414
1994-01-10,1.424277170055971,-0.03640668435118154,-0.0255615164776887
1994-01-11,-0.26144457702900903,0.006528350750741271,-0.02497030470062841
1994-01-12,-0.6900000000001909,0.01722088387093063,-0.02495780271148676
1994-01-13,-0.35999999999980903,0.009067359501785506,-0.02518710972719532
1994-01-14,0.6299999999999727,-0.01589199198113324,-0.025225384097037982
1994-01-17,-0.6600000000000817,0.016411414971657563,-0.024865780260084135
1994-01-18,0.5100000000000818,-0.012777530707785395,-0.025053981779967344
1994-01-19,-0.15,0.003726768426481389,-0.02484512284320926
1994-01-20,0.6899999999999182,-0.017094462958225556,-0.024774583997431276
1994-01-21,-1.0199999999998908,0.02474222893219968,-0.024257087188433658
1994-01-24,-0.5700000000000273,0.014006135058854018,-0.024572166769918156
1994-01-25,-0.6307122600271564,0.015583390566324453,-0.024707606866011266
1994-01-26,1.1499999999999773,-0.028311344980874485,-0.02461856085293482
1994-01-27,1.8249999999999318,-0.04272847630437607,-0.023412863728426117
1994-01-28,0.5743243068889092,-0.013021421899469778,-0.022672594113256804
1994-01-31,1.7993228988263101,-0.039203184192730646,-0.021787742610457912
1994-02-01,-1.2606786385760742,0.026309163206394134,-0.020869048147044128
1994-02-02,1.919999999999891,-0.03956898204602823,-0.020608844815640875
1994-02-03,-1.6799999999999273,0.03271882157258721,-0.01947548903130275
1994-02-04,-9.000000000000181,0.10639420656284203,-0.011821578506982209
1994-02-07,2.4756174859173585,-0.03254725975573961,-0.013147127914908461
1994-02-08,-0.030725002319364914,0.00039043233045318355,-0.01270731654939884
1994-02-09,0.13999999999998636,-0.001781405951979825,-0.012724328228428563
1994-02-10,-0.38500000000001366,0.004893786745063424,-0.01271113440276169
1994-02-11,0.05500000000001819,-0.0007028931203586473,-0.012779874915607543
1994-02-14,0.12999999999999545,-0.001659466226095388,-0.012765124816118816
1994-02-15,0.2283149863748078,-0.0029127598027860286,-0.01275763737210122
1994-02-16,-0.04500000000000455,0.0006064816248506897,-0.013477369441125075
1994-02-17,-0.275,0.0037119812699305476,-0.013498113708838353
1994-02-18,-0.225,0.0030475409920961705,-0.013544626631538536
1994-02-21,-0.0007315569290050409,9.940754539352243e-06,-0.013588490717834134
1994-02-22,0.0,-0.0,-0.013638962491776424
1994-02-23,-0.0007378615703653669,1.0113081440960346e-05,-0.013705933263271389
1994-02-24,-0.7549999999999955,0.010322029302227026,-0.013671561989704753
1994-02-25,0.27348088691131023,-0.003821926413574935,-0.013975113422878377
1994-02-28,0.009999999999990905,-0.00013926670571660305,-0.013926670571672971
1994-03-01,0.225,-0.003131026268949969,-0.013915672306444306
1994-03-02,-0.07000000000000454,0.001008532616273592,-0.014407608803907523
1994-03-03,0.1800000000000182,-0.002642289468919637,-0.014679385938440944
1994-03-04,-0.17000000000000454,0.002493715015101457,-0.014668911853537591
1994-03-07,-0.26000000000001366,0.0038841511128618346,-0.014939042741775502
1994-03-08,0.175,-0.00262281593981441,-0.014987519656082344
1994-03-09,-0.18499999999996816,0.0027785306903965043,-0.015019084812956662
1994-03-10,0.32925093875389255,-0.004972313044038312,-0.015101894812682677
1994-03-11,0.0,-0.0,-0.015115344186152582
1994-03-14,0.0,-0.0,-0.015176861126200576
1994-03-15,0.0,-0.0,-0.015575146701779284
1994-03-16,0.0,-0.0,-0.015646037035886788
1994-03-17,-0.0007315196085251036,1.1491310526085144e-05,-0.015708820914936274
1994-03-18,-0.13500000000001364,0.002119925111769282,-0.01570314897606717
1994-03-21,-0.07999999999997272,0.0012582224811169861,-0.01572778101396769
1994-03-22,0.10999999999999091,-0.0017366289197793745,-0.015787535634359254
1994-03-23,0.01999999999998181,-0.00031514681181936486,-0.015757340590982574
1994-03-24,-0.5599999999999681,0.008820758517617986,-0.015751354495747303
1994-03-25,-0.51575362885651,0.008193100528552965,-0.015885686634368602
1994-03-28,-0.0015086975734622215,2.4358143519823544e-05,-0.016145146614059615
1994-03-29,1.940000000000009,-0.030600794422220922,-0.015773605372278753
1994-03-30,1.0991960174659434,-0.016737189999732154,-0.015226756405393112
1994-03-31,-0.1808028216767538,0.0027070092267619545,-0.014972162500879823
1994-04-01,-0.0008016694194155485,1.2084357501238853e-05,-0.01507399086028362
1994-04-04,3.75,-0.052214498195970044,-0.013923866185592012
1994-04-05,-4.7000000000000455,0.055001699065877936,-0.01170248916295264
1994-04-06,0.6991445145264011,-0.008768095157839708,-0.012541177075213406
1994-04-07,-1.3,0.015996850822306015,-0.01230526986331232
1994-04-08,1.2991408249424243,-0.01657537078625129,-0.012758717506230227
1994-04-11,-0.9600000000000137,0.012010796551504473,-0.01251124640781698
1994-04-12,0.7350000000000136,-0.009307508060641352,-0.012663276272981196
1994-04-13,0.5699999999999591,-0.007302075887912357,-0.012810659452478739
1994-04-14,0.04500000000002728,-0.0005721732682805471,-0.012714961517337784
1994-04-15,0.06000000000001364,-0.0007637819523476424,-0.012729699205791147
1994-04-18,1.0049999999999726,-0.012864511604855503,-0.012800509059558063
1994-04-19,-0.21086798409319304,0.0026627878367330984,-0.01262774834304045
1994-04-20,0.16000000000012732,-0.0020259270179199406,-0.012662043861989554
1994-04-21,-2.6600000000001276,0.03244001695399842,-0.012195495095487542
1994-04-22,0.5391156984437143,-0.006859169303065893,-0.012723000504096832
1994-04-25,-1.2450000000000274,0.015588671767814383,-0.012521021500252241
1994-04-26,0.11911242457921788,-0.0015218610141067026,-0.012776677323821591
1994-04-27,0.0,-0.0,-0.012764251906469373
1994-04-28,0.5400000000000091,-0.007441646351329117,-0.01378082657653517
1994-04-29,-0.26000000000003637,0.00364369641823391,-0.014014216993205385
1994-05-02,-0.5,0.007026501784332457,-0.014053003568664913
1994-05-03,0.17911733433743374,-0.0025342058310937688,-0.01414830027740171
1994-05-04,0.0900000000000091,-0.001269520879178143,-0.014105787546422385
1994-05-05,0.05,-0.0007040994216141628,-0.014081988432283254
1994-05-06,0.3949999999999818,-0.005551541095598022,-0.014054534419236145
1994-05-09,0.4591054557414459,-0.006409725521470623,-0.013961335987870256
1994-05-10,-0.7508991304564124,0.010379530145416187,-0.0138228021906315
1994-05-11,1.3799999999999726,-0.01911301941342247,-0.013850014067697716
1994-05-12,-0.5850000000000137,0.00793427706531199,-0.013562866778310775
1994-05-13,-0.31499999999998635,0.004307675702473175,-0.013675160960232892
1994-05-16,-0.029999999999972715,0.00041269661262196097,-0.013756553754077878
1994-05-17,-1.9211200210142925,0.02596282200431957,-0.01351441956792059
1994-05-18,-1.0359216351138085,0.014322509186609027,-0.013825861630002087
1994-05-19,-0.4509229679726148,0.0063178389621143085,-0.014010905211858715
1994-05-20,0.15408253496780144,-0.002171453135729309,-0.014092792127174417
1994-05-23,0.0,-0.0,-0.014057364272278718
1994-05-24,0.0,-0.0,-0.014054512142798441
1994-05-25,0.0,-0.0,-0.014049529921462037
1994-05-26,0.0,-0.0,-0.014045222238821143
1994-05-27,-0.0009159403240369677,1.2860135896538802e-05,-0.014040364376423897
1994-05-30,0.0,-0.0,-0.01403795085135441
1994-05-31,-0.03000000000001819,0.0004212727636734066,-0.014042425455771706
1994-06-01,0.15,-0.0021063438235231677,-0.01404229215682112
1994-06-02,-0.009999999999968168,0.00014014402205553,-0.01401440220559761
1994-06-03,0.25499999999999545,-0.0035784814834947214,-0.014033260719587394
1994-06-06,-0.07999999999999545,0.0011184395213953836,-0.013980494017443092
1994-06-07,-0.13000000000001818,0.0018292011816414607,-0.01407077832031696
1994-06-08,-0.07999999999999545,0.0011353794051976558,-0.014192242564971504
1994-06-09,0.08500000000001365,-0.0012072790103463788,-0.014203282474661
1994-06-10,0.075,-0.001063687127882929,-0.014182495038439056
1994-06-13,0.06999999999998181,-0.000992379342296226,-0.014176847747092625
1994-06-14,0.2899999999999864,-0.004104067225546378,-0.014151955950160588
1994-06-15,-0.2209028392346539,0.0031117551385543975,-0.014086533017572208
1994-06-16,0.23999999999996363,-0.0033949757613178184,-0.014145732338826386
1994-06-17,-0.6699999999999363,0.009419459984051397,-0.014058895498585511
1994-06-20,-0.6109078380766723,0.00864940260155644,-0.014158277341452107
1994-06-21,-0.42591385689480016,0.006124212556078156,-0.01437899344418565
1994-06-22,-0.0018302832829094535,2.6464895501045095e-05,-0.014459453215884696
1994-06-23,0.75,-0.010809301032921343,-0.014412401377228457
1994-06-24,1.7090699169861248,-0.02415661889891383,-0.014134365515901798
1994-06-27,-2.1459477655617705,0.029318682500153393,-0.013662346759161816
1994-06-28,0.8790538357070955,-0.01234637024709144,-0.014045067259345085
1994-06-29,-0.525,0.007285423505542864,-0.013876997153414977
1994-06-30,1.125,-0.015618373580458676,-0.013882998738185489
1994-07-01,-0.43499999999994543,0.005936607033746693,-0.013647372491373419
1994-07-04,0.0,-0.0,-0.013801834282325577
1994-07-05,-0.16500000000005458,0.0023008225221556244,-0.013944378922150688
1994-07-06,0.075,-0.0010482257543008087,-0.01397634339067745
1994-07-07,-0.7799999999999726,0.010878460517301708,-0.013946744252951396
1994-07-08,-0.15094966094621948,0.0021287469772962864,-0.014102363423358194
1994-07-11,0.5400000000000091,-0.007632774727140826,-0.014134768013223513
1994-07-12,-0.3099999999999909,0.004355338071226105,-0.01404947764911688
1994-07-13,-0.1600000000000364,0.0022596668044368743,-0.014122917527727251
1994-07-14,-0.8699999999999818,0.012261520897836222,-0.01409370218142124
1994-07-15,-0.18094064348331182,0.0025860823811895478,-0.014292434974279632
1994-07-18,-0.07094059017818938,0.001021726206875827,-0.014402561415255264
1994-07-19,0.0,-0.0,-0.014436592120517483
1994-07-20,0.0,-0.0,-0.014462430518184929
1994-07-21,0.0,-0.0,-0.014561333521803315
1994-07-22,0.0,-0.0,-0.014824951359794473
1994-07-25,0.0,-0.0,-0.014846778325488058
1994-07-26,0.0,-0.0,-0.015113286330753296
1994-07-27,0.0,-0.0,-0.015244931544663887
1994-07-28,0.0,-0.0,-0.015567066684546759
1994-07-29,0.0,-0.0,-0.015821890600034378
1994-08-01,-0.0009339910035064168,2.842246254932816e-05,-0.030431195207045576
1994-08-02,-0.015932264226613636,0.0005211020321439314,-0.03270734308269066
1994-08-03,0.1,-0.0032699091624323467,-0.03269909162432347
1994-08-04,-0.6209350409743023,0.020178460374599846,-0.032496894269226695
1994-08-05,-0.2859352821347356,0.009375125378326568,-0.03278757804330321
1994-08-08,0.11000000000003637,-0.0036189129065078616,-0.03289920824096968
1994-08-09,0.10999999999999091,-0.0036124556892159977,-0.03284050626560269
1994-08-10,0.5200000000000273,-0.017000217894341748,-0.03269272671988626
1994-08-11,-0.5400000000000545,0.017461861150972677,-0.032336779909205395
1994-08-12,0.85,-0.027463052285086127,-0.032309473276571916
1994-08-15,-0.11999999999993634,0.0038328223547574695,-0.031940186289662525
1994-08-16,0.6591349127613054,-0.020970134003166656,-0.031814630961234845
1994-08-17,-0.10094609024131752,0.0031810916302664697,-0.03151277699474922
1994-08-18,-0.4950000000000273,0.015569231680311817,-0.03145299329355749
1994-08-19,0.13499999999994544,-0.004301965917502182,-0.03186641420373275
1994-08-22,-0.2549999999999045,0.008108980102218784,-0.03179992196949733
1994-08-23,0.7199999999999591,-0.02282540981600001,-0.03170195807777959
1994-08-24,1.3649999999999862,-0.04192329666427181,-0.030713037849283687
1994-08-25,-0.4059485088741988,0.0122058665553806,-0.030067524054296083
1994-08-26,2.7600000000001277,-0.0766377118732147,-0.027767286910583753
1994-08-29,-0.12096248012552993,0.0032285107256901876,-0.0266901829587139
1994-08-30,0.5740372411264809,-0.015299627916520725,-0.026652674809907795
1994-08-31,-1.2299999999998363,0.03199034983001938,-0.026008414495954174
1994-09-01,-0.1799999999999727,0.004764219408705172,-0.02646788560392164
1994-09-02,-1.35,0.0351759984681532,-0.026056295161594956
1994-09-05,-0.000961548317960619,2.5530510787184597e-05,-0.026551459048187134
1994-09-06,-0.07500000000015916,0.001990562287236832,-0.02654083049643477
1994-09-07,-0.375961687009994,0.009970728488084344,-0.026520597264527376
1994-09-08,0.9,-0.023787020930725822,-0.026430023256362022
1994-09-09,-1.9799999999999272,0.049659023394423844,-0.02508031484566953
1994-09-12,-0.9609691305001844,0.024549457494890636,-0.025546562023394698
1994-09-13,0.47806163580757594,-0.012343333971272028,-0.02581954511037219
1994-09-14,0.15499999999999545,-0.003974144823568532,-0.02563964402302354
1994-09-15,0.4850000000000137,-0.012376129147205048,-0.025517792056092163
1994-09-16,-0.31195359672742023,0.007921273001779493,-0.025392472101230388
1994-09-19,0.0,-0.0,-0.025559028492549124
1994-09-20,-2.5799999999999725,0.06189459063507901,-0.023990151408945608
1994-09-21,-0.0929767420421397,0.00239116506260851,-0.025717883957740384
1994-09-22,0.0,-0.0,-0.026039354730712158
1994-09-23,-0.0009921174040926652,2.5833066364910493e-05,-0.026038315887156483
1994-09-26,-0.12000000000000455,0.003123101057967711,-0.026025842149729937
1994-09-27,-0.07999999999999545,0.0024102386515549327,-0.03012798314443837
1994-09-28,-0.25,0.009980071669010084,-0.039920286676040334
1994-09-29,0.24500000000000455,-0.009871612021780692,-0.04029229396645106
1994-09-30,0.075,-0.0030881152247945417,-0.04117486966392722
1994-10-03,0.0,-0.0,-0.04220107124511247
1994-10-04,0.8200000000000045,-0.03472752881468591,-0.042350644895958196
1994-10-05,0.0789867157938227,-0.0033355290993818515,-0.04222898832872746
1994-10-06,0.06899118110673913,-0.0029240906413570003,-0.042383542279599735
1994-10-07,-0.825,0.03455000304226343,-0.04187879156637992
1994-10-10,-1.2,0.04967316286034314,-0.04139430238361928
1994-10-11,-2.026026832817267,0.08130982858023314,-0.040132651386047415
1994-10-12,-0.05204990783986534,0.002144702479063643,-0.041204731536930835
1994-10-13,-0.0010245117170538753,4.2243643119176717e-05,-0.04123295265051154
1994-10-14,0.20999999999999092,-0.009650926965662342,-0.04595679507458457
1994-10-17,-0.12098415551909993,0.005568377047730956,-0.04602567190587092
1994-10-18,-0.3099999999999909,0.014634318097913088,-0.047207477735204895
1994-10-19,0.4800000000000182,-0.022658546404011416,-0.047205305008355326
1994-10-20,-0.7,0.03256370421546957,-0.04651957745067082
1994-10-21,-0.33000000000001817,0.01553020774075887,-0.04706123557805459
1994-10-24,-0.7209893879565182,0.033805256366023995,-0.04688731475207613
1994-10-25,0.024012381649729273,-0.0011404010122090474,-0.04749220751378091
1994-10-26,0.0,-0.0,-0.047486633237181754
1994-10-27,0.0,-0.0,-0.04747635972579279
1994-10-28,0.0,-0.0,-0.04746167437860564
1994-10-31,-0.0020374397403388005,9.691786828449725e-05,-0.047568458769917304
1994-11-01,-0.6599999999999909,0.031267755292573425,-0.047375386806930084
1994-11-02,-0.4600000000000364,0.02209370181242414,-0.04802978654874433
1994-11-03,0.38899844945184125,-0.01935011880886892,-0.04974343428909862
1994-11-04,-0.6399999999999864,0.0316356375133615,-0.0494306836146284
1994-11-07,0.20898675295786123,-0.01041840026379888,-0.04985196485587572
1994-11-08,0.0,-0.0,-0.049707538954625215
1994-11-09,0.0,-0.0,-0.05306061463653671
1994-11-10,0.0,-0.0,-0.05410923145551851
1994-11-11,0.0,-0.0,-0.05429729974022764
1994-11-14,0.0,-0.0,-0.05430258420394936
1994-11-15,-0.0013174634700039124,7.151667119017212e-05,-0.05428360847831306
1994-11-16,0.0,-0.0,-0.05426552694706526
1994-11-17,0.0,-0.0,-0.05424657918482755
1994-11-18,0.0,-0.0,-0.054227644649859554
1994-11-21,0.0,-0.0,-0.0542087241846004
1994-11-22,-0.0010554212303235213,5.7193081140008774e-05,-0.05418981492581613
1994-11-23,-0.3421124278912098,0.018492347261179203,-0.05405342148827076
1994-11-24,0.0,-0.0,-0.054284850425965064
1994-11-25,-0.9300000000000409,0.04966013452589724,-0.05339799411386565
1994-11-28,-0.3899999999999863,0.021021193670534035,-0.0539004965911148
1994-11-29,-0.3899999999999863,0.02105645246126029,-0.05399090374682315
1994-11-30,0.6889394616690926,-0.03704599551579655,-0.053772497551592226
1994-12-01,0.990000000000009,-0.051854465852070084,-0.05237824833542385
1994-12-02,-0.9810582981386444,0.049897960987593096,-0.05086136173789486
1994-12-05,-0.046057680306941524,0.0023700103737212394,-0.05145744114611969
1994-12-06,0.0400000000000091,-0.0020588483347899057,-0.051471208369735934
1994-12-07,0.35,-0.017987769069492142,-0.051393625912834695
1994-12-08,1.2299999999999727,-0.061341324368538626,-0.049870995421577226
1994-12-09,-0.391033876498063,0.019171829799599298,-0.04902856491947512
1994-12-12,-0.675,0.0332384707346273,-0.04924217886611452
1994-12-13,-0.26999999999995905,0.013470265856312155,-0.04988987354190444
1994-12-14,-1.1850000000000136,0.058068637305931266,-0.049003069456481516
1994-12-15,-0.16599195185888319,0.008244343631248008,-0.04966712867053262
1994-12-16,-0.6309916492369669,0.031478203778472706,-0.049886878560973104
1994-12-19,-0.015988476505525814,0.0008451283677747192,-0.0528585927172381
1994-12-20,0.0,-0.0,-0.057571845398114774
1994-12-21,0.0,-0.0,-0.058427800722683235
1994-12-22,0.0,-0.0,-0.058726370724608644
1994-12-23,0.0,-0.0,-0.06021520651891773
1994-12-26,0.0,-0.0,-0.06042662638084088
1994-12-27,0.0,-0.0,-0.060405731643886094
1994-12-28,-0.0009920026896587603,5.993520497316386e-05,-0.060418389584992974
1994-12-29,0.029999999999995454,-0.0018121213343495006,-0.06040404447832584
1994-12-30,-0.325,0.01982088930551649,-0.060987351709281504
1995-01-02,-0.0009755932829222254,5.973538238280833e-05,-0.06122980080785412
1995-01-03,0.0,-0.0,-0.06157971698832793
1995-01-04,0.0,-0.0,-0.06168146102431654
1995-01-05,0.0,-0.0,-0.06169301961132064
1995-01-06,0.0,-0.0,-0.06265829547535512
1995-01-09,0.0,-0.0,-0.06268006692310035
1995-01-10,0.0,-0.0,-0.06266513742625934
1995-01-11,0.0,-0.0,-0.06264355074976118
1995-01-12,0.0,-0.0,-0.0626219789403536
1995-01-13,0.0,-0.0,-0.06260042198268305
1995-01-16,-0.0009691116114644701,6.064591790140816e-05,-0.06257887861828759
1995-01-17,0.02307033094433483,-0.0014432190573885274,-0.06255736256540029
1995-01-18,-0.2550000000000409,0.015920403634316987,-0.06243295542868405
1995-01-19,-0.7649999999999864,0.047303784679725534,-0.0618350126532371
1995-01-20,-0.3899999999999863,0.02424747683668501,-0.062173017529963744
1995-01-23,0.23904039529356114,-0.014906628282759364,-0.062360289625746336
1995-01-24,0.05,-0.0031081306857219312,-0.06216261371443862
1995-01-25,0.3099999999999909,-0.019214324246460555,-0.06198169111761651
1995-01-26,0.25,-0.015417378110259986,-0.06166951244103994
1995-01-27,0.0800000000000182,-0.004956368253658021,-0.06195460317071117
1995-01-30,-0.3209420270243586,0.01984956647055658,-0.06184782546116982
1995-01-31,0.675,-0.04150611980881755,-0.06149054786491488
1995-02-01,-0.08999999999998635,0.005489036621832452,-0.0609892957981476
1995-02-02,0.825,-0.04992885032538711,-0.060519818576226805
1995-02-03,1.9190422134598353,-0.10749936392071958,-0.05601719606100239
1995-02-06,0.679041381434798,-0.037344419316123846,-0.05499579309469475
1995-02-07,0.12404142969814688,-0.0067629472129767595,-0.054521680614568045
1995-02-08,-0.39095811914582707,0.021392019542198208,-0.05471690826868083
1995-02-09,0.20999999999996816,-0.011534228976307,-0.05492489988718451
1995-02-10,0.7,-0.03815466027841224,-0.054506657540588914
1995-02-13,-0.20999999999996816,0.011338627346277922,-0.053993463553712574
1995-02-14,0.24499999999993632,-0.013259499112938873,-0.05412040454262171
1995-02-15,2.168732443039723,-0.10825382902251655,-0.04991571430120103
1995-02-16,-0.3509581805048541,0.01758782818861823,-0.050113743362009966
1995-02-17,-1.4800000000001092,0.0717991235055846,-0.04851292128755358
1995-02-20,0.0,-0.0,-0.05711960523217634
1995-02-21,-0.03999999999996362,0.0022846152591052544,-0.05711538147768331
1995-02-22,2.159042893699037,-0.11327236049616309,-0.05246415475428385
1995-02-23,1.1199999999999362,-0.05744457486323566,-0.05128979898503477
1995-02-24,-0.0009534889755283235,4.821848111793496e-05,-0.050570570143422304
1995-02-27,-3.0009551139554222,0.13354547573461242,-0.04450099073910913
1995-02-28,3.2380946744989685,-0.1273824103413556,-0.03933869239356491
1995-03-01,-1.6800000000000637,0.060964216031240526,-0.036288223828117985
1995-03-02,0.20905121136471536,-0.0077592856328836095,-0.03711667386297317
1995-03-03,-0.3599999999999454,0.013446966370873982,-0.037352684363544504
1995-03-06,0.20999999999994542,-0.008322213271289973,-0.03962958700615303
1995-03-07,-2.369999999999891,0.08764714142965015,-0.03698191621504396
1995-03-08,0.718179544966438,-0.02724415778861933,-0.03793502332330073
1995-03-09,-0.01999999999998181,0.0007519596285184654,-0.037597981425957466
1995-03-10,3.119999999999982,-0.10388668352545785,-0.033297013950467455
1995-03-13,-0.45999999999994545,0.014696335729677412,-0.03194855593408512
1995-03-14,1.3390719062648104,-0.04211426563768261,-0.03145033917943629
1995-03-15,-0.6509288040122216,0.021703367030349485,-0.03334215185527723
1995-03-16,2.0700000000000274,-0.06600049493678507,-0.03188429707091024
1995-03-17,0.12000000000002728,-0.003721292382850737,-0.031010769857082426
1995-03-20,0.23907251384310702,-0.007394346345529628,-0.030929303526637187
1995-03-21,-0.5599999999999681,0.017197274401059053,-0.03070941857332149
1995-03-22,0.0,-0.0,-0.03093206459465922
1995-03-23,0.0,-0.0,-0.030944779610801727
1995-03-24,4.234999999999968,-0.10787261600644941,-0.025471692091251528
1995-03-27,1.5050000000000638,-0.03537104255870225,-0.023502353859601827
1995-03-28,-0.10686737750619145,0.002457182003478148,-0.022992816524722796
1995-03-29,-0.8550000000000408,0.019671354159355194,-0.023007431765326613
1995-03-30,-0.04499999999995907,0.001047768067957138,-0.023283734843513135
1995-03-31,-1.8,0.04065324929654222,-0.02258513849807901
1995-04-03,0.1790681083574092,-0.004171685550544727,-0.023296641645525695
1995-04-04,2.5600000000000365,-0.05673774211143913,-0.022163180512280594
1995-04-05,0.8799999999999273,-0.019383820297017063,-0.02202706851933939
1995-04-06,0.5590663054913522,-0.012119577868712776,-0.021678247731386928
1995-04-07,-0.8550000000000408,0.018254211221022377,-0.021349954644469597
1995-04-10,0.9449999999999591,-0.020264704360785906,-0.021444131598716172
1995-04-11,-1.5299999999998364,0.031677107609263164,-0.02070399190148141
1995-04-12,1.7549999999998365,-0.03617918937887581,-0.02061492272300808
1995-04-13,1.980000000000041,-0.0385369507412359,-0.019463106434967223
1995-04-14,-0.0009280804356004397,1.7601421319772073e-05,-0.018965404984950997
1995-04-17,-3.75,0.0635972904208645,-0.016959277445563865
1995-04-18,-0.6509336413622383,0.011674191567958087,-0.017934534069443665
1995-04-19,-0.9900000000001228,0.017783827868353357,-0.01796346249328399
1995-04-20,0.5840704893341493,-0.010609380091797111,-0.018164554254216803
1995-04-21,2.4,-0.04143439341014344,-0.017264330587559766
1995-04-24,3.760000000000036,-0.05690556912551637,-0.015134459873807399
1995-04-25,-1.2809310989053193,0.018115735276637738,-0.014142630538144792
1995-04-26,0.7199999999999591,-0.010376424356012583,-0.014411700494462738
1995-04-27,0.9890698998728059,-0.01402371203218767,-0.014178686495252878
1995-04-28,1.4500000000000455,-0.019988742381825086,-0.013785339573672041
1995-05-01,-1.4500000000000455,0.01932138437455305,-0.013325092672105134
1995-05-02,1.3499999999999093,-0.01819746424337726,-0.01347960314324332
1995-05-03,5.949065295110576,-0.0643517782775429,-0.010817124217888887
1995-05-04,0.44000000000010003,-0.004301190271753172,-0.009775432435800441
1995-05-05,-1.8150000000001,0.017308994737251997,-0.009536636218871098
1995-05-08,4.34500000000005,-0.03907634453496455,-0.008993404956263313
1995-05-09,-0.93500000000015,0.0077451322439172155,-0.008283563897236335
1995-05-10,1.0450000000000501,-0.0087607904153747,-0.00838353149796582
1995-05-11,1.375,-0.011206955568877741,-0.008150513141001993
1995-05-12,0.66000000000015,-0.005229170284660085,-0.007922985279786207
1995-05-15,2.91499999999985,-0.021960145840374964,-0.007533497715394887
1995-05-16,-0.43999999999984996,0.0031234172611019732,-0.0070986755934159965
1995-05-17,-1.8747886682590262,0.013224282629762182,-0.007053745765405425
1995-05-18,-9.570000000000052,0.05046720258477567,-0.005273479893915924
1995-05-19,1.370294314766663,-0.008533356845412138,-0.006227389804842925
1995-05-22,2.9690539030374032,-0.017638005246671223,-0.005940614695013513
1995-05-23,2.3500000000000227,-0.01304652312350756,-0.005551711967449972
1995-05-24,-0.27595167370276197,0.001467685235287968,-0.005318631395107491
1995-05-25,0.2690552455192106,-0.0014395628381280014,-0.005350435875539235
1995-05-26,-4.234999999999968,0.02147343083637266,-0.005070467729958163
1995-05-29,-0.0009541706424705557,5.231414071906516e-06,-0.005482681859044883
1995-05-30,-0.20999999999994542,0.0011508635400425027,-0.005480302571632389
1995-05-31,5.909041832722738,-0.029601091968213384,-0.005009457168553153
1995-06-01,0.20000000000004547,-0.0009000941015210374,-0.004500470507604164
1995-06-02,-0.8000000000000682,0.0035934066754831563,-0.004491758344353562
1995-06-05,2.25,-0.010131225266389229,-0.004502766785061879
1995-06-06,-0.650964672943731,0.002805789883983039,-0.0043102029965696315
1995-06-07,-1.2599999999999454,0.005477890448418548,-0.004347532101919671
1995-06-08,-0.9600000000000818,0.00427988384959587,-0.0044582123433286516
1995-06-09,-1.7700000000000273,0.007970221619814354,-0.004502950067691656
1995-06-12,2.0990298694601095,-0.009664453792067935,-0.004604247863587442
1995-06-13,2.0,-0.008769384854012968,-0.004384692427006484
1995-06-14,-0.09999999999990905,0.0004218360036896572,-0.004218360036900409
1995-06-15,1.0990491392574286,-0.004630016981853377,-0.004212747925885865
1995-06-16,0.6600000000000817,-0.002717060460324186,-0.004116758273217954
1995-06-19,3.4490456394475713,-0.013613012404045473,-0.003946892510887693
1995-06-20,-0.2450000000000955,0.0008992449482133389,-0.0036703875437264833
1995-06-21,-0.2459414174241375,0.0009070676747821939,-0.0036881452676102667
1995-06-22,5.119999999999891,-0.01786841885889188,-0.0034899255583773947
1995-06-23,-0.3600000000000364,0.0011176012223106536,-0.0031044478397515016
1995-06-26,-5.359999999999855,0.015772745088703268,-0.0029426763225193463
1995-06-27,-0.8409672832706578,0.002786775175355134,-0.003313773592376762
1995-06-28,1.5740329068734429,-0.005279834124660648,-0.0033543352884204745
1995-06-29,-0.5699999999998908,0.001847447649678202,-0.003241136227506238
1995-06-30,-0.7800000000001092,0.0025550288550459247,-0.0032756780192891885
1995-07-03,1.4399999999999182,-0.004773081034572831,-0.003314639607342432
1995-07-04,0.0,-0.0,-0.0032137282086695594
1995-07-05,1.4700000000000273,-0.00470161177211642,-0.0031983753551811786
1995-07-06,3.509034524372089,-0.010595200998637729,-0.003019406313915833
1995-07-07,1.5399999999998726,-0.004264707533775876,-0.002769290606348201
1995-07-10,0.8050000000002228,-0.002142838708784714,-0.00266191143948338
1995-07-11,-2.415937068543055,0.006226474702718623,-0.0025772503695526867
1995-07-12,5.080000000000109,-0.013224854310389137,-0.002603317777635601
1995-07-13,-0.08000000000010914,0.00018270376025875668,-0.002283797003231343
1995-07-14,-1.0,0.002286285431855998,-0.002286285431855998
1995-07-17,2.160000000000218,-0.005029587602753123,-0.0023285127790521366
1995-07-18,-3.6400000000001453,0.007793123665358247,-0.002140968039933499
1995-07-19,-5.6,0.01250938351347793,-0.0022338184845496303
1995-07-20,1.8771290145625088,-0.00476662803354214,-0.002539318286896263
1995-07-21,-0.44999999999993173,0.0010939073862617599,-0.0024309053028042796
1995-07-24,2.5249999999999773,-0.006134044690726853,-0.0024293246299908547
1995-07-25,1.4499999999999318,-0.003303943767945744,-0.0022785819089282066
1995-07-26,0.37404239509398995,-0.0008220011475873444,-0.0021976149184393676
1995-07-27,2.1,-0.0045357527591982465,-0.0021598822662848793
1995-07-28,-1.9509613499309202,0.0039635147328055745,-0.0020315700938647067
1995-07-31,-0.8049999999999046,0.0017306190402095818,-0.0021498373170307913
1995-08-01,-1.225,0.002682915600887485,-0.0021901351843979467
1995-08-02,-1.4359105500817266,0.0032304845755995243,-0.002249781210546616
1995-08-03,0.6600000000000817,-0.0015360933271330057,-0.0023274141320194174
1995-08-04,0.08999999999991815,-0.00020612627680347548,-0.002290291964485144
1995-08-07,0.38999999999991813,-0.00089148140677422,-0.002285849760960018
1995-08-08,0.36000000000008187,-0.0008147569671462443,-0.0022632137976279416
1995-08-09,0.029999999999972715,-6.728388133377887e-05,-0.0022427960444613352
1995-08-10,-2.0400000000000547,0.004574546019427241,-0.0022424245193270187
1995-08-11,-0.7799999999998363,0.0018350112755368803,-0.0023525785583811097
1995-08-14,2.6990998707416276,-0.006409718392629198,-0.002374761475894558
1995-08-15,-0.8250000000001592,0.001834576985609027,-0.0022237296795256643
1995-08-16,0.27137515245592686,-0.0006154331161372256,-0.0022678314892413593
1995-08-17,0.0,-0.0,-0.0022696899334066745
1995-08-18,0.5,-0.0011363687364427729,-0.0022727374728855458
1995-08-21,-1.3758863124259348,0.0030783983804504767,-0.0022373929827259544
1995-08-22,0.6299999999999727,-0.0014777964277932142,-0.002345708615544886
1995-08-23,-1.2600000000000817,0.002954615146271112,-0.0023449326557705716
1995-08-24,0.7791151437105401,-0.00188901722890515,-0.002424567464968907
1995-08-25,1.4749999999999093,-0.0034971026068812408,-0.0023709170216145463
1995-08-28,-1.3249999999999318,0.0030216226942606237,-0.0022804699579326636
1995-08-29,0.5749999999999318,-0.0013530981473259848,-0.0023532141692628613
1995-08-30,0.3000000000000682,-0.000702633860464047,-0.0023421128682129576
1995-08-31,0.8500000000000227,-0.0019749621711835216,-0.0023234849072746692
1995-09-01,1.049119080872967,-0.002381702172654483,-0.0022701924081608353
1995-09-04,-0.0008809191271012477,1.9798986861793444e-06,-0.0022475374018661605
1995-09-05,3.0799999999999046,-0.006810215279812056,-0.002211108857081905
1995-09-06,1.2582325260080776,-0.0025625967230247177,-0.002036663867810604
1995-09-07,-0.13500000000008186,0.00026542314874005904,-0.001966097398073319
1995-09-08,2.15912006959157,-0.004257421276355946,-0.001971831643972121
1995-09-11,0.5,-0.0009241072817531766,-0.0018482145635063533
1995-09-12,2.75,-0.00493955978690529,-0.0017962035588746507
1995-09-13,2.8000000000001815,-0.004539959751008685,-0.0016214141967887108
1995-09-14,4.699999999999818,-0.006647346563033874,-0.0014143290559647088
1995-09-15,0.20000000000004547,-0.00023281603910117307,-0.0011640801955056007
1995-09-18,-1.3500000000001364,0.0015981851274350048,-0.001183840835136921
1995-09-19,2.150000000000091,-0.0026921371640855605,-0.0012521568205048589
1995-09-20,2.25,-0.0025327626406500417,-0.0011256722847333518
1995-09-21,-5.5,0.005268861479657151,-0.0009579748144831184
1995-09-22,0.599999999999909,-0.0007435348211182652,-0.0012392247018639631
1995-09-25,-1.25,0.0015140343653235995,-0.0012112274922588795
1995-09-26,-0.04999999999972715,6.375665335981181e-05,-0.0012751330672031947
1995-09-27,-0.5,0.000645001559676991,-0.001290003119353982
1995-09-28,3.749103383537006,-0.004830712629068705,-0.001288498111383442
1995-09-29,-0.9,0.0009871397192442405,-0.0010968219102713782
1995-10-02,-2.8350000000002864,0.003201779194513685,-0.0011293753772533904
1995-10-03,1.125,-0.0014292741720999896,-0.0012704659307555463
1995-10-04,-1.2599999999998772,0.0015310048208292135,-0.0012150831911344148
1995-10-05,1.5290974646737219,-0.001956217884529979,-0.001279328446828205
1995-10-06,0.0,-0.0,-0.0012094297861157703
1995-10-09,-3.8800000000001096,0.004584773603736849,-0.0011816426813754432
1995-10-10,-0.4018210102494822,0.0005633292119138268,-0.0014019406590115024
1995-10-11,1.2600000000000817,-0.0017881691960848144,-0.0014191819016545226
1995-10-12,2.489999999999918,-0.0033481554148383588,-0.0013446407288507907
1995-10-13,0.4200000000001637,-0.0005125811412700912,-0.001220431288737837
1995-10-16,-1.8609060498994985,0.002239263352117767,-0.0012033188630015481
1995-10-17,3.359999999999968,-0.004373434252154405,-0.001301617336950728
1995-10-18,0.7350000000001273,-0.000833840756510229,-0.0011344772197416117
1995-10-19,2.0990859254461176,-0.002289374204335578,-0.001090652924962573
1995-10-20,-3.440921971571416,0.003335541777381807,-0.0009693744307309928
1995-10-23,-1.665923642889592,0.001893995040141258,-0.0011369038720502637
1995-10-24,1.159076065027392,-0.0014136515410034353,-0.0012196365567863116
1995-10-25,-3.709999999999809,0.004236253432545993,-0.0011418472864005958
1995-10-26,-3.7468878223912423,0.005108201934023689,-0.0013633186196547681
1995-10-27,2.448102618357819,-0.0037596489229748302,-0.001535739921513908
1995-10-30,0.9600000000000818,-0.001362843463797489,-0.0014196286081222635
1995-10-31,-0.8559546191492456,0.0012073371070884145,-0.0014105153241516664
1995-11-01,1.7599999999999454,-0.0025494752534450755,-0.0014485654849120198
1995-11-02,1.6400000000000547,-0.002223134568421997,-0.0013555698587938553
1995-11-03,0.05903815129848161,-7.533371654227211e-05,-0.0012760175392587132
1995-11-06,-0.6009568697528482,0.0007648769041403716,-0.0012727650562592582
1995-11-07,-1.8599999999998091,0.0024423284649300763,-0.0013130798198550146
1995-11-08,3.5390352809187933,-0.0048869359894758305,-0.0013808667056314566
1995-11-09,0.3000000000000682,-0.0003629102015700137,-0.0012097006718997706
1995-11-10,-0.12596448710237942,0.00017524343416843902,-0.0013912130172530884
1995-11-13,-0.33000000000010915,0.00046286249008240324,-0.001402613606309849
1995-11-14,-2.069999999999891,0.002966891532478844,-0.0014332809335647345
1995-11-15,3.5056655229267757,-0.005386183163460381,-0.0015364224362635762
1995-11-16,2.160000000000082,-0.0028513795172726455,-0.001320083109848397
1995-11-17,0.75,-0.0008950622550590108,-0.001193416340078681
1995-11-20,-1.6509610473235148,0.0019508898059551027,-0.001181669191479607
1995-11-21,2.3449999999999362,-0.0029704941834303466,-0.0012667352594586045
1995-11-22,-0.9449999999999362,0.0010645699531353148,-0.001126529050936917
1995-11-23,0.0,-0.0,-0.0012615280584673894
1995-11-24,0.8049999999999046,-0.0010140128642092058,-0.0012596433095768025
1995-11-27,0.175,-0.00021179452526281335,-0.0012102544300732192
1995-11-28,4.2700000000000955,-0.0049921046570300005,-0.0011691111608969295
1995-11-29,0.10403201914753284,-9.451808892450046e-05,-0.0009085480575981111
1995-11-30,-0.6399999999999636,0.0005785018961234128,-0.0009039092126928839
1995-12-01,0.8399999999999637,-0.0007922906770514273,-0.0009432031869660257
1995-12-04,5.2,-0.004434847449230428,-0.0008528552786981592
1995-12-05,3.160000000000036,-0.001714256203988464,-0.0005424861405026723
1995-12-06,0.8399999999999637,-0.00030344558394710205,-0.0003612447427941847
1995-12-07,-2.5199999999998908,0.0007777408682763761,-0.000308627328681115
1995-12-08,1.3199999999998908,-0.0005983677341576022,-0.0004533088895133725
1995-12-11,1.2,-0.0004518289123003605,-0.0003765240935836338
1995-12-12,-0.8,0.00025101549734618734,-0.00031376937168273416
1995-12-13,2.0400000000001457,-0.0007300610274192261,-0.00035787305265645784
1995-12-14,-3.0400000000001457,0.000715245104992569,-0.00023527799506333378
1995-12-15,-0.8,0.000342727603761695,-0.00042840950470211873
1995-12-18,-8.91999999999989,0.0037016294190216487,-0.00041498087657193886
1995-12-19,4.995871610183794,-0.004423694949757598,-0.0008854701031027605
1995-12-20,-1.919999999999982,0.0011906076722279025,-0.000620108162618705
1995-12-21,1.1589591395782721,-0.0008361177538605504,-0.0007214385091823005
1995-12-22,0.5550000000000409,-0.00036666142175632827,-0.0006606512103717139
1995-12-25,0.0,-0.0,-0.0006320652532236023
1995-12-26,0.525,-0.0003327005756017528,-0.0006337153820985767
1995-12-27,-0.10603539128735806,6.425538348148825e-05,-0.0006059805382087463
1995-12-28,-0.5800000000000182,0.0003556372837119873,-0.0006131677305378899
1995-12-29,0.2800000000000182,-0.00018384097463798306,-0.0006565749094213254
1996-01-01,0.0,-0.0,-0.0006439044293981921
1996-01-02,2.660000000000036,-0.0016940186056727735,-0.0006368490998769739
1996-01-03,0.7379199582187124,-0.0003685860327388257,-0.0004994932426391703
1996-01-04,-4.289999999999918,0.001996969899362292,-0.00046549414903550816
1996-01-05,-0.3010575243821331,0.00021021664381736882,-0.0006982607202686629
1996-01-08,1.5499999999999545,-0.0011046755304479972,-0.000712693890611632
1996-01-09,-6.9500000000000455,0.004068806250457481,-0.0005854397482672596
1996-01-10,-3.8783826810767557,0.00361859702695025,-0.0009330170136655052
1996-01-11,0.9777334378546505,-0.001157695720807404,-0.0011840606815571614
1996-01-12,0.0,-0.0,-0.0011387075972694935
1996-01-15,0.0,-0.0,-0.0011387295879978913
1996-01-16,0.0,-0.0,-0.0011505149687751422
1996-01-17,-0.001146896493382455,1.323762371885245e-06,-0.0011542125898224458
1996-01-18,0.21999999999998182,-0.00025389922287742775,-0.001154087376715676
1996-01-19,0.3650000000000091,-0.00041980747873441866,-0.00115015747598468
1996-01-22,-0.04614928595150768,5.248815036442456e-05,-0.0011373556336186344
1996-01-23,0.4900000000000091,-0.0005587482890289132,-0.0011403026306712302
1996-01-24,1.159999999999991,-0.0012917050966630304,-0.0011135388764336555
1996-01-25,-0.5911371962344711,0.000622502869306637,-0.0010530598874034056
1996-01-26,1.5450000000000275,-0.0016707827121288182,-0.00108141275865941
1996-01-29,0.6138617784621369,-0.0006116248390668431,-0.0009963559558946677
1996-01-30,2.3,-0.002194924953942097,-0.0009543151973661293
1996-01-31,2.39885103771508,-0.001972496350686669,-0.0008222671269181782
1996-02-01,0.8500000000000227,-0.0005891856579737386,-0.0006931595976161446
1996-02-02,-0.6511383649239082,0.000424358959213114,-0.0006517185625557548
1996-02-05,2.129999999999973,-0.0014524763812668376,-0.0006819137940219982
1996-02-06,3.7799999999999727,-0.0021234028689210978,-0.0005617467907198712
1996-02-07,2.129999999999973,-0.0007677482614292798,-0.0003604451931592909
1996-02-08,3.960000000000082,-0.0009615724583607281,-0.0002428213278688657
1996-02-09,0.5399999999999181,-2.2158699301987635e-05,-4.103462833702036e-05
1996-02-12,3.0,-4.005937783044916e-05,-1.3353125943483053e-05
1996-02-13,-1.469999999999891,-0.00020156341689209163,0.00013711797067490243
1996-02-14,-3.5400000000000547,-0.00022012929914077802,6.218341783637701e-05
1996-02-15,-2.703694877049976,0.0003000007863184557,-0.00011095955718412614
1996-02-16,-0.6,0.00014566986152526,-0.0002427831025421
1996-02-19,0.0,-0.0,-0.00027286022740842227
1996-02-20,-4.140000000000055,0.0011031878704484933,-0.00026647050010832816
1996-02-21,4.918822586098052,-0.002203521858168337,-0.0004479775026641735
1996-02-22,4.125,-0.000890598122258488,-0.00021590257509296679
1996-02-23,-0.3511926860367257,1.068087402912368e-05,-3.0413144845524303e-05
1996-02-26,-6.2399999999999185,0.0002736241494366653,-4.385002394818411e-05
1996-02-27,-0.7524346955951031,0.00023319326023109354,-0.0003099182714410321
1996-02-28,-1.6400000000000547,0.0005658842797516799,-0.00034505139009247625
1996-02-29,-2.1012217014037486,0.0008696853720608087,-0.0004138951027774956
1996-03-01,2.6987597535037158,-0.0013463447636685698,-0.0004988753674426381
1996-03-04,0.690000000000009,-0.0002666446252685094,-0.00038644148589638536
1996-03-05,1.3487614124823306,-0.0004803663984941729,-0.00035615372299989043
1996-03-06,-1.8762494299032604,0.0005634609186346541,-0.0003003123730002712
1996-03-07,1.1800000000000181,-0.0004528383540928597,-0.0003837613170278413
1996-03-08,-8.839999999999964,0.002733114640010878,-0.00030917586425462546
1996-03-11,2.7158601903015844,-0.0017841191191842205,-0.0006569259807833119
1996-03-12,-0.4049999999999955,0.0002228141717075804,-0.0005501584486606985
1996-03-13,0.2849999999999909,-0.0001622574537061198,-0.0005693243989688595
1996-03-14,0.375,-0.00021046969700941586,-0.0005612525253584423
1996-03-15,-0.05,2.8392123334198965e-05,-0.0005678424666839793
1996-03-18,1.25,-0.0007110626169292006,-0.0005688500935433604
1996-03-19,-0.221410954139296,0.0001145994863675461,-0.0005175872477178715
1996-03-20,-0.22999999999997273,0.00012112686478774526,-0.0005266385425554766
1996-03-21,-0.3,0.000160857218329926,-0.00053619072776642
1996-03-22,0.3399999999999636,-0.00019000978520448877,-0.0005588523094250268
1996-03-25,-0.08999999999996362,4.9033025624484295e-05,-0.0005448113958278235
1996-03-26,0.5799999999999728,-0.000321452886911178,-0.000554229115364126
1996-03-27,-1.5,0.0007926262543076293,-0.0005284175028717528
1996-03-28,0.690000000000009,-0.0004095287795673684,-0.0005935199703874826
1996-03-29,-0.7,0.000395580078599358,-0.0005651143979990829
1996-04-01,1.2300000000000182,-0.000730438415214365,-0.0005938523700929709
1996-04-02,0.23999999999996363,-0.00013251004753271124,-0.0005521251980530472
1996-04-03,0.1,-5.415463875618215e-05,-0.0005415463875618215
1996-04-04,0.1,-5.38177327822628e-05,-0.000538177327822628
1996-04-05,-0.0014012522215766864,7.542619558194896e-07,-0.0005382770811744337
1996-04-08,-3.7799999999999727,0.0019946564205734736,-0.0005276868837496001
1996-04-09,-0.602876674356513,0.0004187548261909868,-0.0006945945066425888
1996-04-10,-1.175,0.0008585669222719001,-0.0007306952529973617
1996-04-11,0.03353145884099326,-2.6254214494115415e-05,-0.0007829726293333475
1996-04-12,0.0,-0.0,-0.0007861214935599865
1996-04-15,0.0,-0.0,-0.0007992756283908999
1996-04-16,0.0,-0.0,-0.0008022340647297606
1996-04-17,-0.0014848707028813938,1.193162681387952e-06,-0.0008035465169274457
1996-04-18,0.11000000000001364,-9.016622320778227e-05,-0.0008196929382524644
1996-04-19,0.10999999999999091,-9.147372492715938e-05,-0.0008315793175196995
1996-04-22,0.5,-0.00041666990468379087,-0.0008333398093675817
1996-04-23,0.2935171778652908,-0.00023782296320466859,-0.0008102522821128276
1996-04-24,-0.6599999999999909,0.0005255858092683409,-0.0007963421352550729
1996-04-25,0.6699999999999818,-0.0005567590880970652,-0.0008309837135777318
1996-04-26,0.2800000000000182,-0.00022450524896882668,-0.0008018044606029004
1996-04-29,-0.26148614498737144,0.00020605156922029168,-0.0007880018623175733
1996-04-30,-0.09000000000005456,7.206963707986275e-05,-0.0008007737453313228
1996-05-01,0.4800000000000409,-0.00038826005311775214,-0.0008088751106619147
1996-05-02,-3.1800000000000406,0.0025069800184030406,-0.0007883584963531473
1996-05-03,-0.7065105399503455,0.0006653852432167117,-0.0009417909650201056
1996-05-06,-0.12150884530092719,0.00011856171698222857,-0.0009757455655890746
1996-05-07,-0.38500000000001366,0.000377789988541837,-0.00098127269751123
1996-05-08,0.8434741148452216,-0.0008478492833318698,-0.001005187080918839
1996-05-09,0.0,-0.0,-0.0009826361274835422
1996-05-10,-0.0015354962844251335,1.5196392851320305e-06,-0.0009896730461324173
1996-05-13,0.8834501183142439,-0.0008738206025122517,-0.0009891001024252882
1996-05-14,0.7084513314852166,-0.0006716429092505743,-0.0009480438237620698
1996-05-15,0.013451672238802054,-1.2380669561711058e-05,-0.0009203814471481373
1996-05-16,-0.12232992541007331,0.00011263272017931636,-0.0009207290840875602
1996-05-17,1.780000000000018,-0.0016409729429906394,-0.0009218949117924848
1996-05-20,1.8984454415889465,-0.0015720663970985366,-0.0008280808932716867
1996-05-21,-0.22500000000002274,0.00016486818021640016,-0.0007327474676283711
1996-05-22,2.5484430899411783,-0.001931938241130179,-0.0007580856911247608
1996-05-23,-1.4700000000000273,0.0009197479799029368,-0.0006256788978931427
1996-05-24,1.2899999999999183,-0.0009013748198601357,-0.000698740170434258
1996-05-27,0.0,-0.0,-0.0006338694175673707
1996-05-28,-4.0799999999999725,0.0026299721842974644,-0.0006446010255631083
1996-05-29,-2.821569291273932,0.002420234473459376,-0.0008577618422996962
1996-05-30,2.148434579534328,-0.002142019219885504,-0.0009970139376316433
1996-05-31,-2.580000000000018,0.0022854693465740516,-0.0008858408320054403
1996-06-03,0.998424867299394,-0.0010177124170707345,-0.0010193179781504348
1996-06-04,1.125,-0.0010889606937605392,-0.0009679650611204792
1996-06-05,1.6649999999999863,-0.0015095610758804803,-0.0009066432888171127
1996-06-06,-1.6515871052928692,0.001359352485166028,-0.000823058306043737
1996-06-07,0.21999999999998182,-0.00020274265058903534,-0.0009215575026775096
1996-06-10,-1.0,0.000909267313777362,-0.000909267313777362
1996-06-11,0.06000000000003638,-6.654612915796688e-05,-0.001109102152632109
1996-06-12,-0.7199999999999818,0.0008352486906788027,-0.001160067625942811
1996-06-13,-0.3800000000000182,0.00046124931377139326,-0.0012138139836088714
1996-06-14,-1.6415900313514173,0.0020259432172176047,-0.0012341346977782107
1996-06-17,0.28500000000001363,-0.00038138683635159773,-0.0013381994257950158
1996-06-18,-1.2,0.0015790710899971413,-0.0013158925749976178
1996-06-19,0.3584121159729987,-0.0004987548583728556,-0.0013915680752556638
1996-06-20,-0.3700000000000273,0.00050623240488533,-0.0013681956888791694
1996-06-21,1.3200000000000274,-0.001830999975749092,-0.0013871211937492834
1996-06-24,0.3399999999999636,-0.0004432525729782053,-0.0013036840381713316
1996-06-25,-0.20158814554289964,0.0002584021393911262,-0.0012818320179255585
1996-06-26,-1.65,0.002154300596651933,-0.001305636725243596
1996-06-27,1.3184033536126027,-0.0018540140624768969,-0.0014062570892258797
1996-06-28,0.75,-0.0010294866609676134,-0.001372648881290151
1996-07-01,0.7984038099182931,-0.001055147191450249,-0.0013215708371409583
1996-07-02,-0.6015971131974193,0.0007667099406997426,-0.0012744574797321877
1996-07-03,-1.0799999999999272,0.0015768282699431591,-0.0014600261758733939
1996-07-04,-0.04000000000005457,6.380543510561816e-05,-0.0015951358776382782
1996-07-05,-5.959999999999945,0.008778023784997459,-0.001472822782717708
1996-07-08,-1.9248933962065717,0.0036036846969277,-0.0018721476753099978
1996-07-09,0.2833695284656227,-0.000567941130072214,-0.002004242069171931
1996-07-10,0.0,-0.0,-0.00198406002934141
1996-07-11,0.0,-0.0,-0.001983457701401604
1996-07-12,-0.0016607867950388623,3.29345792400696e-06,-0.0019830708757109868
1996-07-15,1.7782796743390126,-0.0035018084247702805,-0.001969211297470351
1996-07-16,-0.3700000000000273,0.0006830906100581631,-0.001846190837994899
1996-07-17,-1.1399999999999637,0.002127890019790602,-0.0018665701927988328
1996-07-18,-1.9300000000000637,0.0037319615026295285,-0.0019336588096525416
1996-07-19,1.0900000000000545,-0.0022457911401164822,-0.0020603588441434587
1996-07-22,0.890000000000009,-0.0017736454149697618,-0.001992860016819937
1996-07-23,1.8799999999999726,-0.0036064621807369,-0.0019183309472005066
1996-07-24,-0.5100000000000364,0.0009235327525896242,-0.0018108485344893299
1996-07-25,-0.9,0.0016790418708953645,-0.0018656020787726272
1996-07-26,-0.8299999999999726,0.001599630385727337,-0.0019272655249727585
1996-07-29,1.6700000000000275,-0.0032956394825460924,-0.0019734368158958312
1996-07-30,-1.3400000000000547,0.0025054894987926123,-0.0018697682826809775
1996-07-31,-0.9399999999999636,0.001901253973498594,-0.0020226106101049655
1996-08-01,-2.131797122943014,0.00445289804552728,-0.0020888001009120006
1996-08-02,-1.3318265844408994,0.0030822904537709346,-0.0023143331795444522
1996-08-05,-0.00183069633241094,4.417677501469931e-06,-0.00241311320903345
1996-08-06,0.2549999999999727,-0.0006286601154943046,-0.002465333786252439
1996-08-07,0.1950000000000273,-0.00047935679342118597,-0.002458239966262148
1996-08-08,0.0,-0.0,-0.002520590108891373
1996-08-09,-0.37682861585113525,0.0009671623544398872,-0.0025665841545907467
1996-08-12,1.0599999999999454,-0.0027459704207818585,-0.0025905381328132073
1996-08-13,-1.190000000000009,0.0029712530067945737,-0.0024968512662139086
1996-08-14,0.3600000000000364,-0.0009750080882765673,-0.002708355800767969
1996-08-15,-0.0031871474962345396,9.129503323514315e-06,-0.002864474686000689
1996-08-16,0.9,-0.002703663511142924,-0.003004070567936582
1996-08-19,0.020000000000027284,-5.84239009472806e-05,-0.002921195047360045
1996-08-20,-0.05,0.00016537892017456698,-0.0033075784034913396
1996-08-21,-0.3900000000000546,0.0012934403013365086,-0.003316513593170071
1996-08-22,1.1700000000000275,-0.003944784956817522,-0.003371611074202931
1996-08-23,-0.6100000000000364,0.0020090165416361827,-0.003293469740386988
1996-08-26,-0.9199999999999363,0.0031599503211229463,-0.003434728609916484
1996-08-27,0.5,-0.0017684157059908614,-0.003536831411981723
1996-08-28,-0.2,0.0007007074340856713,-0.0035035371704283565
1996-08-29,-1.7100000000000364,0.006039734404189009,-0.0035320084235022694
1996-08-30,-1.161825021723428,0.004321388927038196,-0.003719483438760799
1996-09-02,-0.04682507483308907,0.00025080097105553386,-0.005356125365512596
1996-09-03,-0.0018286193762868152,1.0181812756901389e-05,-0.005568032849775728
1996-09-04,-0.075,0.0004178443042799389,-0.005571257390399186
1996-09-05,0.7581615708695074,-0.0042208043165378895,-0.005567156762769188
1996-09-06,-0.0018525158537614718,1.0094962977994756e-05,-0.005449326092134256
1996-09-09,-0.681859935183543,0.003705830873499668,-0.0054348857914670295
1996-09-10,-0.0018528475202102524,1.0350862270222957e-05,-0.005586462003656075
1996-09-11,0.18999999999998635,-0.0010612377945747808,-0.005585462076709774
1996-09-12,0.5100000000000137,-0.002829219994543315,-0.0055474901853789
1996-09-13,1.073133653621255,-0.005831910743999618,-0.005434468227065681
1996-09-16,0.37813454856834244,-0.0019898728172397617,-0.005262340679458228
1996-09-17,-0.23999999999991814,0.0012479131426486238,-0.005199638094371039
1996-09-18,-0.8268217045937971,0.004321433252568926,-0.0052265600050883645
1996-09-19,1.0599999999999454,-0.0057101280841905236,-0.005386913286972469
1996-09-20,0.8199999999999819,-0.004273731408179697,-0.0052118675709509656
1996-09-23,0.2,-0.0010184838337058463,-0.005092419168529231
1996-09-24,-0.14000000000005458,0.0007138622808474528,-0.005099016291765532
1996-09-25,-0.4,0.0020468454449810245,-0.005117113612452561
1996-09-26,0.36000000000012733,-0.001863440684860558,-0.0051762241246108304
1996-09-27,-0.22000000000007275,0.0011255606288260792,-0.005116184676480486
1996-09-30,0.0,-0.0,-0.0051497542264934935
1996-10-01,1.480000000000018,-0.008138054710265694,-0.005498685615044322
1996-10-02,1.7,-0.008791547564977745,-0.005171498567633968
1996-10-03,-0.6618032513462077,0.0032496473810419988,-0.004910292257452235
1996-10-04,4.75,-0.02118185347611709,-0.0044593375739193876
1996-10-07,0.5,-0.0018709498676365178,-0.0037418997352730355
1996-10-08,-1.7268107444815013,0.006238461118877335,-0.0036127069158065255
1996-10-09,-2.55,0.009555474054572381,-0.003747244727283287
1996-10-10,-1.2618091897827095,0.005147531946326286,-0.004079485224872011
1996-10-11,3.7481821323412072,-0.0149703783476044,-0.003994037060908119
1996-10-14,0.6399999999999636,-0.002232791307899009,-0.0034887364185923996
1996-10-15,-0.3418101756212477,0.0011638054092049477,-0.0034048296165838394
1996-10-16,0.9750000000000227,-0.0033501927956844486,-0.0034360951750608926
1996-10-17,1.1999999999999318,-0.003950165951353744,-0.003291804959461641
1996-10-18,2.4231938292340773,-0.007416643371797855,-0.0030606892780599836
1996-10-21,-0.8700000000000273,0.0023844283624806406,-0.0027407222557247883
1996-10-22,-3.1799999999999726,0.00869605794564699,-0.0027346094168701463
1996-10-23,1.169999999999891,-0.003634981832458092,-0.0031068220790242997
1996-10-24,-4.379999999999972,0.012053171620406663,-0.0027518656667595296
1996-10-25,0.956386451463028,-0.003216872188745767,-0.003363569385393081
1996-10-28,-2.0,0.006413287583571861,-0.0032066437917859306
1996-10-29,2.3581917215548382,-0.007936039357611417,-0.0033653071058950663
1996-10-30,-1.0350000000000137,0.003194582542601946,-0.003086553181257878
1996-10-31,2.055000000000041,-0.006495368035451364,-0.0031607630342828387
1996-11-01,-0.9450000000000274,0.0027607450270957855,-0.0029214233090959847
1996-11-04,1.425,-0.004279086799418417,-0.003002867929416433
1996-11-05,1.2432161179308665,-0.003527254265461209,-0.0028372012030633558
1996-11-06,5.6,-0.013588291822603153,-0.002426480682607706
1996-11-07,0.618192209444268,-0.0011568942910070096,-0.001871415189859825
1996-11-08,1.6499999999998636,-0.0029602562322797506,-0.0017940946862303002
1996-11-11,-0.07499999999993179,0.00012372021443367407,-0.0016496028591171546
1996-11-12,-1.0500000000000682,0.0017537324868149087,-0.0016702214160140903
1996-11-13,1.0750000000000455,-0.0019000850495498312,-0.0017675209763253496
1996-11-14,2.5443411345688873,-0.004225621969032178,-0.0016607922230319036
1996-11-15,0.9600000000000818,-0.001357917825000785,-0.0014144977343756972
1996-11-18,-0.3,0.0003977114363476596,-0.001325704787825532
1996-11-19,3.5699999999998906,-0.004641249918072101,-0.001300070005062253
1996-11-20,-0.08999999999991815,9.107645535416172e-05,-0.0010119606150471618
1996-11-21,-0.41999999999989085,0.00044027759870005626,-0.0010482799969051683
1996-11-22,3.45,-0.0036730304552686902,-0.0010646465087735333
1996-11-25,5.25,-0.0035085674432157304,-0.0006682985606125201
1996-11-26,-1.5600000000000818,0.00026780772799920823,-0.00017167162051230398
1996-11-27,-0.8399999999999183,0.00026775263957818914,-0.0003187531423550181
1996-11-28,0.0,-0.0,-0.00040119848301566275
1996-11-29,1.3799999999998365,-0.0005549414929851641,-0.00040213151665596363
1996-12-02,-0.15,4.061656049313191e-05,-0.00027077706995421276
1996-12-03,-7.5,0.0018175234965439623,-0.00024233646620586165
1996-12-04,1.2883053709228618,-0.0010883924613096193,-0.0008448249039976933
1996-12-05,-1.1499999999999773,0.000850211872251782,-0.0007393146715233034
1996-12-06,-2.425000000000068,0.0019855163805971242,-0.0008187696414833272
1996-12-09,5.498288800806879,-0.005176587957613596,-0.000941490733781377
1996-12-10,-1.4,0.0007474708635159356,-0.0005339077596542397
1996-12-11,-3.380000000000018,0.0020992750427465063,-0.0006210872907534009
1996-12-12,-4.821755914112692,0.003940482159577225,-0.0008172297042336619
1996-12-13,0.5682436554546173,-0.0006495108007914461,-0.0011430146109978332
1996-12-16,-1.731740809471663,0.0019067940029173672,-0.0011010851003153937
1996-12-17,0.55,-0.0006693834508587912,-0.0012170608197432566
1996-12-18,0.4900000000000091,-0.0005777578895015897,-0.0011790977336766917
1996-12-19,1.534999999999991,-0.0017601810417299556,-0.0011466977470553524
1996-12-20,0.37324465889986,-0.0003906768656610286,-0.0010467045042588153
1996-12-23,-0.6317538315194935,0.0006453612937473268,-0.0010215391843292896
1996-12-24,1.4849999999999453,-0.0015743691346608469,-0.0010601812354618888
1996-12-25,0.0,-0.0,-0.000960624665019372
1996-12-26,1.6650000000000547,-0.0015931701299684454,-0.0009568589369179538
1996-12-27,-0.0017600781987106423,1.4869202952845865e-06,-0.000844803541327789
1996-12-30,-2.2,0.0019967004752303196,-0.0009075911251046906
1996-12-31,-5.840000000000055,0.005797174964150898,-0.0009926669459162404
1997-01-01,-0.0035986322877019075,4.982656285513193e-06,-0.0013845972267133538
1997-01-02,0.04000000000005457,-5.5377149894081856e-05,-0.0013844287473501577
1997-01-03,2.4981770790559965,-0.003402811195365149,-0.0013621176912931218
1997-01-06,-0.651830674441162,0.0007791743995297794,-0.001195363197962099
1997-01-07,1.7899999999999636,-0.0022159408342925686,-0.001237955773347829
1997-01-08,-0.8300000000000182,0.0009279607497362963,-0.0011180249996822602
1997-01-09,0.6800000000000181,-0.0007987335668175322,-0.0011746081864963396
1997-01-10,1.540000000000009,-0.0017444798515590006,-0.0011327791243889549
1997-01-13,-0.4600000000000364,0.00047505722572915247,-0.0010327330994111194
1997-01-14,1.7800000000000638,-0.001882027255335172,-0.0010573186827725306
1997-01-15,-0.31183394113454854,0.00029525627665018034,-0.0009468381651334889
1997-01-16,1.0799999999999725,-0.0010425470789831603,-0.0009653213694288767
1997-01-17,1.65,-0.0014678689134736574,-0.0008896175233173682
1997-01-20,-0.18181967442605784,0.00014210993023517116,-0.0007815981998854817
1997-01-21,2.7200000000000726,-0.0021360017472316925,-0.0007852947600116306
1997-01-22,1.8599999999999453,-0.0011252743437778789,-0.0006049862063322107
1997-01-23,-4.540000000000055,0.0021043651531726516,-0.0004635165535622525
1997-01-24,-4.2,0.0030515633480210883,-0.0007265627019097829
1997-01-27,-0.32186650614046197,0.00031693141107169573,-0.0009846672611948863
1997-01-28,0.7631328564893727,-0.0007652504559524345,-0.0010027748765435202
1997-01-29,1.359999999999991,-0.0012955129859413138,-0.0009525830778980311
1997-01-30,1.9281170370179368,-0.0016647836639814718,-0.0008634245909450904
1997-01-31,-0.13500000000008186,0.00010088405891550483,-0.0007472893252995827
1997-02-03,0.6731168713751687,-0.0005080033999447945,-0.0007547031155331918
1997-02-04,1.580000000000109,-0.0011251151760291042,-0.0007120982126765991
1997-02-05,-5.2800000000001095,0.003093495182276096,-0.0005858892390674303
1997-02-06,0.8580990343605539,-0.0007588909734385682,-0.0008843862340482477
1997-02-07,3.5100000000000136,-0.002864667899527652,-0.0008161447007201257
1997-02-10,-1.8900000000000547,0.001168810095119314,-0.0006184180397456509
1997-02-11,2.0400000000000547,-0.0014620736987448753,-0.0007167027935023706
1997-02-12,3.7199999999999593,-0.0021946128360003227,-0.0005899496870968673
1997-02-13,2.0680559578745616,-0.0008042245978487187,-0.00038887951497949705
1997-02-14,-0.784416191004759,0.0002195739230413501,-0.0002799201821167125
1997-02-17,0.0,-0.0,-0.0003215276571421733
1997-02-18,2.4599999999999453,-0.0007833915654781731,-0.0003184518558854433
1997-02-19,-1.6200000000000727,0.0003056806238552643,-0.00018869174312052502
1997-02-20,-3.979999999999927,0.0010573604801979353,-0.00026566846236129513
1997-02-21,0.04000000000005457,-1.8791915849817365e-05,-0.0004697978962447932
1997-02-24,3.2399999999998723,-0.001491423339754292,-0.00046031584560319466
1997-02-25,0.6400000000000545,-0.00019040560780808478,-0.0002975087622001071
1997-02-26,-4.160000000000036,0.001072228627405581,-0.00025774726620326246
1997-02-27,-4.502011127039343,0.0020037286399963573,-0.0004450741198665293
1997-02-28,-0.6320066467731136,0.0004151918921929607,-0.0006569422874155499
1997-03-03,0.9699999999999818,-0.0006648885596449446,-0.0006854521233453166
1997-03-04,-0.6400000000000091,0.0004094440380399563,-0.0006397563094374226
1997-03-05,2.440000000000009,-0.0016184374736392005,-0.0006632940465734405
1997-03-06,-0.7299999999999727,0.00040092844662117797,-0.0005492170501660178
1997-03-07,1.3200000000000274,-0.0007677085487352062,-0.0005815973854054472
1997-03-10,1.5579630578855679,-0.0008089460346954376,-0.0005192331298235792
1997-03-11,-1.1100000000000136,0.000495404113060167,-0.00044631001176591073
1997-03-12,-2.294999999999959,0.0011321898179705683,-0.0004933288967192106
1997-03-13,-4.034999999999945,0.0023560800849343495,-0.000583910801718558
1997-03-14,1.512956079452046,-0.0011536087588853222,-0.0007624866144846252
1997-03-17,0.2800000000000182,-0.00019474157121944638,-0.0006955056114979776
1997-03-18,-1.880000000000018,0.001276907480693845,-0.0006792061067520386
1997-03-19,-0.5520553696875746,0.00042066856400752234,-0.0007620042972240118
1997-03-20,-0.19500000000000456,0.00015334417664442405,-0.0007863803930483101
1997-03-21,0.14500000000000454,-0.00011526346707147241,-0.0007949204625618538
1997-03-24,0.95,-0.0007478888288267846,-0.0007872513987650365
1997-03-25,-0.6049999999999727,0.00045049118543217213,-0.0007446135296399876
1997-03-26,0.3,-0.0002320750358609862,-0.0007735834528699541
1997-03-27,-2.2700000000000276,0.0017194515285414845,-0.0007574676337187065
1997-03-28,-0.0020552948975594166,1.7634564705608226e-06,-0.0008580065433212817
1997-03-31,0.0,-0.0,-0.0008882050483154146
1997-04-01,-0.0020920421662003453,1.858357346427334e-06,-0.0008882982267047516
1997-04-02,1.3700000000000045,-0.0012188631559824417,-0.0008896811357536042
1997-04-03,-0.2550000000000182,0.00021296763483029036,-0.0008351671954128437
1997-04-04,-0.875,0.0007418494866976621,-0.0008478279847973282
1997-04-07,-0.4699999999999818,0.00042677706441771686,-0.0009080363072717731
1997-04-08,-0.475,0.0004418856266387216,-0.0009302855297657296
1997-04-09,0.6428792191250597,-0.0006120390921531732,-0.0009520281165506344
1997-04-10,0.0,-0.0,-0.0009227951305256179
1997-04-11,0.0,-0.0,-0.0009246981154786785
1997-04-14,-0.0021815145384015398,2.0361713300952138e-06,-0.0009333750906776797
1997-04-15,-1.240000000000032,0.001155696860903972,-0.0009320135975031792
1997-04-16,-0.8599999999999681,0.0008656156664229034,-0.001006529844677832
1997-04-17,0.21778836783007158,-0.00022874180863234484,-0.0010502939661626908
1997-04-18,0.0,-0.0,-0.001073906334617408
1997-04-21,0.0,-0.0,-0.001075300938848721
1997-04-22,0.0,-0.0,-0.0010824972848478963
1997-04-23,0.0,-0.0,-0.0010927928998979036
1997-04-24,-0.002246802251048364,2.4592301023140318e-06,-0.001094546750238722
1997-04-25,-0.7450000000000045,0.0008206042070488219,-0.001101482157112506
1997-04-28,0.6277419647888113,-0.000715970626640716,-0.0011405492492151407
1997-04-29,0.0,-0.0,-0.0011118887346969293
1997-04-30,-0.00233682149843367,2.6047300754944904e-06,-0.0011146465732365073
1997-05-01,-0.075,8.855372385903957e-05,-0.0011807163181205276
1997-05-02,1.45,-0.001711935567061759,-0.001180645218663282
1997-05-05,2.0025976009084556,-0.002199470339501266,-0.001098308685930464
1997-05-06,-0.35,0.0003459811665589765,-0.000988517618739933
1997-05-07,-3.4400000000000093,0.0033964735941125488,-0.000987346975032715
1997-05-08,0.9799999999999727,-0.0011478784678980228,-0.0011713045590796478
1997-05-09,1.4200000000000275,-0.0016016091855345976,-0.0011278937926299764
1997-05-12,2.340000000000009,-0.002438827003863802,-0.001042233762334954
1997-05-13,-0.7,0.0006414140201462804,-0.0009163057430661148
1997-05-14,0.4200000000000273,-0.0004099376245731006,-0.0009760419632692238
1997-05-15,0.9599999999999455,-0.0009131431350793682,-0.0009511907657077293
1997-05-16,-2.545000228548149,0.002260091966516622,-0.0008880517734986378
1997-05-19,1.197545814727392,-0.001251685750536169,-0.0010452090727076702
1997-05-20,1.7,-0.001746589508648547,-0.0010274055933226747
1997-05-21,-0.3299999999999727,0.0003080777643730157,-0.0009335689829486096
1997-05-22,-0.5300000000000182,0.0005051950894350906,-0.0009531982819529683
1997-05-23,1.5,-0.0014687563928798453,-0.0009791709285865635
1997-05-26,-0.0024544985261860807,2.1990532424305357e-06,-0.0008959277094566162
1997-05-27,1.080000000000041,-0.0009652656848368758,-0.0008937645229970733
1997-05-28,-0.24000000000005456,0.00022477938531028328,-0.0009365807721259674
1997-05-29,-1.5149999999999864,0.0014400594289548177,-0.000950534276537842
1997-05-30,1.530000000000041,-0.0016004629252087308,-0.0010460541994828025
1997-06-02,-1.319999999999959,0.0012615722315643314,-0.0009557365390639171
1997-06-03,-0.9150000000000545,0.0010210921160864403,-0.0011159476678539665
1997-06-04,-0.31499999999998635,0.00037324948605629594,-0.0011849190033533718
1997-06-05,1.169999999999959,-0.0014473388243314155,-0.0012370417301978342
1997-06-06,4.95,-0.005687310509622425,-0.0011489516181055403
1997-06-09,1.005000000000041,-0.0007964769993827898,-0.0007925144272465247
1997-06-10,0.8550000000000408,-0.0006194462930357968,-0.0007244985883459265
1997-06-11,0.5525039343665707,-0.00036620269972650367,-0.0006628055963915336
1997-06-12,6.280000000000019,-0.003562197459372066,-0.0005672288948044674
1997-06-13,3.340000000000055,-0.000511012428831603,-0.00015299773318311214
1997-06-16,0.27999999999992725,1.715947422219153e-05,6.128383650784281e-05
1997-06-17,-0.5599999999999454,-4.437351620893943e-05,7.923842180168527e-05
1997-06-18,-1.380000000000018,-5.980220288298314e-05,4.3334929625349534e-05
1997-06-19,3.280000000000018,-0.00014478710333640552,-4.414240955378193e-05
1997-06-20,-1.0600000000000365,-0.00017157454112338644,0.00016186277464469862
1997-06-23,-9.239999999999965,-0.0007410435175505938,8.019951488642821e-05
1997-06-24,9.297350558557138,-0.003302285791839332,-0.00035518568123689377
1997-06-25,-2.625,-0.00019843570745677828,7.559455522162982e-05
1997-06-26,-0.6,3.0322462935347647e-05,-5.0537438225579415e-05
1997-06-27,0.7923403414221949,-6.279034171251797e-05,-7.924668028364394e-05
1997-06-30,-1.3299999999999725,5.525489964574557e-05,-4.154503732762911e-05
1997-07-01,2.2,-0.00023096496349699568,-0.0001049840743168162
1997-07-02,2.85,1.3574243200788008e-06,4.762892351153687e-07
1997-07-03,2.4472998637559424,0.0003297014446738601,0.00013472049320832212
1997-07-04,0.0,0.0,0.0002501200286372515
1997-07-07,-2.8200000000000274,-0.0006987106255527522,0.000247769725373314
1997-07-08,2.8350000000000133,0.0003249511536674369,0.00011462121822484492
1997-07-09,-2.9399999999999866,-0.0007145629218124503,0.00024304861286137877
1997-07-10,1.05,0.00011401495307254567,0.00010858566959290064
1997-07-11,0.8699999999999591,0.00013615740502625936,0.0001565027643980066
1997-07-14,0.7350000000000136,0.00014465012166398877,0.00019680288661766816
1997-07-15,1.4700000000000273,0.0003374773419012767,0.00022957642306208872
1997-07-16,3.1649999999999867,0.0009344762939200824,0.0002952531734344665
1997-07-17,-1.3049999999999726,-0.0005741520688884921,0.00043996327117893036
1997-07-18,-6.285000000000014,-0.0023214558311783744,0.00036936449183426717
1997-07-21,0.225,2.1255522207216534e-05,9.446898758762904e-05
1997-07-22,7.347170556358759,0.0007081189534689919,9.637981696996755e-05
1997-07-23,-0.2,-8.069771638332209e-05,0.00040348858191661046
1997-07-24,0.9171706646981801,0.0003628369102785078,0.00039560457420202065
1997-07-25,-0.28500000000001363,-0.00012431449516210822,0.0004361912110950957
1997-07-28,-0.375,-0.00015900359605216065,0.00042400958947242843
1997-07-29,1.005000000000041,0.0004098348441551074,0.000407795864830936
1997-07-30,3.044999999999959,0.001356289308956346,0.0004454152081958503
1997-07-31,0.24000000000005456,0.0001430517597145885,0.0005960489988106499
1997-08-01,-1.4850000000000136,-0.0008983068179454868,0.0006049204161249014
1997-08-04,0.7199999999999591,0.0003963505849880445,0.0005504869235945375
1997-08-05,0.33000000000004087,0.00019309165781101727,0.0005851262357908889
1997-08-06,2.130000000000041,0.0012762876687236096,0.000599196088602622
1997-08-07,-2.205000000000041,-0.00154987227777067,0.0007028899218914473
1997-08-08,-5.955000000000041,-0.0034280964956793347,0.000575666917830279
1997-08-11,1.8421086986100617,0.0005897509972376548,0.00032014994429082467
1997-08-12,-2.980000000000018,-0.0011713306938607008,0.0003930639912284207
1997-08-13,-0.3699999999999818,-0.00010007046517896898,0.0002704607166999295
1997-08-14,0.4471013685273695,0.00011431237031390022,0.00025567439144821705
1997-08-15,-2.930380812472027,-0.000813386887559519,0.0002775703704097617
1997-08-18,1.9919809888806939,0.0003008277799998574,0.00015101940313641966
1997-08-19,0.0,0.0,0.0002395822221369618
1997-08-20,-0.003037853771132612,-7.280680880219639e-07,0.00023966528439929357
1997-08-21,-1.790000000000009,-0.00043808712112422565,0.00024474140844928685
1997-08-22,-0.05,-8.547489374320735e-06,0.0001709497874864147
1997-08-25,-0.2799999999999955,-4.7238070359617056e-05,0.0001687073941414922
1997-08-26,-1.634999999999991,-0.00025414942359884145,0.00015544307253751856
1997-08-27,0.7,5.668332036879735e-05,8.097617195542479e-05
1997-08-28,-1.4200000000000046,-0.0001611964466909422,0.00011351862443024062
1997-08-29,0.3269190888573625,1.586380631508447e-05,4.852517597100603e-05
1997-09-01,0.0,0.0,6.366110023480444e-05
1997-09-02,0.0,0.0,6.38954131797957e-05
1997-09-03,-0.003159714625507716,-2.0224162540891326e-07,6.400629467492377e-05
1997-09-04,0.5,3.2185304037194744e-05,6.437060807438949e-05
1997-09-05,-0.125,-1.1253606958771738e-05,9.00288556701739e-05
1997-09-08,0.1599999999999909,1.3496488501013865e-05,8.435305313134146e-05
1997-09-09,0.06500000000000909,5.98100185608323e-06,9.201541317049836e-05
1997-09-10,-1.875,-0.00017833134069420467,9.511004837024249e-05
1997-09-11,-0.665000000000009,-3.448736931997507e-06,5.186070574432271e-06
1997-09-12,1.5600000000000136,-4.145554605599754e-05,-2.6574067984613575e-05
1997-09-15,-0.23500000000001364,-1.124760226462826e-05,4.786213729628769e-05
1997-09-16,2.450000000000023,8.899987339812048e-05,3.632647893800802e-05
1997-09-17,-0.010000000000013642,-1.522338873569426e-06,0.00015223388735673493
1997-09-18,0.19500000000000456,2.9587736631521795e-05,0.00015173198272574925
1997-09-19,0.275,4.463087385644563e-05,0.00016229408675071138
1997-09-22,0.5567784680612983,9.758533696090172e-05,0.00017526779959845377
1997-09-23,-0.8399999999999637,-0.00016926157005128645,0.00020150186910868306
1997-09-24,-1.5200000000000273,-0.0002445085904717762,0.00016086091478406038
1997-09-25,-1.580000000000018,-0.0001401821624068035,8.872288759924171e-05
1997-09-26,1.29676794352683,1.8046083705651456e-05,1.3916201272350534e-05
1997-09-29,0.8750000000000226,6.569017451722149e-05,7.50744851625369e-05
1997-09-30,-0.7282407856128058,-8.465895546788029e-05,0.00011625132393078039
1997-10-01,1.780000000000018,0.00014508083038855454,8.150608448795116e-05
1997-10-02,1.140000000000009,0.00018772220179527537,0.00016466859806602973
1997-10-03,1.2699999999999818,0.00027606852838974355,0.0002173767940076752
1997-10-06,1.209999999999991,0.00033382696822835433,0.0002758900563870717
1997-10-07,1.6167696076758842,0.0005346230772476416,0.00033067363136307675
1997-10-08,-2.175,-0.0008772383233835187,0.0004033279647740316
1997-10-09,-1.2900000000000547,-0.000390340100162107,0.00030258922493185306
1997-10-10,-0.41999999999995913,-0.00010212333883266131,0.00024315080674445534
1997-10-13,-0.08999999999998635,-2.0140381311032625e-05,0.00022378201456706308
1997-10-14,0.3450000000000273,7.574238680002207e-05,0.00021954315014497417
1997-10-15,-1.2,-0.00028172250904138916,0.00023476875753449097
1997-10-16,-4.110000000000082,-0.0007189180101342884,0.00017491922387695232
1997-10-17,-3.3482342603424557,2.7072307647866527e-05,-8.085547647761536e-06
1997-10-20,2.716754624328384,-0.0004155538228201647,-0.00015295964497452353
1997-10-21,1.719999999999982,-6.052421231556775e-05,-3.51884955323072e-05
1997-10-22,-0.5182582907685495,-2.0179561410110435e-05,3.8937266937274114e-05
1997-10-23,-3.759999999999991,-6.110391380458155e-05,1.6251040905473857e-05
1997-10-24,-2.303304436012452,0.00032494053876915675,-0.00014107580990539977
1997-10-27,-7.0,0.0015522544026104184,-0.0002217506289443455
1997-10-28,5.0460518292776735,-0.00242511635400375,-0.0004805967984579536
1997-10-29,0.0,-0.0,-0.0002892764353015096
1997-10-30,0.0,-0.0,-0.00029391703496568506
1997-10-31,0.0,-0.0,-0.0002942259239887249
1997-11-03,0.0,-0.0,-0.000294966441659719
1997-11-04,0.0,-0.0,-0.00029713868577143406
1997-11-05,0.0,-0.0,-0.00029726027967287414
1997-11-06,0.0,-0.0,-0.00029725181695656994
1997-11-07,0.0,-0.0,-0.0002975532023128218
1997-11-10,0.0,-0.0,-0.0003001909206298349
1997-11-11,0.0,-0.0,-0.0003007171921784911
1997-11-12,0.0,-0.0,-0.00030186847201884367
1997-11-13,0.0,-0.0,-0.00030183230900063365
1997-11-14,-0.0029101510593354755,8.784871056407205e-07,-0.00030186993311657177
1997-11-17,0.0,-0.0,-0.00030287048791227043
1997-11-18,0.0,-0.0,-0.0003027874430007815
1997-11-19,0.0,-0.0,-0.0003032085653565342
1997-11-20,0.0,-0.0,-0.0003031504024186094
1997-11-21,-0.004085759378187378,1.2423318690871657e-06,-0.0003040638848483335
1997-11-24,-1.980000000000018,0.0006008440850649809,-0.00030345660861867446
1997-11-25,0.19000000000003184,-7.275929817767111e-05,-0.00038294367461925744
1997-11-26,0.3299999999999727,-0.0001239706445852478,-0.0003756686199553275
1997-11-27,0.3600000000000137,-0.00013046595119086798,-0.0003624054199746195
1997-11-28,-0.3700000000000045,0.0001289772764508346,-0.00034858723365090003
1997-12-01,2.4700000000000046,-0.0009215876864735155,-0.00037311242367348734
1997-12-02,-0.45,0.00012248370733849032,-0.00027218601630775625
1997-12-03,0.2400000000000091,-6.980301163873007e-05,-0.0002908458818280309
1997-12-04,-0.06000000000001364,1.686284568810475e-05,-0.00028104742813501527
1997-12-05,0.9700000000000045,-0.0002915373976714771,-0.0003005540182180162
1997-12-08,-0.2,5.2574002194104756e-05,-0.00026287001097052376
1997-12-09,-0.5700000000000045,0.00015477874909192862,-0.00027154166507355686
1997-12-10,-0.8700000000000045,0.0002579240073829645,-0.0002964643763022565
1997-12-11,-1.5799999999999954,0.0005285149913077795,-0.0003345031590555576
1997-12-12,0.10999999999999091,-4.5228891116493016e-05,-0.00041117173742269777
1997-12-15,0.7799999999999955,-0.0003170404739748532,-0.000406462146121609
1997-12-16,0.6200000000000273,-0.0002670571489796547,-0.0004307373370639402
1997-12-17,-0.5,0.0002377414158246006,-0.0004754828316492012
1997-12-18,-1.0500000000000227,0.0005387562392296383,-0.000513101180218692
1997-12-19,-0.7399999999999863,0.00042832057337065986,-0.0005788115856360375
1997-12-22,0.5259440661650994,-0.00032908550937858294,-0.0006257043867384932
1997-12-23,0.0,-0.0,-0.0005948280598907778
1997-12-24,0.0,-0.0,-0.0006013217853804027
1997-12-25,0.0,-0.0,-0.0006126657679520016
1997-12-26,0.0,-0.0,-0.0006212682935537401
1997-12-29,0.0,-0.0,-0.0006210992848483273
1997-12-30,0.0,-0.0,-0.0006329629447225718
1997-12-31,-0.004085910366445513,2.637175673333266e-06,-0.0006454316019730615
1998-01-01,0.0,-0.0,-0.000659709023614064
1998-01-02,0.559999999999991,-0.0003700782360695093,-0.0006608539929812773
1998-01-05,0.22000000000002728,-0.00013695178700484425,-0.0006225081227492149
1998-01-06,-1.590000000000009,0.0009600737537024234,-0.0006038199708820239
1998-01-07,0.3,-0.00021556827663880398,-0.0007185609221293467
1998-01-08,-1.2800000000000182,0.0009120233435252281,-0.0007125182371290743
1998-01-09,-3.174135726847015,0.002498057221869848,-0.0007870039081004452
1998-01-12,0.0,-0.0,-0.0011227396007323534
1998-01-13,0.0,-0.0,-0.0011225962587772217
1998-01-14,0.0,-0.0,-0.0013251962670865047
1998-01-15,0.0,-0.0,-0.0013250145448332345
1998-01-16,0.0,-0.0,-0.001328398565451486
1998-01-19,0.0,-0.0,-0.0013284011088538288
1998-01-20,0.0,-0.0,-0.001328669107277505
1998-01-21,-0.004139151678718646,5.516804945293553e-06,-0.0013328346901753032
1998-01-22,-0.9100000000000137,0.0012484591473889185,-0.001371933128998791
1998-01-23,-0.1900000000000091,0.0002771027172263744,-0.0014584353538229535
1998-01-26,-0.07999999999997272,0.00011900078867507022,-0.001487509858438885
1998-01-27,1.0058666375655425,-0.0015009685624493504,-0.0014922142820862243
1998-01-28,0.0,-0.0,-0.0013959363705126145
1998-01-29,-0.004138253176474407,5.8682055660309015e-06,-0.001418039282707766
1998-01-30,0.07000000000000454,-0.00010100602666963516,-0.0014429432381375515
1998-02-02,1.6200000000000045,-0.002638760475737952,-0.001628864491196262
1998-02-03,0.6699999999999818,-0.0009809327040564456,-0.0014640786627708542
1998-02-04,-0.10415505949195894,0.0001500374034649454,-0.0014405195887438257
1998-02-05,-0.03999999999996362,5.813076402040863e-05,-0.0014532691005115375
1998-02-06,1.8199999999999819,-0.0026177109485946816,-0.0014383027190080812
1998-02-09,-0.7199999999999818,0.0009140673276018589,-0.001269537955002614
1998-02-10,1.8399999999999637,-0.00250145304937218,-0.0013594853529196897
1998-02-11,-0.1,0.00011367289103405129,-0.0011367289103405129
1998-02-12,0.6,-0.0006880077637843987,-0.0011466796063073312
1998-02-13,-0.8862662670393437,0.0009621316189431822,-0.0010856010825699976
1998-02-16,0.0,-0.0,-0.0011933056365930979
1998-02-17,1.5600000000000136,-0.0018417264236333473,-0.0011805938613034174
1998-02-18,2.3099999999999454,-0.0022655556272766844,-0.0009807600118081116
1998-02-19,-1.35,0.0009468151252262841,-0.0007013445372046549
1998-02-20,2.0400000000000547,-0.0017401498518156957,-0.0008530146332429653
1998-02-23,1.1399999999999864,-0.0006959571635594586,-0.0006104887399644447
1998-02-24,-2.280000000000041,0.0010647985204346978,-0.0004670168949274906
1998-02-25,3.5700000000000274,-0.0024638793629613567,-0.0006901622865437921
1998-02-26,1.95,-0.000583064981826165,-0.0002990076829877769
1998-02-27,-0.4799999999999727,4.369774952245921e-05,-9.10369781717952e-05
1998-03-02,-0.12000000000002728,1.7061369527879397e-05,-0.00014217807939896266
1998-03-03,1.65,-0.00025296401511423294,-0.00015331152431165634
1998-03-04,-2.3099999999999454,-4.680890591054589e-05,2.0263595632271426e-05
1998-03-05,-2.760000000000082,0.0005932551360062297,-0.00021494751304572903
1998-03-06,5.55,-0.0024699944761684056,-0.0004450440497600731
1998-03-09,-0.9599999999999455,-5.955956692166762e-05,6.20412155434073e-05
1998-03-10,3.3,-8.289038781704362e-05,-2.5118299338498066e-05
1998-03-11,1.0799999999999725,0.0002928059618790586,0.00027111663136950557
1998-03-12,1.1700000000000275,0.000428734906674465,0.0003664400911747478
1998-03-13,-0.9299999999999726,-0.00043682484332877643,0.0004697041326116014
1998-03-16,3.239999999999918,0.001211357368253433,0.0003738757309424271
1998-03-17,0.75,0.0004894044932540915,0.0006525393243387886
1998-03-18,1.05,0.0007518470204135274,0.0007160447813462165
1998-03-19,1.2,0.0009700249580927435,0.0008083541317439529
1998-03-20,2.845941434324427,0.0025489544720391256,0.0008956454413631317
1998-03-23,-1.1599999999999455,-0.001319548509521103,0.0011375418185527286
1998-03-24,3.519999999999982,0.0035290956094315875,0.0010025839799521607
1998-03-25,-1.3600000000000363,-0.001747517130047724,0.0012849390662115275
1998-03-26,-1.1599999999999455,-0.0013692065128921695,0.0011803504421484775
1998-03-27,-1.3199999999999819,-0.0014304511301812092,0.001083675098622143
1998-03-30,-0.7200000000000728,-0.0007047221160422118,0.0009787807167251953
1998-03-31,1.9200000000000728,0.0017537084731006668,0.0009133898297398961
1998-04-01,3.0799999999999272,0.003227110602371766,0.0010477631825882604
1998-04-02,5.120000000000073,0.0062266117557784025,0.001216135108550452
1998-04-03,1.4799999999999272,0.002363881782165485,0.0015972174203821633
1998-04-06,-3.0799999999999272,-0.0051273198213574065,0.001664714227713483
1998-04-07,-3.2,-0.0044833974208944236,0.0014010616940295074
1998-04-08,-2.880000000000018,-0.0033092134279639426,0.0011490324402652506
1998-04-09,3.080000000000018,0.0028629878885270536,0.0009295415222490379
1998-04-10,0.0,0.0,0.0011892958720259538
1998-04-13,-0.9200000000000728,-0.0011244558565858612,0.0012222346267236654
1998-04-14,3.160000000000036,0.003623579849058563,0.001146702483879279
1998-04-15,1.2800000000000182,0.0017667050947155205,0.0013802383552464807
1998-04-16,-5.119999999999982,-0.007049443832671161,0.0013768444985685908
1998-04-17,6.036003643315111,0.005879437402322361,0.0009740612746040755
1998-04-20,-0.4799999999999727,-0.0006617459020888519,0.0013786372960185199
1998-04-21,1.9200000000000275,0.0029033120766588033,0.001512141706593105
1998-04-22,0.3,0.0005321117423728328,0.0017737058079094429
1998-04-23,-2.9700000000000273,-0.005203062158675459,0.0017518727806987914
1998-04-24,-4.110000000000014,-0.00597942013286931,0.0014548467476567617
1998-04-27,-5.793934134463125,-0.00613426867577394,0.001058739801560128
1998-04-28,-0.5039244202379948,-0.0003380469985729585,0.000670828769150153
1998-04-29,0.5799999999999955,0.0003691544987902068,0.0006364732737762235
1998-04-30,2.2399999999999864,0.0014934341909598873,0.0006667116923928109
1998-05-01,1.040000000000009,0.0008443948733893012,0.0008119181474897058
1998-05-04,-0.1739292139854344,-0.00015304637525798557,0.0008799348410256276
1998-05-05,-1.6,-0.0013806390801643156,0.0008628994251026972
1998-05-06,-2.620000000000027,-0.001954287075080962,0.000745911097359138
1998-05-07,-1.7,-0.0009753174441852323,0.000573716143638372
1998-05-08,3.4360660401310974,0.001555352284077689,0.00045265494490273156
1998-05-11,-0.32000000000000456,-0.00021286369877202214,0.0006651990586625597
1998-05-12,0.9799999999999955,0.0006309139959906712,0.0006437897918272185
1998-05-13,0.18612332266262255,0.00013104599941145669,0.0007040815602083246
1998-05-14,-0.9199999999999818,-0.0006568774679181134,0.0007139972477370938
1998-05-15,-1.4072459340250922,-0.0009205794234439527,0.0006541709598768242
1998-05-18,-0.8200000000000274,-0.00046482663003715954,0.0005668617439477366
1998-05-19,1.4200000000000275,0.0007366739165206951,0.0005187844482540006
1998-05-20,1.7399999999999636,0.0010470906756566503,0.0006017762503773978
1998-05-21,-1.1800000000000181,-0.0008327413174038538,0.0007057129808507127
1998-05-22,-0.8399999999999637,-0.0005316688994958941,0.000632939166066568
1998-05-25,0.0,0.0,0.0005819478564554932
1998-05-26,-4.0,-0.0022761802571056493,0.0005690450642764123
1998-05-27,0.49616654607720845,0.00016440967707177516,0.00033135985965122156
1998-05-28,0.41999999999998183,0.0001514633636614941,0.0003606270563369063
1998-05-29,-0.9899999999999863,-0.0003807701649599403,0.0003846163282423692
1998-06-01,0.43999999999998635,0.0001436449547903465,0.00032646580634170674
1998-06-02,0.05,1.7624196571338054e-05,0.0003524839314267611
1998-06-03,-1.7399999999999862,-0.0006146405461772307,0.0003532416932053078
1998-06-04,1.9361161807303473,0.0004821963699151285,0.0002490534270176044
1998-06-05,0.0,0.0,0.00036420359377897283
1998-06-08,-0.003905055817114332,-1.4218979379417494e-06,0.0003641171866763407
1998-06-09,0.25,9.105709217884133e-05,0.00036422836871536534
1998-06-10,-0.6400000000000091,-0.00024244393879749583,0.00037881865437108185
1998-06-11,-2.119999999999982,-0.0007164034853225082,0.00033792617232194074
1998-06-12,0.8600000000000136,0.00018448203155386334,0.00021451399017890745
1998-06-15,-2.6900000000000093,-0.0007014902751704847,0.00026077705396672206
1998-06-16,1.4159953474627258,0.0001498559248170004,0.00010583080310646655
1998-06-17,0.0,0.0,0.000186800112426889
1998-06-18,0.0,0.0,0.00018675094097259505
1998-06-19,-0.004040694448398769,-7.544048818001008e-07,0.00018670178887172565
1998-06-22,0.4400000000000091,8.199156962016266e-05,0.00018634447640945674
1998-06-23,1.3200000000000047,0.0002780471434027887,0.0002106417753051422
1998-06-24,1.5699999999999819,0.0004461756613401158,0.0002841883193249178
1998-06-25,-0.20999999999996816,-7.83103834343328e-05,0.0003729065877825937
1998-06-26,0.4099999999999681,0.0001479291281217577,0.0003608027515165103
1998-06-29,0.3859681924536458,0.00014821813364660296,0.0003840164462889096
1998-06-30,-1.7,-0.0006856151353107157,0.0004033030207710093
1998-07-01,2.6799999999999726,0.0008166242457322904,0.0003047105394523503
1998-07-02,0.32000000000002726,0.00014517270270417732,0.0004536646959505154
1998-07-03,0.0,0.0,0.000472954678337607
1998-07-06,2.2799999999999727,0.0010891803889159116,0.00047771069689294933
1998-07-07,-0.4200000000000273,-0.0002544374099273353,0.0006058033569698066
1998-07-08,1.5200000000000273,0.0008803351186870022,0.0005791678412414384
1998-07-09,-1.4799999999999727,-0.0009784335872814061,0.0006611037751901515
1998-07-10,0.9799999999999727,0.0005657292607191751,0.0005772747558359091
1998-07-13,0.2599999999999909,0.0001641989708860117,0.0006315345034077594
1998-07-14,2.4200000000000275,0.0015439819450168253,0.0006380090681887635
1998-07-15,-0.48325040436190964,-0.00037226521557283865,0.0007703360663802913
1998-07-16,2.3399999999999865,0.0017206219543003825,0.0007353085274788002
1998-07-17,0.7800000000000409,0.0006726816185032194,0.0008624123314143386
1998-07-20,-0.06000000000001364,-5.427346385463035e-05,0.0009045577309103002
1998-07-21,-6.240000000000054,-0.005208435587392805,0.0008346851902873013
1998-07-22,-0.3032439657223039,-0.0001582832486703526,0.000521966688746251
1998-07-23,-4.859999999999945,-0.0023564566968058854,0.00048486763308763623
1998-07-24,-0.02328272701953875,-5.83975631056552e-06,0.0002508192577984884
1998-07-27,0.5799999999999955,0.0001447003111262971,0.0002494832950453418
1998-07-28,-1.769999999999982,-0.000490374613700153,0.00027704780435037173
1998-07-29,-0.6232890729580313,-0.00011967103227942543,0.0001919992463713276
1998-07-30,0.0,0.0,0.00016202585516259224
1998-07-31,0.0,0.0,0.00016198401984381577
1998-08-03,0.0,0.0,0.00016291951414245046
1998-08-04,0.0,0.0,0.00016303105235409025
1998-08-05,-0.0035053083229292796,-5.748760633598241e-07,0.00016400156859223663
1998-08-06,-0.4,-6.549735475557153e-05,0.00016374338688892882
1998-08-07,-0.21999999999998182,-3.175890820629085e-05,0.00014435867366497033
1998-08-10,0.6199999999999818,8.291427126206431e-05,0.0001337326955839786
1998-08-11,1.75,0.0002850973197985087,0.0001629127541705764
1998-08-12,-1.95,-0.00048126843275918973,0.00024680432449189217
1998-08-13,1.4700000000000273,0.0002259017385398734,0.00015367465206793824
1998-08-14,1.3470528137038178,0.00030289724371946035,0.00022485921905810268
1998-08-17,-2.2200000000000273,-0.0006430051126121022,0.0002896419426180605
1998-08-18,-2.159999999999968,-0.00039116970533645317,0.00018109708580391618
1998-08-19,0.3363847961075294,2.6233489712980743e-05,7.798654997651825e-05
1998-08-20,0.0,0.0,9.65356580105733e-05
1998-08-21,0.0,0.0,9.72057373589736e-05
1998-08-24,0.0,0.0,9.722289600324844e-05
1998-08-25,0.0,0.0,9.720027594174911e-05
1998-08-26,0.0,0.0,9.76790126053661e-05
1998-08-27,0.0,0.0,9.865652882634214e-05
1998-08-28,-0.0038211289879738716,-3.8248903107387436e-07,0.00010009843485463878
1998-08-31,7.7,0.000728507131292422,9.46113157522626e-05
1998-09-01,-4.55,-0.0020625053780124383,0.00045329788527745894
1998-09-02,0.8700000000000273,0.00021202297980438877,0.00024370457448779555
1998-09-03,0.5299999999999727,0.00015144232567208203,0.0002857402371171506
1998-09-04,0.95,0.0002957645052659492,0.0003113310581746834
1998-09-07,0.0,0.0,0.00035736976000821317
1998-09-08,-5.15,-0.0017876897208293856,0.00034712421763677387
1998-09-09,2.45,0.00025924632393985604,0.00010581482609790041
1998-09-10,3.3600000000000594,0.0007226925863274108,0.00021508707926410655
1998-09-11,-4.380000000000041,-0.0015615694221902216,0.00035652269913018426
1998-09-14,-1.740000000000009,-0.0002872925835962111,0.00016511068022770665
1998-09-15,-0.614810276381198,-5.411275735076044e-05,8.801537552246305e-05
1998-09-16,0.0,0.0,6.197734969570288e-05
1998-09-17,0.0,0.0,6.215992838632157e-05
1998-09-18,0.0,0.0,6.228910658386908e-05
1998-09-21,0.0,0.0,6.246205431525115e-05
1998-09-22,0.0,0.0,6.250235795623814e-05
1998-09-23,0.0,0.0,6.28905253090291e-05
1998-09-24,0.0,0.0,6.39389335439594e-05
1998-09-25,0.0,0.0,6.706034447186966e-05
1998-09-28,0.0,0.0,6.73191498714815e-05
1998-09-29,0.0,0.0,6.852407024958197e-05
1998-09-30,0.0,0.0,6.987625532024894e-05
1998-10-01,0.0,0.0,7.100834355773588e-05
1998-10-02,0.0,0.0,7.235239519362613e-05
1998-10-05,0.0,0.0,7.233372820536743e-05
1998-10-06,-0.005036395142498229,-3.648319462862095e-07,7.24391029622906e-05
1998-10-07,1.530000000000018,0.00011213179071211989,7.32887520994239e-05
1998-10-08,0.9699999999999818,0.00015119922942407715,0.00015587549425162886
1998-10-09,-2.219999999999982,-0.0004832430723380614,0.00021767705961174113
1998-10-12,-1.3700000000000045,-0.00013690504440684354,9.993068934806064e-05
1998-10-13,0.22000000000000455,3.628682572667751e-06,1.6494011693943982e-05
1998-10-14,-0.7800000000000182,-2.348073883602212e-05,3.0103511328232783e-05
1998-10-15,-5.319999999999982,8.849732726442207e-05,-1.6634835951959094e-05
1998-10-16,-0.22524527658718155,7.407846244047485e-05,-0.00032887909377226233
1998-10-19,0.0,-0.0,-0.0003554773926594101
1998-10-20,0.0,-0.0,-0.0003855888051002863
1998-10-21,0.0,-0.0,-0.0003857376138342039
1998-10-22,0.0,-0.0,-0.0003859673430833357
1998-10-23,0.0,-0.0,-0.00039084028872867475
1998-10-26,0.0,-0.0,-0.0003918282017572337
1998-10-27,0.0,-0.0,-0.00039175804510100114
1998-10-28,0.0,-0.0,-0.0003942568045418857
1998-10-29,0.0,-0.0,-0.0004012971328086402
1998-10-30,0.0,-0.0,-0.0004042780138119053
1998-11-02,-0.005312840371586768,2.2169315943882057e-06,-0.0004172780357272587
1998-11-03,-0.7200000000000045,0.00030029355786280704,-0.00041707438592056273
1998-11-04,1.059999999999991,-0.0004962566333049605,-0.0004681666351933629
1998-11-05,1.6100000000000136,-0.0006273884695454118,-0.00038968227922074936
1998-11-06,0.7299999999999955,-0.00020131350785453292,-0.000275771928567855
1998-11-09,-1.15,0.0002580166433943448,-0.00022436229860377813
1998-11-10,-0.75,0.0002295240292707168,-0.0003060320390276224
1998-11-11,-0.2799999999999955,0.00010111007771648834,-0.00036110742041603564
1998-11-12,-0.23999999999998636,9.218992399258227e-05,-0.00038412468330244795
1998-11-13,0.9483557525679998,-0.00038108247327188683,-0.0004018349361407624
1998-11-16,0.9,-0.00030002051227646963,-0.0003333561247516329
1998-11-17,0.11999999999998182,-3.221969264039378e-05,-0.00026849743866998887
1998-11-18,0.65,-0.0001764844325979122,-0.00027151451168909565
1998-11-19,0.85,-0.00018894028806567078,-0.00022228269184196563
1998-11-20,0.9,-0.00014233686015341815,-0.00015815206683713126
1998-11-23,2.654646912049992,-0.00023667539622104766,-8.915513213705711e-05
1998-11-24,-1.459999999999991,-0.00015418428236384514,0.00010560567285194937
1998-11-25,-0.14000000000005458,1.7188599457133004e-07,-1.22775710408045e-06
1998-11-26,0.0,-0.0,-1.1564824223512419e-05
1998-11-27,1.6200000000000274,-1.8790330438734126e-05,-1.1598969406625807e-05
1998-11-30,-6.34000000000001,-0.0006155084244156515,9.708334769962942e-05
1998-12-01,2.334583976745732,-0.0007448163999329413,-0.0003190360284110105
1998-12-02,-0.18999999999998635,3.159276238365134e-05,-0.00016627769675607164
1998-12-03,-1.9300000000000181,0.00034194959378271237,-0.00017717595532782857
1998-12-04,2.7200000000000046,-0.0008161951617949418,-0.0003000717506599046
1998-12-07,0.7299999999999955,-9.127744571897867e-05,-0.000125037596875314
1998-12-08,-0.6,4.76271669198466e-05,-7.937861153307767e-05
1998-12-09,0.3,-3.576482302281096e-05,-0.0001192160767427032
1998-12-10,-1.809999999999991,0.00017852625780514302,-9.863329160505188e-05
1998-12-11,-0.3,6.49758720555293e-05,-0.0002165862401850977
1998-12-14,-2.6900000000000093,0.0006236855120456865,-0.0002318533502028566
1998-12-15,2.654437119979781,-0.0010543264573742402,-0.0003971939849086616
1998-12-16,0.0,-0.0,-0.00023108597672154754
1998-12-17,0.0,-0.0,-0.00023242830030051348
1998-12-18,-0.005574635248520506,1.2955137695971606e-06,-0.00023239435619415398
1998-12-21,1.7399999999999862,-0.0004020504074272536,-0.00023106345254440044
1998-12-22,0.1400000000000091,-1.6984966073393173e-05,-0.00012132118623851479
1998-12-23,2.659999999999991,-0.00029611827756727933,-0.00011132266073957909
1998-12-24,-0.31561643934661227,-1.7568673614557965e-05,5.566463410755331e-05
1998-12-25,0.0,0.0,3.5624158952994006e-05
1998-12-28,-1.2,-4.258712329779174e-05,3.548926941482645e-05
1998-12-29,4.219999999999982,-0.00016540024238181228,-3.9194370232657104e-05
1998-12-30,-2.5,-0.0005412039894118092,0.0002164815957647237
1998-12-31,0.4200000000000273,2.7578723808573003e-05,6.566362811564574e-05
1999-01-01,0.0,0.0,9.162485172283901e-05
1999-01-04,-0.6600000000000363,-6.053235153293489e-05,9.17156841408054e-05
1999-01-05,2.4600000000000364,0.00012461502785357585,5.065651538763171e-05
1999-01-06,5.4,0.0010178705763669261,0.0001884945511790604
1999-01-07,-0.5600000000000364,-0.0002781117960690128,0.000496628207266062
1999-01-08,1.9200000000000275,0.000895485485136862,0.00046639869017544227
1999-01-11,-2.6,-0.001477996227050673,0.000568460087327182
1999-01-12,-4.580000000000018,-0.0018452114953479118,0.00040288460597115823
1999-01-13,-2.425652374466348,-0.0004054148278783954,0.00016713640921757722
1999-01-14,-2.0,-5.236172160307297e-05,2.6180860801536486e-05
1999-01-15,2.9599999999999906,-0.0002718185706556342,-9.18305981944713e-05
1999-01-18,0.0,0.0,8.412742675275968e-05
1999-01-19,0.8400000000000091,7.05888414664251e-05,8.403433507907659e-05
1999-01-20,1.1200000000000045,0.00015059154705097846,0.00013445673843837309
1999-01-21,-3.5200000000000045,-0.0006889338372997534,0.00019571984014197513
1999-01-22,-0.1,8.382572601270457e-07,-8.382572601270456e-06
1999-01-25,1.15,-1.6253626294170776e-05,-1.4133588081887632e-05
1999-01-26,2.2,0.00011382197619203051,5.173726190546841e-05
1999-01-27,-1.65,-0.00029095775060127444,0.00017633803066743905
1999-01-28,1.6700000000000046,0.0001371330324605954,8.211558829975751e-05
1999-01-29,1.5799999999999954,0.0002771208727540547,0.00017539295743927564
1999-02-01,-0.7200000000000045,-0.00018988007824155095,0.0002637223308910413
1999-02-02,-0.9,-0.00020079405271759064,0.00022310450301954516
1999-02-03,1.3200000000000047,0.00022859514421161599,0.0001731781395542539
1999-02-04,-1.9200000000000046,-0.0004747548371739853,0.00024726814436145007
1999-02-05,-1.5799999999999954,-0.0002201946788964515,0.00013936372082053934
1999-02-08,0.3700000000000045,1.8848797116021355e-05,5.0942694908165205e-05
1999-02-09,-2.8200000000000047,-0.00020097853033607132,7.126898238867766e-05
1999-02-10,0.6341137839246301,-5.5232636708366914e-05,-8.710209131005389e-05
1999-02-11,0.0,-0.0,-5.134357022321858e-05
1999-02-12,0.0,-0.0,-5.1330637185428415e-05
1999-02-15,-0.00447759658658302,2.2977999592751968e-07,-5.1317708392053076e-05
1999-02-16,0.0,-0.0,-5.155709380047506e-05
1999-02-17,0.0,-0.0,-5.1544116784212766e-05
1999-02-18,0.0,-0.0,-5.1531146298984746e-05
1999-02-19,0.0,-0.0,-5.151818233986222e-05
1999-02-22,0.0,-0.0,-5.150522656070193e-05
1999-02-23,-0.005933663329864755,3.5150736585066336e-07,-5.923951972156722e-05
1999-02-24,-2.2200000000000046,0.0001378492123178218,-6.209423978280248e-05
1999-02-25,-1.1799999999999955,0.00024942251501784127,-0.0002113750127269849
1999-02-26,-0.6,0.00017439140940850705,-0.0002906523490141784
1999-03-01,0.3940568350856721,-0.00013066248910005625,-0.00033158285167582196
1999-03-02,0.0,-0.0,-0.0003049537084214726
1999-03-03,0.0,-0.0,-0.0003278658015521952
1999-03-04,0.0,-0.0,-0.0003334742451612753
1999-03-05,0.0,-0.0,-0.00034464436275972234
1999-03-08,-0.005982713741785486,2.1868294373008326e-06,-0.0003655246651744687
1999-03-09,-0.35,0.00012926169285304892,-0.00036931912243728265
1999-03-10,0.9200000000000045,-0.0003653693530257803,-0.0003971406011149767
1999-03-11,1.55,-0.0004956536792510481,-0.00031977656725874065
1999-03-12,-1.3200000000000047,0.00025552833335093706,-0.00019358207072040615
1999-03-15,1.540000000000009,-0.0004576687455574907,-0.000297187497115252
1999-03-16,-0.03000000000001819,5.2361064324589015e-06,-0.00017453688108185755
1999-03-17,-0.709999999999991,0.00012538715855119414,-0.00017660163176224752
1999-03-18,1.940000000000009,-0.00044667122127309717,-0.00023024289756345108
1999-03-19,-2.176041670525281,0.00016711828983692874,-7.679921395833727e-05
1999-03-22,0.3339582909463823,-8.181308095745561e-05,-0.0002449799366430189
1999-03-23,-3.8900000000000095,0.0008147905946961925,-0.0002094577364257559
1999-03-24,0.7299999999999955,-0.00036206331459629404,-0.0004959771432825976
1999-03-25,2.440000000000009,-0.0010602048506742044,-0.00043451018470254117
1999-03-26,-0.7,0.0001800644784250656,-0.0002572349691786652
1999-03-29,1.8700000000000045,-0.0005699203827102461,-0.0003047702581338207
1999-03-30,0.0,-0.0,-0.000170783492553478
1999-03-31,-2.240000000000009,0.00037711526260984454,-0.00016835502795082278
1999-04-01,0.940000000000009,-0.00030806518594187724,-0.00032772892121475986
1999-04-02,0.0,-0.0,-0.0002617424087353582
1999-04-05,3.069999999999982,-0.0007933474294940267,-0.0002584193581413783
1999-04-06,-0.2899999999999864,1.2564986954822592e-05,-4.3327541223528214e-05
1999-04-07,0.8,-5.091251364433441e-05,-6.364064205541801e-05
1999-04-08,1.6700000000000046,-1.2244521139814601e-05,-7.332048586715309e-06
1999-04-09,0.32999999999999546,3.9132559313968686e-05,0.000118583513072634
1999-04-12,1.3838571701360172,0.00019755149299658417,0.00014275425040950372
1999-04-13,-2.019999999999982,-0.0004928242782829271,0.00024397241499155025
1999-04-14,-4.6,-0.00040554179781683775,8.816126039496473e-05
1999-04-15,-1.4660705423093172,0.0003408976952040438,-0.00023252475605100857
1999-04-16,-0.9,0.00030035711508090895,-0.0003337301278676766
1999-04-19,-2.1200000000000045,0.0008295184413011331,-0.0003912822836326091
1999-04-20,1.3200000000000047,-0.0007048429161169491,-0.000533971906149202
1999-04-21,3.670000000000005,-0.0015716142540029264,-0.00042823276675829
1999-04-22,1.7399999999999862,-0.0003222533695717837,-0.0001852030859607967
1999-04-23,-0.4099999999999909,2.9343589705099724e-05,-7.156973098804969e-05
1999-04-26,0.65,-6.381955916280516e-05,-9.81839371735464e-05
1999-04-27,0.5,-2.7894426119753037e-05,-5.578885223950607e-05
1999-04-28,-1.75,4.040296340357533e-05,-2.3087407659185903e-05
1999-04-29,-1.15,0.0001565353992735268,-0.00013611773849871896
1999-04-30,-1.1,0.0002322116248324934,-0.00021110147712044853
1999-05-03,2.2700000000000045,-0.000633354439044844,-0.0002790107660990497
1999-05-04,-1.6200000000000045,0.00021574587862465368,-0.00013317646828682288
1999-05-05,0.9,-0.00021270549975387133,-0.00023633944417096814
1999-05-06,-0.9700000000000045,0.0001731720368812103,-0.00017852787307341185
1999-05-07,0.890000000000009,-0.00021334527699922668,-0.00023971379438115115
1999-05-10,-0.42000000000000454,7.707809688381256e-05,-0.00018351927829478982
1999-05-11,1.1200000000000045,-0.00023512017767187928,-0.00020992873006417707
1999-05-12,1.0899999999999863,-0.00015084465627451785,-0.00013838959291240344
1999-05-13,0.5900000000000091,-4.0955457351233244e-05,-6.941602940886884e-05
1999-05-14,-3.5700000000000047,0.00011115807858797771,-3.113671669131024e-05
1999-05-17,0.16682989058962794,-4.1831875382278295e-05,-0.0002507456861263388
1999-05-18,0.02000000000000455,-4.892861967544102e-06,-0.0002446430983771494
1999-05-19,0.8,-0.00019539067747961991,-0.0002442383468495249
1999-05-20,-0.6700000000000045,0.00012981742747442766,-0.000193757354439443
1999-05-21,-0.7700000000000045,0.0001812262891537635,-0.0002353588170828084
1999-05-24,-2.2299999999999955,0.0006284895692270506,-0.00028183388754576317
1999-05-25,-2.805365996079422,0.0012822357521366187,-0.0004570654074828665
1999-05-26,0.0,-0.0,-0.0006562093629910945
1999-05-27,0.0,-0.0,-0.0006561118348391438
1999-05-28,0.0,-0.0,-0.0006626975147048918
1999-05-31,0.0,-0.0,-0.0006763532739143892
1999-06-01,0.0,-0.0,-0.0006772035975762431
1999-06-02,0.0,-0.0,-0.0006777252040627863
1999-06-03,0.0,-0.0,-0.0006777302232504658
1999-06-04,0.0,-0.0,-0.0006838972196808717
1999-06-07,0.0,-0.0,-0.0006839040395143915
1999-06-08,0.0,-0.0,-0.0006981551682179348
1999-06-09,0.0,-0.0,-0.0007126171866962278
1999-06-10,0.0,-0.0,-0.0007124414034689984
1999-06-11,0.0,-0.0,-0.0007122657069422394
1999-06-14,0.0,-0.0,-0.0007120901629008696
1999-06-15,0.0,-0.0,-0.0007183866375746259
1999-06-16,0.0,-0.0,-0.0007182518770780864
1999-06-17,0.0,-0.0,-0.0007336631774999784
1999-06-18,-0.0051085637094223065,3.7481871549955375e-06,-0.0007337066479336117
1999-06-21,0.4,-0.000293423003746157,-0.0007335575093653924
1999-06-22,-1.2,0.0008432714680036939,-0.0007027262233364116
1999-06-23,-0.7,0.0005873398103948596,-0.0008390568719926566
1999-06-24,-1.0,0.0009109641965552944,-0.0009109641965552944
1999-06-25,-0.3,0.00029798646306116057,-0.0009932882102038686
1999-06-28,1.4950329172780426,-0.0015104024989617503,-0.0010102804302875757
1999-06-29,0.0,-0.0,-0.0008892351824331835
1999-06-30,-0.005009667039875665,4.543789049034881e-06,-0.0009070042006519565
1999-07-01,1.0,-0.0010014910079343094,-0.0010014910079343094
1999-07-02,1.4,-0.0012652265693986503,-0.0009037332638561789
1999-07-05,-0.005001180815741488,3.931551597829831e-06,-0.0007861246658899152
1999-07-06,-0.6,0.00048334123556610854,-0.0008055687259435143
1999-07-07,0.4,-0.0003746362262755254,-0.0009365905656888134
1999-07-08,0.2,-0.00018346368795877702,-0.0009173184397938851
1999-07-09,1.6,-0.001442368983607954,-0.0009014806147549713
1999-07-12,-1.0,0.0007563720376809486,-0.0007563720376809486
1999-07-13,-1.0,0.0008622011409773845,-0.0008622011409773845
1999-07-14,1.0,-0.0009700449381550798,-0.0009700449381550798
1999-07-15,2.0,-0.0017008420336808022,-0.0008504210168404011
1999-07-16,1.8,-0.0011894269020074997,-0.0006607927233374998
1999-07-19,-2.0,0.0009009607759306455,-0.00045048038796532275
1999-07-20,-6.0,0.003488529627319775,-0.0005814216045532958
1999-07-21,-0.6049903797728345,0.0007106005673688604,-0.001174565069341567
1999-07-22,-1.7,0.0020948292058338546,-0.0012322524740199146
1999-07-23,-0.5,0.0007054889801543937,-0.0014109779603087875
1999-07-26,-0.8050093488153398,0.0011836633354761503,-0.0014703721605445225
1999-07-27,0.0,-0.0,-0.0015526833603304881
1999-07-28,0.0,-0.0,-0.0015573296844900346
1999-07-29,0.0,-0.0,-0.0015678690282391087
1999-07-30,0.0,-0.0,-0.0015910963116356675
1999-08-02,0.0,-0.0,-0.0016071003915777268
1999-08-03,0.0,-0.0,-0.0016076161768108336
1999-08-04,0.0,-0.0,-0.0016618091281856817
1999-08-05,-0.005047351725124374,8.400110718883388e-06,-0.0016642610177273502
1999-08-06,1.5,-0.002472782153302064,-0.0016485214355347092
1999-08-09,0.4,-0.000595861362513151,-0.0014896534062828772
1999-08-10,1.3,-0.0018681735501292415,-0.0014370565770224935
1999-08-11,-1.4,0.0018070296866417122,-0.0012907354904583659
1999-08-12,-0.1,0.0001434878667673181,-0.001434878667673181
1999-08-13,-2.8,0.003917506948849074,-0.0013991096245889552
1999-08-16,-0.6073139879211401,0.00101786444818016,-0.0016760102161722807
1999-08-17,0.0,-0.0,-0.0017361711577942884
1999-08-18,0.0,-0.0,-0.0017357482527262144
1999-08-19,0.0,-0.0,-0.001770505950619949
1999-08-20,0.0,-0.0,-0.001780271518177869
1999-08-23,0.0,-0.0,-0.0017824927968275118
1999-08-24,-0.004941761967628782,8.812179103243747e-06,-0.0017832059012490471
1999-08-25,1.3,-0.00230213050665675,-0.0017708696205051922
1999-08-26,-1.6,0.002593881965850234,-0.0016211762286563963
1999-08-27,-1.5,0.002648306728921827,-0.0017655378192812181
1999-08-30,-2.6,0.004845669125735053,-0.0018637188945134818
1999-08-31,-0.6049957072365865,0.0012779767120940798,-0.0021123731901031835
1999-09-01,0.0,-0.0,-0.0021714769723436933
1999-09-02,0.0,-0.0,-0.0021781876793243765
1999-09-03,0.0,-0.0,-0.002198465304579149
1999-09-06,0.0,-0.0,-0.0022132680643393906
1999-09-07,0.0,-0.0,-0.002233947753948927
1999-09-08,0.0,-0.0,-0.002233413391294907
1999-09-09,0.0,-0.0,-0.002237431405387945
1999-09-10,0.0,-0.0,-0.002271524388722242
1999-09-13,0.0,-0.0,-0.002316093388556417
1999-09-14,0.0,-0.0,-0.002316615581058348
1999-09-15,0.0,-0.0,-0.002473154520070894
1999-09-16,0.0,-0.0,-0.0024784753504485417
1999-09-17,0.0,-0.0,-0.0025459835074223523
1999-09-20,0.0,-0.0,-0.0025511377676607594
1999-09-21,0.0,-0.0,-0.0025924690238877473
1999-09-22,0.0,-0.0,-0.00259184099635269
1999-09-23,0.0,-0.0,-0.00265384371437241
1999-09-24,-0.005034466375850249,1.3414547862222181e-05,-0.0026645421502009053
1999-09-27,-0.8,0.0021250169737831353,-0.002656271217228919
1999-09-28,0.3,-0.0008640101445239868,-0.002880033815079956
1999-09-29,1.4,-0.003941656261531151,-0.0028154687582365363
1999-09-30,-1.9,0.004947950808348687,-0.0026041846359729933
1999-10-01,0.6,-0.0017206353706213894,-0.0028677256177023157
1999-10-04,-2.6,0.00703005271425516,-0.002703866428559677
1999-10-05,0.02001005045532022,-6.081580154102852e-05,-0.0030392627783134337
1999-10-06,0.0,-0.0,-0.003097744820278183
1999-10-07,0.0,-0.0,-0.003461211094432013
1999-10-08,0.0,-0.0,-0.003502211337894045
1999-10-11,0.0,-0.0,-0.0035173916214973526
1999-10-12,0.0,-0.0,-0.003608177797647941
1999-10-13,0.0,-0.0,-0.0036441211581886546
1999-10-14,0.0,-0.0,-0.003955269795415839
1999-10-15,0.0,-0.0,-0.004031937729298276
1999-10-18,-0.005104444633969825,2.0598285275711933e-05,-0.0040353626599515585
1999-10-19,-0.8,0.0032236093497730496,-0.004029511687216312
1999-10-20,-1.9,0.007726950098057221,-0.004066815841082748
1999-10-21,-0.3,0.0013333189324098121,-0.004444396441366041
1999-10-22,-1.2049659646356068,0.005406675332347221,-0.004486994231394951
1999-10-25,0.0,-0.0,-0.004713027665146682
1999-10-26,0.0,-0.0,-0.004875460960425963
1999-10-27,0.0,-0.0,-0.004962015452393115
1999-10-28,0.0,-0.0,-0.004988532244250622
1999-10-29,0.0,-0.0,-0.005019904607991053
1999-11-01,0.0,-0.0,-0.005046443422008448
1999-11-02,-0.005113239095303997,2.5829261474302702e-05,-0.005051448014239021
1999-11-03,0.8,-0.004058309064451275,-0.005072886330564093
1999-11-04,0.9,-0.004453028065626653,-0.004947808961807392
1999-11-05,1.6,-0.007549898941890525,-0.004718686838681578
1999-11-08,-0.1,0.00048776092142016695,-0.004877609214201669
1999-11-09,-1.2,0.005811586776693925,-0.004842988980578271
1999-11-10,0.9,-0.004528016145393549,-0.005031129050437276
1999-11-11,0.7,-0.0034100299010320118,-0.0048714712871885885
1999-11-12,1.3,-0.006108787192756184,-0.004699067071350911
1999-11-15,0.198750409778867,-0.0008907183975705669,-0.004481592760294658
1999-11-16,2.8,-0.012184529480907482,-0.004351617671752672
1999-11-17,-1.3,0.005246189272978334,-0.0040355302099833335
1999-11-18,1.1,-0.004660611911090256,-0.0042369199191729595
1999-11-19,-0.2,0.0008064538184140432,-0.004032269092070216
1999-11-22,0.0,-0.0,-0.0040680851286648955
1999-11-23,-1.5,0.005998629085524778,-0.003999086057016519
1999-11-24,1.0,-0.004237753215198262,-0.004237753215198262
1999-11-25,0.0,-0.0,-0.004057363386461217
1999-11-26,-0.7,0.0028292448376227458,-0.004041778339461065
1999-11-29,-0.5,0.0020791087565501347,-0.004158217513100269
1999-11-30,-1.9,0.007859854957275526,-0.004136765766987119
1999-12-01,1.2,-0.005304200839686341,-0.004420167366405284
1999-12-02,1.0,-0.004183323774443286,-0.004183323774443286
1999-12-03,2.6,-0.009957570769832991,-0.0038298349114742275
1999-12-06,-1.3,0.004377710791214952,-0.003367469839396117
1999-12-07,-1.0,0.003552317329464147,-0.003552317329464147
1999-12-08,-1.1,0.004050143105548072,-0.003681948277770974
1999-12-09,0.6,-0.002307841969033595,-0.003846403281722658
1999-12-10,0.5,-0.0018722525215921514,-0.003744505043184303
1999-12-13,0.2,-0.0007327485521336119,-0.003663742760668059
1999-12-14,-1.2,0.0043215743495639836,-0.0036013119579699866
1999-12-15,0.4,-0.0015278820160271585,-0.003819705040067896
1999-12-16,0.8,-0.0030016479789597077,-0.0037520599736996342
1999-12-17,0.8,-0.0029069478968993504,-0.003633684871124188
1999-12-20,-1.0,0.003485889185929281,-0.003485889185929281
1999-12-21,1.9,-0.0068585164504533945,-0.003609745500238629
1999-12-22,0.3,-0.000993499025456704,-0.003311663418189013
1999-12-23,2.4,-0.007554957219874215,-0.0031478988416142567
1999-12-24,-0.004885317889698298,1.3704155432949868e-05,-0.002805171688386525
1999-12-27,-0.6,0.001700085910276625,-0.0028334765171277084
1999-12-28,0.2,-0.0005846654427696474,-0.0029233272138482367
1999-12-29,0.6,-0.0017353352387966153,-0.002892225397994359
1999-12-30,-0.2,0.0005604914337762871,-0.0028024571688814357
1999-12-31,0.8,-0.002257238264126815,-0.0028215478301585185
2000-01-03,-3.6,0.009123922795616411,-0.002534422998782336
2000-01-04,-11.0,0.019632543815442667,-0.0017847767104947879
2000-01-05,0.3901280571413774,-0.0010566305015435303,-0.002708419664265831
2000-01-06,0.0,-0.0,-0.00268448376837517
2000-01-07,0.0,-0.0,-0.002721642923152835
2000-01-10,0.0,-0.0,-0.0027523938257749342
2000-01-11,0.0,-0.0,-0.0027915070280396005
2000-01-12,0.0,-0.0,-0.0032081086851459086
2000-01-13,0.0,-0.0,-0.0032122293708967053
2000-01-14,0.0,-0.0,-0.0032505403813574934
2000-01-17,0.0,-0.0,-0.003253192479129965
2000-01-18,0.0,-0.0,-0.003261327292044361
2000-01-19,0.0,-0.0,-0.0032605531732227888
2000-01-20,-0.005159940073743775,1.682026457757582e-05,-0.003259779055025331
2000-01-21,-0.4,0.001302931252065191,-0.003257328130162977
2000-01-24,-4.105185610052292,0.012636326938192773,-0.0030781377843794528
2000-01-25,0.0,-0.0,-0.0034668515960251524
2000-01-26,0.0,-0.0,-0.0034660296687896042
2000-01-27,0.0,-0.0,-0.0034652081311895722
2000-01-28,0.0,-0.0,-0.0034643873309110553
2000-01-31,0.0,-0.0,-0.0034945661153949247
2000-02-01,0.0,-0.0,-0.0034959634337106554
2000-02-02,0.0,-0.0,-0.0035188061050894465
2000-02-03,0.0,-0.0,-0.003545823367354323
2000-02-04,0.0,-0.0,-0.003545127300420489
2000-02-07,0.0,-0.0,-0.0036601981218991847
2000-02-08,0.0,-0.0,-0.0036649708101724955
2000-02-09,0.0,-0.0,-0.0036641039676128862
2000-02-10,0.0,-0.0,-0.003663237535009253
2000-02-11,0.0,-0.0,-0.0036623715120708404
2000-02-14,0.0,-0.0,-0.003661505898507173
2000-02-15,-0.0023554319381478483,8.622389804943679e-06,-0.0036606406091800473
2000-02-16,0.0,-0.0,-0.003660012072695639
2000-02-17,0.0,-0.0,-0.0036851664289654675
2000-02-18,0.0,-0.0,-0.003724412316058094
2000-02-21,0.0,-0.0,-0.00375951113598947
2000-02-22,0.0,-0.0,-0.0038709988250414076
2000-02-23,-0.005388140818940292,2.088637379848096e-05,-0.003876360047061422
2000-02-24,1.0,-0.003858922156261476,-0.003858922156261476
2000-02-25,1.7,-0.0062989033713725835,-0.00370523727727799
2000-02-28,-1.0,0.003511938632427665,-0.003511938632427665
2000-02-29,-2.4,0.00846419306076347,-0.0035267471086514466
2000-03-01,-1.3054377287606735,0.004884611394401171,-0.003741742165701317
2000-03-02,0.0,-0.0,-0.003871951835655236
2000-03-03,0.0,-0.0,-0.0038710397052823665
2000-03-06,0.0,-0.0,-0.003870128004556302
2000-03-07,0.0,-0.0,-0.003869216733173548
2000-03-08,0.0,-0.0,-0.0038683058908308902
2000-03-09,0.0,-0.0,-0.003867395477225402
2000-03-10,0.0,-0.0,-0.0038664854920544447
2000-03-13,0.0,-0.0,-0.003865575935015659
2000-03-14,0.0,-0.0,-0.0038646668058069746
2000-03-15,0.0,-0.0,-0.0038637581041266033
2000-03-16,0.0,-0.0,-0.00386284982967304
2000-03-17,0.0,-0.0,-0.0038619419821450656
2000-03-20,0.0,-0.0,-0.0038610349722663106
2000-03-21,0.0,-0.0,-0.003870532157645331
2000-03-22,-0.005989172793820137,2.3184625732822586e-05,-0.0038710898033774196
2000-03-23,2.6,-0.009864548745235265,-0.0037940572097058707
2000-03-24,1.2,-0.004283296541000938,-0.003569413784167449
2000-03-27,-1.8,0.006135478211479006,-0.0034085990063772256
2000-03-28,-0.8,0.002941520809474482,-0.0036769010118431022
2000-03-29,0.0,-0.0,-0.0037564750077507263
2000-03-30,-2.5,0.00914749934944713,-0.0036589997397788523
2000-03-31,1.0,-0.003886911582064792,-0.003886911582064792
2000-04-03,1.3,-0.004891196503192134,-0.0037624588486093336
2000-04-04,-0.9,0.003261424157147703,-0.0036238046190530033
2000-04-05,-1.4,0.005152691782948556,-0.0036804941306775403
2000-04-06,1.2,-0.004549905500454023,-0.0037915879170450193
2000-04-07,1.3,-0.004747461831889658,-0.003651893716838199
2000-04-10,-0.8,0.0028154612294249595,-0.003519326536781199
2000-04-11,-0.3,0.0010777668766261594,-0.0035925562554205313
2000-04-12,-4.2,0.014244096978755488,-0.003391451661608449
2000-04-13,-2.1060895591172932,0.007896577468031374,-0.003749402504678385
2000-04-14,0.0,-0.0,-0.003934881628138581
2000-04-17,0.0,-0.0,-0.003955226466988607
2000-04-18,0.0,-0.0,-0.003954301690593731
2000-04-19,0.0,-0.0,-0.003953377346543995
2000-04-20,0.0,-0.0,-0.00395245343453628
2000-04-21,0.0,-0.0,-0.003951529954267748
2000-04-24,0.0,-0.0,-0.003950606905435845
2000-04-25,0.0,-0.0,-0.0039496842877383
2000-04-26,0.0,-0.0,-0.003948762485235133
2000-04-27,0.0,-0.0,-0.003957269669377123
2000-04-28,0.0,-0.0,-0.003968341615534336
2000-05-01,0.0,-0.0,-0.0040058012414798515
2000-05-02,0.0,-0.0,-0.004005018189482121
2000-05-03,0.0,-0.0,-0.004025995666279102
2000-05-04,0.0,-0.0,-0.004037485004812949
2000-05-05,0.0,-0.0,-0.004044097610785557
2000-05-08,0.0,-0.0,-0.004069420076458884
2000-05-09,0.0,-0.0,-0.004069089774962448
2000-05-10,0.0,-0.0,-0.004194568547008306
2000-05-11,0.0,-0.0,-0.004221874230764265
2000-05-12,0.0,-0.0,-0.004241371589227015
2000-05-15,0.0,-0.0,-0.004241064566818113
2000-05-16,-0.0013501320412901787,5.724664547908951e-06,-0.004240077542666488
2000-05-17,0.0,-0.0,-0.004277821983608669
2000-05-18,0.0,-0.0,-0.004294206393962561
2000-05-19,0.0,-0.0,-0.004293207730721301
2000-05-22,0.0,-0.0,-0.00430077316568685
2000-05-23,0.0,-0.0,-0.004304154800729676
2000-05-24,0.0,-0.0,-0.004367416668974985
2000-05-25,0.0,-0.0,-0.0043925682105742546
2000-05-26,0.0,-0.0,-0.004409899910523541
2000-05-29,0.0,-0.0,-0.004537045915948232
2000-05-30,0.0,-0.0,-0.004569200224522097
2000-05-31,0.0,-0.0,-0.0045880144822884935
2000-06-01,0.0,-0.0,-0.0046112251698361565
2000-06-02,0.0,-0.0,-0.004617425703132543
2000-06-05,0.0,-0.0,-0.0046214158569343675
2000-06-06,0.0,-0.0,-0.0046211547299245875
2000-06-07,0.0,-0.0,-0.004649450196116297
2000-06-08,0.0,-0.0,-0.004651657717777405
2000-06-09,0.0,-0.0,-0.004663764366032153
2000-06-12,0.0,-0.0,-0.0046759403580411965
2000-06-13,0.0,-0.0,-0.004695717353199865
2000-06-14,0.0,-0.0,-0.004771491657304574
2000-06-15,0.0,-0.0,-0.004772334816951481
2000-06-16,0.0,-0.0,-0.004899266296827909
2000-06-19,0.0,-0.0,-0.004898133002523827
2000-06-20,0.0,-0.0,-0.004905226689317553
2000-06-21,0.0,-0.0,-0.004905007602237464
2000-06-22,0.0,-0.0,-0.004912127178405413
2000-06-23,0.0,-0.0,-0.00491191002374334
2000-06-26,0.0,-0.0,-0.004925515789708766
2000-06-27,0.0,-0.0,-0.00524308728802535
2000-06-28,0.0,-0.0,-0.013245787122824166
2000-06-29,0.0,-0.0,-0.013268210682738696
2000-06-30,0.0,-0.0,-0.013265146398575267
2000-07-03,0.0,-0.0,-0.013262083529473685
2000-07-04,0.0,-0.0,-0.013259022074453982
2000-07-05,0.0,-0.0,-0.013255962032537089
2000-07-06,0.0,-0.0,-0.013252903402744848
2000-07-07,0.0,-0.0,-0.013249846184099995
2000-07-10,0.0,-0.0,-0.013246790375626177
2000-07-11,0.0,-0.0,-0.013243735976347938
2000-07-12,0.0,-0.0,-0.013240682985290715
2000-07-13,0.0,-0.0,-0.013237631401480848
2000-07-14,-0.006667597806505071,8.82428448438957e-05,-0.013234578240127776
2000-07-17,-0.2,0.0026507217039099594,-0.013253608519549796
2000-07-18,-1.0,0.016652477813287974,-0.016652477813287974
2000-07-19,-1.2,0.01996703186859953,-0.016639193223832942
2000-07-20,1.7,-0.02777488145126198,-0.01633816555956587
2000-07-21,-2.7,0.03836698564473076,-0.014209994683233614
2000-07-24,-0.9067113128210196,0.013497688478276254,-0.014886423371383073
2000-07-25,0.0,-0.0,-0.015163097928231542
2000-07-26,0.0,-0.0,-0.015159610518624939
2000-07-27,0.0,-0.0,-0.015156124712810548
2000-07-28,0.0,-0.0,-0.015152640509682304
2000-07-31,-0.006725163625573339,0.00010188050474104248,-0.01514914884057663
2000-08-01,-0.8,0.012016417032334303,-0.01502052129041788
2000-08-02,-0.5,0.007605942405368023,-0.015211884810736046
2000-08-03,-0.9,0.01367978993049321,-0.015199766589436899
2000-08-04,-1.006720879738207,0.015370024976268892,-0.015267414519370845
2000-08-07,0.0,-0.0,-0.015563502087449303
2000-08-08,0.0,-0.0,-0.015559929981644563
2000-08-09,0.0,-0.0,-0.01555636061780224
2000-08-10,0.0,-0.0,-0.015552791789315852
2000-08-11,0.0,-0.0,-0.015549224597923877
2000-08-14,0.0,-0.0,-0.015545659042500118
2000-08-15,-0.0006368474087387156,9.8979429534801e-06,-0.01554209504139006
2000-08-16,0.0,-0.0,-0.015538721971461347
2000-08-17,0.0,-0.0,-0.015535167035780758
2000-08-18,0.0,-0.0,-0.015732597981289065
2000-08-21,-0.00668742963142183,0.00010927314872031095,-0.0163400820259664
2000-08-22,0.0,-0.0,-0.016561067381522486
2000-08-23,0.4,-0.0071700518831987,-0.01792512970799675
2000-08-24,0.5,-0.009086925796410057,-0.018173851592820114
2000-08-25,-0.3,0.005391084948371999,-0.017970283161239997
2000-08-28,0.6,-0.010784163584986066,-0.017973605974976777
2000-08-29,-0.1,0.0017758313876406317,-0.017758313876406317
2000-08-30,-1.4,0.024194597983924614,-0.017281855702803297
2000-08-31,1.8,-0.030512590132766654,-0.01695143896264814
2000-09-01,0.2,-0.0032717159242248387,-0.016358579621124192
2000-09-04,0.0,-0.0,-0.016290458995815237
2000-09-05,-1.2,0.019161030974126022,-0.015967525811771684
2000-09-06,-1.8,0.02817393461189064,-0.0156521858954948
2000-09-07,1.2933173855811206,-0.020494934855561215,-0.015846794517768208
2000-09-08,0.0,-0.0,-0.015460933878005482
2000-09-11,0.0,-0.0,-0.015457404753417102
2000-09-12,0.0,-0.0,-0.015453877239582406
2000-09-13,0.0,-0.0,-0.015450351335398878
2000-09-14,0.0,-0.0,-0.015446834108559742
2000-09-15,0.0,-0.0,-0.016900877855445733
2000-09-18,0.0,-0.0,-0.017243708933794975
2000-09-19,-0.006380715504003561,0.00011532600310581443,-0.018074149056395553
2000-09-20,0.9,-0.016223811400042806,-0.018026457111158672
2000-09-21,0.1,-0.0017709684348109524,-0.017709684348109524
2000-09-22,0.0,-0.0,-0.019485536601347712
2000-09-25,1.2,-0.023209559203266936,-0.01934129933605578
2000-09-26,1.4,-0.026322712557192967,-0.01880193754085212
2000-09-27,-0.4,0.007386994074657875,-0.018467485186644688
2000-09-28,-2.9,0.04881587177370046,-0.016833059232310505
2000-09-29,2.2,-0.03732685306686937,-0.016966751394031532
2000-10-02,-0.3,0.0049863569583770305,-0.01662118986125677
2000-10-03,1.6,-0.026025697554678942,-0.016266060971674337
2000-10-04,-0.9,0.014026841048166861,-0.015585378942407623
2000-10-05,-0.7,0.014594441313286063,-0.02084920187612295
2000-10-06,3.1,-0.05986725929604033,-0.019312019127754945
2000-10-09,1.0,-0.017815706281621876,-0.017815706281621876
2000-10-10,2.5,-0.03952256250104533,-0.01580902500041813
2000-10-11,1.2,-0.017559304743601182,-0.014632753953000985
2000-10-12,3.393710251017072,-0.041333335783034206,-0.01217939444613661
2000-10-13,-8.0,0.049793758515654755,-0.0062242198144568444
2000-10-16,-1.4063733622885783,0.010407366845942928,-0.007400145029060503
2000-10-17,3.2,-0.02278682192189245,-0.007120881850591391
2000-10-18,0.7,-0.004638984352534537,-0.006627120503620767
2000-10-19,-4.9,0.02771684582593033,-0.005656499148149047
2000-10-20,-0.9,0.005625794566007859,-0.006250882851119843
2000-10-23,-0.6,0.003810534250034138,-0.006350890416723563
2000-10-24,1.293527845076407,-0.008235559509741251,-0.006366743121215754
2000-10-25,0.0,-0.0,-0.006203318950823046
2000-10-26,-0.006499426584966163,4.030887261388533e-05,-0.0062019121359296325
2000-10-27,-3.0,0.0177346948051259,-0.005911564935041967
2000-10-30,-1.2,0.007465908847282534,-0.006221590706068779
2000-10-31,-2.806535640324781,0.01715936174422335,-0.006114072273900507
2000-11-01,0.0,-0.0,-0.006431895283106626
2000-11-02,0.0,-0.0,-0.0064304397588564694
2000-11-03,0.0,-0.0,-0.006428984893221364
2000-11-06,0.0,-0.0,-0.0064275306857543854
2000-11-07,0.0,-0.0,-0.006426077136009011
2000-11-08,0.0,-0.0,-0.006424624301534287
2000-11-09,0.0,-0.0,-0.006423172065881055
2000-11-10,0.0,-0.0,-0.006421720486612285
2000-11-13,-0.006531904757724223,4.193658044565675e-05,-0.006420268206768503
2000-11-14,-3.502787585610358,0.0211983377858355,-0.00605184792618297
2000-11-15,-0.3,0.0019267532568158895,-0.006422510856052966
2000-11-16,1.8,-0.011442634527148707,-0.006357019181749282
2000-11-17,0.8,-0.004918372612283157,-0.006147965765353946
2000-11-20,2.3,-0.013613905828771573,-0.00591908949077025
2000-11-21,-0.8,0.004532705482591423,-0.005665881853239279
2000-11-22,3.2,-0.017584704505459084,-0.005495220157955964
2000-11-23,0.0,-0.0,-0.005181489455975846
2000-11-24,-2.3,0.011651715770631167,-0.0050659633785352905
2000-11-27,-1.2,0.006303362646398372,-0.005252802205331977
2000-11-28,2.0,-0.010555762039293816,-0.005277881019646908
2000-11-29,0.4,0.003574841978262298,0.008937104945655744
2000-11-30,1.4,0.013228894186358055,0.009449210133112897
2000-12-01,0.0,-0.0,-0.0050501003341368806
2000-12-04,-0.9,-0.010415211129903151,0.0115724568110035
2000-12-05,-4.5,-0.04226288779736657,0.009391752843859237
2000-12-06,2.1,-0.009588936399318161,-0.004566160190151505
2000-12-07,1.7,0.005196758842061004,0.003056916965918238
2000-12-08,-0.1,0.00043510515857342796,-0.0043510515857342795
2000-12-11,-4.6,-0.024012123412071304,0.0052200268287111535
2000-12-12,0.4936392865325314,-0.001985247275109177,-0.004021655749999442
2000-12-13,0.0,-0.0,-0.001119455726290354
2000-12-14,0.0,-0.0,-0.001095717092172146
2000-12-15,0.0,-0.0,-0.0010730818986833541
2000-12-18,-0.006439186691665373,6.882292838131797e-06,-0.0010688139927733363
2000-12-19,2.8,-0.0029200783181251248,-0.001042885113616116
2000-12-20,3.8,0.010758667637400928,0.0028312283256318235
2000-12-21,-0.9,-0.007367552544008548,0.00818616949334283
2000-12-22,-3.8,-0.025089629158441835,0.006602533989063641
2000-12-25,0.0,-0.0,-0.003541708985738596
2000-12-26,-1.0,0.0035303576170864636,-0.0035303576170864636
2000-12-27,-1.3,-0.001981677547079749,0.001524367343907499
2000-12-28,-0.305953626505287,7.675418649988822e-05,-0.00025086869332650933
2000-12-29,0.0,-0.0,-0.0006778003511504663
2001-01-01,0.0,-0.0,-0.0006766583455815055
2001-01-02,0.0,-0.0,-0.003564232790110586
2001-01-03,-0.006057528456854643,4.125916066232959e-06,-0.0006811220278402671
2001-01-04,0.9939408163198293,-0.0005837770942030826,-0.0005873358701221053
2001-01-05,0.0,0.0,0.0007415240638397688
2001-01-08,0.0,0.0,0.0008076723311474705
2001-01-09,0.0,0.0,0.0007642132482281305
2001-01-10,0.0,0.0,0.0007622690585942684
2001-01-11,0.0,0.0,0.0007553935531786014
2001-01-12,0.0,0.0,0.0007304979718786009
2001-01-15,0.0,0.0,0.0006868370005218515
2001-01-16,0.0,-0.0,-0.0037106908624040024
2001-01-17,0.0,0.0,0.0006221351895953259
2001-01-18,0.0,0.0,0.0006185012375052755
2001-01-19,0.0,0.0,0.0005826884177045798
2001-01-22,0.0,-0.0,-0.0037098139969107026
2001-01-23,0.0,0.0,0.00042612051256409934
2001-01-24,0.0,0.0,0.00041896403622244455
2001-01-25,0.0,0.0,0.0004085769391025283
2001-01-26,0.0,0.0,0.00040594410463772306
2001-01-29,0.0,0.0,0.00039257305796762274
2001-01-30,0.0,0.0,0.00037892372331059266
2001-01-31,0.0,0.0,0.00035909287281544826
2001-02-01,0.0,0.0,0.0003606981865693852
2001-02-02,0.0,-0.0,-0.003740193600794639
2001-02-05,0.0,0.0,0.00040751837364380155
2001-02-06,0.0,0.0,0.0004082149971169575
2001-02-07,0.0,0.0,0.0003359166999237091
2001-02-08,0.0,0.0,0.00034114512811088345
2001-02-09,-0.005741683706134742,-2.1159626232495497e-06,0.0003685265039919797
2001-02-12,-1.3,-0.0004982335053565239,0.0003832565425819415
2001-02-13,0.8,-0.0008063819597857857,-0.001007977449732232
2001-02-14,0.7,-7.786521727855851e-05,-0.00011123602468365503
2001-02-15,-1.5018101250966975,-0.0010106669521274016,0.0006729658664821743
2001-02-16,2.9,-0.0026877770379139404,-0.0009268196682461863
2001-02-19,0.0,0.0,0.002489250202381498
2001-02-20,1.9,-0.006783749021559564,-0.003570394221873455
2001-02-21,3.0,0.0073814931993620905,0.002460497733120697
2001-02-22,-0.1,-0.0006310215371205493,0.006310215371205492
2001-02-23,0.9,0.005470842525508112,0.006078713917231236
2001-02-26,-2.505829322832355,-0.017173824526879666,0.006853549190440465
2001-02-27,1.7941687511690543,0.007259239277764687,0.0040460181201097565
2001-02-28,2.6,0.01565299896961046,0.006020384219080945
2001-03-01,-0.5,-0.004617658728441106,0.009235317456882212
2001-03-02,0.8,0.00666978742174417,0.008337234277180212
2001-03-05,-0.8,-0.0072454243973027205,0.0090567804966284
2001-03-06,-1.4,-0.011225228723174868,0.008018020516553478
2001-03-07,-0.9,-0.005863857618878893,0.006515397354309881
2001-03-08,0.1,0.0005473748694448331,0.00547374869444833
2001-03-09,3.4,-0.010842660655213878,-0.0031890178397687876
2001-03-12,5.3,0.02770893357496267,0.005228100674521259
2001-03-13,-1.9,-0.020807233732571786,0.010951175648721993
2001-03-14,2.9,0.02480998015788337,0.00855516557168392
2001-03-15,-0.5,-0.005792558103391659,0.011585116206783317
2001-03-16,2.4,0.025927395150157937,0.010803081312565807
2001-03-19,-1.9,-0.02510348064205265,0.013212358232659292
2001-03-20,2.8,0.031218377611885645,0.011149420575673445
2001-03-21,2.1,0.02914525623420194,0.013878693444858066
2001-03-22,1.3,0.02048225946803288,0.015755584206179136
2001-03-23,-3.4,-0.05737615974713198,0.01687534110209764
2001-03-26,-1.3,-0.01720994901316978,0.013238422317822907
2001-03-27,-2.4,-0.027737046172913914,0.011557102572047465
2001-03-28,3.1,0.028946637054794652,0.009337624856385372
2001-03-29,-0.3,-0.003630523998784893,0.01210174666261631
2001-03-30,-0.7,-0.008220652771599331,0.011743789673713331
2001-04-02,1.9,0.021315012121063688,0.011218427432138784
2001-04-03,4.2,0.050051996493905175,0.011917142022358374
2001-04-04,-0.5,-0.007898050556946347,0.015796101113892694
2001-04-05,-4.3,-0.06170750805099259,0.014350583267672697
2001-04-06,1.6,0.01833985377176941,0.01146240860735588
2001-04-09,-1.0,-0.014079573437223674,0.014079573437223674
2001-04-10,-2.2,-0.027340182932733794,0.01242735587851536
2001-04-11,-0.1,-0.0011018347388163418,0.011018347388163418
2001-04-12,-2.1,-0.021949753743462953,0.01045226368736331
2001-04-13,0.0,0.0,0.009464731560309605
2001-04-16,1.2,-0.0037283881272465406,-0.003106990106038784
2001-04-17,-1.3,-0.011741409225346514,0.009031853250266548
2001-04-18,-5.0,-0.03776645074283994,0.0075532901485679885
2001-04-19,-1.4064945385553511,-0.005823539688849922,0.004140463776582765
2001-04-20,0.0,0.0,0.002981239002010827
2001-04-23,0.0,0.0,0.003049190032999976
2001-04-24,0.0,0.0,0.0030121815138437085
2001-04-25,0.0,0.0,0.0030623751835019515
2001-04-26,0.0,0.0,0.0030045938297127016
2001-04-27,0.0,0.0,0.0029967391992706018
2001-04-30,0.0,0.0,0.003021032975863022
2001-05-01,0.0,0.0,0.0030163552549070287
2001-05-02,0.0,0.0,0.003039265048318751
2001-05-03,0.0,0.0,0.0030309586332624453
2001-05-04,0.0,0.0,0.002957613988991252
2001-05-07,0.0,-0.0,-0.0029634217748704854
2001-05-08,0.0,0.0,0.002898906026947476
2001-05-09,0.0,0.0,0.0029711560306545466
2001-05-10,0.0,0.0,0.0028510256442195784
2001-05-11,0.0,0.0,0.002871916998309452
2001-05-14,0.0,0.0,0.0028557127272306735
2001-05-15,0.0,0.0,0.0028842997477174772
2001-05-16,0.0,0.0,0.0028249224165638564
2001-05-17,-0.002884664630843158,-8.905007188985301e-06,0.003087016457224166
2001-05-18,0.0,0.0,0.0029583446533881846
2001-05-21,0.0,0.0,0.002946445772214938
2001-05-22,0.0,0.0,0.002972432588591317
2001-05-23,0.0,0.0,0.002981656664654164
2001-05-24,0.0,0.0,0.0030537884249398346
2001-05-25,0.0,0.0,0.0030647703304855873
2001-05-28,0.0,0.0,0.0030900431854300778
2001-05-29,0.0,-0.0,-0.003382933859517744
2001-05-30,0.0,0.0,0.0034008355896744846
2001-05-31,0.0,0.0,0.003216405316621715
2001-06-01,0.0,0.0,0.0031906042067737406
2001-06-04,0.0,0.0,0.003154778925023003
2001-06-05,0.0,0.0,0.0033977058698056698
2001-06-06,0.0,0.0,0.003189579617437383
2001-06-07,0.0,0.0,0.003217612509992519
2001-06-08,0.0,0.0,0.0031476928748861914
2001-06-11,0.0,-0.0,-0.00398221749756254
2001-06-12,0.0,0.0,0.0030471034573954993
2001-06-13,0.0,0.0,0.0030771467037791203
2001-06-14,-0.0065834039616094716,-2.0947547751678268e-05,0.0031818718513753693
2001-06-15,-0.4,-0.0013241411960480585,0.003310352990120146
2001-06-18,0.7,0.0021965853995119322,0.003137979142159903
2001-06-19,-0.4,-0.0014307001372114634,0.003576750343028658
2001-06-20,-0.6,-0.0019076236417897834,0.003179372736316306
2001-06-21,-1.3,-0.003418966676818861,0.002629974366783739
2001-06-22,0.8,0.0012856400605350522,0.0016070500756688152
2001-06-25,1.2,0.0027342260107333094,0.0022785216756110913
2001-06-26,0.2,0.0006607511144645234,0.0033037555723226166
2001-06-27,0.2,0.0006793820786911322,0.0033969103934556612
2001-06-28,-0.8,-0.002782754475669932,0.0034784430945874146
2001-06-29,-0.5,-0.001280896066560538,0.002561792133121076
2001-07-02,-1.5,-0.003255829469324389,0.0021705529795495926
2001-07-03,0.2,0.0002077015858696141,0.0010385079293480704
2001-07-04,0.0,0.0,0.0011835411184157407
2001-07-05,2.3,-0.010257803102541622,-0.004459914392409402
2001-07-06,2.8,0.003411057103785599,0.0012182346799234282
2001-07-09,-0.7,-0.0025099710413691453,0.003585672916241636
2001-07-10,1.4,0.004240190006338481,0.0030287071473846295
2001-07-11,0.2,0.0008306421222957491,0.004153210611478745
2001-07-12,-3.006195505230735,-0.012297222429691177,0.004090626310994809
2001-07-13,-2.2062030307801113,-0.004562472866070252,0.002068020396317272
2001-07-16,1.5,0.0004733066195569466,0.00031553774637129773
2001-07-17,-0.9,-0.0013970996813376679,0.0015523329792640754
2001-07-18,0.8,0.0006660279630724413,0.0008325349538405515
2001-07-19,-1.1,-0.0016260187520448642,0.001478198865495331
2001-07-20,0.8,0.0004950883103792014,0.0006188603879740017
2001-07-23,2.3,0.0028895634205952673,0.0012563319219979425
2001-07-24,1.4,0.0045296857447771335,0.003235489817697953
2001-07-25,-1.4,-0.006189722560105515,0.004421230400075368
2001-07-26,-1.4,-0.00454931724050841,0.0032495123146488647
2001-07-27,-0.4,-0.0008423436951554288,0.002105859237888572
2001-07-30,0.0,0.0,0.0017552742372352022
2001-07-31,-0.5,-0.0008268516873969038,0.0016537033747938076
2001-08-01,-0.7,-0.0008692162535652144,0.0012417375050931636
2001-08-02,-0.4,-0.00027293173454130443,0.0006823293363532611
2001-08-03,0.6,0.00021306821085713198,0.0003551136847618866
2001-08-06,1.7,0.0013525784822163264,0.0007956344013037214
2001-08-07,-0.5,-0.0010612472890946512,0.0021224945781893024
2001-08-08,2.3,0.00380020434856846,0.0016522627602471565
2001-08-09,-0.3,-0.0010503721607836155,0.003501240535945385
2001-08-10,-0.3,-0.0009793450489260416,0.0032644834964201384
2001-08-13,-0.1,0.00036687770792317694,-0.003668777079231769
2001-08-14,0.0,0.0,0.002735500009115045
2001-08-15,1.1,0.0029687387495277336,0.0026988534086615757
2001-08-16,-0.4026203502577816,-0.001435717479042285,0.0035659337093195934
2001-08-17,2.0,0.005907145749895297,0.0029535728749476484
2001-08-20,-1.1,-0.004931412692221506,0.004483102447474096
2001-08-21,2.0,0.007554599023367343,0.0037772995116836716
2001-08-22,-1.1,-0.005737004363029525,0.005215458511845022
2001-08-23,0.4,0.0018284374000754851,0.0045710935001887125
2001-08-24,-2.5,-0.011339275397272731,0.004535710158909093
2001-08-27,0.7,0.0021403422452521623,0.0030576317789316604
2001-08-28,1.7,0.006004167046938238,0.003531862968787199
2001-08-29,1.2,0.005848181629895232,0.004873484691579361
2001-08-30,2.3,0.013037371725075743,0.005668422489163367
2001-08-31,-0.6,-0.00456819226987442,0.007613653783124033
2001-09-03,-0.0055504022728235835,-4.14582338417473e-05,0.007469410648799117
2001-09-04,0.8,-0.003454629655291391,-0.004318287069114238
2001-09-05,-0.6,-0.004339982247132265,0.007233303745220442
2001-09-06,6.0,0.03593010405564523,0.005988350675940872
2001-09-07,4.2,0.04031323084325502,0.009598388296013099
2001-09-10,-2.6,-0.032604282753627305,0.012540108751395116
2001-09-11,0.2,0.002171086552315196,0.010855432761575981
2001-09-12,0.0,0.0,0.01116751154666653
2001-09-13,0.0,-0.0,-0.003743348818386199
2001-09-14,0.0,-0.0,-0.003766223300236098
2001-09-17,11.6,-0.029892826379481884,-0.0025769677913346453
2001-09-18,1.0,0.0077109022818995605,0.0077109022818995605
2001-09-19,4.4,0.03455238393447865,0.007852814530563329
2001-09-20,6.6,0.05998150897129276,0.009088107419892843
2001-09-21,2.2,0.026199178371336077,0.011908717441516397
2001-09-24,-7.0,-0.08116554231875872,0.011595077474108388
2001-09-25,-2.0,-0.018500171240041097,0.009250085620020549
2001-09-26,0.8,0.006946785321235095,0.008683481651543869
2001-09-27,-1.8,-0.015532929351421145,0.00862940519523397
2001-09-28,-4.2,-0.03338397708308912,0.007948565972164076
2001-10-01,0.19445791504717622,0.001208378873237348,0.0062140894236379675
2001-10-02,-1.3,-0.008107849688808406,0.006236807452929543
2001-10-03,-1.8,-0.010411675067749215,0.005784263926527341
2001-10-04,-0.1,-0.0005106936630505568,0.005106936630505568
2001-10-05,0.3,0.0015321270245801382,0.005107090081933794
2001-10-08,0.7,0.0036155086454347763,0.0051650123506211095
2001-10-09,0.6,0.003228371775432535,0.0053806196257208914
2001-10-10,-2.4,-0.013180733219434167,0.005491972174764236
2001-10-11,-1.7,-0.008395018022280248,0.004938245895458969
2001-10-12,0.6,0.00246549516891778,0.004109158614862967
2001-10-15,0.1,0.00043116289264817333,0.004311628926481733
2001-10-16,-0.6,-0.002597819440205443,0.004329699067009072
2001-10-17,2.3,0.009226959470543365,0.004011721508931898
2001-10-18,0.3,0.0014782355465499124,0.004927451821833041
2001-10-19,0.0,0.0,0.005000451942704033
2001-10-22,-2.1,-0.010362445967906975,0.004934498079955702
2001-10-23,0.6,0.0025430086096086962,0.004238347682681161
2001-10-24,0.3,0.001335495066108529,0.004451650220361763
2001-10-25,-1.8,-0.008055479049780764,0.004475266138767091
2001-10-26,0.1,0.0003925594378606023,0.0039255943786060225
2001-10-29,2.9,0.011181518107812202,0.003855695899245587
2001-10-30,1.4,0.007137772130021879,0.005098408664301343
2001-10-31,-0.2,-0.00113477666249742,0.0056738833124871
2001-11-01,-2.2,0.003405365287522345,-0.0015478933125101567
2001-11-02,-0.7,-0.003972288681696994,0.005674698116709991
2001-11-05,-1.4,-0.007529952560010999,0.0053785375428649996
2001-11-06,-1.7,-0.00820365614062562,0.004825680082720954
2001-11-07,0.09448855501597714,0.00039870175427180756,0.0042195772197425475
2001-11-08,0.0,0.0,0.004246871809521031
2001-11-09,0.0,0.0,0.0040632795596027655
2001-11-12,0.0,0.0,0.004054305278096605
2001-11-13,0.0,0.0,0.004057654856745801
2001-11-14,0.0,0.0,0.004139893140767441
2001-11-15,-0.004157859778092494,-1.7182589674258667e-05,0.004132556312935965
2001-11-16,0.0,0.0,0.004000150925965483
2001-11-19,0.0,0.0,0.003998082457494404
2001-11-20,0.0,0.0,0.0039978616595351775
2001-11-21,0.0,0.0,0.003975484602516601
2001-11-22,0.0,0.0,0.003935990163849725
2001-11-23,0.0,-0.0,-0.001642089267343449
2001-11-26,0.0,0.0,0.00392189337539912
2001-11-27,0.0,0.0,0.003904035113848847
2001-11-28,0.0,0.0,0.003898121223817873
2001-11-29,0.0,0.0,0.003965637837102827
2001-11-30,0.0,-0.0,-0.0016419412482882154
2001-12-03,0.0,0.0,0.0040050667051526245
2001-12-04,0.0,0.0,0.00399902915005629
2001-12-05,0.0,0.0,0.004082228884503896
2001-12-06,0.0,0.0,0.004212308485257965
2001-12-07,0.0,0.0,0.0041651443027136284
2001-12-10,0.0,0.0,0.003946807783995455
2001-12-11,0.0,0.0,0.004072433287572365
2001-12-12,0.0,0.0,0.00405875397691282
2001-12-13,0.0,0.0,0.004050945941980463
2001-12-14,0.0,0.0,0.004186538970840391
2001-12-17,0.0,0.0,0.004153470694028975
2001-12-18,0.0,0.0,0.004172936027929747
2001-12-19,0.0,0.0,0.004129874235478139
2001-12-20,0.0,0.0,0.004138537774795007
2001-12-21,0.0,0.0,0.00417120649135125
2001-12-24,0.0,-0.0,-0.00166226944485234
2001-12-25,0.0,0.0,0.004160020348857739
2001-12-26,0.0,-0.0,-0.0016699431413120327
2001-12-27,0.0,0.0,0.004159421325334808
2001-12-28,0.0,0.0,0.004161023966398435
2001-12-31,0.0,0.0,0.004172899497918278
2002-01-01,0.0,0.0,0.00391418876416442
2002-01-02,0.0,-0.0,-0.001726466120352353
2002-01-03,0.0,0.0,0.003928621115100765
2002-01-04,0.0,0.0,0.004059325736302955
2002-01-07,0.0,0.0,0.0038548271580138953
2002-01-08,0.0,0.0,0.0038608127763327944
2002-01-09,0.0,0.0,0.0038022922855658705
2002-01-10,0.0,0.0,0.003819908395172426
2002-01-11,0.0,0.0,0.0038169426805843023
2002-01-14,0.0,0.0,0.0038385640720258176
2002-01-15,0.0,0.0,0.0038921390123361523
2002-01-16,0.0,0.0,0.0037867486219147015
2002-01-17,-0.00453070155510265,-1.808091157545133e-05,0.003990753166049508
2002-01-18,0.525,0.002090362448694078,0.003981642759417292
2002-01-21,0.0,0.0,0.0041279689640179975
2002-01-22,0.75,-0.0013842184470178641,-0.0018456245960238188
2002-01-23,-0.75,-0.003163548163317611,0.004218064217756815
2002-01-24,-0.425,-0.0016844138417847082,0.003963326686552255
2002-01-25,0.0,0.0,0.0037970203302311618
2002-01-28,-0.225,0.00040780107336216493,-0.0018124492149429552
2002-01-29,3.5,0.012950922508236045,0.003700263573781727
2002-01-30,-1.5,-0.008112232553134917,0.005408155035423278
2002-01-31,-1.5,-0.0073443368880020555,0.00489622459200137
2002-02-01,0.7,0.0029293232853791983,0.004184747550541712
2002-02-04,2.825,0.012437528970068747,0.004402665122148229
2002-02-05,0.625,0.0036328425323469953,0.005812548051755193
2002-02-06,0.575,0.003498679399225654,0.006084659824740268
2002-02-07,0.625,0.0039686913361653645,0.006349906137864583
2002-02-08,-1.95,-0.012718595262482054,0.0065223565448625925
2002-02-11,-1.375,-0.00800395348210834,0.0058210570778969755
2002-02-12,0.275,0.0013978605032291896,0.005083129102651598
2002-02-13,-1.125,-0.005816743975105158,0.005170439088982363
2002-02-14,0.19544798343874614,0.000892380798874619,0.004565822492378353
2002-02-15,-0.0008543815274506194,-3.9242178994409275e-06,0.004593050965357786
2002-02-18,0.0,0.0,0.004686034924566949
2002-02-19,0.0,-0.0,-0.0017797411783023534
2002-02-20,-0.004591281771167495,-2.1073913163449377e-05,0.004589984717511814
2002-02-21,2.2,0.009940574499634154,0.004518442954379161
2002-02-22,-1.275,-0.00701712510164029,0.005503627530698267
2002-02-25,-1.775,-0.008474888283807292,0.004774584948623826
2002-02-26,0.15,0.0006225750394246215,0.004150500262830811
2002-02-27,-0.35,-0.0014537609818219051,0.004153602805205443
2002-02-28,0.44541983628643506,0.001766410107591227,0.003965719448685051
2002-03-01,0.0,0.0,0.004503268108189584
2002-03-04,0.0,0.0,0.0045676007431445535
2002-03-05,0.0,0.0,0.004591133892959645
2002-03-06,0.0,0.0,0.004535115348311519
2002-03-07,0.0,0.0,0.00458614190942418
2002-03-08,0.0,0.0,0.004523773622567046
2002-03-11,-0.004633946442259394,-2.069471322361971e-05,0.004465893916013733
2002-03-12,0.05,0.000344824036041588,0.006896480720831759
2002-03-13,-1.225,-0.008348739691520555,0.0068152977073637185
2002-03-14,-0.175,-0.0011720212996761232,0.006697264569577847
2002-03-15,1.1204343373582843,0.0088557692963402,0.007903871740685832
2002-03-18,0.0,0.0,0.008609572137044198
2002-03-19,0.0,0.0,0.011947282290535042
2002-03-20,0.0,0.0,0.011721975385433124
2002-03-21,0.0,0.0,0.012302729233726419
2002-03-22,0.0,0.0,0.012624704115754974
2002-03-25,0.0,0.0,0.014858762459421379
2002-03-26,0.0,0.0,0.014827264972257989
2002-03-27,0.0,0.0,0.015137335876616238
2002-03-28,0.0,0.0,0.015541268410999133
2002-03-29,0.0,-0.0,-0.008387742173158219
2002-04-01,0.0,-0.0,-0.008394061005290507
2002-04-02,0.0,0.0,0.015844699607156374
2002-04-03,0.0,0.0,0.01594280055988612
2002-04-04,0.0,0.0,0.017103400431915314
2002-04-05,-0.0044227801882169,-7.621411289009427e-05,0.0172321728972972
2002-04-08,-0.2,-0.0033978799846496044,0.016989399923248022
2002-04-09,0.7,0.011587612923698783,0.01655373274814112
2002-04-10,-1.15,-0.020198625550442523,0.017564022217776108
2002-04-11,2.8,0.044399625270875036,0.015857009025312514
2002-04-12,-0.8,-0.01733737363700169,0.021671717046252113
2002-04-15,0.775,0.015764519110265177,0.020341314980987322
2002-04-16,-2.55,-0.05423627270184618,0.0212691265497436
2002-04-17,0.175,0.0031264740162924264,0.017865565807385294
2002-04-18,0.49551995467690324,0.008960499609727822,0.01808302476046679
2002-04-19,0.0,0.0,0.01966747002621534
2002-04-22,0.0,0.0,0.01920264484241468
2002-04-23,0.0,0.0,0.021981190582433714
2002-04-24,-0.004505099532730537,-9.533472113498732e-05,0.02116151273514817
2002-04-25,-0.075,-0.0015864320344693389,0.021152427126257853
2002-04-26,2.05,0.04336264063411309,0.02115250762639663
2002-04-29,0.7,0.01771411298707107,0.025305875695815817
2002-04-30,-1.225,-0.03287352498831058,0.026835530602702513
2002-05-01,-1.125,-0.028095023598942653,0.024973354310171246
2002-05-02,0.4,0.008982432336436254,0.022456080841090634
2002-05-03,1.15,0.02626021370464242,0.022834968438819495
2002-05-06,2.125,-0.020656580735681187,-0.009720743875614677
2002-05-07,0.425,0.010550499871481083,0.024824705579955492
2002-05-08,-3.9045555109712335,-0.0837298840411944,0.021444152556142588
2002-05-09,2.495469659010198,0.03706100994951117,0.01485131659112659
2002-05-10,2.0,0.036714093001355995,0.018357046500677997
2002-05-13,-2.15,-0.04518618233730861,0.021016828994097028
2002-05-14,-2.3,-0.03936208041393988,0.01711394800606082
2002-05-15,0.3953766603249791,0.00538749957739757,0.013626245851157034
2002-05-16,0.0,0.0,0.014113795995921895
2002-05-17,-0.0015121554313546096,-2.1248214225345715e-05,0.014051607251981546
2002-05-20,0.0,0.0,0.01387594823225195
2002-05-21,0.0,0.0,0.013773590984135563
2002-05-22,0.0,0.0,0.013825483071156447
2002-05-23,0.0,0.0,0.013778628479527667
2002-05-24,0.0,0.0,0.01341788793970052
2002-05-27,0.0,0.0,0.013308962716717068
2002-05-28,0.0,-0.0,-0.0062749731162279315
2002-05-29,-0.0042995754445673195,-5.7899252380481045e-05,0.013466271990561067
2002-05-30,0.2,0.0026137196459905566,0.013068598229952783
2002-05-31,-0.175,-0.0022489327179684715,0.01285104410267698
2002-06-03,2.875,0.03379863876883128,0.011756048267419578
2002-06-04,-0.275,-0.004346938612957383,0.015807049501663208
2002-06-05,-0.9,-0.01335484361209415,0.014838715124549054
2002-06-06,2.1,0.027893449066776176,0.01328259479370294
2002-06-07,0.125,0.002008602599639441,0.016068820797115527
2002-06-10,-0.375,-0.00586337346334434,0.01563566256891824
2002-06-11,1.775,-0.009672584733542199,-0.0054493435118547606
2002-06-12,-0.6,-0.008881910156167575,0.014803183593612627
2002-06-13,0.95,0.013280940571997914,0.013979937444208331
2002-06-14,0.175,0.0026324096829976815,0.015042341045701037
2002-06-17,-2.6542188913798594,-0.038021301773620675,0.01432485538291621
2002-06-18,-1.7542222317372425,-0.02078704645796314,0.011849722390861104
2002-06-19,2.5,0.023913588105345978,0.009565435242138392
2002-06-20,1.25,0.01554108481456952,0.012432867851655616
2002-06-21,1.575,0.02131156040882203,0.013531149465918749
2002-06-24,-0.5,-0.007677306960446073,0.015354613920892147
2002-06-25,2.25,0.032259834063471396,0.014337704028209509
2002-06-26,-0.029224637257573082,-0.0004977003028353156,0.01703016186133653
2002-06-27,-3.45,-0.05387621873772742,0.015616295286297802
2002-06-28,0.3957522239091336,0.004838672118391411,0.012226519084583566
2002-07-01,2.05,0.024912702790085582,0.012152537946383211
2002-07-02,2.2,0.030651043908385724,0.013932292685629873
2002-07-03,-0.579276503290919,-0.009423512941097022,0.016267728602077324
2002-07-04,0.0,0.0,0.015684479926078857
2002-07-05,-7.55,0.02170230490638986,-0.002874477471045015
2002-07-08,2.5456891138333204,0.02994747225828004,0.011763994313188102
2002-07-09,2.425,0.03210395183048538,0.01323874302288057
2002-07-10,3.5,0.050886344662248506,0.014538955617785287
2002-07-11,-0.8043905154530282,-0.014161320263947197,0.01760503137704405
2002-07-12,1.95,0.031354487083198976,0.016079224145230244
2002-07-15,-0.65,-0.011262672967108735,0.017327189180167284
2002-07-16,3.45,0.05552645065718988,0.016094623378895615
2002-07-17,-0.35,-0.00642495555309127,0.01835701586597506
2002-07-18,5.9,0.09411931332983528,0.015952425988107675
2002-07-19,6.3,0.11045512349717208,0.01753255928526541
2002-07-22,4.85,0.09731663822315875,0.020065286231579126
2002-07-23,4.6,0.1002381264576047,0.021790897056001023
2002-07-24,-9.45,-0.19423588430308425,0.020554061831014207
2002-07-25,1.4453297168468056,0.02315565825614144,0.016021021353285973
2002-07-26,-1.7,-0.027862282476923496,0.016389577927602057
2002-07-29,-4.0,-0.060298438518757096,0.015074609629689274
2002-07-30,-1.175,-0.01645122892179599,0.014001045890890202
2002-07-31,-0.6,-0.007828573147196682,0.01304762191199447
2002-08-01,2.75,0.03460444812589374,0.01258343568214318
2002-08-02,1.9,0.02601086918930487,0.013689931152265722
2002-08-05,3.1,0.044322478397498255,0.01429757367661234
2002-08-06,-2.7,-0.04125860774358567,0.015280965830957654
2002-08-07,-1.5,-0.02129987088460728,0.014199913923071518
2002-08-08,-2.975,-0.03998464103398715,0.013440215473609126
2002-08-09,-0.2,-0.0024762345121895073,0.012381172560947536
2002-08-12,0.525,-0.0008862272468755291,-0.0016880518988105315
2002-08-13,1.725,0.020922851216936347,0.012129189111267447
2002-08-14,-3.275,-0.040708641164476485,0.012430119439534804
2002-08-15,-1.2550173040930992,-0.01413135177880862,0.011259886005332986
2002-08-16,-0.0034385921073965056,-3.703284422967616e-05,0.010769769450123933
2002-08-19,0.0,0.0,0.010582264286906212
2002-08-20,0.0,0.0,0.010632692653667926
2002-08-21,0.0,0.0,0.010504128049107055
2002-08-22,0.0,0.0,0.01051229606550919
2002-08-23,0.0,0.0,0.0105059243637355
2002-08-26,0.0,0.0,0.010552443732045337
2002-08-27,0.0,0.0,0.01030509477897766
2002-08-28,0.0,0.0,0.010185293320698474
2002-08-29,0.0,0.0,0.010258938023170525
2002-08-30,-0.00503183202753071,-5.111824525286621e-05,0.010158972909505418
2002-09-02,0.0,0.0,0.010135326357148597
2002-09-03,3.825,-0.0060560231266964795,-0.001583274020051367
2002-09-04,-1.2,-0.011975438614013916,0.00997953217834493
2002-09-05,0.65,0.006255974948336879,0.009624576843595198
2002-09-06,-1.125,-0.010939918637332725,0.009724372122073534
2002-09-09,-0.6,-0.0056364220676795845,0.009394036779465974
2002-09-10,-1.05,-0.009555488743075916,0.00910046546959611
2002-09-11,0.5,0.004392715535858505,0.00878543107171701
2002-09-12,1.7,0.015068615698497009,0.008863891587351182
2002-09-13,-0.2,-0.0018523799980381065,0.009261899990190533
2002-09-16,-0.175,-0.0016074607349898828,0.009185489914227902
2002-09-17,2.05,0.01853396917570293,0.009040960573513624
2002-09-18,0.875,0.008507184501513025,0.009722496573157742
2002-09-19,2.2,0.021805217122186343,0.00991146232826652
2002-09-20,-0.05,-0.00054283090854583,0.0108566181709166
2002-09-23,0.769828845388407,0.008310410554732103,0.010795140510147024
2002-09-24,2.75,0.029737023416564548,0.010813463060568927
2002-09-25,-4.1,-0.04650726552808295,0.01134323549465438
2002-09-26,-2.65,-0.026911072415250002,0.010155121666132076
2002-09-27,5.844771746384836,0.05164949191621832,0.00883687065250496
2002-09-30,1.025,0.01122133186878083,0.010947640847591054
2002-10-01,-3.905328516866752,-0.04308967919029671,0.011033560686174384
2002-10-02,4.694648145481737,0.04659118854982991,0.009924319588182684
2002-10-03,1.0,0.011568050291800249,0.011568050291800249
2002-10-04,1.475,0.017455009762448615,0.011833904923693976
2002-10-07,1.725,0.019977165704277714,0.01158096562566824
2002-10-08,-1.25,-0.015118657801568985,0.012094926241255188
2002-10-09,2.325,0.02725426149079256,0.011722263006792499
2002-10-10,-2.525,-0.030288679003072628,0.011995516436860447
2002-10-11,-3.55,-0.03991509633639292,0.011243689108843076
2002-10-14,-0.3,-0.0031469802822429774,0.010489934274143258
2002-10-15,-4.125,-0.04172796837971802,0.010115871122355883
2002-10-16,2.04447785827108,0.018312886546068996,0.008957243763723298
2002-10-17,0.0,0.0,0.009591260373849738
2002-10-18,0.0,0.0,0.009536115413916975
2002-10-21,0.0,0.0,0.009578283165608801
2002-10-22,0.0,0.0,0.009371087680713626
2002-10-23,0.0,0.0,0.009354336701109606
2002-10-24,0.0,0.0,0.009279082967434448
2002-10-25,0.0,0.0,0.009252189275340965
2002-10-28,0.0,0.0,0.009300379487974185
2002-10-29,0.0,0.0,0.009281659278058072
2002-10-30,0.0,0.0,0.009053859411089287
2002-10-31,0.0,-0.0,-0.0011667193869910441
2002-11-01,0.0,0.0,0.008805490867527965
2002-11-04,0.0,0.0,0.008825500082024549
2002-11-05,0.0,0.0,0.008759668673418744
2002-11-06,0.0,0.0,0.008689461563955048
2002-11-07,0.0,0.0,0.0085694515450088
2002-11-08,0.0,0.0,0.008684685300272372
2002-11-11,0.0,0.0,0.008695377766787853
2002-11-12,0.0,0.0,0.008717742700741268
2002-11-13,0.0,0.0,0.008674027759220654
2002-11-14,0.0,0.0,0.008622898843392087
2002-11-15,-0.0019824137082318028,-1.7230665356273596e-05,0.008691760597056375
2002-11-18,0.0,0.0,0.008644792985577658
2002-11-19,0.0,0.0,0.008591116841306444
2002-11-20,0.0,0.0,0.008499549129217025
2002-11-21,0.0,0.0,0.008622102500106959
2002-11-22,0.0,0.0,0.008725229565164649
2002-11-25,0.0,0.0,0.008733274700656638
2002-11-26,0.0,0.0,0.008833511703339864
2002-11-27,0.0,0.0,0.00873529131021704
2002-11-28,0.0,0.0,0.009019517615043847
2002-11-29,0.0,-0.0,-0.0012273611104760783
2002-12-02,0.0,-0.0,-0.0012271179551296572
2002-12-03,0.0,0.0,0.009086721062222119
2002-12-04,0.0,0.0,0.009174395701378119
2002-12-05,0.0,0.0,0.00907883419982754
2002-12-06,0.0,0.0,0.00911130854685805
2002-12-09,0.0,-0.0,-0.0012351463298701717
2002-12-10,0.0,0.0,0.009413549768098054
2002-12-11,0.0,0.0,0.009189533930149275
2002-12-12,0.0,0.0,0.009229543700032965
2002-12-13,0.0,0.0,0.008952958384286332
2002-12-16,0.0,0.0,0.009003889528233881
2002-12-17,0.0,0.0,0.009111571776136288
2002-12-18,0.0,0.0,0.0091882228855715
2002-12-19,0.0,0.0,0.009008016392843635
2002-12-20,0.0,0.0,0.009198893060653105
2002-12-23,0.0,-0.0,-0.0013134561724539402
2002-12-24,0.0,0.0,0.009194068054132176
2002-12-25,0.0,0.0,0.00909591021271434
2002-12-26,0.0,-0.0,-0.0013344370478396855
2002-12-27,0.0,0.0,0.009050070624730414
2002-12-30,-0.005543024655428036,-5.61400475881802e-05,0.010128053017625451
2002-12-31,-0.15,-0.0015239510524478605,0.010159673682985737
2003-01-01,0.0,0.0,0.010147234104814972
2003-01-02,-2.85,0.004358438633336951,-0.0015292767134515617
2003-01-03,-0.25556522283161387,-0.002471763121701474,0.009671750695633821
2003-01-06,0.0,0.0,0.009648737109638617
2003-01-07,0.0,0.0,0.009793713901472309
2003-01-08,0.0,0.0,0.010022904518484265
2003-01-09,0.0,0.0,0.010020360328540274
2003-01-10,0.0,0.0,0.010934659399408532
2003-01-13,0.0,0.0,0.011586200361283914
2003-01-14,0.0,0.0,0.011839383077695066
2003-01-15,0.0,0.0,0.012183771353541428
2003-01-16,0.0,0.0,0.01578707530680757
2003-01-17,0.0,0.0,0.014846494301002851
2003-01-20,0.0,0.0,0.015242274965012464
2003-01-21,0.0,-0.0,-0.0032625833261329673
2003-01-22,-0.005402414386668057,-8.554736268855492e-05,0.0158350242254031
2003-01-23,-0.55,-0.008806872364205062,0.016012495207645566
2003-01-24,2.275,0.03637185422054066,0.01598762822880908
2003-01-27,1.3,-0.004311520383318104,-0.003316554141013926
2003-01-28,-0.725,-0.013368519268059533,0.018439336921461425
2003-01-29,-0.625,-0.011464568514622764,0.018343309623396423
2003-01-30,2.075,0.036719286872011876,0.01769604186602982
2003-01-31,-1.475,-0.029107118362264706,0.019733639567637087
2003-02-03,-0.375,-0.007154085781814323,0.019077562084838195
2003-02-04,0.925,0.017447204970967464,0.018861843211856716
2003-02-05,0.475,0.009323194204971455,0.019627777273624115
2003-02-06,0.4,0.008286519810636255,0.020716299526590636
2003-02-07,1.0,0.020526930668316175,0.020526930668316175
2003-02-10,-0.55,-0.011591144214050808,0.02107480766191056
2003-02-11,0.625,0.013013191904919938,0.0208211070478719
2003-02-12,1.2945865345154526,0.026977505400717538,0.020838703849808602
2003-02-13,-0.45,-0.009785432629902816,0.021745405844228478
2003-02-14,-3.6012887404363614,-0.07293075822210054,0.02025129432228299
2003-02-17,-0.005411427257744143,-0.00010387168731393143,0.019194878239430006
2003-02-18,-1.45,0.0049740973973294135,-0.0034304119981582166
2003-02-19,0.475,0.00910862544291126,0.019176053564023708
2003-02-20,0.8,0.015446777750546904,0.01930847218818363
2003-02-21,-0.85,-0.016570721123225794,0.019494966027324465
2003-02-24,1.475,0.028066588701675773,0.019028195729949675
2003-02-25,-0.725,-0.014521270227869636,0.020029338245337428
2003-02-26,1.2,0.024840614639248047,0.020700512199373373
2003-02-27,-1.05,-0.02242723938810677,0.021359275607720732
2003-02-28,-0.275,-0.005757636573176198,0.020936860266095265
2003-03-03,0.55,0.011466801135414546,0.020848729337117355
2003-03-04,1.325,0.027745920846014963,0.020940317619633934
2003-03-05,-0.725,-0.015935766474112222,0.02198036755049962
2003-03-06,0.775,0.01669234906271007,0.021538514919625894
2003-03-07,-0.675,-0.015037004117379956,0.022277043136859194
2003-03-10,2.075,0.04411753938027183,0.021261464761576785
2003-03-11,0.75,0.01744168262382041,0.023255576831760546
2003-03-12,-0.5552853689137796,-0.01343009729333576,0.024185937619078675
2003-03-13,-5.55,-0.11440012244344949,0.020612634674495405
2003-03-14,-0.15524543836996066,-0.002987328325435808,0.01924261580115995
2003-03-17,-2.8,-0.050367584787040676,0.017988423138228814
2003-03-18,-0.53025472022287,-0.009233441868659858,0.01741321956507803
2003-03-19,0.0,0.0,0.01758578085955301
2003-03-20,0.0,0.0,0.01863525737339414
2003-03-21,0.0,-0.0,-0.0037081383448830155
2003-03-24,0.0,0.0,0.022265697854561426
2003-03-25,0.0,0.0,0.022274233895856775
2003-03-26,0.0,0.0,0.024157488463870853
2003-03-27,0.0,0.0,0.02597342803308554
2003-03-28,0.0,0.0,0.025510746104184245
2003-03-31,0.0,0.0,0.02577987542449344
2003-04-01,0.0,0.0,0.026441783540699513
2003-04-02,0.0,0.0,0.02651586518987048
2003-04-03,0.0,0.0,0.027998236166679118
2003-04-04,0.0,0.0,0.02870416524938796
2003-04-07,0.0,0.0,0.031022225411873862
2003-04-08,0.0,0.0,0.029768132722090494
2003-04-09,0.0,0.0,0.03471135439342794
2003-04-10,0.0,0.0,0.03475051126039572
2003-04-11,0.0,0.0,0.034368483308334204
2003-04-14,0.0,0.0,0.03409568618586628
2003-04-15,0.0,0.0,0.03482559430821686
2003-04-16,0.0,0.0,0.03472007978701653
2003-04-17,0.0,0.0,0.035162473692595446
2003-04-18,0.0,0.0,0.0355008721904589
2003-04-21,0.0,-0.0,-0.008509015824093828
2003-04-22,0.0,0.0,0.03559030371866554
2003-04-23,0.0,0.0,0.036278297262341636
2003-04-24,-0.004555686506326681,-0.00016545671021882122,0.03631872166555891
2003-04-25,-1.125,-0.04039622779506169,0.03590775804005483
2003-04-28,1.5,0.05148419178782912,0.03432279452521941
2003-04-29,0.25,0.009088785441777242,0.03635514176710897
2003-04-30,0.0,0.0,0.036499840875147356
2003-05-01,-0.1,-0.0036404369517300745,0.03640436951730074
2003-05-02,1.25,0.044407198448686784,0.03552575875894943
2003-05-05,-0.125,0.00100650519954039,-0.00805204159632312
2003-05-06,0.85,0.030707722517326966,0.036126732373325844
2003-05-07,-0.525,-0.019344268383636457,0.03684622549264087
2003-05-08,-0.9,-0.032490160933119364,0.03610017881457707
2003-05-09,1.175,0.041272682986899546,0.03512568764842514
2003-05-12,1.2,0.043039617842478,0.035866348202065
2003-05-13,-0.15,-0.005622181814008748,0.037481212093391655
2003-05-14,-0.25,-0.00928376602904189,0.03713506411616756
2003-05-15,0.6,0.022053794177931626,0.03675632362988605
2003-05-16,-0.2016945578537256,-0.007309133380240274,0.03623862467097926
2003-05-19,-2.175,-0.07347185744208606,0.033780164341188995
2003-05-20,-0.325,-0.010892045167512163,0.03351398513080665
2003-05-21,0.27059539268812216,0.008984580021078471,0.033203004425998314
2003-05-22,0.0,0.0,0.03264214470363882
2003-05-23,0.0,0.0,0.03148528281614167
2003-05-26,0.0,0.0,0.03112892890883293
2003-05-27,0.0,-0.0,-0.007389523465159775
2003-05-28,-0.004372145669642099,-0.00013745036051307082,0.03143773581641035
2003-05-29,-0.275,-0.008557581167051593,0.0311184769710967
2003-05-30,1.4,0.04246333414839117,0.030330952963136554
2003-06-02,0.5,0.01606008326249205,0.0321201665249841
2003-06-03,0.4,0.0130149743155109,0.03253743578877725
2003-06-04,1.3956847847353084,0.04356402075114637,0.03121336653348147
2003-06-05,0.9,0.029495845756340837,0.03277316195148982
2003-06-06,-0.6,-0.020074901041821008,0.03345816840303501
2003-06-09,-2.15,-0.06829516383031323,0.03176519247921546
2003-06-10,1.95,0.05715487724398354,0.0293101934584531
2003-06-11,2.1,-0.013201407469593028,-0.006286384509330013
2003-06-12,0.7,0.020610372839075315,0.029443389770107593
2003-06-13,-2.2,-0.06316579389622992,0.028711724498286326
2003-06-16,4.15,0.10186226694611897,0.02454512456532987
2003-06-17,0.05,0.0014180371714355427,0.028360743428710852
2003-06-18,-0.25,-0.0070884987888346065,0.028353995155338426
2003-06-19,-2.9,-0.0773038918245572,0.026656514422261104
2003-06-20,-0.45,-0.011305086686764734,0.025122414859477186
2003-06-23,-2.103920445504988,-0.05031962888988217,0.023917077757093775
2003-06-24,0.05,0.0011222328765098765,0.02244465753019753
2003-06-25,-0.95,-0.02117479853039313,0.022289261610940136
2003-06-26,1.15,0.025056520603036366,0.021788278785249016
2003-06-27,-1.025,-0.024180139309515625,0.023590379814161587
2003-06-30,0.0,0.0,0.02297321673318901
2003-07-01,0.8,0.018277699834716294,0.022847124793395367
2003-07-02,1.175,0.02683578308146169,0.022838964324648246
2003-07-03,-1.05,-0.024935936988155414,0.02374851141729087
2003-07-04,0.0,0.0,0.023027326930512345
2003-07-07,2.0,-0.009228908112707726,-0.004614454056353863
2003-07-08,0.5,0.011275008442932985,0.02255001688586597
2003-07-09,-0.65,-0.014844810900566016,0.02283817061625541
2003-07-10,-1.225,-0.02733825096590896,0.02231693956400731
2003-07-11,0.85,0.018432554067711965,0.021685357726719957
2003-07-14,0.525,0.011697941043312617,0.022281792463452604
2003-07-15,-0.15,-0.0033417350875719616,0.022278233917146412
2003-07-16,-0.6,-0.01313905921315128,0.0218984320219188
2003-07-17,-1.425,-0.03013454403847277,0.021147048448051067
2003-07-18,0.975,0.01990736177413726,0.020417806947833086
2003-07-21,-1.25,-0.02696065480312252,0.021568523842498015
2003-07-22,0.875,0.017768006857900275,0.02030629355188603
2003-07-23,0.075,0.0015552704365205331,0.02073693915360711
2003-07-24,-0.725,-0.014968744901944704,0.020646544692337523
2003-07-25,1.65,0.03379594896185095,0.0204823933102127
2003-07-28,-0.275,-0.0059435079401327084,0.02161275614593712
2003-07-29,-0.5,-0.010522483532312688,0.021044967064625376
2003-07-30,-0.25,-0.005220674786644188,0.020882699146576752
2003-07-31,0.275,0.005666421274040468,0.020605168269238062
2003-08-01,-0.975,-0.020108074018416414,0.020623665659914272
2003-08-04,0.075,0.0015322436772511998,0.020429915696682663
2003-08-05,-2.075,-0.041059808713219056,0.01978785962082846
2003-08-06,0.5464329318135761,0.010699124747508032,0.01957994133332762
2003-08-07,0.0,0.0,0.020083665546245646
2003-08-08,0.0,0.0,0.01996727530785988
2003-08-11,0.0,-0.0,-0.004799414275499582
2003-08-12,0.0,0.0,0.02099383759137257
2003-08-13,-0.0035702635966589516,-7.590382198897906e-05,0.021260005020360337
2003-08-14,0.3,0.006335017385898151,0.021116724619660503
2003-08-15,0.272659805660054,0.005819836399974489,0.021344680364184403
2003-08-18,0.825,0.017652865397628142,0.021397412603185628
2003-08-19,0.425,0.009455796702231479,0.022248933417015244
2003-08-20,-0.4,0.0019783607883899312,-0.004945901970974828
2003-08-21,0.3,-0.0015152520150235522,-0.005050840050078507
2003-08-22,-0.95,0.004760258710266678,-0.005010798642385977
2003-08-25,0.125,0.0027746638665990704,0.022197310932792563
2003-08-26,0.175,0.00389961949587863,0.022283539976449315
2003-08-27,0.025,0.0005644524903931242,0.02257809961572497
2003-08-28,0.55,-0.0028780949546659195,-0.0052328999175743985
2003-08-29,0.65,-0.0033493680500972264,-0.005152873923226502
2003-09-01,0.0,0.0,0.02237655920551326
2003-09-02,1.425,-0.007336275435487623,-0.0051482634635000865
2003-09-03,0.4965699438159118,-0.0024495671463971662,-0.00493297505598782
2003-09-04,0.25,-0.0012154231466968142,-0.004861692586787257
2003-09-05,-1.2,-0.033135142651186195,0.0276126188759885
2003-09-08,1.65,0.04057448869770613,0.024590599210730986
2003-09-09,-1.3,-0.03582156576457603,0.027555050588135406
2003-09-10,-2.1,-0.05176948600166734,0.02465213619127016
2003-09-11,0.65,0.015705247804663997,0.024161919699483073
2003-09-12,0.25,0.006146165329759241,0.024584661319036964
2003-09-15,-0.8,-0.01968168575670325,0.02460210719587906
2003-09-16,3.04665661432837,0.06637269029286724,0.0217854188032605
2003-09-17,-0.225,-0.005401109256383965,0.024004930028373176
2003-09-18,1.175,0.027621826589006165,0.023507937522558437
2003-09-19,-0.42831969278203785,-0.010757688911384063,0.025116026866545235
2003-09-22,-2.35,-0.056153938089851224,0.02389529280419201
2003-09-23,0.8466651637748666,0.019523156457019537,0.023058887140195203
2003-09-24,-1.825,-0.04148410830294631,0.02273101824818976
2003-09-25,-0.95,-0.021540577954410146,0.02267429258358963
2003-09-26,-0.32835065254248436,-0.007161452154305819,0.0218103789313445
2003-09-29,0.0,0.0,0.0215980949859546
2003-09-30,0.0,0.0,0.021893056757779125
2003-10-01,0.0,0.0,0.022232904570233046
2003-10-02,0.0,0.0,0.023523512747878863
2003-10-03,-0.003332165062415619,-7.780857029138696e-05,0.02335075508983953
2003-10-06,0.5,0.01172835407083119,0.02345670814166238
2003-10-07,0.375,0.00893762862742736,0.023833676339806292
2003-10-08,-0.225,-0.005324567123930106,0.023664742773022693
2003-10-09,0.35,0.008183813326926614,0.0233823237912189
2003-10-10,0.2,0.00466624003640201,0.02333120018201005
2003-10-13,0.4,0.009275767573439174,0.023189418933597935
2003-10-14,0.29676196675388056,0.006896246737843389,0.02323831053311083
2003-10-15,-0.6,-0.013889326868318895,0.023148878113864825
2003-10-16,0.95,0.021059373194259663,0.022167761257115434
2003-10-17,-2.3,-0.05035387648607848,0.021892989776555863
2003-10-20,1.5,0.03085086011723296,0.020567240078155306
2003-10-21,-0.35,-0.00761992096556036,0.021771202758743887
2003-10-22,-2.6,-0.05233372812329846,0.020128356970499407
2003-10-23,-0.40323688976925587,-0.007649791153991755,0.018970960614167004
2003-10-24,0.15,0.0028077295703709203,0.018718197135806136
2003-10-27,0.075,0.0014246296524689386,0.01899506203291918
2003-10-28,1.4,0.025887727523678083,0.018491233945484346
2003-10-29,0.15,0.00298858752709118,0.019923916847274535
2003-10-30,0.225,-0.0010587726420937362,-0.0047056561870832715
2003-10-31,0.1,0.001993353091513165,0.01993353091513165
2003-11-03,0.475,0.00947091592843311,0.019938770375648653
2003-11-04,-0.20316466594129234,-0.004096575319243834,0.020163817858109268
2003-11-05,0.25,0.004925931737513568,0.019703726950054273
2003-11-06,1.0,0.019712287563434742,0.019712287563434742
2003-11-07,-1.6,-0.032219575894808526,0.02013723493425533
2003-11-10,-0.85,-0.016521946383627417,0.019437583980738138
2003-11-11,-0.1,-0.001964485158621691,0.01964485158621691
2003-11-12,2.246867434693723,0.04036977253844792,0.017967135895558893
2003-11-13,0.1,0.0019927526087744566,0.019927526087744566
2003-11-14,-0.9057063896981732,-0.01797577837548539,0.019847246944427344
2003-11-17,-1.1,-0.021332312884350252,0.019393011713045683
2003-11-18,-2.1530945050261288,-0.03944065773927512,0.018318126606707626
2003-11-19,0.825,0.014268283825697071,0.01729488948569342
2003-11-20,-0.9,-0.01598343698531527,0.017759374428128076
2003-11-21,0.425,0.007431711936372038,0.017486381026757737
2003-11-24,1.325,0.02358951098299884,0.017803404515470824
2003-11-25,0.375,0.007029734388780472,0.01874595837008126
2003-11-26,0.35,0.006629280422816374,0.018940801208046785
2003-11-27,0.0,0.0,0.019384066889396038
2003-11-28,0.1,-0.00045051457379977067,-0.004505145737997707
2003-12-01,1.125,0.02152679929816146,0.019134932709476853
2003-12-02,-0.20284425458502822,0.0009314373109728073,-0.004591884117587208
2003-12-03,-0.4,-0.008437520286014969,0.02109380071503742
2003-12-04,0.9,0.01896559716105377,0.02107288573450419
2003-12-05,-1.45,-0.03070035899011481,0.021172661372492973
2003-12-08,1.35,0.02817248367566204,0.020868506426416324
2003-12-09,-1.7,0.009267761872863985,-0.005451624631096462
2003-12-10,0.05,0.001151540802946373,0.02303081605892746
2003-12-11,2.297212397826716,0.05086272263535467,0.022141062221096092
2003-12-12,0.15,0.003876146263584746,0.025840975090564974
2003-12-15,-0.5027891099700319,-0.012728312033083897,0.025315409146078268
2003-12-16,1.2,0.030808527761629442,0.025673773134691203
2003-12-17,0.55,0.014422347638794039,0.026222450252352796
2003-12-18,2.45,0.06262217078024875,0.025560069706223976
2003-12-19,-0.6,-0.01672114376403683,0.027868572940061388
2003-12-22,1.45,0.03884996317209919,0.02679307804972358
2003-12-23,0.15,0.004156093887347713,0.02770729258231809
2003-12-24,-0.1,-0.0027927279583658984,0.02792727958365898
2003-12-25,0.0,0.0,0.02791641363038922
2003-12-26,0.1,-0.0005820194172929073,-0.005820194172929073
2003-12-29,2.85,-0.015515927556068428,-0.005444185107392431
2003-12-30,-0.002702187804167749,-7.627607477999203e-05,0.028227525363835475
2003-12-31,0.825,0.022959481360959842,0.027829674376921024
2004-01-01,0.0,0.0,0.0284389444763556
2004-01-02,-0.45,0.0023202229042433987,-0.005156050898318664
2004-01-05,3.3,0.08750301452781271,0.026516065008428097
2004-01-06,0.6,-0.0028828861923423637,-0.004804810320570606
2004-01-07,1.05,-0.004902067489420181,-0.004668635704209696
2004-01-08,1.2,0.034603866957625525,0.028836555798021274
2004-01-09,-2.85,0.012157125885772783,-0.0042656582055343095
2004-01-12,2.475,-0.0112447021797134,-0.004543314012005414
2004-01-13,-2.1,0.008600837967531976,-0.004095637127396179
2004-01-14,3.0,-0.012533380389684753,-0.004177793463228251
2004-01-15,0.6,-0.0022512052762760134,-0.0037520087937933555
2004-01-16,1.425,-0.005178850846506263,-0.0036342812957938686
2004-01-19,0.0,-0.0,-0.0034961440423388517
2004-01-20,-0.15,0.000524479033464003,-0.00349652688976002
2004-01-21,2.55,-0.008631680040264642,-0.0033849725648096634
2004-01-22,-0.6,0.001821824686127267,-0.0030363744768787788
2004-01-23,-1.125,0.003480862432691911,-0.0030940999401705875
2004-01-26,4.2,-0.012392966493508094,-0.0029507063079781174
2004-01-27,-3.525,0.008066016048896054,-0.002288231503232923
2004-01-28,-3.975,0.01009505395970762,-0.0025396362162786465
2004-01-29,0.2973713371156315,-0.000882568745158036,-0.0029679011895314346
2004-01-30,-0.05,0.0001467664398138348,-0.0029353287962766957
2004-02-02,0.9,-0.002635812642998242,-0.0029286807144424908
2004-02-03,-0.3,0.0008492229594745323,-0.0028307431982484412
2004-02-04,-1.8,0.005073443156278913,-0.0028185795312660627
2004-02-05,0.5,-0.0015017485597593396,-0.003003497119518679
2004-02-06,2.5,0.049022294720979256,0.019608917888391704
2004-02-09,0.2,0.004242670968527976,0.02121335484263988
2004-02-10,0.65,0.013840150500374378,0.021292539231345196
2004-02-11,2.4,0.05014103171461965,0.02089209654775819
2004-02-12,-0.85,-0.018984959830281242,0.022335246859154403
2004-02-13,-1.0535223575649924,-0.023007258889182654,0.02183841541090724
2004-02-16,0.0,0.0,0.02148625600386479
2004-02-17,2.15,-0.005866207604351371,-0.0027284686531866844
2004-02-18,-1.05,0.0026324814315383505,-0.002507125172893667
2004-02-19,-0.8,0.0020807800585568694,-0.0026009750731960865
2004-02-20,-0.7,-0.014799484603272585,0.02114212086181798
2004-02-23,-0.75,-0.015540612401091825,0.0207208165347891
2004-02-24,-0.3,-0.006066790639692868,0.020222635465642895
2004-02-25,0.9,0.017983930079082704,0.019982144532314117
2004-02-26,0.05,0.0010132507387494404,0.020265014774988807
2004-02-27,0.25,0.005041997560019788,0.02016799024007915
2004-03-01,2.2,-0.005822716489621368,-0.002646689313464258
2004-03-02,-1.3,0.0031808909978357433,-0.002446839229104418
2004-03-03,0.35,-0.0009059281815338717,-0.002588366232953919
2004-03-04,0.7,-0.0018186183813985325,-0.0025980262591407607
2004-03-05,0.7,-0.0017695971424673761,-0.0025279959178105375
2004-03-08,-2.75,0.006545865717119422,-0.0023803148062252442
2004-03-09,-0.9,0.002375103573643237,-0.002639003970714708
2004-03-10,-3.85,0.010245323141808404,-0.0026611228939762087
2004-03-11,-2.9525288038565938,-0.05649499352964934,0.019134442805724898
2004-03-12,1.3724503351221369,0.025265088229766103,0.018408744989317022
2004-03-15,0.0,0.0,0.018933458785075113
2004-03-16,0.0,0.0,0.019696709943341224
2004-03-17,0.0,0.0,0.019278600597721227
2004-03-18,0.0,-0.0,-0.003023597820129145
2004-03-19,0.0,-0.0,-0.003034334757657263
2004-03-22,0.0,-0.0,-0.003035035403837657
2004-03-23,0.0,0.0,0.019656776593363824
2004-03-24,0.0,0.0,0.01938269312024531
2004-03-25,0.0,0.0,0.019090275023369234
2004-03-26,0.0,0.0,0.018510929063433188
2004-03-29,0.0,-0.0,-0.0030339492485515775
2004-03-30,0.0,-0.0,-0.003036456660581775
2004-03-31,-0.0025474950392789845,7.738213703289934e-06,-0.0030375775355700294
2004-04-01,0.85,-0.0025743325185677447,-0.0030286264924326406
2004-04-02,0.85,-0.0025002919574780283,-0.002941519949974151
2004-04-05,0.625,-0.0017861524794787643,-0.0028578439671660227
2004-04-06,-0.35,0.0009799189214351983,-0.0027997683469577097
2004-04-07,-0.25,0.0007079672547861436,-0.0028318690191445743
2004-04-08,-0.275,0.0007858892884739776,-0.002857779230814464
2004-04-09,0.0,-0.0,-0.0028935203100443016
2004-04-12,0.45,-0.001330093328588867,-0.002955762952419704
2004-04-13,-1.575,0.004582445980957095,-0.0029094895117187905
2004-04-14,0.15,-0.0004589450663024567,-0.0030596337753497115
2004-04-15,-0.475,0.0014877538590094767,-0.003132113387388372
2004-04-16,0.9,-0.0028519108085720522,-0.00316878978730228
2004-04-19,-0.025,7.701984798995506e-05,-0.003080793919598202
2004-04-20,-1.925,0.005839273748626252,-0.0030333889603253255
2004-04-21,0.7974681766082989,-0.0025802083797029315,-0.0032355001182326555
2004-04-22,0.0,-0.0,-0.003158325007196314
2004-04-23,-0.002553500501033736,8.064789784973782e-06,-0.00315832708147459
2004-04-26,-0.15,0.0004736566190910595,-0.0031577107939403967
2004-04-27,0.0,-0.0,-0.0031745614990708756
2004-04-28,-1.45,0.004561297495175812,-0.003145722410466078
2004-04-29,-0.95,0.003108011434153547,-0.003271590983319523
2004-04-30,-0.8025802402145693,0.002701747679279914,-0.003366327183133245
2004-05-03,0.0,-0.0,-0.003480242385163
2004-05-04,0.0,-0.0,-0.003490429131613597
2004-05-05,0.0,-0.0,-0.003489818695593412
2004-05-06,0.0,-0.0,-0.0035674866296029734
2004-05-07,0.0,-0.0,-0.003566866555919562
2004-05-10,0.0,-0.0,-0.0035791615617134977
2004-05-11,-0.0026422670908372147,9.506444735375336e-06,-0.003597836406600051
2004-05-12,-0.65,0.002383377464360439,-0.0036667345605545213
2004-05-13,0.5,-0.0018696033641774498,-0.0037392067283548995
2004-05-14,-0.10155891364216679,0.0003758893783268778,-0.0037011953441259565
2004-05-17,0.925,-0.003421793947784352,-0.0036992367003074074
2004-05-18,-0.475,0.0017242399191690497,-0.0036299787771979994
2004-05-19,0.35,-0.0012873256923037174,-0.0036780734065820497
2004-05-20,-0.375,0.001365441591413846,-0.0036411775771035895
2004-05-21,-0.2,0.0007356075864102084,-0.0036780379320510417
2004-05-24,-0.40263042314411845,0.0014877494755910698,-0.0036950746641878605
2004-05-25,0.0,-0.0,-0.003757345154186375
2004-05-26,0.0,-0.0,-0.0037572455993840214
2004-05-27,0.0,-0.0,-0.003759223629275117
2004-05-28,-0.00262123655821454,9.888930665600917e-06,-0.003772620458314064
2004-05-31,0.0,-0.0,-0.0038094688057000808
2004-06-01,0.1,-0.00038414738387560735,-0.003841473838756073
2004-06-02,0.425,-0.0016490615218818852,-0.0038801447573691417
2004-06-03,-1.05,0.004004602051234787,-0.0038139067154617013
2004-06-04,0.825,-0.003310300956604563,-0.004012486008005531
2004-06-07,1.7,-0.006575748854047944,-0.0038680875612046727
2004-06-08,0.175,-0.0006457603880091364,-0.0036900593600522084
2004-06-09,-1.05,0.003860427390816124,-0.003676597515062975
2004-06-10,0.5,-0.0018944522340082468,-0.0037889044680164937
2004-06-11,0.0,-0.0,-0.0038466020019126065
2004-06-14,-1.075,0.004117842114790415,-0.0038305508044562003
2004-06-15,0.825,-0.0032798434307624615,-0.00397556779486359
2004-06-16,-0.075,0.0002913039625377296,-0.003884052833836395
2004-06-17,-0.2,0.0007781790722678604,-0.0038908953613393015
2004-06-18,0.3,-0.0011731001335712735,-0.003910333778570912
2004-06-21,-0.475,0.001839323952941352,-0.0038722609535607414
2004-06-22,0.575,-0.0023475800684415902,-0.00408274794511581
2004-06-23,0.9,-0.0035992832256663237,-0.003999203584073693
2004-06-24,-0.275,0.0010747117667737583,-0.003908042788268212
2004-06-25,-0.6,0.0023587589441920772,-0.003931264906986796
2004-06-28,-0.35,0.001400172824908008,-0.004000493785451452
2004-06-29,0.4,-0.001711107912014178,-0.004277769780035445
2004-06-30,0.475,-0.002010041434950414,-0.004231666178842977
2004-07-01,-1.425,0.005916834989616015,-0.004152164904993694
2004-07-02,-0.05,0.00021783970301953072,-0.004356794060390614
2004-07-05,0.0,-0.0,-0.004566486016944375
2004-07-06,-1.075,0.005052919309725408,-0.004700390055558519
2004-07-07,0.297460768561923,-0.0014775613296922447,-0.004967247737695056
2004-07-08,0.0,-0.0,-0.005212594469481013
2004-07-09,0.0,-0.0,-0.005223608255770806
2004-07-12,0.0,-0.0,-0.005292019237113992
2004-07-13,0.0,-0.0,-0.0052908755594273105
2004-07-14,0.0,-0.0,-0.005290512941341498
2004-07-15,0.0,-0.0,-0.00552498599069588
2004-07-16,0.0,-0.0,-0.005537449023187629
2004-07-19,0.0,-0.0,-0.0055847939065450485
2004-07-20,-0.002561595571193302,1.6294082596801418e-05,-0.006360911449113308
2004-07-21,2.1473952977404247,-0.014555016186734904,-0.006777986429443277
2004-07-22,0.0,-0.0,-0.007359043480686819
2004-07-23,0.0,-0.0,-0.007363772118753533
2004-07-26,-0.002601086420621101,1.915013982104749e-05,-0.007362361999673474
2004-07-27,-0.95,0.006986986055414687,-0.007354722163594408
2004-07-28,-0.3,0.0022664170259840116,-0.007554723419946705
2004-07-29,-0.475,0.0037269208502731274,-0.007846149158469743
2004-07-30,-0.0775798009939753,0.000618129977985957,-0.007967666455266621
2004-08-02,0.0,-0.0,-0.008516054897758498
2004-08-03,0.0,-0.0,-0.008517860984325644
2004-08-04,0.0,-0.0,-0.008554662734236449
2004-08-05,0.0,-0.0,-0.009116707015191648
2004-08-06,-0.0026372640404987726,2.4238433896247444e-05,-0.009190749778571034
2004-08-09,-0.075,0.0006981052287368738,-0.009308069716491651
2004-08-10,-1.2,0.011004990097970613,-0.009170825081642178
2004-08-11,0.05,-0.0005000627478182238,-0.010001254956364477
2004-08-12,1.2,-0.01193411950776609,-0.009945099589805075
2004-08-13,-0.25112657967993623,0.002434410752117127,-0.009693958939829515
2004-08-16,-1.125,0.01087568992469011,-0.009667279933057875
2004-08-17,-0.55,0.005495901221959456,-0.009992547676289919
2004-08-18,-1.15,0.011484575751219741,-0.009986587609756297
2004-08-19,0.3223467255418197,-0.0033429609185888537,-0.010370699168635278
2004-08-20,0.0,-0.0,-0.010284292561022628
2004-08-23,0.0,-0.0,-0.01028981737950644
2004-08-24,0.0,-0.0,-0.010923875754909546
2004-08-25,0.0,-0.0,-0.011162594493499997
2004-08-26,0.0,-0.0,-0.011178082696671636
2004-08-27,0.0,-0.0,-0.011247781561992375
2004-08-30,0.0,-0.0,-0.011318386603284911
2004-08-31,0.0,-0.0,-0.012576270956368972
2004-09-01,0.0,-0.0,-0.012725375853712103
2004-09-02,0.0,-0.0,-0.016330557430293872
2004-09-03,-0.0026697522077973354,5.231416684191739e-05,-0.01959513946242933
2004-09-06,0.0,-0.0,-0.020477953440877498
2004-09-07,0.775,-0.015641547003470136,-0.020182641294800175
2004-09-08,-0.35,0.006902918027253797,-0.019722622935010852
2004-09-09,-0.125,0.00248631161285425,-0.019890492902834
2004-09-10,0.575,-0.011382663851700434,-0.01979593713339206
2004-09-13,0.45,-0.008733368062283487,-0.019407484582852193
2004-09-14,0.175,-0.00335336201927747,-0.019162068681585546
2004-09-15,-0.925,0.017294948564744585,-0.018697241691615768
2004-09-16,0.375,-0.007158811964842799,-0.019090165239580795
2004-09-17,0.45,-0.00846644095556577,-0.0188143132345906
2004-09-20,-0.675,0.012419608272637096,-0.018399419663166067
2004-09-21,0.5,-0.009309663262230317,-0.018619326524460633
2004-09-22,-1.425,0.02504899859879412,-0.017578244630732716
2004-09-23,-0.575,0.010410758237749226,-0.018105666500433437
2004-09-24,0.42234509056217573,-0.007847060816152532,-0.018579737261080635
2004-09-27,0.0,-0.0,-0.018668576498178987
2004-09-28,0.0,-0.0,-0.018824551183175647
2004-09-29,0.0,-0.0,-0.018871251051976266
2004-09-30,0.0,-0.0,-0.01889319953705156
2004-10-01,0.0,-0.0,-0.01892068848132996
2004-10-04,-0.0026717643200755447,5.054082508493299e-05,-0.018916647963733543
2004-10-05,0.1,-0.001899457263643981,-0.01899457263643981
2004-10-06,0.625,-0.012414058284627083,-0.019862493255403332
2004-10-07,-1.125,0.02136971535939737,-0.018995302541686552
2004-10-08,-0.95,0.018284364114031264,-0.019246699067401334
2004-10-11,0.4,-0.007995472862491014,-0.019988682156227535
2004-10-12,-0.35,0.006907215425738602,-0.019734901216396008
2004-10-13,-1.025,0.021695050105337062,-0.021165902541792257
2004-10-14,-0.9276776599069063,0.02001536072458916,-0.02157577097048745
2004-10-15,0.0,-0.0,-0.02204854609707476
2004-10-18,0.0,-0.0,-0.02204385453820922
2004-10-19,0.0,-0.0,-0.02205097539339297
2004-10-20,0.0,-0.0,-0.022046281893616154
2004-10-21,0.0,-0.0,-0.023203867862787417
2004-10-22,0.0,-0.0,-0.023736196921972135
2004-10-25,0.0,-0.0,-0.024129996703504006
2004-10-26,0.0,-0.0,-0.024124865057823384
2004-10-27,0.0,-0.0,-0.024119735594338523
2004-10-28,0.0,-0.0,-0.024114608311657768
2004-10-29,-0.0027063299139770164,6.52482031480792e-05,-0.024109478600927634
2004-11-01,0.05,-0.0012052152912599753,-0.024104305825199502
2004-11-02,-0.025,0.0006017668013703525,-0.024070672054814096
2004-11-03,1.45,-0.033099775068885125,-0.022827431081989744
2004-11-04,1.55,-0.03258165137140197,-0.021020420239614174
2004-11-05,0.725,-0.0145710749206726,-0.020098034373341518
2004-11-08,-0.12774613602196316,0.0025198170556176925,-0.01972519196341457
2004-11-09,-0.45,0.009041770619512128,-0.02009282359891584
2004-11-10,0.1,-0.002042376230770002,-0.02042376230770002
2004-11-11,1.8,-0.03411914644325415,-0.01895508135736342
2004-11-12,1.7988802668608415,-0.030443442019330875,-0.016923551044593192
2004-11-15,0.65,-0.010391533483810484,-0.015986974590477668
2004-11-16,-1.7,0.025258180481250395,-0.01485775322426494
2004-11-17,1.35,-0.02029551245659141,-0.015033712930808449
2004-11-18,0.15,-0.0021714587732682756,-0.014476391821788503
2004-11-19,-2.55,0.03273500873983039,-0.012837258329345251
2004-11-22,1.15,-0.015475077744421183,-0.013456589342974943
2004-11-23,0.25,-0.0032585084218682723,-0.01303403368747309
2004-11-24,0.55,-0.0070846416385662156,-0.012881166615574936
2004-11-25,0.0,-0.0,-0.012722893946006057
2004-11-26,-0.25,0.003235215743305959,-0.012940862973223836
2004-11-29,-0.95,0.012330635781549987,-0.012979616612157883
2004-11-30,-0.4,0.00557943300715703,-0.013948582517892575
2004-12-01,3.15,-0.03787697588484327,-0.012024436788839132
2004-12-02,0.15,-0.0016796667944920611,-0.011197778629947074
2004-12-03,-0.25,0.002794620265532753,-0.011178481062131013
2004-12-06,0.0,-0.0,-0.01125727246395849
2004-12-07,-2.3,0.02436175189728738,-0.010592066042298861
2004-12-08,1.25,-0.013940109229391248,-0.011152087383512999
2004-12-09,0.9,-0.00958706546690971,-0.01065229496323301
2004-12-10,0.25,-0.0025946310137812934,-0.010378524055125174
2004-12-13,2.1,-0.020407897930869605,-0.00971804663374743
2004-12-14,0.8,-0.007261275315065999,-0.009076594143832498
2004-12-15,0.15,-0.0013330322601283729,-0.008886881734189153
2004-12-16,-0.15,0.0013402666324792475,-0.008935110883194984
2004-12-17,-1.65,0.01430864673628113,-0.008671907112897654
2004-12-20,0.1,-0.0009162674588982702,-0.009162674588982702
2004-12-21,1.85,-0.016209390760615554,-0.008761832843575975
2004-12-22,0.6,-0.004951162138178636,-0.008251936896964395
2004-12-23,0.15,-0.001216905152824573,-0.008112701018830487
2004-12-24,0.0,-0.0,-0.00827863633182485
2004-12-27,-0.65,0.005351569036059936,-0.008233183132399902
2004-12-28,1.4,-0.01148554182933232,-0.008203958449523086
2004-12-29,0.3,-0.00238167582699882,-0.0079389194233294
2004-12-30,-0.4524755966899118,0.0035502194326431074,-0.007846211947372988
2004-12-31,-0.3,0.0023867014354944194,-0.007955671451648065
2005-01-03,-2.25,0.017007473261961073,-0.007558877005316032
2005-01-04,-4.577513025102122,0.029858924290076357,-0.006522957799647161
2005-01-05,-1.5524936918215024,0.011292005324875223,-0.0072734629353801705
2005-01-06,0.5,-0.003779214451691873,-0.007558428903383746
2005-01-07,-0.2,0.0014913010792110208,-0.007456505396055103
2005-01-10,0.55,-0.004110305981418083,-0.007473283602578332
2005-01-11,-0.775,0.005676569823147417,-0.007324606223416022
2005-01-12,0.35,-0.002612635592760947,-0.007464673122174135
2005-01-13,-0.95,0.0072700073914790655,-0.007652639359451648
2005-01-14,0.572563822203707,-0.004475647528823052,-0.00781685351966004
2005-01-17,0.0,-0.0,-0.0077011662542702045
2005-01-18,0.0,-0.0,-0.007699549594663015
2005-01-19,-0.0024349720330638265,1.8903703899270965e-05,-0.007763417255961335
2005-01-20,-0.7,0.005413184177190471,-0.0077331202531292454
2005-01-21,-0.8024473616244374,0.006291723814920576,-0.00784066857941174
2005-01-24,0.0,-0.0,-0.007999266504590615
2005-01-25,0.0,-0.0,-0.007997588522644266
2005-01-26,0.0,-0.0,-0.007995911244520674
2005-01-27,0.0,-0.0,-0.007994234669777112
2005-01-28,0.0,-0.0,-0.00799255879797122
2005-01-31,0.0,-0.0,-0.007990884148545874
2005-02-01,0.0,-0.0,-0.007989630073080603
2005-02-02,-0.0024121724292245758,1.953142890858677e-05,-0.0080970285009291
2005-02-03,-0.375,0.0030319608613762605,-0.008085228963670027
2005-02-04,1.25,-0.01018692808412506,-0.008149542467300049
2005-02-07,-0.125,0.0009875236862553352,-0.007900189490042682
2005-02-08,0.15,-0.0012026977022687154,-0.008017984681791436
2005-02-09,-0.927437586671765,0.007366995536700581,-0.007943386857047749
2005-02-10,0.6975765122331015,-0.005716307130939278,-0.008194523512037519
2005-02-11,1.05,-0.008372889098916089,-0.007974180094205799
2005-02-14,-0.075,0.000582013024893665,-0.007760173665248866
2005-02-15,0.4478205062290154,-0.0034745887840453645,-0.007758887178490347
2005-02-16,-0.027379438844380054,0.00020991927053164275,-0.00766704064772062
2005-02-17,-1.9,0.014091946856124415,-0.0074168141348023246
2005-02-18,0.25,-0.0019451349867592284,-0.007780539947036914
2005-02-21,-0.002373277218961979,1.8346150044994746e-05,-0.007730302173893938
2005-02-22,-1.75,0.013156458536723693,-0.007517976306699253
2005-02-23,0.8,-0.006242161963661395,-0.007802702454576743
2005-02-24,0.8,-0.0060860233769332,-0.0076075292211665
2005-02-25,1.125,-0.008295913086823033,-0.007374144966064919
2005-02-28,-0.8,0.005699995427636377,-0.0071249942845454705
2005-03-01,0.6,-0.004348689065036804,-0.007247815108394674
2005-03-02,-0.05,0.0003586783742568344,-0.007173567485136688
2005-03-03,0.05,-0.0003594384523327293,-0.007188769046654585
2005-03-04,1.425,-0.010052478067182463,-0.007054370573461377
2005-03-07,0.09755174738597518,-0.0006646975544173626,-0.006813794444782287
2005-03-08,-0.95,0.006416429217825244,-0.006754136018763415
2005-03-09,-2.7,0.017605314542558703,-0.006520486867614334
2005-03-10,0.547554276620064,-0.0038376186707707437,-0.007008654364750007
2005-03-11,-0.875,0.006019295733433747,-0.006879195123924283
2005-03-14,0.65,-0.004558935496249912,-0.007013746917307557
2005-03-15,-0.925,0.006364229988999618,-0.006880248636756343
2005-03-16,-1.075,0.007508145302009182,-0.006984321211171333
2005-03-17,0.19753501640008908,-0.0014376024772203813,-0.007277709559649157
2005-03-18,0.0,-0.0,-0.00726193886942075
2005-03-21,0.0,-0.0,-0.007270900337724154
2005-03-22,0.0,-0.0,-0.007269387833880493
2005-03-23,0.0,-0.0,-0.007267875959172696
2005-03-24,-0.0024790090903539937,1.801338328270906e-05,-0.007266364352111679
2005-03-25,0.0,-0.0,-0.007265276594811071
2005-03-28,-0.2,0.0014522835592772135,-0.0072614177963860665
2005-03-29,0.75,-0.005445737309724382,-0.007260983079632509
2005-03-30,-1.55,0.010846157318361077,-0.006997520850555534
2005-03-31,0.14756920403305068,-0.0010735925750058382,-0.007275180360567565
2005-04-01,0.0,-0.0,-0.007322427775065818
2005-04-04,0.0,-0.0,-0.007374137416680294
2005-04-05,0.0,-0.0,-0.007382122430628271
2005-04-06,0.0,-0.0,-0.007387890941125859
2005-04-07,0.0,-0.0,-0.007449557223203161
2005-04-08,0.0,-0.0,-0.007500579945569694
2005-04-11,0.0,-0.0,-0.007499024194238522
2005-04-12,0.0,-0.0,-0.007497469088153537
2005-04-13,0.0,-0.0,-0.007495914626913388
2005-04-14,0.0,-0.0,-0.007494360810117074
2005-04-15,0.0,-0.0,-0.007492807637363926
2005-04-18,-0.0024554895932139996,1.839469804881312e-05,-0.007491254737812279
2005-04-19,-0.9,0.006696626895078801,-0.007440696550087556
2005-04-20,1.6,-0.011900988865865195,-0.007438118041165747
2005-04-21,-2.175,0.015023785822756855,-0.006907487734600854
2005-04-22,0.425,-0.003080133300045408,-0.007247372470695078
2005-04-25,-0.675,0.004827798866917794,-0.007152294617655991
2005-04-26,1.0224768783941278,-0.007363678900777229,-0.00720180480984803
2005-04-27,0.0,-0.0,-0.007037369125097624
2005-04-28,0.0,-0.0,-0.007150050857321661
2005-04-29,-0.0025556947442065808,1.861462310416752e-05,-0.007283586252373994
2005-05-02,-0.5,0.003649157815690642,-0.007298315631381284
2005-05-03,-0.2525578926854401,0.001863038787949553,-0.007376680127237048
2005-05-04,0.0,-0.0,-0.0074287171050305715
2005-05-05,0.0,-0.0,-0.0074277678979780175
2005-05-06,0.0,-0.0,-0.007621021678478696
2005-05-09,0.0,-0.0,-0.0078244250749665
2005-05-10,0.0,-0.0,-0.00785038294911305
2005-05-11,0.0,-0.0,-0.008042674101675966
2005-05-12,0.0,-0.0,-0.008168277321965817
2005-05-13,0.0,-0.0,-0.008168187473724314
2005-05-16,0.0,-0.0,-0.008655351783244902
2005-05-17,-0.0010119534238948254,8.864932809299142e-06,-0.008760218207651911
2005-05-18,0.0,-0.0,-0.008763713105604549
2005-05-19,0.0,-0.0,-0.008786690490439588
2005-05-20,-0.0026034781185417144,2.2871238473846436e-05,-0.008784878317570534
2005-05-23,0.6,-0.005255525512326314,-0.008759209187210524
2005-05-24,-0.25,0.002177154054991991,-0.008708616219967965
2005-05-25,-0.125,0.0010959806457771695,-0.008767845166217356
2005-05-26,0.55,-0.00531616267373149,-0.009665750315875436
2005-05-27,0.225,-0.0021469575455194388,-0.00954203353564195
2005-05-30,0.15,-0.001424304187373021,-0.009495361249153473
2005-05-31,-0.875,0.008213271642633154,-0.00938659616300932
2005-06-01,0.825,-0.008289509995847148,-0.01004789090405715
2005-06-02,0.4,-0.004004591678879058,-0.010011479197197646
2005-06-03,-0.675,0.006720732924517657,-0.009956641369655787
2005-06-06,-0.05,0.0005058027201584382,-0.010116054403168763
2005-06-07,0.1,-0.001064013415811503,-0.01064013415811503
2005-06-08,-0.3,0.0032045138809178937,-0.01068171293639298
2005-06-09,0.5,-0.005361955642534982,-0.010723911285069963
2005-06-10,-0.2,0.002119727148062463,-0.010598635740312314
2005-06-13,0.35,-0.003841475197939145,-0.010975643422683272
2005-06-14,0.25,-0.0027198348167203346,-0.010879339266881338
2005-06-15,0.175,-0.0019725266607420783,-0.011271580918526163
2005-06-16,0.4,-0.004500751801742492,-0.01125187950435623
2005-06-17,0.475,-0.005280746536561109,-0.011117361129602335
2005-06-20,-0.05,0.0005495774500856257,-0.010991549001712514
2005-06-21,0.09749663403892271,-0.0010782269774917972,-0.011059120021121409
2005-06-22,0.0,-0.0,-0.011308827277520143
2005-06-23,-3.4,0.03351106686336738,-0.009856196136284523
2005-06-24,-1.6525219504553246,0.017108698758902034,-0.010353084117392825
2005-06-27,0.04748039438702769,-0.0005097116620295861,-0.010735202784432778
2005-06-28,0.0,-0.0,-0.011347645166198185
2005-06-29,0.0,-0.0,-0.014955896974459518
2005-06-30,0.0,-0.0,-0.015521004426482597
2005-07-01,0.0,-0.0,-0.015579226103421063
2005-07-04,0.0,-0.0,-0.015585901853855796
2005-07-05,0.0,-0.0,-0.01565772328206839
2005-07-06,0.0,-0.0,-0.01580558990749334
2005-07-07,0.0,-0.0,-0.01583351814845033
2005-07-08,0.0,-0.0,-0.016063672097637743
2005-07-11,-0.0025149091094917382,4.0607880549966695e-05,-0.016146858109784144
2005-07-12,0.2,-0.0032267624602732056,-0.016133812301366027
2005-07-13,0.25,-0.004011477237158397,-0.01604590894863359
2005-07-14,0.375,-0.00597031704870445,-0.015920845463211868
2005-07-15,-0.05245722455955784,0.0008349707817491178,-0.015917174207360614
2005-07-18,-0.95,0.015071008231680146,-0.01586421919124226
2005-07-19,1.35,-0.02121424243179023,-0.015714253653177947
2005-07-20,0.65,-0.009855677604341407,-0.01516258092975601
2005-07-21,-1.3,0.0189234218632089,-0.014556478356314538
2005-07-22,1.4,-0.020341827509945804,-0.014529876792818433
2005-07-25,-0.6,0.008410196078080844,-0.014016993463468075
2005-07-26,0.2,-0.002838160202179885,-0.014190801010899423
2005-07-27,0.95,-0.0132420774616415,-0.013939028906991054
2005-07-28,1.45,-0.019195839898927446,-0.013238510275122376
2005-07-29,-2.05,0.024820445050729542,-0.012107534171087583
2005-08-01,0.15,-0.0019417522970814182,-0.012945015313876122
2005-08-02,1.5,-0.018772727229243488,-0.012515151486162324
2005-08-03,0.55,-0.006629393237880196,-0.012053442250691266
2005-08-04,-1.95,0.022331142213444385,-0.011451867801766352
2005-08-05,-1.65,0.019194129388088847,-0.011632805689750817
2005-08-08,-0.5024665802504306,0.006121844841856382,-0.012183586098015195
2005-08-09,0.7,-0.008566031905435896,-0.012237188436336996
2005-08-10,-0.05,0.0006041904697645229,-0.012083809395290456
2005-08-11,0.475,-0.005728654819437306,-0.012060325935657487
2005-08-12,-0.75,0.00930561798017909,-0.012407490640238786
2005-08-15,0.65,-0.008155868075466574,-0.012547489346871653
2005-08-16,-1.6016951037661762,0.019179465980631343,-0.011974479996556986
2005-08-17,0.0,-0.0,-0.012879082602536703
2005-08-18,-0.05246493705298897,0.0006812084073482697,-0.012984069849550323
2005-08-19,0.0,-0.0,-0.013105628132606083
2005-08-22,0.0,-0.0,-0.013326014178758836
2005-08-23,0.0,-0.0,-0.013438989315398756
2005-08-24,0.0,-0.0,-0.013502203518422703
2005-08-25,0.0,-0.0,-0.013499918851916051
2005-08-26,0.0,-0.0,-0.013497635145461127
2005-08-29,0.0,-0.0,-0.013879160963663817
2005-08-30,0.0,-0.0,-0.013878193244234008
2005-08-31,0.0,-0.0,-0.014053250432448518
2005-09-01,0.0,-0.0,-0.015673387677437686
2005-09-02,0.0,-0.0,-0.015745004630228973
2005-09-05,0.0,-0.0,-0.015936060326125403
2005-09-06,0.0,-0.0,-0.016042065971711882
2005-09-07,-0.002507207790223046,4.0778840879849334e-05,-0.016264643496589317
2005-09-08,-0.35,0.005790209863378648,-0.016543456752510424
2005-09-09,1.0,-0.016396903171457054,-0.016396903171457054
2005-09-12,-0.175,0.002808130168965443,-0.016046458108373962
2005-09-13,-0.75,0.011966027033900914,-0.015954702711867885
2005-09-14,-0.45,0.007267415743560743,-0.016149812763468316
2005-09-15,-0.1,0.0016294384733891371,-0.01629438473389137
2005-09-16,0.875,-0.014108314766580638,-0.016123788304663586
2005-09-19,-0.425,0.006708991496961921,-0.015785862345792757
2005-09-20,-1.05,0.016438962307313214,-0.015656154578393536
2005-09-21,-1.1525125820677913,0.018212188666537128,-0.01580216038410753
2005-09-22,0.0,-0.0,-0.01679510603822983
2005-09-23,0.0,-0.0,-0.016797618477648643
2005-09-26,0.0,-0.0,-0.016794218972109087
2005-09-27,0.0,-0.0,-0.016790820842276392
2005-09-28,0.0,-0.0,-0.01678742408731566
2005-09-29,0.0,-0.0,-0.016784028706392652
2005-09-30,0.0,-0.0,-0.016780634698673805
2005-10-03,0.0,-0.0,-0.01677724206332625
2005-10-04,0.0,-0.0,-0.01677385079951775
2005-10-05,0.0,-0.0,-0.016770460906416786
2005-10-06,-0.002523499879356055,4.2311700779774754e-05,-0.01676707065687351
2005-10-07,-0.3,0.005022048246815534,-0.016740160822718446
2005-10-10,1.0,-0.016568546834267457,-0.016568546834267457
2005-10-11,0.15,-0.0024350789597158175,-0.016233859731438784
2005-10-12,1.0,-0.01613309461897997,-0.01613309461897997
2005-10-13,0.04746752563255136,-0.0007819174708026548,-0.01647268233140104
2005-10-14,-2.4,0.03882835516444614,-0.016178481318519226
2005-10-17,-0.8525331712871355,0.014342542856775449,-0.016823442582440985
2005-10-18,1.275,-0.021400694136427333,-0.016784858146217517
2005-10-19,-1.9,0.029891849329723604,-0.0157325522788019
2005-10-20,2.1,-0.03212106157687003,-0.015295743608033346
2005-10-21,-0.425,0.006223741325689456,-0.014644097236916367
2005-10-24,-1.875,0.026368354008091694,-0.014063122137648904
2005-10-25,0.34733241013958316,-0.005072389958626538,-0.01460384867795115
2005-10-26,0.0,-0.0,-0.014517328067498792
2005-10-27,0.0,-0.0,-0.014514403659979924
2005-10-28,0.0,-0.0,-0.01451148043042395
2005-10-31,0.0,-0.0,-0.014508558378119282
2005-11-01,0.0,-0.0,-0.014505637502354908
2005-11-02,0.0,-0.0,-0.014502717802420387
2005-11-03,0.0,-0.0,-0.01449979927760584
2005-11-04,0.0,-0.0,-0.01449688192720197
2005-11-07,0.0,-0.0,-0.014493965750500047
2005-11-08,0.0,-0.0,-0.014491050746791915
2005-11-09,0.0,-0.0,-0.01448813711635748
2005-11-10,0.0,-0.0,-0.014485224456474322
2005-11-11,-0.0026608529760321444,3.8535301863271016e-05,-0.014482311578422773
2005-11-14,-0.075,0.0010859275713302721,-0.014479034284403629
2005-11-15,-0.47576022708164223,0.006909527420536099,-0.014523129566588168
2005-11-16,0.225,-0.003297187791841646,-0.014654167963740649
2005-11-17,1.05,-0.015095756023928831,-0.014376910498979838
2005-11-18,0.5,-0.00704889307776781,-0.01409778615553562
2005-11-21,0.675,-0.009371277141948983,-0.013883373543628123
2005-11-22,0.5,-0.0068281097861315025,-0.013656219572263005
2005-11-23,0.6473724592332296,-0.008791845987050165,-0.013580815590245425
2005-11-24,-0.2,0.0027035662768997923,-0.013517831384498961
2005-11-25,0.5,-0.0067767305018768586,-0.013553461003753717
2005-11-28,-1.8,0.023274845277757486,-0.012930469598754159
2005-11-29,-0.35,0.004683444467198,-0.013381269906280002
2005-11-30,-1.65,0.021473530704128392,-0.013014261032805088
2005-12-01,2.697354389481737,-0.03324396582553891,-0.012324656320716658
2005-12-02,0.15,-0.001758621692818221,-0.01172414461878814
2005-12-05,-0.25,0.002920933328386386,-0.011683733313545544
2005-12-06,0.2,-0.002350181169655704,-0.011750905848278521
2005-12-07,-0.75,0.008726191032693835,-0.011634921376925112
2005-12-08,-0.125,0.0014761047807202157,-0.011808838245761726
2005-12-09,0.25,-0.0029621802322704976,-0.01184872092908199
2005-12-12,0.175,-0.002067554778779394,-0.011814598735882252
2005-12-13,0.775,-0.00906070354324408,-0.011691230378379457
2005-12-14,0.5,-0.005739072954220359,-0.011478145908440719
2005-12-15,-0.4276177340099234,0.004847885178637746,-0.011336960076883163
2005-12-16,-0.7,0.009152157921256196,-0.01307451131608028
2005-12-19,-1.35,0.018109039923272143,-0.013414103646868254
2005-12-20,0.09739621951665842,-0.0013410969162037762,-0.013769496627889117
2005-12-21,0.2,-0.0027467231537888714,-0.013733615768944355
2005-12-22,0.55,-0.007492998334227722,-0.013623633334959494
2005-12-23,0.1,-0.0013473492953236387,-0.013473492953236386
2005-12-26,0.0,-0.0,-0.013444326999159789
2005-12-27,-1.25,0.016465994988272243,-0.013172795990617794
2005-12-28,0.125,-0.0016864563960729397,-0.013491651168583517
2005-12-29,-0.525,0.0070398571211358575,-0.013409251659306395
2005-12-30,-0.525,0.007084737289951448,-0.013494737695145614
2006-01-02,-0.00243300660138471,3.315491956533049e-05,-0.013627139172767085
2006-01-03,0.0,-0.0,-0.013625047418542854
2006-01-04,-0.002469384612718844,3.365587695677494e-05,-0.013629256772487587
2006-01-05,0.07255886691118571,-0.0009894923972829524,-0.013637098254223315
2006-01-06,2.1,-0.02711971547241164,-0.012914150224957923
2006-01-09,0.65,-0.008018674008434437,-0.012336421551437595
2006-01-10,0.2,-0.0024607072815217325,-0.01230353640760866
2006-01-11,0.75,-0.009331675673460505,-0.012442234231280673
2006-01-12,-1.2524206986072643,0.015132138929466585,-0.012082313032908234
2006-01-13,-0.225,0.0028438271822553447,-0.012639231921134865
2006-01-16,0.6,-0.007769969108155359,-0.012949948513592265
2006-01-17,-1.575,0.019624268741308355,-0.01245985316908467
2006-01-18,-1.727398133480476,0.021419087507175364,-0.01239962408898681
2006-01-19,0.9,-0.011543344762776596,-0.012825938625307329
2006-01-20,-4.7,0.047868342738127734,-0.01018475377406973
2006-01-23,0.8951220936288421,-0.010266952093914877,-0.011469890160226585
2006-01-24,0.0,-0.0,-0.011290580001655505
2006-01-25,0.0,-0.0,-0.011546583445047214
2006-01-26,0.0,-0.0,-0.011579904460605982
2006-01-27,0.0,-0.0,-0.012044724040087301
2006-01-30,-0.0024300931377913147,3.0134491983498987e-05,-0.012400550215490053
2006-01-31,-0.5,0.006199478172296882,-0.012398956344593764
2006-02-01,0.375,-0.004707959560570232,-0.012554558828187285
2006-02-02,-1.525,0.01854297456651868,-0.012159327584602414
2006-02-03,-0.65,0.008098596059491186,-0.012459378553063363
2006-02-06,0.32253198783262205,-0.0040828130369404535,-0.012658629813360493
2006-02-07,0.0,-0.0,-0.012643727661523864
2006-02-08,0.0,-0.0,-0.01300057791917052
2006-02-09,0.0,-0.0,-0.012997998027163287
2006-02-10,0.0,-0.0,-0.012995815548950646
2006-02-13,0.0,-0.0,-0.012993237625158291
2006-02-14,0.0,-0.0,-0.012990660723906314
2006-02-15,-0.0018015455103779496,2.3398625098632174e-05,-0.012988084377465065
2006-02-16,-0.002501639300819528,3.24860633265508e-05,-0.012985910205323557
2006-02-17,-0.275,0.003567581062050923,-0.012973022043821536
2006-02-20,-0.025,0.00032578965590162446,-0.013031586236064978
2006-02-21,-0.35,0.004555919874458498,-0.01301691392702428
2006-02-22,0.7,-0.009115099920770137,-0.013021571315385911
2006-02-23,-0.2,0.0025717265350600044,-0.01285863267530002
2006-02-24,0.275,-0.0035446245869804162,-0.012889543952656058
2006-02-27,0.1,-0.0012824908504744312,-0.012824908504744312
2006-02-28,-1.15,0.014509621476594865,-0.012617062153560753
2006-03-01,0.95,-0.012103069199859892,-0.012740072841957781
2006-03-02,-0.05,0.0006266377975102618,-0.012532755950205235
2006-03-03,-0.5,0.006261958858880635,-0.01252391771776127
2006-03-06,-0.7,0.008888732052215242,-0.012698188646021777
2006-03-07,-0.2,0.0025691127066043303,-0.01284556353302165
2006-03-08,0.2,-0.0025918168257888807,-0.012959084128944403
2006-03-09,-0.75,0.009647237102012617,-0.01286298280268349
2006-03-10,1.0975056377719188,-0.014110634944920441,-0.012857004519418134
2006-03-13,0.0,-0.0,-0.012723943571627143
2006-03-14,-0.0025008257605182386,3.187586998242579e-05,-0.012746137889998482
2006-03-15,0.55,-0.0070701084693260904,-0.012854742671501981
2006-03-16,0.25,-0.003227479950570846,-0.012909919802283384
2006-03-17,0.0725356879013558,-0.0009321960780061401,-0.012851550801777342
2006-03-20,-0.4,0.005124199246911102,-0.012810498117277755
2006-03-21,-1.6,0.020069437372658403,-0.012543398357911502
2006-03-22,1.4,-0.017666416991075427,-0.012618869279339593
2006-03-23,-0.55,0.006756437159011672,-0.012284431198203037
2006-03-24,0.2,-0.0024783190490985305,-0.012391595245492652
2006-03-27,-0.35,0.004316097014773603,-0.012331705756496008
2006-03-28,-1.7,0.02046799508616991,-0.012039997109511712
2006-03-29,1.4975199513613446,-0.018130246523035763,-0.012106848063395863
2006-03-30,-0.25,0.0029503262116380474,-0.01180130484655219
2006-03-31,-0.425,0.005026576783436104,-0.011827239490437891
2006-04-03,0.25,-0.0029779681746528726,-0.01191187269861149
2006-04-04,0.9,-0.010694273561035743,-0.011882526178928602
2006-04-05,0.425,-0.004965829892469943,-0.011684305629341044
2006-04-06,-0.15,0.0017566756598165554,-0.011711171065443704
2006-04-07,-1.35,0.01556510547431315,-0.011529707758750481
2006-04-10,0.15,-0.0018738238419740887,-0.012492158946493925
2006-04-11,-1.15,0.014239569178322493,-0.012382234068106516
2006-04-12,0.14750540137042462,-0.001892216069031806,-0.012828113760254493
2006-04-13,0.0,-0.0,-0.013297453235497546
2006-04-14,0.0,-0.0,-0.013965098967383056
2006-04-17,0.0,-0.0,-0.013991243861001805
2006-04-18,0.0,-0.0,-0.014575504139972053
2006-04-19,-0.002518742589615471,3.6757656229869714e-05,-0.014593653349658646
2006-04-20,0.175,-0.002552558125012864,-0.014586046428644939
2006-04-21,0.0,-0.0,-0.01454149643815871
2006-04-24,-0.25,0.003631947626198041,-0.014527790504792163
2006-04-25,-0.5,0.0072705064957820816,-0.014541012991564163
2006-04-26,-0.05,0.0007328153664920932,-0.014656307329841864
2006-04-27,0.6,-0.008761623000773154,-0.014602705001288591
2006-04-28,0.1,-0.0014456489860776623,-0.014456489860776623
2006-05-01,-0.775,0.011104244261610314,-0.014328057111755244
2006-05-02,0.975,-0.013987651122618966,-0.01434630884371176
2006-05-03,-0.575,0.008086533863295428,-0.014063537153557267
2006-05-04,0.475,-0.006724290716676057,-0.014156401508791699
2006-05-05,1.2,-0.016577189705312616,-0.01381432475442718
2006-05-08,-0.175,0.0023686973798903448,-0.0135354135993734
2006-05-09,0.2,-0.002713405762258828,-0.01356702881129414
2006-05-10,-0.15,0.002032585165307748,-0.01355056776871832
2006-05-11,-1.6,0.021127059424764616,-0.013204412140477883
2006-05-12,-1.75,0.023215598242648877,-0.013266056138656501
2006-05-15,0.29746437823963073,-0.004064657036330844,-0.013664348855433191
2006-05-16,0.0,-0.0,-0.013665107117855594
2006-05-17,-0.0015584237537453324,2.1350106669972186e-05,-0.013699808295825735
2006-05-18,-0.002600265903488937,3.578114505194788e-05,-0.01376057156459965
2006-05-19,-0.775,0.010597482288718775,-0.013674170695120998
2006-05-22,0.875,-0.012041807059456015,-0.013762065210806874
2006-05-23,0.95,-0.013228093521480189,-0.013924308969979147
2006-05-24,-0.85,0.011577272432193213,-0.013620320508462604
2006-05-25,-1.5,0.02081553206597532,-0.013877021377316879
2006-05-26,-0.675,0.010376547696962543,-0.015372663254759323
2006-05-29,0.2723638715693729,-0.004227432002232659,-0.01552126564317802
2006-05-30,0.0,-0.0,-0.015464849174281517
2006-05-31,-0.0026712210820565214,4.132187061728287e-05,-0.015469281406490683
2006-06-01,-1.375,0.020931880045897754,-0.01522318548792564
2006-06-02,-0.2526917040320807,0.003925466242209593,-0.015534606714715226
2006-06-05,0.0,-0.0,-0.015602502095334788
2006-06-06,0.0,-0.0,-0.015605126940911155
2006-06-07,0.0,-0.0,-0.01571411761610525
2006-06-08,-0.0027369312744821425,4.3128971896404784e-05,-0.015758149391078613
2006-06-09,0.45,-0.007088406356216512,-0.015752014124925582
2006-06-12,1.45,-0.02225097222998794,-0.015345498089646855
2006-06-13,1.45,-0.021685839867406898,-0.014955751632694414
2006-06-14,-0.875,0.01267707396680966,-0.014488084533496755
2006-06-15,-2.65,0.03599823741826686,-0.013584240535195042
2006-06-16,0.775,-0.010927298732934673,-0.014099740300560869
2006-06-19,1.15,-0.015800548655530947,-0.01373960752654865
2006-06-20,-0.4,0.00538957831489713,-0.013473945787242824
2006-06-21,-0.925,0.012632289825715457,-0.013656529541314008
2006-06-22,0.575,-0.007936109368304372,-0.013801929336181518
2006-06-23,0.05,-0.0006859297594453611,-0.013718595188907222
2006-06-26,-0.475,0.006513539628599959,-0.013712715007578861
2006-06-27,1.05,-0.014332315306564635,-0.013649824101490128
2006-06-28,-0.8,0.01067174811348649,-0.01333968514185811
2006-06-29,-2.475,0.03140966646677261,-0.012690774330009135
2006-06-30,0.2972089383537388,-0.003910298803500195,-0.013156733526116727
2006-07-03,0.0,-0.0,-0.01368821945094502
2006-07-04,0.0,-0.0,-0.0137450340031198
2006-07-05,0.0,-0.0,-0.013748018142970555
2006-07-06,0.0,-0.0,-0.013825372187759671
2006-07-07,0.0,-0.0,-0.014050802132552165
2006-07-10,0.0,-0.0,-0.014055558287654575
2006-07-11,0.0,-0.0,-0.01410628539154023
2006-07-12,0.0,-0.0,-0.014483183834079594
2006-07-13,0.0,-0.0,-0.014964922907423371
2006-07-14,-0.0027663095996228733,4.1768983276758176e-05,-0.015099171575897534
2006-07-17,0.175,-0.0035209574443957714,-0.020119756825118695
2006-07-18,-0.525,0.01061770532386909,-0.020224200616893503
2006-07-19,-1.675,0.03273588683242074,-0.01954381303428104
2006-07-20,0.825,-0.016354878114229,-0.01982409468391394
2006-07-21,0.95,-0.018367185912286164,-0.019333879907669646
2006-07-24,-2.275,0.04039053107988816,-0.017754079595555236
2006-07-25,-0.4028622253966955,0.007374522055188291,-0.018305320256637746
2006-07-26,0.0,-0.0,-0.018467881853977023
2006-07-27,0.0,-0.0,-0.018498871095179368
2006-07-28,0.0,-0.0,-0.019086234351851035
2006-07-31,0.0,-0.0,-0.01919395031642053
2006-08-01,0.0,-0.0,-0.01921785874409103
2006-08-02,0.0,-0.0,-0.019214136657250604
2006-08-03,0.0,-0.0,-0.019210416011907688
2006-08-04,0.0,-0.0,-0.019206696807225046
2006-08-07,0.0,-0.0,-0.019202979042366085
2006-08-08,0.0,-0.0,-0.019199262716494872
2006-08-09,0.0,-0.0,-0.0191955478287761
2006-08-10,0.0,-0.0,-0.019191835240377916
2006-08-11,0.0,-0.0,-0.019188124888112664
2006-08-14,0.0,-0.0,-0.01920451312355134
2006-08-15,0.0,-0.0,-0.019200966342895278
2006-08-16,-0.0008729195537060616,1.6786145883475904e-05,-0.019229888724807173
2006-08-17,-0.0028644804248568953,5.54507200761458e-05,-0.019358037707280205
2006-08-18,0.6,-0.011561357541546182,-0.019268929235910306
2006-08-21,-0.475,0.009054369153391487,-0.019061829796613656
2006-08-22,-0.025,0.00047974677157125467,-0.019189870862850185
2006-08-23,-0.425,0.008288401089024318,-0.019502120209468985
2006-08-24,-0.175,0.00347551199439269,-0.0198600685393868
2006-08-25,0.15,-0.0029849261007129833,-0.019899507338086556
2006-08-28,0.625,-0.012383712929623768,-0.01981394068739803
2006-08-29,0.125,-0.0024711713333309925,-0.01976937066664794
2006-08-30,0.0,-0.0,-0.019741779218147418
2006-08-31,0.05,-0.0009874300858259267,-0.019748601716518533
2006-09-01,0.7,-0.01382591469510832,-0.019751306707297602
2006-09-04,0.375,-0.007445355622117237,-0.0198542816589793
2006-09-05,-0.175,0.0034535423107075005,-0.019734527489757146
2006-09-06,-1.175,0.022783236004125875,-0.019389988088617766
2006-09-07,-0.65,0.012792748033426456,-0.019681150820656086
2006-09-08,0.3,-0.0059553126838914556,-0.019851042279638187
2006-09-11,0.125,-0.0024700729943443927,-0.01976058395475514
2006-09-12,1.325,-0.025549632495096338,-0.019282741505733086
2006-09-13,0.4,-0.007829325583849946,-0.019573313959624864
2006-09-14,0.05,-0.0010011328546498336,-0.020022657092996672
2006-09-15,0.275,-0.0055197886647402414,-0.020071958780873603
2006-09-18,0.2,-0.003997606124749243,-0.019988030623746215
2006-09-19,-0.375,0.007470218736208243,-0.019920583296555314
2006-09-20,0.6,-0.01248639115294785,-0.02081065192157975
2006-09-21,-0.625,0.013271499653050283,-0.021234399444880453
2006-09-22,-0.425,0.00908841798984689,-0.0213845129172868
2006-09-25,0.975,-0.020720608076205457,-0.021251905719185085
2006-09-26,1.1,-0.022635235864829364,-0.020577487149844875
2006-09-27,0.09715633712514074,-0.0019912807736032143,-0.020495634484844517
2006-09-28,-0.1,0.002051681861038728,-0.020516818610387278
2006-09-29,-0.35,0.0071789484714732685,-0.020511281347066482
2006-10-02,-1.0,0.02088306151429327,-0.02088306151429327
2006-10-03,0.55,-0.011601939527090613,-0.021094435503801114
2006-10-04,3.0,-0.05597731315897286,-0.018659104386324288
2006-10-05,0.5,-0.008887707898578746,-0.017775415797157492
2006-10-06,-0.4,0.007038314580659411,-0.017595786451648526
2006-10-09,0.1,-0.0017699021576435981,-0.01769902157643598
2006-10-10,0.3,-0.005293836219853446,-0.01764612073284482
2006-10-11,-0.35,0.006135859003544511,-0.01753102572441289
2006-10-12,2.35,-0.0384486775342208,-0.01636113937626417
2006-10-13,0.55,-0.008640451723705641,-0.015709912224919347
2006-10-16,0.4972340487032781,-0.007716638010177616,-0.01551912631546775
2006-10-17,-1.275,0.019237114850503938,-0.01508793321608152
2006-10-18,0.225,-0.00347328933955976,-0.01543684150915449
2006-10-19,0.525,-0.00804591846385711,-0.015325558978775447
2006-10-20,0.225,-0.003432024499485221,-0.015253442219934316
2006-10-23,1.725,-0.025263123197288614,-0.014645288810022385
2006-10-24,1.2,-0.01690703220236441,-0.01408919350197034
2006-10-25,1.35,-0.01844242886381059,-0.013661058417637472
2006-10-26,1.122281301339209,-0.014812424626464779,-0.013198495429612198
2006-10-27,-3.3,0.03791645456262768,-0.011489834715947783
2006-10-30,-0.6027264935356368,0.007413097246428251,-0.012299272266832823
2006-10-31,0.0,-0.0,-0.01242518934783339
2006-11-01,-3.075,0.03472717094260869,-0.01129338892442559
2006-11-02,-0.5277323844072911,0.006247353319444239,-0.011838108677868598
2006-11-03,-0.55,0.006709853526952437,-0.012199733685368067
2006-11-06,3.05,-0.03535052854967634,-0.01159033722940208
2006-11-07,1.05,-0.011483404496725323,-0.010936575711166975
2006-11-08,0.5,-0.005361379419266311,-0.010722758838532622
2006-11-09,-1.5,0.01562541623309769,-0.010416944155398459
2006-11-10,0.15,-0.0016010954753740696,-0.010673969835827132
2006-11-13,0.65,-0.00693087407724768,-0.01066288319576566
2006-11-14,1.95,-0.020020780314332763,-0.010267066827862955
2006-11-15,0.7469680141061428,-0.0074430890728545696,-0.009964401329501802
2006-11-16,0.6972619030936965,-0.006872139281954731,-0.009855893820476332
2006-11-17,-0.075,0.0007448521849010868,-0.009931362465347824
2006-11-20,0.15,-0.0014971982318078983,-0.00998132154538599
2006-11-21,0.3,-0.0029855482665897227,-0.009951827555299076
2006-11-22,0.675,-0.006653561418283411,-0.009857128027086534
2006-11-23,-0.375,0.0036471549639400234,-0.009725746570506729
2006-11-24,-1.275,0.012510597488420264,-0.009812233324251188
2006-11-27,-5.85,0.04490403026969661,-0.007675902610204549
2006-11-28,1.4972542228895893,-0.012463032820658576,-0.008323925643439395
2006-11-29,2.7472387955944773,-0.02123956373733856,-0.007731240462750714
2006-11-30,0.075,-0.0005540554421047584,-0.007387405894730113
2006-12-01,-0.2527610055122243,0.0018637655057930505,-0.007373627518279963
2006-12-04,2.05,-0.014796432399659496,-0.007217771902272926
2006-12-05,1.2,-0.008396264263627145,-0.006996886886355954
2006-12-06,-0.4,0.0027737424202051637,-0.006934356050512909
2006-12-07,-1.2,0.008342894893864002,-0.0069524124115533355
2006-12-08,0.25,-0.001856693355275351,-0.007426773421101404
2006-12-11,0.9,-0.006644697880489358,-0.007382997644988175
2006-12-12,-0.35,0.0025636175723954212,-0.007324621635415489
2006-12-13,0.3,-0.002211564833249584,-0.007371882777498613
2006-12-14,2.35,-0.01670749519695422,-0.007109572424235838
2006-12-15,0.0,-0.0,-0.006828559131054196
2006-12-18,-0.7027478306650526,0.004782552903805164,-0.0068055036175339685
2006-12-19,0.45,-0.003101909856875672,-0.006893133015279271
2006-12-20,-0.3,0.002064221669217664,-0.006880738897392214
2006-12-21,-1.65,0.011260245262137177,-0.006824391067961926
2006-12-22,-2.85,0.019775245190566254,-0.006938682523005703
2006-12-25,-0.00274648496837515,2.0023876938360654e-05,-0.007290728756548409
2006-12-26,1.7,-0.012168656155548246,-0.007158033032675439
2006-12-27,1.65,-0.01127901780080226,-0.006835768364122583
2006-12-28,-0.65,0.004304330543033483,-0.0066220469892822814
2006-12-29,-1.05,0.006985164424224399,-0.0066525375468803796
2007-01-01,0.0,-0.0,-0.006774314663934374
2007-01-02,0.0,-0.0,-0.006773029750316021
2007-01-03,-0.75,0.005061477673373194,-0.006748636897830925
2007-01-04,0.55,-0.003752304946955908,-0.006822372630828923
2007-01-05,-2.2,0.014442155606172315,-0.0065646161846237795
2007-01-08,1.1972747744546488,-0.008087963647732553,-0.0067553111618981285
2007-01-09,-0.2,0.0013238735422887189,-0.006619367711443593
2007-01-10,0.4,-0.0026580099014425207,-0.006645024753606301
2007-01-11,0.65,-0.004349788160788979,-0.006691981785829198
2007-01-12,0.9722903851571072,-0.006423355465821104,-0.006606416728869728
2007-01-15,0.55,-0.003584826210699652,-0.00651786583763573
2007-01-16,-0.95,0.006290712878603547,-0.006621803030108998
2007-01-17,0.0,-0.0,-0.00673824601935995
2007-01-18,-1.1,0.007356442054867872,-0.006687674595334429
2007-01-19,0.7,-0.004755791557518736,-0.00679398793931248
2007-01-22,-1.15,0.0076573812010296335,-0.006658592348721421
2007-01-23,0.9,-0.006080952337111197,-0.00675661370790133
2007-01-24,2.15,-0.013919910883331513,-0.006474377155037913
2007-01-25,-3.4,0.019865793783496524,-0.005842880524557802
2007-01-26,-0.35260639943926547,0.002183231800192344,-0.006191696474211025
2007-01-29,-0.125,0.0007783362018745732,-0.0062266896149965854
2007-01-30,0.775,-0.00481914562735295,-0.006218252422390903
2007-01-31,0.9,-0.005498970592173319,-0.00610996732463702
2007-02-01,0.775,-0.004647318748936518,-0.00599654032120841
2007-02-02,0.22243257628179727,-0.001315495299292409,-0.005914130570631089
2007-02-05,0.15,-0.0008834154935574189,-0.005889436623716126
2007-02-06,-0.1,0.000587259440386471,-0.00587259440386471
2007-02-07,0.5,-0.002936941174965865,-0.00587388234993173
2007-02-08,-0.35,0.0020361817713307933,-0.005817662203802266
2007-02-09,-2.2,0.012550145596032567,-0.005704611634560258
2007-02-12,-1.0,0.00590358075282486,-0.00590358075282486
2007-02-13,2.3,-0.013450308087821484,-0.0058479600381832544
2007-02-14,1.8,-0.00995939100113471,-0.005532995000630394
2007-02-15,0.19686686819460816,-0.0010560047600337095,-0.0053640552608873755
2007-02-16,-0.1,0.0005344806531276998,-0.005344806531276997
2007-02-19,0.1,-0.0005353675726144776,-0.005353675726144776
2007-02-20,0.45,-0.0024066660000356672,-0.005348146666745927
2007-02-21,-0.25,0.0013257323166836594,-0.0053029292667346375
2007-02-22,-0.25,0.0013310324481148324,-0.005324129792459329
2007-02-23,-1.1,0.005846429554669023,-0.00531493595879002
2007-02-26,-0.25,0.0013574355959858804,-0.0054297423839435215
2007-02-27,-11.45,0.037807420263627885,-0.0033019581016268894
2007-02-28,2.744585693317635,-0.010628102419880865,-0.003872388625269591
2007-03-01,0.0,-0.0,-0.0037324992369343435
2007-03-02,0.0,-0.0,-0.0037364652910486696
2007-03-05,-0.0027706849428691845,1.0353379430711518e-05,-0.0037367581100686497
2007-03-06,-2.325,0.008550204964965216,-0.0036775075118129956
2007-03-07,0.225,-0.0008606565702381796,-0.003825140312169687
2007-03-08,-1.15,0.004368745300182158,-0.003798908956680138
2007-03-09,-0.02775567551804956,0.00010719943198815722,-0.00386225267399618
2007-03-12,0.0,-0.0,-0.003863925321534673
2007-03-13,0.0,-0.0,-0.0038636506488782616
2007-03-14,0.0,-0.0,-0.0038645120794210115
2007-03-15,0.0,-0.0,-0.003867854772129303
2007-03-16,0.0,-0.0,-0.003871551954083786
2007-03-19,0.0,-0.0,-0.0038728735363497886
2007-03-20,0.0,-0.0,-0.0038829613923113027
2007-03-21,0.0,-0.0,-0.0038960833871263174
2007-03-22,0.0,-0.0,-0.003895460723696843
2007-03-23,0.0,-0.0,-0.003894844738807269
2007-03-26,-0.0028331098408255627,1.1036439436253018e-05,-0.003895521196254439
2007-03-27,-0.475,0.001854336817153912,-0.0039038669834819202
2007-03-28,-1.1,0.004311271964251054,-0.00391933814931914
2007-03-29,0.19718703946177718,-0.0008061650884543226,-0.004088326954219473
2007-03-30,0.0,-0.0,-0.004079291204746696
2007-04-02,0.0,-0.0,-0.004080505585848479
2007-04-03,0.0,-0.0,-0.004079864762526017
2007-04-04,0.0,-0.0,-0.00408021407520237
2007-04-05,-0.0027664640384396097,1.1289846218049256e-05,-0.004080966194094161
2007-04-06,0.0,-0.0,-0.004149904580880295
2007-04-09,0.175,-0.0007267070782689983,-0.004152611875822848
2007-04-10,0.15,-0.0006216667117657234,-0.004144444745104823
2007-04-11,-0.75,0.0031113724345387273,-0.0041484965793849695
2007-04-12,0.7,-0.002930323273885851,-0.004186176105551216
2007-04-13,0.575,-0.002382532797334371,-0.00414353529971195
2007-04-16,1.425,-0.005819602191785923,-0.004083931362656788
2007-04-17,0.35,-0.0014123838227581371,-0.004035382350737535
2007-04-18,0.125,-0.0005039801582763595,-0.004031841266210876
2007-04-19,-0.0027651434480395806,1.118968530477854e-05,-0.004046692518867964
2007-04-20,2.55,-0.010150640691442624,-0.0039806434084088725
2007-04-23,-0.95,0.003754882973240369,-0.003952508392884599
2007-04-24,0.05,-0.00020068602296935208,-0.0040137204593870416
2007-04-25,2.45,-0.009639942502195404,-0.003934670409059348
2007-04-26,0.4,-0.0015608670624431536,-0.0039021676561078835
2007-04-27,-0.15,0.0005820337483550148,-0.0038802249890334322
2007-04-30,-2.7,0.010268079659503885,-0.00380299246648292
2007-05-01,0.85,-0.0034626598684116407,-0.004073717492248989
2007-05-02,1.65,-0.006599668405281811,-0.003999799033504128
2007-05-03,1.45,-0.0056190479381220135,-0.0038752054745669062
2007-05-04,1.2,-0.004555655022892017,-0.0037963791857433473
2007-05-07,0.0,-0.0,-0.0037229721985202672
2007-05-08,-0.4,0.001490167991495929,-0.003725419978739822
2007-05-09,0.65,-0.002463667791210992,-0.003790258140324603
2007-05-10,-3.25,0.011802257609018815,-0.0036314638796980966
2007-05-11,2.6,-0.009750616204207379,-0.0037502370016182225
2007-05-14,-0.7,0.002514656850708607,-0.0035923669295837243
2007-05-15,-0.05,0.00018163609025216272,-0.0036327218050432545
2007-05-16,1.9,-0.006832271540802614,-0.0035959323898961124
2007-05-17,-0.5520693704538694,0.0019252573658664807,-0.0034873468243378195
2007-05-18,2.55,-0.00880138248377435,-0.0034515225426566083
2007-05-21,0.0,-0.0,-0.003322848264786605
2007-05-22,-0.55,0.002034849152048612,-0.003699725730997476
2007-05-23,0.05,-0.00018810249763121843,-0.0037620499526243682
2007-05-24,-2.8,0.010512473519704657,-0.003754454828465949
2007-05-25,1.15,-0.00450178673247924,-0.0039145971586776
2007-05-28,0.2,-0.0007682631105096094,-0.003841315552548047
2007-05-29,0.85,-0.0032922044576020456,-0.003873181714825936
2007-05-30,2.3,-0.008668008607839553,-0.0037686993947128496
2007-05-31,-0.2,0.0007247968453246116,-0.003623984226623058
2007-06-01,1.3,-0.0047227916181766805,-0.003632916629366677
2007-06-04,0.15,-0.0005325840258099239,-0.0035505601720661594
2007-06-05,-1.302837310556843,0.004598913262611118,-0.0035299213688050634
2007-06-06,-5.175,0.01715983921445582,-0.0033159109593151343
2007-06-07,-8.177957397850973,0.024531891969276045,-0.002999757858328121
2007-06-08,3.7440177931580387,-0.01242940113723999,-0.0033198029026341577
2007-06-11,0.0,-0.0,-0.0031433641990645514
2007-06-12,0.0,-0.0,-0.0031466544907274335
2007-06-13,0.0,-0.0,-0.0031476613708263123
2007-06-14,0.0,-0.0,-0.0031477847407152286
2007-06-15,-0.003063325967943427,9.706908245848655e-06,-0.0031687480690686725
2007-06-18,-0.175,0.0005659705838297601,-0.003234117621884344
2007-06-19,0.3,-0.0009723667639102337,-0.003241222546367446
2007-06-20,-2.2,0.007062156122219044,-0.00321007096464502
2007-06-21,0.875,-0.0029153292686126303,-0.0033318048784144348
2007-06-22,-1.525,0.004991273499844735,-0.0032729662294063836
2007-06-25,-0.7,0.0023455875964708264,-0.0033508394235297525
2007-06-26,-1.57816505315862,0.00530651718077881,-0.0033624602003181326
2007-06-27,0.0,-0.0,-0.0034372387079720877
2007-06-28,0.0,-0.0,-0.0034415226784696067
2007-06-29,0.0,-0.0,-0.003443536906801183
2007-07-02,0.0,-0.0,-0.003485878488283215
2007-07-03,0.0,-0.0,-0.003498166719169852
2007-07-04,-0.0032272558058457357,1.1288558089434118e-05,-0.003497881410263924
2007-07-05,-0.45,0.001573652811262647,-0.0034970062472503265
2007-07-06,0.8,-0.002812998635586418,-0.003516248294483022
2007-07-09,0.0,-0.0,-0.0034852736400928877
2007-07-10,-2.25,0.007744799548413682,-0.003442133132628303
2007-07-11,1.1,-0.003901542820116737,-0.0035468571091970334
2007-07-12,2.475,-0.008512616361018806,-0.0034394409539469924
2007-07-13,0.425,-0.0014154405107377603,-0.0033304482605594357
2007-07-16,-0.025,8.284479432492794e-05,-0.0033137917729971177
2007-07-17,-0.1,0.00033254085752655555,-0.0033254085752655554
2007-07-18,-0.4,0.001334022372922408,-0.0033350559323060197
2007-07-19,0.5,-0.0016956033639188414,-0.003391206727837683
2007-07-20,-1.475,0.005088358491548595,-0.00344973457054142
2007-07-23,0.4,-0.0014086316088320905,-0.003521579022080226
2007-07-24,-2.65,0.009109969303374765,-0.00343772426542444
2007-07-25,0.22161047456139848,-0.0007912754471419405,-0.0035705688041506043
2007-07-26,0.0,-0.0,-0.0035666445732427596
2007-07-27,0.0,-0.0,-0.003571555629727739
2007-07-30,-0.0036384533253134795,1.2994212606802773e-05,-0.0035713561354214227
2007-07-31,1.875,-0.006635117249131917,-0.0035387291995370223
2007-08-01,-0.8,0.0027536641973964163,-0.00344208024674552
2007-08-02,-1.175,0.0040770811678490625,-0.0034698563130630316
2007-08-03,3.875,-0.013158913594158621,-0.003395848669460289
2007-08-06,-2.475,0.007934807521017773,-0.0032059828367748573
2007-08-07,-1.475,0.004881938295911679,-0.003309788675194358
2007-08-08,-2.1538653809759594,0.007285030399890444,-0.003382305349366566
2007-08-09,0.0,-0.0,-0.0035086756153221267
2007-08-10,0.0,-0.0,-0.003508366657015824
2007-08-13,0.0,-0.0,-0.003507807685943247
2007-08-14,0.0,-0.0,-0.0035072489249844494
2007-08-15,-0.004102123452308665,1.4391747450595285e-05,-0.0035083652693328
2007-08-16,-1.0025427036380403,0.0035086228025564058,-0.0034997240415039366
2007-08-17,-2.55,0.008898931429948072,-0.0034897770313521855
2007-08-20,0.1,-0.00036156896490971375,-0.003615689649097137
2007-08-21,-0.12915537223547224,0.0004663630244102681,-0.0036108681840969718
2007-08-22,0.0,-0.0,-0.0053212186088600335
2007-08-23,0.0,-0.0,-0.005468396175930244
2007-08-24,0.0,-0.0,-0.005467390992005881
2007-08-27,0.0,-0.0,-0.005466386177553294
2007-08-28,0.0,-0.0,-0.005465381887474904
2007-08-29,0.0,-0.0,-0.005575804051099294
2007-08-30,0.0,-0.0,-0.005575844697679278
2007-08-31,0.0,-0.0,-0.005602777205394224
2007-09-03,0.0,-0.0,-0.00560176481839013
2007-09-04,0.0,-0.0,-0.005600736442278992
2007-09-05,0.0,-0.0,-0.00559970844367864
2007-09-06,0.0,-0.0,-0.005598680822381234
2007-09-07,0.0,-0.0,-0.005597653578179097
2007-09-10,0.0,-0.0,-0.005596626710864696
2007-09-11,0.0,-0.0,-0.005595600220230656
2007-09-12,0.0,-0.0,-0.005594574106069748
2007-09-13,0.0,-0.0,-0.005593548368174902
2007-09-14,0.0,-0.0,-0.005592523006339194
2007-09-17,0.0,-0.0,-0.005591498020355855
2007-09-18,0.0,-0.0,-0.005590473580168648
2007-09-19,0.0,-0.0,-0.00559423548614542
2007-09-20,-0.0045413587271884125,2.5517956343580407e-05,-0.005619013576445382
2007-09-21,0.275,-0.0015448178126816375,-0.005617519318842318
2007-09-24,-0.275,0.0015387348938566343,-0.005595399614024124
2007-09-25,-0.275,0.0015433622945040433,-0.005612226525469248
2007-09-26,0.725,-0.004074068970774529,-0.005619405476930385
2007-09-27,0.825,-0.004581073138633526,-0.005552815925616396
2007-09-28,-0.65,0.003565198560812123,-0.005484920862787882
2007-10-01,1.85,-0.010098895411054463,-0.005458862384353763
2007-10-02,-0.2,0.0010658665456900157,-0.005329332728450078
2007-10-03,-0.375,0.00200245216194936,-0.0053398724318649594
2007-10-04,0.15,-0.0008063603663457673,-0.005375735775638449
2007-10-05,1.85,-0.009816253675607314,-0.005306083067895845
2007-10-08,-0.8,0.0041377072146983876,-0.005172134018372985
2007-10-09,1.35,-0.007060613923837204,-0.005230084388027558
2007-10-10,-0.3,0.0015411301591491187,-0.005137100530497062
2007-10-11,-0.8,0.004115885076535808,-0.005144856345669759
2007-10-12,0.925,-0.004793627830618263,-0.005182300357425149
2007-10-15,-1.425,0.007415603047959251,-0.005203931963480176
2007-10-16,-1.275,0.00674155780250088,-0.0052874963156869645
2007-10-17,0.5,-0.002684869871017449,-0.005369739742034898
2007-10-18,-0.575,0.003133470651723018,-0.005449514176909597
2007-10-19,-4.1,0.021162544440420258,-0.005161596204980551
2007-10-22,0.7702903269903544,-0.004176159257149501,-0.005421539270091075
2007-10-23,0.0,-0.0,-0.00551329397440527
2007-10-24,0.0,-0.0,-0.005526950594871708
2007-10-25,0.0,-0.0,-0.005581889671407122
2007-10-26,0.0,-0.0,-0.0056248513719648185
2007-10-29,0.0,-0.0,-0.005654344040709515
2007-10-30,0.0,-0.0,-0.005653313578982928
2007-10-31,0.0,-0.0,-0.005655693589760494
2007-11-01,0.0,-0.0,-0.005663686210921379
2007-11-02,0.0,-0.0,-0.005897932868476216
2007-11-05,0.0,-0.0,-0.006057948307237766
2007-11-06,0.0,-0.0,-0.006068862494634152
2007-11-07,0.0,-0.0,-0.006067819121398369
2007-11-08,0.0,-0.0,-0.006156710251269791
2007-11-09,0.0,-0.0,-0.00616330887741395
2007-11-12,-0.004789512519561964,3.0325183975657488e-05,-0.0063315804795998215
2007-11-13,-4.3,0.025248846004527016,-0.005871824652215586
2007-11-14,0.525,-0.0032458452721477694,-0.006182562423138608
2007-11-15,1.9938017512811979,-0.01206092980381683,-0.006049212162676953
2007-11-16,0.0,-0.0,-0.006090459494553198
2007-11-19,0.0,-0.0,-0.006121588152637436
2007-11-20,-0.0048836827050851486,2.9895244554736987e-05,-0.006121455131310738
2007-11-21,2.925,-0.017358688855144494,-0.00593459448039128
2007-11-22,-0.8,0.004663541622622569,-0.005829427028278211
2007-11-23,-1.625,0.009468476826319454,-0.0058267549700427405
2007-11-26,3.275,-0.018798279463434237,-0.005739932660590606
2007-11-27,-1.725,0.009401282082602672,-0.005450018598610244
2007-11-28,-4.4,0.022981198501907857,-0.005222999659524512
2007-11-29,-0.1051081572652905,0.0006386906685580377,-0.00607650904720932
2007-11-30,0.0,-0.0,-0.008206523021234825
2007-12-03,0.0,-0.0,-0.008852826741869392
2007-12-04,0.0,-0.0,-0.008851220697933251
2007-12-05,0.0,-0.0,-0.008849615236615377
2007-12-06,0.0,-0.0,-0.008848010357598789
2007-12-07,0.0,-0.0,-0.008846406060566747
2007-12-10,0.0,-0.0,-0.008844802812673545
2007-12-11,0.0,-0.0,-0.008844725277536953
2007-12-12,0.0,-0.0,-0.008847608075874765
2007-12-13,0.0,-0.0,-0.0090940777980425
2007-12-14,0.0,-0.0,-0.00913294516274856
2007-12-17,0.0,-0.0,-0.009256578465214833
2007-12-18,0.0,-0.0,-0.009281734705332112
2007-12-19,0.0,-0.0,-0.009418856317699663
2007-12-20,0.0,-0.0,-0.009417151298784121
2007-12-21,0.0,-0.0,-0.009415446897048253
2007-12-24,0.0,-0.0,-0.009413743112157017
2007-12-25,0.0,-0.0,-0.009412039943775603
2007-12-26,0.0,-0.0,-0.009410337391569452
2007-12-27,0.0,-0.0,-0.009408636043687578
2007-12-28,0.0,-0.0,-0.009418388332151957
2007-12-31,0.0,-0.0,-0.009453062121532504
2008-01-01,0.0,-0.0,-0.009451353385167751
2008-01-02,0.0,-0.0,-0.009747498180857744
2008-01-03,0.0,-0.0,-0.009819715369308602
2008-01-04,0.0,-0.0,-0.010210310498412476
2008-01-07,-0.0054518104065796845,5.5720273700282695e-05,-0.010220508334815711
2008-01-08,2.45,-0.024092803777678896,-0.0098337974602771
2008-01-09,-1.45,0.013667568889812324,-0.009425909579180913
2008-01-10,-0.95,0.00906777240491113,-0.00954502358411698
2008-01-11,1.325,-0.01266944255214008,-0.009561843435577418
2008-01-14,-1.25,0.01180888083925815,-0.00944710467140652
2008-01-15,3.225,-0.029085418419175182,-0.009018734393542692
2008-01-16,1.2,-0.010758224285509111,-0.008965186904590926
2008-01-17,3.625,-0.029696350404708586,-0.008192096663367886
2008-01-18,1.45,0.038952554790264,0.026863830889837244
2008-01-21,5.975,0.13072869355667394,0.021879279256347105
2008-01-22,-4.375,-0.10368805842073829,0.023700127639025896
2008-01-23,-3.275,-0.06965569784516074,0.021268915372568163
2008-01-24,-1.025,-0.020244645453709628,0.01975087361337525
2008-01-25,1.825,0.03481857143659935,0.019078669280328413
2008-01-28,-2.05,-0.04266713327148948,0.020813235742189993
2008-01-29,-0.75,-0.014570349876645839,0.01942713316886112
2008-01-30,1.15,0.02158953754130459,0.018773510905482255
2008-01-31,-2.9,-0.05474567428491776,0.018877818718937157
2008-02-01,-1.7560768952633543,-0.030492178992336468,0.017363806263030204
2008-02-04,0.0,-0.0,-0.005930096028997267
2008-02-05,0.0,-0.0,-0.005929026817869606
2008-02-06,0.0,0.0,0.016159708467072525
2008-02-07,-0.006157178127262264,-9.861472986419983e-05,0.016016221688887212
2008-02-08,1.0,0.015867733292537337,0.015867733292537337
2008-02-11,-0.8,-0.013326470191257423,0.016658087739071778
2008-02-12,-1.15,-0.018363077286510526,0.01596789329261785
2008-02-13,-1.4,-0.021556897141537478,0.01539778367252677
2008-02-14,1.275,0.01883597531613939,0.01477331397344266
2008-02-15,-0.02689456966380754,-0.0004085354685995682,0.015190258617498573
2008-02-18,-1.675,-0.025100290141927876,0.01498524784592709
2008-02-19,1.25,0.017745655292065076,0.014196524233652062
2008-02-20,-0.35,-0.005124751677320473,0.014642147649487064
2008-02-21,1.2,0.01688169069188724,0.0140680755765727
2008-02-22,-0.85,-0.012125534604531791,0.01426533482886093
2008-02-25,-1.6,-0.022105778074502723,0.013816111296564201
2008-02-26,-1.125,-0.014843793262642914,0.013194482900127034
2008-02-27,0.2188998334742107,0.0028122009116080104,0.012846976020835234
2008-02-28,0.0,0.0,0.012853974126086654
2008-02-29,0.0,0.0,0.01291777684042192
2008-03-03,-0.0061502376459350114,-8.341455334686162e-05,0.013562817918425367
2008-03-04,0.5,0.006683694489246055,0.01336738897849211
2008-03-05,-0.85,-0.011484526717425027,0.013511207902852974
2008-03-06,2.75,0.03490807754631556,0.012693846380478385
2008-03-07,1.525,0.021392037727166524,0.014027565722732147
2008-03-10,1.725,0.025065731016844634,0.014530858560489643
2008-03-11,-4.85,-0.06838789203219628,0.014100596295298204
2008-03-12,1.45,0.019312716794565792,0.01331911503073503
2008-03-13,-0.375,-0.0048892868903322746,0.013038098374219398
2008-03-14,2.225,0.02812283925180449,0.012639478315417748
2008-03-17,1.35,0.018229391609055675,0.013503253043744943
2008-03-18,-5.45,-0.06952966469419626,0.012757736641136929
2008-03-19,3.45,0.03918390119949112,0.011357652521591629
2008-03-20,-2.525,-0.03188700719583124,0.012628517701319304
2008-03-21,-0.006496052554514113,2.6888046037590204e-05,-0.004139136161838111
2008-03-24,0.0,-0.0,-0.0041439022835339364
2008-03-25,0.0,0.0,0.012216054646251848
2008-03-26,0.0,0.0,0.012029399052282518
2008-03-27,0.0,0.0,0.012074149103337815
2008-03-28,0.0,0.0,0.012057433578346747
2008-03-31,0.0,0.0,0.012191566383151426
2008-04-01,0.0,0.0,0.011956649963258644
2008-04-02,0.0,0.0,0.01238484662124499
2008-04-03,0.0,0.0,0.012243724736224522
2008-04-04,0.0,0.0,0.012247202171736325
2008-04-07,0.0,0.0,0.012218156650909182
2008-04-08,0.0,0.0,0.012207512238222194
2008-04-09,0.0,0.0,0.012094840621873207
2008-04-10,0.0,0.0,0.01198901345316693
2008-04-11,0.0,0.0,0.011969862415533142
2008-04-14,0.0,0.0,0.012762600432566835
2008-04-15,0.0,0.0,0.011849645412217408
2008-04-16,0.0,0.0,0.01181087068351459
2008-04-17,0.0,0.0,0.012016854185409485
2008-04-18,0.0,0.0,0.01200447260752762
2008-04-21,0.0,-0.0,-0.0045810872478106906
2008-04-22,0.0,-0.0,-0.004580261912446491
2008-04-23,0.0,-0.0,-0.004579436874415971
2008-04-24,0.0,-0.0,-0.004578612133558484
2008-04-25,0.0,-0.0,-0.004577787689713498
2008-04-28,0.0,-0.0,-0.004576963542720601
2008-04-29,0.0,-0.0,-0.0045761396924194914
2008-04-30,0.0,-0.0,-0.004575316138649984
2008-05-01,0.0,-0.0,-0.004574492881252014
2008-05-02,0.0,-0.0,-0.004573669920065625
2008-05-05,0.0,-0.0,-0.004572847254930977
2008-05-06,0.0,-0.0,-0.004572025228410408
2008-05-07,0.0,-0.0,-0.004865160942473247
2008-05-08,0.0,-0.0,-0.004868953684087314
2008-05-09,0.0,-0.0,-0.004936392211726515
2008-05-12,0.0,-0.0,-0.004935505101624195
2008-05-13,0.0,-0.0,-0.0049346183103064845
2008-05-14,0.0,-0.0,-0.00493373225299211
2008-05-15,0.0,-0.0,-0.005086468397502877
2008-05-16,-0.0012991505571933242,6.622329042055071e-06,-0.005097430013317243
2008-05-19,0.0,-0.0,-0.00514618150350716
2008-05-20,0.0,-0.0,-0.0053569284024172735
2008-05-21,0.0,-0.0,-0.005417801638870707
2008-05-22,0.0,-0.0,-0.0058567543832886105
2008-05-23,0.0,-0.0,-0.005855974970062555
2008-05-26,0.0,-0.0,-0.005854924491205043
2008-05-27,0.0,-0.0,-0.005853874389161949
2008-05-28,0.0,-0.0,-0.005852824663730568
2008-05-29,0.0,-0.0,-0.005851775314708328
2008-05-30,0.0,-0.0,-0.005850726341892808
2008-06-02,0.0,-0.0,-0.005849677745081731
2008-06-03,0.0,-0.0,-0.005848629524072965
2008-06-04,0.0,-0.0,-0.005847581678664522
2008-06-05,0.0,-0.0,-0.005846534208654562
2008-06-06,0.0,-0.0,-0.005845487113841382
2008-06-09,0.0,0.0,0.014203439536324294
2008-06-10,0.0,0.0,0.014063381304750414
2008-06-11,0.0,-0.0,-0.005844384791430743
2008-06-12,-0.006284456184826371,-8.914562617002452e-05,0.014185097890452945
2008-06-13,-1.65,-0.02314571596720316,0.014027706646789794
2008-06-16,-0.025,0.00014438317237210998,-0.005775326894884399
2008-06-17,0.7,0.00928860778838205,0.013269439697688644
2008-06-18,1.425,-0.008146749345928107,-0.005717017084861829
2008-06-19,-0.275,0.001542208116271007,-0.005608029513712752
2008-06-20,2.25,-0.012404219331879187,-0.005512986369724083
2008-06-23,0.075,-0.0004010760734398879,-0.005347680979198506
2008-06-24,0.275,0.003612746991987015,0.01313726178904369
2008-06-25,-0.7,-0.009225756601963392,0.013179652288519132
2008-06-26,3.8,0.04592923746673851,0.012086641438615398
2008-06-27,0.45,0.0063281428688354065,0.014062539708523124
2008-06-30,-0.3,-0.004267801674149707,0.014226005580499024
2008-07-01,-0.325,-0.004394285574491666,0.013520878690743589
2008-07-02,2.35,0.031542396490354535,0.013422296378874269
2008-07-03,-0.225,-0.0032441586101872185,0.014418482711943193
2008-07-04,-0.006263352231250703,-8.941727870555617e-05,0.014276265393380375
2008-07-07,2.65,0.036923728816765866,0.01393348257236448
2008-07-08,-4.4,-0.06130409606944888,0.013932749106692927
2008-07-09,5.14370068586891,0.06154704984725741,0.011965519303318569
2008-07-10,-0.65,-0.008715378782881623,0.013408275050587113
2008-07-11,1.475,0.020123649691501978,0.013643152333221678
2008-07-14,1.15,0.015728789434490596,0.013677208203904867
2008-07-15,1.718770996870238,0.027189498053191943,0.015819151069399077
2008-07-16,-6.0,-0.08557026655388426,0.014261711092314043
2008-07-17,-2.506204137117743,-0.03203379712760596,0.012781798838001438
2008-07-18,-0.7,-0.008332551323173759,0.011903644747391084
2008-07-21,-0.1,-0.001184677788872086,0.011846777888720858
2008-07-22,-1.275,-0.015099127461643479,0.011842452911092925
2008-07-23,-0.825,-0.009449385915693147,0.011453801109931088
2008-07-24,2.875,0.031451501217284794,0.01093965259731645
2008-07-25,0.0,0.0,0.012554523076805692
2008-07-28,1.875,0.023094619468153773,0.012317130383015346
2008-07-29,-2.675,-0.033840281468237796,0.012650572511490765
2008-07-30,-2.3,-0.027324820363430993,0.011880356679752607
2008-07-31,1.775,0.019554244814305535,0.011016475951721429
2008-08-01,0.675,0.007848272843739136,0.011627070879613533
2008-08-04,1.15,0.0135747991857936,0.011804173205037913
2008-08-05,-3.425,-0.04009718336913604,0.011707206823105415
2008-08-06,-0.475,-0.005318511181903598,0.011196865646112837
2008-08-07,1.968959338908668,0.021561097134805224,0.010950504009268095
2008-08-08,0.0,0.0,0.011711482320000799
2008-08-11,0.0,0.0,0.01188589614969633
2008-08-12,0.0,0.0,0.012055368857704718
2008-08-13,0.0,0.0,0.012119989287474296
2008-08-14,0.0,0.0,0.012098047672934292
2008-08-15,-0.0025830841029441253,-3.1470339856172584e-05,0.012183242435003797
2008-08-18,0.0,0.0,0.012180714447785157
2008-08-19,0.0,0.0,0.012400428382221978
2008-08-20,0.0,0.0,0.012425510579597588
2008-08-21,0.0,0.0,0.012368068352040145
2008-08-22,0.0,0.0,0.012355770293024178
2008-08-25,0.0,0.0,0.01236269294656484
2008-08-26,0.0,0.0,0.01207274699873757
2008-08-27,0.0,0.0,0.012085567125196438
2008-08-28,0.0,0.0,0.012141461107652428
2008-08-29,0.0,0.0,0.012566574597748915
2008-09-01,0.0,0.0,0.012354616794731533
2008-09-02,0.0,0.0,0.012343798401962956
2008-09-03,0.0,0.0,0.013378032206874817
2008-09-04,0.0,0.0,0.012237005133150639
2008-09-05,-0.0060035110445034725,-7.805910849538912e-05,0.01300224284035528
2008-09-08,-2.6,-0.03352869270214848,0.012895651039287874
2008-09-09,4.05,0.04632210359515185,0.01143755644324737
2008-09-10,-0.675,-0.010239909004713643,0.015170235562538728
2008-09-11,-1.775,-0.025441685300986318,0.014333343831541587
2008-09-12,-0.65,-0.008980664266875748,0.013816406564424228
2008-09-15,6.25,0.07040813104246246,0.011265300966793994
2008-09-16,-2.025,-0.028729168330839376,0.014187243620167593
2008-09-17,5.325,0.06457919516016662,0.012127548386885751
2008-09-18,-4.025,-0.05505741796157821,0.013678861605361045
2008-09-19,-4.275,-0.05121122920905432,0.011979234902702763
2008-09-22,3.218421799252925,0.03424017336696633,0.010638808553594286
2008-09-23,0.0,0.0,0.0117263087453207
2008-09-24,0.0,0.0,0.011820445335991291
2008-09-25,0.0,0.0,0.01140062805831291
2008-09-26,0.0,0.0,0.011453316026582443
2008-09-29,0.0,0.0,0.01144153695148572
2008-09-30,0.0,0.0,0.012408791046239223
2008-10-01,0.0,0.0,0.012623545958025945
2008-10-02,0.0,0.0,0.012609600554171626
2008-10-03,0.0,0.0,0.012753675727862528
2008-10-06,-0.006925634727026032,-8.838974680990557e-05,0.012762692560868195
2008-10-07,4.75,0.05706494316699849,0.012013672245683893
2008-10-08,2.475,0.033426727529659694,0.013505748496832198
2008-10-09,6.85,0.08677695069548222,0.012668167984741931
2008-10-10,2.15,0.03126508949403911,0.01454190209025075
2008-10-13,-12.575,-0.13733235097628121,0.010921061707855366
2008-10-14,1.45,0.012648252975350495,0.008722933086448618
2008-10-15,9.9,0.0763388451170651,0.007710994456269201
2008-10-16,-3.775,-0.03658733670210039,0.009692009722410699
2008-10-17,0.75,0.006718829341948639,0.008958439122598185
2008-10-20,-5.7,-0.049394038234423496,0.008665620742881314
2008-10-21,3.066612350432263,0.023044501777550512,0.007514644547199522
2008-10-22,0.0,0.0,0.00810597709810139
2008-10-23,0.0,0.0,0.00816029492101677
2008-10-24,-0.008572811763594815,-6.978637049898318e-05,0.008140429584064475
2008-10-27,3.125,0.024642877751868245,0.007885720880597838
2008-10-28,-10.4,-0.07669779338061695,0.007374787825059323
2008-10-29,1.1660071532190188,0.00681585444915117,0.005845465381867089
2008-10-30,0.0,0.0,0.005984991305893346
2008-10-31,0.0,0.0,0.005827186097205246
2008-11-03,0.0,0.0,0.00581727538599624
2008-11-04,0.0,0.0,0.005807572205821352
2008-11-05,0.0,0.0,0.005759386464239224
2008-11-06,0.0,0.0,0.005786895503674165
2008-11-07,0.0,0.0,0.005825299795904246
2008-11-10,0.0,0.0,0.0057668764785105695
2008-11-11,0.0,0.0,0.005762821452543039
2008-11-12,0.0,0.0,0.005764349198828331
2008-11-13,-0.00937186250484777,-5.376982230462746e-05,0.005737367815289013
2008-11-14,4.622574972406765,0.025215943049627505,0.005454955993174235
2008-11-17,1.05,0.006455547856884496,0.006148140816080472
2008-11-18,-1.55,-0.009533377688846628,0.006150566250868792
2008-11-19,5.4,0.03097960493054005,0.005736963876025934
2008-11-20,6.425,0.04001798676014793,0.006228480429595009
2008-11-21,-4.375,-0.030757320881216157,0.0070302447728494075
2008-11-24,-5.6,-0.035133999017899264,0.006273928396053441
2008-11-25,-0.525,-0.0029456719787237773,0.005610803768997671
2008-11-26,-3.3,-0.017867706193347273,0.005414456422226446
2008-11-27,-0.309602454583275,-0.0015473170080810307,0.0049977543303515466
2008-11-28,0.0,0.0,0.004951845099569507
2008-12-01,0.0,-0.0,-0.001332202590097977
2008-12-02,0.0,0.0,0.00454047864062805
2008-12-03,0.0,0.0,0.004561391759129816
2008-12-04,0.0,0.0,0.004557158324310565
2008-12-05,0.0,0.0,0.004491646558720438
2008-12-08,0.0,-0.0,-0.0013351371242608932
2008-12-09,0.0,0.0,0.004491498691086236
2008-12-10,0.0,0.0,0.004494878069646935
2008-12-11,0.0,0.0,0.0044918443324675926
2008-12-12,0.0,0.0,0.004466022743756688
2008-12-15,0.0,0.0,0.004486436045249973
2008-12-16,0.0,0.0,0.0044003028509689845
2008-12-17,0.0,0.0,0.0044435671827967385
2008-12-18,0.0,0.0,0.004442702484719628
2008-12-19,0.0,0.0,0.004498567328035887
2008-12-22,0.0,0.0,0.004277788620052828
2008-12-23,0.0,0.0,0.004274470023685138
2008-12-24,-0.009841663558781393,-4.207618459750215e-05,0.004275312232143818
2008-12-25,0.0,0.0,0.004294660759056448
2008-12-26,-0.4,0.0005492270059272214,-0.0013730675148180534
2008-12-29,-0.15,-0.0006439157407226608,0.004292771604817739
2008-12-30,-1.775,-0.007616231872587635,0.004290834857795851
2008-12-31,-1.175,-0.004906502663690666,0.004175746947821843
2009-01-01,-0.009848517049481484,-4.04425674340864e-05,0.004106462651269479
2009-01-02,0.0,-0.0,-0.0014483337624396709
2009-01-05,0.0,0.0,0.004105472514351748
2009-01-06,0.0,0.0,0.004061419104119245
2009-01-07,0.0,0.0,0.004043397212569891
2009-01-08,0.0,0.0,0.00422543312099443
2009-01-09,0.0,0.0,0.004087823884222671
2009-01-12,0.0,0.0,0.004125619904145292
2009-01-13,-0.00986480085346906,-4.110296007764258e-05,0.004166628469057061
2009-01-14,2.875,0.011874225899854091,0.004130165530384032
2009-01-15,0.05,0.00022667645759061805,0.004533529151812361
2009-01-16,-0.925,-0.004218701772007527,0.00456075867244057
2009-01-19,0.85,0.0036822187794521796,0.0043320220934731524
2009-01-20,3.4,0.01491759558266399,0.004387528112548233
2009-01-21,-3.075,-0.015208260899375374,0.004945775902235894
2009-01-22,1.125,0.0052757316595957145,0.0046895392529739685
2009-01-23,0.2,0.0009549673822782424,0.004774836911391212
2009-01-26,-0.725,-0.0034364809501746378,0.004739973724378811
2009-01-27,-0.85,-0.0039631659670301906,0.004662548196506106
2009-01-28,-3.225,-0.014722358452271957,0.004565072388301382
2009-01-29,2.875,0.01198119166572833,0.004167371014166376
2009-01-30,2.025,0.00926604714372029,0.0045758257499853286
2009-02-02,0.125,0.0005995821626122292,0.004796657300897834
2009-02-03,-1.05,-0.004958789367340143,0.004722656540323945
2009-02-04,0.2,0.000920012681845122,0.00460006340922561
2009-02-05,-1.075,-0.0049313170358660655,0.004587271661270759
2009-02-06,-2.725,-0.01210389240322098,0.0044417953773288
2009-02-09,0.275,0.00116440693829468,0.004234207048344291
2009-02-10,3.8,0.015913029758342738,0.004187639410090194
2009-02-11,-0.45,-0.0021202050621264906,0.004711566804725535
2009-02-12,-0.4,-0.0018530177867268985,0.004632544466817246
2009-02-13,1.5463041646704758,0.007065983304494545,0.004569594692904637
2009-02-16,1.125,0.005351758124312802,0.0047571183327224905
2009-02-17,2.325,0.01120087554069725,0.004817580877719247
2009-02-18,0.6,0.0030179352674792326,0.005029892112465388
2009-02-19,0.0,0.0,0.0050899100162148814
2009-02-20,1.0,0.00506289956601635,0.00506289956601635
2009-02-23,2.45,0.012494936230901968,0.005099973971796721
2009-02-24,-2.375,-0.01273268876172552,0.005361132110200219
2009-02-25,0.725,0.0037579398141307017,0.005183365260869934
2009-02-26,0.95,0.004989283623033354,0.005251877497929846
2009-02-27,1.775,0.00948735627072911,0.00534498944829809
2009-03-02,2.875,0.015116954538064154,0.0052580711436744886
2009-03-03,1.6,0.009109142895110165,0.005693214309443853
2009-03-04,-1.9,-0.011122929196533392,0.0058541732613333645
2009-03-05,2.25,0.012185011130846078,0.005415560502598257
2009-03-06,-0.175,-0.0010040918389571038,0.00573766765118345
2009-03-09,1.175,0.006645368087325645,0.005655632414745229
2009-03-10,-4.0,-0.023732947841842867,0.005933236960460717
2009-03-11,-0.45,-0.0023911244952810645,0.005313609989513477
2009-03-12,-3.1,-0.016534141584617454,0.005333594059554017
2009-03-13,-0.625,-0.0031176877613647027,0.0049883004181835245
2009-03-16,0.05,0.00024508998792994313,0.004901799758598863
2009-03-17,-2.125,-0.01019706565899371,0.004798619133644099
2009-03-18,-1.625,-0.007466321243911204,0.0045946592270222795
2009-03-19,1.1399438537108584,0.005056313569176089,0.004435581237370837
2009-03-20,0.0,0.0,0.004547933841811059
2009-03-23,-0.010153547653230384,-4.625376066301263e-05,0.004555428530273047
2009-03-24,1.4398487671179134,0.007001435219293318,0.004862618477152851
2009-03-25,0.0,0.0,0.004583597652029375
2009-03-26,0.0,0.0,0.004481145517855002
2009-03-27,0.0,0.0,0.004519106587077162
2009-03-30,0.0,0.0,0.004448846360666091
2009-03-31,0.0,0.0,0.004544545072956572
2009-04-01,0.0,0.0,0.0045492202528275546
2009-04-02,0.0,0.0,0.004533267505518646
2009-04-03,0.0,0.0,0.004864011547996655
2009-04-06,0.0,0.0,0.0047126450226760005
2009-04-07,0.0,0.0,0.005939135986637855
2009-04-08,0.0,0.0,0.0054835509838871465
2009-04-09,0.0,0.0,0.006555189106152648
2009-04-10,0.0,0.0,0.006586094979720987
2009-04-13,0.0,-0.0,-0.0027650677219951915
2009-04-14,0.0,0.0,0.007170737782905284
2009-04-15,0.0,0.0,0.0072416743582705695
2009-04-16,0.0,0.0,0.007218570517934583
2009-04-17,0.0,0.0,0.007136506487976479
2009-04-20,0.0,0.0,0.007133924529935057
2009-04-21,0.0,0.0,0.007454560870471939
2009-04-22,0.0,0.0,0.00992047664841884
2009-04-23,0.0,0.0,0.009506598873139725
2009-04-24,0.0,0.0,0.009539773179317744
2009-04-27,0.0,0.0,0.009585151754771695
2009-04-28,0.0,0.0,0.009621671514675573
2009-04-29,0.0,0.0,0.009627751638037746
2009-04-30,0.0,0.0,0.009698584536068791
2009-05-01,0.0,0.0,0.00959256890158576
2009-05-04,0.0,0.0,0.009464904420234788
2009-05-05,0.0,0.0,0.009802892245707398
2009-05-06,0.0,0.0,0.009786761943518275
2009-05-07,0.0,0.0,0.009846399123515896
2009-05-08,0.0,0.0,0.009825332648971813
2009-05-11,0.0,0.0,0.010538335622209134
2009-05-12,0.0,0.0,0.010602977704801647
2009-05-13,0.0,0.0,0.010676770595051862
2009-05-14,0.0,0.0,0.012083115600521744
2009-05-15,-0.0023452568736776177,-3.267473195634219e-05,0.013932261460598411
2009-05-18,0.0,0.0,0.0147546315793337
2009-05-19,0.0,0.0,0.017680278054273926
2009-05-20,0.0,0.0,0.017304898694384993
2009-05-21,0.0,0.0,0.018450932930656385
2009-05-22,0.0,0.0,0.018448429655426916
2009-05-25,0.0,0.0,0.018454048868891185
2009-05-26,0.0,0.0,0.01848149536841673
2009-05-27,0.0,0.0,0.018153440983956277
2009-05-28,0.0,0.0,0.01833927832938479
2009-05-29,0.0,0.0,0.018490977985249575
2009-06-01,0.0,0.0,0.018655689901672663
2009-06-02,0.0,0.0,0.01916560385068457
2009-06-03,-0.009709423047056898,-0.00018452232205372273,0.01900445795382814
2009-06-04,0.875,0.016653664395094792,0.019032759308679762
2009-06-05,0.0,0.0,0.019413355393640957
2009-06-08,-0.175,-0.0033799807436702763,0.019314175678115865
2009-06-09,0.075,0.0014420253459279317,0.019227004612372423
2009-06-10,0.1,0.00192068634300738,0.0192068634300738
2009-06-11,0.15,0.0028379434849356193,0.01891962323290413
2009-06-12,0.25,0.004733953891711111,0.018935815566844445
2009-06-15,-2.125,-0.03932190317059408,0.018504425021456036
2009-06-16,-1.1840962469351144,-0.02184894623673088,0.018452001932515328
2009-06-17,0.0,0.0,0.01826136600834287
2009-06-18,0.0,0.0,0.018227397090205995
2009-06-19,0.0,0.0,0.018327287653463045
2009-06-22,0.0,0.0,0.018130042532694804
2009-06-23,0.0,0.0,0.019223068781714946
2009-06-24,0.0,0.0,0.019565160970723316
2009-06-25,0.0,0.0,0.019703378014065562
2009-06-26,0.0,0.0,0.020220480279270266
2009-06-29,0.0,0.0,0.01998954753924297
2009-06-30,0.0,0.0,0.019839842851202254
2009-07-01,0.0,0.0,0.019884599042928733
2009-07-02,0.0,0.0,0.019893127369291993
2009-07-03,0.0,0.0,0.02052346850270167
2009-07-06,0.0,0.0,0.020508267953090253
2009-07-07,0.0,0.0,0.020139318178055043
2009-07-08,0.0,0.0,0.020348682247440925
2009-07-09,-0.006994452181191887,-0.0001498612764489948,0.021425734648951127
2009-07-10,0.475,0.009820312776350846,0.02067434268705441
2009-07-13,-2.125,-0.043425279567403524,0.020435425678778128
2009-07-14,-0.6069638253104535,-0.012356989236326225,0.020358691442617358
2009-07-15,0.0,0.0,0.02158999256784959
2009-07-16,0.0,0.0,0.022363424877854404
2009-07-17,0.0,0.0,0.021641136852350144
2009-07-20,0.0,0.0,0.021500926087601378
2009-07-21,-0.006687270540191182,-0.00014584567853529143,0.02180944791432378
2009-07-22,-0.4,-0.008743634630344844,0.021859086575862108
2009-07-23,1.95,0.04420841948397205,0.0226709843507549
2009-07-24,0.875,0.021485572284975944,0.02455493975425822
2009-07-27,0.225,0.005644427979746164,0.025086346576649616
2009-07-28,-0.4,-0.009902670377168335,0.024756675942920837
2009-07-29,-0.1,-0.0024819692688204226,0.024819692688204224
2009-07-30,0.725,0.017802919006758976,0.02455575035415031
2009-07-31,0.225,0.00567547728907722,0.025224343507009864
2009-08-03,1.625,0.042593297525705794,0.02621126001581895
2009-08-04,0.4,0.010751147936230068,0.026877869840575167
2009-08-05,-0.4057040744675366,-0.01248209931227324,0.030766512090506563
2009-08-06,-1.15,-0.03307496191289117,0.028760836445992328
2009-08-07,2.3,0.06209448142765581,0.026997600620719917
2009-08-10,0.2,0.005838873716219647,0.02919436858109823
2009-08-11,-2.9,-0.07897287220769761,0.027232024899206075
2009-08-12,1.8447197124025638,0.04990738981166622,0.02705418578016213
2009-08-13,1.125,0.030957074101871516,0.02751739920166357
2009-08-14,-0.7768199678777353,-0.02203529621789487,0.028366027044972965
2009-08-17,-2.75,-0.07342842922542217,0.02670124699106261
2009-08-18,1.125,0.032054198342586555,0.028492620748965827
2009-08-19,0.75,0.022594246762118703,0.030125662349491603
2009-08-20,0.775,0.02331134142942673,0.03007915023151836
2009-08-21,2.075,0.06167583761963138,0.029723295238376565
2009-08-24,-0.1,-0.0032933407093728067,0.032933407093728065
2009-08-25,0.15,0.005253672813380195,0.03502448542253463
2009-08-26,0.075,0.0026172890139006897,0.034897186852009196
2009-08-27,0.25,0.008957650608404826,0.0358306024336193
2009-08-28,-0.175,-0.006534075168444529,0.037337572391111594
2009-08-31,-0.675,-0.02443630171779881,0.03620192847081305
2009-09-01,-2.425,-0.08324795564981746,0.03432905387621339
2009-09-02,-0.225,-0.009303173454197155,0.041347437574209576
2009-09-03,0.75,0.028997193194046533,0.03866292425872871
2009-09-04,1.225,0.053430250021697163,0.043616530629956865
2009-09-07,0.775,0.03380537849337768,0.04361984321726153
2009-09-08,0.325,0.01440066586406514,0.04430974112020043
2009-09-09,0.75,0.035292533904767796,0.04705671187302373
2009-09-10,0.925,0.0446361707645566,0.048255319745466596
2009-09-11,-0.025,-0.0012455426064664126,0.0498217042586565
2009-09-14,0.625,0.030776741685328884,0.049242786696526215
2009-09-15,0.24494962059109135,0.012096720564368514,0.049384524602151855
2009-09-16,3.5,0.13868620234115056,0.03962462924032873
2009-09-17,-0.15,-0.006437116840226386,0.04291411226817591
2009-09-18,-0.35,-0.014947100248730322,0.04270600071065807
2009-09-21,-0.1,-0.00420245199593062,0.0420245199593062
2009-09-22,1.35,0.05513406648341286,0.04084004924697249
2009-09-23,-1.65,-0.06509559661871143,0.039451876738612994
2009-09-24,-2.95,-0.1039598290552505,0.035240620018728984
2009-09-25,-0.65,-0.0223257868898033,0.03434736444585123
2009-09-28,3.5950507904066806,0.10527477138731406,0.029283250091552984
2009-09-29,-0.425,-0.013792160110181759,0.03245214143572179
2009-09-30,-0.175,-0.005636555240224524,0.03220888708699728
2009-10-01,-2.55,-0.07650674816194997,0.0300026463380196
2009-10-02,-0.575,-0.017745140932342786,0.03086111466494398
2009-10-05,1.475,0.043158130783482136,0.0292597496837167
2009-10-06,1.2,0.035878774468855554,0.0298989787240463
2009-10-07,0.5,0.015295984450935895,0.03059196890187179
2009-10-08,1.025,0.031214569600953913,0.03045323863507699
2009-10-09,0.425,0.013259549073346035,0.031198938996108316
2009-10-12,0.35,0.010937165361025325,0.031249043888643788
2009-10-13,-0.275,-0.008634270452762272,0.03139734710095371
2009-10-14,1.9,0.05583676052033674,0.029387768694914072
2009-10-15,0.1952678676999358,0.0061047371153901174,0.03126339826054302
2009-10-16,-1.55,-0.047493803098234734,0.0306411632891837
2009-10-19,1.8,0.05263794437647577,0.029243302431375427
2009-10-20,-0.3,-0.00899551191989842,0.02998503973299474
2009-10-21,-2.3,-0.06564708774253754,0.028542212061972848
2009-10-22,2.55,0.06793926309395171,0.026642848272137927
2009-10-23,-2.75,-0.07253662490793504,0.02637695451197638
2009-10-26,-2.1546058630528817,-0.053809167612577584,0.024974018930930996
2009-10-27,-0.575,-0.01397273850143531,0.02430041478510489
2009-10-28,-2.2,-0.04970906765273417,0.022595030751242803
2009-10-29,2.2953674379002127,0.05039439049530447,0.02195482503725196
2009-10-30,0.0,0.0,0.023485852557457332
2009-11-02,0.0,0.0,0.024485994018080052
2009-11-03,0.0,0.0,0.02417318647101765
2009-11-04,0.0,0.0,0.023902611568274862
2009-11-05,0.0,0.0,0.023922699822937925
2009-11-06,0.0,0.0,0.023868109115445978
2009-11-09,-0.004554537955070021,-0.0001086102448942953,0.02384660002084131
2009-11-10,0.025,0.0006191464164305119,0.024765856657220475
2009-11-11,0.425,0.010225539265722387,0.02406009238993503
2009-11-12,-0.9,-0.021709749205029882,0.02412194356114431
2009-11-13,0.4217948516011867,0.010036395009774778,0.023794493867517235
2009-11-16,1.475,0.034676638330234266,0.0235095853086334
2009-11-17,0.125,0.0030467207931703837,0.02437376634536307
2009-11-18,0.1,0.002436535217588306,0.024365352175883058
2009-11-19,-1.425,-0.03359626613258674,0.023576327110587186
2009-11-20,-0.425,-0.009740392099656738,0.02291856964625115
2009-11-23,1.375,0.03065928279648424,0.0222976602156249
2009-11-24,-0.075,-0.0017112850095960931,0.022817133461281242
2009-11-25,0.6,0.013267624120596832,0.022112706867661387
2009-11-26,-2.425,-0.052374329856050186,0.021597661796309356
2009-11-27,0.475,0.010170096545104033,0.02141072956864007
2009-11-30,0.525,0.011266670536139951,0.021460324830742762
2009-12-01,1.375,-0.01048343485377347,-0.007624316257289797
2009-12-02,-0.05,-0.0010847839114031328,0.021695678228062655
2009-12-03,-1.0,-0.021543102132442152,0.021543102132442152
2009-12-04,1.0,0.021218161958492836,0.021218161958492836
2009-12-07,-0.425,-0.009249003585800449,0.021762361378354
2009-12-08,-1.375,0.010323523894239867,-0.0075080173776289946
2009-12-09,0.55,0.011923763226709197,0.021679569503107628
2009-12-10,0.65,0.014068312609785869,0.02164355786120903
2009-12-11,0.6,0.013137253417975754,0.021895422363292925
2009-12-14,0.525,0.011558383397314912,0.022015968375837927
2009-12-15,-0.45,-0.010001819544351066,0.02222626565411348
2009-12-16,0.175,0.003631440006901708,0.020751085753724047
2009-12-17,-1.15,-0.02374075097863529,0.020644131285769817
2009-12-18,0.35,0.007169432737073445,0.020484093534495557
2009-12-21,1.05,0.020914969198578836,0.019919018284360795
2009-12-22,0.525,0.01076130129223249,0.020497716747109505
2009-12-23,0.2,0.004127028936436371,0.020635144682181854
2009-12-24,0.65,0.013382684977930059,0.020588746119892396
2009-12-25,0.0,0.0,0.020882058413107984
2009-12-28,0.1,-0.0007476325115394402,-0.007476325115394401
2009-12-29,-0.1287231855538216,-0.0025970728490022125,0.020175641535194352
2009-12-30,0.05,0.001006088076947288,0.020121761538945758
2009-12-31,-2.25,-0.042873445083791775,0.019054864481685235
2010-01-01,-0.0036933816993370244,-6.97251996175183e-05,0.018878416934278476
2010-01-04,1.8,-0.01291205880525412,-0.007173366002918955
2010-01-05,0.34629767607080647,0.006703136230011497,0.019356572952112235
2010-01-06,0.15,0.002815102964590573,0.018767353097270487
2010-01-07,0.9,0.01679371369262225,0.01865968188069139
2010-01-08,0.8,0.014410860367155581,0.018013575458944477
2010-01-11,0.2,0.0036408370592448144,0.01820418529622407
2010-01-12,-1.7,-0.030550325850957866,0.017970779912328157
2010-01-13,1.45,0.02550831105732899,0.017591938660226892
2010-01-14,0.8,0.014588192496297891,0.018235240620372364
2010-01-15,-2.6,-0.04742960404374398,0.018242155401439992
2010-01-18,0.9,0.01610398258409255,0.017893313982325056
2010-01-19,1.8,0.03211045580497108,0.01783914211387282
2010-01-20,-2.3,-0.0419600483708997,0.01824349929169552
2010-01-21,-4.75,-0.07744228455912844,0.016303638854553354
2010-01-22,-3.9036422419452337,-0.06040123069759715,0.015473044647528576
2010-01-25,0.14640295922498128,0.002199320972451827,0.015022380586392877
2010-01-26,0.0,0.0,0.015220292815365999
2010-01-27,0.0,0.0,0.014930637282262052
2010-01-28,0.0,0.0,0.015025495970789369
2010-01-29,0.0,0.0,0.015522066310372269
2010-02-01,0.0,0.0,0.015957214083744023
2010-02-02,0.0,0.0,0.016144413072245525
2010-02-03,0.0,0.0,0.01693754367853777
2010-02-04,0.0,0.0,0.01677318143149177
2010-02-05,0.0,0.0,0.018128644324572247
2010-02-08,0.0,0.0,0.017910481141637413
2010-02-09,0.0,0.0,0.01844414455926003
2010-02-10,0.0,0.0,0.01750244398783542
2010-02-11,0.0,0.0,0.017356048298596653
2010-02-12,0.0,0.0,0.017511062534984554
2010-02-15,-0.0022945547984731694,-4.077168775142365e-05,0.017768888229888313
2010-02-16,0.0,0.0,0.01705029089068265
2010-02-17,0.0,0.0,0.01740860072022001
2010-02-18,0.0,0.0,0.017439755807384178
2010-02-19,-0.003679166935247281,-6.42926338767493e-05,0.01747478029898856
2010-02-22,0.125,0.002181486569786043,0.017451892558288343
2010-02-23,-1.025,-0.017861827107047017,0.017426172787362946
2010-02-24,0.625,0.01099792334792149,0.017596677356674383
2010-02-25,-0.125,-0.0021174239933030386,0.01693939194642431
2010-02-26,0.125,-0.0008458813892608844,-0.006767051114087075
2010-03-01,1.1,0.018559553950554912,0.016872321773231738
2010-03-02,0.3,0.0051678957983478475,0.01722631932782616
2010-03-03,0.1,0.0017237405910811674,0.017237405910811673
2010-03-04,0.375,0.006480211358009497,0.017280563621358658
2010-03-05,1.425,0.024537376912070415,0.017219211868119588
2010-03-08,0.05,0.0008947432186777248,0.017894864373554496
2010-03-09,0.35,0.006273687947580765,0.017924822707373615
2010-03-10,0.525,0.009431610400253858,0.01796497219095973
2010-03-11,0.47151779541177824,0.009128396192613181,0.019359600595013213
2010-03-12,0.1,0.001906136403261073,0.01906136403261073
2010-03-15,-0.15,-0.002864025934044122,0.019093506226960814
2010-03-16,1.8,0.033661108483435655,0.01870061582413092
2010-03-17,1.25,0.024726919293329944,0.019781535434663954
2010-03-18,0.05,0.001029758648568978,0.02059517297137956
2010-03-19,-1.0,-0.021291659158747665,0.021291659158747665
2010-03-22,1.15,0.023467337098030762,0.020406380085244143
2010-03-23,1.5,0.03350584391856142,0.022337229279040947
2010-03-24,-1.0,-0.022338930226082708,0.022338930226082708
2010-03-25,-0.35,-0.00774886088104323,0.022139602517266373
2010-03-26,0.15,0.0034367991884740245,0.02291199458982683
2010-03-29,1.05,0.022422448108693743,0.02135471248447023
2010-03-30,0.15,0.003326375295624559,0.022175835304163727
2010-03-31,-0.85,-0.018564502399610307,0.02184059105836507
2010-04-01,1.7,0.03572892031800523,0.02101701195176778
2010-04-02,0.0,0.0,0.022465729346248367
2010-04-05,1.85,0.04019687765785971,0.021728041977221463
2010-04-06,0.5466688058727758,0.012722416883214642,0.023272622740752258
2010-04-07,-2.025,-0.046454329086608084,0.022940409425485475
2010-04-08,1.425,0.0326022080079372,0.022878742461710313
2010-04-09,2.625,0.05721391362476182,0.02179577661895688
2010-04-12,0.0,0.0,0.023864827134468615
2010-04-13,0.15,0.003624063528256573,0.024160423521710488
2010-04-14,4.05,0.08854515960800363,0.021863002372346577
2010-04-15,0.6,0.015329101579234337,0.02554850263205723
2010-04-16,-5.475,-0.12314559132879649,0.02249234544818201
2010-04-19,1.5716479452522607,0.03561788165030236,0.02266276093058833
2010-04-20,2.0,0.04612571809792486,0.02306285904896243
2010-04-21,-1.0,-0.02397959271702978,0.02397959271702978
2010-04-22,0.25,0.006064598497143365,0.02425839398857346
2010-04-23,2.1,0.04960953269532568,0.02362358699777413
2010-04-26,-0.8,-0.019196999412325114,0.023996249265406392
2010-04-27,-5.45,-0.10726186562280426,0.019681076261065
2010-04-28,1.7966814835302582,0.035336206666895846,0.019667485300435415
2010-04-29,1.525,0.03081323589504435,0.020205400586914328
2010-04-30,-2.175,-0.0451096850402587,0.020740085075981015
2010-05-03,1.5,0.030482173654341853,0.02032144910289457
2010-05-04,-2.6,-0.053478418932502284,0.02056862266634703
2010-05-05,-0.85,-0.01680739406096736,0.01977340477760866
2010-05-06,-4.153597480587182,-0.07586980169002287,0.018266045769870166
2010-05-07,0.0,0.0,0.018246990644658637
2010-05-10,0.0,0.0,0.0183391355251565
2010-05-11,0.0,0.0,0.01965889847389579
2010-05-12,0.0,0.0,0.019453514005435497
2010-05-13,0.0,0.0,0.01957765627139782
2010-05-14,0.0,0.0,0.019792909284367024
2010-05-17,-0.0035352773309509887,-7.002160557246083e-05,0.019806538219626756
2010-05-18,0.0,0.0,0.019917394949638078
2010-05-19,0.0,0.0,0.01983382414027601
2010-05-20,0.0,0.0,0.019877201353382275
2010-05-21,-0.003991667867533261,-8.365489701024687e-05,0.02095737916740634
2010-05-24,1.35,0.027500783791366494,0.02037095095656777
2010-05-25,-0.2,-0.004197095018999069,0.020985475094995345
2010-05-26,1.175,0.024557072232009942,0.02089963594213612
2010-05-27,-3.975,-0.07935963053621715,0.019964686927350227
2010-05-28,1.245875658084409,0.02348654696936693,0.018851437394224856
2010-05-31,0.0,0.0,0.019352830226798224
2010-06-01,0.0,0.0,0.019205303938344645
2010-06-02,0.0,0.0,0.019448341118373926
2010-06-03,0.0,0.0,0.019434945393880694
2010-06-04,0.0,0.0,0.019422008892754798
2010-06-07,0.0,0.0,0.01978346677294321
2010-06-08,0.0,0.0,0.019831424309462286
2010-06-09,0.0,0.0,0.019816530023943048
2010-06-10,0.0,0.0,0.01976750935345533
2010-06-11,0.0,0.0,0.020097222012647773
2010-06-14,0.0,0.0,0.019872000731556618
2010-06-15,0.0,0.0,0.019916802782008778
2010-06-16,0.0,0.0,0.019927872171803397
2010-06-17,0.0,0.0,0.01986155396556502
2010-06-18,0.0,0.0,0.0198687995892701
2010-06-21,0.0,0.0,0.019767105453812123
2010-06-22,0.0,0.0,0.0195458106430187
2010-06-23,0.0,0.0,0.0194953707995073
2010-06-24,0.0,0.0,0.01947652598437597
2010-06-25,0.0,0.0,0.019997036491174732
2010-06-28,0.0,0.0,0.019632506301765416
2010-06-29,0.0,0.0,0.019678310231326546
2010-06-30,-0.004420042532979565,-8.858456893605196e-05,0.02004156482094683
2010-07-01,0.475,0.00950029783270363,0.02000062701621817
2010-07-02,0.75,0.015157103517532236,0.020209471356709648
2010-07-05,0.225,0.004615741672666777,0.020514407434074563
2010-07-06,-1.225,-0.02500135852930416,0.020409272268819723
2010-07-07,-3.5,-0.06733960491376571,0.019239887118218776
2010-07-08,-0.7794208778493341,-0.014223997572966662,0.018249443884817557
2010-07-09,0.0,0.0,0.017780344104831647
2010-07-12,0.0,0.0,0.01820203947221661
2010-07-13,0.0,0.0,0.017695955725766547
2010-07-14,0.0,0.0,0.017964467720703186
2010-07-15,0.0,0.0,0.018081516152981696
2010-07-16,0.0,0.0,0.019548963344745453
2010-07-19,0.0,0.0,0.02031110104193946
2010-07-20,0.0,0.0,0.019564751868916635
2010-07-21,0.0,0.0,0.0197740093217457
2010-07-22,0.0,0.0,0.019906945966748378
2010-07-23,0.0,0.0,0.02018729848889576
2010-07-26,0.0,0.0,0.019825587066277277
2010-07-27,0.0,0.0,0.019714920179371327
2010-07-28,0.0,0.0,0.019254823558926777
2010-07-29,0.0,0.0,0.019113209038778816
2010-07-30,0.0,0.0,0.019117046897449825
2010-08-02,0.0,0.0,0.017716459187613897
2010-08-03,0.0,0.0,0.01810060375887285
2010-08-04,0.0,0.0,0.018081820487102985
2010-08-05,0.0,0.0,0.01798153651735958
2010-08-06,0.0,0.0,0.017958832253612417
2010-08-09,0.0,0.0,0.017762426682237306
2010-08-10,0.0,0.0,0.01778029411607955
2010-08-11,0.0,0.0,0.017787855113731647
2010-08-12,0.0,0.0,0.018600363932488102
2010-08-13,0.0,0.0,0.018577015192021193
2010-08-16,-0.0004685004088654797,-8.68397976094259e-06,0.018535693025266958
2010-08-17,0.0,0.0,0.01852394477252718
2010-08-18,0.0,0.0,0.018740818457036953
2010-08-19,0.0,0.0,0.018652874931421752
2010-08-20,0.0,0.0,0.018833284571182756
2010-08-23,0.0,0.0,0.018818677959209246
2010-08-24,0.0,0.0,0.01894241797186322
2010-08-25,-0.004495497259197014,-8.560467419775375e-05,0.019042314845731764
2010-08-26,0.975,0.018475386885319967,0.018949114754174327
2010-08-27,-1.9,-0.03631988605216481,0.019115729501139374
2010-08-30,1.875,0.03496812992722908,0.018649669294522175
2010-08-31,-0.325,-0.006333196125607618,0.0194867573095619
2010-09-01,-3.35,-0.06146635296855261,0.018348165065239584
2010-09-02,-0.7796111998416808,-0.01395404755953695,0.017898726393836648
2010-09-03,0.0,0.0,0.01758314055911825
2010-09-06,0.0,-0.0,-0.005818960367843572
2010-09-07,0.0,0.0,0.01763191141064511
2010-09-08,0.0,0.0,0.018030570798246912
2010-09-09,0.0,0.0,0.017866014090529476
2010-09-10,0.0,-0.0,-0.005950186575574731
2010-09-13,0.0,-0.0,-0.00597768438566436
2010-09-14,-0.00462274372796737,2.780489624936212e-05,-0.006014803736824925
2010-09-15,0.5,-0.0030364059169170968,-0.0060728118338341935
2010-09-16,0.175,-0.001059852594011017,-0.006056300537205812
2010-09-17,-0.275,0.0016613068148554247,-0.006041115690383362
2010-09-20,1.675,-0.010021124023337762,-0.005982760610947917
2010-09-21,-0.175,0.0010265174881935667,-0.005865814218248953
2010-09-22,-0.5,0.0029368175308534792,-0.0058736350617069584
2010-09-23,-0.925,0.005469154937386681,-0.005912599932309925
2010-09-24,2.275,-0.013483533242608248,-0.005926827798948681
2010-09-27,-0.55,0.003146229083499563,-0.005720416515453751
2010-09-28,0.4,-0.002343428498514869,-0.005858571246287172
2010-09-29,-0.075,0.0004373040862175357,-0.005830721149567142
2010-09-30,-0.425,0.0025287541801258884,-0.005950009835590326
2010-10-01,0.55,-0.003321410415814554,-0.0060389280287537345
2010-10-04,-0.75,0.004638273847996321,-0.006184365130661761
2010-10-05,2.0,-0.01225275225851747,-0.006126376129258735
2010-10-06,0.1,-0.0005942791287338536,-0.005942791287338536
2010-10-07,0.075,-0.0004853195707429928,-0.006470927609906571
2010-10-08,0.4,-0.002587784523156185,-0.006469461307890462
2010-10-11,0.175,-0.0013487251415087085,-0.007707000808621192
2010-10-12,0.225,-0.0017572976365075974,-0.007810211717811544
2010-10-13,0.975,-0.00774640013448017,-0.00794502577895402
2010-10-14,-0.075,0.0005907458750879904,-0.007876611667839872
2010-10-15,0.15,-0.0011830159753396714,-0.007886773168931143
2010-10-18,0.320515246079294,-0.002599092073797159,-0.008109105902419866
2010-10-19,-2.9,0.022160383050972444,-0.007641511396887049
2010-10-20,2.1954989866970878,-0.02111155727198902,-0.009615835579933145
2010-10-21,0.1,-0.0009542503937609526,-0.009542503937609526
2010-10-22,0.5,-0.004847128682316336,-0.009694257364632673
2010-10-25,0.2,-0.0020032654149136782,-0.01001632707456839
2010-10-26,-0.004469445323615881,4.55261656216762e-05,-0.010186088502106233
2010-10-27,-0.8,0.008626219119060292,-0.010782773898825366
2010-10-28,0.1,-0.0010993861840811903,-0.010993861840811903
2010-10-29,0.25,-0.0032896737295957375,-0.01315869491838295
2010-11-01,0.5,-0.006533273072204565,-0.01306654614440913
2010-11-02,1.95,-0.024210323734939112,-0.01241555063330211
2010-11-03,0.9,-0.010727375071608935,-0.011919305635121039
2010-11-04,4.25,-0.04164969278123241,-0.009799927713231155
2010-11-05,0.7,-0.0063416503050624335,-0.009059500435803476
2010-11-08,-0.4,0.0035721755497631555,-0.008930438874407889
2010-11-09,-1.8,0.01572605074797406,-0.008736694859985588
2010-11-10,0.6,-0.005395137179754455,-0.008991895299590758
2010-11-11,-0.6,0.005320437249430366,-0.008867395415717277
2010-11-12,-3.1,0.0256158521985734,-0.008263178128572064
2010-11-15,0.047087202904645103,-0.00041020730553261055,-0.008711651578950425
2010-11-16,-4.204528653512956,0.03243031124999254,-0.007713185929389839
2010-11-17,0.275,-0.0022688939211889486,-0.008250523349777994
2010-11-18,2.025,-0.016314457815134832,-0.008056522377844362
2010-11-19,0.05,-0.0004387569491534334,-0.008775138983068668
2010-11-22,-0.025,0.0002218875806954815,-0.00887550322781926
2010-11-23,-1.975,0.017001650769840403,-0.008608430769539445
2010-11-24,1.825,-0.01580035843402885,-0.008657730648782933
2010-11-25,0.35,-0.0029402926222087226,-0.008400836063453494
2010-11-26,-1.675,0.013698616541633695,-0.008178278532318624
2010-11-29,0.325,-0.002727556100001497,-0.008392480307696914
2010-11-30,-0.7,0.005822421739019909,-0.008317745341457013
2010-12-01,2.5,-0.020095116706355633,-0.008038046682542254
2010-12-02,1.825,-0.013767686039469564,-0.007543937555873734
2010-12-03,0.075,-0.0005488010281742691,-0.007317347042323588
2010-12-06,-0.15,0.0010958521310913346,-0.007305680873942231
2010-12-07,0.125,-0.0009152607779663449,-0.007322086223730759
2010-12-08,0.55,-0.0040096141044414085,-0.007290207462620743
2010-12-09,0.425,-0.0030652594482784568,-0.007212375172419899
2010-12-10,0.8,-0.0057021022136571715,-0.007127627767071464
2010-12-13,0.02033227868616644,-0.00014290791458580908,-0.007028622654235011
2010-12-14,0.1,-0.000702442141725699,-0.007024421417256989
2010-12-15,-0.95,0.006619588518995742,-0.00696798791473236
2010-12-16,1.3,-0.009102142417349728,-0.007001648013345944
2010-12-17,0.0,-0.0,-0.00684449084904341
2010-12-20,0.55,-0.0037561760141430127,-0.006829410934805477
2010-12-21,1.9,-0.012545001367714534,-0.006602632298797124
2010-12-22,0.75,-0.004767100743355452,-0.006356134324473936
2010-12-23,-0.3,0.001879221255235765,-0.006264070850785884
2010-12-24,0.0,-0.0,-0.00630712443094263
2010-12-27,0.05,-0.0003164573374591041,-0.006329146749182082
2010-12-28,0.15,-0.0009485036528499459,-0.006323357685666307
2010-12-29,0.35,-0.0022267572782996917,-0.006362163652284834
2010-12-30,-0.25,0.00171840396220882,-0.00687361584883528
2010-12-31,-0.3,0.002079072349778305,-0.006930241165927683
2011-01-03,2.45,-0.016361831455604214,-0.006678298553307841
2011-01-04,0.0,-0.0,-0.006375104255228807
2011-01-05,1.3,-0.008190427795701878,-0.006300329073616829
2011-01-06,-0.3045563622736247,0.0018690569010023205,-0.006136981959756567
2011-01-07,-0.825,0.005069125434841015,-0.006144394466473958
2011-01-10,-0.6,0.0037367958136195452,-0.006227993022699242
2011-01-11,1.5,-0.009306991113050951,-0.006204660742033968
2011-01-12,3.9,-0.021329798555745984,-0.0054691791168579446
2011-01-13,-0.675,0.0033974195952507402,-0.005033214215186281
2011-01-14,2.475,-0.012183379424131223,-0.004922577545103524
2011-01-17,-1.275,0.005891787669719915,-0.004621009937035228
2011-01-18,2.85,-0.012934018923959744,-0.004538252254020963
2011-01-19,-4.875,0.018349126545674388,-0.0037639233939844897
2011-01-20,-0.6791406394610211,0.002836687505862455,-0.004176877867467487
2011-01-21,0.7,-0.002957398518115476,-0.0042248550258792514
2011-01-24,1.75,-0.007179638986376972,-0.00410265084935827
2011-01-25,-0.2,0.0007904638777694781,-0.00395231938884739
2011-01-26,1.2,-0.0047297703649893975,-0.003941475304157832
2011-01-27,0.45,-0.0017260985179911358,-0.003835774484424746
2011-01-28,-4.853985839235379,0.016577030054802707,-0.0034151377041128726
2011-01-31,3.2960235699348046,-0.011915026676719348,-0.0036149701068293716
2011-02-01,4.05,-0.012813126950108153,-0.0031637350494094206
2011-02-02,-0.55,0.0015866527895607057,-0.0028848232537467375
2011-02-03,0.65,-0.0018959910393513346,-0.0029169092913097455
2011-02-04,0.8,-0.002292322331409544,-0.00286540291426193
2011-02-07,1.7,-0.004726535824092053,-0.002780315190642384
2011-02-08,1.2,-0.00318233349540388,-0.0026519445795032334
2011-02-09,-0.5,0.0012846978846066909,-0.0025693957692133817
2011-02-10,-0.1,0.0002602012833979865,-0.002602012833979865
2011-02-11,1.7,-0.00438651619413316,-0.0025803036436077413
2011-02-14,0.1,-0.00024682542982139413,-0.002468254298213941
2011-02-15,-0.30425980553739373,0.0007486077068416174,-0.002460422616518149
2011-02-16,1.35,-0.003325499609540738,-0.0024633330441042505
2011-02-17,0.9464582403085836,-0.0022404900076895863,-0.002367235988097157
2011-02-18,1.425,-0.00327229298872899,-0.0022963459570028
2011-02-21,-3.75,0.007961102083637032,-0.002122960555636542
2011-02-22,-4.65,0.010299839120482147,-0.002215019165695085
2011-02-23,-2.703550891603429,0.006566429917618587,-0.002428816834191034
2011-02-24,-0.55,0.0014724224047624644,-0.002677131645022662
2011-02-25,3.1964291238452542,-0.008390231450414547,-0.0026248764247027104
2011-02-28,0.725,-0.001766809944633277,-0.002436979233976934
2011-03-01,-2.5035947543695998,0.005877113079980901,-0.0023474698010624113
2011-03-02,0.9464057483770161,-0.0023475005566636897,-0.0024804377622276706
2011-03-03,2.4,-0.0057208362841842456,-0.002383681785076769
2011-03-04,-0.95,0.002132933518492177,-0.002245193177360187
2011-03-07,-1.125,0.0025738274986527275,-0.002287846665469091
2011-03-08,1.1,-0.0025740604567905242,-0.002340054960718658
2011-03-09,-0.45,0.0010253194782271996,-0.0022784877293937768
2011-03-10,-2.125,0.0048295823900642975,-0.002272744654147905
2011-03-11,1.175,-0.0027923101678796617,-0.002376434185429499
2011-03-14,-1.075,0.0024787797729359682,-0.0023058416492427614
2011-03-15,-1.525,0.0036081345293783587,-0.0023659898553300713
2011-03-16,-2.1285267647419737,0.005138265164848687,-0.002414000730440222
2011-03-17,0.0,-0.0,-0.002527192508044524
2011-03-18,0.0,-0.0,-0.0025332006116875467
2011-03-21,0.0,-0.0,-0.002572468196250702
2011-03-22,0.0,-0.0,-0.002574379701553541
2011-03-23,0.0,-0.0,-0.00257518123514805
2011-03-24,0.0,-0.0,-0.002574777387863884
2011-03-25,-0.0034965397076119394,9.006180557884213e-06,-0.0025757409642103673
2011-03-28,-0.775,0.00199419287791973,-0.002573152100541587
2011-03-29,1.4,-0.0036443629420930246,-0.0026031163872093036
2011-03-30,0.75,-0.0019159839311023625,-0.0025546452414698167
2011-03-31,-0.2,0.0005027259343615808,-0.002513629671807904
2011-04-01,0.6,-0.0015127332220419606,-0.0025212220367366012
2011-04-04,0.15,-0.00037344047130596783,-0.0024896031420397857
2011-04-05,-0.225,0.0005582163370314933,-0.0024809614979177477
2011-04-06,0.2,-0.000498539154451563,-0.0024926957722578146
2011-04-07,-0.05,0.00012443586239272128,-0.0024887172478544255
2011-04-08,-0.475,0.0011824189728723224,-0.0024893031007838366
2011-04-11,-0.375,0.000942569764158906,-0.002513519371090416
2011-04-12,-1.2,0.003027530667864978,-0.002522942223220815
2011-04-13,0.1,-0.00026545930994211674,-0.0026545930994211673
2011-04-14,0.175,-0.00047054776241395253,-0.0026888443566511575
2011-04-15,0.8,-0.002138625532414776,-0.0026732819155184696
2011-04-18,-1.775,0.004622827738060194,-0.002604409993273349
2011-04-19,0.75,-0.002023043621523015,-0.00269739149536402
2011-04-20,2.0,-0.005245650495949689,-0.0026228252479748443
2011-04-21,0.25,-0.0006295474506140231,-0.0025181898024560926
2011-04-22,0.0,-0.0,-0.0025042247197038232
2011-04-25,0.0,-0.0,-0.0025042755222933425
2011-04-26,0.975,-0.002435960717531242,-0.0024984212487499918
2011-04-27,1.125,-0.0027724187011123596,-0.0024643721787665418
2011-04-28,0.32171389145300894,-0.0007745883922527551,-0.0024076933350759434
2011-04-29,0.9,-0.0022730786316023585,-0.0025256429240026203
2011-05-02,-0.4,0.0009903047985589004,-0.002475761996397251
2011-05-03,-1.15,0.0028623180991630788,-0.0024889722601418077
2011-05-04,-1.8,0.004598924827396406,-0.0025549582374424476
2011-05-05,-1.6,0.0042229632476730936,-0.0026393520297956835
2011-05-06,-0.10323778883347974,0.0002822236991749677,-0.0027337247568348087
2011-05-09,0.8,-0.0022575571598149303,-0.0028219464497686625
2011-05-10,1.125,-0.0031077261228187785,-0.002762423220283359
2011-05-11,-1.5,0.004264321505252003,-0.0028428810035013357
2011-05-12,0.9,-0.002635055898690598,-0.0029278398874339976
2011-05-13,-1.375,0.003979556201671797,-0.002894222692124943
2011-05-16,-0.875,0.002599956415740221,-0.0029713787608459667
2011-05-17,-0.0023287065614242745,7.044952100823385e-06,-0.0030252639888275912
2011-05-18,1.325,-0.00403869745772907,-0.0030480735530030714
2011-05-19,0.325,-0.000974722091823489,-0.0029991448979184276
2011-05-20,-1.4,0.004141745548445398,-0.002958389677460999
2011-05-23,-1.25,0.0038245118975303322,-0.003059609518024266
2011-05-24,-0.175,0.0005493082109953408,-0.003138904062830519
2011-05-25,0.2968278895528986,-0.0009361933387841788,-0.0031539938521084852
2011-05-26,0.0,-0.0,-0.0032071072229576613
2011-05-27,0.0,-0.0,-0.0032465329426863182
2011-05-30,-0.0031547796232376324,1.0240544732245577e-05,-0.0032460412311577213
2011-05-31,1.35,-0.004352351610093013,-0.0032239641556244545
2011-06-01,-3.2,0.00966637726761522,-0.003020742896129756
2011-06-02,0.04673788877222543,-0.00015069229356663626,-0.003224199841396923
2011-06-03,0.0,-0.0,-0.0032228004660194084
2011-06-06,0.0,-0.0,-0.00322966230577949
2011-06-07,0.0,-0.0,-0.003229110651233163
2011-06-08,0.0,-0.0,-0.0032286705114616733
2011-06-09,0.0,-0.0,-0.0032386274126148243
2011-06-10,0.0,-0.0,-0.003257937959766777
2011-06-13,0.0,-0.0,-0.003257377018766926
2011-06-14,0.0,-0.0,-0.003260397093441416
2011-06-15,0.0,-0.0,-0.003303177354202768
2011-06-16,0.0,-0.0,-0.0033094650728679896
2011-06-17,0.0,-0.0,-0.003309995090468369
2011-06-20,0.0,-0.0,-0.0033094256766426134
2011-06-21,0.0,-0.0,-0.0033088869985643454
2011-06-22,0.0,-0.0,-0.0033085928080715528
2011-06-23,0.0,-0.0,-0.0033095208075099893
2011-06-24,0.0,-0.0,-0.0033097159708977454
2011-06-27,0.0,-0.0,-0.0033102478352887155
2011-06-28,0.0,-0.0,-0.003384769957282536
2011-06-29,0.0,-0.0,-0.0033841883803760616
2011-06-30,0.0,-0.0,-0.0034053600224212316
2011-07-01,-0.0034437864544920142,1.1729456591899888e-05,-0.003405976748819658
2011-07-04,-0.1,0.000341433367844798,-0.00341433367844798
2011-07-05,0.3,-0.0010271764282205767,-0.003423921427401923
2011-07-06,-0.1,0.0003432741970781015,-0.003432741970781015
2011-07-07,1.6,-0.005784027250762417,-0.00361501703172651
2011-07-08,-1.0,0.0034938717488392558,-0.0034938717488392558
2011-07-11,-2.325,0.008309589144336956,-0.0035740168362739595
2011-07-12,-0.775,0.0029085737973978975,-0.0037529984482553513
2011-07-13,0.15,-0.0005905510966134289,-0.003937007310756193
2011-07-14,-0.5534894673642496,0.0024105981005495417,-0.004355273664066194
2011-07-15,0.0,-0.0,-0.004408980839997917
2011-07-18,0.0,-0.0,-0.004418354582918351
2011-07-19,0.0,-0.0,-0.0044819663773969995
2011-07-20,0.0,-0.0,-0.004482051264487261
2011-07-21,0.0,-0.0,-0.004512203966710662
2011-07-22,-0.003553918739801393,1.6048830259946202e-05,-0.00451581238485016
2011-07-25,-0.75,0.00380637706509719,-0.0050751694201295865
2011-07-26,-0.725,0.003949948674690089,-0.005448205068538054
2011-07-27,-2.725,0.015852221180089558,-0.005817328873427361
2011-07-28,-0.22855997643146675,0.0013965917418583694,-0.006110395020438474
2011-07-29,0.0,-0.0,-0.006148930441490984
2011-08-01,0.0,-0.0,-0.006171743528949227
2011-08-02,0.0,-0.0,-0.006280784605101736
2011-08-03,-0.003610097292377172,2.28737122504423e-05,-0.006336037618360266
2011-08-04,5.575,-0.02962934661317806,-0.005314681006848083
2011-08-05,0.1,-0.0004808210536761809,-0.004808210536761809
2011-08-08,8.65,-0.030166387614560985,-0.0034874436548625416
2011-08-09,-6.05,0.01549409777104233,-0.0025610078960400548
2011-08-10,4.825,-0.013035205250871635,-0.002701596943185831
2011-08-11,-4.5,0.010396650363778228,-0.002310366747506273
2011-08-12,-0.825,0.002095538890746311,-0.002540047140298559
2011-08-15,-2.175,0.005570734373139372,-0.0025612571830525848
2011-08-16,0.6186195863168034,-0.0017203860830296471,-0.0027810081043063103
2011-08-17,0.0,-0.0,-0.002940567461747585
2011-08-18,0.0,-0.0,-0.0030113684134546077
2011-08-19,0.0,-0.0,-0.003013879320716972
2011-08-22,-0.005075296590383119,1.583094287628388e-05,-0.003119215319609302
2011-08-23,-3.525,0.010562289877666838,-0.0029963942915366914
2011-08-24,-1.35,0.004380928172240757,-0.003245131979437598
2011-08-25,1.4448266636312475,-0.004781944576635229,-0.003309701223686504
2011-08-26,0.0,-0.0,-0.0032888856012073643
2011-08-29,0.0,-0.0,-0.003298458667267986
2011-08-30,0.0,-0.0,-0.0033122108988199814
2011-08-31,0.0,-0.0,-0.003325446066785568
2011-09-01,0.0,-0.0,-0.0033271994996015783
2011-09-02,0.0,-0.0,-0.003379220111166818
2011-09-05,0.0,-0.0,-0.00339505330726937
2011-09-06,0.0,-0.0,-0.0034083304034340407
2011-09-07,0.0,-0.0,-0.003435974148488867
2011-09-08,0.0,-0.0,-0.003491728765075595
2011-09-09,0.0,-0.0,-0.0034911341232882875
2011-09-12,0.0,-0.0,-0.003490539684001616
2011-09-13,0.0,-0.0,-0.0034899454471121593
2011-09-14,0.0,-0.0,-0.003489351412516562
2011-09-15,0.0,-0.0,-0.003488757580111545
2011-09-16,0.0,-0.0,-0.0034881639497938975
2011-09-19,0.0,-0.0,-0.003487570675801578
2011-09-20,0.0,-0.0,-0.0034945751022438503
2011-09-21,0.0,-0.0,-0.0035190016578779976
2011-09-22,0.0,-0.0,-0.0035256491075964925
2011-09-23,0.0,-0.0,-0.003525566017140585
2011-09-26,-0.00574416681671368,2.0274720893938697e-05,-0.003529619097228474
2011-09-27,-1.205747269314764,0.004233326691253293,-0.0035109568970113675
2011-09-28,0.0,-0.0,-0.003586849754400671
2011-09-29,0.0,-0.0,-0.003586763756497741
2011-09-30,0.0,-0.0,-0.003586187198017966
2011-10-03,0.0,-0.0,-0.0035885322904898155
2011-10-04,-0.005923937287023852,2.1265547792397242e-05,-0.0035897658536964217
2011-10-05,-2.15,0.007628785622385343,-0.0035482723825048107
2011-10-06,-2.3,0.008308811354817314,-0.0036125266760075278
2011-10-07,0.2940520773465431,-0.0011031493948200576,-0.003751544300501526
2011-10-10,0.0,-0.0,-0.003741452147943139
2011-10-11,0.0,-0.0,-0.003783146215024279
2011-10-12,0.0,-0.0,-0.0037901613689072995
2011-10-13,0.0,-0.0,-0.0038448653569662667
2011-10-14,0.0,-0.0,-0.0038450908280212278
2011-10-17,0.0,-0.0,-0.003844438895265977
2011-10-18,0.0,-0.0,-0.003843787183542835
2011-10-19,0.0,-0.0,-0.003856524847940883
2011-10-20,0.0,-0.0,-0.003873839522348612
2011-10-21,0.0,-0.0,-0.0038746597184309895
2011-10-24,0.0,-0.0,-0.0038855960534160327
2011-10-25,0.0,-0.0,-0.0038872356650882347
2011-10-26,0.0,-0.0,-0.003905671003977045
2011-10-27,0.0,-0.0,-0.003952581707480578
2011-10-28,0.0,-0.0,-0.003990321503007437
2011-10-31,-0.0063133842451041765,2.518918420667808e-05,-0.003989806929019324
2011-11-01,-2.481331509725709,0.009696279054378705,-0.003907691905081457
2011-11-02,0.0,-0.0,-0.0040846825620015
2011-11-03,0.0,-0.0,-0.004118615929550436
2011-11-04,0.0,-0.0,-0.00413052608685897
2011-11-07,0.0,-0.0,-0.00415955064585473
2011-11-08,0.0,-0.0,-0.004171003947327199
2011-11-09,0.0,-0.0,-0.004170298875053847
2011-11-10,0.0,-0.0,-0.004197730507713067
2011-11-11,0.0,-0.0,-0.00419872569843332
2011-11-14,0.0,-0.0,-0.004229895413595746
2011-11-15,-0.0004898272454013666,2.084185187745719e-06,-0.0042549392817827604
2011-11-16,0.0,-0.0,-0.004254761187206387
2011-11-17,0.0,-0.0,-0.004255504291948414
2011-11-18,0.0,-0.0,-0.004254785697937956
2011-11-21,0.0,-0.0,-0.004254067346573323
2011-11-22,0.0,-0.0,-0.004253349402819257
2011-11-23,0.0,-0.0,-0.004283073205012208
2011-11-24,0.0,-0.0,-0.004461804662282001
2011-11-25,-0.006440651462117179,2.8732332206167738e-05,-0.004461090989811582
2011-11-28,-3.75,0.015817669773057753,-0.004218045272815401
2011-11-29,-0.48149317582040707,0.0021482670417921814,-0.004461677028198354
2011-11-30,0.0,-0.0,-0.004492777841738673
2011-12-01,0.0,-0.0,-0.004492020332416327
2011-12-02,0.0,-0.0,-0.004491263078492163
2011-12-05,0.0,-0.0,-0.0044905060798370346
2011-12-06,0.0,-0.0,-0.004489749336321891
2011-12-07,0.0,-0.0,-0.004488992847817763
2011-12-08,0.0,-0.0,-0.00448823661419577
2011-12-09,0.0,-0.0,-0.004487480635327119
2011-12-12,0.0,-0.0,-0.004486724911083104
2011-12-13,0.0,-0.0,-0.004485969441335102
2011-12-14,0.0,-0.0,-0.004485214225954582
2011-12-15,0.0,-0.0,-0.004484459264813095
2011-12-16,0.0,-0.0,-0.004483704557782281
2011-12-19,0.0,-0.0,-0.004482950104733867
2011-12-20,0.0,-0.0,-0.004482195905539663
2011-12-21,0.0,-0.0,-0.004481441960071569
2011-12-22,0.0,-0.0,-0.0044806882682015695
2011-12-23,0.0,-0.0,-0.004479934829801733
2011-12-26,0.0,-0.0,-0.004479181850123438
2011-12-27,0.0,-0.0,-0.0044786020703881865
2011-12-28,0.0,-0.0,-0.004479408072494921
2011-12-29,0.0,-0.0,-0.004478828583520784
2011-12-30,0.0,-0.0,-0.004522860128779152
2012-01-02,0.0,-0.0,-0.004539835395511121
2012-01-03,0.0,-0.0,-0.004637385893059451
2012-01-04,0.0,-0.0,-0.00464779246091197
2012-01-05,0.0,-0.0,-0.004647432095338349
2012-01-06,0.0,-0.0,-0.004652376951622596
2012-01-09,0.0,-0.0,-0.004651596087707281
2012-01-10,0.0,-0.0,-0.004650815485871387
2012-01-11,-0.006772608873331776,3.149286348144062e-05,-0.004650034288182325
2012-01-12,0.425,-0.001974695603750672,-0.004646342597060405
2012-01-13,-0.275,0.0012691501595943262,-0.004615091489433913
2012-01-16,0.2,-0.0009264747780741156,-0.004632373890370578
2012-01-17,-0.2,0.0009255282740820841,-0.00462764137041042
2012-01-18,1.325,-0.006118448662438496,-0.004617697103727167
2012-01-19,0.75,-0.0034909613733438006,-0.004654615164458401
2012-01-20,0.1,-0.0004602105160446504,-0.004602105160446504
2012-01-23,0.0,-0.0,-0.004594329902281939
2012-01-24,0.025,-0.00011483870937623168,-0.004593548375049267
2012-01-25,0.9,-0.00411818395653467,-0.004575759951705189
2012-01-26,-0.55,0.0024786304493587814,-0.004506600817015966
2012-01-27,-0.225,0.0011715077315190387,-0.005206701028973505
2012-01-30,-0.375,0.001957719238400597,-0.005220584635734926
2012-01-31,-0.1,0.0008092537499501764,-0.008092537499501763
2012-02-01,1.225,-0.013308304013802945,-0.010863921643920771
2012-02-02,0.25,-0.0034402223502478357,-0.013760889400991343
2012-02-03,1.675,-0.029376165533269355,-0.017538009273593645
2012-02-06,-0.05,0.0008633509574407076,-0.01726701914881415
2012-02-07,0.5682644348835181,-0.010573727707764422,-0.01860705519945447
2012-02-08,0.5,-0.009239223456481005,-0.01847844691296201
2012-02-09,0.2,-0.0036628297524970094,-0.018314148762485046
2012-02-10,-1.6,0.027951919241390528,-0.01746994952586908
2012-02-13,1.85,-0.031358174741481754,-0.01695036472512527
2012-02-14,-0.35,0.005746731665452505,-0.0164192333298643
2012-02-15,-1.1021913805668355,0.02211333335549329,-0.020063061411459082
2012-02-16,2.5,-0.04704747882892349,-0.018818991531569396
2012-02-17,1.1,-0.0201862651829314,-0.01835115016630127
2012-02-20,1.25,-0.02190143455811845,-0.01752114764649476
2012-02-21,-1.25,0.020865179056887825,-0.01669214324551026
2012-02-22,-0.85,0.014316201441432528,-0.016842589931097093
2012-02-23,1.45,-0.023923118452287402,-0.016498702380887863
2012-02-24,-0.1,0.0016094707476318295,-0.016094707476318294
2012-02-27,0.95,-0.015092435767068473,-0.015886774491651025
2012-02-28,0.8,-0.012374783234236771,-0.015468479042795963
2012-02-29,-1.8,0.02611289625495733,-0.014507164586087406
2012-03-01,2.4,-0.03304551026488181,-0.013768962610367422
2012-03-02,-1.2,0.015534559281233366,-0.012945466067694473
2012-03-05,-0.85,0.011127048720603928,-0.01309064555365168
2012-03-06,-4.55,0.04726523819197034,-0.01038796443779568
2012-03-07,2.2933813011508453,-0.024330069667455,-0.010608820109959862
2012-03-08,1.325,-0.013308925234160919,-0.01004447187483843
2012-03-09,0.575,-0.00563012592805111,-0.009791523353132365
2012-03-12,0.075,-0.0007270806351281738,-0.00969440846837565
2012-03-13,2.4,-0.021995339762287264,-0.009164724900953027
2012-03-14,-0.1816316039874545,0.001595716952305642,-0.008785458682707333
2012-03-15,1.45,-0.012534278671472755,-0.008644330118257073
2012-03-16,0.55,-0.00461874396318677,-0.008397716296703217
2012-03-19,1.1,-0.009044552567062929,-0.008222320515511753
2012-03-20,-0.85,0.006802585892242071,-0.008003042226167142
2012-03-21,-0.45,0.0036993233264395976,-0.008220718503199106
2012-03-22,-1.75,0.014114790444091578,-0.008065594539480902
2012-03-23,1.05,-0.00865529477146421,-0.00824313787758496
2012-03-26,4.2,-0.02946673004440228,-0.007015888105810066
2012-03-27,-1.85,0.011691184544699404,-0.0063195592133510285
2012-03-28,-1.2,0.007774590740646217,-0.006478825617205181
2012-03-29,-0.4,0.002738410604808081,-0.006846026512020202
2012-03-30,1.2,-0.008520331797577954,-0.007100276497981628
2012-04-02,1.65,-0.011227547655967384,-0.00680457433694993
2012-04-03,-0.75,0.004923875741301457,-0.00656516765506861
2012-04-04,-3.05,0.018981149921508823,-0.006223327843117648
2012-04-05,-0.6,0.003940422512724465,-0.006567370854540775
2012-04-06,-3.0565491068605115,0.019038535019730515,-0.00622876791902279
2012-04-09,-0.05,0.0003283417764781205,-0.0065668355295624104
2012-04-10,-1.775,0.011426888979935098,-0.006437683932357802
2012-04-11,0.7434914510164994,-0.004911477426678611,-0.006605963552053831
2012-04-12,0.0,-0.0,-0.006524362460048897
2012-04-13,-0.006396939622105978,4.172901690360641e-05,-0.006523278218759946
2012-04-16,-0.125,0.0008152791440036605,-0.006522233152029284
2012-04-17,2.0,-0.012741650062203926,-0.006370825031101963
2012-04-18,-0.525,0.003227793595865436,-0.006148178277838925
2012-04-19,-0.6,0.0037130950058879013,-0.006188491676479836
2012-04-20,0.25,-0.0015620114283283288,-0.006248045713313315
2012-04-23,-1.225,0.007549730184732734,-0.006163045048761415
2012-04-24,0.725,-0.004545044081317072,-0.0062690263190580305
2012-04-25,1.75,-0.011048219102638932,-0.006313268058650818
2012-04-26,0.95,-0.005788188790192481,-0.00609283030546577
2012-04-27,0.2,-0.0011981126952880993,-0.005990563476440496
2012-04-30,-0.475,0.002831084640130179,-0.005960178189747746
2012-05-01,0.625,-0.0037464794755776736,-0.005994367160924278
2012-05-02,-0.3,0.001777417628644562,-0.005924725428815207
2012-05-03,-1.15,0.006792479736097914,-0.005906504118346013
2012-05-04,-2.35,0.013691552024036087,-0.005826192350653654
2012-05-07,0.3196600203144209,-0.0019361501628316466,-0.006056904335197217
2012-05-08,0.0,-0.0,-0.006023910959907818
2012-05-09,0.0,-0.0,-0.006022914455032097
2012-05-10,0.0,-0.0,-0.006021918271185115
2012-05-11,0.0,-0.0,-0.006020922416819201
2012-05-14,0.0,-0.0,-0.006019926891770922
2012-05-15,0.0,-0.0,-0.006018931695876952
2012-05-16,-0.004320384315233444,2.5999796992957626e-05,-0.006017936159355947
2012-05-17,0.0,-0.0,-0.006017373500662463
2012-05-18,-0.005131375012969645,3.087229315220211e-05,-0.006016378275641874
2012-05-21,-2.525,0.01463395871677787,-0.005795627214565493
2012-05-22,0.075,-0.0004925947208749529,-0.006567929611666038
2012-05-23,-0.1,0.0006568095599606488,-0.006568095599606487
2012-05-24,-0.7,0.004590174263913545,-0.00655739180559078
2012-05-25,0.8198758318018224,-0.0054126308561769304,-0.006601769007243103
2012-05-28,0.0,-0.0,-0.006515389276038343
2012-05-29,0.0,-0.0,-0.0065143139495159276
2012-05-30,0.0,-0.0,-0.006513238977887522
2012-05-31,0.0,-0.0,-0.006512164360977465
2012-06-01,0.0,-0.0,-0.006511090098610214
2012-06-04,-0.005010775742571173,3.2620226124866854e-05,-0.006510015175440375
2012-06-05,-1.275,0.00821660626341854,-0.006444397069347875
2012-06-06,-3.025,0.018828465852966842,-0.006224286232385733
2012-06-07,-0.05503446843280824,0.0003586981715014423,-0.006517700301573333
2012-06-08,0.0,-0.0,-0.006521983937539271
2012-06-11,0.0,-0.0,-0.006520909119138786
2012-06-12,0.0,-0.0,-0.006519834654938573
2012-06-13,0.0,-0.0,-0.006518760544763574
2012-06-14,0.0,-0.0,-0.006517686788438847
2012-06-15,0.0,-0.0,-0.006516613385789564
2012-06-18,0.0,-0.0,-0.006515540336641012
2012-06-19,0.0,-0.0,-0.006514467640818593
2012-06-20,0.0,-0.0,-0.006513395298147826
2012-06-21,-0.004857858047143277,3.163593784373171e-05,-0.006512322413853903
2012-06-22,0.7201673208872719,-0.004675414751824979,-0.006492122894530539
2012-06-25,0.0,-0.0,-0.006421279835651978
2012-06-26,0.0,-0.0,-0.006420223528083442
2012-06-27,0.0,-0.0,-0.00641916756798525
2012-06-28,0.0,-0.0,-0.006418111955185982
2012-06-29,0.0,-0.0,-0.006417056689514329
2012-07-02,0.0,-0.0,-0.0064160017707990975
2012-07-03,0.0,-0.0,-0.0064149471988692005
2012-07-04,-0.004743164824039468,3.0422147565209446e-05,-0.006413892136116142
2012-07-05,-0.625,0.003999245469793674,-0.006398792751669878
2012-07-06,-0.925,0.005950456839784507,-0.0064329263132805485
2012-07-09,-0.3,0.0019560757402199177,-0.006520252467399726
2012-07-10,-1.4,0.009066819601821987,-0.006476299715587134
2012-07-11,0.12048527437771364,-0.0007963179107814131,-0.006609255071993341
2012-07-12,0.0,-0.0,-0.006663460116107121
2012-07-13,0.0,-0.0,-0.00668403307831983
2012-07-16,0.0,-0.0,-0.006683322472575449
2012-07-17,0.0,-0.0,-0.006682225764850362
2012-07-18,0.0,-0.0,-0.006681153560468583
2012-07-19,-0.004347266012487996,2.9176627838106343e-05,-0.006711488957494963
2012-07-20,-1.35,0.008980296963503465,-0.006652071824817381
2012-07-23,-1.525,0.010206303204740544,-0.006692657839174127
2012-07-24,-1.379349136212206,0.009335416282416267,-0.006767986463566436
2012-07-25,0.0,-0.0,-0.006896383172992128
2012-07-26,0.0,-0.0,-0.0069539801788692625
2012-07-27,0.0,-0.0,-0.006955307811562644
2012-07-30,-0.00432494959133996,3.0563281037243036e-05,-0.00706673693918682
2012-07-31,-0.85,0.005981248122343015,-0.007036762496874135
2012-08-01,-0.125,0.0008911713579862778,-0.007129370863890223
2012-08-02,-0.85,0.006052674439840917,-0.007120793458636373
2012-08-03,2.725,-0.018823850277777034,-0.006907834964321847
2012-08-06,0.075,-0.0005064299142136029,-0.006752398856181373
2012-08-07,0.65,-0.004458525985495186,-0.006859270746915671
2012-08-08,0.2,-0.0013600031393658622,-0.006800015696829311
2012-08-09,0.175,-0.0011945446012238414,-0.006825969149850523
2012-08-10,0.175,-0.0012354027381615011,-0.0070594442180657215
2012-08-13,0.025,-0.00017729851842870307,-0.007091940737148123
2012-08-14,-0.125,0.0008943043897145449,-0.007154435117716359
2012-08-15,0.1988443993041709,-0.0014380841984171734,-0.00723220871922747
2012-08-16,1.05,-0.007554017115551659,-0.007194302014811103
2012-08-17,0.175,-0.0012560908581303496,-0.007177662046459142
2012-08-20,-0.075,0.0005369122012989358,-0.007158829350652478
2012-08-21,-0.225,0.0016206867022230133,-0.007203052009880059
2012-08-22,0.0,-0.0,-0.007253646845342802
2012-08-23,-1.25,0.009160977357722328,-0.007328781886177863
2012-08-24,1.05,-0.008066103218914919,-0.007682003065633256
2012-08-27,-0.25,0.0019090702444115966,-0.007636280977646386
2012-08-28,-0.025,0.00019245687761547598,-0.007698275104619039
2012-08-29,-0.025,0.00022269415892444425,-0.00890776635697777
2012-08-30,-1.075,0.009885113493738908,-0.00919545441278038
2012-08-31,0.8,-0.007532296308598321,-0.009415370385747902
2012-09-03,0.375,-0.0034962320324014237,-0.00932328541973713
2012-09-04,-0.25,0.0023171339958618646,-0.009268535983447459
2012-09-05,-0.225,0.0021912590916698046,-0.009738929296310242
2012-09-06,2.7,-0.024880384829821467,-0.00921495734437832
2012-09-07,0.75,-0.006729472537394114,-0.008972630049858819
2012-09-10,-1.2,0.010552971982650965,-0.008794143318875805
2012-09-11,0.425,-0.003833838828879364,-0.009020797244422033
2012-09-12,0.825,-0.0073976233631132945,-0.008966816197713084
2012-09-13,1.9,-0.016388673798096484,-0.008625617788471835
2012-09-14,0.8711980295563414,-0.007434656076153294,-0.008533830224500624
2012-09-17,-1.1,0.009253912377539262,-0.008412647615944782
2012-09-18,-0.2,0.0019837018876159357,-0.009918509438079677
2012-09-19,0.15,-0.0015394924875339522,-0.010263283250226348
2012-09-20,0.1,-0.0010377263495573088,-0.010377263495573087
2012-09-21,-0.5,0.00517553658168522,-0.01035107316337044
2012-09-24,0.0,-0.0,-0.010571882561021219
2012-09-25,-2.95,0.029488067430135163,-0.009995955061062767
2012-09-26,-1.9038130369296515,0.01933204308334894,-0.01015438108067924
2012-09-27,1.4,-0.0156161598477209,-0.011154399891229214
2012-09-28,-0.7,0.007644517508890132,-0.010920739298414476
2012-10-01,0.25,-0.003021721387237944,-0.012086885548951777
2012-10-02,0.375,-0.004509394175284982,-0.012025051134093285
2012-10-03,0.4,-0.004936188923794015,-0.012340472309485035
2012-10-04,1.125,-0.013697535209246475,-0.012175586852663532
2012-10-05,-0.025,0.0002994299893439938,-0.01197719957375975
2012-10-08,-0.5538313005793983,0.006613226143219024,-0.01194086743797345
2012-10-09,-2.75,0.03065683438855284,-0.011147939777655578
2012-10-10,-2.05384759120684,0.023751402088387163,-0.011564344983568547
2012-10-11,0.25,-0.002979308009705786,-0.011917232038823144
2012-10-12,-0.675,0.008008178308966078,-0.011863967865134929
2012-10-15,1.45,-0.017018530545383704,-0.011736917617506002
2012-10-16,1.325,-0.015208905623937945,-0.011478419338821091
2012-10-17,0.75,-0.008448190576237219,-0.011264254101649626
2012-10-18,-0.575,0.00657963959495074,-0.011442851469479548
2012-10-19,-2.75,0.029774978617723404,-0.01082726495189942
2012-10-22,0.675,-0.0075594084765261286,-0.011199123668927597
2012-10-23,-2.425,0.025581143011477535,-0.010548924953186612
2012-10-24,-0.0539645677768146,0.0005899306877452988,-0.010931815301201343
2012-10-25,0.0,-0.0,-0.010946415416641334
2012-10-26,0.0,-0.0,-0.011072735095392867
2012-10-29,0.0,-0.0,-0.011639813342681129
2012-10-30,0.0,-0.0,-0.011649001950601113
2012-10-31,0.0,-0.0,-0.011647113939783023
2012-11-01,0.0,-0.0,-0.011645226540864083
2012-11-02,0.0,-0.0,-0.01164333975354687
2012-11-05,0.0,-0.0,-0.011641453577534159
2012-11-06,0.0,-0.0,-0.011639568012528903
2012-11-07,0.0,-0.0,-0.01163768305823426
2012-11-08,0.0,-0.0,-0.011635800737137929
2012-11-09,0.0,-0.0,-0.01163391700304727
2012-11-12,0.0,-0.0,-0.011632036731318969
2012-11-13,0.0,-0.0,-0.012364333643818021
2012-11-14,-0.0023472467475198805,2.9019060415853728e-05,-0.01236302082280676
2012-11-15,-0.004094648417625126,5.0620599960838775e-05,-0.012362624283673775
2012-11-16,-0.9,0.011090017686621392,-0.01232224187402377
2012-11-19,-2.05,0.0246947974890112,-0.01204624267756644
2012-11-20,-0.5040882280822933,0.006218060714665388,-0.012335262694629479
2012-11-21,0.0,-0.0,-0.012411965172893757
2012-11-22,0.0,-0.0,-0.012409958708049644
2012-11-23,0.0,-0.0,-0.012407952891813614
2012-11-26,0.0,-0.0,-0.012405947723871213
2012-11-27,0.0,-0.0,-0.012403946167566274
2012-11-28,0.0,-0.0,-0.012596809760083807
2012-11-29,0.0,-0.0,-0.013816822903359765
2012-11-30,0.0,-0.0,-0.013815035178282593
2012-12-03,-0.004073185473947092,5.626210443424945e-05,-0.013812801993455272
2012-12-04,-0.25,0.0034505330825472342,-0.013802132330188937
2012-12-05,0.3459349384483703,-0.004782814484384832,-0.01382576303462523
2012-12-06,0.0,-0.0,-0.013763574876295285
2012-12-07,0.0,-0.0,-0.013761353865476026
2012-12-10,-0.004061089698240931,5.587706585023387e-05,-0.013759131169754052
2012-12-11,1.475,-0.019835756513210658,-0.013447970517430952
2012-12-12,-0.5,0.00658101587662823,-0.01316203175325646
2012-12-13,-0.85,0.01117437553775819,-0.01314632416206846
2012-12-14,-0.075,0.000996440587264349,-0.013285874496857988
2012-12-17,1.7,-0.02206776151427528,-0.012981036184867812
2012-12-18,1.275,-0.015934693369692263,-0.012497798721327264
2012-12-19,-1.175,0.014247973311745767,-0.012125934733400652
2012-12-20,1.2,-0.014568913102618498,-0.01214076091884875
2012-12-21,-1.225,0.014432653204729928,-0.011781757718146879
2012-12-24,-0.95,0.011274353029446061,-0.011867740030995855
2012-12-25,0.0,-0.0,-0.01201110954596388
2012-12-26,-0.6,0.007181312738975655,-0.011968854564959426
2012-12-27,0.075,-0.0009043287244588418,-0.012057716326117891
2012-12-28,-2.7040460505483805,0.03059374865165475,-0.011314063473678764
2012-12-31,0.0,-0.0,-0.011787472793143376
2013-01-01,0.0,-0.0,-0.011794945708926271
2013-01-02,0.0,-0.0,-0.012000829090036748
2013-01-03,-0.00418478654031021,5.0219374179095e-05,-0.012000462555342747
2013-01-04,0.55,-0.006581631037545552,-0.011966601886446456
2013-01-07,-0.4,0.0047468723853461405,-0.01186718096336535
2013-01-08,-0.425,0.005059392581620552,-0.01190445313322483
2013-01-09,0.525,-0.0062659316618904936,-0.011935107927410463
2013-01-10,1.325,-0.015468158378026209,-0.011674081794736762
2013-01-11,-0.25,0.0028690511611815166,-0.011476204644726066
2013-01-14,-0.25,0.0029226674355335483,-0.011690669742134193
2013-01-15,0.225,-0.002692746740816115,-0.011967763292516066
2013-01-16,-0.275,0.003336888350763772,-0.012134139457322805
2013-01-17,1.15,-0.013830499967240655,-0.012026521710644049
2013-01-18,0.375,-0.004439298044009919,-0.011838128117359785
2013-01-21,0.375,-0.004412012078491394,-0.011765365542643718
2013-01-22,0.75,-0.008736056336852819,-0.01164807511580376
2013-01-23,-0.5791170975942839,0.006703899497927675,-0.011576069029521682
2013-01-24,0.6,-0.006974164103377535,-0.011623606838962559
2013-01-25,1.45,-0.01651624070786691,-0.011390510833011661
2013-01-28,0.05,-0.0005986777877686453,-0.011973555755372905
2013-01-29,1.95,-0.022509138762961595,-0.011543148083570048
2013-01-30,-2.35,0.02523934814900112,-0.010740148148511115
2013-01-31,0.45,-0.004977304343214457,-0.011060676318254348
2013-02-01,2.3,-0.024164516687606833,-0.01050631160330732
2013-02-04,-3.0,0.028415988247424216,-0.009471996082474739
2013-02-05,3.0,-0.027610445201730095,-0.009203481733910031
2013-02-06,-0.25,0.0022103779460076996,-0.008841511784030798
2013-02-07,-0.25,0.002217094180634244,-0.008868376722536975
2013-02-08,1.75,-0.015348931587084565,-0.008770818049762609
2013-02-11,-0.15,0.0012846829484493417,-0.008564552989662279
2013-02-12,0.95,-0.008099292559965261,-0.008525571115752906
2013-02-13,-0.3,0.0025233281127200378,-0.008411093709066793
2013-02-14,0.5,-0.004214793286398281,-0.008429586572796561
2013-02-15,-0.3524500975257436,0.0029807330329602887,-0.008457177495156093
2013-02-18,0.25,-0.002140409571249582,-0.008561638284998329
2013-02-19,2.15,-0.01775099702299672,-0.008256277685114754
2013-02-20,-4.4,0.03100437685603516,-0.007046449285462535
2013-02-21,-1.0,0.007442444272582141,-0.007442444272582141
2013-02-22,2.396211813127207,-0.017573567589673465,-0.0073338957321718795
2013-02-25,-2.925,0.0198246462188377,-0.00677765682695306
2013-02-26,0.875,-0.00614530468600461,-0.00702320535543384
2013-02-27,2.3,-0.01550208396405305,-0.006740036506110022
2013-02-28,-0.425,0.0027742105315469562,-0.006527554191875192
2013-03-01,0.45,-0.003074766090332878,-0.006832813534073062
2013-03-04,1.075,-0.007274032572716861,-0.006766541928108708
2013-03-05,0.95,-0.006351706336511268,-0.0066860066700118615
2013-03-06,0.2,-0.0013203143115185373,-0.006601571557592686
2013-03-07,0.375,-0.0024758944810890516,-0.006602385282904137
2013-03-08,0.6713171518891231,-0.004490041011575564,-0.006688405024272571
2013-03-11,1.3,-0.00856326540880514,-0.0065871272375424145
2013-03-12,-0.7,0.004543045829269976,-0.0064900654703856815
2013-03-13,0.65,-0.004251662556739288,-0.006541019318060443
2013-03-14,1.2,-0.007709651483796248,-0.006424709569830207
2013-03-15,-0.5,0.0031508747962905492,-0.0063017495925810985
2013-03-18,-1.35,0.00849189665945897,-0.006290293821821459
2013-03-19,-0.9,0.005746850744301454,-0.006385389715890505
2013-03-20,1.35,-0.009090346111660772,-0.006733589712341312
2013-03-21,-2.0,0.013174651850522936,-0.006587325925261468
2013-03-22,2.6,-0.017135489677731083,-0.006590572952973494
2013-03-25,-1.0,0.006327257703311287,-0.006327257703311287
2013-03-26,2.05,-0.012852989940619328,-0.006269751190546014
2013-03-27,-0.1,0.0006086281959115218,-0.006086281959115218
2013-03-28,1.2,-0.00726087034288594,-0.006050725285738284
2013-03-29,0.0,-0.0,-0.005983498625859241
2013-04-01,-1.35,0.00799424200265714,-0.005921660742708992
2013-04-02,1.7,-0.010126266227437388,-0.005956627192610229
2013-04-03,-3.2,0.0183042865993724,-0.005720089562303875
2013-04-04,1.2,-0.007309858188826078,-0.006091548490688398
2013-04-05,-1.7,0.010016397080728642,-0.005891998282781554
2013-04-08,2.646471227649085,-0.015436327742217001,-0.005832796359524154
2013-04-09,0.4,-0.002266259060668997,-0.005665647651672491
2013-04-10,1.9464496953999162,-0.010842936024992774,-0.005570622272241663
2013-04-11,1.0,-0.005392851462894655,-0.005392851462894655
2013-04-12,-1.15,0.0060723554426136755,-0.005280309080533631
2013-04-15,-7.7,0.03262346856170938,-0.004236814098923296
2013-04-16,5.046326798370725,-0.021719878737960472,-0.004304096743194086
2013-04-17,-2.275,0.009126037665870904,-0.004011445127855342
2013-04-18,-1.2,0.004950504493219927,-0.0041254204110166065
2013-04-19,1.3462518046909342,-0.0056118227614854466,-0.004168479285919161
2013-04-22,0.0,-0.0,-0.004087916803526329
2013-04-23,0.0,-0.0,-0.00408726730792195
2013-04-24,-0.003775115229686089,1.5427453110909775e-05,-0.004086617804297489
2013-04-25,0.775,-0.003159813596719804,-0.004077178834477166
2013-04-26,-0.525,0.002113959549070311,-0.004026589617276782
2013-04-29,1.175,-0.004742931050271009,-0.004036537064060433
2013-04-30,0.4,-0.0015857939192288819,-0.0039644847980722046
2013-05-01,-1.5,0.005862402873821592,-0.003908268582547728
2013-05-02,1.5,-0.005944190494025427,-0.003962793662683618
2013-05-03,1.625,-0.006238514336662279,-0.0038390857456383257
2013-05-06,0.5,-0.0018710658556553876,-0.003742131711310775
2013-05-07,0.7,-0.0025945463964376046,-0.003706494852053721
2013-05-08,0.8211765819369379,-0.003003214619089384,-0.0036572092837883867
2013-05-09,-0.85,0.0030605754754795753,-0.003600677029975971
2013-05-10,1.0,-0.0036355350520153756,-0.0036355350520153756
2013-05-13,0.25,-0.000896955963141295,-0.00358782385256518
2013-05-14,3.45,-0.012001303010559409,-0.0034786385537853358
2013-05-15,1.25,-0.004091191775432422,-0.003272953420345938
2013-05-16,-1.25,0.003983425955596406,-0.003186740764477125
2013-05-17,2.9963503166791727,-0.009462952531163683,-0.003158159604532285
2013-05-20,0.3,-0.0008993746177780954,-0.0029979153925936515
2013-05-21,0.2,-0.0005962299736382319,-0.0029811498681911594
2013-05-22,-2.0,0.005862845158967737,-0.0029314225794838684
2013-05-23,-1.1,0.003325971008923391,-0.0030236100081121736
2013-05-24,0.1,-0.00030803032322989575,-0.0030803032322989574
2013-05-27,0.0,-0.0,-0.003074610160497312
2013-05-28,0.8,-0.0024542080035985774,-0.0030677600044982213
2013-05-29,-1.5,0.00450670718410101,-0.00300447145606734
2013-05-30,1.3,-0.00398563125434044,-0.0030658701956464925
2013-05-31,-4.9,0.013646579702760595,-0.002785016265869509
2013-06-03,1.4461801269310819,-0.0043375832989851985,-0.0029993382001382647
2013-06-04,-0.5,0.0014641304531516402,-0.0029282609063032805
2013-06-05,-2.325,0.006797385354100831,-0.0029236066039143357
2013-06-06,1.475,-0.004447237931580259,-0.003015076563783226
2013-06-07,1.575,-0.0046162610611256115,-0.002930959403889277
2013-06-10,0.35,-0.000999802980839043,-0.0028565799452544087
2013-06-11,-1.5,0.004267774887928711,-0.0028451832586191407
2013-06-12,-1.725,0.005007601381021027,-0.0029029573223310298
2013-06-13,2.7,-0.00791703858899994,-0.002932236514444422
2013-06-14,-1.25,0.003510253571659442,-0.0028082028573275537
2013-06-17,1.525,-0.004358160171478613,-0.0028578099485105663
2013-06-18,1.15,-0.003202769035415476,-0.002785016552535197
2013-06-19,-2.15,0.00579939469713696,-0.002697392882389284
2013-06-20,-3.975,0.010643871647652077,-0.0026777035591577553
2013-06-21,-0.004120364452896157,1.1732100359324372e-05,-0.002847345300020248
2013-06-24,0.0,-0.0,-0.002903789931195195
2013-06-25,0.0,-0.0,-0.002903331846963037
2013-06-26,0.0,-0.0,-0.0029028739072372457
2013-06-27,0.0,-0.0,-0.002902416111949453
2013-06-28,0.0,-0.0,-0.002901958599492996
2013-07-01,0.0,-0.0,-0.002903894397180505
2013-07-02,0.0,-0.0,-0.0029047039348440045
2013-07-03,0.0,-0.0,-0.0029056778813691068
2013-07-04,0.0,-0.0,-0.002907407151223798
2013-07-05,0.0,-0.0,-0.002920955810498525
2013-07-08,-0.004067497445130648,1.188114615228359e-05,-0.002920996586367116
2013-07-09,1.0,-0.002913217972643688,-0.002913217972643688
2013-07-10,0.3,-0.0008606097818197387,-0.0028686992727324626
2013-07-11,2.15,-0.006063049044371985,-0.0028200228113358073
2013-07-12,0.025,-6.841229675737197e-05,-0.0027364918702948784
2013-07-15,0.725,-0.0019807892563789794,-0.0027321231122468684
2013-07-16,-0.6290239068901061,0.0016973843878727106,-0.0026984417750743023
2013-07-17,0.85,-0.002315437531102674,-0.0027240441542384403
2013-07-18,1.0,-0.00268204469127742,-0.00268204469127742
2013-07-19,1.8,-0.004712576951746714,-0.0026180983065259523
2013-07-22,0.15,-0.0003832338893989334,-0.002554892595992889
2013-07-23,-0.4,0.0010187813187887732,-0.002546953296971933
2013-07-24,-0.9,0.002326148642157518,-0.0025846096023972418
2013-07-25,0.05,-0.0001331589100115412,-0.0026631782002308237
2013-07-26,0.5,-0.001330105247235755,-0.00266021049447151
2013-07-29,-0.8,0.0021376597528797985,-0.002672074691099748
2013-07-30,0.45,-0.001248995862202106,-0.0027755463604491244
2013-07-31,-0.85,0.0023982518669153777,-0.0028214727846063267
2013-08-01,3.95,-0.010807235721153443,-0.002736009043329985
2013-08-02,0.75,-0.0019164774320494147,-0.002555303242732553
2013-08-05,-0.3,0.0007627768339517214,-0.0025425894465057382
2013-08-06,-1.7,0.004309758774840264,-0.002535152220494273
2013-08-07,-1.15,0.0029987484871154013,-0.0026076073801003493
2013-08-08,1.1,-0.002915195346624128,-0.002650177587840116
2013-08-09,-1.5,0.0038796302982621288,-0.0025864201988414193
2013-08-12,0.15,-0.00039795983111324645,-0.0026530655407549764
2013-08-13,0.75,-0.0019817620725223256,-0.0026423494300297674
2013-08-14,-1.75,0.004585290375874574,-0.0026201659290711853
2013-08-15,-5.25,0.013844650949356439,-0.0026370763713059885
2013-08-16,-0.9572410370016003,0.0027422858158304498,-0.00286478087527485
2013-08-19,-0.6,0.0017694210782121494,-0.0029490351303535826
2013-08-20,0.5460896887314193,-0.001662537412968839,-0.0030444402215887966
2013-08-21,0.0,-0.0,-0.0030259491473917963
2013-08-22,0.0,-0.0,-0.003071535770460987
2013-08-23,0.0,-0.0,-0.003072651741682827
2013-08-26,-0.0039293436538624694,1.207865547961344e-05,-0.0030739626114759276
2013-08-27,-2.6,0.007864530982413518,-0.003024819608620584
2013-08-28,0.39603493960678476,-0.0012467788675729608,-0.003148153717979688
2013-08-29,0.0,-0.0,-0.00313013675149849
2013-08-30,0.0,-0.0,-0.0031308978089433434
2013-09-02,0.0,-0.0,-0.003134423378613218
2013-09-03,0.0,-0.0,-0.0031490814559348075
2013-09-04,0.0,-0.0,-0.0031530075937855947
2013-09-05,0.0,-0.0,-0.003156333833855138
2013-09-06,-0.0038849586052621646,1.2311146055227347e-05,-0.003168925928464704
2013-09-09,1.55,-0.004881087581728643,-0.003149088762405576
2013-09-10,1.35,-0.004155572508406093,-0.0030782018580785874
2013-09-11,0.625,-0.0018875271693282272,-0.0030200434709251635
2013-09-12,-0.4,0.001202191181365611,-0.0030054779534140273
2013-09-13,0.375,-0.001146466587968112,-0.003057244234581632
2013-09-16,0.925,-0.0028606668811339783,-0.0030926128444691654
2013-09-17,0.6962669635566214,-0.0021259396694296127,-0.0030533398548310245
2013-09-18,3.9,-0.011405953612389478,-0.0029246034903562764
2013-09-19,-0.05,0.00013732950857538601,-0.00274659017150772
2013-09-20,-3.0,0.008070031443787137,-0.0026900104812623794
2013-09-23,-1.95,0.005447141550600484,-0.0027934059233848635
2013-09-24,-0.05,0.0001446791825376826,-0.002893583650753652
2013-09-25,-1.3537822376856912,0.003931292199315408,-0.002903932471470452
2013-09-26,0.675,-0.0020568889601166253,-0.003047242903876482
2013-09-27,-0.6,0.0018152170190419276,-0.0030253616984032127
2013-09-30,-1.225,0.003754246797198055,-0.0030646912630188203
2013-10-01,1.525,-0.004824382040731577,-0.0031635292070371
2013-10-02,-0.65,0.0020082181892563406,-0.003089566445009755
2013-10-03,-1.325,0.004158014959184696,-0.003138124497497884
2013-10-04,1.5,-0.004781855274479893,-0.0031879035163199284
2013-10-07,-1.7,0.005275221889974522,-0.003103071699985013
2013-10-08,-1.725,0.006575051881329116,-0.0038116242790313714
2013-10-09,-0.17887274584361962,0.0007675019651396643,-0.004290770857907312
2013-10-10,0.0,-0.0,-0.004388757348405471
2013-10-11,0.0,-0.0,-0.00441311827016291
2013-10-14,-0.003957115522929478,1.7586831321560463e-05,-0.004444356304397406
2013-10-15,-1.25,0.005520456431328595,-0.004416365145062876
2013-10-16,2.15,-0.009488218720567064,-0.004413124986310263
2013-10-17,1.475,-0.0062600393107589535,-0.004244094447972172
2013-10-18,0.8,-0.003322214043729512,-0.00415276755466189
2013-10-21,0.15,-0.0006160979623742026,-0.004107319749161351
2013-10-22,1.15,-0.004713206809516152,-0.004098440703927089
2013-10-23,-0.779014564604405,0.003132119412596379,-0.004020617270727044
2013-10-24,1.35,-0.005500177141845653,-0.004074205290256039
2013-10-25,1.1,-0.004407993552661801,-0.004007266866056182
2013-10-28,0.85,-0.003373465026114084,-0.003968782383663628
2013-10-29,1.85,-0.007155222701142776,-0.0038676879465636624
2013-10-30,-1.35,0.005042325295586076,-0.003735055774508204
2013-10-31,-1.15,0.00437789977824955,-0.0038068693723909133
2013-11-01,-0.1,0.0003886460656657588,-0.0038864606566575877
2013-11-04,1.65,-0.006379419236971887,-0.0038663146890738713
2013-11-05,-1.2,0.004495926900986915,-0.0037466057508224295
2013-11-06,1.8,-0.007106156429632383,-0.003947864683129102
2013-11-07,-4.05,0.014678915039746774,-0.003624423466604142
2013-11-08,4.196068632481818,-0.015289749980627812,-0.0036438274298636756
2013-11-11,0.1,-0.0003522216825926312,-0.0035222168259263116
2013-11-12,-0.25,0.0008790797419359735,-0.003516318967743894
2013-11-13,1.35,-0.004734996746083222,-0.003507404997098683
2013-11-14,0.896063737576407,-0.003109603913612466,-0.0034702932204611295
2013-11-15,1.1473013727173473,-0.003920452871190941,-0.0034171081499758615
2013-11-18,-0.9,0.003007062860914514,-0.0033411809565716826
2013-11-19,-0.7,0.0023702101064932307,-0.003386014437847473
2013-11-20,-1.1,0.0037601447546978307,-0.003418313413361664
2013-11-21,2.8,-0.009552054818146983,-0.0034114481493382086
2013-11-22,1.5,-0.004872765165215837,-0.0032485101101438914
2013-11-25,0.2,-0.0006914710508290258,-0.0034573552541451286
2013-11-26,-0.05,0.0001736334696842071,-0.003472669393684142
2013-11-27,0.45,-0.0015641250055603844,-0.003475833345689743
2013-11-28,0.925,-0.0032466513186042143,-0.003509893317409961
2013-11-29,-0.975,0.003381842333100517,-0.0034685562390774534
2013-12-02,-0.75,0.0026671470899638835,-0.0035561961199518446
2013-12-03,-1.75,0.006231659989435273,-0.0035609485653915847
2013-12-04,0.1,-0.0003702329778293264,-0.003702329778293264
2013-12-05,-1.55,0.005741139217931248,-0.003703960785762095
2013-12-06,4.1,-0.015011328724426981,-0.0036612996888846297
2013-12-09,0.85,-0.0029096078935478592,-0.0034230681100563052
2013-12-10,-1.15,0.0038915489893204115,-0.0033839556428873147
2013-12-11,-4.5,0.014475929357270207,-0.0032168731905044905
2013-12-12,-1.2039789031037824,0.004229305687260184,-0.0035127739168496204
2013-12-13,0.025,-9.504112741849106e-05,-0.003801645096739642
2013-12-16,1.125,-0.004253529931473548,-0.0037809154946431543
2013-12-17,-0.725,0.002685713532427278,-0.003704432458520384
2013-12-18,3.15,-0.011369799112676398,-0.0036094600357702853
2013-12-19,-0.25,0.0008560482582551932,-0.0034241930330207726
2013-12-20,1.225,-0.004188481975757522,-0.003419168959802058
2013-12-23,0.9210979414806169,-0.0030737788788366294,-0.0033370814768033143
2013-12-24,1.1,-0.003595576589487427,-0.003268705990443115
2013-12-25,0.0,-0.0,-0.0032048703749319174
2013-12-26,1.55,-0.0049233587501659615,-0.0031763604839780395
2013-12-27,-0.05,0.000154370541231624,-0.00308741082463248
2013-12-30,-0.3,0.0009266323228606069,-0.0030887744095353564
2013-12-31,2.25,-0.006860805612061488,-0.0030492469386939943
2014-01-01,0.0,-0.0,-0.002933308461854126
2014-01-02,-4.0,0.011098437996091792,-0.002774609499022948
2014-01-03,-0.2,0.0006067689884478988,-0.003033844942239494
2014-01-06,-0.95,0.0028830029652931913,-0.0030347399634665173
2014-01-07,2.0,-0.006097972892210883,-0.0030489864461054417
2014-01-08,0.35,-0.0010307371488542131,-0.002944963282440609
2014-01-09,0.15,-0.0004399303199665033,-0.002932868799776689
2014-01-10,0.9,-0.0026336829035933412,-0.0029263143373259347
2014-01-13,-4.5,0.012240970784249211,-0.002720215729833158
2014-01-14,3.5961869887316875,-0.010173497574301115,-0.0028289679057787623
2014-01-15,0.85,-0.0022524514677713307,-0.002649942903260389
2014-01-16,-0.5288142955235468,0.0013816685416035903,-0.0026127670021395405
2014-01-17,-0.4,0.0010546613696591394,-0.0026366534241478484
2014-01-20,0.0,-0.0,-0.002657631470119618
2014-01-21,0.85,-0.0022580625131915634,-0.0026565441331665453
2014-01-22,0.1,-0.0002616604458092732,-0.002616604458092732
2014-01-23,-3.05,0.007758724247967963,-0.002543844015727201
2014-01-24,-8.453943947645337,0.01944324193750366,-0.0022999019224535025
2014-01-27,-0.6039475132946857,0.0015954244131370688,-0.002641660703980098
2014-01-28,0.0,-0.0,-0.002666226051023544
2014-01-29,0.0,-0.0,-0.002685851583087963
2014-01-30,0.0,-0.0,-0.002694706226018783
2014-01-31,0.0,-0.0,-0.002702826072745738
2014-02-03,0.0,-0.0,-0.0027184224036497975
2014-02-04,0.0,-0.0,-0.0027181651759290303
2014-02-05,0.0,-0.0,-0.0027217789955453066
2014-02-06,0.0,-0.0,-0.002743520502130614
2014-02-07,0.0,-0.0,-0.00296003178182324
2014-02-10,0.0,-0.0,-0.0029673781637714856
2014-02-11,0.0,-0.0,-0.002969997794102716
2014-02-12,-0.004146660584453345,1.2324262889992325e-05,-0.0029720934807633973
2014-02-13,0.7,-0.002077342299004934,-0.002967631855721334
2014-02-14,1.071266774032079,-0.003134626687606473,-0.0029260934471142357
2014-02-17,0.0,-0.0,-0.002877729020488814
2014-02-18,0.25,-0.0007191928104479319,-0.0028767712417917275
2014-02-19,-1.225,0.0035635686231943113,-0.002909035610770866
2014-02-20,1.075,-0.0031772557138114426,-0.002955586710522272
2014-02-21,-0.2,0.0005812314579083029,-0.002906157289541515
2014-02-24,1.2,-0.003483146675043183,-0.0029026222292026526
2014-02-25,0.025,-7.120317040383174e-05,-0.0028481268161532694
2014-02-26,-0.45,0.0012802042200187062,-0.002844898266708236
2014-02-27,1.225,-0.003494119094966244,-0.002852342118339791
2014-02-28,0.65,-0.0018158619023775442,-0.0027936336959654526
2014-03-03,-1.725,0.004727695058973836,-0.0027406927878109192
2014-03-04,2.85,-0.007899068703372203,-0.002771603053814808
2014-03-05,0.05,-0.00013302026195165207,-0.0026604052390330414
2014-03-06,0.425,-0.0011302359056085845,-0.0026593786014319637
2014-03-07,-0.05625,0.00014858412268685373,-0.002641495514432955
2014-03-10,0.10625,-0.00028098063298741515,-0.0026445236045874367
2014-03-11,-0.95,0.0025071506724554968,-0.0026391059710057863
2014-03-12,0.075,-0.0002013009517619772,-0.002684012690159696
2014-03-13,-2.05,0.005670994497468632,-0.0027663387792529913
2014-03-14,-0.775,0.0022117478569042234,-0.0028538682024570623
2014-03-17,1.8,-0.005287956971548749,-0.0029377538730826383
2014-03-18,1.3,-0.0037341841976575433,-0.002872449382813495
2014-03-19,-1.15,0.0032209361011914964,-0.002800814001036084
2014-03-20,1.4,-0.0039932597929890285,-0.0028523284235635916
2014-03-21,-0.925,0.002575270073933627,-0.002784075755603921
2014-03-24,0.0,-0.0,-0.0028292346827679883
2014-03-25,0.225,-0.0006392295584069597,-0.0028410202595864874
2014-03-26,-1.7,0.004803228572393699,-0.0028254285719962937
2014-03-27,-0.225,0.0006540066864109833,-0.0029066963840488147
2014-03-28,0.8,-0.002341095232368495,-0.002926369040460619
2014-03-31,1.625,-0.004688884621592214,-0.0028854674594413626
2014-04-01,1.025,-0.002895929741488451,-0.0028252973087692207
2014-04-02,0.525,-0.0014699131440520639,-0.002799834560099169
2014-04-03,-0.275,0.0007629621628406867,-0.0027744078648752244
2014-04-04,0.0,-0.0,-0.002786882856696989
2014-04-07,-3.525,0.009466536113331675,-0.0026855421598104045
2014-04-08,0.0,-0.0,-0.002844437931327333
2014-04-09,0.0,-0.0,-0.0028570145113791614
2014-04-10,-1.45,0.004172827316860751,-0.002877811942662587
2014-04-11,-1.5540803029256094,0.004571455885789528,-0.0029415827979954482
2014-04-14,0.0,-0.0,-0.003017812717833876
2014-04-15,0.0,-0.0,-0.0030175524206021865
2014-04-16,0.0,-0.0,-0.0030289223799997923
2014-04-17,-0.004121709773861047,1.2504933387043714e-05,-0.003033918949448401
2014-04-18,0.0,-0.0,-0.0030501573779794363
2014-04-21,0.35,-0.001070870176429018,-0.0030596290755114802
2014-04-22,1.275,-0.003869261199535332,-0.0030347146663022213
2014-04-23,-0.8,0.0024001771874698763,-0.0030002214843373454
2014-04-24,0.0,-0.0,-0.0030538431860552117
2014-04-25,-1.375,0.004191179574959135,-0.00304813059997028
2014-04-28,0.2974999999999909,-0.0009256044290142646,-0.003111275391644682
2014-04-29,0.0,-0.0,-0.003122590966828733
2014-04-30,1.952500000000009,-0.006052153805999274,-0.003099694650959921
2014-05-01,-0.1,0.00030375138626663397,-0.0030375138626663393
2014-05-02,-0.325,0.0010404110292940609,-0.003201264705520187
2014-05-05,0.475,-0.0016185597284469086,-0.0034074941651513866
2014-05-06,-1.4,0.004703476377982459,-0.0033596259842731853
2014-05-07,0.425,-0.0014581735158270962,-0.0034309965078284615
2014-05-08,0.2,-0.0006857863494379816,-0.0034289317471899077
2014-05-09,0.025,-8.568125347507907e-05,-0.0034272501390031625
2014-05-12,2.05,-0.006953575339949028,-0.0033919879707068434
2014-05-13,0.175,-0.0005762925283792263,-0.0032931001621670074
2014-05-14,-1.025,0.0033591407050289845,-0.003277210443930717
2014-05-15,-1.5,0.004977874265725824,-0.0033185828438172162
2014-05-16,0.64760612052415,-0.0022558018212034906,-0.0034832929302424176
2014-05-19,0.575,-0.0019959588421280005,-0.0034712327689182623
2014-05-20,-0.825,0.0028315311094325763,-0.003432158920524335
2014-05-21,1.2,-0.00415030601070552,-0.0034585883422546
2014-05-22,0.55,-0.0018660956377997988,-0.0033929011596359974
2014-05-23,0.825,-0.0027762125522656257,-0.0033651061239583346
2014-05-26,0.0,-0.0,-0.0033315519161007025
2014-05-27,0.8625,-0.0028712203696941475,-0.0033289511532685768
2014-05-28,0.05848018818748572,-0.00019400925739235936,-0.0033175210854378846
2014-05-29,1.75,-0.0057378959497466735,-0.0032787976855695278
2014-05-30,-0.0375,0.00012043199254075789,-0.0032115198010868773
2014-06-02,1.0875,-0.0036960705373618136,-0.0033986855515970704
2014-06-03,0.2,-0.0006689293455674881,-0.0033446467278374402
2014-06-04,0.65,-0.00217351596994654,-0.003343870722994677
2014-06-05,2.55,-0.008884839104906816,-0.003484250629375222
2014-06-06,1.35,-0.004488632626849868,-0.003324913056925828
2014-06-09,0.65,-0.0021044997443986162,-0.0032376919144594092
2014-06-10,0.0960334401870642,-0.0003086388409807943,-0.0032138684231200567
2014-06-11,-1.5,0.0047790072134748784,-0.0031860048089832524
2014-06-12,-4.125,0.013148059962926608,-0.003187408475860996
2014-06-13,1.4960474621404198,-0.005086277546748952,-0.003399810283740551
2014-06-16,0.2,-0.0006661891992377185,-0.003330945996188592
2014-06-17,1.05,-0.0034813853199996856,-0.003315605066666367
2014-06-18,3.0,-0.009482759327319712,-0.003160919775773237
2014-06-19,0.15,-0.0004486040320986457,-0.002990693547324305
2014-06-20,0.8461982883690294,-0.002538890829903923,-0.003000349758207861
2014-06-23,-0.3,0.0008852553935852818,-0.0029508513119509395
2014-06-24,-3.075,0.008819745202517253,-0.0028682098219568303
2014-06-25,2.025,-0.006170262684249766,-0.0030470433008640825
2014-06-26,-0.3,0.0008802319275914873,-0.002934106425304958
2014-06-27,0.75,-0.0023421388891871854,-0.00312285185224958
2014-06-30,0.75,-0.0023044459122923446,-0.003072594549723126
2014-07-01,3.525,-0.010229514080287796,-0.0029019898100107223
2014-07-02,0.375,-0.0010288478694700071,-0.0027435943185866855
2014-07-03,3.225,-0.008458737634673077,-0.002622864382844365
2014-07-04,0.0,-0.0,-0.002447163255572218
2014-07-07,-2.1,0.005073541050821226,-0.0024159719289624884
2014-07-08,-3.3,0.008626305915757297,-0.0026140320956840294
2014-07-09,2.1,-0.00606031176940464,-0.0028858627473355427
2014-07-10,-2.775,0.007478418345864802,-0.00269492553004137
2014-07-11,1.4212401982519602,-0.004024257165123427,-0.0028315109367670717
2014-07-14,1.75,-0.0047664278721929534,-0.002723673069824545
2014-07-15,-0.6,0.0015743023654558634,-0.002623837275759772
2014-07-16,1.45,-0.003832770938568121,-0.002643290302460773
2014-07-17,-4.4,0.010554730833517413,-0.002398802462163048
2014-07-18,3.55,-0.009210126293528017,-0.002594401772824794
2014-07-21,-0.85,0.0026754758056887254,-0.0031476185949279125
2014-07-22,1.8,-0.005695219199517561,-0.0031640106663986447
2014-07-23,0.95,-0.002883296077634005,-0.003035048502772637
2014-07-24,0.1,-0.0002973022079495642,-0.002973022079495642
2014-07-25,-1.775,0.005195757542003653,-0.002927187347607692
2014-07-28,0.125,-0.00037997534964536687,-0.003039802797162935
2014-07-29,-0.275,0.0008333642653066232,-0.003030415510205902
2014-07-30,-2.1,0.006284358303571598,-0.002992551573129332
2014-07-31,0.0,-0.0,-0.00312356685642407
2014-08-01,0.0,-0.0,-0.0031230955159914477
2014-08-04,0.0,-0.0,-0.0031226243177861555
2014-08-05,0.0,-0.0,-0.0031221532617438244
2014-08-06,-9.225,0.021364797114923395,-0.0023159671669293652
2014-08-07,-1.2328370745655464,0.0033670780060035153,-0.0027311621912328348
2014-08-08,0.0,-0.0,-0.0027918254189159383
2014-08-11,0.0,-0.0,-0.0028011237798738413
2014-08-12,0.0,-0.0,-0.0028007015415070146
2014-08-13,0.0,-0.0,-0.0028008105336580595
2014-08-14,-0.003947251879006854,1.1104404872768957e-05,-0.0028131989579451093
2014-08-15,-0.15488681951560496,0.00043719850195488296,-0.0028226966201655066
2014-08-18,1.6,-0.004492590233258917,-0.002807868895786823
2014-08-19,0.925,-0.002532715162153196,-0.0027380704455710224
2014-08-20,0.6211065003916669,-0.0016717206472158254,-0.002691520127645816
2014-08-21,1.2,-0.0031827839421103067,-0.002652319951758589
2014-08-22,-0.55,0.0014332417383372533,-0.0026058940697040968
2014-08-25,1.7,-0.004439458403713434,-0.0026114461198314316
2014-08-26,0.6,-0.0015317505887312889,-0.0025529176478854814
2014-08-27,-0.2,0.0005176516842493507,-0.002588258421246753
2014-08-28,0.0,-0.0,-0.0025974007728214736
2014-08-29,0.6,-0.0015573358478169295,-0.0025955597463615493
2014-09-01,0.0,-0.0,-0.002566684179422604
2014-09-02,-0.1,0.00025663084521418124,-0.002566308452141812
2014-09-03,-0.1,0.00025778356782593903,-0.00257783567825939
2014-09-04,-0.35,0.000903444198178661,-0.0025812691376533173
2014-09-05,1.6,-0.004177481689070704,-0.00261092605566919
2014-09-08,-0.95,0.0024050089291504364,-0.0025315883464741436
2014-09-09,-2.6,0.006626086888949762,-0.0025484949572883698
2014-09-10,1.4,-0.0037362617107029126,-0.002668758364787795
2014-09-11,0.3,-0.0007836684034428725,-0.0026122280114762417
2014-09-12,-2.45,0.00628517360791271,-0.002565376982821514
2014-09-15,-0.1,0.00026866112224907833,-0.0026866112224907834
2014-09-16,3.1962086566285057,-0.008338444139515172,-0.002608854751150981
2014-09-17,0.2,-0.0004926411413202426,-0.002463205706601213
2014-09-18,1.0212016229779706,-0.002519657128431643,-0.0024673454014731795
2014-09-19,-0.25,0.0006050521606295553,-0.002420208642518221
2014-09-22,-3.45,0.008113646535841108,-0.0023517816045916253
2014-09-23,-1.0,0.002515906814778457,-0.002515906814778457
2014-09-24,2.1462381500253502,-0.005437833514567672,-0.0025336580260226214
2014-09-25,-2.9,0.0069107083816396875,-0.002383002890220582
2014-09-26,1.225,-0.003058951941587575,-0.0024971036257857753
2014-09-29,-0.275,0.0006720559518145354,-0.0024438398247801285
2014-09-30,-0.2,0.0005087435834666951,-0.0025437179173334753
2014-10-01,-3.175,0.007872272859962394,-0.0024794560188857936
2014-10-02,0.17109173081513032,-0.00044747274716085936,-0.002615396694094859
2014-10-03,0.0,-0.0,-0.0026232403826075197
2014-10-06,0.0,-0.0,-0.0026409859293530444
2014-10-07,0.0,-0.0,-0.0026405902159687736
2014-10-08,0.0,-0.0,-0.002640194621150542
2014-10-09,0.0,-0.0,-0.002639799144845073
2014-10-10,0.0,-0.0,-0.0026394039153934804
2014-10-13,0.0,-0.0,-0.002639008675934594
2014-10-14,0.0,-0.0,-0.0026395394238470996
2014-10-15,-0.004012228386456063,1.0638386584161413e-05,-0.002651490782546935
2014-10-16,0.475,-0.0012608564766685934,-0.0026544346877233546
2014-10-17,-3.025,0.007760974683257745,-0.0025656114655397506
2014-10-20,-1.65,0.004435009380768693,-0.002687884473193147
2014-10-21,-3.5290804634976785,0.009406151815981865,-0.0026653265385338963
2014-10-22,0.0,-0.0,-0.0028099297690112827
2014-10-23,0.0,-0.0,-0.0028388048715153806
2014-10-24,0.0,-0.0,-0.002838457981787391
2014-10-27,0.0,-0.0,-0.002838853748297842
2014-10-28,0.0,-0.0,-0.0028401826455353167
2014-10-29,-0.004153049346384863,1.185728076390992e-05,-0.0028550782268530997
2014-10-30,1.65,-0.004677733134562553,-0.0028349897785227593
2014-10-31,2.125,-0.0058070932184354955,-0.002732749749851998
2014-11-03,0.15,-0.00039677865014863504,-0.0026451910009909004
2014-11-04,-0.5,0.0013335606033218002,-0.0026671212066436004
2014-11-05,1.075,-0.002880117522667438,-0.002679179090853431
2014-11-06,0.875,-0.002306936263592101,-0.002636498586962401
2014-11-07,0.075,-0.0001961993826971634,-0.002615991769295512
2014-11-10,0.6,-0.0015677480772911525,-0.002612913462151921
2014-11-11,0.175,-0.0004532059981910309,-0.0025897485610916053
2014-11-12,0.0,-0.0,-0.0025869223429577726
2014-11-13,0.025,-6.492015990978787e-05,-0.0025968063963915143
2014-11-14,0.12210286437472512,-0.00031715430839369024,-0.002597435449346757
2014-11-17,0.225,-0.0005842037276269147,-0.0025964610116751764
2014-11-18,1.15,-0.0029638139320747993,-0.0025772295061519995
2014-11-19,-0.325,0.0008233375391593188,-0.0025333462743363654
2014-11-20,0.35,-0.0008909970712544496,-0.002545705917869856
2014-11-21,0.975,-0.002481910610460605,-0.0025455493440621592
2014-11-24,0.7459497199127161,-0.001865159450762261,-0.002500382265684749
2014-11-25,-0.05,0.0001238422156384918,-0.002476844312769836
2014-11-26,0.9,-0.0022259541101409853,-0.002473282344601095
2014-11-27,0.375,-0.0009138994055108767,-0.002437065081362338
2014-11-28,-1.325,0.003250617852190391,-0.002453296492219163
2014-12-01,-3.2,0.007843927503067337,-0.002451227344708543
2014-12-02,2.8,-0.007090062652732131,-0.0025321652331186184
2014-12-03,1.65,-0.003960450623212491,-0.0024002731049772674
2014-12-04,-0.45,0.0010557435350346,-0.0023460967445213332
2014-12-05,0.9,-0.0022245595088034873,-0.0024717327875594304
2014-12-08,-2.95,0.007049665405131096,-0.002389717086485117
2014-12-09,0.0,-0.0,-0.0025126522454134654
2014-12-10,-6.8,0.015190069388093136,-0.0022338337335431084
2014-12-11,1.4458864833502774,-0.003655895756591595,-0.0025284804849413102
2014-12-12,-3.1,0.007488778680664183,-0.0024157350582787685
2014-12-15,-1.579112574182747,0.0039771361853584465,-0.002518589396589899
2014-12-16,0.0,-0.0,-0.0025766576837825284
2014-12-17,0.0,-0.0,-0.0026368473966414175
2014-12-18,0.0,-0.0,-0.0026636145678988923
2014-12-19,0.0,-0.0,-0.0026638208824635856
2014-12-22,-0.004333936840978543,1.1559453190874082e-05,-0.0026671946581169185
2014-12-23,0.7,-0.0018672145478008627,-0.0026674493540012325
2014-12-24,-0.025,6.814315623982226e-05,-0.00272572624959289
2014-12-25,0.0,-0.0,-0.0027272967939990797
2014-12-26,0.0,-0.0,-0.0028026486400028797
2014-12-29,0.75,-0.002098521235428275,-0.0027980283139043666
2014-12-30,-1.025,0.0028623040503558367,-0.0027924917564447187
2014-12-31,-1.55,0.004494806622743421,-0.0028998752404796263
2015-01-01,0.0,-0.0,-0.0030001900399582886
2015-01-02,-1.15,0.00351216062088183,-0.003054052713810287
2015-01-05,-3.3,0.009987632033664044,-0.003026555161716377
2015-01-06,-1.5044032855551208,0.0047700075294519586,-0.003170697362371047
2015-01-07,0.0,-0.0,-0.003236307138785581
2015-01-08,0.0,-0.0,-0.003254835582643352
2015-01-09,0.0,-0.0,-0.0034404537139945046
2015-01-12,0.0,-0.0,-0.003572946573786124
2015-01-13,0.0,-0.0,-0.003580353064285428
2015-01-14,0.0,-0.0,-0.0036158446113649136
2015-01-15,0.0,-0.0,-0.003625470568515723
2015-01-16,0.0,-0.0,-0.0036250461230268594
2015-01-19,0.0,-0.0,-0.003660428136810668
2015-01-20,0.0,-0.0,-0.003660065652656894
2015-01-21,0.0,-0.0,-0.003660394173841434
2015-01-22,0.0,-0.0,-0.0037113482637402516
2015-01-23,0.0,-0.0,-0.0037107985961627853
2015-01-26,0.0,-0.0,-0.0037102490913777523
2015-01-27,-0.00463488001963637,1.719401206844428e-05,-0.0037096994950460965
2015-01-28,-2.9296874946020064,0.010577631211386555,-0.003610498126805675
2015-01-29,0.0,-0.0,-0.005092480533781322
2015-01-30,0.0,-0.0,-0.005124604682815498
2015-02-02,0.0,-0.0,-0.005123846379376268
2015-02-03,0.0,-0.0,-0.005123088300320794
2015-02-04,0.0,-0.0,-0.0051223304455495
2015-02-05,0.0,-0.0,-0.005121572814962866
2015-02-06,0.0,-0.0,-0.005120815747426738
2015-02-09,0.0,-0.0,-0.005120580449557774
2015-02-10,0.0,-0.0,-0.0051761243184206655
2015-02-11,-0.004870829334880524,2.530128092734064e-05,-0.005194450305650311
2015-02-12,1.975,-0.010105013968885797,-0.0051164627690561
2015-02-13,0.77273228260271,-0.0038697348800583588,-0.005007859729923994
2015-02-16,-0.3875,0.0019223726619222066,-0.004960961708186339
2015-02-17,0.7875,-0.003964066569474905,-0.00503373532631734
2015-02-18,0.05,-0.00024949207271066076,-0.004989841454213215
2015-02-19,-0.05,0.000249333956271309,-0.00498667912542618
2015-02-20,1.125,-0.005582341785118402,-0.0049620815867719124
2015-02-23,-0.45,0.0022015529052669455,-0.004892339789482101
2015-02-24,1.2,-0.005868387914118895,-0.0048903232617657465
2015-02-25,-0.45,0.002164031830616562,-0.00480895962359236
2015-02-26,-0.175,0.0008463973151191104,-0.004836556086394917
2015-02-27,0.2125,-0.0010303300348203323,-0.00484861192856627
2015-03-02,0.4625,-0.0022584745511463533,-0.004883188218694818
2015-03-03,-0.9,0.004369122236104667,-0.004854580262338519
2015-03-04,-0.95,0.004787158566351398,-0.005039114280369893
2015-03-05,0.425,-0.002185209353634911,-0.0051416690673762614
2015-03-06,-3.2,0.015652280283124705,-0.004891337588476471
2015-03-09,0.9,-0.004689036616451775,-0.005210040684946416
2015-03-10,-3.575,0.01744217687692133,-0.00487893059494303
2015-03-11,-0.20502976557741914,0.0010913026595561657,-0.005322654769090541
2015-03-12,0.0,-0.0,-0.005336007230640732
2015-03-13,0.0,-0.0,-0.005359319744695874
2015-03-16,0.0,-0.0,-0.005359981196380715
2015-03-17,0.0,-0.0,-0.0056505767009683554
2015-03-18,0.0,-0.0,-0.0056756711915986816
2015-03-19,-0.005139553335918691,2.9795957297488992e-05,-0.005797382642039065
2015-03-20,1.75,-0.010405415571383152,-0.005945951755076087
2015-03-23,-0.45,0.002635169174759804,-0.0058559314994662305
2015-03-24,-1.0,0.0058613729825322475,-0.0058613729825322475
2015-03-25,-3.125,0.017709195911840434,-0.005666942691788939
2015-03-26,-0.5801902478424478,0.0035721652897334807,-0.0061568861300535195
2015-03-27,0.0,-0.0,-0.006198582538411857
2015-03-30,0.0,-0.0,-0.006197670712210874
2015-03-31,0.0,-0.0,-0.0061967591542340305
2015-04-01,0.0,-0.0,-0.006195847864362991
2015-04-02,0.0,-0.0,-0.006194936842479493
2015-04-03,0.0,-0.0,-0.006194026088465339
2015-04-06,0.0,-0.0,-0.006193115602202406
2015-04-07,0.0,-0.0,-0.006192205383572634
2015-04-08,0.0,-0.0,-0.006191295432458039
2015-04-09,0.0,-0.0,-0.006190386228908703
2015-04-10,0.0,-0.0,-0.006196213055809145
2015-04-13,-0.005253517273259422,3.4050079712337325e-05,-0.006481387219502135
2015-04-14,0.225,-0.0014781168251152318,-0.006569408111623252
2015-04-15,1.25,-0.008672305802955818,-0.006937844642364655
2015-04-16,-0.25,0.0017084080008571215,-0.006833632003428486
2015-04-17,-2.5,0.01657112064379081,-0.0066284482575163246
2015-04-20,2.025,-0.013525067111368607,-0.006679045487095608
2015-04-21,-0.35,0.0022817685181917248,-0.006519338623404929
2015-04-22,1.125,-0.007315773802651863,-0.006502910046801656
2015-04-23,0.775,-0.004957767040417744,-0.006397118761829346
2015-04-24,0.3,-0.0019270381306616827,-0.006423460435538942
2015-04-27,-1.05,0.006839630595214617,-0.0065139339002043975
2015-04-28,0.5,-0.003293476825894203,-0.006586953651788406
2015-04-29,-0.75,0.004902294362120805,-0.00653639248282774
2015-04-30,-1.725,0.011267042671181646,-0.006531618939815447
2015-05-01,1.95,-0.012792633579406796,-0.006560324912516306
2015-05-04,0.75,-0.004795153088753749,-0.006393537451671666
2015-05-05,-2.45,0.015090679768811543,-0.00615946113012716
2015-05-06,-0.95,0.005995661706025937,-0.006311222848448355
2015-05-07,0.9197561668286098,-0.005843485605822901,-0.006353298642151745
2015-05-08,0.0,-0.0,-0.006285464181811181
2015-05-11,0.0,-0.0,-0.006285002369888317
2015-05-12,0.0,-0.0,-0.006285639959878179
2015-05-13,0.0,-0.0,-0.006325687681474065
2015-05-14,0.0,-0.0,-0.006328056236131675
2015-05-15,-0.007434661022429428,4.706848911504358e-05,-0.006330952947692428
2015-05-18,0.8,-0.005072231739780619,-0.006340289674725773
2015-05-19,-0.175,0.0011019788758874775,-0.006297022147928443
2015-05-20,-0.025,0.00015772581186699073,-0.006309032474679629
2015-05-21,0.525,-0.0033215178432731475,-0.006326700653853614
2015-05-22,-0.4,0.002514583832833992,-0.006286459582084979
2015-05-25,-0.0625,0.00039815397171296454,-0.006370463547407433
2015-05-26,-2.2625,0.014801440986727836,-0.0065420733642995955
2015-05-27,2.2,-0.01500171960821103,-0.00681896345827774
2015-05-28,-0.475,0.00319929331081533,-0.00673535433855859
2015-05-29,-1.225,0.008238670617279106,-0.006725445401860495
2015-06-01,0.2,-0.0013695338972131627,-0.006847669486065813
2015-06-02,-0.1,0.0007159506103278305,-0.007159506103278305
2015-06-03,0.475,-0.003399920174258873,-0.007157726682650259
2015-06-04,-2.125,0.019656900621936594,-0.009250306175028986
2015-06-05,-0.05529876210091774,0.0005319337612456044,-0.009619270685930534
2015-06-08,0.0,-0.0,-0.010348831232278855
2015-06-09,0.0,-0.0,-0.010553615359746811
2015-06-10,0.0,-0.0,-0.01055207468301763
2015-06-11,0.0,-0.0,-0.010550534456056271
2015-06-12,0.0,-0.0,-0.010548994678665812
2015-06-15,0.0,-0.0,-0.010547455350649451
2015-06-16,0.0,-0.0,-0.010545918055552552
2015-06-17,0.0,-0.0,-0.01058585180460025
2015-06-18,0.0,-0.0,-0.010584360873011987
2015-06-19,-0.005097387802494192,5.394471249508904e-05,-0.010582815078086363
2015-06-22,0.95,-0.009980483065799186,-0.010505771648209669
2015-06-23,0.175,-0.0018263839220138036,-0.010436479554364593
2015-06-24,-1.475,0.015223941290055873,-0.010321316128851439
2015-06-25,-0.7,0.007458115243480005,-0.01065445034782858
2015-06-26,-0.2,0.0021465607620495793,-0.010732803810247896
2015-06-29,-3.975,0.0382882266372291,-0.009632258273516754
2015-06-30,0.5950484006720091,-0.006474849351984374,-0.010881214611571257
2015-07-01,0.0,-0.0,-0.011005362915376283
2015-07-02,0.0,-0.0,-0.011003760033936211
2015-07-03,0.0,-0.0,-0.011002157619333042
2015-07-06,0.0,-0.0,-0.011000555671362856
2015-07-07,0.0,-0.0,-0.010998954189821856
2015-07-08,0.0,-0.0,-0.010997353174506357
2015-07-09,0.0,-0.0,-0.0109957526252128
2015-07-10,0.0,-0.0,-0.01099415254173774
2015-07-13,0.0,-0.0,-0.01099255292387785
2015-07-14,0.0,-0.0,-0.010990953771429918
2015-07-15,0.0,-0.0,-0.010989355084190865
2015-07-16,0.0,-0.0,-0.010987756861957713
2015-07-17,-0.004983551119699392,5.475007470494613e-05,-0.01098615693707355
2015-07-20,0.175,-0.0019219325797271533,-0.010982471884155163
2015-07-21,-0.75,0.008183722138951336,-0.01091162951860178
2015-07-22,-0.9,0.009834766749750224,-0.010927518610833582
2015-07-23,-1.05,0.012304845815371007,-0.011718900776543816
2015-07-24,-2.1,0.0239942671578911,-0.011425841503757667
2015-07-27,-1.5050419559129744,0.017254327043435422,-0.011464349532348263
2015-07-28,0.0,-0.0,-0.01163807586530279
2015-07-29,0.0,-0.0,-0.0116363855097376
2015-07-30,0.0,-0.0,-0.01163469564512762
2015-07-31,0.0,-0.0,-0.011633006271258989
2015-08-03,0.0,-0.0,-0.011631317387917966
2015-08-04,0.0,-0.0,-0.011629628994890942
2015-08-05,0.0,-0.0,-0.011627941091964423
2015-08-06,0.0,-0.0,-0.01162625585971977
2015-08-07,0.0,-0.0,-0.011994468988966951
2015-08-10,0.0,-0.0,-0.012051433223073683
2015-08-11,0.0,-0.0,-0.01206453585362932
2015-08-12,0.0,-0.0,-0.012124501557115804
2015-08-13,0.0,-0.0,-0.012122993392091363
2015-08-14,-0.0013445876336537499,1.629839949663845e-05,-0.012121485493920225
2015-08-17,0.0,-0.0,-0.012247778148351688
2015-08-18,0.0,-0.0,-0.01226671260011927
2015-08-19,0.0,-0.0,-0.012414227216641325
2015-08-20,0.0,-0.0,-0.01243371145479405
2015-08-21,0.0,-0.0,-0.012435134621604182
2015-08-24,-0.005659931657902673,7.039872173766181e-05,-0.012438086887386294
2015-08-25,2.575,-0.030373874027213865,-0.011795679233869462
2015-08-26,-5.675,0.05206849325813613,-0.00917506489130152
2015-08-27,-4.2,0.036822085155101006,-0.008767163132166906
2015-08-28,-0.075,0.0006849517788757382,-0.009132690385009842
2015-08-31,0.35673446280637816,-0.0034628835287178303,-0.009707174074172226
2015-09-01,0.0,-0.0,-0.009722009991591693
2015-09-02,0.0,-0.0,-0.010556109684671633
2015-09-03,0.0,-0.0,-0.010557566956812686
2015-09-04,0.0,-0.0,-0.010556039528135315
2015-09-07,-0.005861804405649833,6.186847381365461e-05,-0.01055451010170578
2015-09-08,-3.4625,0.033814550209395854,-0.009765935078525878
2015-09-09,3.144038105924356,-0.029857185703157988,-0.009496445239292
2015-09-10,0.0,-0.0,-0.009224568544135876
2015-09-11,0.0,-0.0,-0.009223236362016766
2015-09-14,0.0,-0.0,-0.009390548785943476
2015-09-15,0.0,-0.0,-0.009400558868051792
2015-09-16,0.0,-0.0,-0.009455733029759465
2015-09-17,0.0,-0.0,-0.010044336263144818
2015-09-18,0.0,-0.0,-0.01006453387331972
2015-09-21,0.0,-0.0,-0.010063080088404617
2015-09-22,0.0,-0.0,-0.010061626723416631
2015-09-23,0.0,-0.0,-0.010060173778173842
2015-09-24,0.0,-0.0,-0.010058721252494436
2015-09-25,0.0,-0.0,-0.010057269146196705
2015-09-28,0.0,-0.0,-0.010055817459099049
2015-09-29,-0.0060446564106810515,6.077517483181559e-05,-0.010054363838517672
2015-09-30,-3.45,0.03222807366824858,-0.009341470628477849
2015-10-01,-0.4,0.0038525929421636333,-0.009631482355409083
2015-10-02,-2.55,0.023728290715283016,-0.009305212045209026
2015-10-05,-3.806163800983685,0.03345148635230269,-0.008788766879569742
2015-10-06,0.0,-0.0,-0.009081867635325027
2015-10-07,0.0,-0.0,-0.009082988290938804
2015-10-08,0.0,-0.0,-0.00915731985041187
2015-10-09,0.0,-0.0,-0.00915905120026638
2015-10-12,0.0,-0.0,-0.00947345299027155
2015-10-13,0.0,-0.0,-0.009691302110658589
2015-10-14,0.0,-0.0,-0.009696609593417931
2015-10-15,0.0,-0.0,-0.009765011945744828
2015-10-16,0.0,-0.0,-0.009797077853374926
2015-10-19,0.0,-0.0,-0.009800701495107297
2015-10-20,0.0,-0.0,-0.009861379122532926
2015-10-21,0.0,-0.0,-0.009874145887182533
2015-10-22,0.0,-0.0,-0.009904789514735744
2015-10-23,0.0,-0.0,-0.010076489518104708
2015-10-26,-0.006105304246496406,6.291668220455296e-05,-0.0103052492823201
2015-10-27,-0.175,0.0018090347305225634,-0.010337341317271792
2015-10-28,2.325,-0.02415358054573008,-0.010388636793862399
2015-10-29,0.0,-0.0,-0.01023770179426146
2015-10-30,0.0,-0.0,-0.010289179946049299
2015-11-02,1.175,-0.011986850612534763,-0.010201574989391287
2015-11-03,0.625,-0.006295180830855526,-0.010072289329368841
2015-11-04,-0.65,0.006493596140490372,-0.009990147908446725
2015-11-05,-0.075,0.0007534186940090687,-0.010045582586787583
2015-11-06,-0.325,0.003264409671193291,-0.01004433744982551
2015-11-09,-2.225,0.021759476870839806,-0.009779540166669575
2015-11-10,0.625,-0.006239165650276192,-0.009982665040441907
2015-11-11,-0.35,0.0034728599421104014,-0.009922456977458291
2015-11-12,-2.25,0.021744540507766006,-0.009664240225673781
2015-11-13,-3.0826545565049677,0.028847592715495068,-0.009358036129809403
2015-11-16,0.0,-0.0,-0.009607928851457517
2015-11-17,0.0,-0.0,-0.009606752297734045
2015-11-18,0.0,-0.0,-0.009879081337544181
2015-11-19,0.0,-0.0,-0.010151163438273332
2015-11-20,0.0,-0.0,-0.0101628241654664
2015-11-23,0.0,-0.0,-0.010249469068600877
2015-11-24,0.0,-0.0,-0.010250367358023899
2015-11-25,0.0,-0.0,-0.010249489054279182
2015-11-26,-0.006070345004769867,6.229022326164095e-05,-0.010261397533862645
2015-11-27,-0.4375,0.004604158690398044,-0.010523791292338385
2015-11-30,-0.8,0.008416237431132654,-0.010520296788915817
2015-12-01,1.75,-0.018198760654345576,-0.010399291802483186
2015-12-02,-1.8,0.01810910684206371,-0.010060614912257616
2015-12-03,-3.075,0.029785349618751882,-0.009686292558943701
2015-12-04,3.693849607264814,-0.03414781218362655,-0.009244505276139812
2015-12-07,0.0,-0.0,-0.008972604014311667
2015-12-08,0.0,-0.0,-0.008971318354346041
2015-12-09,0.0,-0.0,-0.008970033062765052
2015-12-10,0.0,-0.0,-0.008968748139410395
2015-12-11,0.0,-0.0,-0.008967463584123843
2015-12-14,0.0,-0.0,-0.008966180570326457
2015-12-15,0.0,-0.0,-0.009005839881686297
2015-12-16,0.0,-0.0,-0.00900594627406945
2015-12-17,0.0,-0.0,-0.009104914374732279
2015-12-18,0.0,-0.0,-0.009126496978556232
2015-12-21,0.0,-0.0,-0.009127063987566027
2015-12-22,0.0,-0.0,-0.009930969643635152
2015-12-23,0.0,-0.0,-0.00994922144311372
2015-12-24,0.0,-0.0,-0.009947798293330472
2015-12-25,0.0,-0.0,-0.009946375550627445
2015-12-28,0.0,-0.0,-0.009944953214830002
2015-12-29,0.0,-0.0,-0.009943531285763607
2015-12-30,0.0,-0.0,-0.009942109763253822
2015-12-31,0.0,-0.0,-0.009940688647126305
2016-01-01,0.0,-0.0,-0.009939267937206817
2016-01-04,0.0,-0.0,-0.009937847633321222
2016-01-05,0.0,-0.0,-0.009936427735295477
2016-01-06,0.0,-0.0,-0.009935008242955646
2016-01-07,0.0,-0.0,-0.009933589156127883
2016-01-08,-0.006639435700599065,6.594399096838082e-05,-0.009932168024826387
2016-01-11,-0.7,0.0069328945586382895,-0.009904135083768986
2016-01-12,-1.3,0.012828318959622975,-0.009867937661248442
2016-01-13,4.9,-0.04324939414251,-0.008826406967859184
2016-01-14,-3.05,0.02482543839812433,-0.008139487999385027
2016-01-15,4.275,-0.03301442334015429,-0.007722672126351879
2016-01-18,-0.1875,0.0014244267047161439,-0.007596942425152767
2016-01-19,0.8125,-0.006225700939245161,-0.007662401155994044
2016-01-20,0.275,-0.0020917152263727717,-0.007606237186810078
2016-01-21,-0.075,0.0005690400087266896,-0.007587200116355861
2016-01-22,-3.225,0.023394996679008805,-0.007254262536126761
2016-01-25,2.375,-0.017283275212396018,-0.007277168510482534
2016-01-26,-2.6,0.018038113146770424,-0.006937735825680932
2016-01-27,2.075,-0.014457693396081508,-0.006967563082448919
2016-01-28,-0.825,0.005633593257373188,-0.006828597887725076
2016-01-29,-4.5,0.028635234340292512,-0.006363385408953892
2016-02-01,-0.30700111031711974,0.0020259883726493136,-0.0065992867926651785
2016-02-02,0.0,-0.0,-0.006614650184957686
2016-02-03,0.0,-0.0,-0.006613707925333678
2016-02-04,0.0,-0.0,-0.00661276593412197
2016-02-05,0.0,-0.0,-0.00661182421120789
2016-02-08,0.0,-0.0,-0.00661088280038287
2016-02-09,-0.007080272834299133,4.68001814253354e-05,-0.006609940396451981
2016-02-10,0.375,-0.002477235961384113,-0.006605962563690968
2016-02-11,2.075,-0.01345150880604704,-0.00648265484628773
2016-02-12,-3.45,0.02108138106447355,-0.00611054523607929
2016-02-15,-2.4143408591115736,0.014867268582334794,-0.006157899588298247
2016-02-16,-0.8875,0.005554567213383326,-0.0062586672826854374
2016-02-17,-3.1071777013436748,0.019380328264142706,-0.0062372770813081705
2016-02-18,0.0,-0.0,-0.007160031980184443
2016-02-19,0.0,-0.0,-0.0076674901154337866
2016-02-22,0.0,-0.0,-0.00766657353447057
2016-02-23,0.0,-0.0,-0.007669413497962727
2016-02-24,0.0,-0.0,-0.007668323316325719
2016-02-25,0.0,-0.0,-0.007667233444576055
2016-02-26,0.0,-0.0,-0.0076661438825816235
2016-02-29,0.0,-0.0,-0.007665054630210386
2016-03-01,0.0,-0.0,-0.007663966748213807
2016-03-02,0.0,-0.0,-0.008051763892588824
2016-03-03,0.0,-0.0,-0.008402196155614014
2016-03-04,0.0,-0.0,-0.008401002998581
2016-03-07,0.0,-0.0,-0.008399810180369305
2016-03-08,0.0,-0.0,-0.008398617700834617
2016-03-09,0.0,-0.0,-0.008397425559832722
2016-03-10,0.0,-0.0,-0.00839623375721948
2016-03-11,0.0,-0.0,-0.008395042292850837
2016-03-14,0.0,-0.0,-0.00839385116658281
2016-03-15,0.0,-0.0,-0.008392660378271513
2016-03-16,0.0,-0.0,-0.008391469927773133
2016-03-17,-0.00728852579883646,6.11527565387731e-05,-0.008390277845834822
2016-03-18,0.725,-0.006068333182649881,-0.008370114734689491
2016-03-21,0.5,-0.004156896957757201,-0.008313793915514402
2016-03-22,0.025,-0.0002070231599609253,-0.008280926398437012
2016-03-23,-1.375,0.011288519215582464,-0.008209832156787247
2016-03-24,-0.05,0.00043748217672992556,-0.008749643534598511
2016-03-25,0.0,-0.0,-0.008758168933958201
2016-03-28,-0.0375,0.0003385286494229659,-0.009027430651279091
2016-03-29,1.8125,-0.017284516166694235,-0.009536284781624405
2016-03-30,1.35,-0.012580600350013571,-0.009318963222232274
2016-03-31,-0.825,0.007581797486900184,-0.009190057559879011
2016-04-01,1.0,-0.009201900160132236,-0.009201900160132236
2016-04-04,-0.35,0.0031934809976929264,-0.00912423142197979
2016-04-05,-1.85,0.01664253294845465,-0.008995963755921432
2016-04-06,1.975,-0.01768451133317757,-0.008954182953507629
2016-04-07,-2.35,0.02019180939631593,-0.008592259317581246
2016-04-08,0.475,-0.004150698192234891,-0.008738311983652401
2016-04-11,-0.625,0.005431112781575597,-0.008689780450520955
2016-04-12,1.975,-0.01693642826571929,-0.008575406716819894
2016-04-13,2.15,-0.017784552743889914,-0.0082718849971581
2016-04-14,0.025,-0.00020333724341187686,-0.008133489736475074
2016-04-15,-0.05,0.0004065327045821084,-0.008130654091642167
2016-04-18,1.15,-0.00929791601061489,-0.008085144357056427
2016-04-19,0.825,-0.006589310356105647,-0.007987042855885633
2016-04-20,0.125,-0.0009917857488547198,-0.007934285990837758
2016-04-21,-1.15,0.009281099076568171,-0.008070520936146236
2016-04-22,0.05,-0.00040716515193279254,-0.00814330303865585
2016-04-25,-0.225,0.001830844331857205,-0.008137085919365355
2016-04-26,0.575,-0.004708673605774222,-0.008188997575259517
2016-04-27,0.075,-0.0006123642979858974,-0.008164857306478632
2016-04-28,-1.6,0.012929330402971657,-0.008080831501857285
2016-04-29,-1.4,0.011355857666389156,-0.008111326904563683
2016-05-02,1.55,-0.012580497905229984,-0.0081164502614387
2016-05-03,-1.8,0.01454130839970423,-0.00807850466650235
2016-05-04,-1.025,0.008371738407791011,-0.008167549666137572
2016-05-05,-0.35649435960531395,0.0029342929312031764,-0.008230965938568632
2016-05-06,0.0,-0.0,-0.008440778882290315
2016-05-09,0.0,-0.0,-0.008817581694093307
2016-05-10,0.0,-0.0,-0.008816337851798112
2016-05-11,-0.006493633251752578,5.724197847950334e-05,-0.008815092608449083
2016-05-12,0.025,-0.00022035653637329195,-0.008814261454931678
2016-05-13,-1.725,0.014989329718824164,-0.008689466503666182
2016-05-16,2.0160569869858755,-0.017418169570323508,-0.008639720842596172
2016-05-17,0.0,-0.0,-0.008506956385827576
2016-05-18,0.0,-0.0,-0.008505757376365483
2016-05-19,0.0,-0.0,-0.008504558704843547
2016-05-20,0.0,-0.0,-0.008503361800516744
2016-05-23,0.0,-0.0,-0.00850959400825737
2016-05-24,0.0,-0.0,-0.008533330551231235
2016-05-25,0.0,-0.0,-0.008653482386778743
2016-05-26,-0.006376320402567876,5.6012443043578195e-05,-0.00878444612366418
2016-05-27,0.875,-0.008014064014753524,-0.009158930302575457
2016-05-30,0.4125,-0.00401839243761346,-0.00974155742451748
2016-05-31,-0.8875,0.008581291048866612,-0.009669060336751112
2016-06-01,0.525,-0.005103059937362729,-0.009720114166405199
2016-06-02,0.575,-0.005556089133330299,-0.009662763710139652
2016-06-03,-0.625,0.005999307596632947,-0.009598892154612714
2016-06-06,1.075,-0.010305266379225018,-0.009586294306255832
2016-06-07,0.225,-0.002138150167130284,-0.009502889631690152
2016-06-08,0.75,-0.007092997680764511,-0.009457330241019348
2016-06-09,-0.275,0.0025841778597390356,-0.009397010399051038
2016-06-10,-1.9,0.017562741922839232,-0.009243548380441701
2016-06-13,-1.775,0.016387136660506067,-0.009232189667890743
2016-06-14,-0.325,0.003039515320025109,-0.009352354830846489
2016-06-15,-0.33101770290755955,0.0031013197939844953,-0.009369045119772866
2016-06-16,0.0,-0.0,-0.009391267778483864
2016-06-17,0.0,-0.0,-0.00938994822177325
2016-06-20,0.0,-0.0,-0.00938862903582946
2016-06-21,0.0,-0.0,-0.009387310220496258
2016-06-22,0.0,-0.0,-0.009385991775617481
2016-06-23,0.0,-0.0,-0.009384673701037065
2016-06-24,-0.0063096961901512654,5.920611382739795e-05,-0.009383354133565435
2016-06-27,-3.8813840451491446,0.03387217909677107,-0.008726830095337684
2016-06-28,0.0,-0.0,-0.008982041173491228
2016-06-29,0.0,-0.0,-0.00898078053380973
2016-06-30,0.0,-0.0,-0.008979520247942999
2016-07-01,0.0,-0.0,-0.008978260315742096
2016-07-04,0.0,-0.0,-0.008977002572657648
2016-07-05,0.0,-0.0,-0.008996190792688524
2016-07-06,0.0,-0.0,-0.009066162300940452
2016-07-07,0.0,-0.0,-0.010214074721304681
2016-07-08,0.0,-0.0,-0.01074017068916121
2016-07-11,0.0,-0.0,-0.011951502265464452
2016-07-12,-0.0065027804833385425,7.772396773643537e-05,-0.01195242065076318
2016-07-13,0.075,-0.0008999899632241808,-0.011999866176322411
2016-07-14,1.1,-0.01309850496846293,-0.011907731789511754
2016-07-15,-0.225,0.002656441520233814,-0.01180640675659473
2016-07-18,0.5,-0.006306649689605527,-0.012613299379211055
2016-07-19,0.075,-0.0009786042597245508,-0.013048056796327345
2016-07-20,0.725,-0.009873351222697129,-0.013618415479582247
2016-07-21,-0.85,0.0118133461222255,-0.013898054261441764
2016-07-22,0.9,-0.012574103100907971,-0.013971225667675523
2016-07-25,-0.55,0.008934142522142287,-0.016243895494804157
2016-07-26,0.075,-0.0012240623098062609,-0.01632083079741681
2016-07-27,-0.1,0.001630803088027195,-0.01630803088027195
2016-07-28,0.25,-0.004077294627769922,-0.01630917851107969
2016-07-29,0.625,-0.010138939794260865,-0.016222303670817385
2016-08-01,-0.575,0.009256912390900653,-0.016098978071131573
2016-08-02,-1.175,0.018774767107561072,-0.015978525197924316
2016-08-03,0.4,-0.006437925111988256,-0.01609481277997064
2016-08-04,0.2,-0.0032116964889855326,-0.016058482444927663
2016-08-05,1.775,-0.028736350947783634,-0.01618949349170909
2016-08-08,-0.1,0.0017766066103268687,-0.017766066103268686
2016-08-09,0.2,-0.0037608209577153413,-0.018804104788576706
2016-08-10,-0.5,0.00943722643705307,-0.01887445287410614
2016-08-11,0.9,-0.018709133754174077,-0.02078792639352675
2016-08-12,-0.15,0.0030959096289266733,-0.020639397526177824
2016-08-15,0.5976340288306295,-0.012298713124597122,-0.02057900409162042
2016-08-16,-0.925,0.01877087167432143,-0.020292834242509654
2016-08-17,0.3,-0.006123737096585078,-0.020412456988616927
2016-08-18,0.325,-0.006610549079942602,-0.020340151015208006
2016-08-19,-0.15,0.0030423668518002036,-0.020282445678668024
2016-08-22,0.0,-0.0,-0.020302644317427718
2016-08-23,0.35,-0.007095512786419831,-0.020272893675485234
2016-08-24,-1.0,0.01999993146408386,-0.01999993146408386
2016-08-25,-0.2,0.004028027918952097,-0.020140139594760482
2016-08-26,-0.45,0.009055808481207532,-0.02012401884712785
2016-08-29,1.05,-0.02095199482692819,-0.019954280787550658
2016-08-30,-0.375,0.007411978376458143,-0.019765275670555048
2016-08-31,-0.525,0.010374549422107785,-0.019761046518300542
2016-09-01,-0.325,0.006439670249157401,-0.019814369997407388
2016-09-02,1.1,-0.021571840104534803,-0.019610763731395274
2016-09-05,-0.0875,0.0017014528779684523,-0.019445175748210884
2016-09-06,0.7375,-0.014267836578435883,-0.019346219089404586
2016-09-07,0.025,-0.0004808973055011191,-0.019235892220044765
2016-09-08,-0.725,0.013866309546113802,-0.01912594420153628
2016-09-09,-5.45,0.08033235105011431,-0.014739880926626479
2016-09-12,3.4440717347996297,-0.04852073223056822,-0.014088188622874627
2016-09-13,0.0,-0.0,-0.01375977837430514
2016-09-14,0.0,-0.0,-0.013757924128228679
2016-09-15,0.0,-0.0,-0.013946625531057556
2016-09-16,0.0,-0.0,-0.013944939159225404
2016-09-19,0.0,-0.0,-0.013942997774754117
2016-09-20,0.0,-0.0,-0.013941200623597464
2016-09-21,0.0,-0.0,-0.014283180629645979
2016-09-22,0.0,-0.0,-0.014479382035179861
2016-09-23,0.0,-0.0,-0.014552790018925722
2016-09-26,0.0,-0.0,-0.014663000116205908
2016-09-27,0.0,-0.0,-0.01467482644181499
2016-09-28,0.0,-0.0,-0.015071019053724826
2016-09-29,0.0,-0.0,-0.015549922400730179
2016-09-30,0.0,-0.0,-0.01628365470967161
2016-10-03,0.0,-0.0,-0.016312935941933445
2016-10-04,0.0,-0.0,-0.016365564730583763
2016-10-05,0.0,-0.0,-0.016932357203694928
2016-10-06,0.0,-0.0,-0.017657734570600107
2016-10-07,0.0,-0.0,-0.017655383691651882
2016-10-10,0.0,-0.0,-0.017653341267916425
2016-10-11,0.0,-0.0,-0.017870667775657552
2016-10-12,0.0,-0.0,-0.017983425845712657
2016-10-13,0.0,-0.0,-0.01798359112574447
2016-10-14,0.0,-0.0,-0.01820932217673129
2016-10-17,0.0,-0.0,-0.018207231011849727
2016-10-18,0.0,-0.0,-0.01821355330637433
2016-10-19,0.0,-0.0,-0.018269025645166966
2016-10-20,0.0,-0.0,-0.01826748021931698
2016-10-21,0.0,-0.0,-0.018726780025503403
2016-10-24,0.0,-0.0,-0.01909382023099205
2016-10-25,0.0,-0.0,-0.019564597852367534
2016-10-26,0.0,-0.0,-0.020238721844986818
2016-10-27,0.0,-0.0,-0.02046552977365717
2016-10-28,0.0,-0.0,-0.02049081712488509
2016-10-31,0.0,-0.0,-0.02048797630214336
2016-11-01,0.0,-0.0,-0.020485136266989078
2016-11-02,0.0,-0.0,-0.020482297019094764
2016-11-03,0.0,-0.0,-0.020479467897545865
2016-11-04,-0.004948031403638033,0.00010131966740702161,-0.020476763209814407
2016-11-07,-4.85,0.08124769969029298,-0.01675210302892639
2016-11-08,-0.47994138868974623,0.00862090915184536,-0.01796242073512495
2016-11-09,0.0,-0.0,-0.018021713726669737
2016-11-10,0.0,-0.0,-0.018019217985566622
2016-11-11,-0.004976583375259217,8.966170349852478e-05,-0.0180167188485724
2016-11-14,-0.02613738117293097,0.0004708584427140886,-0.018014752113028464
2016-11-15,1.725,-0.0302524166480673,-0.0175376328394593
2016-11-16,-0.6,0.010358268436317769,-0.017263780727196282
2016-11-17,1.15,-0.01970509787602978,-0.01713486771828677
2016-11-18,-0.4,0.00678672662524594,-0.01696681656311485
2016-11-21,1.225,-0.020708297698553417,-0.016904732815145644
2016-11-22,0.85,-0.014171421327611575,-0.016672260385425384
2016-11-23,0.025,-0.00041700881198770544,-0.016680352479508217
2016-11-24,0.5625,-0.009376337535897238,-0.016669044508261757
2016-11-25,0.4875,-0.008098017340340014,-0.016611317621210285
2016-11-28,-1.1,0.01807477997457582,-0.016431618158705287
2016-11-29,0.5375,-0.00897017591445312,-0.016688699375726736
2016-11-30,-0.6125,0.010151255868279342,-0.016573478968619333
2016-12-01,-0.825,0.013718870951974422,-0.016628934487241724
2016-12-02,0.175,-0.002928435895281707,-0.016733919401609756
2016-12-05,1.025,-0.017518576011443465,-0.017091293669700944
2016-12-06,0.7,-0.01216093101112729,-0.0173727585873247
2016-12-07,2.625,-0.04271705156401095,-0.0162731625005756
2016-12-08,1.025,-0.016222456818959126,-0.01582678714044793
2016-12-09,1.2950828440264885,-0.020048934092687196,-0.015480812046242451
2016-12-12,-0.4,0.006122239755961139,-0.015305599389902847
2016-12-13,3.15,-0.044636507939181266,-0.014170319980692465
2016-12-14,-3.15,0.04044410309414928,-0.01283939780766644
2016-12-15,1.4,-0.018160899691605135,-0.012972071208289382
2016-12-16,-0.85,0.01085089781339631,-0.012765762133407424
2016-12-19,0.55,-0.0070513447292105584,-0.012820626780382833
2016-12-20,1.65,-0.02306709730712523,-0.013980058974015292
2016-12-21,-1.25,0.01704451724636772,-0.013635613797094177
2016-12-22,-0.5,0.006870442789362164,-0.013740885578724328
2016-12-23,0.55,-0.007568301136418589,-0.01376054752076107
2016-12-26,0.0,-0.0,-0.013700243728794857
2016-12-27,0.25,-0.003422964840918347,-0.013691859363673387
2016-12-28,-3.1,0.03947821997049931,-0.012734909667903003
2016-12-29,-0.25481828192900063,0.0033212318055840973,-0.013033726545999881
2016-12-30,-1.0,0.01296547046664526,-0.01296547046664526
2017-01-02,0.0,-0.0,-0.01306180716203736
2017-01-03,0.875,-0.011366427218371979,-0.012990202535282262
2017-01-04,2.125,-0.026581014121879746,-0.01250871252794341
2017-01-05,-0.05,0.0006153137149354194,-0.012306274298708387
2017-01-06,0.675,-0.008351421777123107,-0.012372476706849047
2017-01-09,-0.6548131234121485,0.008037860746027374,-0.012275045289476023
2017-01-10,-0.05,0.0006178084830459637,-0.012356169660919273
2017-01-11,1.3,-0.015885125000514002,-0.012219326923472308
2017-01-12,-1.4,0.016772253028698753,-0.011980180734784823
2017-01-13,1.5,-0.01798016088747654,-0.011986773924984359
2017-01-16,-0.775,0.009194224058190785,-0.011863514913794561
2017-01-17,-0.875,0.010409793665453576,-0.011896907046232658
2017-01-18,0.75,-0.00894892081694773,-0.011931894422596975
2017-01-19,-1.4,0.01639678192424674,-0.011711987088747672
2017-01-20,1.2,-0.01407864784436771,-0.011732206536973093
2017-01-23,-0.8,0.009283724675377207,-0.011604655844221509
2017-01-24,2.6,-0.02915349257367365,-0.01121288175910525
2017-01-25,3.85,-0.039074637286162,-0.010149256437964155
2017-01-26,-0.05,0.000492583844879641,-0.00985167689759282
2017-01-27,-0.8,0.007856627251760149,-0.009820784064700185
2017-01-30,-2.8,0.02695512814651344,-0.009626831480897657
2017-01-31,-0.05,0.0004920680802568082,-0.009841361605136163
2017-02-01,0.05,-0.0004922947361421996,-0.009845894722843992
2017-02-02,0.05,-0.000492708038654899,-0.009854160773097979
2017-02-03,3.25,-0.03037152498157192,-0.009345084609714437
2017-02-06,-1.1,0.009954885545806801,-0.009049895950733454
2017-02-07,0.2,-0.0018287317241219249,-0.009143658620609623
2017-02-08,0.65,-0.005946556578624613,-0.009148548582499404
2017-02-09,2.45,-0.021625589783475025,-0.008826771340193888
2017-02-10,1.85,-0.01574180390680078,-0.008509083192865285
2017-02-13,2.75,-0.02220715173355757,-0.008075327903111844
2017-02-14,2.3,-0.017696625346228987,-0.007694184933143038
2017-02-15,2.2952538851545623,-0.01690476575504519,-0.007365096238103884
2017-02-16,-0.7,0.005064250866172174,-0.007234644094531678
2017-02-17,0.45,-0.0032728298623866236,-0.007272955249748052
2017-02-20,1.125,-0.00810907179641305,-0.007208063819033823
2017-02-21,1.575,-0.011168299781377048,-0.0070909839881759034
2017-02-22,-0.2,0.0013987583456597388,-0.006993791728298694
2017-02-23,0.35,-0.0024536171366287933,-0.0070103346760822674
2017-02-24,0.2,-0.00139786928848466,-0.006989346442423299
2017-02-27,0.95,-0.006636237818992474,-0.006985513493676289
2017-02-28,-1.304593205458868,0.008964474669614819,-0.00687147122344679
2017-03-01,9.375,-0.04674123316001196,-0.004985731537067942
2017-03-02,-3.679619748971004,0.016085135862383367,-0.004371412526221366
2017-03-03,0.05,-0.000226840806505645,-0.0045368161301128996
2017-03-06,-1.25,0.006210649182608479,-0.004968519346086784
2017-03-07,-1.45,0.007539682080586998,-0.0051997807452324124
2017-03-08,-0.85,0.0044681406968628806,-0.00525663611395633
2017-03-09,0.25,-0.0013240577127809521,-0.0052962308511238084
2017-03-10,1.35,-0.007087099015975065,-0.0052497029747963445
2017-03-13,0.7,-0.0036222970736076903,-0.005174710105153844
2017-03-14,-1.55,0.007901076185948703,-0.005097468507063679
2017-03-15,3.15,-0.01574903011249931,-0.00499969209920613
2017-03-16,0.05,-0.00024264534075119591,-0.004852906815023918
2017-03-17,-0.85,0.004112509480337939,-0.004838246447456399
2017-03-20,-1.15,0.005583814102301577,-0.004855490523740502
2017-03-21,-5.7,0.025251876674582723,-0.004430153802558372
2017-03-22,0.2462290962767218,-0.001148789216238903,-0.0046655299215647905
2017-03-23,-0.1,0.0004654525507384092,-0.004654525507384092
2017-03-24,0.15,-0.000698659263460625,-0.0046577284230708334
2017-03-27,-0.4,0.0018594546630934568,-0.004648636657733642
2017-03-28,1.5,-0.006950094772966766,-0.004633396515311177
2017-03-29,0.375,-0.0017133884770358884,-0.004569035938762369
2017-03-30,0.65,-0.0029557168113110654,-0.004547256632786254
2017-03-31,-0.425,0.0019199282777866407,-0.004517478300674449
2017-04-03,-0.375,0.0016996649181118951,-0.00453243978163172
2017-04-04,0.2,-0.0009093374103524585,-0.004546687051762292
2017-04-05,-1.3,0.005869796470724406,-0.0045152280544033885
2017-04-06,0.85,-0.003874312655124234,-0.004558014888381452
2017-04-07,-0.05,0.0002261353458061746,-0.004522706916123492
2017-04-10,-0.05,0.00022620472667570095,-0.004524094533514019
2017-04-11,-0.175,0.0007918937416776864,-0.004525107095301065
2017-04-12,-0.675,0.003054746967846019,-0.004525551063475583
2017-04-13,-1.85,0.008338048586789366,-0.004507053290156414
2017-04-14,0.0,-0.0,-0.004580949051755668
2017-04-17,1.925,-0.008723051197286514,-0.0045314551674215655
2017-04-18,-0.7,0.003113515350676933,-0.004447879072395619
2017-04-19,-0.325,0.0014539706032053166,-0.004473755702170205
2017-04-20,1.725,-0.007672840263009981,-0.004448023340875351
2017-04-21,-0.475,0.0020788916877420454,-0.004376614079456938
2017-04-24,2.15,-0.009325879491251401,-0.004337618368023908
2017-04-25,1.6,-0.006756919089656798,-0.004223074431035498
2017-04-26,-0.15,0.0006240757307180574,-0.004160504871453716
2017-04-27,0.29612726428514785,-0.0012332827564802908,-0.004164705196792465
2017-04-28,-1.1,0.004552620967921765,-0.0041387463344743315
2017-05-01,1.0,-0.004168858698910431,-0.004168858698910431
2017-05-02,0.3,-0.0013250972572312022,-0.004416990857437341
2017-05-03,-0.75,0.0032998229962365273,-0.004399763994982036
2017-05-04,0.2,-0.0008858667945784823,-0.004429333972892411
2017-05-05,2.35,-0.010221067706701838,-0.0043493905134901435
2017-05-08,-0.25,0.0010633587632981132,-0.004253435053192453
2017-05-09,-0.25,0.0010655369749169648,-0.004262147899667859
2017-05-10,0.4,-0.0017227834817458321,-0.00430695870436458
2017-05-11,-1.0,0.0042821005565239,-0.0042821005565239
2017-05-12,-0.45,0.0019513034835112533,-0.004336229963358341
2017-05-15,2.2,-0.009448508662263733,-0.0042947766646653325
2017-05-16,-0.3,0.0012670170536377352,-0.004223390178792451
2017-05-17,-8.204118117126974,0.029097685669439755,-0.0035467170577048648
2017-05-18,1.2459996153624424,-0.0047447587684643095,-0.0038079937665824485
2017-05-19,1.925,-0.007189719583706736,-0.0037349192642632395
2017-05-22,0.9625,-0.003526901004355457,-0.003664312731797877
2017-05-23,0.6125,-0.0022289975270737283,-0.0036391796360387397
2017-05-24,0.375,-0.0013573539107668295,-0.003619610428711545
2017-05-25,1.15,-0.004138181565893504,-0.0035984187529508735
2017-05-26,0.075,-0.000267417279055441,-0.003565563720739214
2017-05-29,0.0875,-0.0003117436306467865,-0.003562784350248989
2017-05-30,-0.4625,0.0016495477865331432,-0.0035665898087203093
2017-05-31,0.325,-0.0011650707923855363,-0.003584833207340112
2017-06-01,1.625,-0.00586728062155943,-0.0036106342286519565
2017-06-02,0.7214815525720749,-0.002568515821403985,-0.003560057512554896
2017-06-05,-0.4,0.001419374045881992,-0.00354843511470498
2017-06-06,-0.85,0.003023082907243627,-0.003556568126168973
2017-06-07,0.1,-0.0003674119470255181,-0.0036741194702551807
2017-06-08,0.25,-0.000940861366521894,-0.003763445466087576
2017-06-09,-0.3,0.001131674640205115,-0.0037722488006837174
2017-06-12,-0.4,0.0015151803210875685,-0.0037879508027189213
2017-06-13,2.15,-0.008083105302653245,-0.0037595838616991837
2017-06-14,-0.35,0.001297772430018029,-0.00370792122862294
2017-06-15,-0.85,0.00316874916244618,-0.003727940191113153
2017-06-16,-0.15,0.0005639862448658873,-0.0037599082991059156
2017-06-19,3.65,-0.013293091652270111,-0.0036419429184301674
2017-06-20,-2.5,0.008653776143626425,-0.0034615104574505697
2017-06-21,-0.7,0.002479463296291012,-0.0035420904232728746
2017-06-22,-0.3,0.0010952890468255857,-0.003650963489418619
2017-06-23,0.65,-0.0023774229000301855,-0.0036575736923541314
2017-06-26,0.15,-0.0005465304837298921,-0.0036435365581992812
2017-06-27,-3.35,0.011850649875855417,-0.0035375074256284826
2017-06-28,3.9465604628864224,-0.01389963725894945,-0.0035219623238164147
2017-06-29,-1.9,0.006460434459061542,-0.0034002286626639696
2017-06-30,0.075,-0.00025963196616372755,-0.0034617595488497005
2017-07-03,0.325,-0.0011250597632472192,-0.003461722348452982
2017-07-04,0.1125,-0.00038858153210842485,-0.0034540580631859984
2017-07-05,0.3375,-0.001164037070580822,-0.00344899872764688
2017-07-06,-1.95,0.006669602181772131,-0.0034203088111651957
2017-07-07,1.425,-0.0049627755100410354,-0.0034826494807305513
2017-07-10,0.0,-0.0,-0.003454273538722679
2017-07-11,0.0,-0.0,-0.0034587512615431994
2017-07-12,1.675,-0.0057645929063199226,-0.0034415480037730877
2017-07-13,0.625,-0.0021174694618356065,-0.0033879511389369706
2017-07-14,1.05,-0.003542713652083151,-0.0033740130019839533
2017-07-17,0.2967441544097696,-0.0009941168080319822,-0.0033500805096204895
2017-07-18,0.1,-0.00033449466179651436,-0.0033449466179651436
2017-07-19,2.4,-0.00803812942979429,-0.003349220595747621
2017-07-20,0.15,-0.0005085192442049547,-0.0033901282946996983
2017-07-21,-0.65,0.0021976751762604867,-0.003381038732708441
2017-07-24,-0.55,0.001873042191193651,-0.003405531256715729
2017-07-25,1.75,-0.006063534115103818,-0.0034648766372021816
2017-07-26,-0.25,0.000850912966568978,-0.003403651866275912
2017-07-27,-0.5,0.0017048381535445837,-0.0034096763070891674
2017-07-28,-0.15,0.0005139357808904634,-0.003426238539269756
2017-07-31,-0.5,0.0017610543347522897,-0.0035221086695045793
2017-08-01,1.15,-0.004068991416829446,-0.0035382534059386493
2017-08-02,-0.2,0.0006994415286059288,-0.0034972076430296434
2017-08-03,-0.6,0.0021026126309533493,-0.003504354384922249
2017-08-04,0.35,-0.0012527453659916114,-0.0035792724742617467
2017-08-07,1.1,-0.003945720859563912,-0.00358701896323992
2017-08-08,-1.1,0.0039679406542611475,-0.0036072187766010427
2017-08-09,0.45,-0.001663810226427061,-0.0036973560587268022
2017-08-10,-8.0,0.025394657199611145,-0.003174332149951393
2017-08-11,1.2966953384433275,-0.004435335533556205,-0.003420491615926367
2017-08-14,2.475,-0.00824811406183045,-0.003332571338113313
2017-08-15,-0.075,0.00024477511944876265,-0.0032636682593168358
2017-08-16,0.17174357310117266,-0.0005640368456559162,-0.0032841802197957474
2017-08-17,-4.175,0.013155664719918296,-0.003151057417944502
2017-08-18,0.04656124703298181,-0.0001526691963139212,-0.0032788897643952165
2017-08-21,0.0,-0.0,-0.003277319929875482
2017-08-22,0.0,-0.0,-0.0032834939414635145
2017-08-23,0.0,-0.0,-0.0032955986399730683
2017-08-24,0.0,-0.0,-0.004105378600179149
2017-08-25,0.0,-0.0,-0.004266431758890353
2017-08-28,0.0,-0.0,-0.004265888396653679
2017-08-29,0.0,-0.0,-0.004284781600546484
2017-08-30,0.0,-0.0,-0.004310678888078311
2017-08-31,-0.003465688312631681,1.4969245568228638e-05,-0.004319270580008303
2017-09-01,0.35,-0.0015113229879781388,-0.00431806567993754
2017-09-04,-0.7625,0.003293390404730995,-0.004319200530794748
2017-09-05,-0.5875,0.0025563553815966043,-0.004351243202717624
2017-09-06,0.45,-0.0019813537027512872,-0.004403008228336194
2017-09-07,0.175,-0.0007904973786947728,-0.004517127878255845
2017-09-08,-0.45,0.002027895670950505,-0.004506434824334455
2017-09-11,2.625,-0.011656835323318342,-0.0044406991707879396
2017-09-12,0.825,-0.003581149838972098,-0.004340787683602543
2017-09-13,0.05,-0.00023868304327364352,-0.00477366086547287
2017-09-14,-0.125,0.0005964323668996008,-0.004771458935196806
2017-09-15,0.6,-0.0028625598287769214,-0.0047709330479615356
2017-09-18,0.25,-0.0011855902809759184,-0.004742361123903673
2017-09-19,0.1,-0.0004732721837551058,-0.004732721837551058
2017-09-20,0.22154474504781405,-0.0010551135194014636,-0.004762530111800881
2017-09-21,-1.0,0.004738042538621765,-0.004738042538621765
2017-09-22,-0.2,0.000957848586716296,-0.0047892429335814795
2017-09-25,-0.45,0.0021588285173817657,-0.004797396705292813
2017-09-26,-0.425,0.0020470920386451374,-0.0048166871497532645
2017-09-27,1.825,-0.008728316405644358,-0.00478263912638047
2017-09-28,0.7,-0.003302791649589538,-0.004718273785127912
2017-09-29,1.85,-0.0085915177734252,-0.004644063661310919
2017-10-02,2.0,-0.009001556415290967,-0.004500778207645484
2017-10-03,1.15,-0.005051360463800943,-0.0043924873598269075
2017-10-04,0.65,-0.0028181131996178406,-0.0043355587686428314
2017-10-05,2.6,-0.01097204571240345,-0.004220017581693635
2017-10-06,-0.9,0.0037272652332963323,-0.004141405814773702
2017-10-09,-0.25,0.0010448128985876609,-0.0041792515943506435
2017-10-10,0.95,-0.00401617591745473,-0.004227553597320769
2017-10-11,0.95,-0.0039706574060741195,-0.004179639374814863
2017-10-12,-0.9,0.0037151812479643926,-0.004127979164404881
2017-10-13,0.9,-0.0037765081365375456,-0.004196120151708384
2017-10-16,0.65,-0.0026995876094615956,-0.004153211706863993
2017-10-17,-0.12838660980744868,0.0005374933178454631,-0.004186521621309133
2017-10-18,1.3875,-0.005828165380618846,-0.004200479553599168
2017-10-19,0.15,-0.0006206594102565082,-0.004137729401710055
2017-10-20,3.675,-0.014536191121912843,-0.003955426155622542
2017-10-23,-2.625,0.009791997795046583,-0.00373028487430346
2017-10-24,0.825,-0.0031714905680587306,-0.00384423099158634
2017-10-25,-2.7,0.010059152687856726,-0.003725612106613602
2017-10-26,1.05,-0.004021731132753625,-0.0038302201264320233
2017-10-27,4.95,-0.017448585591156994,-0.003524966786092322
2017-10-30,-2.85,0.009434774801827563,-0.003310447298886864
2017-10-31,1.275,-0.004339504151431559,-0.003403532667789458
2017-11-01,0.0,-0.0,-0.003355368614418811
2017-11-02,1.425,-0.00475593170696903,-0.0033374959347151085
2017-11-03,1.125,-0.003691057228017304,-0.0032809397582376034
2017-11-06,1.875,-0.006016233866251032,-0.0032086580620005506
2017-11-07,-0.45,0.0014304706136974992,-0.0031788235859944425
2017-11-08,1.425,-0.004528966699572484,-0.003178222245314024
2017-11-09,-2.1,0.007944971781719453,-0.003783319896056882
2017-11-10,-1.35,0.0052310080716407486,-0.0038748207938079614
2017-11-13,0.825,-0.00328015243087004,-0.003975942340448534
2017-11-14,-1.5,0.0058799760722823505,-0.003919984048188233
2017-11-15,-3.607051919744415,0.013797356675798846,-0.003825106203843189
2017-11-16,3.95,-0.014982586639316143,-0.003793059908687631
2017-11-17,-1.5,0.005426135532914111,-0.003617423688609407
2017-11-20,1.05,-0.0038503389805234194,-0.0036669895052603993
2017-11-21,2.9,-0.010243309565161193,-0.0035321757121245492
2017-11-22,-0.4,0.0013660280523627645,-0.0034150701309069113
2017-11-23,0.375,-0.0012864073827754618,-0.003430419687401231
2017-11-24,0.925,-0.0031756096667406915,-0.0034330915316115583
2017-11-27,0.05,-0.0001700175689737622,-0.003400351379475244
2017-11-28,4.75,-0.015122318981092592,-0.0031836461012826507
2017-11-29,0.0,-0.0,-0.003008367589819204
2017-11-30,3.15,-0.00921744302646055,-0.0029261723893525557
2017-12-01,0.65,-0.0018239361668258454,-0.0028060556412705315
2017-12-04,-1.25,0.0034629937857948282,-0.0027703950286358625
2017-12-05,-1.95,0.005437512982154141,-0.0027884681959764825
2017-12-06,0.15,-0.0004343090328021611,-0.0028953935520144077
2017-12-07,2.1,-0.005997483097901422,-0.00285594433233401
2017-12-08,2.3,-0.006313090066818504,-0.0027448217681819587
2017-12-11,2.15,-0.005652422166012881,-0.0026290335655873866
2017-12-12,0.7,-0.0018489908434181192,-0.0026414154905973135
2017-12-13,-0.1,0.0002660564208513935,-0.0026605642085139347
2017-12-14,-2.25,0.005918706036795042,-0.002630536016353352
2017-12-15,6.5,-0.015809444931880613,-0.0024322222972124018
2017-12-18,0.45,-0.0009976530507114227,-0.002217006779358717
2017-12-19,1.35,-0.002959246028085627,-0.0021920340948782422
2017-12-20,-1.05,0.0023117252835150046,-0.0022016431271571473
2017-12-21,-1.5,0.0034717292368212395,-0.002314486157880826
2017-12-22,1.5,-0.003562874785041215,-0.0023752498566941434
2017-12-25,-0.3,0.0006964706940655893,-0.002321568980218631
2017-12-26,-0.2,0.00046644524678935117,-0.002332226233946756
2017-12-27,-0.25,0.0005846641810321472,-0.002338656724128589
2017-12-28,-0.15,0.00035215637829081356,-0.0023477091886054237
2017-12-29,0.55,-0.0013058991398943959,-0.002374362072535265
2018-01-01,-1.45,0.0034133787135122414,-0.0023540542851808563
2018-01-02,-0.15,0.0003607670490790185,-0.00240511366052679
2018-01-03,6.05,-0.013299731003392174,-0.002198302645188789
2018-01-04,2.6,-0.005156301332902665,-0.0019831928203471786
2018-01-05,4.5,-0.008162225082281717,-0.0018138277960626037
2018-01-08,-0.25,0.0004199249986116152,-0.0016796999944464607
2018-01-09,0.25,-0.00042181265171435976,-0.001687250606857439
2018-01-10,0.85,-0.0014251367275967765,-0.0016766314442315017
2018-01-11,3.9,-0.006301049592789319,-0.0016156537417408511
2018-01-12,5.2,-0.007350024661733328,-0.001413466281102563
2018-01-15,-0.55,0.0006965601125167881,-0.0012664729318487057
2018-01-16,0.95,-0.0012162422552044361,-0.0012802550054783538
2018-01-17,1.5,-0.0018830693075853411,-0.0012553795383902274
2018-01-18,0.45,-0.0005455817062505368,-0.0012124037916678597
2018-01-19,0.05,-6.0006812780990977e-05,-0.0012001362556198194
2018-01-22,3.55,-0.004145330123586611,-0.0011676986263624255
2018-01-23,3.1,-0.003253660379589896,-0.0010495678643838375
2018-01-24,0.05,-4.840758729480653e-05,-0.0009681517458961306
2018-01-25,-0.75,0.0007242386154836597,-0.0009656514873115462
2018-01-26,7.9,-0.006923839332786346,-0.0008764353585805502
2018-01-29,-0.65,0.00044574869533171835,-0.000685767223587259
2018-01-30,-5.95,0.003932472751322331,-0.0006609197901382069
2018-01-31,-5.3,0.004034596190318581,-0.000761244564211053
2018-02-01,1.2,-0.0010491919134038405,-0.0008743265945032005
2018-02-02,-16.5,0.010484429471171296,-0.0006354199679497756
2018-02-05,-10.854379670853305,0.008596045425930487,-0.0007919425786268556
2018-02-06,0.32062285843713323,-0.0003052979825327359,-0.0009522027968339562
2018-02-07,0.0,-0.0,-0.000947495756333771
2018-02-08,0.0,-0.0,-0.0009473999177595313
2018-02-09,0.0,-0.0,-0.0009651700408983084
2018-02-12,0.0,-0.0,-0.0009650444372535297
2018-02-13,0.0,-0.0,-0.0009649165996437447
2018-02-14,0.0,-0.0,-0.0009647887958982866
2018-02-15,-0.0053071616157015925,5.119611813083616e-06,-0.0009646609965554662
2018-02-16,0.0,-0.0,-0.0009646105449934769
2018-02-19,0.0,-0.0,-0.0009644828325318909
2018-02-20,0.0,-0.0,-0.0009643551538835646
2018-02-21,0.0,-0.0,-0.0009642275090350718
2018-02-22,0.0,-0.0,-0.0009640998979729925
2018-02-23,0.0,-0.0,-0.0009639723332327505
2018-02-26,0.0,-0.0,-0.0009639727751977211
2018-02-27,0.0,-0.0,-0.0009644530732042415
2018-02-28,0.0,-0.0,-0.0009646866546041781
2018-03-01,0.0,-0.0,-0.0009647710512931873
2018-03-02,0.0,-0.0,-0.0009646755327979664
2018-03-05,0.0,-0.0,-0.0009647600159080699
2018-03-06,0.0,-0.0,-0.0009719025738888436
2018-03-07,0.0,-0.0,-0.0009724980638133822
2018-03-08,0.0,-0.0,-0.000972372189116211
2018-03-09,0.0,-0.0,-0.000972260315497454
2018-03-12,0.0,-0.0,-0.0009725150678965215
2018-03-13,0.0,-0.0,-0.0009724531347536973
2018-03-14,0.0,-0.0,-0.0009723353211136462
2018-03-15,0.0,-0.0,-0.0009722591511798102
2018-03-16,0.0,-0.0,-0.0009731965638977441
2018-03-19,0.0,-0.0,-0.0009731107305215824
2018-03-20,0.0,-0.0,-0.0009731983238725667
2018-03-21,0.0,-0.0,-0.0009732626368346162
2018-03-22,0.0,-0.0,-0.0009767023485140103
2018-03-23,0.0,-0.0,-0.0009771005330951265
2018-03-26,0.0,-0.0,-0.0009806685828302611
2018-03-27,0.0,-0.0,-0.0009848950377010272
2018-03-28,0.0,-0.0,-0.0009862135905190363
2018-03-29,0.0,-0.0,-0.000986547086461276
2018-03-30,0.0,-0.0,-0.0009938930949214449
2018-04-02,0.0,-0.0,-0.0009946653247554962
2018-04-03,0.0,-0.0,-0.0009946039294179902
2018-04-04,0.0,-0.0,-0.0009954810662811304
2018-04-05,0.0,-0.0,-0.0009963600181938455
2018-04-06,0.0,-0.0,-0.0009971369631312952
2018-04-09,0.0,-0.0,-0.0009979153607326322
2018-04-10,0.0,-0.0,-0.0009982590222745356
2018-04-11,0.0,-0.0,-0.0009981460432830803
2018-04-12,0.0,-0.0,-0.001000184893715396
2018-04-13,0.0,-0.0,-0.0010000785695629874
2018-04-16,0.0,-0.0,-0.0010154387576207994
2018-04-17,0.0,-0.0,-0.001023394411514867
2018-04-18,0.0,-0.0,-0.0010240655915653317
2018-04-19,0.0,-0.0,-0.0010326419907065432
2018-04-20,0.0,-0.0,-0.0010338362446657135
2018-04-23,0.0,-0.0,-0.0010641693699752256
2018-04-24,0.0,-0.0,-0.0010745287100983254
2018-04-25,0.0,-0.0,-0.0010765133092857993
2018-04-26,0.0,-0.0,-0.0010763716811882562
2018-04-27,0.0,-0.0,-0.0010788968788458541
2018-04-30,0.0,-0.0,-0.0010804235766976112
2018-05-01,0.0,-0.0,-0.0010849430843326978
2018-05-02,0.0,-0.0,-0.0010850701203247663
2018-05-03,0.0,-0.0,-0.0010876390092091049
2018-05-04,0.0,-0.0,-0.0010934309789977436
2018-05-07,0.0,-0.0,-0.0010957586011192963
2018-05-08,0.0,-0.0,-0.0010965402788464074
2018-05-09,0.0,-0.0,-0.0010994670664548512
2018-05-10,0.0,-0.0,-0.00111742076420839
2018-05-11,0.0,-0.0,-0.0011397758048428584
2018-05-14,0.0,-0.0,-0.0011429455865508836
2018-05-15,0.0,-0.0,-0.001144428883338411
2018-05-16,0.0,-0.0,-0.0011568921214387881
2018-05-17,0.0,-0.0,-0.0011569828545215126
2018-05-18,0.0,-0.0,-0.0011570442699624173
2018-05-21,0.0,-0.0,-0.0011581917895376627
2018-05-22,0.0,-0.0,-0.0011580435760790951
2018-05-23,0.0,-0.0,-0.001193232793184027
2018-05-24,0.0,-0.0,-0.0011930762212315807
2018-05-25,0.0,-0.0,-0.0012091500207503292
2018-05-28,0.0,-0.0,-0.0012096922059324769
2018-05-29,0.0,-0.0,-0.0012121320004198307
2018-05-30,0.0,-0.0,-0.001218342709006825
2018-05-31,0.0,-0.0,-0.00121822083172651
2018-06-01,0.0,-0.0,-0.001225531298144469
2018-06-04,0.0,-0.0,-0.0012344520599865197
2018-06-05,0.0,-0.0,-0.0012423356315950946
2018-06-06,-0.007594876532138476,9.440671407576504e-06,-0.00124303158420382
2018-06-07,2.175,-0.002685659646764978,-0.0012347860444896451
2018-06-08,-0.4,0.00048094105059876506,-0.0012023526264969126
2018-06-11,0.95,-0.0012204398184953544,-0.0012846734931530046
2018-06-12,0.4,-0.0005062635200722602,-0.0012656588001806505
2018-06-13,-1.25,0.0015725182386284382,-0.0012580145909027506
2018-06-14,-0.525,0.0006742843720734773,-0.0012843511849018616
2018-06-15,1.0,-0.0012970907277227502,-0.0012970907277227502
2018-06-18,-1.15,0.0014705291217542947,-0.0012787209754385172
2018-06-19,-0.575,0.0007481283063315025,-0.0013010927066634827
2018-06-20,0.525,-0.0006887772151968243,-0.0013119566003749034
2018-06-21,0.55,-0.0007154511781719167,-0.0013008203239489393
2018-06-22,-1.9,0.002437199330505664,-0.0012827364897398234
2018-06-25,-1.525,0.002007412252923352,-0.0013163359035562965
2018-06-26,-1.4076583424649285,0.0018955713329380664,-0.0013466132198092621
2018-06-27,0.0,-0.0,-0.0013743667650334222
2018-06-28,0.0,-0.0,-0.0014535951085751636
2018-06-29,0.0,-0.0,-0.0014690834064375472
2018-07-02,0.0,-0.0,-0.0015179423664456553
2018-07-03,0.0,-0.0,-0.0015179003595919942
2018-07-04,0.0,-0.0,-0.0015178583959707978
2018-07-05,0.0,-0.0,-0.001519470737122367
2018-07-06,0.0,-0.0,-0.0015584150955971947
2018-07-09,0.0,-0.0,-0.001633008367702017
2018-07-10,-0.007726598733839593,1.262272897930199e-05,-0.0016336721258759293
2018-07-11,-2.275,0.003688537220904447,-0.001621335042155801
2018-07-12,1.1,-0.0018450843128386013,-0.0016773493753078192
2018-07-13,2.225,-0.003643782011545869,-0.0016376548366498285
2018-07-16,-1.0,0.0015830436765260844,-0.0015830436765260844
2018-07-17,1.425,-0.0023316432464685764,-0.0016362408747147904
2018-07-18,0.45,-0.0007333709339821409,-0.0016297131866269796
2018-07-19,-1.0,0.0016157834454950091,-0.0016157834454950091
2018-07-20,-0.375,0.0006152893945767522,-0.0016407717188713393
2018-07-23,0.975,-0.0018095679439648416,-0.0018559671220152222
2018-07-24,0.375,-0.0006864343943060685,-0.0018304917181495158
2018-07-25,0.325,-0.0006373796048419874,-0.0019611680148984225
2018-07-26,1.625,-0.00335877717527272,-0.0020669398001678277
2018-07-27,-1.975,0.0039602614525423695,-0.0020051956721733517
2018-07-30,-1.0,0.005538374355253279,-0.005538374355253279
2018-07-31,0.125,-0.0026045066444668192,-0.020836053155734554
2018-08-01,0.725,-0.014931496880557373,-0.02059516811111362
2018-08-02,-1.075,0.021340836643653105,-0.019851941063863354
2018-08-03,3.7,-0.05723117138153864,-0.015467884157172604
2018-08-06,0.9,-0.01299100817757166,-0.014434453530635178
2018-08-07,1.175,-0.016344880490509164,-0.013910536587667374
2018-08-08,-0.35,0.004769288542587731,-0.013626538693107804
2018-08-09,-0.35,0.004785578728375469,-0.013673082081072768
2018-08-10,-2.225,0.028298097381603337,-0.012718246014203747
2018-08-13,-0.6,0.007853881923013043,-0.01308980320502174
2018-08-14,1.55,-0.019757711109641557,-0.012746910393317133
2018-08-15,-1.975,0.023268222169423966,-0.011781378313632388
2018-08-16,2.3468473624510753,-0.02648335593775625,-0.011284652066207117
2018-08-17,0.825,-0.008904771115454504,-0.010793661958126671
2018-08-20,0.325,-0.0034580437503038412,-0.010640134616319512
2018-08-21,-0.125,0.001322801985844924,-0.010582415886759391
2018-08-22,0.7,-0.007375656144443467,-0.01053665163491924
2018-08-23,-0.4,0.00415932979631791,-0.010398324490794773
2018-08-24,2.4,-0.02342069985730638,-0.009758624940544325
2018-08-27,1.65,-0.015010922919190421,-0.009097529041933589
2018-08-28,0.09213824950767442,-0.0008153133670020456,-0.008848804610013089
2018-08-29,0.7,-0.006149581622595859,-0.00878511660370837
2018-08-30,-0.2,0.0017352046067501158,-0.008676023033750578
2018-08-31,0.9,-0.007763333170872698,-0.008625925745414108
2018-09-03,-0.6,0.005075016587357423,-0.008458360978929038
2018-09-04,1.35,-0.011306997733429193,-0.008375553876614216
2018-09-05,-4.25,0.02905106593773958,-0.00683554492652696
2018-09-06,-1.15,0.00834595013315333,-0.007257347941872462
2018-09-07,-1.6078823891445884,0.011616573144057845,-0.007224765457029474
2018-09-10,0.35,-0.002590751444755646,-0.007402146985016132
2018-09-11,0.425,-0.0031233368600500863,-0.007349027906000203
2018-09-12,0.4125,-0.0030063432343421428,-0.007288104810526407
2018-09-13,-0.0625,0.00045245843059453625,-0.00723933488951258
2018-09-14,1.3,-0.009281976377392455,-0.007139981828763426
2018-09-17,0.0,-0.0,-0.006991347497740315
2018-09-18,-0.6828297539203235,0.004754160532066259,-0.006962439033699462
2018-09-19,2.65,-0.017591489752153907,-0.00663829801968072
2018-09-20,5.6,-0.028376417572649505,-0.005067217423687412
2018-09-21,-2.45,0.010826216152763827,-0.00441886373582197
2018-09-24,-0.35,0.0016153773064616346,-0.0046153637327475275
2018-09-25,-0.05,0.00023216615125432494,-0.004643323025086498
2018-09-26,-2.8,0.012406587204650594,-0.004430924001660927
2018-09-27,2.0,-0.009082100510889746,-0.004541050255444873
2018-09-28,1.25,-0.0054360013415015755,-0.00434880107320126
2018-10-01,1.05,-0.00443852107805896,-0.004227162931484724
2018-10-02,-2.3,0.009260843465666434,-0.004026453680724537
2018-10-03,2.55,-0.010321581741843514,-0.004047679114448437
2018-10-04,-5.35,0.017949623487035583,-0.0033550698106608566
2018-10-05,-3.3578121936112706,0.011745087038687325,-0.0034978391766621354
2018-10-08,-0.175,0.0006459722430099895,-0.003691269960057083
2018-10-09,0.0,-0.0,-0.003700919721415049
2018-10-10,0.025,-9.251075361410101e-05,-0.00370043014456404
2018-10-11,-11.525,0.026896612780655017,-0.0023337624972368776
2018-10-12,-0.6830062757464047,0.0018786828216564423,-0.0027506084327019913
2018-10-15,0.0,-0.0,-0.0027751494922115746
2018-10-16,0.0,-0.0,-0.0027747902024379987
2018-10-17,0.0,-0.0,-0.0027744310056845864
2018-10-18,0.0,-0.0,-0.0027740719019152186
2018-10-19,0.0,-0.0,-0.0027737128910937945
2018-10-22,0.0,-0.0,-0.0027733539731842325
2018-10-23,0.0,-0.0,-0.0027729951481504666
2018-10-24,0.0,-0.0,-0.0027726364159564544
2018-10-25,0.0,-0.0,-0.0027722777765661665
2018-10-26,0.0,-0.0,-0.002771919229943599
2018-10-29,-0.008178838081766846,2.2668142614046685e-05,-0.0027715602616685824
2018-10-30,-2.025,0.005549153668415107,-0.002740322799217337
2018-10-31,-3.625,0.00984177114969533,-0.0027149713516400912
2018-11-01,-3.8,0.010396458621155156,-0.002735910163461883
2018-11-02,1.8418652051538689,-0.005227395155183298,-0.002838098651603879
2018-11-05,0.0,-0.0,-0.0027766641881026856
2018-11-06,0.0,-0.0,-0.0027763053989955117
2018-11-07,0.0,-0.0,-0.0027759467025988594
2018-11-08,0.0,-0.0,-0.002775588098876797
2018-11-09,0.0,-0.0,-0.0027752295877934157
2018-11-12,0.0,-0.0,-0.0027748711693128206
2018-11-13,0.0,-0.0,-0.00277451284339914
2018-11-14,0.0,-0.0,-0.002774154610016517
2018-11-15,-0.005124436981720917,1.42141442624084e-05,-0.0027737962849598606
2018-11-16,0.0,-0.0,-0.0027736079416719643
2018-11-19,0.0,-0.0,-0.00277324996378821
2018-11-20,0.0,-0.0,-0.0027728920782979227
2018-11-21,0.0,-0.0,-0.0027725342851653376
2018-11-22,0.0,-0.0,-0.0027721765843547086
2018-11-23,0.0,-0.0,-0.0027718189758303056
2018-11-26,0.0,-0.0,-0.0027714614595564214
2018-11-27,0.0,-0.0,-0.0027711040354973615
2018-11-28,0.0,-0.0,-0.0027707467036174552
2018-11-29,0.0,-0.0,-0.002770389867928667
2018-11-30,0.0,-0.0,-0.0028035662785984928
2018-12-03,0.0,-0.0,-0.0028043531305649632
2018-12-04,0.0,-0.0,-0.0028104852537575273
2018-12-05,0.0,-0.0,-0.0028112772805531346
2018-12-06,0.0,-0.0,-0.0028222351476474943
2018-12-07,0.0,-0.0,-0.002823877624689349
2018-12-10,0.0,-0.0,-0.0028308152039134447
2018-12-11,0.0,-0.0,-0.0028401635585283006
2018-12-12,0.0,-0.0,-0.0028422361447010694
2018-12-13,0.0,-0.0,-0.0028439058279217063
2018-12-14,0.0,-0.0,-0.002845776903817263
2018-12-17,0.0,-0.0,-0.0028723801802690296
2018-12-18,0.0,-0.0,-0.0028896549178696915
2018-12-19,0.0,-0.0,-0.0029044866241399385
2018-12-20,-0.008300169332316048,2.41046241197941e-05,-0.002904112332497202
2018-12-21,6.95,-0.01788840415764491,-0.0025738711018194116
2018-12-24,-1.175,0.0027640197773624938,-0.002352357257329782
2018-12-25,8.35,-0.017136946776445637,-0.0020523289552629507
2018-12-26,0.45,-0.0008242200755461841,-0.001831600167880409
2018-12-27,-12.225,0.017094700034093583,-0.0013983394710914998
2018-12-28,-3.759224253969231,0.006052248801312802,-0.0016099728008837058
2018-12-31,0.0,-0.0,-0.0016840986008168904
2019-01-01,0.0,-0.0,-0.0016838821075087238
2019-01-02,0.0,-0.0,-0.0016836658222073315
2019-01-03,0.0,-0.0,-0.001696760153683929
2019-01-04,0.0,-0.0,-0.0016996840143329345
2019-01-07,0.0,-0.0,-0.0017124409365191129
2019-01-08,0.0,-0.0,-0.0017148656344597429
2019-01-09,0.0,-0.0,-0.0017200402615218777
2019-01-10,0.0,-0.0,-0.0017203591355670084
2019-01-11,0.0,-0.0,-0.0017228084653495169
2019-01-14,0.0,-0.0,-0.00172296337342284
2019-01-15,0.0,-0.0,-0.0017252887382015662
2019-01-16,0.0,-0.0,-0.0017254445654704643
2019-01-17,0.0,-0.0,-0.0017255065669477417
2019-01-18,0.0,-0.0,-0.0017324013123986416
2019-01-21,0.0,-0.0,-0.001742797460417317
2019-01-22,0.0,-0.0,-0.0017453167427424054
2019-01-23,0.0,-0.0,-0.0017451357609507801
2019-01-24,0.0,-0.0,-0.001746356807520986
2019-01-25,0.0,-0.0,-0.001749317561767547
2019-01-28,0.0,-0.0,-0.001787719396098563
2019-01-29,0.0,-0.0,-0.0017898288024149475
2019-01-30,0.0,-0.0,-0.0017935990984244944
2019-01-31,0.0,-0.0,-0.0017937248876130202
2019-02-01,0.0,-0.0,-0.0017938507856732585
2019-02-04,0.0,-0.0,-0.0018081173370608347
2019-02-05,0.0,-0.0,-0.0018089488079053504
2019-02-06,0.0,-0.0,-0.0018158434021211093
2019-02-07,0.0,-0.0,-0.001827299794591012
2019-02-08,0.0,-0.0,-0.0018438271560658056
2019-02-11,0.0,-0.0,-0.001845683445310857
2019-02-12,0.0,-0.0,-0.00184577219713131
2019-02-13,0.0,-0.0,-0.0018455839583745729
2019-02-14,0.0,-0.0,-0.0018468570516052974
2019-02-15,-0.0005360420588343131,9.901307732158136e-07,-0.001847113965961869
2019-02-18,-0.009519915880920157,1.7752965567095736e-05,-0.0018648237851214926
2019-02-19,-0.2,0.000374653064809355,-0.001873265324046775
2019-02-20,0.175,-0.0003285367856091574,-0.0018773530606237569
2019-02-21,1.45,-0.002708837597425544,-0.0018681638602934785
2019-02-22,0.825,-0.0015131757286244649,-0.0018341523983326847
2019-02-25,-0.575,0.0010449607878725777,-0.0018173231093436134
2019-02-26,-0.75,0.0013717981858108002,-0.0018290642477477336
2019-02-27,-0.2,0.0003701648882958037,-0.0018508244414790183
2019-02-28,0.35,-0.0006695794199260638,-0.001913084056931611
2019-03-01,2.85,-0.005365299373650917,-0.001882561183737164
2019-03-04,-0.1,0.00018266526650030654,-0.0018266526650030652
2019-03-05,-2.575,0.0046562950310247075,-0.0018082699149610513
2019-03-06,-2.025,0.0037519565518729053,-0.0018528180503076077
2019-03-07,-0.5,0.0009485106197160061,-0.0018970212394320122
2019-03-08,-2.184552586164853,0.00413416090858755,-0.0018924519989905035
2019-03-11,0.0,-0.0,-0.0019455746920383685
2019-03-12,0.0,-0.0,-0.0019453261829112845
2019-03-13,0.0,-0.0,-0.0019466146348805053
2019-03-14,0.0,-0.0,-0.0019698082802121096
2019-03-15,-0.009590731639674416,1.9963201723657535e-05,-0.002081509781910157
2019-03-18,0.65,-0.0013667787217991265,-0.002102736495075579
2019-03-19,1.0,-0.0020837041314321833,-0.0020837041314321833
2019-03-20,-1.625,0.0033310487903816157,-0.002049876178696379
2019-03-21,-0.45,0.0009527936071090891,-0.002117319126909087
2019-03-22,-1.15,0.002459116381246363,-0.0021383620706490114
2019-03-25,-1.95,0.004205634577434958,-0.002156735680735876
2019-03-26,2.1654302787082527,-0.0047392039797778075,-0.0021885738028032432
2019-03-27,0.0,-0.0,-0.0021578242023472557
2019-03-28,0.0,-0.0,-0.002183852908281633
2019-03-29,0.0,-0.0,-0.0023073997842954232
2019-04-01,-0.009646832143890423,2.2764778730230867e-05,-0.0023598190981946716
2019-04-02,-0.525,0.0012382650609126943,-0.0023586001160241796
2019-04-03,1.3,-0.003073149847247377,-0.0023639614209595206
2019-04-04,-0.25,0.0005823580584506491,-0.0023294322338025964
2019-04-05,2.1,-0.006620929248176724,-0.0031528234515127256
2019-04-08,0.025,-7.705902295688529e-05,-0.0030823609182754116
2019-04-09,-0.3,0.000924099092512295,-0.0030803303083743166
2019-04-10,-0.05,0.00015452462801520577,-0.0030904925603041154
2019-04-11,0.0,-0.0,-0.003091861300409956
2019-04-12,1.65,-0.005063326675335347,-0.003068682833536574
2019-04-15,-0.075,0.000225789817271374,-0.0030105308969516536
2019-04-16,0.125,-0.0003765804005560984,-0.003012643204448787
2019-04-17,-1.125,0.003372321083317877,-0.002997618740727002
2019-04-18,-0.5,0.0015171952193991519,-0.0030343904387983038
2019-04-19,1.625,-0.004923495163403357,-0.003029843177478989
2019-04-22,-0.75,0.0022266134110754702,-0.0029688178814339604
2019-04-23,0.85,-0.002540268752163301,-0.0029885514731332954
2019-04-24,2.175,-0.0064248063371629876,-0.002953933948120914
2019-04-25,-0.775,0.0023081463612256363,-0.0029782533693234014
2019-04-26,1.375,-0.004280474236960707,-0.00311307217233506
2019-04-29,0.125,-0.00038647921285105515,-0.003091833702808441
2019-04-30,-0.084575629922767,0.00026106206187283265,-0.00308672914539602
2019-05-01,3.6,-0.01072172001083334,-0.0029782555585648168
2019-05-02,-7.95,0.019266043702278562,-0.002423401723557052
2019-05-03,-4.809637089147839,0.012155149920986607,-0.0025272488746422715
2019-05-06,-0.275,0.0007329986001354319,-0.002665449455037934
2019-05-07,3.425,-0.00892078724034483,-0.0026046094132393667
2019-05-08,-3.6,0.008780021142158421,-0.0024388947617106724
2019-05-09,-2.275,0.00570917824693587,-0.0025095288997520307
2019-05-10,-1.1097277635513327,0.0028455102861129388,-0.0025641516591481707
2019-05-13,0.0,-0.0,-0.0025937788880114375
2019-05-14,0.0,-0.0,-0.0025934494768843764
2019-05-15,0.0,-0.0,-0.0025931201494174233
2019-05-16,0.0,-0.0,-0.002592790905578712
2019-05-17,-0.004953879081213222,1.2842741349013596e-05,-0.002592461612096588
2019-05-20,0.0,-0.0,-0.002592266161860822
2019-05-21,0.0,-0.0,-0.002591937151772858
2019-05-22,0.0,-0.0,-0.002591608225190133
2019-05-23,0.0,-0.0,-0.0025912793820808576
2019-05-24,0.0,-0.0,-0.002590950622413262
2019-05-27,0.0,-0.0,-0.0025906219461555896
2019-05-28,0.0,-0.0,-0.002590293353276103
2019-05-29,0.0,-0.0,-0.0025899648437430773
2019-05-30,0.0,-0.0,-0.0025896364175248075
2019-05-31,0.0,-0.0,-0.002589308074589602
2019-06-03,0.0,-0.0,-0.0025889798149057873
2019-06-04,-0.009985568821864325,2.584915369361707e-05,-0.00258865109787416
2019-06-05,-7.8,0.017909128774657508,-0.0022960421505971167
2019-06-06,-1.7101787393878012,0.004221835565856118,-0.002468651649457076
2019-06-07,0.0,-0.0,-0.0025089626344785504
2019-06-10,0.0,-0.0,-0.0025086447620841
2019-06-11,0.0,-0.0,-0.0025083269702249737
2019-06-12,0.0,-0.0,-0.002508009258870569
2019-06-13,0.0,-0.0,-0.002507691627990298
2019-06-14,0.0,-0.0,-0.002507374396697828
2019-06-17,0.0,-0.0,-0.0027527111419455366
2019-06-18,0.0,-0.0,-0.0027600928369475148
2019-06-19,0.0,-0.0,-0.0032158633181156616
2019-06-20,0.0,-0.0,-0.003217000532968844
2019-06-21,-0.009851849711785519,4.9088260830778235e-05,-0.0049826440990117
2019-06-24,0.375,-0.001969670326917837,-0.005252454205114233
2019-06-25,-1.5,0.007781908071253528,-0.005187938714169019
2019-06-26,-2.625,0.013454712373335398,-0.00512560471365158
2019-06-27,1.45,-0.007554498729957627,-0.005209999124108708
2019-06-28,3.9,-0.018975959140220905,-0.004865630548774591
2019-07-01,0.6,-0.002809980503732579,-0.004683300839554299
2019-07-02,0.2125,-0.0009891798296265165,-0.0046549639041247835
2019-07-03,-0.2125,0.0009868664488535343,-0.004644077406369573
2019-07-04,2.1,-0.009622567841324484,-0.0045821751625354686
2019-07-05,-0.975,0.004362038309265457,-0.0044738854454004695
2019-07-08,-1.0,0.004500866706817035,-0.004500866706817035
2019-07-09,-1.1,0.004978049325027588,-0.004525499386388716
2019-07-10,0.8,-0.0036505043682946805,-0.0045631304603683505
2019-07-11,2.075,-0.00925885011401664,-0.004462096440489947
2019-07-12,1.675,-0.007255010208047154,-0.0043313493779386
2019-07-15,0.65,-0.00276469344603012,-0.0042533745323540305
2019-07-16,-1.275,0.005358120371498537,-0.004202447350194931
2019-07-17,-2.425,0.010123786686532545,-0.004174757396508267
2019-07-18,1.5,-0.00636600475411625,-0.004244003169410833
2019-07-19,-1.85,0.00765167522584746,-0.004136040662620248
2019-07-22,0.975,-0.004093299178595651,-0.004198255567790412
2019-07-23,1.9,-0.007810850576772879,-0.0041109739877752
2019-07-24,1.3625,-0.005464618742499888,-0.004010729352293496
2019-07-25,-1.5125,0.005940725749337462,-0.00392775256154543
2019-07-26,1.7,-0.006718158489729931,-0.0039518579351352535
2019-07-29,-0.175,0.0006797308994596109,-0.0038841765683406337
2019-07-30,0.175,-0.0006807845861083925,-0.0038901976349051005
2019-07-31,-4.125,0.01522144597167887,-0.0036900475082857864
2019-08-01,-3.0375,0.011368791355365762,-0.0037428119688446954
2019-08-02,-2.471399451237764,0.009359251903629375,-0.003787025160559104
2019-08-05,0.0,-0.0,-0.003874836010379056
2019-08-06,0.0,-0.0,-0.0038743476259040384
2019-08-07,0.0,-0.0,-0.0038738593645254995
2019-08-08,0.0,-0.0,-0.0038733712261969076
2019-08-09,0.0,-0.0,-0.0038728832108717508
2019-08-12,0.0,-0.0,-0.0038723953216112696
2019-08-13,0.0,-0.0,-0.0038719085322218663
2019-08-14,0.0,-0.0,-0.0038718534433796717
2019-08-15,0.0,-0.0,-0.003871697065757147
2019-08-16,-0.0026723860136841785,1.0406487198271858e-05,-0.0038940808494673154
2019-08-19,0.0,-0.0,-0.0039011477411520766
2019-08-20,0.0,-0.0,-0.0039042909407262442
2019-08-21,0.0,-0.0,-0.003909997418966097
2019-08-22,0.0,-0.0,-0.003909946780141964
2019-08-23,0.0,-0.0,-0.003910807115620314
2019-08-26,0.0,-0.0,-0.004002108565026417
2019-08-27,0.0,-0.0,-0.004001720744070423
2019-08-28,0.0,-0.0,-0.004079393311599198
2019-08-29,0.0,-0.0,-0.004128768349540531
2019-08-30,0.0,-0.0,-0.004131329741337836
2019-09-02,0.0,-0.0,-0.004190502958370325
2019-09-03,0.0,-0.0,-0.004189976115287862
2019-09-04,0.0,-0.0,-0.004189449404661455
2019-09-05,0.0,-0.0,-0.0041889228264411545
2019-09-06,0.0,-0.0,-0.004188396380577042
2019-09-09,0.0,-0.0,-0.004187871233446486
2019-09-10,0.0,-0.0,-0.004192708973558229
2019-09-11,0.0,-0.0,-0.004204931242613884
2019-09-12,0.0,-0.0,-0.004238439829172411
2019-09-13,0.0,-0.0,-0.004240540086865144
2019-09-16,0.0,-0.0,-0.0042572792480331
2019-09-17,0.0,-0.0,-0.004307191759750497
2019-09-18,0.0,-0.0,-0.0043705230680879245
2019-09-19,0.0,-0.0,-0.004369974420049511
2019-09-20,0.0,-0.0,-0.004369425909741471
2019-09-23,0.0,-0.0,-0.004368877537111949
2019-09-24,0.0,-0.0,-0.00436833058789268
2019-09-25,0.0,-0.0,-0.004371593512141685
2019-09-26,0.0,-0.0,-0.004394555662560545
2019-09-27,0.0,-0.0,-0.004394878628149034
2019-09-30,0.0,-0.0,-0.004456894920239638
2019-10-01,0.0,-0.0,-0.004456344983359471
2019-10-02,0.0,-0.0,-0.004457081318545763
2019-10-03,0.0,-0.0,-0.004456558487968252
2019-10-04,0.0,-0.0,-0.004455999811043894
2019-10-07,0.0,-0.0,-0.004494963605814988
2019-10-08,0.0,-0.0,-0.0044944826288909655
2019-10-09,0.0,-0.0,-0.004494148211329201
2019-10-10,0.0,-0.0,-0.004512193407457824
2019-10-11,0.0,-0.0,-0.004515321604871417
2019-10-14,0.0,-0.0,-0.004554136092893002
2019-10-15,0.0,-0.0,-0.004562042206141416
2019-10-16,0.0,-0.0,-0.004572403541806072
2019-10-17,0.0,-0.0,-0.004644719864948605
2019-10-18,0.0,-0.0,-0.004653558116684861
2019-10-21,0.0,-0.0,-0.004682874118774681
2019-10-22,0.0,-0.0,-0.004682536618039215
2019-10-23,0.0,-0.0,-0.004682064399656063
2019-10-24,0.0,-0.0,-0.004897203778169295
2019-10-25,0.0,-0.0,-0.006315923572460567
2019-10-28,0.0,-0.0,-0.007064630850648044
2019-10-29,0.0,-0.0,-0.007066488884286717
2019-10-30,-0.007985907945479168,6.0040135702112316e-05,-0.007518260429748769
2019-10-31,1.375,-0.01100219958436478,-0.00800159969771984
2019-11-01,2.0,-0.015907077137349502,-0.007953538568674751
2019-11-04,0.275,-0.00216072821119737,-0.007857193495263164
2019-11-05,1.1,-0.008558200440705743,-0.007780182218823401
2019-11-06,-0.975,0.007463626267392996,-0.007655001299890252
2019-11-07,0.35,-0.0027021705909511798,-0.007720487402717657
2019-11-08,1.375,-0.010463834584879705,-0.007610061516276149
2019-11-11,-1.0,0.007465911779027293,-0.007465911779027293
2019-11-12,1.275,-0.00952176339191775,-0.007468049719151178
2019-11-13,-0.6,0.004416323722444816,-0.007360539537408028
2019-11-14,0.475,-0.0035117627774265622,-0.0073931847945822365
2019-11-15,2.39901733623743,-0.017096977720905043,-0.007126658679223884
2019-11-18,0.45,-0.0031283191858934535,-0.006951820413096563
2019-11-19,0.7,-0.004830932451475604,-0.0069013320735365775
2019-11-20,-1.3,0.008826529012041331,-0.006789637701570254
2019-11-21,-0.925,0.006332607701101572,-0.006846062379569267
2019-11-22,1.55,-0.010571168154909156,-0.006820108487038165
2019-11-25,0.1,-0.0006714767335690879,-0.006714767335690879
2019-11-26,1.325,-0.008805047006753634,-0.006645318495663121
2019-11-27,1.15,-0.007487722059030732,-0.006511062660026724
2019-11-28,0.05,-0.0004714216088582907,-0.009428432177165814
2019-11-29,0.225,-0.0021676980765738536,-0.009634213673661572
2019-12-02,0.4421666216475324,-0.004243061622169418,-0.009596069477970957
2019-12-03,-6.45,0.04649882799121822,-0.007209120618793522
2019-12-04,-5.207893518311935,0.03452531910853892,-0.006629421086883092
2019-12-05,1.95,-0.013321201165759829,-0.006831385213210169
2019-12-06,3.3,-0.020995116590968692,-0.0063621565427177855
2019-12-09,-0.25,0.0015405464206147022,-0.006162185682458809
2019-12-10,-0.7,0.004313462256586837,-0.006162088937981197
2019-12-11,-0.075,0.00046521754170757824,-0.006202900556101044
2019-12-12,1.125,-0.006940993633811037,-0.006169772118943144
2019-12-13,2.9,-0.017025473433059764,-0.005870852907951643
2019-12-16,0.525,-0.0029913001992472824,-0.005697714665232919
2019-12-17,1.6,-0.008969626840863915,-0.005606016775539947
2019-12-18,-0.675,0.0037527830006501214,-0.005559678519481661
2019-12-19,0.625,-0.003603531223834487,-0.005765649958135179
2019-12-20,2.9,-0.016141239843577338,-0.005565944773647359
2019-12-23,-0.2,0.0011591729317209042,-0.00579586465860452
2019-12-24,0.2,-0.001163262459176972,-0.00581631229588486
2019-12-25,-0.075,0.00043533687443094246,-0.005804491659079233
2019-12-26,0.24211171355524336,-0.0014061772920097501,-0.005807968856033471
2019-12-27,2.15,-0.012441037787692486,-0.0057865292035779005
2019-12-30,0.25,-0.0014197795825858467,-0.005679118330343387
2019-12-31,-2.95,0.016104665031164263,-0.005459208485140428
2020-01-01,2.05,-0.01138746140281783,-0.005554859220886746
2020-01-02,0.5,-0.0027223510763475832,-0.0054447021526951665
2020-01-03,-3.25,0.017104146578783955,-0.005262814331933525
2020-01-06,0.0,-0.0,-0.005515659335657112
2020-01-07,5.0,-0.02480365981654656,-0.004960731963309312
2020-01-08,-4.55,0.019847054895976712,-0.004361990087027849
2020-01-09,7.892097861371188,-0.029769519883116134,-0.003772066743980278
2020-01-10,0.175,-0.0006098429227395455,-0.0034848167013688315
2020-01-13,0.625,-0.002194333953889727,-0.003510934326223563
2020-01-14,1.625,-0.005633641310109862,-0.0034668561908368384
2020-01-15,-0.7,0.0024049018363948398,-0.0034355740519926284
2020-01-16,1.675,-0.0057835103183157864,-0.0034528419810840516
2020-01-17,2.85,-0.009472139335800314,-0.0033235576616843206
2020-01-20,-0.175,0.0005669847081137416,-0.003239912617792809
2020-01-21,-1.6,0.005153253021912486,-0.003220783138695303
2020-01-22,2.5,-0.008051927462284007,-0.0032207709849136025
2020-01-23,-2.15,0.006981530481963465,-0.0032472234799830074
2020-01-24,-5.5,0.017180690380645826,-0.00312376188739015
2020-01-27,0.175,-0.0005935853847400901,-0.003391916484229087
2020-01-28,0.225,-0.0007614604189330134,-0.0033842685285911706
2020-01-29,2.2,-0.007317732529254275,-0.003326242058751943
2020-01-30,-3.325,0.010436274703887556,-0.0031387292342518964
2020-01-31,-1.95,0.006287229733772137,-0.0032242203762934034
2020-02-03,1.025,-0.003366472412032538,-0.0032843633288122324
2020-02-04,2.825,-0.008968043422477767,-0.003174528645124873
2020-02-05,2.275,-0.006895034118447763,-0.0030307842278891267
2020-02-06,5.75,-0.015552596940847431,-0.0027047994679734663
2020-02-07,-3.95,0.00958255323504967,-0.002425962844316372
2020-02-10,1.95,-0.004920124168932451,-0.002523140599452539
2020-02-11,3.2,-0.007694125039929636,-0.0024044140749780113
2020-02-12,0.275,-0.0006349995152120526,-0.0023090891462256456
2020-02-13,0.125,-0.00028757373672413564,-0.002300589893793085
2020-02-14,2.094335862831418,-0.004760779269985668,-0.002273168957508743
2020-02-17,0.175,-0.00038700782175294556,-0.002211473267159689
2020-02-18,-1.925,0.004210402852266612,-0.00218722226091772
2020-02-19,0.8,-0.0017915595266032919,-0.0022394494082541147
2020-02-20,0.775,-0.0017150407639304052,-0.0022129558244263292
2020-02-21,-8.775,0.016327577999902036,-0.0018606926495614855
2020-02-24,-0.5829533731441495,0.0012093311484089315,-0.0020744903522668095
2020-02-25,0.0,-0.0,-0.002088532453056102
2020-02-26,0.0,-0.0,-0.002088273970896703
2020-02-27,0.0,-0.0,-0.0020880155527102226
2020-02-28,0.0,-0.0,-0.0020877571984729147
2020-03-02,0.0,-0.0,-0.002087498908161045
2020-03-03,0.0,-0.0,-0.00208724068175089
2020-03-04,0.0,-0.0,-0.0020869825192187386
2020-03-05,0.0,-0.0,-0.0020867244205408915
2020-03-06,0.0,-0.0,-0.0020864663856936605
2020-03-09,0.0,-0.0,-0.0020862084146533702
2020-03-10,0.0,-0.0,-0.002085950507396355
2020-03-11,0.0,-0.0,-0.0020856926638989632
2020-03-12,0.0,-0.0,-0.0020854348841375537
2020-03-13,0.0,-0.0,-0.0020851771680884972
2020-03-16,0.0,0.0,0.008857738598222947
2020-03-17,0.0,0.0,0.00884549598084815
2020-03-18,0.0,0.0,0.008876453215931456
2020-03-19,0.0,0.0,0.00895955520014051
2020-03-20,0.0,0.0,0.008933703799542924
2020-03-23,0.0,0.0,0.009081912464180216
2020-03-24,0.0,0.0,0.00905007640173809
2020-03-25,0.0,0.0,0.009110723007364948
2020-03-26,0.0,0.0,0.009171832452955697
2020-03-27,0.0,0.0,0.008750990040690682
2020-03-30,0.0,0.0,0.00841256269436916
2020-03-31,0.0,0.0,0.008158718409941885
2020-04-01,0.0,0.0,0.008204997984156852
2020-04-02,0.0,0.0,0.008292360811093639
2020-04-03,0.0,0.0,0.008066188236352653
2020-04-06,0.0,0.0,0.008034916087761093
2020-04-07,0.0,0.0,0.007685620345147888
2020-04-08,0.0,-0.0,-0.002078075531254102
2020-04-09,0.0,-0.0,-0.002077818865743292
2020-04-10,0.0,-0.0,-0.002077562263626759
2020-04-13,0.0,-0.0,-0.0020773057248810213
2020-04-14,0.0,-0.0,-0.002077049249482605
2020-04-15,0.0,-0.0,-0.0020767928374080488
2020-04-16,0.0,-0.0,-0.0020765364886339054
2020-04-17,0.0,-0.0,-0.002076280203136736
2020-04-20,0.0,-0.0,-0.0020760239808931148
2020-04-21,0.0,-0.0,-0.0020757678218796274
2020-04-22,0.0,-0.0,-0.002075511726072872
2020-04-23,0.0,-0.0,-0.002075255951921693
2020-04-24,0.0,-0.0,-0.0020826899357679405
2020-04-27,0.0,-0.0,-0.002098890051549622
2020-04-28,0.0,-0.0,-0.0020989448374341734
2020-04-29,0.0,-0.0,-0.002103715905337954
2020-04-30,0.0,-0.0,-0.002107424672077697
2020-05-01,0.0,-0.0,-0.002107677263070134
2020-05-04,0.0,-0.0,-0.0021153559477651166
2020-05-05,0.0,-0.0,-0.002119317823063985
2020-05-06,0.0,-0.0,-0.0021259562331175817
2020-05-07,0.0,-0.0,-0.002127228122287029
2020-05-08,0.0,-0.0,-0.0021279283771938194
2020-05-11,0.0,-0.0,-0.002152507860654211
2020-05-12,0.0,-0.0,-0.0021531272673883444
2020-05-13,0.0,-0.0,-0.002155005166740388
2020-05-14,0.0,-0.0,-0.002162163082447701
2020-05-15,-0.00078146451608043,1.6923975851526045e-06,-0.002165674256895395
2020-05-18,0.0,-0.0,-0.002176103739588014
2020-05-19,0.0,-0.0,-0.002175880544957894
2020-05-20,0.0,-0.0,-0.0021834795425096196
2020-05-21,0.0,-0.0,-0.0021891737850484967
2020-05-22,0.0,-0.0,-0.0021889157305228476
2020-05-25,0.0,-0.0,-0.0021888752924048125
2020-05-26,0.0,-0.0,-0.002189490199589789
2020-05-27,0.0,-0.0,-0.002395111573915106
2020-05-28,0.0,-0.0,-0.002551241003312763
2020-05-29,0.0,-0.0,-0.0025745032559612194
2020-06-01,0.0,-0.0,-0.0026441741617091634
2020-06-02,0.0,-0.0,-0.002644261709380395
2020-06-03,0.0,-0.0,-0.0026471755884468575
2020-06-04,0.0,-0.0,-0.002646887462948772
2020-06-05,0.0,-0.0,-0.002654963002145959
2020-06-08,0.0,-0.0,-0.0027118364591706304
2020-06-09,0.0,-0.0,-0.002713419430181061
2020-06-10,0.0,-0.0,-0.0027310112526531347
2020-06-11,0.0,-0.0,-0.0027338905618011318
2020-06-12,0.0,-0.0,-0.0027363166311891516
2020-06-15,0.0,-0.0,-0.002796817776833842
2020-06-16,0.0,-0.0,-0.002796770159883398
2020-06-17,0.0,-0.0,-0.002796722617194499
2020-06-18,0.0,-0.0,-0.002796420909282305
2020-06-19,0.0,-0.0,-0.002796511199404771
2020-06-22,0.0,-0.0,-0.002830778545412414
2020-06-23,0.0,-0.0,-0.0028309049630387624
2020-06-24,0.0,-0.0,-0.0028981035065481974
2020-06-25,0.0,-0.0,-0.0029315299345545436
2020-06-26,0.0,-0.0,-0.0029332045695662124
2020-06-29,0.0,-0.0,-0.0030214375648652896
2020-06-30,0.0,-0.0,-0.0030210670379434094
2020-07-01,0.0,-0.0,-0.003253294476364788
2020-07-02,0.0,-0.0,-0.0034744429893581656
2020-07-03,0.0,-0.0,-0.004369326372164613
2020-07-06,0.0,-0.0,-0.004369344479726713
2020-07-07,0.0,-0.0,-0.004375882526001121
2020-07-08,0.0,-0.0,-0.004423764939739499
2020-07-09,0.0,-0.0,-0.004432324577455149
2020-07-10,0.0,-0.0,-0.004484618954386171
2020-07-13,0.0,-0.0,-0.004644375860222395
2020-07-14,0.0,-0.0,-0.004644433038655467
2020-07-15,0.0,-0.0,-0.004696792591079493
2020-07-16,0.0,-0.0,-0.004830634082179159
2020-07-17,0.0,-0.0,-0.004934501416133906
2020-07-20,0.0,-0.0,-0.005747301598763335
2020-07-21,0.0,-0.0,-0.005747557377009812
2020-07-22,0.0,-0.0,-0.005748440194149785
2020-07-23,0.0,-0.0,-0.0059035269476147905
2020-07-24,0.0,-0.0,-0.0062923844851170705
2020-07-27,0.0,-0.0,-0.0064377509724114915
2020-07-28,0.0,-0.0,-0.006478540296388667
2020-07-29,0.0,-0.0,-0.0068119679279765736
2020-07-30,0.0,-0.0,-0.007046929659851821
2020-07-31,0.0,-0.0,-0.009046763238096634
2020-08-03,0.0,-0.0,-0.010445286222562479
2020-08-04,0.0,-0.0,-0.010853278183819991
2020-08-05,0.0,-0.0,-0.012132257952652376
2020-08-06,0.0,-0.0,-0.012141353906488692
2020-08-07,-0.018376621771572774,0.00022312913505753457,-0.012142010530069148
2020-08-10,0.775,-0.009840599698810345,-0.01269754799846496
2020-08-11,0.95,-0.011826757611439132,-0.012449218538356982
2020-08-12,-1.45,0.018193457491902917,-0.012547212063381323
2020-08-13,2.325,-0.028050608717538953,-0.012064777943027506
2020-08-14,0.2739361063088421,-0.00323334213944457,-0.011803271146006666
2020-08-17,0.075,-0.008083601046614644,-0.10778134728819526
2020-08-18,0.5,-0.05435250537360057,-0.10870501074720114
2020-08-19,1.3,-0.11892410691148039,-0.0914800822396003
2020-08-20,-3.2,0.14937843683786964,-0.046680761511834264
2020-08-21,4.025,-0.11090379152926828,-0.02755373702590516
2020-08-24,0.975,-0.024932189531825553,-0.025571476442898002
2020-08-25,3.55,-0.06750974176040463,-0.019016828664902712
2020-08-26,-0.25,0.004532729388528114,-0.018130917554112457
2020-08-27,3.6,-0.052231478124614934,-0.014508743923504147
2020-08-28,4.25,-0.04578561424059664,-0.010773085703669798
2020-08-31,-0.275,0.002783508137945401,-0.010121847774346911
2020-09-01,-0.675,0.00682154686149975,-0.01010599535037
2020-09-02,3.05,-0.02797842324772603,-0.0091732535238446
2020-09-03,-7.825,0.041154006537261485,-0.005259297960033417
2020-09-04,-5.675,0.027621659479053828,-0.0048672527716394414
2020-09-07,-0.725,0.0037920962721361574,-0.005230477616739527
2020-09-08,4.181377137305369,-0.020172452019548728,-0.004824356033225117
2020-09-09,0.0,-0.0,-0.004569543023493984
2020-09-10,0.0,-0.0,-0.00456898619909619
2020-09-11,0.0,-0.0,-0.004568429510386202
2020-09-14,0.0,-0.0,-0.004567872957314428
2020-09-15,0.0,-0.0,-0.004567316539831305
2020-09-16,0.0,-0.0,-0.004566760257887285
2020-09-17,0.0,-0.0,-0.004566204111432852
2020-09-18,0.0,-0.0,-0.0045656481004185115
2020-09-21,0.0,-0.0,-0.0045650922247947945
2020-09-22,0.0,-0.0,-0.0045645364845122525
2020-09-23,0.0,-0.0,-0.004563980879521466
2020-09-24,0.0,-0.0,-0.004563425409773035
2020-09-25,0.0,-0.0,-0.004562870075217589
2020-09-28,0.0,-0.0,-0.004562314875805774
2020-09-29,0.0,-0.0,-0.004561759811488266
2020-09-30,0.0,-0.0,-0.004561204882215763
2020-10-01,0.0,-0.0,-0.004560650087938986
2020-10-02,0.0,-0.0,-0.004560095428608683
2020-10-05,0.0,-0.0,-0.004559540904175622
2020-10-06,0.0,-0.0,-0.004558986514590599
2020-10-07,0.0,-0.0,-0.004558432259804432
2020-10-08,0.0,-0.0,-0.00455787813976796
2020-10-09,0.0,-0.0,-0.004557324154432051
2020-10-12,0.0,-0.0,-0.004556770303747594
2020-10-13,-0.019222930670891918,8.758367646375466e-05,-0.004556208309921085
2020-10-14,-0.1,0.0004556595887707061,-0.004556595887707061
2020-10-15,-5.55,0.02198961998312771,-0.003962093690653642
2020-10-16,1.55,-0.006526276607061836,-0.0042105010368140875
2020-10-19,0.875,-0.0036014449038152276,-0.004115937032931689
2020-10-20,-4.975,0.018336392467316217,-0.0036857070286062748
2020-10-21,1.6307818448313196,-0.006327016901954415,-0.0038797445053779414
2020-10-22,0.0,-0.0,-0.0038033982043652868
2020-10-23,0.0,-0.0,-0.003802936483165297
2020-10-26,0.0,-0.0,-0.0038024748740548534
2020-10-27,0.0,-0.0,-0.003802013376993144
2020-10-28,0.0,-0.0,-0.0038015519919393772
2020-10-29,0.0,-0.0,-0.003801090718852779
2020-10-30,0.0,-0.0,-0.0038006295576925968
2020-11-02,0.0,-0.0,-0.0038001685084180998
2020-11-03,0.0,-0.0,-0.003799707570988572
2020-11-04,0.0,-0.0,-0.003799246745363322
2020-11-05,0.0,-0.0,-0.003798786031501676
2020-11-06,0.0,-0.0,-0.0037983254293629783
2020-11-09,0.0,-0.0,-0.0037978649476659125
2020-11-10,0.0,-0.0,-0.003797404568850169
2020-11-11,0.0,-0.0,-0.003796944301635533
2020-11-12,-0.018502632646718985,7.024486067961726e-05,-0.0037964792373518562
2020-11-13,6.270953219421131,-0.020731106783400434,-0.0033058940256795784
2020-11-16,0.45,-0.0013724762962499602,-0.0030499473249999114
2020-11-17,-0.275,0.0008334278909878099,-0.0030306468763193085
2020-11-18,-2.075,0.006222848223406546,-0.0029989629992320703
2020-11-19,-1.65,0.005039550053152089,-0.0030542727594861144
2020-11-20,-1.5,0.004644955680101447,-0.003096637120067631
2020-11-23,1.85,-0.005773785881372788,-0.003120965341282588
2020-11-24,5.675,-0.01570722481170871,-0.0027677929183627685
2020-11-25,-0.55,0.001411113342854044,-0.002565660623370989
2020-11-26,0.95,-0.002449116868145292,-0.002578017755942413
2020-11-27,0.5,-0.0012713030034707967,-0.0025426060069415933
2020-11-30,-3.675,0.008934587600259426,-0.00243118029939032
2020-12-01,4.825,-0.011586194157335548,-0.002401283763178352
2020-12-02,0.325,-0.0007304486657455383,-0.0022475343561401176
2020-12-03,0.925,-0.0020646410978878054,-0.002232044430148979
2020-12-04,3.35,-0.007171387406269559,-0.002140712658587928
2020-12-07,-1.075,0.002184110328083039,-0.002031730537751664
2020-12-08,-0.875,0.0018028975367240941,-0.002060454327684679
2020-12-09,-0.7375,0.0015370322208817947,-0.0020841114859414165
2020-12-10,-0.5625,0.0011838931545193395,-0.0021046989413677146
2020-12-11,-0.575,0.0012189108945110559,-0.002119845033932271
2020-12-14,-0.825,0.0017601294900327716,-0.002133490290948814
2020-12-15,4.225,-0.008732523878409365,-0.002066869557019968
2020-12-16,0.7,-0.0013589912934680055,-0.0019414161335257222
2020-12-17,2.075,-0.003945469119784547,-0.001901430901100986
2020-12-18,0.2,-0.00036826810283673077,-0.0018413405141836537
2020-12-21,-3.225,0.005778051971054148,-0.001791644022032294
2020-12-22,-0.95,0.001784169311684802,-0.0018780729596682127
2020-12-23,1.025,-0.0019473897972066903,-0.001899892485079698
2020-12-24,1.0,-0.0018667691097501292,-0.0018667691097501292
2020-12-25,0.0,-0.0,-0.0018386718537447891
2020-12-28,3.45,-0.006175428340005234,-0.0017899792289870244
2020-12-29,-0.525,0.0008899422507769591,-0.0016951280967180172
2020-12-30,0.05,-8.545735685145132e-05,-0.0017091471370290262
2020-12-31,2.4,-0.004046606995010148,-0.0016860862479208952
2021-01-01,0.0,-0.0,-0.0016216523045746644
2021-01-04,-5.275,0.008062785716841802,-0.0015284901832875453
2021-01-05,2.15,-0.0035382079419777127,-0.0016456781125477734
2021-01-06,3.175,-0.004951981301128294,-0.0015596791499616672
2021-01-07,4.675,-0.006637230010690336,-0.0014197283445326922
2021-01-08,2.6,-0.0033622997118849546,-0.0012931921968788286
2021-01-11,-3.025,0.003665948346778325,-0.0012118837510010992
2021-01-12,0.075,-9.60401878128193e-05,-0.0012805358375042573
2021-01-13,1.325,-0.0016887323054061928,-0.001274514947476372
2021-01-14,-1.6,0.0019815203679929825,-0.001238450229995614
2021-01-15,-2.75,0.0034563664257836833,-0.0012568605184667939
2021-01-18,0.0,-0.0,-0.0013178830977920422
2021-01-19,3.175,-0.004108428285902088,-0.0012939931609140436
2021-01-20,4.625,-0.005454846804759281,-0.001179426336164169
2021-01-21,0.625,-0.0006758003827956821,-0.0010812806124730913
2021-01-22,-1.65,0.0017540135795300702,-0.0010630385330485275
2021-01-25,1.7,-0.001856433633386587,-0.0010920197843450512
2021-01-26,-0.05,5.282531688655314e-05,-0.0010565063377310628
2021-01-27,-11.275,0.009800460466773648,-0.0008692204405120753
2021-01-28,3.41174004339426,-0.003564980547467915,-0.0010449156448394583
2021-01-29,0.0,-0.0,-0.0009873838901379825
2021-02-01,0.0,-0.0,-0.000987265508277142
2021-02-02,0.0,-0.0,-0.0009879641462641224
2021-02-03,0.0,-0.0,-0.0009890759669187077
2021-02-04,0.0,-0.0,-0.0009918356414989002
2021-02-05,0.0,-0.0,-0.0009991941461214829
2021-02-08,-0.013532692943064032,1.3521572979886026e-05,-0.0009991782889610522
2021-02-09,0.025,-2.498238696900179e-05,-0.0009992954787600716
2021-02-10,-0.25,0.00024975276077720784,-0.0009990110431088313
2021-02-11,-0.25,0.0002513576622594952,-0.0010054306490379808
2021-02-12,2.5375,-0.0025754890918831793,-0.0010149710706928786
2021-02-15,-0.0074298229620819245,7.385017153671494e-06,-0.0009939694648662429
2021-02-16,-0.1875,0.00018661713536511444,-0.0009952913886139437
2021-02-17,-0.225,0.00022879236286427938,-0.0010168549460634639
2021-02-18,-1.625,0.0016524812293504207,-0.001016911525754105
2021-02-19,-1.15,0.0012234240685481462,-0.0010638470161288228
2021-02-22,-2.5625,0.002827538933159104,-0.0011034298275742844
2021-02-23,0.2375,-0.0002732642260365255,-0.0011505862148906338
2021-02-24,4.75,-0.005267641428219048,-0.0011089771427829575
2021-02-25,-9.55,0.008733069541181089,-0.0009144575435791716
2021-02-26,-2.0365147208556307,0.002347011196817463,-0.001152464636165939
2021-03-01,0.0,-0.0,-0.0012439719330417146
2021-03-02,0.0,-0.0,-0.0012447909361670707
2021-03-03,0.0,-0.0,-0.001277729886783718
2021-03-04,0.0,-0.0,-0.001277576524254597
2021-03-05,0.0,-0.0,-0.0012774231985364524
2021-03-08,0.0,-0.0,-0.0012772699096160333
2021-03-09,0.0,-0.0,-0.0012771166574800936
2021-03-10,0.0,-0.0,-0.0012769634421153943
2021-03-11,0.0,-0.0,-0.0012768102635087027
2021-03-12,0.0,-0.0,-0.001276657121646793
2021-03-15,0.0,-0.0,-0.0012765040165164442
2021-03-16,-0.011804156717929854,1.5066243426469826e-05,-0.0012763506776883981
2021-03-17,0.375,-0.0004785536757786824,-0.0012761431354098198
2021-03-18,-5.075,0.006197791086990875,-0.001221239623052389
2021-03-19,-1.386878299398409,0.0018136414807197237,-0.0013077149462259474
2021-03-22,0.0,-0.0,-0.0013321632669529892
2021-03-23,0.0,-0.0,-0.00133200362003558
2021-03-24,0.0,-0.0,-0.0013318440113778713
2021-03-25,0.0,-0.0,-0.0013316844409661122
2021-03-26,0.0,-0.0,-0.001331524908786557
2021-03-29,0.0,-0.0,-0.0013313654148254675
2021-03-30,-0.011846199662775133,1.5769728355049773e-05,-0.0013312056865463552
2021-03-31,1.675,-0.0022207649106212265,-0.0013258297973858068
2021-04-01,4.3625,-0.005502118851390121,-0.0012612306822670765
2021-04-02,0.0,-0.0,-0.001186153430334424
2021-04-05,6.0375,-0.006809616678159545,-0.0011278868203990966
2021-04-06,-0.375,0.00038586310922109003,-0.0010289682912562402
2021-04-07,0.875,-0.0009046653284402094,-0.0010339032325030965
2021-04-08,2.275,-0.0023034118914743544,-0.0010124887435052107
2021-04-09,1.6,-0.0016219406099438817,-0.001013712881214926
2021-04-12,0.85,-0.0008406305539231579,-0.0009889771222625387
2021-04-13,1.175,-0.0011440925011766097,-0.0009736957456822211
2021-04-14,-1.1,0.0010846011470624117,-0.0009860010427840105
2021-04-15,3.925,-0.003873919091488442,-0.0009869857557932337
2021-04-16,0.975,-0.0008955721927770156,-0.0009185355823354005
2021-04-19,-1.575,0.0014153655376501274,-0.0008986447858096047
2021-04-20,-3.625,0.003293626129268916,-0.0009085865184190112
2021-04-21,3.65,-0.003473198600177428,-0.000951561260322583
2021-04-22,-2.675,0.0023621712660040354,-0.0008830546788800133
2021-04-23,3.6,-0.0032781017110418502,-0.0009105838086227361
2021-04-26,1.525,-0.001296888322557139,-0.0008504185721686157
2021-04-27,-0.1,8.260454434708092e-05,-0.0008260454434708091
2021-04-28,0.45,-0.0003722929107366594,-0.0008273175794147986
2021-04-29,1.525,-0.001246793203075525,-0.0008175693134921477
2021-04-30,-1.95,0.001539280429106126,-0.0007893745790287825
2021-05-03,0.3,-0.0002459806361637845,-0.0008199354538792817
2021-05-04,-2.525,0.0020412129710372885,-0.0008084011766484312
2021-05-05,0.0,-0.0,-0.0008477818160136332
2021-05-06,3.8,-0.0031622578576447177,-0.0008321731204328205
2021-05-07,3.05,-0.0023324902450977372,-0.000764750900032045
2021-05-10,-5.1,0.0037260037559258426,-0.0007305889717501653
2021-05-11,-3.575,0.002847080390638177,-0.000796386123255434
2021-05-12,-8.8,0.006823177107826759,-0.0007753610349803135
2021-05-13,5.862985761309616,-0.005084356495300563,-0.0008671957774232884
2021-05-14,0.0,-0.0,-0.0007910788137232001
2021-05-17,-0.005033087850842448,3.991042929329166e-06,-0.000792961110079002
2021-05-18,0.0,-0.0,-0.0007959598502297119
2021-05-19,0.0,-0.0,-0.0008255058693331246
2021-05-20,0.0,-0.0,-0.0008256962820191125
2021-05-21,0.0,-0.0,-0.000826460701394581
2021-05-24,0.0,-0.0,-0.0008266014885810425
2021-05-25,-0.01179267184725108,9.901583789512702e-06,-0.0008396387110373805
2021-05-26,0.525,-0.0004531126213731529,-0.0008630716597583865
2021-05-27,1.75,-0.0014914241006746254,-0.0008522423432426431
2021-05-28,-0.8,0.0006614840488899134,-0.0008268550611123918
2021-05-31,0.0,-0.0,-0.0008499142620242103
2021-06-01,-0.475,0.0004041204768758101,-0.000850779951317495
2021-06-02,0.825,-0.0007076781033728303,-0.0008577916404519155
2021-06-03,-1.55,0.001307536560790944,-0.0008435719747038349
2021-06-04,3.65,-0.0031127037692100378,-0.0008527955532082295
2021-06-07,-0.05,4.0000725191612595e-05,-0.0008000145038322519
2021-06-08,-0.2,0.0001602525041043201,-0.0008012625205216005
2021-06-09,-0.3,0.000246489189243515,-0.0008216306308117166
2021-06-10,1.675,-0.001379601200765493,-0.0008236425079196974
2021-06-11,0.65,-0.0005216691102033426,-0.0008025678618512963
2021-06-14,1.025,-0.0008116144689591589,-0.0007918189941064966
2021-06-15,-0.875,0.0006875881384524283,-0.0007858150153742038
2021-06-16,-3.5,0.0027571014688458047,-0.000787743276813087
2021-06-17,1.3,-0.0010905117221026823,-0.0008388551708482171
2021-06-18,-7.375,0.005672371275192173,-0.0007691350881616505
2021-06-21,7.663713965788608,-0.00625595573016532,-0.0008163086146080574
2021-06-22,0.0,-0.0,-0.0007258093170933874
2021-06-23,0.0,-0.0,-0.0007259415939830574
2021-06-24,0.0,-0.0,-0.0007258572727591255
2021-06-25,-0.011174728037265649,8.16166287820789e-06,-0.0007303679204532097
2021-06-28,0.675,-0.0004927928816925917,-0.000730063528433469
2021-06-29,0.3,-0.00022311047086454237,-0.0007437015695484746
2021-06-30,0.925,-0.0006869827110875653,-0.000742684011986557
2021-07-01,1.6,-0.0011779245769018925,-0.0007362028605636827
2021-07-02,2.925,-0.0021207430325649586,-0.0007250403530136611
2021-07-05,0.0,-0.0,-0.0006892743009548778
2021-07-06,-1.05,0.0007305632019189918,-0.0006957744780180874
2021-07-07,2.35,-0.0016592971619691118,-0.0007060838987102603
2021-07-08,-4.15,0.002741379599966721,-0.0006605733975823423
2021-07-09,5.175,-0.0036162191385272595,-0.0006987863069617893
2021-07-12,1.375,-0.0008697372775303963,-0.0006325362018402882
2021-07-13,-1.65,0.0010094720222729521,-0.000611801225619971
2021-07-14,0.7,-0.00044879180005160215,-0.0006411311429308603
2021-07-15,-1.825,0.0011766273862014516,-0.000644727334904905
2021-07-16,-2.95,0.001958344064407997,-0.0006638454455620328
2021-07-19,-5.75,0.003915336282939682,-0.0006809280492069013
2021-07-20,5.789348260938108,-0.0042438366595507655,-0.0007330422127452207
2021-07-21,0.0,-0.0,-0.0006577557015220453
2021-07-22,-0.010679070775376272,8.140208349204802e-06,-0.0007622581140649837
2021-07-23,2.825,-0.0021634807541991282,-0.0007658338952917268
2021-07-26,1.575,-0.001135236421427499,-0.0007207850294777771
2021-07-27,-3.15,0.0021684823721645416,-0.0006884071022744577
2021-07-28,0.85,-0.0006243690119053328,-0.0007345517787121562
2021-07-29,0.5,-0.00036080177014653834,-0.0007216035402930767
2021-07-30,-0.175,0.00012496049287937433,-0.0007140599593107105
2021-08-02,-1.15,0.0008227175781499283,-0.0007154065896955898
2021-08-03,2.5,-0.0018169414570495682,-0.0007267765828198273
2021-08-04,-1.225,0.0008435712589310257,-0.0006886295991273679
2021-08-05,2.45,-0.0017185550519546997,-0.0007014510416141631
2021-08-06,0.925,-0.0006151265897567869,-0.0006650017186559859
2021-08-09,-0.275,0.0001805409868901331,-0.0006565126796004839
2021-08-10,0.2,-0.00013208782708525464,-0.0006604391354262731
2021-08-11,1.2,-0.0007875595807876467,-0.0006562996506563723
2021-08-12,1.45,-0.0009237221286752129,-0.00063704974391394
2021-08-13,0.375,-0.00023162535946555975,-0.0006176676252414927
2021-08-16,1.219645052056886,-0.0007463939550031878,-0.0006119763727524022
2021-08-17,-3.45,0.0020361778751195993,-0.0005901964855419129
2021-08-18,-4.9,0.0030491076202354395,-0.0006222668612725386
2021-08-19,1.475,-0.0010450213875091126,-0.0007084890762773644
2021-08-20,3.425,-0.002602701148852022,-0.0007599127441903714
2021-08-23,4.375,-0.0030236596362828608,-0.0006911222025789396
2021-08-24,0.25,-0.00015557070571676037,-0.0006222828228670415
2021-08-25,0.975,-0.000602077954724822,-0.0006175158509998175
2021-08-26,-2.35,0.0014049252445920693,-0.0005978405296136464
2021-08-27,3.75,-0.0023361865128797197,-0.0006229830701012586
2021-08-30,2.25,-0.0012644229264167008,-0.0005619657450740892
2021-08-31,-0.2,0.00010554115971899863,-0.0005277057985949931
2021-09-01,-0.525,0.00027850980121239274,-0.0005304948594521766
2021-09-02,1.375,-0.0007385321176399246,-0.0005371142673744906
2021-09-03,-0.275,0.00014195152006427297,-0.0005161873456882653
2021-09-06,0.0,-0.0,-0.000520288299923536
2021-09-07,-1.6,0.0008296817246866913,-0.000518551077929182
2021-09-08,-0.65,0.0003525163506854156,-0.0005423328472083317
2021-09-09,-2.05,0.0011259829567009287,-0.0005492599788785019
2021-09-10,-2.95,0.0017481006014674763,-0.0005925764750737207
2021-09-13,1.475,-0.0009403005247394527,-0.0006374918811792899
2021-09-14,-2.95,0.0017938000777016321,-0.0006080678229497058
2021-09-15,3.925,-0.002512777985894,-0.0006401982129666243
2021-09-16,-1.625,0.0009423922758711523,-0.0005799337082284014
2021-09-17,-5.2,0.0030388176261934834,-0.0005843880050372083
2021-09-20,-6.535686905211285,0.0040963656179700434,-0.0006267689498258817
2021-09-21,0.0,-0.0,-0.0007157301230563692
2021-09-22,0.0,-0.0,-0.0007156457897183181
2021-09-23,0.0,-0.0,-0.0007178528345183402
2021-09-24,0.0,-0.0,-0.0007337060575395394
2021-09-27,0.0,-0.0,-0.0007336195196243283
2021-09-28,0.0,-0.0,-0.0007661155173395425
2021-09-29,0.0,-0.0,-0.0007661564678627766
2021-09-30,0.0,-0.0,-0.0007667816398802345
2021-10-01,0.0,-0.0,-0.0007715627646295703
2021-10-04,0.0,-0.0,-0.0007739040662431168
2021-10-05,0.0,-0.0,-0.00077450199371151
2021-10-06,0.0,-0.0,-0.0007757308648006491
2021-10-07,0.0,-0.0,-0.0007768000209294731
2021-10-08,0.0,-0.0,-0.0007917924331566091
2021-10-11,0.0,-0.0,-0.0007926490313804525
2021-10-12,0.0,-0.0,-0.0007950448107936617
2021-10-13,0.0,-0.0,-0.0008084005582967497
2021-10-14,0.0,-0.0,-0.0008224119176194832
2021-10-15,0.0,-0.0,-0.0008300960859583445
2021-10-18,0.0,-0.0,-0.0008444707229993978
2021-10-19,0.0,-0.0,-0.0008470215875537126
2021-10-20,-0.010717926737256751,9.077367813817523e-06,-0.0008469331836598158
2021-10-21,0.7,-0.0005926744063383658,-0.0008466777233405227
2021-10-22,-0.275,0.00023040718518202937,-0.000837844309752834
2021-10-25,3.6,-0.0029947681553429014,-0.000831880043150806
2021-10-26,-0.2,0.0001548772858912687,-0.0007743864294563435
2021-10-27,-1.55,0.0012115390421992634,-0.0007816380917414602
2021-10-28,3.075,-0.0024485903322491558,-0.0007962895389428149
2021-10-29,2.4,-0.0018148983482860039,-0.0007562076451191683
2021-11-01,0.325,-0.00023615906499775487,-0.0007266432769161688
2021-11-02,1.575,-0.0011735612830556402,-0.0007451182749559621
2021-11-03,3.025,-0.0021850431449302724,-0.0007223283123736438
2021-11-04,2.1,-0.0015717710691270483,-0.000748462413870023
2021-11-05,1.3,-0.0009716219983901325,-0.0007474015372231788
2021-11-08,0.625,-0.00045070481732744315,-0.000721127707723909
2021-11-09,-1.675,0.0011815561532080461,-0.0007054066586316693
2021-11-10,-3.1,0.002252936995267042,-0.0007267538694409812
2021-11-11,0.225,-0.0001769931011238083,-0.0007866360049947035
2021-11-12,3.45,-0.0026473649603190813,-0.0007673521624113279
2021-11-15,-0.004118389854222426,2.890038432033135e-06,-0.0007017398872693147
2021-11-16,1.55,-0.0010835421768527786,-0.0006990594689372764
2021-11-17,-1.125,0.0007518560958516381,-0.0006683165296459006
2021-11-18,2.0,-0.0013708563672640403,-0.0006854281836320202
2021-11-19,-0.75,0.0004877883520303994,-0.0006503844693738659
2021-11-22,-1.375,0.0009117931808264963,-0.0006631223133283609
2021-11-23,0.075,-5.166606722983487e-05,-0.0006888808963977982
2021-11-24,1.575,-0.00107880143936212,-0.000684953294833092
2021-11-25,0.0,-0.0,-0.0006560857676958585
2021-11-26,-12.15,0.006487524953153164,-0.0005339526710414126
2021-11-29,7.675,-0.0052153321574577825,-0.0006795221052062258
2021-11-30,-7.025,0.0037709224193140014,-0.0005367861095108899
2021-12-01,-7.810598057545231,0.004616597132725406,-0.0005910683277659716
2021-12-02,0.0,-0.0,-0.0006903278726729878
2021-12-03,0.0,-0.0,-0.0006923214322678183
2021-12-06,0.0,-0.0,-0.0006925536999380526
2021-12-07,0.0,-0.0,-0.0006932530857523023
2021-12-08,0.0,-0.0,-0.0006937416955872229
2021-12-09,0.0,-0.0,-0.0007029064789005915
2021-12-10,0.0,-0.0,-0.0007041189150631062
2021-12-13,0.0,-0.0,-0.0007484115128050684
2021-12-14,0.0,-0.0,-0.0008029751805827288
2021-12-15,0.0,-0.0,-0.0008028811050944907
2021-12-16,0.0,-0.0,-0.0008027870516471847
2021-12-17,0.0,-0.0,-0.0008026930202330658
2021-12-20,0.0,-0.0,-0.0008025991354694727
2021-12-21,0.0,-0.0,-0.0008029600674218301
2021-12-22,0.0,-0.0,-0.0008029559598693784
2021-12-23,0.0,-0.0,-0.0008037176391044254
2021-12-24,0.0,-0.0,-0.0008061943639299882
2021-12-27,0.0,-0.0,-0.0008148113645156903
2021-12-28,0.0,-0.0,-0.0008147160028680974
2021-12-29,0.0,-0.0,-0.0008157566803949745
2021-12-30,-0.01161775932189652,9.542813869633848e-06,-0.0008213988261616051
2021-12-31,-1.1,0.0009224407417131456,-0.0008385824924664959
2022-01-03,2.3,-0.002024125954306977,-0.000880054762742164
2022-01-04,-0.075,6.3417646317663e-05,-0.00084556861756884
2022-01-05,-9.175,0.00700311126367326,-0.0007632818815992653
2022-01-06,0.1631609213260504,-0.00014608032792076575,-0.0008953144339559601
2022-01-07,0.0,-0.0,-0.000896479965434838
2022-01-10,0.0,-0.0,-0.0009059508337725476
2022-01-11,0.0,-0.0,-0.0009441643529442281
2022-01-12,0.0,-0.0,-0.0009863520824120316
2022-01-13,0.0,-0.0,-0.000986236806350854
2022-01-14,0.0,-0.0,-0.0009861217075670659
2022-01-17,0.0,-0.0,-0.000996639084363889
2022-01-18,0.0,-0.0,-0.000999874069375624
2022-01-19,0.0,-0.0,-0.0010133898633006085
2022-01-20,0.0,-0.0,-0.0010142785625701098
2022-01-21,0.0,-0.0,-0.0010145089971316497
2022-01-24,0.0,-0.0,-0.0010144332779638723
2022-01-25,0.0,-0.0,-0.001016164191144729
2022-01-26,0.0,-0.0,-0.0010248764487055476
2022-01-27,0.0,-0.0,-0.001026899758188304
2022-01-28,0.0,-0.0,-0.0010354410604357979
2022-01-31,0.0,-0.0,-0.0010365665878415051
2022-02-01,0.0,-0.0,-0.0010365559197754962
2022-02-02,0.0,-0.0,-0.0010364933136202297
2022-02-03,0.0,-0.0,-0.0010384767450681645
2022-02-04,0.0,-0.0,-0.0010414431420762654
2022-02-07,0.0,-0.0,-0.0010415288088557414
2022-02-08,0.0,-0.0,-0.0010436032722476172
2022-02-09,0.0,-0.0,-0.0010613894644799812
2022-02-10,0.0,-0.0,-0.0010993230918590773
2022-02-11,0.0,-0.0,-0.0011027783241014234
2022-02-14,0.0,-0.0,-0.0011223783864298376
2022-02-15,-0.002081131956046653,2.405779642088342e-06,-0.0011559957239128625
2022-02-16,0.0,-0.0,-0.0011560131787915963
2022-02-17,0.0,-0.0,-0.00115760756198137
2022-02-18,0.0,-0.0,-0.0011676196032695122
2022-02-21,0.0,-0.0,-0.0011941402311675866
2022-02-22,0.0,-0.0,-0.0012038968304400979
2022-02-23,0.0,-0.0,-0.001203835437219601
2022-02-24,0.0,-0.0,-0.0012042386563824554
2022-02-25,0.0,-0.0,-0.0012078388042518584
2022-02-28,0.0,-0.0,-0.001207848249906315
2022-03-01,0.0,-0.0,-0.0012077076296791083
2022-03-02,0.0,-0.0,-0.001212668383581351
2022-03-03,0.0,-0.0,-0.0012133732037294795
2022-03-04,0.0,-0.0,-0.0012217103533484833
2022-03-07,0.0,-0.0,-0.0012395053129619486
2022-03-08,0.0,-0.0,-0.001243927452108711
2022-03-09,0.0,-0.0,-0.0012623875354780306
2022-03-10,0.0,-0.0,-0.0012965737901489522
2022-03-11,0.0,-0.0,-0.0013024955793123128
2022-03-14,0.0,-0.0,-0.0013679587474326608
2022-03-15,0.0,-0.0,-0.0014860742363179981
2022-03-16,0.0,-0.0,-0.0014859014457208426
2022-03-17,0.0,-0.0,-0.0014857286953008457
2022-03-18,0.0,-0.0,-0.0014855559850439945
2022-03-21,0.0,-0.0,-0.0014853833149362852
2022-03-22,0.0,-0.0,-0.001485210684963719
2022-03-23,0.0,-0.0,-0.0014850380951123038
2022-03-24,0.0,-0.0,-0.0014848655453680542
2022-03-25,0.0,-0.0,-0.0014846930357169928
2022-03-28,0.0,-0.0,-0.0014845205661451451
2022-03-29,0.0,-0.0,-0.0014843481366385476
2022-03-30,0.0,-0.0,-0.0014841757471832394
2022-03-31,0.0,-0.0,-0.0014840033977652687
2022-04-01,0.0,-0.0,-0.0014838310883706885
2022-04-04,0.0,-0.0,-0.0014836588189855587
2022-04-05,0.0,-0.0,-0.001483486589595947
2022-04-06,0.0,-0.0,-0.0014833144001879254
2022-04-07,0.0,-0.0,-0.001483142250747574
2022-04-08,0.0,-0.0,-0.0014829701412609779
2022-04-11,0.0,-0.0,-0.001482798071714231
2022-04-12,0.0,-0.0,-0.001482626042093431
2022-04-13,0.0,-0.0,-0.0014824540523846839
2022-04-14,0.0,-0.0,-0.0014822824472722235
2022-04-15,0.0,-0.0,-0.0014835821521666337
2022-04-18,0.0,-0.0,-0.0014836374696430088
2022-04-19,0.0,-0.0,-0.0015234807368481565
2022-04-20,0.0,-0.0,-0.0015234309415720678
2022-04-21,0.0,-0.0,-0.0015309101812473417
2022-04-22,0.0,-0.0,-0.0015616231322248648
2022-04-25,0.0,-0.0,-0.0015808757850858475
2022-04-26,0.0,-0.0,-0.0015810534329335929
2022-04-27,0.0,-0.0,-0.0015893913608226802
2022-04-28,0.0,-0.0,-0.0016214470722046496
2022-04-29,0.0,-0.0,-0.0016372666010537869
2022-05-02,0.0,-0.0,-0.001643294673798685
2022-05-03,0.0,-0.0,-0.0016445480706304366
2022-05-04,0.0,-0.0,-0.0016548007855897052
2022-05-05,0.0,-0.0,-0.001691403128824968
2022-05-06,0.0,-0.0,-0.0016914054456101792
2022-05-09,0.0,-0.0,-0.001739113969057127
2022-05-10,0.0,-0.0,-0.0017389127397353606
2022-05-11,0.0,-0.0,-0.0017487096493839136
2022-05-12,0.0,-0.0,-0.001753820035627542
2022-05-13,0.0,-0.0,-0.0017706203685636005
2022-05-16,0.0,-0.0,-0.0017728328020110275
2022-05-17,0.0,-0.0,-0.0017808001384592767
2022-05-18,0.0,-0.0,-0.0017806185811432677
2022-05-19,0.0,-0.0,-0.0017912481851888133
2022-05-20,0.0,-0.0,-0.0017910410430407825
2022-05-23,0.0,-0.0,-0.0028077305227792474
2022-05-24,0.0,-0.0,-0.0036298695188033436
2022-05-25,0.0,-0.0,-0.004810028913420969
2022-05-26,0.0,-0.0,-0.008043893437608208
2022-05-27,0.0,-0.0,-0.008042963769396056
2022-05-30,0.0,-0.0,-0.008042034316050774
2022-05-31,0.0,-0.0,-0.00804110507749788
2022-06-01,0.0,-0.0,-0.008040176053662926
2022-06-02,0.0,-0.0,-0.008039247244471501
2022-06-03,0.0,-0.0,-0.008038318649849227
2022-06-06,0.0,-0.0,-0.008037390269721756
2022-06-07,0.0,-0.0,-0.008036462104014779
2022-06-08,0.0,-0.0,-0.00803553415265402
2022-06-09,0.0,-0.0,-0.008034606415565238
2022-06-10,0.0,-0.0,-0.008033678892674229
2022-06-13,0.0,-0.0,-0.008032751583906815
2022-06-14,0.0,-0.0,-0.008031824489188856
2022-06-15,0.0,-0.0,-0.008030897608446252
2022-06-16,0.0,-0.0,-0.008029970941604929
2022-06-17,0.0,-0.0,-0.008029044488590856
2022-06-20,0.0,-0.0,-0.008028118249330024
2022-06-21,0.0,-0.0,-0.008027192223748472
2022-06-22,0.0,-0.0,-0.00802626641177226
2022-06-23,0.0,-0.0,-0.008025340813327493
2022-06-24,0.0,-0.0,-0.008024427367924962
2022-06-27,0.0,-0.0,-0.008131972873313926
2022-06-28,0.0,-0.0,-0.008641802639029198
2022-06-29,0.0,-0.0,-0.00864138371704594
2022-06-30,0.0,-0.0,-27.326233377522065
2022-07-01,0.0,-0.0,-167970.65994877147
2022-07-04,0.0,-0.0,-167951.3049997491
2022-07-05,0.0,-0.0,-167931.95451068284
2022-07-06,0.0,-0.0,-167912.60848003134
2022-07-07,0.0,-0.0,-167893.26690625402
2022-07-08,0.0,-0.0,-167873.9297878108
2022-07-11,0.0,-0.0,-167854.59712316253
2022-07-12,0.0,-0.0,-167835.2689107706
2022-07-13,0.0,-0.0,-167815.94514909718
2022-07-14,0.0,-0.0,-167796.62583660518
2022-07-15,0.0,-0.0,-167777.3109717581
2022-07-18,0.0,-0.0,-167758.0005530203
2022-07-19,0.0,-0.0,-167738.69457885678
2022-07-20,0.0,-0.0,-167719.39304773323
2022-07-21,0.0,-0.0,-167700.095958116
2022-07-22,0.0,-0.0,-167680.80330847218
2022-07-25,0.0,-0.0,-167661.5150972698
2022-07-26,0.0,-0.0,-167642.23132297717
2022-07-27,0.0,-0.0,-167622.95198406358
2022-07-28,0.0,-0.0,-167603.677078999
2022-07-29,0.0,-0.0,-167584.40660625405
2022-08-01,0.0,-0.0,-167565.14056429997
2022-08-02,0.0,-0.0,-167545.87895160896
2022-08-03,0.0,-0.0,-167526.6217666537
2022-08-04,0.0,-0.0,-167507.3690079076
2022-08-05,0.0,-0.0,-167488.1206738448
2022-08-08,0.0,-0.0,-167468.87676294026
2022-08-09,0.0,-0.0,-167449.63727366933
2022-08-10,0.0,0.0,
2022-08-11,0.0,0.0,
2022-08-12,0.0,0.0,
2022-08-15,0.0,0.0,
2022-08-16,0.0,0.0,
2022-08-17,0.0,0.0,
2022-08-18,0.0,0.0,
2022-08-19,0.0,0.0,
2022-08-22,0.0,0.0,
2022-08-23,0.0,0.0,
2022-08-24,0.0,0.0,
2022-08-25,0.0,0.0,
2022-08-26,0.0,0.0,
2022-08-29,0.0,0.0,
2022-08-30,0.0,0.0,
2022-08-31,0.0,0.0,
2022-09-01,0.0,0.0,
2022-09-02,0.0,0.0,
2022-09-05,0.0,0.0,
2022-09-06,0.0,0.0,
2022-09-07,0.0,0.0,
2022-09-08,0.0,0.0,
2022-09-09,0.0,0.0,
2022-09-12,0.0,0.0,
2022-09-13,0.0,0.0,
2022-09-14,0.0,0.0,
2022-09-15,0.0,0.0,
2022-09-16,0.0,0.0,
2022-09-19,0.0,0.0,
2022-09-20,0.0,0.0,
2022-09-21,0.0,0.0,
2022-09-22,0.0,0.0,
2022-09-23,0.0,0.0,
2022-09-26,0.0,0.0,
2022-09-27,0.0,0.0,
2022-09-28,0.0,0.0,
2022-09-29,0.0,0.0,
2022-09-30,0.0,0.0,
2022-10-03,0.0,0.0,
2022-10-04,0.0,0.0,
2022-10-05,0.0,0.0,
2022-10-06,0.0,0.0,
2022-10-07,0.0,0.0,
2022-10-10,0.0,0.0,
2022-10-11,0.0,0.0,
2022-10-12,0.0,0.0,
2022-10-13,0.0,0.0,
2022-10-14,0.0,0.0,
2022-10-17,0.0,0.0,
2022-10-18,0.0,0.0,
2022-10-19,0.0,0.0,
2022-10-20,0.0,0.0,
2022-10-21,0.0,0.0,
2022-10-24,0.0,0.0,
2022-10-25,0.0,0.0,
2022-10-26,0.0,0.0,
2022-10-27,0.0,0.0,
2022-10-28,0.0,0.0,
2022-10-31,0.0,0.0,
2022-11-01,0.0,0.0,
2022-11-02,0.0,0.0,
2022-11-03,0.0,0.0,
2022-11-04,0.0,0.0,
2022-11-07,0.0,0.0,
2022-11-08,0.0,0.0,
2022-11-09,0.0,0.0,
2022-11-10,0.0,0.0,
2022-11-11,0.0,0.0,
2022-11-14,0.0,0.0,
2022-11-15,0.0,0.0,
2022-11-16,0.0,0.0,
2022-11-17,0.0,0.0,
2022-11-18,0.0,0.0,
2022-11-21,0.0,0.0,
2022-11-22,0.0,0.0,
2022-11-23,0.0,0.0,
2022-11-24,0.0,0.0,
2022-11-25,0.0,0.0,
2022-11-28,0.0,0.0,
2022-11-29,0.0,0.0,
2022-11-30,0.0,0.0,
2022-12-01,0.0,0.0,
2022-12-02,0.0,0.0,
2022-12-05,0.0,0.0,
2022-12-06,0.0,0.0,
2022-12-07,0.0,0.0,
2022-12-08,0.0,0.0,
2022-12-09,0.0,0.0,
2022-12-12,0.0,0.0,
2022-12-13,0.0,0.0,
2022-12-14,0.0,0.0,
2022-12-15,0.0,0.0,
2022-12-16,0.0,0.0,
2022-12-19,0.0,0.0,
2022-12-20,0.0,0.0,
2022-12-21,0.0,0.0,
2022-12-22,0.0,0.0,
2022-12-23,0.0,0.0,
2022-12-26,0.0,0.0,
2022-12-27,0.0,0.0,
2022-12-28,0.0,0.0,
2022-12-29,0.0,0.0,
2022-12-30,0.0,0.0,
2023-01-02,0.0,0.0,
2023-01-03,0.0,0.0,
2023-01-04,0.0,0.0,
2023-01-05,0.0,0.0,
2023-01-06,0.0,0.0,
2023-01-09,0.0,0.0,
2023-01-10,0.0,0.0,
2023-01-11,0.0,0.0,
2023-01-12,0.0,0.0,
2023-01-13,0.0,0.0,
2023-01-16,0.0,0.0,
2023-01-17,0.0,0.0,
2023-01-18,0.0,0.0,
2023-01-19,0.0,0.0,
2023-01-20,0.0,0.0,
2023-01-23,0.0,0.0,
2023-01-24,0.0,0.0,
2023-01-25,0.0,0.0,
2023-01-26,0.0,0.0,
2023-01-27,0.0,0.0,
2023-01-30,0.0,0.0,
2023-01-31,0.0,0.0,
2023-02-01,0.0,0.0,
2023-02-02,0.0,0.0,
2023-02-03,0.0,0.0,
2023-02-06,0.0,0.0,
2023-02-07,0.0,0.0,
2023-02-08,0.0,0.0,
2023-02-09,0.0,0.0,
2023-02-10,0.0,0.0,
2023-02-13,0.0,0.0,
2023-02-14,0.0,0.0,
2023-02-15,0.0,0.0,
2023-02-16,0.0,0.0,
2023-02-17,0.0,0.0,
2023-02-20,0.0,0.0,
2023-02-21,0.0,0.0,
2023-02-22,0.0,0.0,
2023-02-23,0.0,0.0,
2023-02-24,0.0,0.0,
2023-02-27,0.0,0.0,
2023-02-28,0.0,0.0,
2023-03-01,0.0,0.0,
2023-03-02,0.0,0.0,
2023-03-03,0.0,0.0,
2023-03-06,0.0,0.0,
2023-03-07,0.0,0.0,
2023-03-08,0.0,0.0,
2023-03-09,0.0,0.0,
2023-03-10,0.0,0.0,
2023-03-13,0.0,0.0,
2023-03-14,0.0,0.0,
2023-03-15,0.0,0.0,
2023-03-16,0.0,0.0,
2023-03-17,0.0,0.0,
2023-03-20,0.0,0.0,
2023-03-21,0.0,0.0,
2023-03-22,0.0,0.0,
2023-03-23,0.0,0.0,
2023-03-24,0.0,0.0,
2023-03-27,0.0,0.0,
2023-03-28,0.0,0.0,
2023-03-29,0.0,0.0,
2023-03-30,0.0,0.0,
2023-03-31,0.0,0.0,
2023-04-03,0.0,0.0,
2023-04-04,0.0,0.0,
2023-04-05,0.0,0.0,
2023-04-06,0.0,0.0,
2023-04-07,0.0,0.0,
2023-04-10,0.0,0.0,
2023-04-11,0.0,0.0,
2023-04-12,0.0,0.0,
2023-04-13,0.0,0.0,
2023-04-14,0.0,0.0,
2023-04-17,0.0,0.0,
2023-04-18,0.0,0.0,
2023-04-19,0.0,0.0,
2023-04-20,0.0,0.0,
2023-04-21,0.0,0.0,
2023-04-24,0.0,0.0,
2023-04-25,0.0,0.0,
2023-04-26,0.0,0.0,
2023-04-27,0.0,0.0,
2023-04-28,0.0,0.0,
2023-05-01,0.0,0.0,
2023-05-02,0.0,0.0,
2023-05-03,0.0,0.0,
2023-05-04,0.0,0.0,
2023-05-05,0.0,0.0,
2023-05-08,0.0,0.0,
2023-05-09,0.0,0.0,
2023-05-10,0.0,0.0,
2023-05-11,0.0,0.0,
2023-05-12,0.0,0.0,
2023-05-15,0.0,0.0,
2023-05-16,0.0,0.0,
2023-05-17,0.0,0.0,
2023-05-18,0.0,0.0,
2023-05-19,0.0,0.0,
2023-05-22,0.0,0.0,
2023-05-23,0.0,0.0,
2023-05-24,0.0,0.0,
2023-05-25,0.0,0.0,
2023-05-26,0.0,0.0,
2023-05-29,0.0,0.0,
2023-05-30,0.0,0.0,
2023-05-31,0.0,0.0,
2023-06-01,0.0,0.0,
2023-06-02,0.0,0.0,
2023-06-05,0.0,0.0,
2023-06-06,0.0,0.0,
2023-06-07,0.0,0.0,
2023-06-08,0.0,0.0,
2023-06-09,0.0,0.0,
2023-06-12,0.0,0.0,
2023-06-13,-0.015170706611990211,-158.54333385192066,10450.622894955697
2023-06-14,0.675,3.580427701564091,5.304337335650505
2023-06-15,4.275,-0.16289655029087524,-0.03810445620839187
2023-06-16,-0.85,0.029044066947499208,-0.034169490526469656
2023-06-19,0.0,0.0,0.12496669418034174
2023-06-20,-2.85,0.06970045408212894,-0.02445629967793998
2023-06-21,-2.05,-0.15801906486819725,0.0770824706674133
2023-06-22,1.525,0.10459925938106036,0.06858967828266253
2023-06-23,-3.675,0.054619370333187985,-0.014862413696105576
2023-06-26,-1.3894535412533466,0.02102319648929975,-0.015130550151634382
2023-06-27,0.0,0.0,0.04856220524170654
2023-06-28,0.0,0.0,0.04916065331561133
2023-06-29,0.0,0.0,0.048628797718266614
2023-06-30,-0.014188258821373074,-0.0006883914266639304,0.04851838659913247
2023-07-03,0.975,0.04767969139079377,0.0489022475803013
2023-07-04,0.0,-0.0,-0.015141817406352107
2023-07-05,-1.025,0.015202285161198084,-0.014831497718242034
2023-07-06,-3.725,-0.1417472149246218,0.03805294360392532
2023-07-07,-0.675,-0.023927101330298114,0.03544755752636757
2023-07-10,0.725,0.025136745596800573,0.034671373236966306
2023-07-11,2.7,0.08556767474079642,0.031691731385480156
2023-07-12,3.725,0.10512011087156621,0.028220163992366768
2023-07-13,3.0,0.08357836916668732,0.02785945638889577
2023-07-14,-0.425,0.003387289288065901,-0.007970092442508002
2023-07-17,1.475,-0.011568524832700107,-0.007843067683186513
2023-07-18,3.3,-0.02280577975928492,-0.006910842351298461
2023-07-19,1.275,-0.0082500153319143,-0.006470600260324941
2023-07-20,-2.95,0.017345586603679932,-0.005879859865654214
2023-07-21,-0.225,0.0013854040355760291,-0.0061573512692267955
2023-07-24,2.15,0.048307753178658534,0.02246872240867839
2023-07-25,1.9,-0.010954422609346324,-0.005765485583866486
2023-07-26,-1.225,0.006775578915398249,-0.00553108482889653
2023-07-27,-2.5,0.01344861849957581,-0.005379447399830324
2023-07-28,3.975,-0.01990522892232535,-0.005007604760333421
2023-07-31,1.025,-0.004792726460521483,-0.00467583069319169
2023-08-01,-1.9,0.0085362848633218,-0.004492781507011474
2023-08-02,-6.375,0.023439937020357106,-0.0036768528659383696
2023-08-03,-0.975,-0.015103089494946846,0.015490348199945483
2023-08-04,-2.687202635785924,-0.039196887881686994,0.01458650246903435
2023-08-07,0.0,0.0,0.013929025694522555
2023-08-08,0.0,0.0,0.014278735964620893
2023-08-09,0.0,0.0,0.014089271049769661
2023-08-10,0.0,0.0,0.014192099892856191
2023-08-11,0.0,0.0,0.01415226685372808
2023-08-14,0.0,-0.0,-0.0038952578375349824
2023-08-15,0.0,0.0,0.013821907666966797
2023-08-16,-0.003766504362127265,-5.3560094726062405e-05,0.014220106915212085
2023-08-17,0.0,0.0,0.014270705287913514
2023-08-18,0.0,0.0,0.01458988762311178
2023-08-21,0.0,0.0,0.014576593122375497
2023-08-22,0.0,0.0,0.014511958343347403
2023-08-23,0.0,0.0,0.014480049997110637
2023-08-24,0.0,0.0,0.015253447087566844
2023-08-25,0.0,0.0,0.0162217687569495
2023-08-28,0.0,0.0,0.016224217640777777
2023-08-29,0.0,0.0,0.015759569644902386
2023-08-30,0.0,-0.0,-0.0038946497187616847
2023-08-31,0.0,0.0,0.015675648701909572
2023-09-01,0.0,0.0,0.015664640743736375
2023-09-04,0.0,0.0,0.014922235965786058
2023-09-05,0.0,-0.0,-0.0038940099248591484
2023-09-06,0.0,-0.0,-0.0038935716914562666
2023-09-07,0.0,-0.0,-0.0038931335566802037
2023-09-08,0.0,0.0,0.014646178359103583
2023-09-11,0.0,-0.0,-0.0038926995220821695
2023-09-12,0.0,-0.0,-0.003892261584009987
2023-09-13,0.0,0.0,0.013962614209529751
2023-09-14,0.0,0.0,0.013741900139192176
2023-09-15,0.0,-0.0,-0.0038919622809135516
2023-09-18,0.0,0.0,0.013845471109220358
2023-09-19,0.0,-0.0,-0.003891593438908281
2023-09-20,0.0,0.0,0.013806680134084665
2023-09-21,0.0,0.0,0.014031436576364726
2023-09-22,0.0,0.0,0.014331224729164881
2023-09-25,0.0,0.0,0.014275637454869958
2023-09-26,0.0,0.0,0.014048393474459362
2023-09-27,0.0,0.0,0.014369409797271705
2023-09-28,0.0,0.0,0.014328106183720365
2023-09-29,0.0,0.0,0.014347406665715752
2023-10-02,0.0,0.0,0.014341131273666733
2023-10-03,0.0,0.0,0.014179013128522006
2023-10-04,0.0,0.0,0.014642429358790733
2023-10-05,0.0,0.0,0.014752785582083353
2023-10-06,0.0,0.0,0.01470626530315666
2023-10-09,0.0,0.0,0.0148321109551753
2023-10-10,0.0,0.0,0.01489262361695205
2023-10-11,0.0,0.0,0.014947469317135692
2023-10-12,0.0,0.0,0.01503368453166048
2023-10-13,0.0,0.0,0.015199018909187555
2023-10-16,0.0,0.0,0.015234365681414012
2023-10-17,0.0,0.0,0.015552372011139454
2023-10-18,0.0,0.0,0.015543362267534121
2023-10-19,0.0,0.0,0.01541196596149235
2023-10-20,0.0,0.0,0.015547882867663584
2023-10-23,0.0,0.0,0.01490540040269025
2023-10-24,0.0,0.0,0.014716590937247349
2023-10-25,0.0,0.0,0.014726445447953769
2023-10-26,0.0,0.0,0.014753505884957257
2023-10-27,0.0,0.0,0.014812544664621048
2023-10-30,0.0,0.0,0.014793039391445982
2023-10-31,0.0,0.0,0.0142469716059502
2023-11-01,0.0,0.0,0.014277701010925948
2023-11-02,0.0,-0.0,-0.0038906644006392495
2023-11-03,0.0,0.0,0.014966499283001334
2023-11-06,0.0,0.0,0.015119146041923331
2023-11-07,0.0,0.0,0.015084277971119294
2023-11-08,0.0,0.0,0.015059689076887687
2023-11-09,0.0,0.0,0.014984456235332731
2023-11-10,0.0,0.0,0.0147817065875624
2023-11-13,0.0,0.0,0.014805098230256376
2023-11-14,0.0,0.0,0.01475489223223704
2023-11-15,0.0,0.0,0.015315963265583384
2023-11-16,0.0,0.0,0.014999035032082742
2023-11-17,0.0,0.0,0.014997901193302847
2023-11-20,0.0,0.0,0.014982445221915606
2023-11-21,0.0,0.0,0.014670790462621172
2023-11-22,0.0,0.0,0.014521469611353576
2023-11-23,0.0,0.0,0.014389015416149276
2023-11-24,0.0,-0.0,-0.0038894674725756446
2023-11-27,0.0,0.0,0.014354788482822954
2023-11-28,0.0,0.0,0.013941627629598826
2023-11-29,0.0,0.0,0.013923977713024376
2023-11-30,0.0,0.0,0.013896587229299016
2023-12-01,0.0,-0.0,-0.0038891130572540292
2023-12-04,0.0,0.0,0.013929902526962336
2023-12-05,0.0,0.0,0.014069361412489219
2023-12-06,0.0,0.0,0.013755153490779194
2023-12-07,0.0,0.0,0.013696615506965593
2023-12-08,0.0,0.0,0.015202261168277841
2023-12-11,0.0,0.0,0.015022438883797482
2023-12-12,0.0,0.0,0.015067023043641343
2023-12-13,-0.010768241785393916,-0.000169128241760295,0.01570620767354065
2023-12-14,1.0,0.016524317811694837,0.016524317811694837
2023-12-15,0.1,0.0016997199548723588,0.01699719954872359
2023-12-18,2.075,0.037202126054842015,0.017928735448116632
2023-12-19,2.8,0.04986915806199429,0.01781041359356939
2023-12-20,-6.5,-0.09894503021308362,0.015222312340474404
2023-12-21,4.25,0.05549434749297426,0.01305749352775865
2023-12-22,0.35,0.005069251874231956,0.014483576783519875
2023-12-25,0.0,-0.0,-0.003486369528712021
2023-12-26,2.775,-0.00939719519681247,-0.003386376647499989
2023-12-27,0.775,-0.002513931154039695,-0.003243782134244768
2023-12-28,-0.125,0.00040252179043336473,-0.003220174323466918
2023-12-29,-2.075,0.006976793444536462,-0.0033623100937525113
2024-01-01,0.0,-0.0,-0.003473495427991175
2024-01-02,-2.425,0.008227155559262895,-0.0033926414677372765
2024-01-03,-3.975,0.013463860123404604,-0.0033871346222401517
2024-01-04,-1.660749730594165,0.006227397332254898,-0.003749750620177387
2024-01-05,0.0,-0.0,-0.003989246972566831
2024-01-08,0.0,-0.0,-0.0039920835264543545
2024-01-09,0.0,-0.0,-0.004031622284668165
2024-01-10,0.0,-0.0,-0.004243976157222699
2024-01-11,-0.010715167072630831,4.5830947582734196e-05,-0.004277203264501372
2024-01-12,-0.075,0.0003350358864794995,-0.004467145153059993
2024-01-15,0.0,-0.0,-0.004472157694175795
2024-01-16,-1.225,0.005566479341710652,-0.004544064768743389
2024-01-17,-2.975,-0.049299112006036476,0.01657113008606268
2024-01-18,4.139372444823903,-0.01721603127194056,-0.004159092109111473
2024-01-19,0.0,-0.0,-0.004056735109077146
2024-01-22,-0.010708043308343441,4.701640507476793e-05,-0.004390755969219317
2024-01-23,2.025,-0.008752260319645355,-0.004322103861553262
2024-01-24,0.05,-0.00021412975806656912,-0.004282595161331382
2024-01-25,1.75,-0.00932195842344577,-0.005326833384826154
2024-01-26,-0.625,0.003259706546668957,-0.005215530474670331
2024-01-29,3.75,-0.018885510239027757,-0.005036136063740735
2024-01-30,-1.675,0.007849487754488968,-0.004686261345963563
2024-01-31,-6.175,0.024023384654110965,-0.0038904266646333546
2024-02-01,8.725,-0.026820260255276878,-0.0030739553301176938
2024-02-02,1.375,-0.003708061880680039,-0.00269677227685821
2024-02-05,-1.25,0.003282069114058841,-0.0026256552912470726
2024-02-06,1.2,-0.0031948656091206535,-0.0026623880076005447
2024-02-07,4.325,-0.010600266768960302,-0.002450928732707584
2024-02-08,-0.1,0.00022869380258437816,-0.0022869380258437816
2024-02-09,2.75,-0.006144118948764708,-0.0022342250722780757
2024-02-12,-0.625,0.0013311287015663883,-0.0021298059225062214
2024-02-13,-6.25,0.011941171839163114,-0.0019105874942660984
2024-02-14,4.425,-0.008858544276557247,-0.00200193090995644
2024-02-15,3.295919319395752,-0.005969364716471519,-0.0018111379976272887
2024-02-16,-3.6,0.005958360778270007,-0.001655100216186113
2024-02-19,0.0,-0.0,-0.001759528138943144
2024-02-20,-2.5,0.0043291027464032175,-0.001731641098561287
2024-02-21,2.925,-0.005162363921472594,-0.0017649107423837929
2024-02-22,7.45,-0.011028293865108096,-0.0014803079013567914
2024-02-23,0.15,-0.0001945013965009166,-0.0012966759766727773
2024-02-26,-1.725,0.002215849982016086,-0.0012845507142122236
2024-02-27,1.275,-0.001685497969169159,-0.0013219591915052229
2024-02-28,-2.075,0.0026537661547703143,-0.001278923448082079
2024-02-29,3.125,-0.004068205343966419,-0.001301825710069254
2024-03-01,3.8,-0.0045292966339798525,-0.0011919201668368032
2024-03-04,-0.45,0.0004968522994252412,-0.0011041162209449804
2024-03-05,-4.3,0.004618852838828428,-0.0010741518229833555
2024-03-06,2.2,-0.0025479989201941146,-0.0011581813273609611
2024-03-07,4.4,-0.004707422893144968,-0.001069868839351129
2024-03-08,-2.525,0.002437652308783842,-0.0009654068549638979
2024-03-11,-0.375,0.0003816403549524058,-0.0010177076132064154
2024-03-12,4.675,-0.004608555534830516,-0.0009857872801776505
2024-03-13,-0.25,0.00022296777815117676,-0.000891871112604707
2024-03-14,-1.9,0.0016930789653866875,-0.0008910941923087829
2024-03-15,-3.45,0.003138813898857503,-0.000909801130103624
2024-03-18,3.125,-0.0030025954188469257,-0.0009608305340310162
2024-03-19,2.5,-0.0022284237425870775,-0.0008913694970348311
2024-03-20,5.675,-0.004543719617233516,-0.0008006554391600909
2024-03-21,1.125,-0.0007841381919016436,-0.0006970117261347943
2024-03-22,-1.775,0.0011952177855167894,-0.0006733621326855152
2024-03-25,-0.9,0.0006336973633872724,-0.0007041081815414138
2024-03-26,-0.825,0.0005934387551545823,-0.0007193197032176754
2024-03-27,3.575,-0.0025721067109539994,-0.0007194704086584614
2024-03-28,-0.4,0.0002627067480319604,-0.000656766870079901
2024-03-29,0.0,-0.0,-0.0006636797430087678
2024-04-01,0.0,-0.0,-0.0006636057026684258
2024-04-02,0.0,-0.0,-0.0006635316788461724
2024-04-03,0.0,-0.0,-0.0006634576715364813
2024-04-04,0.0,-0.0,-0.0006633836807338271
2024-04-05,0.0,-0.0,-0.0006633097064326879
2024-04-08,0.0,-0.0,-0.0006632357486275444
2024-04-09,0.0,-0.0,-0.0006631618073128789
2024-04-10,0.0,-0.0,-0.000663087882483177
2024-04-11,0.0,-0.0,-0.0006630139741329265
2024-04-12,0.0,-0.0,-0.0006629400822566171
2024-04-15,0.0,-0.0,-0.000662866206848742
2024-04-16,0.0,-0.0,-0.0006627923479037957
2024-04-17,0.0,-0.0,-0.0006627185054162762
2024-04-18,0.0,-0.0,-0.0006626446793806835
2024-04-19,0.0,-0.0,-0.0006625708697915198
2024-04-22,0.0,-0.0,-0.0006624970766432895
2024-04-23,0.0,-0.0,-0.0006624232999305012
2024-04-24,0.0,-0.0,-0.0006623495396476637
2024-04-25,0.0,-0.0,-0.0006622757957892892
2024-04-26,0.0,-0.0,-0.0006622020683498932
2024-04-29,0.0,-0.0,-0.0006621283573239919
2024-04-30,0.0,-0.0,-0.0006620546627061053
2024-05-01,0.0,-0.0,-0.0006619809844907556
2024-05-02,0.0,-0.0,-0.0006619073226724666
2024-05-03,0.0,-0.0,-0.0006618336772457656
2024-05-06,0.0,-0.0,-0.0006617600482051821
2024-05-07,0.0,-0.0,-0.0006616864355452474
2024-05-08,0.0,-0.0,-0.0006616128392604956
2024-05-09,0.0,-0.0,-0.0006615392593454637
2024-05-10,0.0,-0.0,-0.0006614656957946907
2024-05-13,0.0,-0.0,-0.000661392148602718
2024-05-14,0.0,-0.0,-0.0006613186177640893
2024-05-15,0.0,-0.0,-0.0006612451032733509
2024-05-16,-0.006216285420174584,4.110031164155822e-06,-0.0006611715657097986
2024-05-17,0.0,-0.0,-0.0006612062313352423
2024-05-20,0.0,-0.0,-0.0006611327538418181
2024-05-21,0.0,-0.0,-0.0006610592926771635
2024-05-22,0.0,-0.0,-0.0006609858478358365
2024-05-23,0.0,-0.0,-0.0006609124193123966
2024-05-24,0.0,-0.0,-0.0006608390071014061
2024-05-27,0.0,-0.0,-0.0006607656111974303
2024-05-28,0.0,-0.0,-0.0006606922315950353
2024-05-29,0.0,-0.0,-0.0006606188682887923
2024-05-30,0.0,-0.0,-0.000660545521273272
2024-05-31,0.0,-0.0,-0.0006604721905430495
2024-06-03,0.0,-0.0,-0.0006603988760927015
2024-06-04,0.0,-0.0,-0.0006603255779168071
2024-06-05,0.0,-0.0,-0.0006602522960099482
2024-06-06,0.0,-0.0,-0.0006601791484639179
2024-06-07,0.0,-0.0,-0.0006611258339370991
2024-06-10,0.0,-0.0,-0.0006610627017709926
2024-06-11,0.0,-0.0,-0.000665416223852887
2024-06-12,0.0,-0.0,-0.0006735564139190131
2024-06-13,0.0,-0.0,-0.0007214821887456398
2024-06-14,0.0,-0.0,-0.0007440740354353321
2024-06-17,0.0,-0.0,-0.0007441501417024102
2024-06-18,0.0,-0.0,-0.000744067639479396
2024-06-19,0.0,-0.0,-0.0007540910333566503
2024-06-20,0.0,-0.0,-0.000754807140374232
2024-06-21,0.0,-0.0,-0.0007547443084526099
2024-06-24,0.0,-0.0,-0.0007604424103485821
2024-06-25,0.0,-0.0,-0.0007603581485485969
2024-06-26,0.0,-0.0,-0.000768313473053828
2024-06-27,0.0,-0.0,-0.0007906941595678863
2024-06-28,0.0,-0.0,-0.0007946630490132138
2024-07-01,0.0,-0.0,-0.0007945750343616259
2024-07-02,0.0,-0.0,-0.0007944870392043906
2024-07-03,0.0,-0.0,-0.0007943990635350328
2024-07-04,0.0,-0.0,-0.0007943111073470786
2024-07-05,0.0,-0.0,-0.0007942233402710089
2024-07-08,0.0,-0.0,-0.0007941437330196441
2024-07-09,0.0,-0.0,-0.0007940558342985351
2024-07-10,0.0,-0.0,-0.0007961906188908119
2024-07-11,0.0,-0.0,-0.0008094676081279611
2024-07-12,0.0,-0.0,-0.000836567408045331
2024-07-15,0.0,-0.0,-0.0008364748546939073
2024-07-16,0.0,-0.0,-0.0008363825098393347
2024-07-17,0.0,-0.0,-0.0008430678374049198
2024-07-18,0.0,-0.0,-0.0008429787610772077
2024-07-19,0.0,-0.0,-0.0008480185001897319
2024-07-22,0.0,-0.0,-0.0008485838723740828
2024-07-23,0.0,-0.0,-0.0008729185607338585
2024-07-24,0.0,-0.0,-0.0008778645475806827
2024-07-25,0.0,-0.0,-0.0009525595782837555
2024-07-26,0.0,-0.0,-0.0011476890998902243
2024-07-29,0.0,-0.0,-0.0011534341901893379
2024-07-30,0.0,-0.0,-0.0011582045697387524
2024-07-31,0.0,-0.0,-0.0011626269237086967
2024-08-01,0.0,-0.0,-0.0012250242787148853
2024-08-02,0.0,-0.0,-0.0012249241793392382
2024-08-05,0.0,-0.0,-0.0012520147660114117
2024-08-06,0.0,-0.0,-0.0012533155442072928
2024-08-07,0.0,-0.0,-0.0014159416289472827
2024-08-08,0.0,-0.0,-0.001514378771284216
2024-08-09,0.0,0.0,
2024-08-12,0.0,0.0,
2024-08-13,0.0,0.0,
2024-08-14,0.0,0.0,
2024-08-15,-0.004341851972430749,0.0,
2024-08-16,0.0,0.0,
2024-08-19,0.0,0.0,
2024-08-20,0.0,0.0,
2024-08-21,0.0,0.0,
2024-08-22,0.0,0.0,
2024-08-23,0.0,0.0,
2024-08-26,0.0,0.0,
2024-08-27,0.0,0.0,
2024-08-28,0.0,0.0,
2024-08-29,0.0,0.0,
2024-08-30,0.0,0.0,
2024-09-02,0.0,0.0,
2024-09-03,0.0,0.0,
2024-09-04,0.0,0.0,
2024-09-05,0.0,0.0,
2024-09-06,0.0,0.0,
2024-09-09,0.0,0.0,
2024-09-10,0.0,0.0,
2024-09-11,0.0,0.0,
2024-09-12,0.0,0.0,
2024-09-13,0.0,0.0,
2024-09-16,0.0,0.0,
2024-09-17,0.0,0.0,
2024-09-18,0.0,0.0,
2024-09-19,0.0,0.0,
2024-09-20,0.0,0.0,
2024-09-23,0.0,0.0,
2024-09-24,0.0,0.0,
2024-09-25,0.0,0.0,
2024-09-26,0.0,0.0,
2024-09-27,0.0,0.0,
2024-09-30,0.0,0.0,
2024-10-01,0.0,0.0,
2024-10-02,0.0,0.0,
2024-10-03,0.0,0.0,
2024-10-04,0.0,0.0,
2024-10-07,0.0,0.0,
2024-10-08,0.0,0.0,
2024-10-09,0.0,0.0,
2024-10-10,0.0,0.0,
2024-10-11,0.0,0.0,
2024-10-14,0.0,0.0,
2024-10-15,0.0,0.0,
2024-10-16,0.0,0.0,
2024-10-17,0.0,0.0,
2024-10-18,0.0,0.0,
2024-10-21,0.0,0.0,
2024-10-22,0.0,0.0,
2024-10-23,0.0,0.0,
2024-10-24,0.0,0.0,
2024-10-25,0.0,0.0,
2024-10-28,0.0,0.0,
2024-10-29,0.0,0.0,
2024-10-30,0.0,0.0,
2024-10-31,0.0,0.0,
2024-11-01,0.0,0.0,
2024-11-04,0.0,0.0,
2024-11-05,0.0,0.0,
2024-11-06,0.0,0.0,
2024-11-07,0.0,0.0,
2024-11-08,0.0,0.0,
2024-11-11,0.0,0.0,
2024-11-12,0.0,0.0,
2024-11-13,0.0,0.0,
2024-11-14,-0.001656337426675285,0.0,
2024-11-15,0.0,0.0,
2024-11-18,0.0,0.0,
2024-11-19,0.0,0.0,
2024-11-20,0.0,0.0,
2024-11-21,0.0,0.0,
2024-11-22,0.0,0.0,
2024-11-25,0.0,0.0,
2024-11-26,0.0,0.0,
2024-11-27,0.0,0.0,
2024-11-28,0.0,0.0,
2024-11-29,0.0,0.0,
2024-12-02,0.0,0.0,
2024-12-03,0.0,0.0,
2024-12-04,0.0,0.0,
2024-12-05,0.0,0.0,
2024-12-06,0.0,0.0,
2024-12-09,0.0,0.0,
2024-12-10,0.0,0.0,
2024-12-11,0.0,0.0,
2024-12-12,0.0,0.0,
2024-12-13,0.0,0.0,
2024-12-16,0.0,0.0,
2024-12-17,0.0,0.0,
2024-12-18,0.0,0.0,
2024-12-19,0.0,0.0,
2024-12-20,0.0,0.0,
2024-12-23,0.0,0.0,
2024-12-24,0.0,0.0,
2024-12-25,0.0,0.0,
2024-12-26,0.0,0.0,
2024-12-27,0.0,0.0,
2024-12-30,0.0,0.0,
2024-12-31,0.0,0.0,
2025-01-01,0.0,0.0,
2025-01-02,0.0,0.0,
2025-01-03,0.0,0.0,
2025-01-06,0.0,0.0,
2025-01-07,0.0,0.0,
2025-01-08,0.0,0.0,
2025-01-09,0.0,0.0,
2025-01-10,0.0,0.0,
2025-01-13,0.0,0.0,
2025-01-14,0.0,0.0,
2025-01-15,0.0,0.0,
2025-01-16,0.0,0.0,
2025-01-17,0.0,0.0,
2025-01-20,0.0,0.0,
2025-01-21,0.0,0.0,
2025-01-22,0.0,0.0,
2025-01-23,0.0,0.0,
2025-01-24,0.0,0.0,
2025-01-27,0.0,0.0,
2025-01-28,0.0,0.0,
2025-01-29,0.0,0.0,
2025-01-30,0.0,0.0,
2025-01-31,0.0,0.0,
2025-02-03,0.0,0.0,
2025-02-04,0.0,0.0,
2025-02-05,0.0,0.0,
2025-02-06,0.0,0.0,
2025-02-07,0.0,0.0,
2025-02-10,0.0,0.0,
2025-02-11,0.0,0.0,
2025-02-12,0.0,0.0,
2025-02-13,0.0,0.0,
2025-02-14,0.0,0.0,
2025-02-17,0.0,0.0,
2025-02-18,0.0,0.0,
2025-02-19,0.0,0.0,
2025-02-20,0.0,0.0,
2025-02-21,0.0,0.0,
2025-02-24,0.0,0.0,
2025-02-25,0.0,0.0,
2025-02-26,0.0,0.0,
2025-02-27,0.0,0.0,
2025-02-28,0.0,0.0,
2025-03-03,0.0,0.0,
2025-03-04,0.0,0.0,
2025-03-05,0.0,0.0,
2025-03-06,0.0,0.0,
2025-03-07,0.0,0.0,
2025-03-10,0.0,0.0,
2025-03-11,0.0,0.0,
2025-03-12,0.0,0.0,
2025-03-13,0.0,0.0,
2025-03-14,0.0,0.0,
2025-03-17,0.0,0.0,
2025-03-18,0.0,0.0,
2025-03-19,0.0,0.0,
2025-03-20,0.0,0.0,
2025-03-21,0.0,0.0,
2025-03-24,0.0,0.0,
2025-03-25,0.0,0.0,
2025-03-26,0.0,0.0,
2025-03-27,0.0,0.0,
2025-03-28,0.0,0.0,
2025-03-31,0.0,0.0,
2025-04-01,0.0,0.0,
2025-04-02,0.0,0.0,
2025-04-03,6.975,0.0,
2025-04-04,-32.258252683966525,0.0,
2025-04-07,0.0,0.0,
2025-04-08,0.0,0.0,
2025-04-09,0.0,0.0,
2025-04-10,0.0,0.0,
2025-04-11,0.0,0.0,
2025-04-14,0.0,0.0,
2025-04-15,0.0,0.0,
2025-04-16,0.0,0.0,
2025-04-17,0.0,0.0,
2025-04-18,0.0,0.0,
2025-04-21,0.0,0.0,
2025-04-22,0.0,0.0,
2025-04-23,0.0,0.0,
2025-04-24,0.0,0.0,
2025-04-25,0.0,0.0,
2025-04-28,0.0,0.0,
2025-04-29,0.0,0.0,
2025-04-30,0.0,0.0,
2025-05-01,0.0,0.0,
2025-05-02,0.0,0.0,
2025-05-05,0.0,0.0,
2025-05-06,0.0,0.0,
2025-05-07,0.0,0.0,
2025-05-08,0.0,0.0,
2025-05-09,0.0,0.0,
2025-05-12,0.0,0.0,
2025-05-13,0.0,0.0,
2025-05-14,0.0,0.0,
2025-05-15,0.0,0.0,
2025-05-16,-0.005847858925284768,0.0,
2025-05-19,0.0,0.0,
2025-05-20,0.0,0.0,
2025-05-21,0.0,0.0,
2025-05-22,0.0,0.0,
2025-05-23,0.0,0.0,
2025-05-26,0.0,0.0,
2025-05-27,0.0,0.0,
2025-05-28,0.0,0.0,
2025-05-29,0.0,0.0,
2025-05-30,0.0,0.0,
2025-06-02,0.0,0.0,
2025-06-03,0.0,0.0,
2025-06-04,0.0,-0.0,-0.00039087375742728487
2025-06-05,0.0,-0.0,-0.00039083060871657633
2025-06-06,0.0,-0.0,-0.00039078746953122306
2025-06-09,0.0,-0.0,-0.00039074433986807167
2025-06-10,0.0,-0.0,-0.00039070121972396924
2025-06-11,0.0,-0.0,-0.00039065810909576503
2025-06-12,0.0,-0.0,-0.00039061500798030893
2025-06-13,0.0,-0.0,-0.0003905719163744533
2025-06-16,0.0,-0.0,-0.00039052883427505096
2025-06-17,0.0,-0.0,-0.00039048576167895655
2025-06-18,0.0,-0.0,-0.00039044269858302586
2025-06-19,0.0,-0.0,-0.00039039964498411623
2025-06-20,0.0,-0.0,-0.00039035660087908625
2025-06-23,0.0,-0.0,-0.000390313566264796
2025-06-24,0.0,-0.0,-0.00039027054113810705
2025-06-25,0.0,-0.0,-0.000390227525495882
2025-06-26,0.0,-0.0,-0.0003901845193349853
2025-06-27,0.0,-0.0,-0.00039014152265228245
2025-06-30,0.0,-0.0,-0.0003900985354446402
2025-07-01,0.0,-0.0,-0.00039005555770892753
2025-07-02,0.0,-0.0,-0.00039001258944201334
2025-07-03,0.0,-0.0,-0.00038996963064076947
2025-07-04,-0.01883057149586877,7.342539860132297e-06,-0.00038992655436629594
2025-07-07,-4.825,0.0018427354239629538,-0.0003819140775052754
2025-07-08,-0.4,0.00017210649398324393,-0.0004302662349581098
2025-07-09,3.5061069262639855,-0.0015058378306099917,-0.00042948999054474716
2025-07-10,0.0,-0.0,-0.0003946293116245441
2025-07-11,-0.018908823921539378,7.461152423390439e-06,-0.0003945857476038638
2025-07-14,1.1,-0.00043373651650854307,-0.00039430592409867547
2025-07-15,-2.7,0.0010284030413502416,-0.00038089001531490423
2025-07-16,1.9060714613879297,-0.0007741372264980669,-0.0004061428137297482
2025-07-17,0.0,-0.0,-0.00038738430748081815
2025-07-18,-0.018946836276080892,7.33889726293989e-06,-0.00038734156753150153
2025-07-21,1.0,-0.00038714447582241507,-0.00038714447582241507
2025-07-22,0.2,-7.54564989992363e-05,-0.0003772824949961815
2025-07-23,4.95,-0.0018184873543660275,-0.0003673711827002076
2025-07-24,0.525,-0.00016786858433069985,-0.0003197496844394283
2025-07-25,2.35,-0.0007359978213618678,-0.00031319056228164586
2025-07-28,-0.225,6.540915628589476e-05,-0.00029070736127064336
2025-07-29,-1.675,0.0004893040536138808,-0.00029212182305306315
2025-07-30,-0.975,0.00030009442346707753,-0.00030778915227392566
2025-07-31,-2.2,0.0006945996089349942,-0.0003157270949704519
2025-08-01,-10.975,0.0033505899153467374,-0.0003052929307833018
2025-08-04,9.130656559717284,-0.0034280292147793644,-0.0003754416993300543
2025-08-05,0.0,-0.0,-0.00030168822798567866
2025-08-06,0.0,-0.0,-0.00030165508548033793
2025-08-07,0.0,-0.0,-0.00030162195025605713
2025-08-08,0.0,-0.0,-0.00030158882231043685
2025-08-11,0.0,-0.0,-0.0003015557016410792
2025-08-12,0.0,-0.0,-0.0003015225882455873
2025-08-13,0.0,-0.0,-0.00030148948212156484
2025-08-14,0.0,-0.0,-0.00030145638326661714
2025-08-15,-0.022894028113329662,6.900790694460002e-06,-0.00030142317727137465
2025-08-18,-0.225,6.785182787867742e-05,-0.00030156367946078855
2025-08-19,-3.675,0.0011039958613030152,-0.00030040703708925586
2025-08-20,-1.9445382229590709,0.0006394166448750177,-0.00032882698695528616
2025-08-21,0.0,-0.0,-0.00034427418703099143
2025-08-22,0.0,-0.0,-0.00034423641596108994
2025-08-25,0.0,-0.0,-0.0003441986531781718
2025-08-26,0.0,-0.0,-0.0003441608986795101
2025-08-27,0.0,-0.0,-0.00034412315246237893
2025-08-28,0.0,-0.0,-0.00034408541452405375
2025-08-29,0.0,-0.0,-0.0003440476848618111
2025-09-01,0.0,-0.0,-0.0003440099634729292
2025-09-02,0.0,-0.0,-0.00034397225035468653
2025-09-03,0.0,-0.0,-0.00034393454550436385
2025-09-04,0.0,-0.0,-0.00034389684891924247
2025-09-05,0.0,-0.0,-0.00034385916059660444
2025-09-08,0.0,-0.0,-0.0003438214805337342
2025-09-09,0.0,-0.0,-0.0003437838087279163
2025-09-10,0.0,-0.0,-0.00034374614517643725
2025-09-11,0.0,-0.0,-0.00034370848987658415
2025-09-12,-0.0198906613465293,6.835838415114527e-06,-0.00034367074558369604
2025-09-15,3.425,-0.0011676885574487454,-0.0003409309656784658
2025-09-16,-1.175,0.00036847458800827205,-0.0003135953940495932
2025-09-17,-0.875,0.00028230624708898373,-0.00032263571095883856
2025-09-18,3.475,-0.001135248863417789,-0.0003266903204079968
2025-09-19,2.9,-0.0008636004061141864,-0.0002977932434876505
2025-09-22,3.0,-0.0008206774173079614,-0.0002735591391026538
2025-09-23,-3.75,0.0009299983127850734,-0.00024799955007601956
2025-09-24,-2.275,0.0006269864853420162,-0.00027559845509539176
2025-09-25,-3.25,0.0009449599677076178,-0.00029075691314080546
2025-09-26,3.675,-0.0011868790748154965,-0.00032296029246680176
2025-09-29,1.7,-0.0018042543049976742,-0.0010613260617633377
2025-09-30,2.525,-0.0025197115786369205,-0.0009979055756977903
2025-10-01,2.275,-0.0020858932084962213,-0.0009168761356027346
2025-10-02,0.525,-0.00044868862688143867,-0.0008546450035836927
2025-10-03,-0.275,0.000231055679003323,-0.0008402024691029926
2025-10-06,2.475,-0.0020668263291890917,-0.0008350813451269058
2025-10-07,-2.725,0.0020590546794888847,-0.00075561639614271
2025-10-08,3.975,-0.0031685300107961146,-0.0007971144681248087
2025-10-09,-2.2,0.0015162547680549047,-0.0006892067127522293
2025-10-10,-18.4,0.007772069018235282,-0.00042239505533887405
2025-10-13,9.929234682618622,-0.006022108687723763,-0.0006065028051220925
2025-10-14,0.0,-0.0,-0.00048159339416895566
2025-10-15,0.0,-0.0,-0.00048154077687494694
2025-10-16,0.0,-0.0,-0.0004814881710772638
2025-10-17,0.0,-0.0,-0.0004814355767721385
2025-10-20,0.0,-0.0,-0.0004813829939558056
2025-10-21,0.0,-0.0,-0.000481330422624501
2025-10-22,0.0,-0.0,-0.0004812778627744625
2025-10-23,0.0,-0.0,-0.00048122531440192875
2025-10-24,0.0,-0.0,-0.0004811727775031415
2025-10-27,0.0,-0.0,-0.00048112025207434266
2025-10-28,0.0,-0.0,-0.0004810677381117766
2025-10-29,0.0,-0.0,-0.00048101523561168945
2025-10-30,0.0,-0.0,-0.00048096274457032795
2025-10-31,0.0,-0.0,-0.0004809102649839416
2025-11-03,0.0,-0.0,-0.0004808577968487812
2025-11-04,0.0,-0.0,-0.0004808053401610991
2025-11-05,0.0,-0.0,-0.0004807528949171491
2025-11-06,0.0,-0.0,-0.00048070046111318716
2025-11-07,0.0,-0.0,-0.0004806480387454701
2025-11-10,0.0,-0.0,-0.0004805956464481023
2025-11-11,0.0,-0.0,-0.00048054324693962174
2025-11-12,0.0,-0.0,-0.0004804908588561685
2025-11-13,0.0,-0.0,-0.00048043848219400616
2025-11-14,-0.004826246970175322,2.3184619802004864e-06,-0.0004803861042602766
2025-11-17,0.0,-0.0,-0.00048039427351199087
2025-11-18,0.0,-0.0,-0.0004803419244974259
2025-11-19,0.0,-0.0,-0.0004802895868906603
2025-11-20,0.0,-0.0,-0.0004802372606879657
2025-11-21,0.0,-0.0,-0.0004801849458856147
2025-11-24,0.0,-0.0,-0.0004801326424798825
2025-11-25,0.0,-0.0,-0.00048008035046704517
2025-11-26,0.0,-0.0,-0.0004800280698433805
2025-11-27,0.0,-0.0,-0.0004799758006051683
2025-11-28,0.0,-0.0,-0.00047992354274868984
2025-12-01,0.0,-0.0,-0.00047987129627022763
2025-12-02,0.0,-0.0,-0.00047981906116606633
2025-12-03,0.0,-0.0,-0.00047976683743249186
2025-12-04,0.0,-0.0,-0.00047971462506579194
2025-12-05,0.0,-0.0,-0.00047966242406225596
2025-12-08,0.0,-0.0,-0.0004796102344181747
2025-12-09,0.0,-0.0,-0.00047955805612984057
2025-12-10,0.0,-0.0,-0.0004795058891935479
2025-12-11,0.0,-0.0,-0.000479453733605592
2025-12-12,0.0,-0.0,-0.000479401589362271
2025-12-15,0.0,-0.0,-0.0004793494564598832
2025-12-16,0.0,-0.0,-0.0004792973348947294
2025-12-17,0.0,-0.0,-0.0004792452246631118
2025-12-18,0.0,-0.0,-0.0004791931257613339
2025-12-19,0.0,-0.0,-0.0004791410381857014
2025-12-22,0.0,-0.0,-0.0004790889619325213
2025-12-23,0.0,-0.0,-0.00047903689699810184
2025-12-24,0.0,-0.0,-0.00047898484337875367
2025-12-25,0.0,-0.0,-0.0004789328010707885
2025-12-26,0.0,-0.0,-0.0004788807700705196
2025-12-29,0.0,-0.0,-0.0004788289429180417
2025-12-30,0.0,-0.0,-0.0004917597807636379
2025-12-31,0.0,-0.0,-0.0004917980271050589
2026-01-01,0.0,-0.0,-0.0004988892136151085
2026-01-02,0.0,-0.0,-0.0004988350439857791
2026-01-05,0.0,-0.0,-0.0004987810968973033
2026-01-06,0.0,-0.0,-0.0004994412125750154
2026-01-07,0.0,-0.0,-0.0005037334794712226
2026-01-08,0.0,-0.0,-0.0005058730911119956
2026-01-09,0.0,-0.0,-0.0005058181929742387
2026-01-12,0.0,-0.0,-0.0005057635244620749
2026-01-13,0.0,-0.0,-0.0005063157810509578
2026-01-14,0.0,-0.0,-0.0005062851656770986
2026-01-15,0.0,-0.0,-0.0005215739109350262
2026-01-16,0.0,-0.0,-0.0005216952109883309
2026-01-19,0.0,-0.0,-0.0005252278700474207
2026-01-20,0.0,-0.0,-0.0005252040423523436
2026-01-21,0.0,-0.0,-0.0005269893756219852
2026-01-22,0.0,-0.0,-0.0005275593254451166
2026-01-23,0.0,-0.0,-0.0005307177990600897
2026-01-26,0.0,-0.0,-0.0006255636134300343
2026-01-27,0.0,-0.0,-0.0007138592215012479
2026-01-28,0.0,-0.0,-0.0007137818615217902
2026-01-29,0.0,-0.0,-0.0007137045183073132
2026-01-30,0.0,-0.0,-0.0007136271918523675
2026-02-02,0.0,-0.0,-0.0007135498821515066
2026-02-03,0.0,-0.0,-0.0007134725891992849
2026-02-04,0.0,-0.0,-0.0007133953129902614
2026-02-05,0.0,-0.0,-0.0007133180535189958
2026-02-06,0.0,-0.0,-0.0007132408107800509
2026-02-09,0.0,-0.0,-0.0007131642181679018
2026-02-10,0.0,-0.0,-0.0007131481859575479
2026-02-11,0.0,-0.0,-0.0007297736031779989
2026-02-12,0.0,-0.0,-0.0007345115239224788
2026-02-13,0.0,-0.0,-0.0007344320292571098
2026-02-16,0.0,-0.0,-0.0007343525517969662
2026-02-17,0.0,-0.0,-0.0007342730915364619
2026-02-18,0.0,-0.0,-0.0007341936484700148
2026-02-19,0.0,-0.0,-0.0007341142225920451
2026-02-20,0.0,-0.0,-0.000734034813896974
2026-02-23,0.0,-0.0,-0.0007339554223792266
2026-02-24,0.0,-0.0,-0.0007338760480332301
2026-02-25,0.0,-0.0,-0.0007337966908534142
2026-02-26,0.0,-0.0,-0.00073371735083421
2026-02-27,0.0,-0.0,-0.0007336380279700524
2026-03-02,0.0,-0.0,-0.0007335587222553774
2026-03-03,0.0,-0.0,-0.0007334794336846244
2026-03-04,0.0,-0.0,-0.0007334001622522352
2026-03-05,0.0,-0.0,-0.000733320907952653
2026-03-06,0.0,-0.0,-0.0007332416707803251
2026-03-09,0.0,-0.0,-0.0007331629571294585
2026-03-10,0.0,-0.0,-0.0007484107124804304
2026-03-11,0.0,-0.0,-0.0007501758214147048
2026-03-12,0.0,-0.0,-0.0007511222889044656
2026-03-13,0.0,-0.0,-0.0007676257670332004
2026-03-16,0.0,-0.0,-0.0007795312718708451
2026-03-17,0.0,-0.0,-0.0007926969905897192
2026-03-18,0.0,-0.0,-0.0008142384528347871
2026-03-19,0.0,-0.0,-0.0008224095142950528
2026-03-20,0.0,-0.0,-0.0008397047986556014
2026-03-23,0.0,-0.0,-0.0008629400716510083
2026-03-24,0.0,-0.0,-0.0008680071319176154
2026-03-25,0.0,-0.0,-0.0008795172824113165
2026-03-26,0.0,-0.0,-0.000889071807867486
2026-03-27,0.0,-0.0,-0.0008894956572190001
2026-03-30,0.0,-0.0,-0.0008895424117105492
2026-03-31,0.0,-0.0,-0.0009011580537227242
2026-04-01,0.0,-0.0,-0.0009156766002917979
2026-04-02,0.0,-0.0,-0.0009483087187904938
2026-04-03,0.0,-0.0,-0.0009587047505799543
