,baseline_daily_pct,dmom_daily_pct,w_dmom
1982-08-30,0.0,0.0,
1982-08-31,0.0,0.0,
1982-09-01,0.0,0.0,
1982-09-02,0.0,0.0,
1982-09-03,0.0,0.0,
1982-09-06,0.0,0.0,
1982-09-07,0.0,0.0,
1982-09-08,0.0,0.0,
1982-09-09,0.0,0.0,
1982-09-10,0.0,0.0,
1982-09-13,0.0,0.0,
1982-09-14,0.0,0.0,
1982-09-15,0.0,0.0,
1982-09-16,0.0,0.0,
1982-09-17,0.0,0.0,
1982-09-20,0.0,0.0,
1982-09-21,0.0,0.0,
1982-09-22,-0.03463742671078536,0.0,
1982-09-23,0.75,0.0,
1982-09-24,-1.0625,0.0,
1982-09-27,0.125,0.0,
1982-09-28,1.125,0.0,
1982-09-29,-0.125,0.0,
1982-09-30,0.6875,0.0,
1982-10-01,1.875,0.0,
1982-10-04,-2.625,0.0,
1982-10-05,0.5,0.0,
1982-10-06,1.75,0.0,
1982-10-07,4.0,0.0,
1982-10-08,0.875,0.0,
1982-10-11,4.0,0.0,
1982-10-12,-0.1875,0.0,
1982-10-13,0.75,0.0,
1982-10-14,-1.9375,0.0,
1982-10-15,-1.375,0.0,
1982-10-18,1.625,0.0,
1982-10-19,0.75,0.0,
1982-10-20,-0.875,0.0,
1982-10-21,0.1875,0.0,
1982-10-22,-1.375,0.0,
1982-10-25,-2.5625,0.0,
1982-10-26,1.8262606938782202,0.0,
1982-10-27,0.0,0.0,
1982-10-28,0.0,0.0,
1982-10-29,0.0,0.0,
1982-11-01,-0.04771524561725057,0.0,
1982-11-02,0.0,0.0,
1982-11-03,1.1875,0.0,
1982-11-04,0.3125,0.0,
1982-11-05,-0.9375,0.0,
1982-11-08,-0.5625,0.0,
1982-11-09,0.375,0.0,
1982-11-10,0.125,0.0,
1982-11-11,-1.25,0.0,
1982-11-12,0.6875,0.0,
1982-11-15,-0.7666927021956865,0.0,
1982-11-16,-1.0625,0.0,
1982-11-17,1.5625,0.0,
1982-11-18,1.0625,0.0,
1982-11-19,0.1875,0.0,
1982-11-22,-0.5625,0.0,
1982-11-23,-0.75,0.0,
1982-11-24,-0.1875,0.0,
1982-11-25,0.0,0.0,
1982-11-26,-0.8125,0.0,
1982-11-29,-2.0435850738267063,0.0,
1982-11-30,0.0,0.0,
1982-12-01,0.0,0.0,
1982-12-02,0.0,0.0,
1982-12-03,0.0,0.0,
1982-12-06,0.0,0.0,
1982-12-07,0.0,0.0,
1982-12-08,-0.04278813629392646,0.0,
1982-12-09,0.33250562250069304,0.0,
1982-12-10,0.0,0.0,
1982-12-13,0.0,0.0,
1982-12-14,0.0,0.0,
1982-12-15,0.0,0.0,
1982-12-16,0.0,0.0,
1982-12-17,0.0,0.0,
1982-12-20,0.0,0.0,
1982-12-21,0.0,0.0,
1982-12-22,0.0,0.0,
1982-12-23,0.0,0.0,
1982-12-24,-0.041316662771889216,0.0,
1982-12-27,0.8125,0.0,
1982-12-28,0.0,0.0,
1982-12-29,-0.5,0.0,
1982-12-30,0.0625,0.0,
1982-12-31,0.0,0.0,
1983-01-03,1.625,0.0,
1983-01-04,-0.625,0.0,
1983-01-05,0.0625,0.0,
1983-01-06,-0.25,0.0,
1983-01-07,0.125,0.0,
1983-01-10,0.125,0.0,
1983-01-11,0.875,0.0,
1983-01-12,0.1875,0.0,
1983-01-13,0.1875,0.0,
1983-01-14,0.3125,0.0,
1983-01-17,0.0,0.0,
1983-01-18,0.0,0.0,
1983-01-19,-1.1875,0.0,
1983-01-20,-0.3125,0.0,
1983-01-21,-1.75,0.0,
1983-01-24,-1.101069211725144,0.0,
1983-01-25,0.0,0.0,
1983-01-26,0.0,0.0,
1983-01-27,0.0,0.0,
1983-01-28,0.0,0.0,
1983-01-31,0.0,0.0,
1983-02-01,0.0,0.0,
1983-02-02,0.0,0.0,
1983-02-03,0.0,0.0,
1983-02-04,0.0,0.0,
1983-02-07,-0.037394149042069315,0.0,
1983-02-08,0.0,0.0,
1983-02-09,0.125,0.0,
1983-02-10,-1.375,0.0,
1983-02-11,-0.661990122066974,0.0,
1983-02-14,0.0,0.0,
1983-02-15,-0.01157254699704681,0.0,
1983-02-16,0.0,0.0,
1983-02-17,0.0,0.0,
1983-02-18,-0.036625351163855395,0.0,
1983-02-21,0.0,0.0,
1983-02-22,1.25,0.0,
1983-02-23,-0.5625,0.0,
1983-02-24,0.5262289871096022,0.0,
1983-02-25,3.875,0.0,
1983-02-28,-1.25,0.0,
1983-03-01,1.75,0.0,
1983-03-02,-0.125,0.0,
1983-03-03,0.625,0.0,
1983-03-04,-1.375,0.0,
1983-03-07,-3.125,0.0,
1983-03-08,-1.6612027095370983,0.0,
1983-03-09,0.0625,0.0,
1983-03-10,-0.4375,0.0,
1983-03-11,-0.3125,0.0,
1983-03-14,1.1875,0.0,
1983-03-15,0.5625,0.0,
1983-03-16,-0.625,0.0,
1983-03-17,-0.25,0.0,
1983-03-18,0.1875,0.0,
1983-03-21,-0.3125,0.0,
1983-03-22,-0.1875,0.0,
1983-03-23,0.8125,0.0,
1983-03-24,0.375,0.0,
1983-03-25,-1.0,0.0,
1983-03-28,0.125,0.0,
1983-03-29,0.375,0.0,
1983-03-30,0.1875,0.0,
1983-03-31,-0.3125,0.0,
1983-04-01,0.0,0.0,
1983-04-04,0.4375,0.0,
1983-04-05,1.3125,0.0,
1983-04-06,0.1875,0.0,
1983-04-07,-0.4375,0.0,
1983-04-08,-0.375,0.0,
1983-04-11,1.25,0.0,
1983-04-12,-0.125,0.0,
1983-04-13,0.4375,0.0,
1983-04-14,1.3409480357806978,0.0,
1983-04-15,-0.75,0.0,
1983-04-18,1.0,0.0,
1983-04-19,-3.0,0.0,
1983-04-20,0.5,0.0,
1983-04-21,-1.5,0.0,
1983-04-22,0.09118142981124316,0.0,
1983-04-25,0.375,0.0,
1983-04-26,0.4375,0.0,
1983-04-27,0.9375,0.0,
1983-04-28,0.0625,0.0,
1983-04-29,0.279095891533386,0.0,
1983-05-02,0.125,0.0,
1983-05-03,0.625,0.0,
1983-05-04,2.125,0.0,
1983-05-05,-1.375,0.0,
1983-05-06,0.625,0.0,
1983-05-09,-2.375,0.0,
1983-05-10,1.75,0.0,
1983-05-11,-0.375,0.0,
1983-05-12,-0.875,0.0,
1983-05-13,0.5,0.0,
1983-05-16,-3.375,0.0,
1983-05-17,-0.6845756420550424,0.0,
1983-05-18,-0.125,0.0,
1983-05-19,-0.9375,0.0,
1983-05-20,-0.34541008237055315,0.0,
1983-05-23,0.0,0.0,
1983-05-24,0.0,0.0,
1983-05-25,0.0,0.0,
1983-05-26,0.0,0.0,
1983-05-27,0.0,0.0,
1983-05-30,0.0,0.0,
1983-05-31,0.0,0.0,
1983-06-01,-0.032500648589318594,0.0,
1983-06-02,0.125,0.0,
1983-06-03,0.1875,0.0,
1983-06-06,-0.5,0.0,
1983-06-07,0.875,0.0,
1983-06-08,1.0,0.0,
1983-06-09,-0.6875,0.0,
1983-06-10,0.125,0.0,
1983-06-13,-1.8125,0.0,
1983-06-14,0.4375,0.0,
1983-06-15,-0.4064790090241234,0.0,
1983-06-16,0.0,0.0,
1983-06-17,0.0,0.0,
1983-06-20,0.0,0.0,
1983-06-21,0.0,0.0,
1983-06-22,0.0,0.0,
1983-06-23,0.0,0.0,
1983-06-24,0.0,0.0,
1983-06-27,-0.027916736207888142,0.0,
1983-06-28,-0.75,0.0,
1983-06-29,-0.75,0.0,
1983-06-30,-0.5625,0.0,
1983-07-01,-0.1875,0.0,
1983-07-04,0.0,0.0,
1983-07-05,3.1875,0.0,
1983-07-06,-0.4651928742828525,0.0,
1983-07-07,1.75,0.0,
1983-07-08,1.625,0.0,
1983-07-11,-1.625,0.0,
1983-07-12,3.0,0.0,
1983-07-13,-0.375,0.0,
1983-07-14,-0.75,0.0,
1983-07-15,2.0,0.0,
1983-07-18,-3.0,0.0,
1983-07-19,-0.875,0.0,
1983-07-20,-1.1525945637790858,0.0,
1983-07-21,0.625,0.0,
1983-07-22,1.125,0.0,
1983-07-25,-0.5625,0.0,
1983-07-26,0.75,0.0,
1983-07-27,0.1875,0.0,
1983-07-28,1.375,0.0,
1983-07-29,0.9101552231820588,0.0,
1983-08-01,0.125,0.0,
1983-08-02,-0.375,0.0,
1983-08-03,0.125,0.0,
1983-08-04,3.375,0.0,
1983-08-05,-0.40250308947735114,0.0,
1983-08-08,2.0625,0.0,
1983-08-09,-0.9375,0.0,
1983-08-10,1.5,0.0,
1983-08-11,-2.8125,0.0,
1983-08-12,-3.9375,0.0,
1983-08-15,-5.464698630305728,0.0,
1983-08-16,-0.5460550607513914,0.0,
1983-08-17,-1.125,0.0,
1983-08-18,0.8478528373564566,0.0,
1983-08-19,0.0,0.0,
1983-08-22,0.0,0.0,
1983-08-23,0.0,0.0,
1983-08-24,0.0,0.0,
1983-08-25,0.0,0.0,
1983-08-26,0.0,0.0,
1983-08-29,0.0,0.0,
1983-08-30,0.0,0.0,
1983-08-31,-0.027286166126674928,0.0,
1983-09-01,-0.625,0.0,
1983-09-02,0.4375,0.0,
1983-09-05,0.0,0.0,
1983-09-06,-1.875,0.0,
1983-09-07,-1.125,0.0,
1983-09-08,0.2847820884030098,0.0,
1983-09-09,0.0,0.0,
1983-09-12,0.0,0.0,
1983-09-13,0.0,0.0,
1983-09-14,0.0,0.0,
1983-09-15,0.0,0.0,
1983-09-16,0.0,0.0,
1983-09-19,0.0,0.0,
1983-09-20,0.0,0.0,
1983-09-21,0.0,0.0,
1983-09-22,0.0,0.0,
1983-09-23,0.0,0.0,
1983-09-26,0.0,0.0,
1983-09-27,-0.028201281137131082,0.0,
1983-09-28,-0.3125,0.0,
1983-09-29,0.0,0.0,
1983-09-30,0.4375,0.0,
1983-10-03,-0.25,0.0,
1983-10-04,0.0,0.0,
1983-10-05,1.375,0.0,
1983-10-06,0.0,0.0,
1983-10-07,-0.375,0.0,
1983-10-10,-0.6875,0.0,
1983-10-11,-1.375,0.0,
1983-10-12,-0.21533636144600973,0.0,
1983-10-13,0.0,0.0,
1983-10-14,0.0,0.0,
1983-10-17,0.0,0.0,
1983-10-18,0.0,0.0,
1983-10-19,0.0,0.0,
1983-10-20,0.0,0.0,
1983-10-21,0.0,0.0,
1983-10-24,0.0,0.0,
1983-10-25,0.0,0.0,
1983-10-26,0.0,0.0,
1983-10-27,0.0,0.0,
1983-10-28,0.0,0.0,
1983-10-31,0.0,0.0,
1983-11-01,-0.027791105403322545,0.0,
1983-11-02,0.125,0.0,
1983-11-03,0.5625,0.0,
1983-11-04,0.8125,0.0,
1983-11-07,-0.1875,0.0,
1983-11-08,-0.25,0.0,
1983-11-09,0.25,0.0,
1983-11-10,-1.1875,0.0,
1983-11-11,-1.25,0.0,
1983-11-14,0.7851278625711143,0.0,
1983-11-15,-0.0067931727374329134,0.0,
1983-11-16,0.0,0.0,
1983-11-17,0.0,0.0,
1983-11-18,0.0,0.0,
1983-11-21,0.0,0.0,
1983-11-22,0.0,0.0,
1983-11-23,0.0,0.0,
1983-11-24,0.0,0.0,
1983-11-25,0.0,0.0,
1983-11-28,-0.02730672100564419,0.0,
1983-11-29,0.625,0.0,
1983-11-30,-0.5,0.0,
1983-12-01,-0.15228073998399713,0.0,
1983-12-02,0.0,0.0,
1983-12-05,0.0,0.0,
1983-12-06,0.0,0.0,
1983-12-07,0.0,0.0,
1983-12-08,-0.027412099502464798,0.0,
1983-12-09,0.125,0.0,
1983-12-12,-0.375,0.0,
1983-12-13,0.75,0.0,
1983-12-14,0.25,0.0,
1983-12-15,-0.3125,0.0,
1983-12-16,-0.75,0.0,
1983-12-19,-0.125,0.0,
1983-12-20,0.0,0.0,
1983-12-21,-0.25,0.0,
1983-12-22,-0.6875,0.0,
1983-12-23,0.16057174494041931,0.0,
1983-12-26,0.0,0.0,
1983-12-27,0.0,0.0,
1983-12-28,0.0,0.0,
1983-12-29,0.0,0.0,
1983-12-30,0.0,0.0,
1984-01-02,0.0,0.0,
1984-01-03,0.0,0.0,
1984-01-04,0.0,0.0,
1984-01-05,0.0,0.0,
1984-01-06,0.0,0.0,
1984-01-09,0.0,0.0,
1984-01-10,0.0,0.0,
1984-01-11,0.0,0.0,
1984-01-12,0.0,0.0,
1984-01-13,0.0,0.0,
1984-01-16,-0.026782899124106013,0.0,
1984-01-17,-0.375,0.0,
1984-01-18,-0.3125,0.0,
1984-01-19,0.1875,0.0,
1984-01-20,-0.25,0.0,
1984-01-23,0.1875,0.0,
1984-01-24,-0.0625,0.0,
1984-01-25,0.0,0.0,
1984-01-26,0.1875,0.0,
1984-01-27,-0.0625,0.0,
1984-01-30,-0.1875,0.0,
1984-01-31,0.0,0.0,
1984-02-01,0.1875,0.0,
1984-02-02,0.75,0.0,
1984-02-03,-0.125,0.0,
1984-02-06,-0.5625,0.0,
1984-02-07,-0.125,0.0,
1984-02-08,-0.0625,0.0,
1984-02-09,-0.25,0.0,
1984-02-10,-0.6875,0.0,
1984-02-13,-0.8384289865492093,0.0,
1984-02-14,-0.02588399250752881,0.0,
1984-02-15,-0.1956202233273588,0.0,
1984-02-16,0.0,0.0,
1984-02-17,0.875,0.0,
1984-02-20,0.0,0.0,
1984-02-21,-0.3125,0.0,
1984-02-22,0.1875,0.0,
1984-02-23,1.1875,0.0,
1984-02-24,-0.6875,0.0,
1984-02-27,0.5625,0.0,
1984-02-28,0.25,0.0,
1984-02-29,-0.625,0.0,
1984-03-01,0.25,0.0,
1984-03-02,-0.5625,0.0,
1984-03-05,0.875,0.0,
1984-03-06,0.25,0.0,
1984-03-07,1.0,0.0,
1984-03-08,0.1624852420369409,0.0,
1984-03-09,0.5,0.0,
1984-03-12,-0.5,0.0,
1984-03-13,0.25,0.0,
1984-03-14,0.875,0.0,
1984-03-15,-0.125,0.0,
1984-03-16,0.75,0.0,
1984-03-19,1.7263893730792004,0.0,
1984-03-20,-0.375,0.0,
1984-03-21,-0.1875,0.0,
1984-03-22,0.75,0.0,
1984-03-23,0.5625,0.0,
1984-03-26,-0.9375,0.0,
1984-03-27,0.375,0.0,
1984-03-28,-2.0625,0.0,
1984-03-29,-1.125,0.0,
1984-03-30,3.3521395321017864,0.0,
1984-04-02,0.125,0.0,
1984-04-03,1.25,0.0,
1984-04-04,0.3522076386161163,0.0,
1984-04-05,-1.125,0.0,
1984-04-06,-3.375,0.0,
1984-04-09,-0.7726296162466366,0.0,
1984-04-10,0.75,0.0,
1984-04-11,-0.375,0.0,
1984-04-12,-1.25,0.0,
1984-04-13,2.6024564562609243,0.0,
1984-04-16,0.375,0.0,
1984-04-17,-0.3975038407843262,0.0,
1984-04-18,2.5,0.0,
1984-04-19,1.125,0.0,
1984-04-20,0.0,0.0,
1984-04-23,0.0,0.0,
1984-04-24,-0.75,0.0,
1984-04-25,-0.625,0.0,
1984-04-26,-0.625,0.0,
1984-04-27,1.75,0.0,
1984-04-30,0.5,0.0,
1984-05-01,0.125,0.0,
1984-05-02,0.125,0.0,
1984-05-03,0.25,0.0,
1984-05-04,2.6039299409566783,0.0,
1984-05-07,1.6875,0.0,
1984-05-08,-1.6875,0.0,
1984-05-09,3.1875,0.0,
1984-05-10,0.75,0.0,
1984-05-11,7.103674138853614,0.0,
1984-05-14,1.2286642574733069,0.0,
1984-05-15,-2.625,0.0,
1984-05-16,-2.650184944460339,0.0,
1984-05-17,3.75,0.0,
1984-05-18,-1.875,0.0,
1984-05-21,-0.9375,0.0,
1984-05-22,1.875,0.0,
1984-05-23,-0.1875,0.0,
1984-05-24,5.0625,0.0,
1984-05-25,0.9375,0.0,
1984-05-28,0.0,0.0,
1984-05-29,2.4375,0.0,
1984-05-30,2.4375,0.0,
1984-05-31,-1.6875,0.0,
1984-06-01,-8.0625,0.0,
1984-06-04,-4.70949393491494,0.0,
1984-06-05,-0.39697717490314893,0.0,
1984-06-06,1.0625,0.0,
1984-06-07,0.5,0.0,
1984-06-08,-0.625,0.0,
1984-06-11,0.8125,0.0,
1984-06-12,-0.375,0.0,
1984-06-13,-1.0625,0.0,
1984-06-14,-0.6875,0.0,
1984-06-15,-1.625,0.0,
1984-06-18,0.16494462218741762,0.0,
1984-06-19,0.0,0.0,
1984-06-20,0.0,0.0,
1984-06-21,-0.023204075160656753,0.0,
1984-06-22,0.3125,0.0,
1984-06-25,-0.25,0.0,
1984-06-26,0.4375,0.0,
1984-06-27,-0.375,0.0,
1984-06-28,0.3125,0.0,
1984-06-29,0.4375,0.0,
1984-07-02,-0.022234692394256662,0.0,
1984-07-03,-2.0,0.0,
1984-07-04,0.0,0.0,
1984-07-05,-0.125,0.0,
1984-07-06,-0.522397940313829,0.0,
1984-07-09,-2.125,0.0,
1984-07-10,0.25,0.0,
1984-07-11,0.35201038026210096,0.0,
1984-07-12,0.0,0.0,
1984-07-13,0.0,0.0,
1984-07-16,0.0,0.0,
1984-07-17,0.0,0.0,
1984-07-18,0.0,0.0,
1984-07-19,0.0,0.0,
1984-07-20,0.0,0.0,
1984-07-23,0.0,0.0,
1984-07-24,0.0,0.0,
1984-07-25,0.0,0.0,
1984-07-26,0.0,0.0,
1984-07-27,-0.023990144982488,0.0,
1984-07-30,-1.0,0.0,
1984-07-31,1.125,0.0,
1984-08-01,0.75,0.0,
1984-08-02,0.4375,0.0,
1984-08-03,1.3125,0.0,
1984-08-06,-1.2744726868121241,0.0,
1984-08-07,0.8505534920680886,0.0,
1984-08-08,0.0625,0.0,
1984-08-09,0.375,0.0,
1984-08-10,-0.4375,0.0,
1984-08-13,-0.75,0.0,
1984-08-14,0.5,0.0,
1984-08-15,-0.580484856456961,0.0,
1984-08-16,0.5625,0.0,
1984-08-17,0.0625,0.0,
1984-08-20,-0.0625,0.0,
1984-08-21,0.8125,0.0,
1984-08-22,-0.375,0.0,
1984-08-23,-0.375,0.0,
1984-08-24,0.3125,0.0,
1984-08-27,-1.375,0.0,
1984-08-28,0.125,0.0,
1984-08-29,-0.3125,0.0,
1984-08-30,0.10055031316805854,0.0,
1984-08-31,0.0,0.0,
1984-09-03,0.0,0.0,
1984-09-04,0.0,0.0,
1984-09-05,0.0,0.0,
1984-09-06,0.0,0.0,
1984-09-07,0.0,0.0,
1984-09-10,-0.024835047039532966,0.0,
1984-09-11,0.5625,0.0,
1984-09-12,0.125,0.0,
1984-09-13,0.9126068018824253,0.0,
1984-09-14,0.875,0.0,
1984-09-17,0.125,0.0,
1984-09-18,0.5,0.0,
1984-09-19,2.599935148030892,0.0,
1984-09-20,-0.9375,0.0,
1984-09-21,-4.3125,0.0,
1984-09-24,-2.274924599558236,0.0,
1984-09-25,-1.0,0.0,
1984-09-26,1.225022896471244,0.0,
1984-09-27,1.5625,0.0,
1984-09-28,-1.625,0.0,
1984-10-01,-0.375,0.0,
1984-10-02,-0.0625,0.016597177996006615,-0.26555484793610584
1984-10-03,-0.1875,0.050054280618384,-0.266956163298048
1984-10-04,0.3125,1.4213168871675461,4.548214038936147
1984-10-05,1.1875,5.284919771625355,4.450458755052931
1984-10-08,0.375,2.134632239531963,5.692352638751901
1984-10-09,-0.1875,0.05191089584583841,-0.27685811117780484
1984-10-10,-0.25,-1.3331595948817472,5.332638379526989
1984-10-11,0.5625,2.637268263507072,4.688476912901461
1984-10-12,0.375,1.7772316806854418,4.739284481827845
1984-10-15,-0.7133005971379224,-3.3565736452621944,4.7056930258158385
1984-10-16,0.375,1.4348335525590605,3.8262228068241613
1984-10-17,1.375,5.2662913947279675,3.8300301052567036
1984-10-18,3.25,14.445484413545959,4.444764434937218
1984-10-19,2.0,-0.5404671812423638,-0.2702335906211819
1984-10-22,0.625,-0.13977855740996298,-0.22364569185594074
1984-10-23,1.4738233652874844,-0.3050080993378215,-0.20695024011803922
1984-10-24,1.3125,-0.22373300387013986,-0.17046324104391608
1984-10-25,-2.4375,0.332898830875908,-0.13657387933370585
1984-10-26,-3.375,0.6302617100985707,-0.1867442103995765
1984-10-29,0.348664081830369,-0.0931776730178602,-0.2672419611699284
1984-10-30,4.0,-0.996869094866892,-0.249217273716723
1984-10-31,-0.875,0.14159776132025956,-0.1618260129374395
1984-11-01,2.625,-0.47900923207158946,-0.1824797074558436
1984-11-02,-0.40177000585534695,0.049806487431242136,-0.12396765986850307
1984-11-05,2.8125,-0.4244696914407489,-0.15092255695671072
1984-11-06,0.5625,-0.045036760857087674,-0.08006535263482253
1984-11-07,-4.875,0.3036618316470384,-0.06228960649170019
1984-11-08,-3.9647852508611297,0.689700685767565,-0.17395663122429286
1984-11-09,2.25,-0.6143705202345643,-0.2730535645486952
1984-11-12,-0.25,0.05532338063850341,-0.22129352255401363
1984-11-13,-1.5,0.3388594476751412,-0.22590629845009413
1984-11-14,-0.39968676673079845,0.10553323071381217,-0.2640398419417576
1984-11-15,1.4727066299747524,-0.39960444361915426,-0.2713401538947407
1984-11-16,0.3125,-0.08000965108356024,-0.2560308834673928
1984-11-19,0.6875,-0.17035498359535856,-0.24778906704779424
1984-11-20,0.6601253202026592,-0.15129038817332435,-0.22918434355294542
1984-11-21,2.5,-0.5287500391567791,-0.21150001566271162
1984-11-22,0.0,-0.0,-0.1498211598911852
1984-11-23,3.625,-0.5234659951002608,-0.14440441244145127
1984-11-26,-0.527733130611541,0.0354076729513621,-0.06709389821770603
1984-11-27,0.0,-0.0,-0.09265985040944946
1984-11-28,-3.1875,0.2815739962645398,-0.08833694000456152
1984-11-29,-0.75,0.14720076898327578,-0.19626769197770103
1984-11-30,-5.25,1.0344711757239007,-0.19704212870931442
1984-12-03,0.1592761876421386,-0.056517689465176595,-0.35484079762230636
1984-12-04,0.875,-0.3055896301996112,-0.34924529165669854
1984-12-05,-0.25,0.0806218072593239,-0.3224872290372956
1984-12-06,-1.5,0.4918273667840737,-0.32788491118938246
1984-12-07,-2.1532408316235485,0.7875714099712675,-0.36576094898657335
1984-12-10,0.625,-0.2698147602595501,-0.43170361641528016
1984-12-11,0.75,-0.308750203361054,-0.4116669378147387
1984-12-12,0.4375,-0.17004014954887875,-0.3886631989688657
1984-12-13,-1.5,0.557805395642188,-0.37187026376145865
1984-12-14,1.1875,-0.48950634428998635,-0.412215868875778
1984-12-17,0.8125,-0.30598293917417757,-0.3765943866759109
1984-12-18,1.875,-0.652571202290827,-0.3480379745551077
1984-12-19,-0.7790049338025642,0.22919200574587786,-0.29421123769668667
1984-12-20,-0.125,0.0394561036662616,-0.3156488293300928
1984-12-21,0.375,-0.11944311592144496,-0.3185149757905199
1984-12-24,0.625,-0.19201574325449225,-0.3072251892071876
1984-12-25,0.0,-0.0,-0.28925570109591353
1984-12-26,-2.625,0.7496220307677416,-0.28557029743533013
1984-12-27,-0.625,0.2228597294642931,-0.356575567142869
1984-12-28,0.596256542098497,-0.22213404736169745,-0.3725477737819145
1984-12-31,-1.1875,0.42048227469843674,-0.35409033658815725
1985-01-01,0.0,-0.0,-0.39229438078300694
1985-01-02,-1.1875,0.462624583650499,-0.38957859675831497
1985-01-03,0.9083626642438377,-0.3817082872422768,-0.42021573790687233
1985-01-04,0.0,-0.0,-0.3947389231677222
1985-01-07,0.0,-0.0,-0.39402898760667787
1985-01-08,-0.029445768522204492,0.011581618742436533,-0.3933203079316152
1985-01-09,-0.125,0.049173645264557204,-0.39338916211645764
1985-01-10,-0.0625,0.02475354479723165,-0.3960567167557064
1985-01-11,-1.125,0.44453119316617146,-0.3951388383699302
1985-01-14,-0.25,0.10611878830251764,-0.42447515321007057
1985-01-15,0.8125,-0.3488347409164273,-0.4293350657432951
1985-01-16,0.1875,-0.07629125193152186,-0.4068866769681166
1985-01-17,0.1875,-0.07521182245933133,-0.40112971978310047
1985-01-18,1.0,-0.39396456805080793,-0.39396456805080793
1985-01-21,-0.21616754786213355,0.07929640403386344,-0.3668284384871534
1985-01-22,3.25,-1.166772726955156,-0.3590069929092788
1985-01-23,0.5,-0.138469899392723,-0.276939798785446
1985-01-24,3.625,-0.9143106992632324,-0.2522236411760641
1985-01-25,-1.125,0.18360919095883707,-0.1632081697411885
1985-01-28,-0.2789194341795959,0.053318330813031785,-0.19116032903860034
1985-01-29,-0.1875,0.037253008550320627,-0.1986827122683767
1985-01-30,0.1875,-0.038134880744331884,-0.2033860306364367
1985-01-31,-1.6875,0.33160803880199957,-0.19650846743822198
1985-02-01,-4.34130345000376,0.9651507855305173,-0.22231820388636533
1985-02-04,-0.375,0.1199536399390106,-0.31987637317069495
1985-02-05,0.7212760108659956,-0.23644129988543686,-0.32780973763643556
1985-02-06,-0.9375,0.29099374728704264,-0.3103933304395121
1985-02-07,-0.25,0.08278659996784918,-0.3311463998713967
1985-02-08,0.75,-0.25192478486963626,-0.335899713159515
1985-02-11,-0.5,0.15916410204937217,-0.31832820409874435
1985-02-12,0.0625,-0.02055700537961528,-0.3289120860738445
1985-02-13,0.0,-0.0,-0.3276625849658379
1985-02-14,1.0,-0.3261877491929968,-0.3261877491929968
1985-02-15,-1.025492696814336,0.3103150240854317,-0.30260091081040025
1985-02-18,0.0,-0.0,-0.32477907627132097
1985-02-19,0.3125,-0.10191299468914268,-0.32612158300525657
1985-02-20,-1.6875,0.532824010265129,-0.315747561638595
1985-02-21,-0.9375,0.32924897933325326,-0.3511989112888035
1985-02-22,-0.9029663471108917,0.33413601803302206,-0.37004260358330654
1985-02-25,0.0,-0.0,-0.3889803774700766
1985-02-26,0.0,-0.0,-0.3883233390826538
1985-02-27,0.0,-0.0,-0.38766851659865803
1985-02-28,-0.027500437897841255,-0.1900294723319053,6.910052597628722
1985-03-01,-0.625,-4.061407493588204,6.498251989741127
1985-03-04,0.8125,4.5655816525129795,5.619177418477514
1985-03-05,-0.8125,-4.707919293405836,5.794362207268721
1985-03-06,0.5625,2.8349943982045347,5.039990041252506
1985-03-07,0.625,3.1920417503057634,5.107266800489222
1985-03-08,-2.1875,0.8326409608374256,-0.3806358678113945
1985-03-11,-0.09065363367132798,-0.485273044429633,5.353045705691504
1985-03-12,0.0,0.0,5.068567203831429
1985-03-13,0.0,0.0,4.888053715759232
1985-03-14,0.0,0.0,4.849785207253938
1985-03-15,0.0,0.0,4.5022532608142285
1985-03-18,0.0,0.0,4.624445083941694
1985-03-19,-0.027867204269136622,-0.12320396990177897,4.421109800319272
1985-03-20,-0.75,-3.1934171853945155,4.257889580526021
1985-03-21,-0.5277931182413038,-2.0407320381226466,3.866537792161277
1985-03-22,0.0,0.0,3.5737142676435987
1985-03-25,0.0,0.0,3.3843741770731732
1985-03-26,0.0,0.0,3.202755907111434
1985-03-27,0.0,0.0,3.16437349051385
1985-03-28,0.0,0.0,3.1372277813428844
1985-03-29,0.0,0.0,3.090595568328278
1985-04-01,-0.02793233327294307,-0.08633549739108407,3.0908802550596013
1985-04-02,-0.375,-1.107931804537816,2.9544848121008425
1985-04-03,-0.0625,-0.17360134783738354,2.7776215653981366
1985-04-04,-0.3125,-0.8437091844507296,2.699869390242335
1985-04-05,0.0,0.0,2.5585980848517145
1985-04-08,-0.0625,0.03131766345924553,-0.5010826153479285
1985-04-09,1.0625,2.6934329119555813,2.534995681840547
1985-04-10,0.875,2.4597347398586256,2.8111254169812865
1985-04-11,1.4375,4.366765429200441,3.0377498637916114
1985-04-12,-0.1520645320661912,-0.5475248148258618,3.600608290350923
1985-04-15,1.125,3.8074897133812216,3.384435300783308
1985-04-16,2.5,8.821501086508704,3.5286004346034816
1985-04-17,-1.25,0.6319998431115303,-0.5055998744892243
1985-04-18,2.625,-1.3797959044491077,-0.5256365350282315
1985-04-19,-0.375,0.1766254763652668,-0.4710012703073781
1985-04-22,1.0,-0.49879742881418826,-0.49879742881418826
1985-04-23,-2.152300574462281,0.9989850854260579,-0.4641475718026228
1985-04-24,-0.21475612205792258,0.1183611736369167,-0.5511422561681064
1985-04-25,-2.125,1.1637792438420826,-0.5476608206315683
1985-04-26,1.25,-0.7698540428986709,-0.6158832343189367
1985-04-29,-2.0,1.1445675567358369,-0.5722837783679184
1985-04-30,1.4724726876475667,-0.9408317608179285,-0.638946833248913
1985-05-01,0.5,-0.2991377930255635,-0.598275586051127
1985-05-02,0.375,-0.2424834117343369,-0.646622431291565
1985-05-03,0.7849349919453187,-0.5347263743530357,-0.681236509825882
1985-05-06,0.5,-0.3354014716831191,-0.6708029433662382
1985-05-07,0.0,-0.0,-0.653557300098001
1985-05-08,-2.25,1.4476955237864282,-0.6434202327939681
1985-05-09,2.25,-1.570064399437673,-0.697806399750077
1985-05-10,3.125,-1.887550083403914,-0.6040160266892525
1985-05-13,-0.25,0.12719842153672747,-0.5087936861469099
1985-05-14,3.5,-1.710489235998877,-0.48871121028539344
1985-05-15,-0.7780290290599513,0.3017087297094367,-0.38778595456004306
1985-05-16,3.1875,-1.2825293445848975,-0.40236214732075215
1985-05-17,-1.1438698780353114,0.3556489553769703,-0.310917318662002
1985-05-20,8.4375,-2.309016095623825,-0.27366116688874964
1985-05-21,-1.125,0.09685186118104896,-0.08609054327204352
1985-05-22,-0.9375,0.10350524754323875,-0.11040559737945467
1985-05-23,0.5625,-0.07613595385785121,-0.13535280685840215
1985-05-24,1.5,-0.18249213740597311,-0.12166142493731541
1985-05-27,0.0,-0.0,-0.09717058072081042
1985-05-28,4.6875,-0.41887675563464544,-0.08936037453539103
1985-05-29,0.0,0.0,0.018035445649769763
1985-05-30,2.4375,0.04298039101156615,0.01763298092782201
1985-05-31,2.25,0.160786448723556,0.071460643877136
1985-06-03,7.875,0.7946078475196009,0.10090258381201281
1985-06-04,0.0,0.0,0.24595394171962812
1985-06-05,7.125,1.5262951160626401,0.21421685839475652
1985-06-06,-2.8125,-0.9048405045674592,0.32172106829065217
1985-06-07,-9.0,-2.0844341795992607,0.23160379773325118
1985-06-10,1.282357824717143,0.1453521015200806,0.11334753741775759
1985-06-11,2.125,0.2738888500294304,0.1288888706020849
1985-06-12,-1.375,-0.21548038199059333,0.15671300508406788
1985-06-13,-1.125,-0.15575802015651807,0.1384515734724605
1985-06-14,4.625,0.5478256750963929,0.11844879461543631
1985-06-17,-0.125,-0.02193358570192627,0.17546868561541015
1985-06-18,2.0,0.3448344471391306,0.1724172235695653
1985-06-19,-3.625,-0.6947683598632921,0.1916602372036668
1985-06-20,-2.125,-0.31635042018523185,0.14887078596952086
1985-06-21,-4.25,-0.506574365543365,0.11919396836314469
1985-06-24,-2.5318448737138426,-0.1752318943565057,0.06921114961497084
1985-06-25,-0.5,-0.020180360382179127,0.04036072076435825
1985-06-26,-0.3125,-0.010811017429420249,0.034595255774144795
1985-06-27,1.9375,0.05977931364691948,0.03085383930163586
1985-06-28,0.9375,0.049414671550929504,0.05270898298765814
1985-07-01,0.875,0.05523185892258803,0.06312212448295774
1985-07-02,-0.5,-0.03642010767382209,0.07284021534764418
1985-07-03,-0.125,-0.008388745485487481,0.06710996388389985
1985-07-04,0.0,0.0,0.06560698929270412
1985-07-05,3.25,0.2088469344647462,0.0642605952199219
1985-07-08,-1.2203663924338095,-0.1217575240644809,0.09977128575431891
1985-07-09,0.375,0.03234244799387254,0.08624652798366012
1985-07-10,-0.875,-0.07892198279046728,0.09019655176053402
1985-07-11,-3.125,-0.24726979314629466,0.07912633380681429
1985-07-12,0.25,0.011386313301231186,0.045545253204924745
1985-07-15,-0.03258065073634783,-0.001571491635088145,0.04823389341744938
1985-07-16,0.75,0.035826593506152395,0.047768791341536526
1985-07-17,0.625,0.03544880798549376,0.05671809277679002
1985-07-18,-2.532815491412062,-0.15884319548860404,0.0627140808429152
1985-07-19,-0.032716859438745104,-0.0011890307688177263,0.03634305948723216
1985-07-22,-1.25,-0.04488823473423719,0.03591058778738975
1985-07-23,-0.0625,-0.001387422491520865,0.02219875986433384
1985-07-24,-0.5,-0.010737453279945037,0.021474906559890074
1985-07-25,-0.1875,-0.002999281249450301,0.015996166663734938
1985-07-26,-0.5,-0.006999586771675148,0.013999173543350295
1985-07-29,-0.8453719419409307,-0.0074520668738523275,0.0088151339122313
1985-07-30,0.0,-0.0,-0.0007260698771867598
1985-07-31,0.0,-0.0,-0.0007257041292226811
1985-08-01,0.0,-0.0,-0.0007258356370052163
1985-08-02,-0.0329209836576164,2.3862512570079113e-05,-0.0007248420283626132
1985-08-05,0.5625,-0.0006155101492920386,-0.0010942402654080686
1985-08-06,-0.25,-0.0013060327653234027,0.005224131061293611
1985-08-07,1.125,0.0027080524355091455,0.002407157720452574
1985-08-08,1.3125,0.019584564129552434,0.014921572670135188
1985-08-09,0.375,0.011077316801307701,0.029539511470153868
1985-08-12,0.125,0.004216503429639064,0.03373202743711251
1985-08-13,-1.0625,-0.03718536038907715,0.0349979862485432
1985-08-14,1.0,0.023129498742447137,0.023129498742447137
1985-08-15,0.125,0.004291145467381907,0.03432916373905526
1985-08-16,1.0928905110404785,0.03895512718661626,0.035644126097800335
1985-08-19,0.4671537569730074,0.02230404338836565,0.047744544607514317
1985-08-20,0.5,0.026409721840685928,0.052819443681371855
1985-08-21,1.5,0.08702492837463832,0.058016618916425546
1985-08-22,0.375,0.027894485569897882,0.07438529485306102
1985-08-23,-0.5,-0.039175682051738346,0.07835136410347669
1985-08-26,-0.75,-0.05455725287319625,0.07274300383092834
1985-08-27,2.0,0.1280817628727578,0.0640408814363789
1985-08-28,-0.875,-0.0749068269525407,0.08560780223147507
1985-08-29,0.875,0.06645804455185396,0.07595205091640453
1985-08-30,-3.25,-0.27199086718281834,0.08368949759471334
1985-09-02,0.0,0.0,0.049628033826838516
1985-09-03,0.875,0.04330106571189178,0.04948693224216204
1985-09-04,1.625,0.09494476529097118,0.05842754787136688
1985-09-05,-2.125,-0.15911592676786146,0.07487808318487599
1985-09-06,-5.0,-0.2512351314876419,0.050247026297528384
1985-09-09,-0.032946735446387335,-8.296061594324071e-06,0.0002518022341795854
1985-09-10,0.25,-1.926020229451614e-05,-7.704080917806455e-05
1985-09-11,-0.1875,-0.0004521926153527343,0.0024116939485479163
1985-09-12,-0.1875,-0.00010217921423454773,0.0005449558092509212
1985-09-13,1.1875,-0.0015628508245700266,-0.001316084904901075
1985-09-16,0.4375,0.004567683871162662,0.010440420276943228
1985-09-17,-0.6875,-0.010132221898939597,0.014737777307548505
1985-09-18,-0.1875,-0.0014880448804997233,0.00793623936266519
1985-09-19,0.1875,0.00113966839931356,0.006078231463005654
1985-09-20,0.75,0.005929173858721465,0.007905565144961954
1985-09-23,-0.375,-0.005717925560224116,0.015247801493930974
1985-09-24,0.75,0.00865689534542903,0.011542527127238706
1985-09-25,0.5625,0.010601981809699046,0.01884796766168719
1985-09-26,0.625,0.015182068374204152,0.024291309398726642
1985-09-27,-0.9075173975570265,-0.027499620261310954,0.03030203094214834
1985-09-30,0.375,0.00804187897601829,0.021445010602715437
1985-10-01,0.625,0.015645221540187045,0.025032354464299272
1985-10-02,-1.375,-0.042626063108996866,0.03100077317017954
1985-10-03,0.625,0.011067145177195713,0.017707432283513142
1985-10-04,-1.0,-0.023750333186397674,0.023750333186397674
1985-10-07,-1.5,-0.021031216415766323,0.014020810943844216
1985-10-08,0.5928835981071024,-0.0002292251608161895,-0.000386627596965131
1985-10-09,-0.25,-0.0013398300639925387,0.005359320255970155
1985-10-10,0.4375,0.0012853330045378007,0.0029379040103721162
1985-10-11,0.1875,0.001361753940874733,0.007262687684665242
1985-10-14,0.625,0.005678709398016383,0.009085935036826214
1985-10-15,0.25,0.003803010595298695,0.01521204238119478
1985-10-16,0.6556650990562166,0.01165137152930107,0.017770309180818674
1985-10-17,1.0,0.02415907760626076,0.02415907760626076
1985-10-18,0.625,0.021370616742606468,0.03419298678817035
1985-10-21,-0.15677117548579722,-0.006338181402400973,0.04042950741908027
1985-10-22,2.25,0.08718619771447328,0.03874942120643257
1985-10-23,-0.1875,-0.011457415024938022,0.061106213466336115
1985-10-24,-0.375,-0.02219326840116842,0.05918204906978245
1985-10-25,-1.6875,-0.09303130253749986,0.05512966076296288
1985-10-28,-2.25,-0.08594761205118917,0.03819893868941741
1985-10-29,6.9052992616323285,0.10365627431455286,0.01501111977731285
1985-10-30,1.75,0.1336092437478739,0.07634813928449936
1985-10-31,0.375,0.03470294374213334,0.09254118331235557
1985-11-01,-0.031747774079115915,-0.0030662128364866694,0.09658040367950277
1985-11-04,0.5625,0.0549602348016647,0.09770708409184835
1985-11-05,2.0625,0.21035544084119887,0.10199051677149036
1985-11-06,0.1875,0.02307787872221963,0.12308201985183803
1985-11-07,0.9375,0.1168034180668464,0.12459031260463616
1985-11-08,2.625,0.3512883521290315,0.13382413414439295
1985-11-11,-0.75,-0.11862629201981352,0.15816838935975136
1985-11-12,4.3125,0.7165333322565571,0.16615265675514368
1985-11-13,-1.875,-0.3917503187965288,0.20893350335814867
1985-11-14,-1.125,-0.2132265728884045,0.18953473145635955
1985-11-15,-2.285379737139361,-0.40285747504875724,0.17627594596293178
1985-11-18,6.9375,0.9784254071924281,0.14103429292863828
1985-11-19,0.0,0.0,0.20459705693584218
1985-11-20,-0.1875,-0.03982274882047319,0.21238799370919034
1985-11-21,1.125,0.23607184541694115,0.20984164037061437
1985-11-22,-2.25,-0.4963270738901589,0.2205898106178484
1985-11-25,0.0,0.0,0.20076134088384412
1985-11-26,0.375,0.08469261795603826,0.22584698121610203
1985-11-27,2.0625,0.4694384963474219,0.2276065436835985
1985-11-28,0.0,0.0,0.2778659893027687
1985-11-29,1.5,0.42163846152601775,0.28109230768401183
1985-12-02,-4.125,-1.4435112555319407,0.34994212255319773
1985-12-03,0.75,0.2193071124055992,0.29240948320746557
1985-12-04,2.625,0.7892168310689152,0.30065403088339626
1985-12-05,0.1875,0.06348218009612785,0.3385716271793485
1985-12-06,-0.5625,-0.1921638127799219,0.3416245560531945
1985-12-09,6.9375,2.157016067698659,0.31092123498359053
1985-12-10,3.375,1.3163388859357126,0.39002633657354446
1985-12-11,5.4375,2.212773162236804,0.4069467884573432
1985-12-12,-2.4375,-1.1680252150398385,0.47918983181121577
1985-12-13,1.125,0.5090398271058507,0.4524798463163117
1985-12-16,2.25,1.0806693826919724,0.48029750341865446
1985-12-17,4.3125,2.1274805590485246,0.49332882528661437
1985-12-18,-2.25,-1.212965699048098,0.5390958662435991
1985-12-19,0.1875,0.09588953046697353,0.5114108291571922
1985-12-20,2.625,1.3368518000014604,0.5092768761910326
1985-12-23,-1.3125,-0.7072176854059711,0.5388325222140732
1985-12-24,0.1875,0.09814470153060183,0.5234384081632097
1985-12-25,0.0,0.0,0.525294869148966
1985-12-26,1.125,0.5884928897207402,0.5231047908628802
1985-12-27,2.0625,1.094193992532076,0.5305182994094915
1985-12-30,-1.3125,-0.7420531306024465,0.5653738137923402
1985-12-31,0.5625,0.30966608918761884,0.5505174918891002
1986-01-01,0.0,0.0,0.5567079240133211
1986-01-02,-1.3125,-0.7281137923211728,0.5547533655780365
1986-01-03,0.0,0.0,0.5510215568718797
1986-01-06,-0.5625,-0.30936661222711065,0.5499850884037523
1986-01-07,5.0625,2.5878268321495312,0.5111756705480556
1986-01-08,-7.125,-3.6377876533678797,0.5105666881919831
1986-01-09,-3.9700194844277616,-1.6826064966001473,0.42382827167476184
1986-01-10,-1.625,-0.6285513830353944,0.3868008510987042
1986-01-13,-4.533090647567223,-1.6122491007792579,0.35566222388350094
1986-01-14,1.25,0.38977331984291624,0.311818655874333
1986-01-15,1.25,0.403026118107931,0.3224208944863448
1986-01-16,0.25,0.0835081920426892,0.3340327681707568
1986-01-17,0.625,0.2098521708281216,0.33576347332499457
1986-01-20,-0.125,-0.042678177419122186,0.3414254193529775
1986-01-21,0.3125,0.10631494154189554,0.3402078129340657
1986-01-22,-0.625,-0.21405677290317002,0.342490836645072
1986-01-23,0.625,0.20993532410864663,0.3358965185738346
1986-01-24,0.0625,0.021336092710841983,0.34137748337347174
1986-01-27,1.4678846079643495,0.49930580924606127,0.3401533107827151
1986-01-28,2.25,0.7883309492429392,0.3503693107746397
1986-01-29,-1.375,-0.5081620334974793,0.3695723879981668
1986-01-30,-0.125,-0.0446535733918156,0.3572285871345248
1986-01-31,0.75,0.2672988311988045,0.35639844159840595
1986-02-03,1.75,0.6316305029450696,0.36093171596861123
1986-02-04,1.75,0.6553179029820323,0.3744673731325899
1986-02-05,-2.1572685854396974,-0.83588152142534,0.38747216135582374
1986-02-06,-2.0625,-0.7533100514945961,0.365241237088289
1986-02-07,-3.219871288822409,-1.0940801398772473,0.3397900231836226
1986-02-10,2.625,0.8079873254517492,0.3078046954101902
1986-02-11,2.375,0.7770615613648268,0.32718381531150603
1986-02-12,0.375,0.13025651209379557,0.3473506989167882
1986-02-13,1.75,0.6119005841755236,0.34965747667172775
1986-02-14,4.1740322958251825,1.4757334335160337,0.35355103385089875
1986-02-17,0.0,0.0,0.3880835182785711
1986-02-18,1.125,0.4355362581286129,0.38714334055876704
1986-02-19,-3.0,-1.1780257364207434,0.3926752454735811
1986-02-20,1.875,0.6858837285610727,0.3658046552325721
1986-02-21,7.125000000000003,2.502215083666469,0.3511880819181008
1986-02-24,4.499999999999997,1.793201536147967,0.398489230255104
1986-02-25,-1.5,-0.64486250350058,0.4299083356670534
1986-02-26,2.4375,1.0116575037366369,0.4150389758919536
1986-02-27,9.1875,3.5357437980636215,0.38484286237427173
1986-02-28,0.9066067882432531,0.40467002880838,0.44635671611561145
1986-03-03,3.375,1.5531621199349661,0.46019618368443443
1986-03-04,1.125,0.5413767798799766,0.48122380433775697
1986-03-05,-6.375,-2.9472825532157043,0.46231883187697326
1986-03-06,1.875,0.7873253345860172,0.4199068451125425
1986-03-07,2.125,0.9107649660539355,0.4285952781430285
1986-03-10,5.75,2.437674347712488,0.42394336481956313
1986-03-11,0.5,0.22877173976936901,0.45754347953873803
1986-03-12,0.375,0.1725552391372937,0.4601473043661165
1986-03-13,-1.625,-0.7480390234709675,0.4603317067513646
1986-03-14,1.25,0.5616816391776814,0.44934531134214517
1986-03-17,-1.25,-0.5694967091450502,0.4555973673160402
1986-03-18,-2.375,-1.0561836598632561,0.4447089094161078
1986-03-19,1.25,0.5372841715747383,0.4298273372597906
1986-03-20,1.0,0.4362084796315324,0.4362084796315324
1986-03-21,-1.875,-0.8246383896127569,0.4398071411268037
1986-03-24,3.625,1.5303121420681056,0.42215507367396016
1986-03-25,0.125,0.0552860547156272,0.4422884377250176
1986-03-26,2.125,0.9356313318536164,0.4402970973428783
1986-03-27,3.2500000000000018,1.4531652764442458,0.44712777736745996
1986-03-28,0.0,0.0,0.46491320005438913
1986-03-31,2.875,1.3236980305811892,0.46041670628910925
1986-04-01,-0.25,-0.11923467589874956,0.47693870359499824
1986-04-02,0.625,0.2968583705726906,0.47497339291630497
1986-04-03,-2.375,-1.1275389993326483,0.47475326287690456
1986-04-04,-1.875,-0.8614167864681678,0.45942228611635616
1986-04-07,0.0,0.0,0.4486940833792169
1986-04-08,5.5,2.382369847206997,0.43315815403763586
1986-04-09,1.625,0.7478012570642691,0.4601853889626272
1986-04-10,-0.375,-0.17560915696648494,0.46829108524395985
1986-04-11,-1.875,-0.8708935484440888,0.4644765591701807
1986-04-14,3.3749999999999982,1.5142729405276796,0.4486734638600534
1986-04-15,-1.6249999999999982,-0.754218589253925,0.46413451646395437
1986-04-16,6.749999999999997,2.942237828513207,0.4358870857056605
1986-04-17,-2.375,-1.1058748726255405,0.4656315253160171
1986-04-18,-2.125,-0.959424607140006,0.4514939327717675
1986-04-21,0.25,0.1104983417776132,0.4419933671104528
1986-04-22,-5.874999999999997,-2.5232001434172266,0.4294808754752728
1986-04-23,-3.375,-1.4066238524408963,0.41677743776026555
1986-04-24,-2.909175196237937,-1.1567987684296168,0.397638055599249
1986-04-25,-0.6875,-0.26331673613079015,0.3830061616447857
1986-04-28,1.7500000000000009,0.661571039129798,0.3780405937884558
1986-04-29,1.4375,0.5538635391417339,0.3852963750551192
1986-04-30,-0.0625,-0.02459165253143319,0.39346644050293106
1986-05-01,-1.3125,-0.5145284379428716,0.39202166700409263
1986-05-02,-1.0000000000000009,-0.3852414107050991,0.38524141070509876
1986-05-05,1.8750000000000009,0.7150529400052021,0.3813615680027743
1986-05-06,-0.5625,-0.21937785700910015,0.39000507912728916
1986-05-07,-0.8750000000000009,-0.3449453978645599,0.3942233118452109
1986-05-08,0.6875000000000009,0.2686593806158529,0.39077728089578556
1986-05-09,-1.1875000000000009,-0.46742953813449845,0.3936248742185247
1986-05-12,-2.5625,-0.9912501821228774,0.38682933936502534
1986-05-13,1.2500000000000002,0.49187943162461345,0.39350354529969067
1986-05-14,-0.375,-0.1497676589360206,0.39938042382938826
1986-05-15,-2.0,-0.7904985091787876,0.3952492545893938
1986-05-16,-2.1373737412607223,-0.8191061204757127,0.38323017854264735
1986-05-19,0.0,0.0,0.3741084062748501
1986-05-20,0.0,0.0,0.37368335494215066
1986-05-21,0.0,0.0,0.3733181358570428
1986-05-22,0.0,0.0,0.3746824751718622
1986-05-23,0.0,0.0,0.37425821768627837
1986-05-26,0.0,0.0,0.3747851835889417
1986-05-27,0.0,0.0,0.381699318128491
1986-05-28,-0.03598127905090785,-0.013727405169829347,0.3815152082394633
1986-05-29,-3.75,-1.4166601482027859,0.3777760395207429
1986-05-30,-0.9123306024203665,-0.3264303398442675,0.3577983013813901
1986-06-02,0.0,0.0,0.352855392587464
1986-06-03,0.0,0.0,0.37296856944325557
1986-06-04,0.0,0.0,0.3777523614842354
1986-06-05,0.0,0.0,0.3915200826212793
1986-06-06,0.0,0.0,0.3940598975653927
1986-06-09,0.0,0.0,0.39425874569759006
1986-06-10,0.0,0.0,0.39639457499978203
1986-06-11,0.0,0.0,0.4057020419037661
1986-06-12,0.0,0.0,0.40798448890844236
1986-06-13,0.0,0.0,0.40754933690116946
1986-06-16,0.0,0.0,0.41087004924105885
1986-06-17,-0.0424661049858603,-0.017469111480504923,0.41136599380427086
1986-06-18,-0.125,-0.05133339970431026,0.41066719763448206
1986-06-19,-2.4375,-0.9901443639531876,0.4062130723910513
1986-06-20,2.375,0.9241221521302464,0.3891040640548406
1986-06-23,0.9375,0.3791298215106766,0.4044051429447217
1986-06-24,0.4375,0.1795104699606719,0.4103096456243929
1986-06-25,0.0,0.0,0.412606255371128
1986-06-26,0.1875,0.07727475209680912,0.4121320111829819
1986-06-27,0.8750000000000009,0.36164567666010766,0.41330934475440834
1986-06-30,0.3125,0.13060650285738898,0.41794080914364473
1986-07-01,-0.125,-0.05243556604443465,0.4194845283554772
1986-07-02,-0.25,-0.10828631368221668,0.4331452547288667
1986-07-03,1.8125,0.8366430622385497,0.46159617226954464
1986-07-04,0.0,0.0,0.48419610025897336
1986-07-07,-0.875,-0.42441991073851715,0.4850513265583053
1986-07-08,-1.3125,-0.6468989611825173,0.4928753989962037
1986-07-09,1.4375,0.6942872283437118,0.4829824197173647
1986-07-10,-0.125,-0.06168292399368574,0.4934633919494859
1986-07-11,0.0625,0.030757331422778485,0.49211730276445576
1986-07-14,0.5625,0.27678713431786484,0.4920660165650931
1986-07-15,1.5,0.7404442633472121,0.4936295088981414
1986-07-16,-0.75,-0.3771811144929983,0.502908152657331
1986-07-17,0.0625,0.03109894391639863,0.4975831026623781
1986-07-18,0.3125,0.1555300632792827,0.49769620249370466
1986-07-21,0.75,0.3741263165103018,0.4988350886804024
1986-07-22,-0.8560117143640328,-0.4318470385708079,0.5044873000267821
1986-07-23,-2.125,-1.0594879548141694,0.49858256697137376
1986-07-24,-2.2936706081309213,-1.1035443342389857,0.48112589938894834
1986-07-25,0.3125,0.14535586980054335,0.46513878336173875
1986-07-28,-2.6875000000000013,-1.2414093044570875,0.4619197411933347
1986-07-29,2.000000000000001,0.8859041101927596,0.4429520550963796
1986-07-30,0.375,0.17166714867710095,0.45777906313893585
1986-07-31,1.0625,0.4912043834725203,0.4623100079741368
1986-08-01,0.4375,0.20645442282313403,0.4718958235957349
1986-08-04,0.0625,0.03013633412007486,0.48218134592119777
1986-08-05,-0.625,-0.3044704005674356,0.48715264090789695
1986-08-06,-1.0625,-0.5162450537424103,0.48587769763991556
1986-08-07,0.8125,0.38805626151948347,0.47760770648551815
1986-08-08,1.875,0.9044090035043393,0.4823514685356476
1986-08-11,0.8125,0.4132423933559341,0.5086060225919189
1986-08-12,0.4999999999999991,0.25679964008597345,0.5135992801719478
1986-08-13,1.0181661851002073,0.5261714703006389,0.5167834858401367
1986-08-14,-0.75,-0.3981776793099755,0.5309035724133007
1986-08-15,0.1045983607021554,0.055239504262679776,0.5281106117903193
1986-08-18,0.625,0.36119169743091106,0.5779067158894577
1986-08-19,2.0,1.200778275158492,0.600389137579246
1986-08-20,1.25,0.7709414871641969,0.6167531897313575
1986-08-21,0.0,0.0,0.6334631073015596
1986-08-22,-3.25,-2.4019142836393383,0.7390505488121041
1986-08-25,1.25,0.882588298176173,0.7060706385409384
1986-08-26,2.875,2.076747180994593,0.7223468455633368
1986-08-27,-2.875,-2.119776128323871,0.7373134359387378
1986-08-28,1.25,0.9723456358226151,0.7778765086580921
1986-08-29,2.375,1.8663420423975619,0.7858282283779208
1986-09-01,0.0,0.0,0.8184079395449111
1986-09-02,-3.25,-2.814184071469682,0.8659027912214406
1986-09-03,-4.375,-3.457007730052129,0.7901731954404866
1986-09-04,0.7052778725649443,0.5240853261735324,0.7430905555955506
1986-09-05,-1.6874999999999991,-1.2643806106672373,0.749262584099104
1986-09-08,-1.25,-0.9136961131325348,0.7309568905060279
1986-09-09,0.704940626302335,0.5069539790071036,0.719144223062101
1986-09-10,0.0,0.0,0.7361321367698812
1986-09-11,0.0,0.0,0.7383009991386036
1986-09-12,0.0,0.0,0.7394225360603617
1986-09-15,0.0,0.0,0.7453638865159893
1986-09-16,0.0,0.0,0.7707552600873384
1986-09-17,0.0,0.0,0.7699896709916113
1986-09-18,0.0,0.0,0.7785953491327666
1986-09-19,0.0,0.0,0.8006832585220133
1986-09-22,0.0,0.0,0.7998570868484747
1986-09-23,0.0,0.0,0.8178698107581718
1986-09-24,0.0,0.0,0.8171733133931484
1986-09-25,0.0,0.0,0.817243406775066
1986-09-26,-0.04490756237449554,-0.03726274193626439,0.8297654106789619
1986-09-29,-1.375,-1.1444213107880332,0.8323064078458423
1986-09-30,1.375,1.1145801008946474,0.8106037097415617
1986-10-01,0.375,0.33940730762294724,0.9050861536611926
1986-10-02,-0.375,-0.34361154887779033,0.9162974636741075
1986-10-03,1.9999999999999991,1.7987008018100206,0.8993504009050107
1986-10-06,0.375,0.35030709193507953,0.9341522451602121
1986-10-07,0.1875,0.1825176230161682,0.9734273227528971
1986-10-08,-0.9375,-0.9194022006530297,0.980695680696565
1986-10-09,0.5625,0.6407214717110667,1.1390603941530075
1986-10-10,-0.625,-0.731900075906956,1.1710401214511297
1986-10-13,-0.6249999999999991,-0.7370155056242588,1.1792248089988158
1986-10-14,-1.625,-1.8777627407741904,1.1555463020148864
1986-10-15,0.5625,0.7361373124205891,1.3086885554143806
1986-10-16,-0.4375,-0.6085800087397908,1.3910400199766646
1986-10-17,-0.125,-0.18014315623759833,1.4411452499007866
1986-10-20,-1.1875,-1.6983213392841094,1.4301653383445132
1986-10-21,1.3297302405453266,1.8796716314314879,1.413573651344974
1986-10-22,0.0,0.0,1.4553519799259276
1986-10-23,-0.04532246044298706,-0.06589428865208952,1.4538991927629477
1986-10-24,-0.4375,-0.640150551054425,1.4632012595529713
1986-10-27,0.6874999999999991,1.001369808979507,1.4565379039701938
1986-10-28,-0.24999999999999914,-0.37423666902212405,1.4969466760885013
1986-10-29,0.9999999999999991,1.4845966387905964,1.4845966387905978
1986-10-30,0.9375,1.409647821536845,1.5036243429726348
1986-10-31,-0.23224527571407785,-0.3543137462624694,1.5256015226706816
1986-11-03,1.0,1.5224548700269664,1.5224548700269664
1986-11-04,-0.375,-0.599126304840258,1.597670146240688
1986-11-05,0.0,0.0,1.6017124766190307
1986-11-06,-2.25,-3.503223294094184,1.5569881307085263
1986-11-07,-1.625,-2.466444303132282,1.5178118788506352
1986-11-10,0.33108583914588957,0.5026151368060591,1.5180810453949583
1986-11-11,0.125,0.19048213567044542,1.5238570853635633
1986-11-12,0.4375,0.6665277781889292,1.5234920644318382
1986-11-13,0.125,0.19145243372776552,1.5316194698221242
1986-11-14,0.5981974110069768,0.9151210513987404,1.5297977466306143
1986-11-17,1.0625,1.6275841200280832,1.53184387767349
1986-11-18,-0.7926073163475484,-1.2272324087055833,1.548348574879237
1986-11-19,2.5,3.694567019925005,1.4778268079700019
1986-11-20,-0.25,-0.3822330241664968,1.5289320966659872
1986-11-21,0.875,1.4347297351168973,1.6396911258478826
1986-11-24,1.25,2.0637936086846516,1.6510348869477212
1986-11-25,-1.875,-3.0831383177212106,1.644340436117979
1986-11-26,0.875,1.3948695739226393,1.5941366559115877
1986-11-27,0.0,0.0,1.611910675193297
1986-11-28,0.25,0.4024399001271934,1.6097596005087735
1986-12-01,-0.625,-1.0063402661726446,1.6101444258762312
1986-12-02,3.625,5.38299378857927,1.4849638037460056
1986-12-03,-0.125,-0.1946885676140455,1.557508540912364
1986-12-04,1.875,2.8599789637826802,1.5253221140174296
1986-12-05,-3.792579798159332,-5.513557647229485,1.4537749871223282
1986-12-08,3.1449855662655586,4.148679962436532,1.3191411772877506
1986-12-09,-0.125,-0.1717082874207112,1.3736662993656896
1986-12-10,0.875,1.1946695146724309,1.3653365881970638
1986-12-11,-1.75,-2.3810105069407688,1.3605774325375821
1986-12-12,0.125,0.17064295617206587,1.365143649376527
1986-12-15,-0.5,-0.7004700898878411,1.4009401797756822
1986-12-16,1.25,1.7324151656587365,1.3859321325269893
1986-12-17,0.25,0.35206202124776415,1.4082480849910566
1986-12-18,0.5,0.7048886001454424,1.4097772002908848
1986-12-19,0.375,0.5313021121232921,1.4168056323287792
1986-12-22,0.125,0.17841239172738912,1.427299133819113
1986-12-23,0.75,1.0687960186133094,1.4250613581510791
1986-12-24,-0.25,-0.3592468060278056,1.4369872241112225
1986-12-25,0.0,0.0,1.4314898199153618
1986-12-26,-0.125,-0.1815682857779229,1.452546286223383
1986-12-29,-2.375,-3.350341088385658,1.410669931951856
1986-12-30,-1.25,-1.7021933755126497,1.3617547004101198
1986-12-31,-0.41475397990211627,-0.559053762572741,1.3479165714206771
1987-01-01,0.0,0.0,1.352291971770313
1987-01-02,1.5625,2.0869640537018763,1.3356569943692007
1987-01-05,0.8979460481010514,1.2186733284251858,1.3571787870801353
1987-01-06,-0.375,-0.5148610626396254,1.3729628337056676
1987-01-07,0.625,0.8605844495160193,1.376935119225631
1987-01-08,-0.125,-0.17379892773323607,1.3903914218658886
1987-01-09,0.75,1.0373822407606277,1.3831763210141703
1987-01-12,-1.125,-1.5610866555921408,1.3876325827485696
1987-01-13,-0.75,-1.024750890515529,1.3663345206873718
1987-01-14,-1.0,-1.3500404921708524,1.3500404921708524
1987-01-15,1.0,1.353301736324242,1.353301736324242
1987-01-16,1.875,2.5902345176671027,1.3814584094224547
1987-01-19,0.875,1.233396972394536,1.4095965398794696
1987-01-20,-0.25,-0.36862285587540744,1.4744914235016298
1987-01-21,0.125,0.18724496572584948,1.4979597258067958
1987-01-22,-0.4128097260678927,-0.6186756790802558,1.498694531675122
1987-01-23,-2.25,-3.2860044454284747,1.4604464201904332
1987-01-26,-2.4750554043269486,-3.4075822697276887,1.376770097255389
1987-01-27,0.375,0.49871105613179445,1.3298961496847852
1987-01-28,1.25,1.6599116812477053,1.3279293449981642
1987-01-29,-0.125,-0.1695355502040678,1.3562844016325424
1987-01-30,-1.125,-1.5174422167336632,1.3488375259854783
1987-02-02,-0.75,-1.0098343871533917,1.3464458495378555
1987-02-03,-0.5,-0.6671084473353227,1.3342168946706454
1987-02-04,0.46275205987355783,0.6127323284605196,1.324105026410779
1987-02-05,0.9375,1.249026710038415,1.3322951573743091
1987-02-06,0.0,0.0,1.35178277179659
1987-02-09,-1.3477340046760249,-1.8042274656154031,1.338711837317715
1987-02-10,-1.5346542436998754,-1.9962730769636352,1.3007966355671423
1987-02-11,-0.625,-0.8091390211354585,1.2946224338167336
1987-02-12,0.84135208361784,1.0832002788546682,1.28745182896187
1987-02-13,-0.034885406701217564,-0.04540513457387073,1.3015509597681143
1987-02-16,-0.03126618123350379,-0.04285529924738113,1.3706598489699418
1987-02-17,-0.125,-0.17247738352283745,1.3798190681826996
1987-02-18,0.625,0.8968816618042097,1.4350106588867355
1987-02-19,0.6875,1.038251893650528,1.5101845725825862
1987-02-20,0.125,0.19208533119038898,1.5366826495231118
1987-02-23,0.375,0.5954591793395689,1.5878911449055173
1987-02-24,0.5327543688956223,0.8481043223956122,1.5919237305433969
1987-02-25,-0.75,-1.2768636249162637,1.702484833221685
1987-02-26,0.0,0.0,1.9132219860484563
1987-02-27,0.625,1.195569533797594,1.9129112540761504
1987-03-02,0.5,0.981950023319383,1.963900046638766
1987-03-03,-0.875,-1.7385624891693061,1.9869285590506356
1987-03-04,1.875,3.5987052698654507,1.9193094772615737
1987-03-05,-0.125,-0.24580551815663,1.96644414525304
1987-03-06,-1.875,-3.587394420839524,1.9132770244477462
1987-03-09,-0.125,-0.2329368907118158,1.8634951256945265
1987-03-10,-0.125,-0.2322997965590543,1.8583983724724344
1987-03-11,0.125,0.23166396232000713,1.853311698560057
1987-03-12,0.25,0.46349631601660257,1.8539852640664103
1987-03-13,0.625,1.1584947716391052,1.8535916346225683
1987-03-16,-0.5,-0.932235434202438,1.864470868404876
1987-03-17,0.5,0.9234741352320804,1.8469482704641609
1987-03-18,-0.25,-0.46426071940522307,1.8570428776208923
1987-03-19,0.25,0.46206683617146743,1.8482673446858697
1987-03-20,-0.375,-0.6941466880580582,1.8510578348214888
1987-03-23,-0.625,-1.1469059385103095,1.8350495016164954
1987-03-24,-0.5,-0.9192883517372034,1.8385767034744067
1987-03-25,0.25,0.4619628146935269,1.8478512587741076
1987-03-26,0.75,1.3852894058655196,1.8470525411540262
1987-03-27,-2.0,-3.6302320657456,1.8151160328728
1987-03-30,-5.653413377084458,-8.368407523361336,1.4802398065002345
1987-03-31,0.5966228184748974,0.8113999069203435,1.359988055761033
1987-04-01,0.0,0.0,1.3713805256736702
1987-04-02,-0.028263272407903797,-0.03892111441506059,1.3770915785454603
1987-04-03,-0.4375,-0.6021119000405213,1.3762557715211916
1987-04-06,-0.625,-0.8537079970860753,1.3659327953377205
1987-04-07,1.25,1.6783055318212547,1.3426444254570038
1987-04-08,-0.1875,-0.2602363126214704,1.3879270006478421
1987-04-09,2.6874999999999987,3.572373116713889,1.3292551131958663
1987-04-10,2.1875,2.9471477520533904,1.3472675437958357
1987-04-13,1.1875,1.6367073360203714,1.3782798619118917
1987-04-14,1.9375000000000009,2.6785418962690906,1.3824732367840462
1987-04-15,-1.4665421172755262,-2.075671834535373,1.4153509879357982
1987-04-16,-3.2500000000000018,-4.264350222285869,1.3121077607033436
1987-04-17,0.0,0.0,1.2523991960825867
1987-04-20,4.625000000000002,5.226822470489275,1.1301237774030861
1987-04-21,0.375,0.4522730240978545,1.2060613975942787
1987-04-22,1.125,1.3550077566213519,1.2044513392189795
1987-04-23,2.5,2.982625479891261,1.1930501919565044
1987-04-24,4.5,5.102084510271142,1.1337965578380316
1987-04-27,-3.375,-3.8641027815122584,1.1449193426702988
1987-04-28,-2.75,-2.941786753432642,1.0697406376118699
1987-04-29,1.375,1.4092041928187904,1.024875776595484
1987-04-30,-3.125,-3.1412339929971953,1.0051948777591024
1987-05-01,4.0943211878019605,3.785243497573287,0.9245106389920029
1987-05-04,1.9375,1.8803217287352363,0.9704886341859285
1987-05-05,-1.125,-1.1131438622049463,0.9894612108488412
1987-05-06,0.9375,0.911163065072848,0.9719072694110379
1987-05-07,-1.0625,-1.0405000773040194,0.9792941904037828
1987-05-08,-0.625,-0.6026785221149813,0.9642856353839702
1987-05-11,1.9375,1.8305534322786592,0.9448017714986628
1987-05-12,-0.25,-0.24266756932714814,0.9706702773085926
1987-05-13,-0.25,-0.2421730799478957,0.9686923197915828
1987-05-14,0.75,0.7380160313111077,0.984021375081477
1987-05-15,3.1596625260711266,3.0303421051953925,0.9590714451911618
1987-05-18,-1.281200090412997,-1.271742940526226,0.9926185223076885
1987-05-19,3.5,3.2995599009273366,0.9427314002649533
1987-05-20,0.625,0.6198151154632552,0.9917041847412084
1987-05-21,-0.625,-0.6245166195539511,0.9992265912863219
1987-05-22,-2.625,-2.544215967839997,0.9692251306057131
1987-05-25,0.0,0.0,0.9391770890826473
1987-05-26,-6.875,-5.605940516741221,0.815409529707814
1987-05-27,1.9680285794216148,1.51105844868413,0.767803102294488
1987-05-28,-0.25,-0.19665922161464758,0.7866368864585903
1987-05-29,-1.0625,-0.8381693999339355,0.7888653175848804
1987-06-01,-0.375,-0.3040895973498526,0.8109055929329402
1987-06-02,3.625,2.8944535174699375,0.7984699358537759
1987-06-03,-1.0,-0.8327553530576146,0.8327553530576146
1987-06-04,-0.5,-0.41150504238008445,0.8230100847601689
1987-06-05,-1.5,-1.2287002047284346,0.8191334698189564
1987-06-08,0.375,0.3009983651851182,0.8026623071603152
1987-06-09,0.375,0.30228425081555155,0.8060913355081374
1987-06-10,-0.25,-0.20322359155150985,0.8128943662060394
1987-06-11,-0.375,-0.303532662215479,0.8094204325746106
1987-06-12,-3.0,-2.3528120832390957,0.784270694413032
1987-06-15,-0.7205238945258825,-0.5422894636509974,0.7526321719112916
1987-06-16,0.0,0.0,0.7447953440069036
1987-06-17,0.0,0.0,0.745378001257082
1987-06-18,0.0,0.0,0.7448727631453255
1987-06-19,0.0,0.0,0.7442323697713673
1987-06-22,0.0,0.0,0.7436270611433029
1987-06-23,0.0,0.0,0.7554529341421526
1987-06-24,0.0,0.0,0.7583290600083314
1987-06-25,0.0,0.0,0.7580689726182392
1987-06-26,0.0,0.0,0.757420023619443
1987-06-29,0.0,0.0,0.7623361453592923
1987-06-30,0.0,0.0,0.7635386615029859
1987-07-01,0.0,0.0,0.7632107019709825
1987-07-02,0.0,0.0,0.7634602505997978
1987-07-03,0.0,0.0,0.762845512176354
1987-07-06,0.0,0.0,0.7634944269130616
1987-07-07,0.0,0.0,0.7657803532435612
1987-07-08,0.0,0.0,0.7664401341200033
1987-07-09,0.0,0.0,0.7681286103955548
1987-07-10,0.0,0.0,0.7698285473378513
1987-07-13,0.0,0.0,0.7775526898648685
1987-07-14,0.0,0.0,0.7787408433230999
1987-07-15,0.0,0.0,0.7782325717307391
1987-07-16,0.0,0.0,0.777611987714155
1987-07-17,0.0,0.0,0.7773662040517324
1987-07-20,0.0,0.0,0.789124481014901
1987-07-21,0.0,0.0,0.8040091662307369
1987-07-22,0.0,0.0,0.8036952080061491
1987-07-23,-0.03301578674204489,-0.02664629099027681,0.8070772687764952
1987-07-24,0.25,0.20147934565128361,0.8059173826051345
1987-07-27,0.25,0.20277721841578428,0.8111088736631371
1987-07-28,0.125,0.10182422093736634,0.8145937674989308
1987-07-29,-0.1875,-0.15297021859475768,0.8158411658387077
1987-07-30,-0.3125,-0.25419522268536043,0.8134247125931533
1987-07-31,0.625,0.5066457086842006,0.8106331338947209
1987-08-03,2.0625,1.6614959697293537,0.8055738035051412
1987-08-04,-0.15793942750319978,-0.13137811570398078,0.8318259587291408
1987-08-05,-2.875,-2.339825474132448,0.8138523388286775
1987-08-06,0.46686994408517163,0.3656573286990467,0.7832102565855886
1987-08-07,-0.375,-0.29584239797348594,0.7889130612626292
1987-08-10,0.5,0.3918337057126321,0.7836674114252642
1987-08-11,-0.1875,-0.14778924080663913,0.7882092843020754
1987-08-12,-0.125,-0.09819684001501632,0.7855747201201305
1987-08-13,-1.3125,-1.0241390239821682,0.780296399224509
1987-08-14,-0.5760494847911175,-0.44138215154747235,0.7662226305219644
1987-08-17,-0.1875,-0.14240612053145504,0.7594993095010936
1987-08-18,2.21701920040279,1.6530567586218696,0.7456213091530921
1987-08-19,-0.032966831512457224,-0.02533637854997498,0.7685415124107722
1987-08-20,-0.625,-0.47998587802765397,0.7679774048442464
1987-08-21,0.5,0.3801522529230075,0.760304505846015
1987-08-24,0.1875,0.1435635199013441,0.765672106140502
1987-08-25,-0.6875,-0.5269247208100164,0.766435957541842
1987-08-26,0.6875,0.5221091449543979,0.7594314835700333
1987-08-27,1.75,1.3421798231067985,0.7669598989181705
1987-08-28,1.125,0.8789280471015366,0.7812693752013659
1987-08-31,-0.22084431867268733,-0.17685374781337496,0.800807323803015
1987-09-01,1.125,0.8940717787521159,0.7947304700018808
1987-09-02,5.5,4.046640683264815,0.7357528515026938
1987-09-03,0.25,0.19667392297988523,0.7866956919195409
1987-09-04,0.125,0.09856269523635819,0.7885015618908655
1987-09-07,0.0,0.0,0.7899122969565021
1987-09-08,5.125,3.763677111942868,0.7343760218425108
1987-09-09,-0.5,-0.38923106392840134,0.7784621278568027
1987-09-10,-2.0,-1.5308250653810171,0.7654125326905086
1987-09-11,-2.375,-1.749631765150253,0.7366870590106329
1987-09-14,-0.25,-0.17902136523881806,0.7160854609552723
1987-09-15,2.375,1.6714019565182203,0.7037481922181981
1987-09-16,1.75,1.2561963959305738,0.7178265119603279
1987-09-17,-0.875,-0.6391314483056105,0.7304359409206977
1987-09-18,-2.5,-1.7807008509455233,0.7122803403782093
1987-09-21,1.375,0.9556632658706922,0.6950278297241398
1987-09-22,-1.875,-1.4256465694716074,0.7603448370515239
1987-09-23,0.5,0.3717156145996763,0.7434312291993526
1987-09-24,2.75,2.0134245605024303,0.7321543856372473
1987-09-25,0.125,0.09440323914366985,0.7552259131493588
1987-09-28,-0.25,-0.18898750984587503,0.7559500393835001
1987-09-29,2.375,1.7641055590815906,0.742781288034354
1987-09-30,0.875,0.6684306287792393,0.7639207186048449
1987-10-01,0.8402031012829914,0.6464281657804241,0.7693713160464741
1987-10-02,-3.1875,-2.4540938059284936,0.7699117822520765
1987-10-05,3.0,2.203320015839881,0.7344400052799603
1987-10-06,1.125,0.8539052173056949,0.7590268598272844
1987-10-07,-0.375,-0.29061930637512146,0.7749848170003238
1987-10-08,5.625,4.028202042177657,0.7161248074982501
1987-10-09,2.4375,1.8715326431027293,0.7678082638370172
1987-10-12,3.75,2.8504562330348207,0.7601216621426189
1987-10-13,-5.8125,-4.449196088138659,0.7654530904324574
1987-10-14,7.875,4.977774878238475,0.6320983972366317
1987-10-15,0.713970495692603,0.48784976800119895,0.6832912157356719
1987-10-16,1.125,0.781111314861564,0.6943211687658347
1987-10-19,-1.125,-0.8204486746350388,0.7292877107867012
1987-10-20,-12.0,-6.754592834568321,0.5628827362140267
1987-10-21,-7.415142999561122,-3.43246182202683,0.46289893832526036
1987-10-22,-3.9787991227344786,-1.660797897484144,0.4174118487144785
1987-10-23,0.0,0.0,0.40400822165468325
1987-10-26,0.0,0.0,0.4142729959599391
1987-10-27,0.0,0.0,0.41638830176881403
1987-10-28,0.0,0.0,0.4168871374363299
1987-10-29,0.0,0.0,0.4171336247176503
1987-10-30,0.0,0.0,0.41754638340407474
1987-11-02,0.0,0.0,0.41747273247523
1987-11-03,0.0,0.0,0.41963481042552325
1987-11-04,0.0,0.0,0.41934380232815555
1987-11-05,0.0,0.0,0.4190532636632087
1987-11-06,-0.042419036825824985,-0.017777638080956882,0.41909575066385624
1987-11-09,-0.25,-0.10631914759656472,0.42527659038625887
1987-11-10,-0.0625,-0.0265495177068775,0.42479228331004
1987-11-11,-0.625,-0.27029144831303425,0.43246631730085483
1987-11-12,0.3125,0.13408751435492577,0.4290800459357625
1987-11-13,-0.6006794329454831,-0.25852583216674574,0.430389019479229
1987-11-16,0.5,0.21583787726655626,0.4316757545331125
1987-11-17,-0.625,-0.2710492223795618,0.43367875580729887
1987-11-18,0.20762344889381437,0.09695489236841229,0.4669746740311509
1987-11-19,0.0,0.0,0.4711060604287304
1987-11-20,0.0,0.0,0.4707898935093141
1987-11-23,0.0,0.0,0.47139470316486254
1987-11-24,0.0,0.0,0.47114657881737176
1987-11-25,0.0,0.0,0.48241047145562194
1987-11-26,0.0,0.0,0.48294089635773435
1987-11-27,0.0,0.0,0.48279044656071035
1987-11-30,0.0,0.0,0.4844676410823221
1987-12-01,0.0,0.0,0.48421808931449684
1987-12-02,0.0,0.0,0.48396899572584795
1987-12-03,0.0,0.0,0.4836487782215602
1987-12-04,0.0,0.0,0.48340061560651487
1987-12-07,0.0,0.0,0.49140352860068776
1987-12-08,0.0,0.0,0.49151300545578874
1987-12-09,0.0,0.0,0.49113084670544205
1987-12-10,0.0,0.0,0.49074928176174804
1987-12-11,-0.04257132648320668,-0.020875556392556276,0.49036659453848963
1987-12-14,-0.5,-0.24474815371700429,0.48949630743400857
1987-12-15,-2.0,-0.9648368856681411,0.48241844283407054
1987-12-16,-1.355408479180703,-0.6351301001890657,0.4685894399694029
1987-12-17,0.0,0.0,0.460258743347469
1987-12-18,0.0,0.0,0.45990282239298425
1987-12-21,0.0,0.0,0.4595474514849294
1987-12-22,0.0,0.0,0.4591926293492121
1987-12-23,0.0,0.0,0.45883835471567164
1987-12-24,-0.041832231731201736,-0.01917937112777409,0.4584830962644678
1987-12-25,0.0,0.0,0.457885131918981
1987-12-28,-1.0,-0.456661809477679,0.456661809477679
1987-12-29,1.0,0.44962335670211834,0.44962335670211834
1987-12-30,0.8125,0.3693004230255821,0.45452359756994715
1987-12-31,-1.0,-0.4580213158021609,0.4580213158021609
1988-01-01,0.0,0.0,0.4518811806908881
1988-01-04,0.5625,0.25383615774567786,0.45126428043676065
1988-01-05,0.75,0.34026352513631386,0.45368470018175183
1988-01-06,-0.8125,-0.37138657418136667,0.4570911682232205
1988-01-07,-0.25,-0.1130032168765052,0.4520128675060208
1988-01-08,-2.5,-1.1124476037826039,0.4449790415130415
1988-01-11,1.4592097611767625,0.6256234965354412,0.4287413044927239
1988-01-12,0.0,0.0,0.4366599367489732
1988-01-13,0.0,0.0,0.4363269005994323
1988-01-14,0.0,0.0,0.43599437206939007
1988-01-15,0.0,0.0,0.43566323267397206
1988-01-18,-0.04117089613178466,-0.017925022675360124,0.43538092097834347
1988-01-19,-0.125,-0.05435699578523372,0.43485596628186973
1988-01-20,0.5625,0.24388865624611286,0.43357983332642286
1988-01-21,1.0625000000000009,0.4627465788273457,0.43552619183750146
1988-01-22,0.625,0.27556856297268084,0.4409097007562893
1988-01-25,0.5,0.22209434528096278,0.44418869056192556
1988-01-26,-1.125,-0.5052788851836932,0.44913678682994956
1988-01-27,2.125,0.9324523352667883,0.4388010989490768
1988-01-28,0.5,0.22853825525820065,0.4570765105164013
1988-01-29,0.8970092004901025,0.41177214995211553,0.45905008524676666
1988-02-01,0.0,0.0,0.4638832066356312
1988-02-02,2.4999999999999982,1.1459422565929969,0.4583769026371991
1988-02-03,-2.3749999999999982,-1.1093586897908634,0.46709839570141654
1988-02-04,0.0,0.0,0.45368002413948216
1988-02-05,2.8749999999999982,1.2878856400925325,0.44796022264088114
1988-02-08,-1.5,-0.6924595151878999,0.4616396767919333
1988-02-09,0.75,0.33955870222477397,0.45274493629969864
1988-02-10,1.375,0.6310726267229604,0.4589619103439712
1988-02-11,-1.375,-0.6386693126533266,0.464486772838783
1988-02-12,-3.4999999999999982,-1.5649039386461379,0.4471154110417539
1988-02-15,-0.05581205389084159,-0.02391337844908472,0.4284626130379473
1988-02-16,-0.4375,-0.18713113297417192,0.4277283039409644
1988-02-17,-0.0625,-0.026590711077427276,0.4254513772388364
1988-02-18,0.4375,0.18594408943805713,0.425015061572702
1988-02-19,0.375,0.16096177058465483,0.4292313882257462
1988-02-22,0.375,0.1619120035154036,0.43176534270774297
1988-02-23,0.9999999999999991,0.43269894539224785,0.43269894539224824
1988-02-24,-0.25,-0.10965346243826297,0.4386138497530519
1988-02-25,-0.6007290696425323,-0.2773080588588146,0.4616191772171581
1988-02-26,1.2499999999999982,0.5707735532388063,0.4566188425910457
1988-02-29,0.625,0.2893288365539045,0.46292613848624725
1988-03-01,0.25,0.11650226593746683,0.46600906374986734
1988-03-02,1.0,0.49036018787396796,0.49036018787396796
1988-03-03,0.5,0.2479178965258572,0.4958357930517144
1988-03-04,-4.749999999999998,-2.283612683957037,0.48076056504358694
1988-03-07,-0.2882886635687212,-0.13219237382209847,0.4585416997869115
1988-03-08,-0.375,-0.17118589410700163,0.456495717618671
1988-03-09,0.25,0.1147395908583045,0.458958363433218
1988-03-10,-0.4375,-0.20240377976196103,0.46263721088448234
1988-03-11,0.8125,0.37364421638853784,0.45986980478589273
1988-03-14,-0.0625,-0.02937215502814417,0.46995448045030674
1988-03-15,0.0,0.0,0.47100835154071263
1988-03-16,-0.9375,-2.2739322299730054,2.4255277119712058
1988-03-17,0.875,1.9479223062968858,2.2261969214821553
1988-03-18,-1.6875,-0.8052595590395408,0.4771908498012094
1988-03-21,-0.5,-1.1997838508306866,2.3995677016613732
1988-03-22,-0.03835984018589561,-0.08706834478366736,2.2697786112174994
1988-03-23,0.0,0.0,2.241320284923764
1988-03-24,0.0,0.0,2.1807792353564786
1988-03-25,0.0,0.0,2.1400090272535643
1988-03-28,0.0,0.0,2.1462206059749884
1988-03-29,0.0,0.0,2.1651791398288665
1988-03-30,0.0,0.0,0.4947915119117872
1988-03-31,0.0,0.0,0.4945756473748758
1988-04-01,0.0,0.0,0.5300160053246036
1988-04-04,0.0,0.0,0.5369307223230494
1988-04-05,0.0,0.0,2.3345069106270917
1988-04-06,0.0,0.0,2.4663195999119063
1988-04-07,0.0,0.0,2.840197422869585
1988-04-08,0.0,0.0,0.7213147345043346
1988-04-11,0.0,0.0,0.7236434575030705
1988-04-12,0.0,0.0,0.7259915061475867
1988-04-13,0.0,0.0,1.3262019265471183
1988-04-14,0.0,0.0,1.9380176426549431
1988-04-15,0.0,0.0,2.234019000967945
1988-04-18,0.0,0.0,2.2323849471375117
1988-04-19,-0.03830901348761785,-0.08545674089220594,2.2307215224904464
1988-04-20,0.0,0.0,2.228011081366759
1988-04-21,-0.125,-0.2782559458991254,2.226047567193003
1988-04-22,-0.4375,-0.9698440190359416,2.2167863292250094
1988-04-25,-0.125,-0.2753177338022012,2.2025418704176096
1988-04-26,0.25,0.5490248100829056,2.1960992403316224
1988-04-27,-0.1875,-0.4126430997401609,2.2007631986141916
1988-04-28,0.9375,2.039455857733493,2.1754195815823922
1988-04-29,0.0,0.0,2.19986023719725
1988-05-02,0.75,1.639879752259836,2.186506336346448
1988-05-03,-0.5625,-4.291813604747731,7.629890852884856
1988-05-04,-0.0625,-0.1373002288835217,2.196803662136347
1988-05-05,0.125,0.27516851828547445,2.2013481462837956
1988-05-06,1.0,2.1843759139409116,2.1843759139409116
1988-05-09,0.25,0.5540894995143414,2.2163579980573656
1988-05-10,0.5,1.110797410394387,2.221594820788774
1988-05-11,0.08816243901396853,0.19764329760536228,2.2418084142845403
1988-05-12,0.0,0.0,2.243527968663565
1988-05-13,-1.125,-2.492079244641187,2.215181550792166
1988-05-16,0.23133474258865883,0.5047801947303203,2.1820336585926507
1988-05-17,2.875,5.832899202546138,2.0288345052334393
1988-05-18,1.875,3.8191515277756176,2.036880814813663
1988-05-19,-0.375,-2.6528040127553214,7.07414403401419
1988-05-20,0.75,5.063171905796067,6.7508958743947565
1988-05-23,0.375,2.616863522453184,6.978302726541824
1988-05-24,-0.5362597797753133,-3.754261383186177,7.000825951853353
1988-05-25,-1.3125,-8.538821485647599,6.505768750969599
1988-05-26,0.33880860801997587,1.9978333831801465,5.896642930224358
1988-05-27,0.5,2.9762667717937483,5.952533543587497
1988-05-30,0.0,0.0,6.043405065463283
1988-05-31,-0.875,-1.7583547572945952,2.009548294050966
1988-06-01,-4.5,-22.531615192873577,5.007025598416351
1988-06-02,0.838770949346077,3.0691657628105515,3.6591226308008595
1988-06-03,-1.1613246564244601,-4.507553146028654,3.881389343705761
1988-06-06,0.0,0.0,3.323015263289882
1988-06-07,0.0,0.0,3.288988157222864
1988-06-08,0.0,0.0,3.3528813430687623
1988-06-09,0.0,0.0,3.325354651679971
1988-06-10,0.0,0.0,1.74323708506419
1988-06-13,0.0,0.0,3.2699769837758326
1988-06-14,0.0,0.0,3.1949191055265516
1988-06-15,-0.0369085046640379,-0.12125566104427457,3.285304082297894
1988-06-16,-2.125,-6.6513257775676715,3.1300356600318455
1988-06-17,-1.8125,-4.3165676799122785,2.3815545820205672
1988-06-20,0.2129189250323188,0.3815018784002631,1.7917706391874524
1988-06-21,0.0,0.0,1.850068642701235
1988-06-22,0.0,0.0,1.840173211711838
1988-06-23,0.0,0.0,1.8307546420237917
1988-06-24,0.0,0.0,1.8220103475438088
1988-06-27,0.0,0.0,1.8008669539885693
1988-06-28,0.0,0.0,1.7850122077383548
1988-06-29,0.0,0.0,1.7725799852333646
1988-06-30,0.0,0.0,1.761963588998142
1988-07-01,0.0,0.0,1.7446192951976929
1988-07-04,0.0,0.0,1.7849368043319271
1988-07-05,0.0,0.0,1.812339822463153
1988-07-06,0.0,0.0,1.83519881808611
1988-07-07,0.0,0.0,1.817781829091409
1988-07-08,0.0,0.0,1.800520306189223
1988-07-11,0.0,0.0,1.7833627053198788
1988-07-12,0.0,0.0,1.769208637466304
1988-07-13,0.0,0.0,1.7545506469694536
1988-07-14,-0.02964750323460642,-0.05170612786486432,1.7440297570997376
1988-07-15,-0.75,-1.2974070334423407,1.7298760445897874
1988-07-18,0.8125,1.2418460566179874,1.5284259158375229
1988-07-19,-0.4375,-0.7498825807871751,1.714017327513543
1988-07-20,0.0,0.0,1.6097863597807636
1988-07-21,0.5625,0.9293079601307372,1.6521030402324217
1988-07-22,-0.625,-1.1111373508607816,1.7778197613772506
1988-07-25,-0.4374999999999998,-0.7115753923488253,1.6264580396544586
1988-07-26,0.03279739741804372,0.04963420775333509,1.5133581217035375
1988-07-27,0.0,0.0,1.5888290436083208
1988-07-28,0.0,0.0,1.6515036690248315
1988-07-29,-0.029830307589900754,-0.04901454055433356,1.6431121404503304
1988-08-01,-0.6875,-1.1943427273344915,1.737225785213806
1988-08-02,-0.9048351829926181,-1.4125061302325357,1.5610645527297753
1988-08-03,0.0,0.0,1.2985066965786713
1988-08-04,0.0,0.0,1.311775631556106
1988-08-05,0.0,0.0,1.3210917959317972
1988-08-08,0.0,0.0,2.7100045503471635
1988-08-09,0.0,0.0,1.471412184620403
1988-08-10,0.0,0.0,1.4568572853604924
1988-08-11,-0.03000417108353027,-0.042034635098725896,1.400959719290473
1988-08-12,0.0,0.0,1.3782007969501844
1988-08-15,0.2381117780416078,0.32628062469231894,1.370283433166857
1988-08-16,-0.4375,-0.6319290976945741,1.4444093661590265
1988-08-17,0.3125,0.4027351109855849,1.2887523551538718
1988-08-18,-0.25,-0.35046819995216016,1.4018727998086407
1988-08-19,-0.1875,-0.2453517699367517,1.308542772996009
1988-08-22,0.375,0.4718733822368569,1.258329019298285
1988-08-23,-0.5625,-0.7778159161711463,1.3827838509709267
1988-08-24,0.0,0.0,1.1714273163026654
1988-08-25,0.8125,0.9488037724496383,1.1677584891687856
1988-08-26,-0.3125,-0.44708221818366817,1.4306630981877382
1988-08-29,-1.125,-1.9711267055328272,1.752112627140291
1988-08-30,-0.25,-0.32843234095364926,1.313729363814597
1988-08-31,-0.25,-0.29930958863740625,1.197238354549625
1988-09-01,-0.09071014233802226,-0.09843301880422481,1.0851379599584798
1988-09-02,0.0,0.0,1.0447221754843332
1988-09-05,0.0,0.0,0.8070885171572499
1988-09-06,0.0,0.0,3.8388364151927754
1988-09-07,-0.02878412592792398,-0.022325145817110127,0.7756061751888083
1988-09-08,0.0,0.0,0.7658066229789547
1988-09-09,1.25,0.9829010030175824,0.786320802414066
1988-09-12,-0.625,-0.8886932117723545,1.4219091388357672
1988-09-13,0.1875,0.22385055613597435,1.1938696327251965
1988-09-14,0.75,0.9528990989688022,1.2705321319584029
1988-09-15,-0.5625,-0.888736174106647,1.579975420634039
1988-09-16,-0.125,-0.16199545510712607,1.2959636408570085
1988-09-19,-0.5,-0.6127314267659443,1.2254628535318886
1988-09-20,0.125,0.1233716813357225,0.98697345068578
1988-09-21,0.375,0.41276178530450797,1.1006980941453546
1988-09-22,-0.1875,-0.23464907287712622,1.2514617220113398
1988-09-23,-0.0625,-0.07266364655940824,1.1626183449505318
1988-09-26,-0.5625,-0.6327775910153417,1.1249379395828296
1988-09-27,-0.375,-0.3338746784381873,0.8903324758351662
1988-09-28,-0.1875,-0.14042496812165955,0.7489331633155176
1988-09-29,0.9109848358313031,0.5990070216048711,0.6575378623709557
1988-09-30,0.0,0.0,1.0027662852093644
1988-10-03,-0.0267400443258934,-0.024324528670101143,0.9096667295553724
1988-10-04,-0.375,-0.3625990003611599,0.9669306676297598
1988-10-05,-0.0625,-0.05288053212307659,0.8460885139692255
1988-10-06,0.125,0.10330189989848171,0.8264151991878537
1988-10-07,2.25,1.808619167714204,0.8038307412063129
1988-10-10,-0.40156066360943937,-0.6028544922958987,1.501278752946377
1988-10-11,-0.625,-0.8389666293259193,1.342346606921471
1988-10-12,-2.375,-2.4452472358864923,1.0295777835311546
1988-10-13,0.2236115442173787,0.037618113022121924,0.16822974481832817
1988-10-14,0.5,0.12153867794099557,0.24307735588199114
1988-10-17,0.125,0.05046361615476456,0.40370892923811647
1988-10-18,0.125,0.05669604037730706,0.45356832301845645
1988-10-19,-0.5625,-0.2765244699105956,0.4915990576188366
1988-10-20,0.1875,0.05399661403040899,0.28798194149551465
1988-10-21,-0.25,-0.08836846300669225,0.353473852026769
1988-10-24,0.0,0.0,0.31025110363891406
1988-10-25,0.125,0.03884075258885281,0.3107260207108225
1988-10-26,0.5625,0.21567437491421565,0.3834211109586056
1988-10-27,0.9375,0.5211948204018664,0.5559411417619908
1988-10-28,0.25,0.2024359403802522,0.8097437615210088
1988-10-31,0.4742207297910262,0.42319958732717955,0.8924105606131347
1988-11-01,-0.5,-0.5353263806325592,1.0706527612651184
1988-11-02,-1.5,-1.3298945696145157,0.8865963797430104
1988-11-03,1.125,3.5275769430043367,3.1356239493371882
1988-11-04,-4.125,-1.3569441333811503,0.3289561535469455
1988-11-07,-1.4012129166777945,1.203858039050064,-0.8591542546612766
1988-11-08,0.1612844082103544,-0.19711819461551197,-1.2221776227645114
1988-11-09,0.0,-0.0,-1.285227037343979
1988-11-10,0.0,-0.0,-1.1295792624092444
1988-11-11,0.0,-0.0,-1.0394087556820664
1988-11-14,-0.014356297239151609,0.015653667283593384,-1.0903694053438562
1988-11-15,0.0,-0.0,-1.0965795496803918
1988-11-16,0.0,-0.0,-1.0900268014159507
1988-11-17,0.0,-0.0,-1.1649297437602266
1988-11-18,0.0,-0.0,-1.168380927067354
1988-11-21,-0.02565570515244455,0.0298880489912969,-1.1649669659712736
1988-11-22,0.4375,-0.5051416041704346,-1.1546093809609934
1988-11-23,-0.0625,0.06379004391444698,-1.0206407026311517
1988-11-24,0.0,-0.0,-1.3483870946578096
1988-11-25,1.1875,4.8970528395530515,4.1238339701499385
1988-11-28,-0.1875,0.18445338088226584,-0.9837513647054178
1988-11-29,-0.3125,0.2923448510852453,-0.935503523472785
1988-11-30,-0.875,0.8939468433512574,-1.0216535352585798
1988-12-01,-0.5,-2.093844298301008,4.187688596602016
1988-12-02,1.786726713485675,-2.0366795617188664,-1.1398942806119272
1988-12-05,0.0,-0.0,-0.8825635489199026
1988-12-06,0.0,-0.0,-0.8951702450540668
1988-12-07,0.0,-0.0,-1.147346021333878
1988-12-08,0.0,0.0,3.95258958368913
1988-12-09,0.0,-0.0,-0.834712078954745
1988-12-12,0.0,-0.0,-0.7316264491522919
1988-12-13,0.0,-0.0,-0.6146586859890266
1988-12-14,0.0,-0.0,-0.6682803758259053
1988-12-15,-0.02614903938268162,0.017748982042690185,-0.6787622972660804
1988-12-16,-0.25,0.13579616682704693,-0.5431846673081877
1988-12-19,-0.375,0.22968917376184267,-0.6125044633649138
1988-12-20,-0.9375,0.6689958539338879,-0.7135955775294804
1988-12-21,-0.21348506380014445,0.21369972529689482,-1.0010055106101068
1988-12-22,0.0,-0.0,-1.0353953268139384
1988-12-23,0.0,-0.0,-1.0312670198868292
1988-12-26,0.0,-0.0,-0.9949416521716236
1988-12-27,0.0,0.0,4.423281416261261
1988-12-28,0.0,-0.0,-1.0348710726648853
1988-12-29,-0.025814245484318616,0.027349850854333606,-1.0594867423472758
1988-12-30,-0.5,0.5174950057387808,-1.0349900114775616
1989-01-02,0.0,-0.0,-1.1821080488176712
1989-01-03,0.9375,4.0577102080182,4.32822422188608
1989-01-04,-0.125,0.14668156770885993,-1.1734525416708794
1989-01-05,0.6875,-0.8052393770446931,-1.1712572757013717
1989-01-06,-0.3125,0.3151017807981011,-1.0083256985539235
1989-01-09,-0.06249999999999999,0.06918103272606797,-1.1068965236170878
1989-01-10,-0.1875,0.2079335398294256,-1.10897887909027
1989-01-11,0.0625000000000002,-0.07116602545401714,-1.1386564072642706
1989-01-12,-1.1875000000000002,1.2822999362697056,-1.079831525279752
1989-01-13,-1.150970400022066,1.8526868671682408,-1.6096737736545803
1989-01-16,0.0,-0.0,-2.1244096028195574
1989-01-17,0.0,-0.0,-2.0839863318317753
1989-01-18,0.0,-0.0,-2.0600078702148044
1989-01-19,-0.026019096985883308,0.05748666957388849,-2.2094029475764647
1989-01-20,-0.375,0.7835350504252242,-2.089426801133931
1989-01-23,0.375,1.598023970311784,4.261397254164757
1989-01-24,0.8750000000000009,-1.8801176450727706,-2.148705880083164
1989-01-25,-0.7500000000000009,1.491880752374618,-1.9891743364994883
1989-01-26,-0.0625,0.13705521260021,-2.19288340160336
1989-01-27,0.4375,-0.9548665595374239,-2.1825521360855404
1989-01-30,-0.5,1.010351911103761,-2.020703822207522
1989-01-31,-0.0625,0.12016681835120262,-1.9226690936192419
1989-02-01,0.125,-0.2409622757770142,-1.9276982062161137
1989-02-02,0.1875,-0.33821799819720677,-1.803829323718436
1989-02-03,-0.25,0.36980764066744826,-1.479230562669793
1989-02-06,0.0625,-0.09532099975991876,-1.5251359961587
1989-02-07,0.5625000000000009,-0.843878411651178,-1.5002282873798698
1989-02-08,-0.12500000000000086,0.17943378113318126,-1.4354702490654403
1989-02-09,-1.8125,2.4769288660774236,-1.3665814433530612
1989-02-10,-1.0881010968136715,2.367455114816356,-2.175767602614377
1989-02-13,-0.025603528925229126,0.06594695298086191,-2.5756977943723727
1989-02-14,0.3750000000000002,-0.9646396176027509,-2.572372313607334
1989-02-15,-0.1343980473213671,0.33329399456452274,-2.4799020611331044
1989-02-16,-0.125,0.30837076080667375,-2.46696608645339
1989-02-17,-0.25,0.6287893912987389,-2.5151575651949556
1989-02-20,0.0,-0.0,-2.5031665913063375
1989-02-21,0.125,0.5092810803755393,4.0742486430043146
1989-02-22,0.9375,-2.3109208923877396,-2.4649822852135888
1989-02-23,0.9375,-2.1903269871941147,-2.336348786340389
1989-02-24,0.28909308786437277,-0.6397113731773414,-2.212821406084466
1989-02-27,-1.0,2.1089494014067416,-2.1089494014067416
1989-02-28,-0.75,1.3668436942986042,-1.8224582590648055
1989-03-01,1.125,-2.14843299615085,-1.9097182188007553
1989-03-02,-1.375,2.2386715597548617,-1.6281247707308084
1989-03-03,0.10199617582073232,-0.20022987887105828,-1.9631116290377468
1989-03-06,-0.5,0.9877107047391183,-1.9754214094782365
1989-03-07,-0.0625,0.12528312357730242,-2.004529977236839
1989-03-08,-0.3124999999999998,0.6190199552635804,-1.980863856843459
1989-03-09,0.12499999999999978,-0.25820482843248177,-2.0656386274598577
1989-03-10,1.25,-2.4289727974466073,-1.943178237957286
1989-03-13,-0.0625,0.11632365040741093,-1.8611784065185748
1989-03-14,-0.3125,0.5847111210389759,-1.871075587324723
1989-03-15,-0.0625,0.1199265936669135,-1.918825498670616
1989-03-16,-0.0625,0.1205131479484312,-1.9282103671748991
1989-03-17,2.1875,-3.919239438257384,-1.791652314631947
1989-03-20,0.4375,-0.8174025698218147,-1.8683487310212907
1989-03-21,0.16439492254021584,-0.29415231499584915,-1.7893029203738993
1989-03-22,-1.875,3.0855053868650355,-1.6456028729946857
1989-03-23,-0.625,1.3122584298743458,-2.0996134877989534
1989-03-24,0.0,0.0,3.373376867268763
1989-03-27,0.125,0.42128152770540944,3.3702522216432755
1989-03-28,-0.5230187778691242,1.098474944420302,-2.100259093747443
1989-03-29,-0.6875,1.5026734116496423,-2.185706780581298
1989-03-30,-0.25,0.5883478405318642,-2.3533913621274567
1989-03-31,-0.4375,-1.4589542590450397,3.334752592102948
1989-04-03,-1.0,2.5573621854484596,-2.5573621854484596
1989-04-04,-0.7106924744594032,1.6710267423726632,-2.3512655648193683
1989-04-05,0.0,0.0,3.5111021941983416
1989-04-06,-0.023124032531453047,0.06345387231077179,-2.744066037117988
1989-04-07,-0.9375,-3.5340170653294747,3.7696182030181062
1989-04-10,-0.023104601870493825,-0.0864204285476835,3.740398948750048
1989-04-11,0.0,-0.0,-2.691001836788309
1989-04-12,0.0,0.0,3.7386329695141014
1989-04-13,0.0,-0.0,-2.6942482017278544
1989-04-14,0.0,-0.0,-2.685726072762201
1989-04-17,0.0,0.0,3.7603316510293374
1989-04-18,0.0,0.0,3.7576687614486537
1989-04-19,-0.02306942435716944,-0.08664634783734726,3.7558955306320674
1989-04-20,-1.375,-5.035400139094355,3.6621091920686215
1989-04-21,0.6016523650480566,2.183454205033871,3.6290960226832465
1989-04-24,0.0,0.0,3.6560701074379263
1989-04-25,0.0,0.0,3.6661805011391557
1989-04-26,0.0,0.0,3.6777966681356804
1989-04-27,0.0,0.0,3.808057545926987
1989-04-28,-0.023387534253479177,-0.0908447495474847,3.884323527349637
1989-05-01,-1.3125,-6.798088247231416,5.179495807414412
1989-05-02,0.6875,3.6212414777221484,5.267260331232216
1989-05-03,0.3125,1.6557844261633872,5.298510163722839
1989-05-04,-0.125,-0.6640824444312329,5.312659555449863
1989-05-05,1.0,5.183974760652747,5.183974760652747
1989-05-08,-0.6875,-3.5666601347914177,5.187869286969335
1989-05-09,-1.375,-6.790114063432944,4.938264773405778
1989-05-10,-0.33631530604861515,-1.6287139650069782,4.842818437682238
1989-05-11,0.0,0.0,4.81980242729149
1989-05-12,0.0,0.0,4.816432229532427
1989-05-15,-0.024525726486302052,-0.11804247172961209,4.813006122185224
1989-05-16,-0.25,-1.2004997691688888,4.801999076675555
1989-05-17,0.42463414488866236,2.0319712118586724,4.7852280282157915
1989-05-18,0.25,1.2001691266647398,4.800676506658959
1989-05-19,0.875,4.144066567522238,4.7360760771682715
1989-05-22,1.5,7.052236066891805,4.701490711261203
1989-05-23,-0.5247057142574804,-2.497153804904955,4.7591511528299595
1989-05-24,-0.375,-1.7709476026330506,4.722526940354801
1989-05-25,-1.0,-4.676357843973729,4.676357843973729
1989-05-26,0.375,1.7354657286293846,4.627908609678359
1989-05-29,0.0,0.0,4.963111170972166
1989-05-30,0.25,1.2382598338368163,4.953039335347265
1989-05-31,0.875,4.27383105858326,4.884378352666584
1989-06-01,-0.125,-0.6162706893076009,4.930165514460807
1989-06-02,4.124999999999998,14.943555585664452,3.6226801419792625
1989-06-05,1.5,5.502491200983852,3.668327467322568
1989-06-06,0.0,0.0,3.7276013572778908
1989-06-07,1.875,6.635214146053428,3.538780877895162
1989-06-08,0.125,0.4511042092646398,3.6088336741171183
1989-06-09,3.0998980390924324,9.848856881466661,3.177155105511194
1989-06-12,-1.5,-4.791009059019103,3.194006039346069
1989-06-13,-3.9375,-10.421017232077027,2.6466075510036893
1989-06-14,2.7870772696124586,6.596531289792981,2.3668275586454137
1989-06-15,-2.75,-6.254982256175494,2.274539002245634
1989-06-16,-0.875,-1.9168723418001352,2.190711247771583
1989-06-19,-0.5,-1.0815804901750339,2.1631609803500678
1989-06-20,1.474868514879672,3.1104126601913227,2.1089423421891187
1989-06-21,-0.625,-1.3345354087321635,2.1352566539714615
1989-06-22,-0.75,-1.5815597830145505,2.108746377352734
1989-06-23,1.8125,3.6832723261552376,2.0321502489132346
1989-06-26,0.75,1.5500669893299803,2.066755985773307
1989-06-27,0.6619539749745482,1.3734363821981508,2.0748215648239876
1989-06-28,-1.25,-2.595736892268584,2.0765895138148673
1989-06-29,1.5,3.014733839411827,2.0098225596078847
1989-06-30,0.75,1.5300879332284867,2.040117244304649
1989-07-03,0.25,0.5139669817482733,2.055867926993093
1989-07-04,0.0,0.0,2.0600481701713975
1989-07-05,-0.375,-0.7713307096023144,2.0568818922728385
1989-07-06,1.125,2.2797715233828066,2.0264635763402725
1989-07-07,1.5,3.0537637661440344,2.0358425107626896
1989-07-10,1.0,2.0722575687108398,2.0722575687108398
1989-07-11,-0.27557463299149454,-0.576292039135889,2.09123761820877
1989-07-12,0.1875,0.39061333614157645,2.0832711260884076
1989-07-13,0.375,0.78133744355345,2.0835665161425334
1989-07-14,-1.5,-3.0800198014147577,2.053346534276505
1989-07-17,-0.5625,-1.1347920365633641,2.0174080650015362
1989-07-18,-3.0,-5.622123590860896,1.8740411969536321
1989-07-19,2.224927866345804,3.9149220902043065,1.7595725908337556
1989-07-20,1.875,3.307399435243406,1.7639463654631498
1989-07-21,-1.75,-3.0806957679686517,1.7603975816963724
1989-07-24,0.375,0.6478938609571903,1.7277169625525075
1989-07-25,1.125,1.9366872404820674,1.7214997693173932
1989-07-26,0.0,0.0,1.7408521168597544
1989-07-27,2.75,4.551430306858291,1.6550655661302875
1989-07-28,1.349734130987374,2.2704107472051986,1.6821170148111466
1989-07-31,2.25,3.7157070957173666,1.651425375874385
1989-08-01,2.625,4.249073918266204,1.6186948260061726
1989-08-02,-1.6875,-2.758580436304295,1.6347143326247675
1989-08-03,-1.6875,-2.6681859381652266,1.5811472226164307
1989-08-04,-7.3125,-8.823105545564713,1.2065785361456018
1989-08-07,-0.5885339175162152,-0.6608696254073001,1.12290830781064
1989-08-08,0.2239724298165445,0.24970261410817746,1.1148810338518385
1989-08-09,-0.3125,-0.3490691040148174,1.1170211328474156
1989-08-10,-0.125,-0.13906989095982608,1.1125591276786087
1989-08-11,-1.0,-1.1054577672145949,1.1054577672145949
1989-08-14,-2.25,-2.4053774185888894,1.0690566304839508
1989-08-15,0.5367811783311449,0.5587658422218659,1.0409564730996557
1989-08-16,-0.02956449429838968,-0.030940384599280682,1.0465386042799976
1989-08-17,0.0,0.0,1.0495124668633866
1989-08-18,0.0,0.0,1.052854866830563
1989-08-21,0.0,0.0,1.052539208600807
1989-08-22,0.0,0.0,1.056472711035072
1989-08-23,0.0,0.0,1.0583928424242652
1989-08-24,0.0,0.0,1.0636348576424253
1989-08-25,0.0,0.0,1.071929575606875
1989-08-28,0.0,0.0,1.0712677808667685
1989-08-29,0.0,0.0,1.0717571880002603
1989-08-30,0.0,0.0,1.0710652945409302
1989-08-31,0.0,0.0,1.0708245255291173
1989-09-01,0.0,0.0,1.070190450269925
1989-09-04,0.0,0.0,1.0770328963856297
1989-09-05,0.0,0.0,1.076339629366034
1989-09-06,0.0,0.0,1.0761031393459672
1989-09-07,0.0,0.0,1.0754114195408382
1989-09-08,0.0,0.0,1.0747206134923701
1989-09-11,-0.02577943554178255,-0.028299514021930063,1.0977553785482637
1989-09-12,0.0625,0.06860437798200096,1.0976700477120154
1989-09-13,-0.5625,-0.616634045449477,1.0962383030212923
1989-09-14,0.5625,0.6215806639233958,1.1050322914193704
1989-09-15,0.5,0.5559738739926123,1.1119477479852247
1989-09-18,-0.1875,-0.20947016130413554,1.1171741936220563
1989-09-19,0.0625,0.06963751471825631,1.114200235492101
1989-09-20,-0.75,-0.834545463401742,1.112727284535656
1989-09-21,-0.9375,-1.0319266413998371,1.100721750826493
1989-09-22,-0.125,-0.13609896977977676,1.088791758238214
1989-09-25,-1.5258834136026755,-1.641549786894297,1.075802890483309
1989-09-26,0.0,0.0,1.0615868092934624
1989-09-27,0.0,0.0,1.0633903609385307
1989-09-28,0.0,0.0,1.0626949366272802
1989-09-29,0.0,0.0,1.06200306890518
1989-10-02,0.0,0.0,1.0656763297838037
1989-10-03,0.0,0.0,1.0649834366278879
1989-10-04,0.0,0.0,1.0642887876101936
1989-10-05,0.0,0.0,1.0635950441891602
1989-10-06,-0.025998015901413138,-0.027633260978876195,1.0628988413448186
1989-10-09,0.9375,0.991443704466473,1.0575399514309045
1989-10-10,-0.7761278413900576,-0.8267212603369986,1.0651869656631918
1989-10-11,-1.375,-1.438189371627169,1.0459559066379411
1989-10-12,1.0,1.0241586781535772,1.0241586781535772
1989-10-13,1.75,1.802188801780131,1.0298221724457892
1989-10-16,-0.375,-0.39407046978397475,1.0508545860905993
1989-10-17,-0.375,-0.3919040930018618,1.0450775813382982
1989-10-18,-0.5,-0.519398144243972,1.038796288487944
1989-10-19,1.25,1.2811757834758077,1.0249406267806462
1989-10-20,-0.625,-0.648145089347535,1.037032142956056
1989-10-23,1.75,1.7763174360421292,1.0150385348812168
1989-10-24,1.5,1.5480606800197982,1.0320404533465322
1989-10-25,-0.125,-0.1313340899172842,1.0506727193382737
1989-10-26,-0.875,-0.9147690065466824,1.0454502931962084
1989-10-27,-1.0,-1.0302801366131715,1.0302801366131715
1989-10-30,0.5,0.5108228645578262,1.0216457291156524
1989-10-31,-0.125,-0.12859618277850754,1.0287694622280603
1989-11-01,0.75,0.7745862566397175,1.0327816755196233
1989-11-02,0.75,0.778971583712808,1.038628778283744
1989-11-03,-1.625,-1.6808073925396763,1.0343430107936469
1989-11-06,-1.25,-1.260462885521834,1.0083703084174673
1989-11-07,2.875,2.7570464367700653,0.9589726736591532
1989-11-08,0.875,0.8631948723305286,0.9865084255206041
1989-11-09,-1.125,-1.1146138260393386,0.990767845368301
1989-11-10,0.0,0.0,0.9783325911206796
1989-11-13,-0.125,-0.12259931286976226,0.9807945029580981
1989-11-14,0.375,0.3703495126639661,0.987598700437243
1989-11-15,1.3597479668772958,1.338596413616212,0.9844445045873765
1989-11-16,0.0,0.0,0.999026370438049
1989-11-17,-1.875,-1.852294828948549,0.9878905754392261
1989-11-20,0.125,0.12097919376596643,0.9678335501277314
1989-11-21,0.75,0.7247037438011713,0.9662716584015617
1989-11-22,1.125,1.0898335730304147,0.9687409538048131
1989-11-23,0.0,0.0,0.9831031037367245
1989-11-24,0.5,0.49075948734049213,0.9815189746809843
1989-11-27,-1.75,-1.832150521802812,1.0469431553158925
1989-11-28,-0.125,-0.12961586736593392,1.0369269389274713
1989-11-29,-0.75,-0.7741993372031273,1.032265782937503
1989-11-30,0.9746428931623221,1.0087370223260947,1.0349811499195885
1989-12-01,0.375,0.39181118520575675,1.0448298272153513
1989-12-04,-0.025362934022384955,-0.02779258573018815,1.0957953723200486
1989-12-05,-0.125,-0.13830284328260684,1.1064227462608547
1989-12-06,-0.75,-0.8914565111468056,1.1886086815290742
1989-12-07,-1.0,-1.2204255089278693,1.2204255089278693
1989-12-08,1.3495835573418276,1.679072019196144,1.2441408388994342
1989-12-11,-0.125,-0.15839065434283606,1.2671252347426885
1989-12-12,0.0,0.0,1.2663346455308253
1989-12-13,0.1875,0.24011108548237137,1.2805924559059807
1989-12-14,0.4747610940659584,0.6093959279884301,1.283584387190259
1989-12-15,-0.375,-0.4846679257303792,1.292447801947678
1989-12-18,1.25,1.6235757864466684,1.2988606291573348
1989-12-19,-0.625,-0.8231160170308756,1.316985627249401
1989-12-20,0.125,0.16380510176948276,1.310440814155862
1989-12-21,-0.375,-0.4957534027366747,1.3220090739644659
1989-12-22,-1.375,-1.8129728989543923,1.3185257446941034
1989-12-25,0.0,0.0,1.3022291115584608
1989-12-26,-3.875,-4.645182519081772,1.1987567791178768
1989-12-27,0.20017009050940826,0.229525885924615,1.1466542545916818
1989-12-28,0.0,0.0,1.14942527801909
1989-12-29,0.0,0.0,1.1564294648782845
1990-01-01,0.0,0.0,1.1696887393758806
1990-01-02,0.0,0.0,1.1752766394683987
1990-01-03,0.0,0.0,1.1750236909105962
1990-01-04,0.0,0.0,1.174512243868974
1990-01-05,0.0,0.0,1.1746719015330538
1990-01-08,0.0,0.0,1.1884152839951552
1990-01-09,0.0,0.0,1.1897367402888763
1990-01-10,0.0,0.0,1.2508014521781048
1990-01-11,0.0,0.0,1.286814440191038
1990-01-12,0.0,0.0,1.3134685935722437
1990-01-15,-0.024338008632487036,-0.03255259838085966,1.3375210302706346
1990-01-16,0.4375,0.5844543933587685,1.3358957562486136
1990-01-17,-0.08659294456921166,-0.11709901629756612,1.352292809536829
1990-01-18,3.125,3.9769825616428083,1.2726344197256987
1990-01-19,-1.375,-1.873706421416773,1.3626955792121984
1990-01-22,0.125,0.16950919371622028,1.3560735497297622
1990-01-23,-0.625,-0.8732846977259657,1.3972555163615452
1990-01-24,2.75,3.7970675272102183,1.380751828076443
1990-01-25,1.0,1.4394207833442703,1.4394207833442703
1990-01-26,1.9999999999999982,2.887293978203267,1.4436469891016348
1990-01-29,-0.125,-0.2784624576348294,2.2276996610786353
1990-01-30,0.602254143886546,-1.0859440694891633,-1.803132582004676
1990-01-31,-3.562499999999997,5.480512252589702,-1.5383894042357071
1990-02-01,-0.7729017510384559,-1.5262000864320426,1.9746366008117713
1990-02-02,1.8749999999999982,3.5638610142471223,1.9007258742651336
1990-02-05,0.75,-1.5743217385057302,-2.0990956513409738
1990-02-06,1.0,-2.023965338446734,-2.023965338446734
1990-02-07,-0.125,0.21413087504025352,-1.7130470003220282
1990-02-08,-1.5,2.5165343678998093,-1.6776895785998729
1990-02-09,-3.8749999999999982,-6.799724841447231,1.754767701018641
1990-02-12,1.9768920317443974,3.2314945379901356,1.6346338019981217
1990-02-13,-0.625,-1.0401269118029903,1.6642030588847847
1990-02-14,0.125,0.2064834526255044,1.6518676210040353
1990-02-15,1.042611517292784,1.7100424929232267,1.6401530815269292
1990-02-16,-0.1875,-0.31070790290140027,1.657108815474135
1990-02-19,0.0,0.0,1.6527858021031856
1990-02-20,2.499999999999999,3.9518860242738545,1.5807544097095423
1990-02-21,-0.08580240936692263,0.15082048584091612,-1.7577651601361486
1990-02-22,-2.125,3.6213484896548773,-1.704163995131707
1990-02-23,0.125,0.19686876446654814,1.574950115732385
1990-02-26,-2.0,-3.0701263711631834,1.5350631855815917
1990-02-27,-1.398311347230408,-2.074399003490852,1.4835029463213252
1990-02-28,1.3749999999999991,1.9843537241592106,1.4431663448430632
1990-03-01,1.0,1.454346935128657,1.454346935128657
1990-03-02,-0.5,-0.7332595230803308,1.4665190461606616
1990-03-05,1.375,1.981127263776953,1.4408198282014204
1990-03-06,-0.75,-1.09176416843199,1.4556855579093202
1990-03-07,-0.125,-0.18042186145808908,1.4433748916647127
1990-03-08,-0.1875,-0.27058531766148136,1.4431216941945673
1990-03-09,1.0625,1.521702749847508,1.4321908233858898
1990-03-12,-0.3125,-0.4526957278900562,1.4486263292481798
1990-03-13,1.1875,1.6991869809450317,1.4308942997431846
1990-03-14,-1.1486855167222283,-1.6496451051356222,1.4361155260692073
1990-03-15,0.5,0.7104975703935366,1.4209951407870731
1990-03-16,-2.125,-2.967749762267005,1.396588123419767
1990-03-19,0.1013175904046107,0.13830806308342183,1.365094279592419
1990-03-20,-0.75,-1.0351845471365715,1.380246062848762
1990-03-21,0.25,0.3419898136699783,1.3679592546799133
1990-03-22,-0.125,-0.17133001510724458,1.3706401208579566
1990-03-23,-0.25,-0.3418686358689418,1.3674745434757671
1990-03-26,-0.25,-0.34062448034013304,1.3624979213605322
1990-03-27,0.25,0.339382612182888,1.357530448731552
1990-03-28,-0.25,-0.33995610077431954,1.3598244030972781
1990-03-29,1.1875,1.5959865595239895,1.3439886817044122
1990-03-30,0.8125,1.10085994345798,1.3549045457944369
1990-04-02,-0.125,-0.17069785549584837,1.365582843966787
1990-04-03,-0.25,-0.34240166913225606,1.3696066765290242
1990-04-04,-1.3125,-1.7799225464920945,1.3561314639939768
1990-04-05,0.1875,0.25340012965022324,1.351467358134524
1990-04-06,0.0,0.0,1.3615062339625463
1990-04-09,0.5,0.6920713838072484,1.3841427676144968
1990-04-10,0.125,0.1739665983807459,1.3917327870459673
1990-04-11,0.3125,0.4353442016248956,1.393101445199666
1990-04-12,0.25,0.34961740655633433,1.3984696262253373
1990-04-13,0.0,0.0,1.4148893548205406
1990-04-16,0.375,0.5310880069997517,1.416234685332671
1990-04-17,1.0625,1.52812517543824,1.4382354592359905
1990-04-18,1.2271825826934621,1.7919121058520293,1.4601837828557505
1990-04-19,0.125,0.1847301290978787,1.4778410327830296
1990-04-20,1.875,2.7254790807690816,1.4535888430768436
1990-04-23,0.6028467333488619,0.8960673108944578,1.4863932428010884
1990-04-24,0.75,1.1186740523613325,1.4915654031484433
1990-04-25,0.0,0.0,1.5019475970063634
1990-04-26,2.0625,3.0263974016937127,1.467344194760588
1990-04-27,-0.1875,-0.2814688804048061,1.501167362158966
1990-04-30,-0.5625,-0.8544891496633733,1.5190918216237748
1990-05-01,0.9375,1.421546529499674,1.5163162981329856
1990-05-02,0.375,0.6039823221259588,1.6106195256692235
1990-05-03,-1.3342343830463044,-2.141223539970268,1.6048331291549074
1990-05-04,-10.500000000000005,-9.728469152063616,0.9265208716251058
1990-05-07,1.6820129768366698,1.3830462825916485,0.8222566066004542
1990-05-08,-0.5000000000000009,-0.4180268473435484,0.8360536946870953
1990-05-09,1.1875000000000009,0.9822355798264013,0.8271457514327584
1990-05-10,-1.1250000000000009,-0.9438989494361066,0.8390212883876497
1990-05-11,-2.125,-1.7312811030658783,0.8147205190898251
1990-05-14,-0.46095214065196144,-0.37129590135985663,0.805497726585461
1990-05-15,0.0,0.0,0.8009936592651709
1990-05-16,0.0,0.0,0.8022040515945458
1990-05-17,-0.019594042310266343,-0.015783859538839786,0.8055438121908003
1990-05-18,0.0,0.0,0.8048923454247945
1990-05-21,0.0,0.0,0.8051727037369708
1990-05-22,0.0,0.0,0.8140825980071513
1990-05-23,0.0,0.0,0.8136493547972009
1990-05-24,0.0,0.0,0.8149142897745578
1990-05-25,0.0,0.0,0.8173967154396982
1990-05-28,0.0,0.0,0.8173543038821158
1990-05-29,0.0,0.0,0.81687385750671
1990-05-30,0.0,0.0,0.816440865457147
1990-05-31,0.0,0.0,0.8177228026842762
1990-06-01,0.0,0.0,0.8203927478447615
1990-06-04,-0.02382719604979722,-0.019674303017673762,0.8257078582203212
1990-06-05,-0.4999999999999991,-0.41212732746261427,0.82425465492523
1990-06-06,0.06249999999999911,0.051200740170005636,0.8192118427201018
1990-06-07,0.0625,0.05121234307333119,0.819397489173299
1990-06-08,-0.0625,-0.051261792661199984,0.8201886825791997
1990-06-11,-0.18749999999999914,-0.1536515738597718,0.8194750605854533
1990-06-12,0.0,0.0,0.8222836484699955
1990-06-13,0.9999999999999991,0.8198482840867685,0.8198482840867692
1990-06-14,0.375,0.3105260391215341,0.8280694376574242
1990-06-15,-1.125,-0.9307876599999271,0.8273668088888241
1990-06-18,-0.5624999999999991,-0.46221813314677906,0.8217211255942752
1990-06-19,-0.0625,-0.05100678975129937,0.8161086360207899
1990-06-20,-0.585990909921781,-0.5066479524579875,0.8646003613360072
1990-06-21,0.0,0.0,0.8585871093467907
1990-06-22,0.0,0.0,0.858085638216208
1990-06-25,0.0,0.0,0.8575847525276871
1990-06-26,0.0,0.0,0.8570844512566148
1990-06-27,0.0,0.0,0.8565847333807685
1990-06-28,0.0,0.0,0.8560855978803075
1990-06-29,0.0,0.0,0.8555870437377667
1990-07-02,-0.02354778181404482,-0.020135404593399683,0.8550871055459728
1990-07-03,0.4375,0.37348792984200824,0.8536866967817331
1990-07-04,0.0,0.0,0.857384334522008
1990-07-05,-0.375,-0.32114536431847096,0.8563876381825892
1990-07-06,-1.3124999999999991,-1.11072976132124,0.8462702943399929
1990-07-09,-0.5861980395132412,-0.48779927574377546,0.832140749138
1990-07-10,0.0,0.0,0.8261045421524154
1990-07-11,0.0,0.0,0.8262744692088575
1990-07-12,0.0,0.0,0.8258212073123052
1990-07-13,0.0,0.0,0.859816470333737
1990-07-16,0.0,0.0,0.8663243735917981
1990-07-17,0.0,0.0,0.8658816964180172
1990-07-18,-0.023535705382868435,-0.02040167500768461,0.8668393267080461
1990-07-19,-0.08600077360955025,-0.07699847698890884,0.8953230739352127
1990-07-20,0.0,0.0,0.8979325984667195
1990-07-23,0.0,0.0,0.9138092490577501
1990-07-24,0.0,0.0,0.9133474746394667
1990-07-25,0.0,0.0,0.9143358655907305
1990-07-26,0.0,0.0,0.9701401514180683
1990-07-27,0.0,0.0,0.9724031583251024
1990-07-30,0.0,0.0,0.9887771236144473
1990-07-31,-0.023820294253511676,-0.02360516020613371,0.9909684555073769
1990-08-01,0.875,0.8673723435736065,0.991282678369836
1990-08-02,-1.4375,-1.4239380756401385,0.9905656178366181
1990-08-03,-0.5,-0.49174840098129324,0.9834968019625865
1990-08-06,-3.4374999999999987,-3.4136199162625793,0.9930530665491144
1990-08-07,-0.8380505606640649,-0.8116471514326498,0.9684942526492754
1990-08-08,-0.0255387115672427,-0.024518042151378903,0.9600344201712603
1990-08-09,-1.375,-1.306268753178679,0.9500136386754029
1990-08-10,0.25,0.23459676437906002,0.9383870575162401
1990-08-13,0.0625,0.058807563992191565,0.940921023875065
1990-08-14,-0.375,-0.35266303665592597,0.9404347644158025
1990-08-15,-0.3125,-0.30186634759142605,0.9659723122925633
1990-08-16,1.618064140667434,1.5348307416884688,0.9485598890136503
1990-08-17,0.5,0.49461514776460636,0.9892302955292127
1990-08-20,0.0,0.0,0.9948116249616491
1990-08-21,0.25,0.25389678569961227,1.015587142798449
1990-08-22,0.9375000000000009,0.9601042333705327,1.0241111822619007
1990-08-23,1.0625,-1.5944915154561607,-1.500697896899916
1990-08-24,0.47384128455639823,-0.654458272817087,-1.381176132488707
1990-08-27,-3.5,4.319925417494093,-1.2342644049983122
1990-08-28,0.7235050069204217,0.7132992225455196,0.9858939685596058
1990-08-29,-1.3125000000000009,1.9524573829467013,-1.4875865774832
1990-08-30,0.3125,0.3086447233291061,0.9876631146531394
1990-08-31,-0.0625,-0.0619335210252369,0.9909363364037904
1990-09-03,0.0,0.0,0.9954715689207678
1990-09-04,0.6250000000000009,0.620866557447182,0.9933864919154898
1990-09-05,-0.5625000000000009,-0.5658341227695061,1.005927329368009
1990-09-06,-0.25,-0.2513288440607673,1.005315376243069
1990-09-07,-0.4375,0.6845749422228664,-1.5647427250808374
1990-09-10,0.5625,-0.9163853049106794,-1.629129430952319
1990-09-11,-0.125,0.19477492435895352,-1.5581993948716282
1990-09-12,-0.0625,0.09794717874086953,-1.5671548598539125
1990-09-13,-0.125,0.1935502437247977,-1.5484019497983816
1990-09-14,0.6875000000000009,-1.0635333654536385,-1.5469576224780177
1990-09-17,0.375,-0.5670128046668327,-1.5120341457782205
1990-09-18,-0.0625,0.09277781514881753,-1.4844450423810804
1990-09-19,-0.1875,0.2778976373729336,-1.4821207326556458
1990-09-20,0.4375,-0.6512597089396143,-1.488593620433404
1990-09-21,0.8125,-1.1914425297442133,-1.4663908058390318
1990-09-24,0.625,-0.8677638917901476,-1.388422226864236
1990-09-25,-0.4639316261522006,0.6193695149893949,-1.3350448214241817
1990-09-26,-0.25,0.3427316103929135,-1.370926441571654
1990-09-27,-2.25,3.0548019326793603,-1.3576897478574934
1990-09-28,-2.401437289548862,3.5053362291089942,-1.4596826010674269
1990-10-01,-1.3125,2.1858129257731505,-1.665381276779543
1990-10-02,-0.27664097745251043,-0.2692125780619315,0.9731478703589596
1990-10-03,0.0,0.0,0.9694706238133655
1990-10-04,0.0,-0.0,-1.8410842701251788
1990-10-05,-0.02631958002880178,0.048421740036157006,-1.8397611201686581
1990-10-08,-0.4375,0.8036066644217725,-1.8368152329640515
1990-10-09,-1.875,3.412723886767769,-1.8201194062761434
1990-10-10,-0.5890954025678841,1.239634642181573,-2.10430201420342
1990-10-11,0.0,-0.0,-2.1064965478560027
1990-10-12,-0.02670146333910178,0.054074518739934914,-2.0251518822471377
1990-10-15,-0.4375,-0.4293966974226145,0.9814781655374045
1990-10-16,-0.1875,-0.18327530293095992,0.977468282298453
1990-10-17,-0.4017050471380892,-0.39236741440085077,0.9767550026972189
1990-10-18,0.0,0.0,0.9714900662674493
1990-10-19,0.0,0.0,0.9929370673238549
1990-10-22,-0.026281537298145807,-0.026085958544188045,0.9925583213896867
1990-10-23,-0.3125,-0.3102624800162556,0.992839936052018
1990-10-24,-0.125,-0.12413824360572243,0.9931059488457794
1990-10-25,0.5625,0.556936371607009,0.9901091050791271
1990-10-26,-0.1875,-0.1885694503363679,1.0057037351272955
1990-10-29,-0.8125,-1.9975965989152151,2.458580429434111
1990-10-30,-0.0625,-0.15797816638969006,2.527650662235041
1990-10-31,0.6619529244072838,1.6666525934804681,2.5177811473116427
1990-11-01,0.0,0.0,2.5867812955079117
1990-11-02,-0.02553111691227507,-0.06719593994823372,2.6319232401433514
1990-11-05,0.8749999999999991,2.4308038344210066,2.778061525052582
1990-11-06,-0.125,-0.35178675258916414,2.814294020713313
1990-11-07,-0.8124999999999991,-2.2593862353402634,2.7807830588803273
1990-11-08,-0.125,-0.34393141532654237,2.751451322612339
1990-11-09,1.2499999999999991,3.3538775427538634,2.6831020342030927
1990-11-12,1.125,3.007043075229531,2.6729271779818053
1990-11-13,0.25,0.6762446932446573,2.704978772978629
1990-11-14,0.16230535388368827,0.4399164135889769,2.710424536606667
1990-11-15,-0.5141044503900843,-1.3900625362867691,2.7038523693619823
1990-11-16,1.5,3.9037138450263784,2.6024758966842523
1990-11-19,-0.875,-2.292005368575487,2.619434706943414
1990-11-20,0.75,1.9286794424032958,2.571572589871061
1990-11-21,1.375,3.475852014923544,2.5278923744898503
1990-11-22,0.0,0.0,2.566902792478885
1990-11-23,-0.5,-1.2785061930102948,2.5570123860205896
1990-11-26,0.5,1.266301611708944,2.532603223417888
1990-11-27,-0.75,-1.895325954810592,2.5271012730807896
1990-11-28,-0.625,-1.5621342230158486,2.4994147568253577
1990-11-29,-0.625,-1.542224736606315,2.4675595785701043
1990-11-30,1.375,3.2859931013661714,2.3898131646299428
1990-12-03,1.0,2.396772983909974,2.396772983909974
1990-12-04,0.5,1.208293033698575,2.41658606739715
1990-12-05,0.875,2.105303539434018,2.406061187924592
1990-12-06,-0.6496337909896444,-1.5890267452358886,2.4460346233147514
1990-12-07,6.1875,10.185916800221278,1.646208775793338
1990-12-10,1.5,2.6189076537861187,1.7459384358574124
1990-12-11,1.6875,2.929313349917464,1.7358893925436825
1990-12-12,0.9375,1.643278175919511,1.752830054314145
1990-12-13,-3.0,-4.957020313258806,1.6523401044196022
1990-12-14,-2.8125,-4.248220016322308,1.5104782280257094
1990-12-17,1.099863999819862,1.5977712282597685,1.4526989050659487
1990-12-18,0.875,1.2784926083699246,1.4611344095656282
1990-12-19,-0.5,-0.735659727297667,1.471319454595334
1990-12-20,-1.5,-2.1598603326297288,1.4399068884198192
1990-12-21,-1.25,-1.7513052479715072,1.4010441983772057
1990-12-24,-2.75,-3.6113323378337188,1.3132117592122614
1990-12-25,-0.02534102852343838,-0.03226176805513852,1.273104129348934
1990-12-26,0.8125,1.0303792737029391,1.268159106095925
1990-12-27,0.4375,0.5588877394569022,1.277457690187205
1990-12-28,-0.5625,-0.7208545681263031,1.2815192322245388
1990-12-31,0.875,1.1206836416030135,1.2807813046891583
1991-01-01,0.0,0.0,1.2954939389263793
1991-01-02,1.5,1.9139682499239001,1.2759788332826
1991-01-03,0.4745926144058133,0.6143838222017797,1.2945499014370125
1991-01-04,-2.0,-2.535666601360945,1.2678333006804725
1991-01-07,-2.875,-3.3882081744555106,1.1785071911149603
1991-01-08,-0.9008277087033638,-1.022353075371874,1.1349041170629972
1991-01-09,-1.3125,-1.458490266000324,1.1112306788573898
1991-01-10,1.2238038337471087,1.3269032794137174,1.0842450749242494
1991-01-11,0.0,0.0,1.0992435468396757
1991-01-14,0.0,0.0,1.0986429222523049
1991-01-15,0.0,0.0,1.098042953666765
1991-01-16,0.0,0.0,1.0974436400089151
1991-01-17,0.0,0.0,1.0968449802069584
1991-01-18,-0.02530169349281361,-0.02773680133668111,1.0962428797328976
1991-01-21,-0.3125,-0.34209426304658885,1.0947016417490842
1991-01-22,-0.25,-0.27243912456293456,1.0897564982517383
1991-01-23,0.375,0.406919634449727,1.085119025199272
1991-01-24,0.5,0.5462701968705612,1.0925403937411224
1991-01-25,-0.75,-0.8310017735450705,1.1080023647267607
1991-01-28,0.1875,0.206104955481478,1.0992264292345493
1991-01-29,0.3125,0.36962302534304997,1.18279368109776
1991-01-30,-0.3125,-0.37218687746041246,1.1909980078733198
1991-01-31,0.25,0.2963972246434162,1.185588898573665
1991-02-01,1.6875,1.9932598031947368,1.18119099448577
1991-02-04,0.375,0.4511186860368873,1.202983162765033
1991-02-05,0.41214741087406703,0.49712336373640365,1.2061785434539616
1991-02-06,0.125,0.15151136231097387,1.212090898487791
1991-02-07,-0.75,-0.9071889450892996,1.2095852601190662
1991-02-08,1.625,1.947704017055148,1.1985870874185527
1991-02-11,-0.375,-0.4578034675614794,1.2208092468306118
1991-02-12,0.25,0.30364675426671933,1.2145870170668773
1991-02-13,-0.125,-0.15220965246481483,1.2176772197185186
1991-02-14,-0.625,-0.7619235998395363,1.219077759743258
1991-02-15,0.476419990999145,0.5797417221074433,1.2168711075528393
1991-02-18,0.0,0.0,1.2244645528221612
1991-02-19,-0.875,-1.155282446070343,1.3203227955089636
1991-02-20,-1.125,-1.4626100868970946,1.3000978550196396
1991-02-21,-0.625,-0.8091902017794673,1.2947043228471478
1991-02-22,-1.0,-1.2768305503259163,1.2768305503259163
1991-02-25,0.4752671506722911,0.5986249122410995,1.2595545713485818
1991-02-26,-0.9375,-1.1796286559515035,1.2582705663482703
1991-02-27,-0.0625,-0.07795227789042282,1.247236446246765
1991-02-28,-0.625,-0.7781410824475614,1.2450257319160982
1991-03-01,-1.462604611152391,-1.7814747951624899,1.218015300634708
1991-03-04,0.0,0.0,1.197911142301919
1991-03-05,0.0,0.0,1.1998239034718188
1991-03-06,0.0,0.0,1.199307684428644
1991-03-07,0.0,0.0,1.198697294388569
1991-03-08,0.0,0.0,1.1981822636925297
1991-03-11,0.0,0.0,1.2013718035704863
1991-03-12,0.0,0.0,1.201873451835835
1991-03-13,0.0,0.0,1.2012632661754794
1991-03-14,0.0,0.0,1.2009079386997565
1991-03-15,0.0,0.0,1.2018256953702222
1991-03-18,0.0,0.0,1.2065884105985407
1991-03-19,0.0,0.0,1.209163952043951
1991-03-20,-0.025365614760446267,-0.030699860179033835,1.210294348036283
1991-03-21,-0.6875,-0.8290544820517873,1.2058974284389634
1991-03-22,-0.125,-0.15474293549002505,1.2379434839202004
1991-03-25,-0.15028647540957016,-0.19352183614245141,1.2876863045397366
1991-03-26,0.0,0.0,1.3011681756656814
1991-03-27,0.0,0.0,1.30121980186048
1991-03-28,0.0,0.0,1.3005288278167744
1991-03-29,-0.025226195030921557,-0.032789825948388016,1.2998324126248597
1991-04-01,-0.125,-0.16232503485584854,1.2986002788467883
1991-04-02,0.375,0.48616233164577005,1.29643288438872
1991-04-03,-0.1875,-0.2505723102205788,1.3363856545097534
1991-04-04,0.6875,0.9153124229929339,1.3313635243533584
1991-04-05,0.0625,0.08385751521423258,1.3417202434277213
1991-04-08,0.4375,0.5862771446104964,1.3400620448239917
1991-04-09,-0.6875,-0.9236634960918924,1.3435105397700253
1991-04-10,-1.125,-1.4842896745874485,1.3193685996332876
1991-04-11,0.125,0.16277655258324755,1.3022124206659804
1991-04-12,1.4375,1.8449488744304123,1.283442695255939
1991-04-15,0.5625,0.7324924330230776,1.3022087698188047
1991-04-16,-0.0625,-0.08189218670508232,1.310274987281317
1991-04-17,0.25,0.3272377340925911,1.3089509363703644
1991-04-18,-1.0,-1.3026274890385343,1.3026274890385343
1991-04-19,-0.8125,-1.0426026209398631,1.283203225772139
1991-04-22,-0.75,-0.9488061541423098,1.2650748721897465
1991-04-23,0.3515347295279881,0.4421725001029837,1.2578344697171076
1991-04-24,0.0,0.0,1.2626301000963562
1991-04-25,0.0,0.0,1.2660518402720327
1991-04-26,0.0,0.0,1.2653869555396895
1991-04-29,0.0,0.0,1.2647288591871053
1991-04-30,0.0,0.0,1.2712558793149764
1991-05-01,-0.023049982333275185,-0.02929034587959338,1.2707318147185538
1991-05-02,0.5625,0.7160398973028151,1.272959817427227
1991-05-03,-0.9375,-1.1932967953513764,1.2728499150414683
1991-05-06,-0.1875,-0.23851774511024243,1.2720946405879596
1991-05-07,-0.0625,-0.08003749865166965,1.2805999784267144
1991-05-08,0.0625,0.07996955631199922,1.2795129009919874
1991-05-09,0.125,0.15999147036056957,1.2799317628845566
1991-05-10,-1.625,-2.0452463113762276,1.258613114693063
1991-05-13,0.7896627327152208,0.9854415312685658,1.2479271091851685
1991-05-14,0.0,0.0,1.2669125325177284
1991-05-15,0.0,0.0,1.2716615251532166
1991-05-16,0.0,0.0,1.2895156305283915
1991-05-17,-0.008953418325843588,-0.01153954982154668,1.2888429202775384
1991-05-20,0.0,0.0,1.2905147178913376
1991-05-21,0.0,0.0,1.2923374329051038
1991-05-22,0.0,0.0,1.2973101029868455
1991-05-23,0.0,0.0,1.3005827394184202
1991-05-24,0.0,0.0,1.303876067186861
1991-05-27,0.0,0.0,1.3227475054145332
1991-05-28,0.0,0.0,1.3326341433540425
1991-05-29,0.0,0.0,1.3346110783987422
1991-05-30,0.0,0.0,1.3421536409359032
1991-05-31,-0.02293258621472347,-0.03086800735941725,1.3460325438392544
1991-06-03,-1.0625,-2.0432475710296285,1.9230565374396502
1991-06-04,0.03947964542586474,0.07688111162847594,1.94736074245763
1991-06-05,0.0,0.0,2.015487585193271
1991-06-06,0.0,0.0,2.0364474911906054
1991-06-07,0.0,-0.0,-4.8428362420429645
1991-06-10,-0.022654484709316376,0.12196202886615254,-5.383571086743684
1991-06-11,-0.0625,-0.1641842518711606,2.6269480299385695
1991-06-12,0.875,-4.644131625511437,-5.307579000584499
1991-06-13,-0.25,1.3137847433829937,-5.255138973531975
1991-06-14,-0.625,3.4055125028387554,-5.448820004542009
1991-06-17,0.125,-0.7111038318553952,-5.688830654843161
1991-06-18,0.25,-1.6012113430574249,-6.404845372229699
1991-06-19,0.0,-0.0,-6.047070502493992
1991-06-20,-0.5,3.0002704322526808,-6.0005408645053615
1991-06-21,0.375,-2.283697648666551,-6.089860396444136
1991-06-24,0.0625,-0.3783945777763535,-6.054313244421656
1991-06-25,0.0,-0.0,-6.068614655872476
1991-06-26,0.0,-0.0,-5.934706224632383
1991-06-27,-0.3125,1.9084900390126471,-6.107168124840471
1991-06-28,-1.0,6.017899621032401,-6.017899621032401
1991-07-01,0.16557802992664403,-1.1728704744528846,-7.083490937611113
1991-07-02,0.0,-0.0,-8.466563010419817
1991-07-03,0.0,-0.0,-8.292113448077712
1991-07-04,0.0,-0.0,-8.695900652677683
1991-07-05,0.0,0.0,5.100824299779526
1991-07-08,0.0,-0.0,-8.77109499030882
1991-07-09,0.0,-0.0,-8.77490721901528
1991-07-10,-0.021953238002019988,0.19130698048731484,-8.71429446852952
1991-07-11,-0.75,6.443116263762943,-8.590821685017257
1991-07-12,-0.7094546910288604,6.414744915994484,-9.04179646298728
1991-07-15,0.0,-0.0,-8.663079854080593
1991-07-16,0.0,-0.0,-8.663515796727097
1991-07-17,0.0,-0.0,-8.658519478693655
1991-07-18,0.0,-0.0,-8.806175166203284
1991-07-19,0.0,-0.0,-8.83605519490613
1991-07-22,0.0,0.0,5.099947593175267
1991-07-23,0.0,0.0,5.102917365014125
1991-07-24,0.0,-0.0,-9.226232283901906
1991-07-25,-0.021651567950538797,-0.11111942096664003,5.132165080168009
1991-07-26,0.0,0.0,5.1382209720931895
1991-07-29,-0.1875,-1.056566852712303,5.635023214465617
1991-07-30,0.0625,0.3528443174917642,5.645509079868227
1991-07-31,0.5625,3.1603782900097466,5.61845029335066
1991-08-01,-0.4590423343536816,-2.5786818759794503,5.617525188848127
1991-08-02,4.125,14.714546988402608,3.56716290627942
1991-08-05,0.25,0.9938756231591596,3.9755024926366382
1991-08-06,2.125,7.686786358728805,3.6173112276370847
1991-08-07,0.0,0.0,3.7120915946489856
1991-08-08,-1.272263451288069,-4.565640721056978,3.588596934412143
1991-08-09,0.0,0.0,3.5620604578349777
1991-08-12,1.1028095451912583,3.847818865968157,3.4891055148609875
1991-08-13,1.0,3.462840460010557,3.462840460010557
1991-08-14,2.625,8.197344619837004,3.122797950414097
1991-08-15,-0.897430590431074,-2.909508736091612,3.242043192102524
1991-08-16,0.7398987663320694,2.366861700961983,3.1988993747013845
1991-08-19,0.0,0.0,3.282279268624316
1991-08-20,1.125,3.622608018801059,3.2200960167120525
1991-08-21,0.0,0.0,3.3106716439796604
1991-08-22,0.9375,3.054017431506576,3.257618593607014
1991-08-23,-3.75,-9.928584521414365,2.6476225390438306
1991-08-26,-1.7092920007234067,-4.289407587185263,2.509464494872672
1991-08-27,0.75,1.8298504142157623,2.439800552287683
1991-08-28,2.375,5.414402772899142,2.2797485359575336
1991-08-29,1.875,4.198025970153944,2.2389471840821034
1991-08-30,-1.875,-4.105202385319458,2.1894412721703778
1991-09-02,0.0,0.0,2.143124754331748
1991-09-03,0.25,0.5351108753740831,2.1404435014963323
1991-09-04,-0.25,-0.5359448210400785,2.143779284160314
1991-09-05,-0.5,-1.0651774672286547,2.1303549344573094
1991-09-06,2.0,4.0430586535070985,2.0215293267535492
1991-09-09,1.125,2.2916977348032916,2.0370646531584815
1991-09-10,-0.25,-0.5149837151892807,2.0599348607571226
1991-09-11,-0.25,-0.5129594624826127,2.051837849930451
1991-09-12,2.0,3.9160064105422117,1.9580032052711058
1991-09-13,0.10363557588217269,0.2082979490140168,2.0099077680702893
1991-09-16,1.5,2.9461840149574128,1.9641226766382751
1991-09-17,0.375,0.747108658751651,1.9922897566710693
1991-09-18,0.0,0.0,1.9991737571910215
1991-09-19,0.0,0.0,1.9981633329313555
1991-09-20,1.5,2.9269268271076805,1.9512845514051202
1991-09-23,0.5419882667833915,1.0705263506391671,1.975183627115324
1991-09-24,-0.5,-0.9902752734407906,1.9805505468815812
1991-09-25,-0.5,-0.983583800963766,1.967167601927532
1991-09-26,1.25,2.4076958892758205,1.9261567114206564
1991-09-27,4.25,7.050040988231226,1.658833173701465
1991-09-30,1.5,2.547037856816571,1.6980252378777139
1991-10-01,0.5,0.8607003046589672,1.7214006093179344
1991-10-02,-1.0,-1.7213203068603355,1.7213203068603355
1991-10-03,0.0,0.0,1.7219165303866024
1991-10-04,4.5,6.621522398488179,1.471449421886262
1991-10-07,0.0,0.0,1.5583315665342492
1991-10-08,-1.25,-1.9294448569095468,1.5435558855276375
1991-10-09,-5.0,-6.459678695811434,1.2919357391622868
1991-10-10,-3.770188221372058,-4.269222387243161,1.1323631968935208
1991-10-11,5.229780039648725,4.962388917696914,0.9488714401132305
1991-10-14,-0.25,-0.25061283950486857,1.0024513580194743
1991-10-15,0.75,0.7496246670484131,0.9994995560645509
1991-10-16,0.0,0.0,1.0069558222833195
1991-10-17,-2.8955047450222433,-2.7988636537821154,0.9666237496566819
1991-10-18,1.8545335342078166,1.7134336961981589,0.9239162649760712
1991-10-21,-2.625,-2.3925158608869967,0.9114346136712369
1991-10-22,-1.2707909140860447,-1.1196488846981205,0.8810645970847014
1991-10-23,-0.125,-0.1086587243976817,0.8692697951814536
1991-10-24,0.75,0.6491643026446571,0.8655524035262094
1991-10-25,-0.5625,-0.49036637008107725,0.8717624356996929
1991-10-28,0.6875,0.5966951789281868,0.8679202602591808
1991-10-29,1.8125,1.5607189136337964,0.861086297177267
1991-10-30,0.25,0.21906448299262263,0.8762579319704905
1991-10-31,0.16617903597004136,0.14589047127600308,0.8779114069617309
1991-11-01,-0.25,-0.21968560258283018,0.8787424103313207
1991-11-04,-0.375,-0.3322004411159236,0.8858678429757962
1991-11-05,-1.625,-1.4207088379710286,0.8742823618283253
1991-11-06,0.5,0.42936278867974687,0.8587255773594937
1991-11-07,2.875,2.393041096207903,0.8323621204201402
1991-11-08,0.125,0.10700519795479889,0.8560415836383911
1991-11-11,0.5,0.42787886293340394,0.8557577258668079
1991-11-12,0.875,0.7496482690669152,0.8567408789336174
1991-11-13,-1.7712524645302155,-1.5096611322410254,0.8523127913566115
1991-11-14,2.603698557534366,2.1200810990021948,0.8142575079850471
1991-11-15,0.21877703078197097,0.18257797127625575,0.8345390310110273
1991-11-18,0.0,0.0,0.835876465756362
1991-11-19,-0.5,-0.41730805947825517,0.8346161189565103
1991-11-20,-0.5,-0.41468511207680225,0.8293702241536045
1991-11-21,-0.625,-0.514794125650805,0.823670601041288
1991-11-22,-1.125,-0.9158894958104715,0.8141239962759746
1991-11-25,-0.625,-0.502224810236349,0.8035596963781585
1991-11-26,1.375,1.0942156390592632,0.7957931920431005
1991-11-27,0.125,0.10077169859511267,0.8061735887609014
1991-11-28,0.0,0.0,0.806759116677497
1991-11-29,1.125,0.902582120280981,0.8022952180275387
1991-12-02,1.625,1.3036600466706887,0.8022523364127315
1991-12-03,1.604393007585524,1.2935240415383953,0.8062388924799914
1991-12-04,4.875,3.649787324189398,0.7486743229106457
1991-12-05,-2.25,-1.7338231570011968,0.7705880697783097
1991-12-06,-2.4375,-1.8023338210685926,0.7394190035153201
1991-12-09,2.0625,1.4708088750543078,0.7131194545717856
1991-12-10,0.0,0.0,0.7265294844778544
1991-12-11,-0.1875,-0.1361700872549,0.7262404653594667
1991-12-12,0.9375,0.6773227474087401,0.7224775972359895
1991-12-13,-1.875,-1.3506648050508852,0.7203545626938054
1991-12-16,0.9375,0.6618512231134301,0.7059746379876588
1991-12-17,1.3125,0.9288293983706064,0.7076795416157001
1991-12-18,-0.1875,-0.13420605340943806,0.7157656181836697
1991-12-19,3.9375,2.6742245082847607,0.6791681290881931
1991-12-20,5.0625,3.2934461402859943,0.6505572622787149
1991-12-23,2.8125,1.8720896130364535,0.6656318624129612
1991-12-24,0.5625,0.3827522804370957,0.6804484985548368
1991-12-25,0.0,0.0,0.6832532587345054
1991-12-26,1.3125,0.8919272782778084,0.6795636405926159
1991-12-27,0.9375,0.6419923793361818,0.6847918712919273
1991-12-30,2.8125,1.8969144791792394,0.6744584814859518
1991-12-31,1.875,1.279964303653091,0.6826476286149818
1992-01-01,0.0,0.0,0.692343239252542
1992-01-02,-3.9375,-2.613121364827511,0.6636498704323838
1992-01-03,-2.0625,-1.3136802024317806,0.6369358557244997
1992-01-06,1.3125,0.8192262266916895,0.6241723631936682
1992-01-07,2.4375,1.5133868917261368,0.6208766735286715
1992-01-08,-1.5,-0.9435938142825717,0.6290625428550478
1992-01-09,-1.125,-0.6967573783969013,0.6193398919083567
1992-01-10,-3.1875,-1.906210661769464,0.5980268742806162
1992-01-13,-3.1875,-1.810866192187525,0.5681148838235373
1992-01-14,-4.709469091725825,-2.4712956253978775,0.5247503651185977
1992-01-15,-0.27197513847725185,-0.13694292149313747,0.5035126455302511
1992-01-16,-1.3125,-0.6563595743116314,0.5000834851898144
1992-01-17,0.75,0.3700591409397686,0.4934121879196915
1992-01-20,0.875,0.43365999634612373,0.49561142439557
1992-01-21,0.75,0.3739644806090057,0.4986193074786743
1992-01-22,-0.625,-0.313268022273712,0.5012288356379392
1992-01-23,-1.5625,-0.7747622328929413,0.49584782905148245
1992-01-24,-0.375,-0.18332715139293124,0.4888724037144833
1992-01-27,0.10276700592604371,0.052053496968964524,0.5065195438935414
1992-01-28,0.0,0.0,0.5068153977570161
1992-01-29,-0.022799092391947273,-0.011673596032684962,0.5120202081732044
1992-01-30,-0.6478205692495475,-0.33113856240060907,0.5111578392520151
1992-01-31,0.0,0.0,0.5099154449076331
1992-02-03,0.0,0.0,0.5096697675077227
1992-02-04,0.0,0.0,0.5109089743391998
1992-02-05,0.0,0.0,0.5118897007025222
1992-02-06,-0.02312544079242803,-0.012031099791970097,0.5202538580760564
1992-02-07,0.125,0.06511253671702419,0.5209002937361935
1992-02-10,-0.0625,-0.0326206142403201,0.5219298278451217
1992-02-11,-0.375,-0.19545240280589962,0.521206407482399
1992-02-12,-0.6875,-0.3576441277769314,0.5202096404028093
1992-02-13,-1.625,-0.8342857986730571,0.5134066453372659
1992-02-14,0.012357646644333396,0.0062612991782144845,0.506674074637472
1992-02-17,0.0,0.0,0.524514416959495
1992-02-18,0.0,0.0,0.5281684107292348
1992-02-19,0.0,0.0,0.5286736142519531
1992-02-20,0.0,0.0,0.5361421541571613
1992-02-21,0.0,0.0,0.540811095840729
1992-02-24,0.0,0.0,0.5455669117162005
1992-02-25,0.0,0.0,0.5453060682213617
1992-02-26,0.0,0.0,0.5451353766792653
1992-02-27,0.0,0.0,0.5449648778502193
1992-02-28,0.0,0.0,0.5450643777709853
1992-03-02,-0.024120307910463892,-0.013281144429111286,0.5506208493859919
1992-03-03,-0.5625,-0.3102939518824429,0.5516336922354541
1992-03-04,0.16332683797177625,0.08959531326271883,0.5485645493130858
1992-03-05,0.0,0.0,0.5492247703979667
1992-03-06,0.0,0.0,0.5549050745825899
1992-03-09,0.0,0.0,0.5546570230786605
1992-03-10,0.0,0.0,0.557789247324327
1992-03-11,0.0,0.0,0.5577374953551109
1992-03-12,0.0,0.0,0.5574723541413482
1992-03-13,0.0,0.0,0.5572074648972308
1992-03-16,-0.02470733155791278,-0.013845395951375695,0.5603760130438514
1992-03-17,-1.0625,-0.5936222166474578,0.5587032627270192
1992-03-18,-0.0625,-0.034582497131724635,0.5533199541075942
1992-03-19,-0.625,-0.34532619691651933,0.5525219150664309
1992-03-20,0.7876578559084826,0.4335668262299799,0.550450710264173
1992-03-23,0.0,0.0,0.5831483552494267
1992-03-24,0.0,0.0,0.5866803843788053
1992-03-25,0.0,0.0,0.5868286778105692
1992-03-26,0.0,0.0,0.5882604475723768
1992-03-27,0.0,0.0,0.5879822509029017
1992-03-30,0.0,0.0,0.6245634159148151
1992-03-31,0.0,0.0,0.6242683301596003
1992-04-01,0.0,0.0,0.6270077899087477
1992-04-02,-0.025133745401302296,-0.017080533086448833,0.679585665157721
1992-04-03,1.0,0.7108041308759003,0.7108041308759003
1992-04-06,0.125,0.0992179951308256,0.7937439610466048
1992-04-07,-0.0625,-0.0496543383931353,0.7944694142901648
1992-04-08,-0.5625,-0.4468505426393557,0.7944009646921879
1992-04-09,1.6875,1.3182560473229548,0.7811887687839733
1992-04-10,-0.3125,-0.2560478267642064,0.8193530456454605
1992-04-13,0.5,0.4135883792054031,0.8271767584108062
1992-04-14,0.0,0.0,0.8544343327726622
1992-04-15,-0.375,-0.32224222002199576,0.8593125867253221
1992-04-16,-1.125,-0.9579406520696073,0.851502801839651
1992-04-17,0.0,0.0,0.8443061337081164
1992-04-20,-1.75,-1.460077086094428,0.8343297634825304
1992-04-21,0.22452357026836547,0.18452564603260826,0.8218542303244643
1992-04-22,0.0,0.0,0.834558995817546
1992-04-23,0.0,0.0,0.8343867696275626
1992-04-24,0.0,0.0,0.8340926002004447
1992-04-27,0.0,0.0,0.8339209193178948
1992-04-28,0.0,0.0,0.8340233093989161
1992-04-29,0.0,0.0,0.8429899796927561
1992-04-30,0.0,0.0,0.8434921238457309
1992-05-01,0.0,0.0,0.8738314534307878
1992-05-04,0.0,0.0,0.8734834170095663
1992-05-05,0.0,0.0,0.8740392830292066
1992-05-06,0.0,0.0,0.876594691619277
1992-05-07,-0.02515384051063307,-0.022350028608767437,0.888533446783985
1992-05-08,1.1875,1.0804551771483204,0.9098569912827962
1992-05-11,0.0,0.0,0.9197852207483267
1992-05-12,0.8125,0.7447134629368177,0.9165704159222372
1992-05-13,0.16223815885151974,0.14990983993236104,0.9240109786351708
1992-05-14,-0.25,-0.23144021834012585,0.9257608733605034
1992-05-15,2.118389539945163,1.919523853391146,0.9061241179659693
1992-05-18,0.0,0.0,0.9287225725679827
1992-05-19,2.25,2.045269363183846,0.9090086058594871
1992-05-20,-1.5254474051772065,-1.4115007649822418,0.9253028063712706
1992-05-21,-4.875,-4.023660025397938,0.8253661590559874
1992-05-22,1.4485964445296478,1.1331108790552533,0.7822129367597398
1992-05-25,0.0,0.0,0.7965194705969982
1992-05-26,-1.625,-1.2937439473620447,0.7961501214535659
1992-05-27,0.375,0.296806494180299,0.7914839844807973
1992-05-28,0.875,0.7658435210306273,0.8752497383207168
1992-05-29,0.6875,0.6190543587639368,0.9004427036566354
1992-06-01,-0.9375,-0.8691871303357798,0.9271329390248317
1992-06-02,0.8125,0.7591113647588061,0.9342909104723768
1992-06-03,0.1875,0.17639745958085037,0.9407864510978686
1992-06-04,-0.0625,-0.05888279571753737,0.9421247314805979
1992-06-05,0.5625,0.5308074391321099,0.9436576695681954
1992-06-08,0.0625,0.060262699096810535,0.9642031855489686
1992-06-09,-0.40120861001256025,-0.3882359091408479,0.9676659459743243
1992-06-10,-0.125,-0.12146028628679631,0.9716822902943705
1992-06-11,0.625,0.6052697778728112,0.9684316445964979
1992-06-12,1.125,1.1769788772916119,1.0462034464814327
1992-06-15,0.25,0.30498493607874233,1.2199397443149693
1992-06-16,1.25,1.5886938023270114,1.2709550418616091
1992-06-17,0.625,0.8026173107903127,1.2841876972645003
1992-06-18,0.8491578686802985,1.0911447077238925,1.2849727335385503
1992-06-19,-2.25,-2.852139424252318,1.267617521889919
1992-06-22,0.375,0.4677837394286736,1.2474233051431296
1992-06-23,-1.5,-1.944401674083435,1.29626778272229
1992-06-24,2.4118368071279623,3.038099871948375,1.2596622884971114
1992-06-25,1.75,2.209377306694427,1.2625013181111011
1992-06-26,-0.27544415986147236,-0.3901682022057862,1.4165056264108535
1992-06-29,1.5,2.147991558826113,1.431994372550742
1992-06-30,-0.5625,-0.8237892093458152,1.464514149948116
1992-07-01,1.125,1.694065594736652,1.5058360842103573
1992-07-02,7.5,8.202650282237085,1.093686704298278
1992-07-03,0.0,0.0,1.1719112760637533
1992-07-06,0.75,0.9249405311111817,1.2332540414815756
1992-07-07,1.5,1.9449959681941569,1.2966639787961045
1992-07-08,-0.9375,-1.4016014858947325,1.4950415849543814
1992-07-09,0.1875,0.27816479220446866,1.4835455584238328
1992-07-10,-0.375,-0.56275510391169,1.50068027709784
1992-07-13,-1.3125,-1.9478309306771147,1.4840616614682778
1992-07-14,0.375,0.5526566340017095,1.4737510240045586
1992-07-15,3.0,4.1987248428783115,1.399574947626104
1992-07-16,1.125,1.6033713459585475,1.4252189741853756
1992-07-17,-0.9375,-1.3606760600621302,1.4513877973996054
1992-07-20,0.5625,0.8091281866026324,1.4384501095157909
1992-07-21,0.75,1.079408848036124,1.4392117973814986
1992-07-22,2.0373102708603077,2.8735057472504804,1.4104409074799722
1992-07-23,7.75,8.12502077061538,1.0483897768535975
1992-07-24,-1.0,-1.1076770363122714,1.1076770363122714
1992-07-27,2.75,2.9241379890659256,1.063322905114882
1992-07-28,3.25,3.370555041296862,1.037093858860573
1992-07-29,0.75,0.7937846430051707,1.0583795240068943
1992-07-30,-6.25,-5.727327782864775,0.9163724452583639
1992-07-31,-0.7758895184675249,-0.6782116137870067,0.8741084879282249
1992-08-03,-0.75,-0.6503140637745806,0.8670854183661074
1992-08-04,3.5625,2.939076221149499,0.8250038515507366
1992-08-05,0.5625,0.47577746283481104,0.8458266005952196
1992-08-06,-0.375,-0.3186817523580977,0.8498180062882605
1992-08-07,4.6875,3.7276344484885833,0.795228682344231
1992-08-10,2.625,2.11071491457119,0.8040818722175962
1992-08-11,1.125,0.9170841917575716,0.8151859482289525
1992-08-12,-0.75,-0.6147388456541807,0.8196517942055743
1992-08-13,-4.125,-3.19465832008204,0.7744626230501915
1992-08-14,1.6483102121910933,1.2303324383773864,0.7464204427526476
1992-08-17,-1.3125,-0.9856079637575536,0.750939400958136
1992-08-18,3.5625,2.5558422354523604,0.717429399425224
1992-08-19,0.1875,0.13779260902292867,0.7348939147889529
1992-08-20,0.75,0.5507620201186926,0.7343493601582568
1992-08-21,-3.1875,-2.286895324760752,0.7174573567876869
1992-08-24,-6.5625,-4.123336426494075,0.62831793165624
1992-08-25,-2.0893713629668826,-1.2394159205149988,0.5932003962929036
1992-08-26,1.5980668783060294,0.928192653830521,0.58082215859102
1992-08-27,0.625,0.3668048846893324,0.5868878155029319
1992-08-28,0.3125,0.18411159785765993,0.5891571131445118
1992-08-31,0.41107961606031995,0.2425323834638278,0.589988834251124
1992-09-01,1.75,1.0275812204984072,0.5871892688562327
1992-09-02,0.875,0.5191012683031944,0.5932585923465078
1992-09-03,-0.25,-0.14915000574844153,0.5966000229937661
1992-09-04,3.9730758926599314,2.2800425838898173,0.5738734032496302
1992-09-07,0.0,0.0,0.589777003656226
1992-09-08,4.125,2.341009690650229,0.5675175007636919
1992-09-09,-1.6875,-0.9807937506210099,0.581211111479117
1992-09-10,0.5625,0.3228664094284757,0.5739847278728457
1992-09-11,-2.625,-1.4906294579092687,0.5678588411082929
1992-09-14,1.875,1.03890747663748,0.5540839875399893
1992-09-15,-3.1875,-1.7500852206373134,0.5490463437293532
1992-09-16,-0.375,-0.20128598145189108,0.5367626172050429
1992-09-17,0.1875,0.10032877747241448,0.5350868131862105
1992-09-18,0.375,0.20077060216124393,0.5353882724299838
1992-09-21,-0.75,-0.4019351041092637,0.535913472145685
1992-09-22,-3.75,-1.9412824268421358,0.5176753138245695
1992-09-23,-3.4016828807238966,-1.6748363984969208,0.49235524216193444
1992-09-24,2.7233468639164804,1.288673118249774,0.4731946324297877
1992-09-25,1.1875,0.5713130411896743,0.48110571889656784
1992-09-28,0.7232790497893411,0.3511152082714381,0.4854491615285999
1992-09-29,-0.25,-0.12192269847628821,0.48769079390515285
1992-09-30,-0.25,-0.12163843040047498,0.4865537216018999
1992-10-01,3.75,1.7729790738379176,0.4727944196901114
1992-10-02,-0.75,-0.3654866853604491,0.4873155804805988
1992-10-05,0.47332752150794977,0.22930315008642563,0.4844492231423614
1992-10-06,-3.1875,-1.519853438248082,0.47681676494057473
1992-10-07,-7.3125,-3.097845703213327,0.42363701924284813
1992-10-08,2.9459101236653997,1.1657002847387494,0.3957012386000243
1992-10-09,-1.25,-0.5050696876514381,0.4040557501211505
1992-10-12,0.125,0.05002059901892002,0.40016479215136014
1992-10-13,0.0,0.0,0.40242382371885066
1992-10-14,0.1875,0.07542298284553582,0.40225590850952436
1992-10-15,-0.125,-0.05032806579112897,0.4026245263290318
1992-10-16,-0.4375,-0.17585106891380395,0.401945300374409
1992-10-19,-1.0625,-0.4246902052283259,0.39970842845018906
1992-10-20,-2.5,-0.9806552073231016,0.39226208292924064
1992-10-21,0.9721518798686111,0.37346217660075387,0.38416031932297273
1992-10-22,0.0,0.0,0.38683297340533906
1992-10-23,0.0,0.0,0.3866621521959098
1992-10-26,0.0,0.0,0.38649148178544424
1992-10-27,0.0,0.0,0.38632096197434523
1992-10-28,0.0,0.0,0.3861505925633674
1992-10-29,0.0,0.0,0.38598037335361723
1992-10-30,0.0,0.0,0.3858107097353574
1992-11-02,0.0,0.0,0.3865464653526441
1992-11-03,0.0,0.0,0.38637629667442436
1992-11-04,0.0,0.0,0.38663135326505005
1992-11-05,0.0,0.0,0.3864782571490421
1992-11-06,0.0,0.0,0.3863486033338352
1992-11-09,0.0,0.0,0.3890903856604014
1992-11-10,0.0,0.0,0.38891947327887094
1992-11-11,0.0,0.0,0.39208351255036267
1992-11-12,0.0,0.0,0.3934628739014908
1992-11-13,-0.025366673656792363,-0.01039679430801465,0.4098603722617265
1992-11-16,0.0,0.0,0.41113160747169036
1992-11-17,0.0,0.0,0.41095140900369215
1992-11-18,0.0,0.0,0.41271067141937073
1992-11-19,-0.027393143202420634,-0.011303318427480035,0.41263313026747517
1992-11-20,-0.4375,-0.18059605825890818,0.4127909903060758
1992-11-23,-0.1875,-0.07716895829074753,0.4115677775506535
1992-11-24,0.5,0.20563299503635019,0.41126599007270037
1992-11-25,-0.5,-0.20647577309940285,0.4129515461988057
1992-11-26,0.0,0.0,0.4112350350066382
1992-11-27,-1.0625,-0.43586619528275405,0.410227007324945
1992-11-30,-0.15228071069014984,-0.061970902507914635,0.40695175526208766
1992-12-01,0.0,0.0,0.40630258244333106
1992-12-02,0.0,0.0,0.4062425614398503
1992-12-03,0.0,0.0,0.4060768131592123
1992-12-04,0.0,0.0,0.4061843149856007
1992-12-07,-0.027301098923746648,-0.01110965997160114,0.40693087126752603
1992-12-08,0.8125,0.33006344450572095,0.40623193169934885
1992-12-09,-0.5897370938777465,-0.24148493092009268,0.4094789583816698
1992-12-10,-0.125,-0.050967032339278094,0.40773625871422475
1992-12-11,-1.125,-0.4576160749973203,0.4067698444420625
1992-12-14,-0.75,-0.30478395768480104,0.4063786102464014
1992-12-15,0.09780481498322666,0.039507570102079066,0.40394299717099347
1992-12-16,0.625,0.25340173652041936,0.40544277843267096
1992-12-17,-0.1875,-0.07716899678006856,0.4115679828270323
1992-12-18,0.5,0.2064651542906018,0.4129303085812036
1992-12-21,0.8125,0.3362952576874457,0.4139018556153178
1992-12-22,0.7230095464173323,0.30196375418235566,0.41764836395127974
1992-12-23,-1.0,-0.4192497395001929,0.4192497395001929
1992-12-24,-0.5,-0.20832850078832854,0.4166570015766571
1992-12-25,0.0,0.0,0.4632100059264102
1992-12-28,-1.0,-0.46205257000586797,0.46205257000586797
1992-12-29,1.125,0.5148294008362214,0.45762613407664127
1992-12-30,0.375,0.17379185685367016,0.4634449516097871
1992-12-31,-0.625,-0.2906585194078253,0.4650536310525204
1993-01-01,0.0,0.0,0.46265465782543963
1993-01-04,3.0,1.3623195432164865,0.4541065144054955
1993-01-05,-0.40164704871427104,-0.18712882761976787,0.4659036540136264
1993-01-06,-0.9375,-0.43461738822106144,0.4635918807691322
1993-01-07,-5.4375,-2.4010298209319,0.44156870270011955
1993-01-08,1.8210890694569764,0.7673978011524034,0.4213949850246649
1993-01-11,0.625,0.2673246663185524,0.42771946610968387
1993-01-12,-0.1875,-0.0805997760272626,0.42986547214540055
1993-01-13,0.3125,0.134200663022847,0.42944212167311036
1993-01-14,0.8125,0.3520258659824665,0.43326260428611263
1993-01-15,1.0355910346630008,0.5106457911672642,0.49309599453363084
1993-01-18,-0.25,-0.12446893473013017,0.49787573892052067
1993-01-19,0.625,0.31549302575631466,0.5047888412101035
1993-01-20,-0.875,-0.4537092527051121,0.5185248602344138
1993-01-21,0.5,0.2576012410231078,0.5152024820462155
1993-01-22,1.5,0.8479370809969276,0.565291387331285
1993-01-25,2.223049140339556,1.2567533947173908,0.5653286613922669
1993-01-26,-0.75,-0.4309686751031174,0.5746249001374899
1993-01-27,1.3125,0.7708871980824025,0.5873426271104019
1993-01-28,1.6875,0.9939820344388198,0.5890263907785599
1993-01-29,2.0625,1.2167420932992756,0.5899355603875276
1993-02-01,1.3125,0.8282701100239181,0.6310629409706043
1993-02-02,-2.838764490866896,-1.802040694010026,0.6347975324503663
1993-02-03,0.5,0.31165351573034983,0.6233070314606997
1993-02-04,3.25,1.979326138034032,0.6090234270873944
1993-02-05,5.0,3.0524023171654946,0.6104804634330989
1993-02-08,-2.75,-1.7166070580463084,0.6242207483804758
1993-02-09,-2.25,-1.365851400014883,0.6070450666732813
1993-02-10,-4.0,-2.3692733111176407,0.5923183277794102
1993-02-11,2.9735129132101226,1.6738189274588613,0.5629095875194476
1993-02-12,0.5625,0.32359176799694084,0.5752742542167837
1993-02-15,-0.02891935333949046,-0.01711891990180957,0.5919537584691787
1993-02-16,0.5625,0.3724046044044017,0.6620526300522697
1993-02-17,2.8125,1.8504320711153868,0.6579314030632486
1993-02-18,5.625,3.4929775179045683,0.6209737809608121
1993-02-19,0.375,0.24205505525745274,0.6454801473532074
1993-02-22,3.0,1.8973175233494037,0.6324391744498012
1993-02-23,6.5625,3.8221977604065684,0.5824301349190961
1993-02-24,-3.5625,-2.117353530067858,0.5943448505453637
1993-02-25,-1.3125,-0.7606563112322686,0.5795476657007761
1993-02-26,0.5625,0.32292308785398155,0.5740854895181894
1993-03-01,4.3125,2.4684353417944886,0.5723908038943741
1993-03-02,-0.5625,-0.33058226712898997,0.5877018082293155
1993-03-03,3.5625,2.105311657537449,0.5909646757999857
1993-03-04,1.6875,1.0192580993682714,0.6040047996256422
1993-03-05,-3.375,-2.009726081656996,0.5954743945650358
1993-03-08,0.75,0.4432548690353282,0.5910064920471042
1993-03-09,-2.8125,-1.6533956909272878,0.5878740234408134
1993-03-10,-1.875,-1.0983480902461067,0.5857856481312569
1993-03-11,-0.1875,-0.10851185256061174,0.5787298803232627
1993-03-12,-6.1875,-3.2978880543884963,0.53299200879006
1993-03-15,-2.090473718664975,-1.0604930776488635,0.5072979718329677
1993-03-16,3.22178766935274,1.5797615367404174,0.4903369491937353
1993-03-17,0.5625,0.289552134684395,0.5147593505500355
1993-03-18,1.0625,0.5605962968146256,0.5276200440608241
1993-03-19,-0.27832542895213636,-0.15009675979355955,0.5392851108095182
1993-03-22,0.0,0.0,0.5396741152081161
1993-03-23,1.5,0.8062352584867793,0.5374901723245196
1993-03-24,-1.125,-0.6088331068406183,0.5411849838583274
1993-03-25,-0.75,-0.40233013503578957,0.5364401800477194
1993-03-26,-3.0,-1.6178844535337884,0.5392948178445961
1993-03-29,1.125,0.5935993366595291,0.5276438548084703
1993-03-30,1.25,0.6623825813684363,0.529906065094749
1993-03-31,-0.25,-0.1364244578048615,0.545697831219446
1993-04-01,-0.25,-0.1538193322226502,0.6152773288906008
1993-04-02,-2.375,-1.4691027782343504,0.618569590835516
1993-04-05,1.3466131511777175,0.8190143514877636,0.6082031433982893
1993-04-06,1.0,0.61198602386671,0.61198602386671
1993-04-07,0.034080810783255214,0.020987293621181034,0.6158096928695322
1993-04-08,3.25,1.9508460418480265,0.6002603205686236
1993-04-09,0.0,0.0,0.6129554075517163
1993-04-12,0.875,0.5353792707240914,0.6118620236846759
1993-04-13,-0.75,-0.4619302748978351,0.6159070331971135
1993-04-14,1.125,0.6975310121960784,0.6200275663965141
1993-04-15,0.7217036528595587,0.4510118201440009,0.624926614070729
1993-04-16,-0.5625,-0.3527369548751652,0.6270879197780714
1993-04-19,0.9375,0.5842939494763038,0.6232468794413907
1993-04-20,0.0,0.0,0.6267411772303809
1993-04-21,0.75,0.4692247044276361,0.6256329392368482
1993-04-22,1.3125,0.8213363355310512,0.6257800651665152
1993-04-23,-1.6875,-1.0571743611195292,0.6264736954782395
1993-04-26,-1.6875,-1.0384607912159063,0.615384172572389
1993-04-27,-3.375,-1.9999689179992575,0.5925833831108911
1993-04-28,-0.2153294967277719,-0.12475993703066507,0.5793908355639336
1993-04-29,1.625,0.9341154362203211,0.5748402684432745
1993-04-30,-1.5,-0.8666879249668893,0.5777919499779262
1993-05-03,2.625,1.478088480028497,0.5630813257251417
1993-05-04,0.625,0.35755388742662486,0.5720862198825998
1993-05-05,0.0,0.0,0.5741639841824272
1993-05-06,0.75,0.42990336070738583,0.5732044809431811
1993-05-07,-0.7772886066847157,-0.44691292024300694,0.5749639405486411
1993-05-10,1.5,0.8535040905565104,0.5690027270376736
1993-05-11,0.1875,0.10766781414208743,0.5742283420911329
1993-05-12,-1.125,-0.644702891525637,0.5730692369116773
1993-05-13,-3.0,-1.6728512654415013,0.5576170884805004
1993-05-14,-0.4019442760257118,-0.2196387818878413,0.5464408749878337
1993-05-17,-1.6636634348679058,-0.9012876522032035,0.5417487896371092
1993-05-18,-1.5,-0.7995829921399247,0.5330553280932832
1993-05-19,1.59807096592305,0.8388696324582038,0.5249263958523084
1993-05-20,0.25,0.13263796872536948,0.5305518749014779
1993-05-21,-0.75,-0.3979316664308783,0.5305755552411711
1993-05-24,0.0,0.0,0.5289915925421039
1993-05-25,-0.125,-0.06609765525743641,0.5287812420594913
1993-05-26,0.6875,0.3627173416386881,0.5275888605653645
1993-05-27,0.0625,0.03311156851204927,0.5297850961927884
1993-05-28,-0.6875,-0.3638604413533255,0.5292515510593826
1993-05-31,0.0,0.0,0.5266185588937957
1993-06-01,1.6875,0.882937564157256,0.5232222602413369
1993-06-02,0.2232380356841924,0.11822180376584154,0.5295773339140383
1993-06-03,1.125,0.5952449758678483,0.5291066452158651
1993-06-04,-2.7766947807758124,-1.4556971769204963,0.5242553798130353
1993-06-07,1.4733374107592212,0.7566455538917236,0.5135589094298629
1993-06-08,-1.0,-0.5179104882503498,0.5179104882503498
1993-06-09,1.125,0.577062229813656,0.5129442042788053
1993-06-10,-0.125,-0.06462037961746103,0.5169630369396883
1993-06-11,3.125,1.5815644388534549,0.5061006204331056
1993-06-14,0.25,0.12912786260845416,0.5165114504338166
1993-06-15,0.5,0.25878246437617514,0.5175649287523503
1993-06-16,0.2243142015012931,0.11653580619087493,0.5195204111506205
1993-06-17,0.5625,0.29293975687278906,0.5207817899960694
1993-06-18,-1.3125,-0.6836561004765228,0.5208808384583031
1993-06-21,1.6875,0.866227173961812,0.5133198067921849
1993-06-22,0.1875,0.09744545739751873,0.5197091061200999
1993-06-23,0.0,0.0,0.5214560838543304
1993-06-24,1.6875,0.8747805130658359,0.518388452187162
1993-06-25,1.6875,0.8794553485626706,0.5211587250741752
1993-06-28,2.0371786287237854,1.0636661615419472,0.5221270960457176
1993-06-29,0.25,0.13453643578154015,0.5381457431261606
1993-06-30,-0.5,-0.2693284065606038,0.5386568131212076
1993-07-01,0.5,0.2687335917351469,0.5374671834702938
1993-07-02,2.25,1.2761499773863154,0.5671777677272513
1993-07-05,0.0,0.0,0.5789026368915441
1993-07-06,-2.75,-1.5670962312204324,0.5698531749892481
1993-07-07,0.0,0.0,0.5601585291476672
1993-07-08,2.0,1.1106551787557202,0.5553275893778601
1993-07-09,1.5,0.8401129217889206,0.5600752811926137
1993-07-12,1.0,0.5650508123549707,0.5650508123549707
1993-07-13,-1.5,-0.8484506671862068,0.5656337781241378
1993-07-14,3.0,1.651225138993628,0.5504083796645427
1993-07-15,0.25,0.1402481300227204,0.5609925200908816
1993-07-16,0.75,0.42092810363208466,0.5612374715094463
1993-07-19,0.0,0.0,0.5661256902302584
1993-07-20,-3.0,-1.6835832093742615,0.5611944031247539
1993-07-21,-5.75,-2.9706885649423347,0.5166414895551886
1993-07-22,-4.773817610147521,-2.2875001483735113,0.47917627676245106
1993-07-23,-0.9850655128162992,-0.4593700453775428,0.46633451217290645
1993-07-26,0.375,0.1750301231668641,0.4667469951116376
1993-07-27,-0.0625,-0.02932459810376099,0.46919356966017584
1993-07-28,0.4375,0.2081708022390727,0.4758189765464519
1993-07-29,1.5625,0.7421755685409549,0.47499236386621113
1993-07-30,-0.4612130553245437,-0.22560317174074918,0.4891517469773228
1993-08-02,-1.125,-0.5747733689230159,0.510909661264903
1993-08-03,0.625,0.3215559519963843,0.5144895231942149
1993-08-04,-0.875,-0.45582512234527556,0.5209429969660292
1993-08-05,0.5,0.26762926462484826,0.5352585292496965
1993-08-06,0.375,0.20510602319133042,0.5469493951768811
1993-08-09,1.0,0.5472305664870447,0.5472305664870447
1993-08-10,-0.25,-0.13761088718294917,0.5504435487317967
1993-08-11,0.625,0.34328475050103663,0.5492556008016586
1993-08-12,-0.25,-0.14020031936112717,0.5608012774445087
1993-08-13,1.75,1.0456047388873533,0.5974884222213447
1993-08-16,0.9426897347179379,0.568287830780455,0.602836553588326
1993-08-17,-0.9375,-0.5793864000906211,0.6180121600966626
1993-08-18,0.75,0.5130595603872435,0.6840794138496581
1993-08-19,2.25,1.5780822339465226,0.70136988175401
1993-08-20,1.3125,0.9331532299933916,0.7109738895187745
1993-08-23,-0.39820342939435405,-0.2854169862125819,0.7167617482518565
1993-08-24,4.0,2.8793634640027013,0.7198408660006753
1993-08-25,2.25,1.637370914380539,0.7277204063913507
1993-08-26,3.5,2.5834594761776097,0.7381312789078885
1993-08-27,-2.5,-1.8655067435535653,0.7462026974214261
1993-08-30,2.0,1.5001009670835976,0.7500504835417988
1993-08-31,-0.25,-0.18990429606597092,0.7596171842638837
1993-09-01,0.0,0.0,0.7751151685678728
1993-09-02,1.75,1.3576406791831277,0.7757946738189301
1993-09-03,6.75,4.685711019062839,0.6941794102315317
1993-09-06,0.0,0.0,0.7972460895093642
1993-09-07,3.25,2.546393254026579,0.7835056166235628
1993-09-08,-1.0,-0.818186350549002,0.818186350549002
1993-09-09,-7.0,-5.012763589458105,0.7161090842083007
1993-09-10,3.9758886283785175,2.6415777119807733,0.6643993227390993
1993-09-13,0.375,0.25465506412275546,0.6790801709940145
1993-09-14,-4.6875,-3.0306721963237204,0.6465434018823937
1993-09-15,0.16329971118148573,0.10330446855247555,0.6326065600793775
1993-09-16,0.875,0.5544530467721663,0.6336606248824758
1993-09-17,-0.125,-0.07966990765569887,0.637359261245591
1993-09-20,-1.125,-0.7290354864663351,0.6480315435256312
1993-09-21,-0.75,-0.48351028078906727,0.644680374385423
1993-09-22,0.375,0.24141690662012388,0.6437784176536637
1993-09-23,0.625,0.4027598741610513,0.6444157986576821
1993-09-24,0.5,0.32309198232179565,0.6461839646435913
1993-09-27,3.75,2.3825929802056542,0.6353581280548412
1993-09-28,0.125,0.08141580387923211,0.6513264310338569
1993-09-29,-1.8990671716945382,-1.229957234557946,0.6476638914570119
1993-09-30,-1.6875,-1.0739988604445683,0.6364437691523368
1993-10-01,3.163312857762724,1.9958547642404636,0.6309381505982454
1993-10-04,0.375,0.24068304843936666,0.6418214625049777
1993-10-05,-0.75,-0.48240312480404685,0.6432041664053958
1993-10-06,0.125,0.08013172085354663,0.641053766828373
1993-10-07,-0.125,-0.08038316981234933,0.6430653584987946
1993-10-08,3.0,1.8907102002874479,0.6302367334291493
1993-10-11,-0.27423423155108617,-0.17575779977320205,0.6409039410547137
1993-10-12,-0.375,-0.24027603189591928,0.6407360850557847
1993-10-13,-0.5625,-0.35927281163177543,0.6387072206787119
1993-10-14,2.0625,1.3020064453694025,0.6312758523003164
1993-10-15,1.3125,0.8376828462363688,0.6382345495134238
1993-10-18,-3.9375,-2.461236243817561,0.6250758714457297
1993-10-19,0.1875,0.1153446334582709,0.6151713784441114
1993-10-20,0.75,0.47275313695152293,0.6303375159353639
1993-10-21,-4.125,-2.5153534179734516,0.6097826467814428
1993-10-22,-2.4617388615431746,-1.4556859223263172,0.5913242647572297
1993-10-25,-1.5243282435026793,-0.8883298173732127,0.5827680626922999
1993-10-26,0.6875,0.4024675791450742,0.5854073878473807
1993-10-27,-0.25,-0.1469796441857341,0.5879185767429363
1993-10-28,0.375,0.21999815858336785,0.5866617562223143
1993-10-29,-0.5,-0.294047191072098,0.588094382144196
1993-11-01,-1.5,-0.8761512818850319,0.5841008545900213
1993-11-02,-1.0625,-0.6164679907861998,0.5802051677987763
1993-11-03,0.22646807242602351,0.1305283121634459,0.5763651836886781
1993-11-04,0.0,0.0,0.5784759178182894
1993-11-05,0.0,0.0,0.5896824655225118
1993-11-08,-0.02353618074957113,-0.013878309000840645,0.5896584984840215
1993-11-09,-0.375,-0.22228788812185607,0.5927677016582829
1993-11-10,0.4140975694231022,0.24595825389851583,0.5939620805820504
1993-11-11,0.0,0.0,0.5985662251009218
1993-11-12,0.0,0.0,0.5984140668912975
1993-11-15,-0.032630804441848696,-0.019543558137939652,0.5989297068286562
1993-11-16,0.0,0.0,0.5985796637865198
1993-11-17,0.0,0.0,0.5983651510961651
1993-11-18,-0.023543991799927416,-0.01409725235024254,0.5987622009911675
1993-11-19,-1.25,-0.7454538313357962,0.596363065068637
1993-11-22,-0.7731916733059692,-0.4574194240386253,0.59159900427124
1993-11-23,0.0,0.0,0.5886687975894629
1993-11-24,0.0,0.0,0.5921996656263148
1993-11-25,0.0,0.0,0.5920335361293129
1993-11-26,0.0,0.0,0.5934878366222686
1993-11-29,0.0,0.0,0.6037363698076067
1993-11-30,0.0,0.0,0.6065166571349853
1993-12-01,0.0,0.0,0.6076784829974484
1993-12-02,0.0,0.0,0.6092202650367752
1993-12-03,0.0,0.0,0.609003809398112
1993-12-06,0.0,0.0,0.6228470001452736
1993-12-07,-0.02270987072445896,-0.01414131829729587,0.6226947950903746
1993-12-08,0.125,0.07783916033823056,0.6227132827058445
1993-12-09,0.3125,0.1946441484133195,0.6228612749226224
1993-12-10,-0.875,-0.545218727177199,0.6231071167739417
1993-12-13,-0.5,-0.3109045836480364,0.6218091672960728
1993-12-14,-0.5,-0.3117837940996823,0.6235675881993646
1993-12-15,-0.08502729019128341,-0.05284512500881839,0.6215078110796458
1993-12-16,0.0,0.0,0.6209495233017686
1993-12-17,0.0,0.0,0.6249620906047236
1993-12-20,0.0,0.0,0.6290302379508733
1993-12-21,0.0,0.0,0.6351741397221775
1993-12-22,0.0,0.0,0.6350239264532036
1993-12-23,-0.022491582831026053,-0.014285860435525474,0.635164743310943
1993-12-24,0.0,0.0,0.6352212327333538
1993-12-27,0.0,0.0,0.6429543372261564
1993-12-28,0.0625,0.04016862991527951,0.6426980786444721
1993-12-29,-0.3125,-0.2046322927094987,0.6548233366703958
1993-12-30,-1.0,-0.6516971190039987,0.6516971190039987
1993-12-31,-0.25,-0.16350948543029892,0.6540379417211957
1994-01-03,-1.1875,-0.7768611152768797,0.6541988339173724
1994-01-04,0.6024087945683886,0.39175532468191093,0.6503147500736509
1994-01-05,0.0,0.0,0.6562204965196619
1994-01-06,0.0,0.0,0.67151471922859
1994-01-07,0.0,0.0,0.6713649086525001
1994-01-10,-0.023031272824546364,-0.015479310775267574,0.6720996661013876
1994-01-11,0.125,0.08396473547546748,0.6717178838037399
1994-01-12,0.8125,0.5582543509487254,0.687082278090739
1994-01-13,-1.5234022228393966,-1.1465133364073963,0.752600540565357
1994-01-14,-1.648475156280425,-1.3058720857061,0.7921697095227292
1994-01-17,-0.25,-0.19653904808669231,0.7861561923467693
1994-01-18,0.875,0.6852223360498804,0.7831112411998633
1994-01-19,0.0,0.0,0.7870321193765514
1994-01-20,0.8125,0.6382805303813149,0.7855760373923876
1994-01-21,-0.25,-0.1987713973840392,0.7950855895361568
1994-01-24,0.0,0.0,0.7941004900909737
1994-01-25,-0.4375,-0.34846381899255857,0.7964887291258481
1994-01-26,0.1875,0.14905318710022286,0.7949503312011886
1994-01-27,0.6875,0.5474513667961214,0.7962928971579948
1994-01-28,0.75,0.5989035196240967,0.7985380261654623
1994-01-31,-0.4375,-0.35076240914459994,0.8017426494733713
1994-02-01,-1.0625,-0.8489218894749344,0.7989853077411148
1994-02-02,0.125,0.09920550565327574,0.7936440452262059
1994-02-03,-0.6875,-0.5456953055250362,0.7937386262182345
1994-02-04,-1.8125,-1.4176192329876562,0.7821347492345689
1994-02-07,-0.33637485025775193,-0.2624896450870561,0.780348604795869
1994-02-08,0.0,0.0,0.780613033236883
1994-02-09,-0.023608934492111926,-0.01847375760615822,0.782490104004082
1994-02-10,0.1875,0.14688506510543503,0.7833870138956536
1994-02-11,-0.5,-0.3980948004467613,0.7961896008935226
1994-02-14,0.375,0.29905905635081126,0.7974908169354967
1994-02-15,-0.2585675681299424,-0.20666893609857181,0.7992840617764982
1994-02-16,-0.02327304859259187,-0.019582634293705558,0.8414296999293415
1994-02-17,0.0,0.0,0.8558325507953799
1994-02-18,-0.023341358860783534,-0.020859718688658428,0.8936805613192221
1994-02-21,0.0,0.0,0.9140191675215658
1994-02-22,-0.5,-0.46331134596948337,0.9266226919389667
1994-02-23,1.25,1.1477236845704568,0.9181789476563655
1994-02-24,0.8125,0.7496933881718708,0.9226995546730717
1994-02-25,-0.21113160296665648,-0.1979569153787421,0.9375996421057106
1994-02-28,-1.375,-1.542545627091327,1.1218513651573288
1994-03-01,3.375,3.5679331553436584,1.057165379361084
1994-03-02,0.0,0.0,1.1305735230485585
1994-03-03,1.375,1.5477021518521645,1.1256015649833924
1994-03-04,0.375,0.5457562337860102,1.455349956762694
1994-03-07,-1.375,-2.1804533564336896,1.5857842592245015
1994-03-08,1.375,2.138001493944553,1.5549101774142202
1994-03-09,-0.125,-0.2269266605722437,1.8154132845779496
1994-03-10,2.5,4.338722402944763,1.7354889611779052
1994-03-11,-0.625,-1.1034842633151913,1.765574821304306
1994-03-14,0.75,1.3137872145672442,1.751716286089659
1994-03-15,-0.625,-1.1059739885240703,1.7695583816385125
1994-03-16,-2.0,-3.4425829752125816,1.7212914876062908
1994-03-17,0.625,1.0607745145730183,1.6972392233168294
1994-03-18,2.5,4.095262302800104,1.6381049211200416
1994-03-21,1.125,1.857593099311726,1.6511938660548675
1994-03-22,-3.375,-5.706285542871688,1.6907512719619817
1994-03-23,0.125,0.20706746454199593,1.6565397163359674
1994-03-24,3.974759299852821,6.098037434583145,1.5341903684102194
1994-03-25,0.375,0.5986812470322779,1.5964833254194077
1994-03-28,0.09975157300096346,0.170060722711145,1.7048425162127765
1994-03-29,2.375,3.9080518510589344,1.6454955162353408
1994-03-30,2.125,3.4568839079821085,1.6267688978739334
1994-03-31,0.09992346010718463,0.16448674696362448,1.6461274137943673
1994-04-01,7.125,8.920104539645063,1.2519444967922895
1994-04-04,6.0,6.929899211295954,1.154983201882659
1994-04-05,-7.6875,-7.3501819152444945,0.9561212247472514
1994-04-06,-1.3394418537132684,-1.221290127855921,0.9117903285388602
1994-04-07,-1.125,-1.0145789380672046,0.9018479449486263
1994-04-08,1.75,1.5740088707703441,0.8994336404401967
1994-04-11,-0.25,-0.2282409521204922,0.9129638084819688
1994-04-12,-2.0,-1.8960049003037533,0.9480024501518767
1994-04-13,1.75,1.6227980819083607,0.9273131896619204
1994-04-14,0.625,0.5853896398761845,0.9366234238018952
1994-04-15,-0.5,-0.49869852754184807,0.9973970550836961
1994-04-18,4.375,4.150416024107521,0.9486665197960049
1994-04-19,-1.625,-1.576689964513164,0.9702707473927163
1994-04-20,-1.375,-1.3153384076237455,0.9566097509990877
1994-04-21,-3.75,-3.3934211438735766,0.9049123050329537
1994-04-22,0.7221676964051935,0.6389424760463489,0.8847563789226199
1994-04-25,-1.125,-0.9956643208990428,0.8850349519102603
1994-04-26,-0.125,-0.11070847471476153,0.8856677977180922
1994-04-27,0.0,0.0,0.8880504700193503
1994-04-28,2.3125,2.0171156579298413,0.8722662304561476
1994-04-29,0.1875,0.165603269923629,0.8832174395926881
1994-05-02,0.4375,0.3864228963313115,0.8832523344715691
1994-05-03,0.4375,0.3869758119427592,0.8845161415834496
1994-05-04,0.03425142287710563,0.030372023175981335,0.8867375608002153
1994-05-05,-0.625,-0.5537096193798532,0.8859353910077651
1994-05-06,6.25,4.889278742249416,0.7822845987599065
1994-05-09,3.0,2.3655412306207344,0.7885137435402447
1994-05-10,-4.375,-3.3237366045365353,0.7597112238940652
1994-05-11,2.375,1.7356145987062146,0.7307850941920904
1994-05-12,-0.875,-0.646101176629033,0.7384013447188948
1994-05-13,-2.0,-1.4539822869884922,0.7269911434942461
1994-05-16,-1.625,-1.164958012779105,0.7168972386332954
1994-05-17,-4.186101785554018,-2.8477485169113765,0.6802864963147296
1994-05-18,-0.75,-0.4976389724205963,0.6635186298941284
1994-05-19,-1.125,-0.7407063877673965,0.6584056780154636
1994-05-20,0.5949273488910006,0.38873701651582826,0.6534193078204756
1994-05-23,0.0,0.0,0.65537501624947
1994-05-24,0.0,0.0,0.6551301580186192
1994-05-25,-0.03040649913618862,-0.01991272913499808,0.654883978777377
1994-05-26,-0.4375,-0.28621956425439166,0.6542161468671809
1994-05-27,0.1875,0.12230633572039115,0.6523004571754195
1994-05-30,0.0,0.0,0.6527487662611707
1994-05-31,0.8125,0.529293187431751,0.6514377691467705
1994-06-01,-0.625,-0.40847067690622774,0.6535530830499644
1994-06-02,-0.875,-0.5685801714968036,0.6498059102820612
1994-06-03,-1.3125,-0.8449479825644312,0.6437698914776618
1994-06-06,-1.1554962723147588,-0.7370265119461832,0.6378441277614231
1994-06-07,0.0,0.0,0.633785033055766
1994-06-08,0.0,0.0,0.633939015412018
1994-06-09,0.0,0.0,0.633714498691864
1994-06-10,0.0,0.0,0.6334788775769543
1994-06-13,0.0,0.0,0.6332434316092936
1994-06-14,0.0,0.0,0.633008160593663
1994-06-15,0.0,0.0,0.6327730643351336
1994-06-16,0.0,0.0,0.6325381426390653
1994-06-17,0.0,0.0,0.6323041825398277
1994-06-20,-0.030475038803946697,-0.019262301835613102,0.6320681643600901
1994-06-21,0.9375,0.5909619778750377,0.6303594430667069
1994-06-22,-1.4375,-0.906103226090549,0.6303326790195124
1994-06-23,-0.3125,-0.19528579007881075,0.6249145282521944
1994-06-24,1.625,1.0092333288950346,0.6210666639354059
1994-06-27,-0.75,-0.4694311104829595,0.6259081473106126
1994-06-28,1.375,0.8556099761469657,0.6222618008341568
1994-06-29,-0.3125,-0.1960487038955499,0.6273558524657596
1994-06-30,1.5625,0.9723658159373026,0.6223141221998737
1994-07-01,-0.1875,-0.1176728415479644,0.6275884882558102
1994-07-04,0.0,0.0,0.6266898976887423
1994-07-05,-0.5,-0.31304058452040234,0.6260811690408047
1994-07-06,0.0,0.0,0.6240981790596629
1994-07-07,-0.3125,-0.1952237167490001,0.6247158935968004
1994-07-08,1.6875,1.050607505744345,0.6225822256262784
1994-07-11,0.5625,0.3555006098525169,0.6320010841822523
1994-07-12,-0.7810024913147083,-0.49432214595700413,0.6329328669936533
1994-07-13,-0.5,-0.3153536775402326,0.6307073550804652
1994-07-14,-5.0,-2.963600877735046,0.5927201755470092
1994-07-15,0.2184361118693751,0.12593233113390223,0.5765179120621312
1994-07-18,-0.8125,-0.4682036253861102,0.576250615859828
1994-07-19,-0.9691075074729137,-0.5544089201143089,0.5720819577179929
1994-07-20,0.0,0.0,0.5688759305272877
1994-07-21,0.0,0.0,0.5687123574050696
1994-07-22,0.0,0.0,0.5691179217673545
1994-07-25,0.0,0.0,0.5696417197221914
1994-07-26,0.0,0.0,0.5696821711984046
1994-07-27,0.0,0.0,0.5709499216699895
1994-07-28,-0.03153227664213387,-0.017997345578655264,0.570759472362581
1994-07-29,-2.5625,-1.4415798963620607,0.5625677644339749
1994-08-01,0.1554805294873505,0.08675797677539897,0.5579989794314237
1994-08-02,0.0,0.0,0.5584570559613702
1994-08-03,0.0,0.0,0.5582523091037961
1994-08-04,0.0,0.0,0.5580484225267034
1994-08-05,0.0,0.0,0.5578887579217332
1994-08-08,0.0,0.0,0.5580029884117962
1994-08-09,0.0,0.0,0.5579779830749548
1994-08-10,0.0,0.0,0.5578590281345114
1994-08-11,0.0,0.0,0.557655639889531
1994-08-12,-0.03234415647400892,-0.018030262225806528,0.5574503771738571
1994-08-15,0.1875,0.10445528765442043,0.5570948674902423
1994-08-16,-1.6990334328402923,-0.9410278193520406,0.5538606840590031
1994-08-17,-0.46997599084439173,-0.2575849868823313,0.5480811613791932
1994-08-18,0.0,0.0,0.548274105994045
1994-08-19,0.0,0.0,0.5488997607405672
1994-08-22,0.0,0.0,0.548755302493845
1994-08-23,0.0,0.0,0.5509326953622715
1994-08-24,0.0,0.0,0.5654985302489683
1994-08-25,0.0,0.0,0.5652924108900202
1994-08-26,0.0,0.0,0.5676125599278757
1994-08-29,0.0,0.0,0.567594547774856
1994-08-30,0.0,0.0,0.5699365375261594
1994-08-31,0.0,0.0,0.5722998139475124
1994-09-01,0.0,0.0,0.5721129294885492
1994-09-02,0.0,0.0,0.5805650265668859
1994-09-05,0.0,0.0,0.5809037316005091
1994-09-06,0.0,0.0,0.5814858363689583
1994-09-07,0.0,0.0,0.5818265081080196
1994-09-08,0.0,0.0,0.5873257583201462
1994-09-09,0.0,0.0,0.5876760202859962
1994-09-12,-0.03295473290563779,-0.01966154885249037,0.5966229163133875
1994-09-13,-0.3125,-0.1868845488818316,0.5980305564218611
1994-09-14,-0.5,-0.30689839786016015,0.6137967957203203
1994-09-15,-0.625,-0.3819535679345959,0.6111257086953534
1994-09-16,2.3125,1.4462231673031354,0.6253938020770315
1994-09-19,-0.5,-0.31690132310446606,0.6338026462089321
1994-09-20,0.4375,0.27622216876287276,0.6313649571722806
1994-09-21,0.5625,0.36102754520969554,0.6418267470394587
1994-09-22,-0.25,-0.16288438713035738,0.6515375485214295
1994-09-23,0.125,0.08128943305408234,0.6503154644326588
1994-09-26,0.0,0.0,0.7543841002654506
1994-09-27,0.5625,0.4777792289935279,0.8493852959884941
1994-09-28,-0.5,-0.5380834525685355,1.076166905137071
1994-09-29,0.8125,0.8758978030474951,1.0780280652892247
1994-09-30,-0.3450165353269773,-0.3755511591291591,1.0885019141857757
1994-10-03,1.125,1.2316007051904063,1.0947561823914722
1994-10-04,0.625,0.6875513693644104,1.1000821909830567
1994-10-05,1.75,1.9398692656754697,1.1084967232431255
1994-10-06,0.125,0.14192258671091854,1.1353806936873483
1994-10-07,-2.25,-2.501418275637527,1.111741455838901
1994-10-10,-0.5,-0.5483495793648773,1.0966991587297545
1994-10-11,-1.125,-1.3381444391799977,1.1894617237155536
1994-10-12,0.8424461455026541,1.0045614521544677,1.1924340297801301
1994-10-13,-0.6875,-0.8294994739547228,1.2065446893886878
1994-10-14,-0.5,-0.6453045092118899,1.2906090184237797
1994-10-17,0.1875,0.2418121913368917,1.2896650204634224
1994-10-18,0.125,0.16242901279908023,1.2994321023926418
1994-10-19,0.625,0.810807173819676,1.2972914781114817
1994-10-20,1.6875,2.163136334278979,1.281858568461617
1994-10-21,-0.15749813017161965,-0.2098241619736882,1.3322327175887796
1994-10-24,1.25,1.6492767502690628,1.3194214002152502
1994-10-25,0.5,0.6641384982071559,1.3282769964143117
1994-10-26,0.25,0.33315922057815545,1.3326368823126218
1994-10-27,0.0,0.0,1.3341176728288486
1994-10-28,-2.125,-2.7715499155353664,1.3042587837813489
1994-10-31,0.125,0.20335654071212242,1.6268523256969794
1994-11-01,2.625,4.3338036234605415,1.650972808937349
1994-11-02,1.0,1.9136461095364181,1.9136461095364181
1994-11-03,0.375,0.7539499589680411,2.010533223914776
1994-11-04,1.7175893158172755,3.398893902046823,1.978874618482089
1994-11-07,0.1875,0.3868965712944763,2.063448380237207
1994-11-08,-1.6875,-3.478590453170148,2.0613869352119396
1994-11-09,-2.625,-5.8737287384786825,2.237610947991879
1994-11-10,1.6552751062488351,3.5758077461138997,2.1602498174562372
1994-11-11,1.875,4.008081425848493,2.137643427119196
1994-11-14,-3.0,-6.026034436815907,2.0086781456053022
1994-11-15,-1.022500742143852,-2.000809288577216,1.9567802800633367
1994-11-16,1.75,3.32090985457266,1.89766277404152
1994-11-17,1.5,2.8248866414537885,1.8832577609691923
1994-11-18,0.0,0.0,1.9018231552763631
1994-11-21,0.125,0.23767901266428712,1.901432101314297
1994-11-22,-0.75,-1.4204219405934762,1.8938959207913015
1994-11-23,-5.125,-8.071299983962698,1.574887801748819
1994-11-24,-0.032962548612348846,-0.05048067005042624,1.5314553083894287
1994-11-25,-0.1875,-0.2883460425374462,1.5378455601997132
1994-11-28,1.0295932304098638,1.5878306105805462,1.5421921625771153
1994-11-29,0.0,0.0,1.5647048449664007
1994-11-30,-0.03274389651214144,-0.051215957050077046,1.5641375189139803
1994-12-01,0.5,0.7803596126639356,1.5607192253278712
1994-12-02,-1.6875,-2.5922709803268154,1.5361605809344092
1994-12-05,0.5,0.7589171354475178,1.5178342708950356
1994-12-06,-1.625,-2.4317767226926232,1.4964779831954604
1994-12-07,1.2171177739907366,1.7864059673170178,1.4677346806461262
1994-12-08,0.0,0.0,1.4779656673675683
1994-12-09,0.0,0.0,1.4774414822067918
1994-12-12,0.0,0.0,1.4769176687361991
1994-12-13,0.0,0.0,1.4764027975574148
1994-12-14,0.0,0.0,1.4840328940640184
1994-12-15,0.0,0.0,1.50302893236561
1994-12-16,0.0,0.0,1.5034317647778148
1994-12-19,0.0,0.0,1.5286206469087253
1994-12-20,0.0,0.0,1.5336710424490463
1994-12-21,0.0,0.0,1.5522181545008389
1994-12-22,0.0,0.0,1.552667981487051
1994-12-23,0.0,0.0,1.5774997175508068
1994-12-26,0.0,0.0,1.577313816586638
1994-12-27,0.0,0.0,1.576756766752775
1994-12-28,0.0,0.0,1.5788444432205342
1994-12-29,0.0,0.0,1.5782872463883355
1994-12-30,0.0,-0.0,-2.091600849450566
1995-01-02,0.0,-0.0,-2.1271215763945417
1995-01-03,0.0,0.0,1.6131646911116804
1995-01-04,-0.03046402300883802,0.0629217037715603,-2.0654430228504577
1995-01-05,0.875,-1.8346544850257254,-2.0967479828865434
1995-01-06,-0.1875,0.47051616485126047,-2.509419545873389
1995-01-09,0.4375,-1.0019837770156836,-2.2902486331787055
1995-01-10,-0.6875,1.5644824700389024,-2.2756108655111307
1995-01-11,-0.625,1.4835704854089244,-2.373712776654279
1995-01-12,0.25,-0.6117557953111191,-2.4470231812444765
1995-01-13,-1.75,4.022320725186072,-2.2984689858206124
1995-01-16,-0.02916190708121344,0.07981965047635711,-2.737120389762787
1995-01-17,0.0,0.0,1.9055981486253888
1995-01-18,0.0,-0.0,-2.802788220483184
1995-01-19,0.0,-0.0,-2.7969706075885283
1995-01-20,0.0,-0.0,-2.7843168173754473
1995-01-23,0.0,0.0,2.012285525019943
1995-01-24,0.0,-0.0,-2.766957289615384
1995-01-25,0.0,-0.0,-2.7589633324340332
1995-01-26,0.0,-0.0,-2.837795263914407
1995-01-27,0.0,-0.0,-2.858649430536049
1995-01-30,-0.027647125626205665,0.08465315770169708,-3.06191532697553
1995-01-31,0.4375,-1.265781642665125,-2.893215183234571
1995-02-01,-0.5625,1.60523881701082,-2.8537578969081245
1995-02-02,-0.375,1.0905492579382194,-2.9081313545019185
1995-02-03,2.75,-7.603678475855904,-2.764973991220329
1995-02-06,-0.5625,1.5978895101438153,-2.840692462477894
1995-02-07,0.0625,-0.1785390759008897,-2.856625214414235
1995-02-08,-0.125,0.36351813550690276,-2.908145084055222
1995-02-09,-0.75,2.0996440330154797,-2.799525377353973
1995-02-10,-0.5,1.4372157994619232,-2.8744315989238465
1995-02-13,0.125,-0.34977862028291257,-2.7982289622633005
1995-02-14,1.125,-3.0950961367411174,-2.7511965659921045
1995-02-15,0.8021131425895327,-2.1516201821495464,-2.6824397555727377
1995-02-16,0.625,-1.6367308296616903,-2.6187693274587045
1995-02-17,-0.1875,0.47312516971958685,-2.523334238504463
1995-02-20,0.0,-0.0,-2.484756626529615
1995-02-21,-0.25,-0.4687502530422521,1.8750010121690084
1995-02-22,1.625,-4.022614023475208,-2.4754547836770513
1995-02-23,-0.25,0.6093804233011393,-2.437521693204557
1995-02-24,0.28442253089788155,-0.695135777178604,-2.4440250038706814
1995-02-27,2.0,-4.689030271705889,-2.3445151358529444
1995-02-28,0.75,-1.6530672020950035,-2.204089602793338
1995-03-01,-0.125,0.26339651265581165,-2.1071721012464932
1995-03-02,-1.75,3.5551556004605436,-2.0315174859774534
1995-03-03,-1.25,-2.134595143850422,1.7076761150803375
1995-03-06,-0.875,1.8972835334394016,-2.168324038216459
1995-03-07,-0.6524585962704597,1.3416378487523273,-2.0562804389754508
1995-03-08,0.8125,-1.7001248930994284,-2.092461406891604
1995-03-09,1.0,-2.0433971300873943,-2.0433971300873943
1995-03-10,0.625,1.0402074874301965,1.6643319798883145
1995-03-13,0.4101013435364635,0.711234698066439,1.7342900950608584
1995-03-14,2.75,4.533056102484497,1.6483840372670897
1995-03-15,-0.125,-0.20962984070003993,1.6770387256003194
1995-03-16,0.34743064352808123,0.5828253372494349,1.6775300282409538
1995-03-17,-2.25,-3.6518280909240515,1.6230347070773563
1995-03-20,-0.5625,1.0555163975919934,-1.8764735957190994
1995-03-21,-1.5272464446442098,2.874253286025414,-1.8819839431317227
1995-03-22,-0.875,1.7420456143423433,-1.9909092735341065
1995-03-23,0.0,-0.0,-2.0465394231992575
1995-03-24,3.25,-6.182890983687864,-1.902427994980881
1995-03-27,1.125,-2.007989020597703,-1.7848791294201805
1995-03-28,-2.75,4.543688970928929,-1.6522505348832468
1995-03-29,0.25,-0.47449333448780034,-1.8979733379512014
1995-03-30,-1.0,1.895359196237282,-1.895359196237282
1995-03-31,-1.0,1.918735764089354,-1.918735764089354
1995-04-03,2.098155942417799,-4.196781866268156,-2.0002239973793445
1995-04-04,0.25,-0.4647033050862747,-1.8588132203450989
1995-04-05,0.0,0.0,1.4375919018471381
1995-04-06,0.5625,-1.0359120697898019,-1.8416214574040923
1995-04-07,-0.27598014261562887,-0.39847637863789903,1.4438588764441531
1995-04-10,-0.375,0.673514155165521,-1.796037747108056
1995-04-11,0.875,-1.5713566432208785,-1.795836163681004
1995-04-12,0.5,-0.8703536828172301,-1.7407073656344603
1995-04-13,1.75,-2.9380686135497887,-1.6788963505998793
1995-04-14,0.0,0.0,1.4340560479840487
1995-04-17,-0.375,-0.5372006934371029,1.432535182498941
1995-04-18,0.75,-1.1553949478662522,-1.5405265971550028
1995-04-19,-0.2755114338432594,-0.39647743022875614,1.4390598048802405
1995-04-20,1.5,2.1255682278398638,1.4170454852265757
1995-04-21,0.375,0.5355320882984633,1.4280855687959022
1995-04-24,0.375,0.551213574437976,1.4699028651679362
1995-04-25,-0.375,-0.5518162726564091,1.4715100604170908
1995-04-26,-0.375,-0.5746260312537752,1.5323360833434005
1995-04-27,-1.125,-1.7164634878588532,1.5257453225412028
1995-04-28,-1.125,-1.6919817796126542,1.503983804100137
1995-05-01,-0.5625,-0.8545397951504362,1.5191818580452199
1995-05-02,1.6629003936407623,2.4724157283502226,1.4868092748099624
1995-05-03,2.625,3.84049253217456,1.4630447741617372
1995-05-04,2.6003162996427878,3.866012417780626,1.4867469847078643
1995-05-05,6.75,8.021894956911188,1.1884288825053613
1995-05-08,-0.1875,-0.2355568764059457,1.2563033408317104
1995-05-09,3.375,4.183607888789066,1.2395875226041677
1995-05-10,-2.0625,-2.563017583373797,1.2426751919388108
1995-05-11,-1.3125,-1.6226427398791792,1.2362992303841365
1995-05-12,-0.1875,-0.2325811857582592,1.2404329907107157
1995-05-15,2.0625,2.5016414216833858,1.2129170529373992
1995-05-16,2.4375,2.905370745759123,1.1919469726191274
1995-05-17,0.34366170323288125,0.4158912816103825,1.2101763964329628
1995-05-18,-2.8125,-3.735556730677887,1.328197948685471
1995-05-19,0.1875,0.2450873002305184,1.3071322678960982
1995-05-22,-0.9375,-1.2209042071849694,1.3022978209973006
1995-05-23,2.4375,3.078666962071848,1.2630428562346043
1995-05-24,5.0625,5.733677334991743,1.1325782390107146
1995-05-25,1.3125,1.5155769791221074,1.1547253174263676
1995-05-26,0.0,0.0,1.1637100579936186
1995-05-29,0.0,0.0,1.1782602491888108
1995-05-30,3.375,3.7848954920159965,1.1214505161528878
1995-05-31,0.375,0.4325704434058616,1.1535211824156308
1995-06-01,4.125,4.464583930614871,1.0823233771187566
1995-06-02,3.5625,3.7437281396653534,1.0508710567481694
1995-06-05,0.5625,0.6008903812049832,1.0682495665866367
1995-06-06,-0.75,-0.8014193102658178,1.0685590803544238
1995-06-07,-4.6875,-4.598670097521008,0.9810496208044819
1995-06-08,-1.125,-1.0725890481044063,0.9534124872039167
1995-06-09,-6.1875,-5.1634350924062895,0.8344945603888952
1995-06-12,0.5368194263922814,0.4331460378353652,0.8068747451006798
1995-06-13,6.25,4.507267101703145,0.7211627362725032
1995-06-14,-0.5,-0.37215907581755364,0.7443181516351073
1995-06-15,-1.0,-0.7400953051475714,0.7400953051475714
1995-06-16,-0.625,-0.45952066248149287,0.7352330599703886
1995-06-19,2.25,1.6256023516470384,0.7224899340653503
1995-06-20,-1.0,-0.7286965944298532,0.7286965944298532
1995-06-21,0.875,0.6327989028541571,0.7231987461190367
1995-06-22,2.5,1.785265145880177,0.7141060583520707
1995-06-23,-0.875,-0.6313619599038656,0.7215565256044177
1995-06-26,-1.25,-0.8939132749655911,0.715130619972473
1995-06-27,-1.125,-0.7964487855578806,0.7079544760514493
1995-06-28,1.375,0.962677739371937,0.7001292649977724
1995-06-29,-4.625,-3.0863689716372984,0.667323020894551
1995-06-30,1.72275433996342,1.1158943827316392,0.647738541036172
1995-07-03,0.0625,0.040838655500745516,0.6534184880119283
1995-07-04,0.0,0.0,0.6537155203423181
1995-07-05,0.3125,0.20440564074728174,0.6540980503913015
1995-07-06,2.3125,1.4961493953977396,0.6469835223341577
1995-07-07,-0.027599969243739877,-0.018067529977599764,0.6546213808443926
1995-07-10,0.125,0.08240298017436554,0.6592238413949243
1995-07-11,-1.875,-1.2257787985426138,0.6537486925560607
1995-07-12,0.5,0.32342400102946645,0.6468480020589329
1995-07-13,-0.125,-0.08103427001601585,0.6482741601281268
1995-07-14,-1.875,-1.2039627998199545,0.642113493237309
1995-07-17,-2.5,-1.5654712083750797,0.6261884833500319
1995-07-18,-1.2777076383628863,-0.7863169331621132,0.6154122504656957
1995-07-19,-2.0625,-1.2476591760221174,0.6049256611016327
1995-07-20,0.15937925604909176,0.09531623878041262,0.5980467040896054
1995-07-21,0.0,0.0,0.5983542293817787
1995-07-24,0.0,0.0,0.5981491529801021
1995-07-25,0.0,0.0,0.5979452934211598
1995-07-26,0.0,0.0,0.5980100506842517
1995-07-27,0.0,0.0,0.5982512713476787
1995-07-28,0.0,0.0,0.5982448649461506
1995-07-31,0.0,0.0,0.6089008165701305
1995-08-01,0.0,0.0,0.6091553958169684
1995-08-02,0.0,-0.0,-0.6531898167229322
1995-08-03,0.0,-0.0,-0.6583134641338826
1995-08-04,0.0,-0.0,-0.6707878630488022
1995-08-07,0.0,-0.0,-0.6658234947574581
1995-08-08,0.0,-0.0,-0.6619942636639604
1995-08-09,-0.027441159810901932,-0.01679276251273997,0.611955275522592
1995-08-10,-0.5,0.3246996950438523,-0.6493993900877046
1995-08-11,-1.375,0.9010285181518904,-0.6552934677468294
1995-08-14,0.16013373890041155,0.09775678631352498,0.6104696423426466
1995-08-15,0.0,-0.0,-0.7166158241901697
1995-08-16,-0.025347324001248336,0.017846306572514348,-0.7040706376592429
1995-08-17,0.0,-0.0,-0.7002149412044352
1995-08-18,0.0,-0.0,-0.6691140066013146
1995-08-21,0.0,-0.0,-0.6669267960826232
1995-08-22,0.0,-0.0,-0.6769476707508448
1995-08-23,0.0,-0.0,-0.6657382437130605
1995-08-24,0.0,-0.0,-0.6643485873458975
1995-08-25,-0.027346133322074192,0.019280339523812723,-0.7050481066823936
1995-08-28,0.3125,0.19648661689621874,0.6287571740679
1995-08-29,-0.4375,-0.2758415798091511,0.630495039563774
1995-08-30,0.4375,0.27526097022728513,0.6291679319480803
1995-08-31,0.5976328336444952,0.3770505415521761,0.6309066709953665
1995-09-01,1.375,0.8680556001931387,0.6313131637768281
1995-09-04,0.0,-0.0,-0.7426693284658787
1995-09-05,1.25,0.7926585097992144,0.6341268078393715
1995-09-06,-0.125,-0.08128285358745176,0.650262828699614
1995-09-07,-1.0,-0.6480037822900311,0.6480037822900311
1995-09-08,-0.625,-0.4024562719435338,0.6439300351096541
1995-09-11,0.125,-0.0919237536328748,-0.7353900290629984
1995-09-12,2.0,1.2874478710167652,0.6437239355083826
1995-09-13,-0.75,-0.4899509077125478,0.6532678769500637
1995-09-14,2.75,1.7584897754679514,0.6394508274428914
1995-09-15,-1.0,-0.6469092148672961,0.6469092148672961
1995-09-18,-1.5,-0.9853414419567532,0.6568942946378354
1995-09-19,0.875,-0.6453875977534,-0.7375858260038858
1995-09-20,1.0,0.6630818385506866,0.6630818385506866
1995-09-21,-2.875,-1.876000159432879,0.6525217945853492
1995-09-22,-0.75,0.5370474474406604,-0.7160632632542138
1995-09-25,-0.027303382043240808,0.02007084960965105,-0.7351048883931126
1995-09-26,-0.3125,0.2302733727808662,-0.7368747928987719
1995-09-27,-0.0625,0.04519801527261876,-0.7231682443619002
1995-09-28,0.125,-0.09021588695790737,-0.721727095663259
1995-09-29,1.375,0.8932346311252737,0.6496251862729263
1995-10-02,0.0625,0.040892788323501295,0.6542846131760207
1995-10-03,0.4101897770590323,0.2683594741049234,0.6542324775351545
1995-10-04,1.0,0.6550365702167752,0.6550365702167752
1995-10-05,0.75,0.49330855926371525,0.6577447456849537
1995-10-06,0.125,0.08316117403181461,0.6652893922545169
1995-10-09,-0.026900442976855378,-0.017902171952417105,0.6654972919152219
1995-10-10,-0.1875,-0.12475478468687326,0.6653588516633241
1995-10-11,-0.375,-0.24945161275499822,0.6652043006799953
1995-10-12,1.3125,0.8673896442499708,0.6608683003809301
1995-10-13,3.9375,2.5329916807751798,0.6432994744825853
1995-10-16,-0.75,-0.49168379678331076,0.655578395711081
1995-10-17,0.375,0.24481833101288056,0.6528488827010148
1995-10-18,-1.3125,-0.8548648823994727,0.6513256246853125
1995-10-19,0.1875,0.12129480753644896,0.6469056401943944
1995-10-20,-2.25,-1.4429104528338366,0.6412935345928162
1995-10-23,-0.9375,-0.5946201974817971,0.6342615439805835
1995-10-24,2.598890300112483,1.6143152716863975,0.6211556030727916
1995-10-25,0.375,0.23752179423543776,0.6333914512945007
1995-10-26,-1.0,-0.6436070270171015,0.6436070270171015
1995-10-27,0.5,0.3252560944037092,0.6505121888074183
1995-10-30,0.25,0.18394543528847965,0.7357817411539186
1995-10-31,0.375,0.27609864725818056,0.7362630593551482
1995-11-01,1.4741814826651867,1.1161731392305478,0.7571477137350877
1995-11-02,2.0625,1.5729278043249888,0.7626316627030248
1995-11-03,-0.375,-0.29023202222785893,0.7739520592742904
1995-11-06,-0.9632705758258667,-0.7419327985621353,0.770222632333635
1995-11-07,-1.75,-1.3455243826071,0.7688710757754857
1995-11-08,3.4741359215385925,2.600039535514713,0.7483989096095099
1995-11-09,-1.5,-1.135294835883825,0.75686322392255
1995-11-10,-1.5,-1.1447780656592068,0.7631853771061379
1995-11-13,1.5,1.128440067391409,0.7522933782609393
1995-11-14,-0.1875,-0.1424359282573755,0.759658284039336
1995-11-15,-1.342656065223185,-1.030943875950433,0.7678391381482069
1995-11-16,2.4375,1.9714246688378243,0.8087896077283382
1995-11-17,1.125,0.922238892057169,0.8197679040508169
1995-11-20,-0.5625,-0.4631329453654684,0.8233474584274993
1995-11-21,-1.125,-0.919731982701561,0.8175395401791653
1995-11-22,-0.375,-0.31568905503376393,0.8418374800900371
1995-11-23,0.0,0.0,0.8403322808525847
1995-11-24,1.125,0.995156100494085,0.8845832004391867
1995-11-27,1.3125,1.2120067033220363,0.9234336787215515
1995-11-28,0.1875,0.17440495601072808,0.9301597653905498
1995-11-29,1.5,1.3878916538594597,0.9252611025729731
1995-11-30,3.5625,3.4306573771634725,0.9629915444669397
1995-12-01,1.662261136284274,1.6198611317184772,0.9744925730137832
1995-12-04,4.25,4.499084334523266,1.0586080787113568
1995-12-05,-2.0,-2.12968141305398,1.06484070652699
1995-12-06,-0.5,-0.6183518040806372,1.2367036081612743
1995-12-07,-2.75,-3.2846221703282965,1.1944080619375623
1995-12-08,-1.0,-1.178216022158567,1.178216022158567
1995-12-11,1.75,2.0277639125770093,1.158722235758291
1995-12-12,-0.5,-0.5963754288298734,1.1927508576597468
1995-12-13,-0.5,-0.5966777363424077,1.1933554726848155
1995-12-14,0.0,0.0,1.194048067019483
1995-12-15,-0.25,-0.3067333349743346,1.2269333398973383
1995-12-18,-5.75,-6.148957749352575,1.0693839564091434
1995-12-19,5.949023854745848,5.455045854854191,0.9169648648328104
1995-12-20,-0.125,-0.1185237211215764,0.9481897689726112
1995-12-21,-0.25,-0.2383432530676419,0.9533730122705676
1995-12-22,1.25,1.2788532683807583,1.0230826147046066
1995-12-25,0.0,0.0,1.0406433766885985
1995-12-26,0.5,0.5196607040719902,1.0393214081439803
1995-12-27,0.8495531784256644,0.8823831865431224,1.0386438529702124
1995-12-28,1.5,1.5511746517935006,1.0341164345290004
1995-12-29,1.6875,1.7738445229895763,1.0511671247345638
1996-01-01,-0.02547322732925041,-0.026984289217325427,1.0593196091152492
1996-01-02,-0.75,-0.7924802498005132,1.056640333067351
1996-01-03,1.25,1.3254831799397797,1.0603865439518239
1996-01-04,-3.0,-3.0954493823378564,1.0318164607792855
1996-01-05,-1.7755439081184872,-1.7846314634444151,1.005118181129949
1996-01-08,0.0,0.0,1.0091809772731062
1996-01-09,-0.1875,-0.19361971392801028,1.0326384742827215
1996-01-10,-4.5,-4.33485437425417,0.9633009720564822
1996-01-11,1.0995294708438508,1.0469718378181998,0.9521998869340766
1996-01-12,0.5,0.4781572754624452,0.9563145509248904
1996-01-15,0.0,0.0,0.9583596288006992
1996-01-16,2.5,2.3426864797135525,0.937074591885421
1996-01-17,2.125,1.9837847517618836,0.933545765535004
1996-01-18,1.225018886677958,1.1491166576445389,0.9380399519886153
1996-01-19,-0.1875,-0.17684096184229314,0.94315179649223
1996-01-22,-3.5625,-3.2158942668462935,0.902707162623521
1996-01-23,-1.3125,-1.157625543543675,0.8820004141285144
1996-01-24,2.0373544397908065,1.7609673652005204,0.8643402104257003
1996-01-25,-2.5,-2.1386529574192665,0.8554611829677066
1996-01-26,1.875,1.5665682558092648,0.8355030697649413
1996-01-29,-1.25,-1.0485467384259692,0.8388373907407755
1996-01-30,1.75,1.4447747192643061,0.8255855538653178
1996-01-31,1.25,1.0355136804723544,0.8284109443778835
1996-02-01,-0.375,-0.3123059437074286,0.8328158498864763
1996-02-02,-0.875,-0.7260055156754576,0.8297205893433801
1996-02-05,-0.625,-0.5185876885759211,0.8297403017214737
1996-02-06,0.375,0.3099948783231647,0.8266530088617725
1996-02-07,0.125,0.10348161859571375,0.82785294876571
1996-02-08,0.125,0.10350575386889681,0.8280460309511745
1996-02-09,0.5,0.4138206449509791,0.8276412899019582
1996-02-12,1.875,1.5384828335569671,0.8205241778970491
1996-02-13,0.625,0.5167101224055081,0.8267361958488129
1996-02-14,-1.1494416883996144,-0.9490233845709255,0.8256385636162767
1996-02-15,-3.603639322040036,-2.8462401325846187,0.7898238081643947
1996-02-16,-2.6491559510841216,-2.0142368146390397,0.7603315364709834
1996-02-19,-0.024154288593527688,-0.018120628922915757,0.7502033791122007
1996-02-20,-3.25,-2.3664965468461348,0.7281527836449645
1996-02-21,0.038188507019258085,0.027363200590479666,0.7165297291323978
1996-02-22,0.0,0.0,0.7168126328323551
1996-02-23,0.0,0.0,0.7172871032477249
1996-02-26,-0.024294846039468843,-0.017512440515484465,0.720829450288928
1996-02-27,0.875,0.6290990244480437,0.718970313654907
1996-02-28,1.0,0.7230434093710997,0.7230434093710997
1996-02-29,-0.0625,-0.0454041340390545,0.726466144624872
1996-03-01,-1.625,-1.1743839793891462,0.7226978334702439
1996-03-04,-0.9375,-0.6708884143531311,0.7156143086433397
1996-03-05,0.7878254637280822,0.5599891924695392,0.7108036211721374
1996-03-06,0.0,0.0,0.7213883104067609
1996-03-07,0.0,0.0,0.7222882026026787
1996-03-08,-0.02687377924252648,-0.019824023785509286,0.7376716019955507
1996-03-11,-1.3125,-0.9657495434742794,0.7358091759804034
1996-03-12,0.375,0.27566921140781253,0.7351178970875001
1996-03-13,0.0625,0.04611835339691808,0.7378936543506893
1996-03-14,0.0,0.0,0.7400167791461928
1996-03-15,1.4375,1.082804135561175,0.7532550508251653
1996-03-18,-0.375,-0.2847915170555626,0.7594440454815002
1996-03-19,-0.3125,-0.2367330947361999,0.7575459031558397
1996-03-20,-1.0625,-0.8009307217565803,0.7538171498885462
1996-03-21,-0.5,-0.37449147589857884,0.7489829517971577
1996-03-22,0.4375,0.3265724814917655,0.7464513862668926
1996-03-25,-1.0625,-0.7963908969489933,0.7495443735990526
1996-03-26,0.0625,0.046578274015040375,0.745252384240646
1996-03-27,1.5,1.1110802699244622,0.7407201799496415
1996-03-28,1.0,0.7461552174302082,0.7461552174302082
1996-03-29,-1.0,-0.7487393083458531,0.7487393083458531
1996-04-01,-0.25,-0.1861542922951406,0.7446171691805624
1996-04-02,-0.625,-0.46411716698652106,0.7425874671784337
1996-04-03,0.25,0.18498279177759372,0.7399311671103749
1996-04-04,0.75,0.5547932696645845,0.7397243595527794
1996-04-05,3.0625,2.223814489424466,0.7261435067508459
1996-04-08,0.625,0.4814256499206914,0.7702810398731063
1996-04-09,-0.875,-0.6754710432590283,0.7719669065817466
1996-04-10,0.8125,0.6233281630223835,0.7671731237198566
1996-04-11,0.5625,0.4349600380109112,0.7732622897971755
1996-04-12,-2.340308161985124,-1.785222453704292,0.7628151209753546
1996-04-15,-1.027824817986833,-0.783883931537994,0.7626629731254806
1996-04-16,0.0,0.0,0.7604626050485019
1996-04-17,0.5625,0.4359648142511279,0.7750485586686717
1996-04-18,0.5625,0.43682822228869084,0.7765835062910059
1996-04-19,-0.6875,-0.5360956085877159,0.7797754306730412
1996-04-22,-0.5625,-0.43688071070592804,0.776676819032761
1996-04-23,0.125,0.09679200699936158,0.7743360559948926
1996-04-24,0.5625,0.4354657807502168,0.7741613880003855
1996-04-25,-0.1875,-0.14646981881667037,0.781172367022242
1996-04-26,-0.3125,-0.24693939551447042,0.7902060656463054
1996-04-29,0.5,0.3942202368948466,0.7884404737896932
1996-04-30,0.75,0.5933005234888159,0.7910673646517545
1996-05-01,0.0625,0.05008621733637289,0.8013794773819662
1996-05-02,2.125,1.744060260284128,0.8207342401337073
1996-05-03,0.6875,0.5733402991576867,0.8339495260475444
1996-05-06,-0.4027552452648154,-0.33919208451529165,0.8421791857540419
1996-05-07,0.375,0.31725407634481523,0.8460108702528406
1996-05-08,-1.625,-1.3652773715167859,0.8401706901641759
1996-05-09,0.5,0.4186783594288083,0.8373567188576166
1996-05-10,-2.5,-2.0958299489442513,0.8383319795777004
1996-05-13,-0.7778929446361387,-0.6452039059291503,0.8294250646931193
1996-05-14,-0.6875,-0.5675254507710471,0.8254915647578868
1996-05-15,-0.125,-0.10321437342216705,0.8257149873773364
1996-05-16,0.7953678156892869,0.6550673064985808,0.8236029841500212
1996-05-17,-0.625,-0.5160060328267333,0.8256096525227733
1996-05-20,-0.375,-0.3096605597609857,0.825761492695962
1996-05-21,0.25,0.20710511800369855,0.8284204720147942
1996-05-22,-0.4375,-0.3625914239672823,0.8287803976395024
1996-05-23,0.6875,0.5716756787127888,0.8315282599458746
1996-05-24,-0.5,-0.43495770567490727,0.8699154113498145
1996-05-27,0.0,0.0,0.8757682781313629
1996-05-28,0.1875,0.1751335321823841,0.9340455049727152
1996-05-29,1.5,1.4111149667968435,0.9407433111978957
1996-05-30,-0.125,-0.11855380503817232,0.9484304403053786
1996-05-31,1.125,1.0916644893318201,0.970368434961618
1996-06-03,0.0625,0.06120569409395612,0.9792911055032979
1996-06-04,-0.21526929270500045,-0.21328162032789824,0.9907665772850098
1996-06-05,-1.0,-0.9865046326292963,0.9865046326292963
1996-06-06,-1.75,-1.6986560446333907,0.9706605969333661
1996-06-07,4.846697289615735,4.276321744181991,0.8823166557862405
1996-06-10,0.4375,0.39522152415916734,0.9033634837923825
1996-06-11,0.125,0.12800263980342075,1.024021118427366
1996-06-12,0.4717172242447744,0.56179394850831,1.1909549188239832
1996-06-13,-0.625,-0.7445544669909874,1.1912871471855797
1996-06-14,-1.875,-2.1911217703501102,1.1685982775200587
1996-06-17,-1.25,-1.446720078417797,1.1573760627342375
1996-06-18,0.5965619763932513,0.6848050329487589,1.1479193445901725
1996-06-19,0.4375,0.5036949452828459,1.1513027320750762
1996-06-20,0.0625,0.07232694330471531,1.157231092875445
1996-06-21,-0.3125,-0.3652118526613296,1.1686779285162547
1996-06-24,-0.25,-0.29540321808036574,1.181612872321463
1996-06-25,-0.5,-0.5891936921311618,1.1783873842623236
1996-06-26,-0.0625,-0.07363241074859274,1.1781185719774838
1996-06-27,-1.25,-1.47171595459036,1.177372763672288
1996-06-28,-1.4375,-1.737494593102243,1.2086918908537343
1996-07-01,0.03388779439831057,0.04127594245803743,1.2180179675575222
1996-07-02,0.0,0.0,1.2178405041077551
1996-07-03,0.0,0.0,1.2176623339596973
1996-07-04,0.0,0.0,1.3512522943330008
1996-07-05,0.0,0.0,1.359757330955642
1996-07-08,-0.029957823895247333,-0.04077798939516522,1.3611799554517863
1996-07-09,-0.5924909905831546,-0.8045598738450481,1.357927608406613
1996-07-10,-1.75,-2.4104525815212248,1.3774014751549857
1996-07-11,-0.9049815562090613,-1.2609106628805966,1.3932998459797468
1996-07-12,-0.75,-1.0453353171997095,1.393780422932946
1996-07-15,0.5625,0.7794517243060584,1.3856919543218815
1996-07-16,-1.0625,-1.5803566408357062,1.4873944854924293
1996-07-17,0.03240932810762581,0.04843349358809236,1.4944306598166135
1996-07-18,0.0,0.0,1.5334880232157766
1996-07-19,0.0,0.0,1.5961810223474788
1996-07-22,0.0,0.0,1.6335441197264546
1996-07-23,0.0,0.0,1.6504346828579752
1996-07-24,0.0,0.0,1.6851205229193942
1996-07-25,0.0,0.0,1.7031298302583882
1996-07-26,0.0,0.0,1.7042788913837184
1996-07-29,0.0,0.0,1.712987839543238
1996-07-30,0.0,0.0,1.7172016251701436
1996-07-31,0.0,0.0,1.7183764088844338
1996-08-01,0.0,0.0,1.718023989090519
1996-08-02,0.0,0.0,1.7176718346289437
1996-08-05,-0.031373060049702764,-0.05396725198616593,1.7201781369323974
1996-08-06,-0.25,-0.4406900690752219,1.7627602763008876
1996-08-07,-0.1875,-0.3308417842177985,1.7644895158282585
1996-08-08,-0.125,-0.22240391213148775,1.779231297051902
1996-08-09,0.8125,1.5891991954732974,1.9559374713517506
1996-08-12,0.0625,0.13016257918425822,2.0826012669481315
1996-08-13,-1.125,-2.317626689810225,2.0601126131646446
1996-08-14,0.0625,0.14065017113464423,2.2504027381543077
1996-08-15,-0.5157978909861974,-1.1578900916468378,2.2448523188665432
1996-08-16,0.75,1.669760408903434,2.226347211871245
1996-08-19,-0.3125,-0.6976204642692924,2.2323854856617356
1996-08-20,0.0,0.0,2.2280443590988215
1996-08-21,-0.3125,-0.700400445735957,2.2412814263550622
1996-08-22,-0.1875,-0.42324554725055785,2.2573095853363085
1996-08-23,-1.25,-2.777051632711298,2.2216413061690385
1996-08-26,-1.2188263592547135,-2.7184120153111735,2.230352170077307
1996-08-27,0.0,0.0,2.233762102944611
1996-08-28,-0.031103630735189767,-0.06986745098642066,2.246279592927864
1996-08-29,0.8125,1.8127940196044376,2.2311311010516155
1996-08-30,1.3125,2.8928014543791525,2.2040392033364973
1996-09-02,0.0,0.0,2.218698916814231
1996-09-03,-0.5,-1.1244685102596608,2.2489370205193215
1996-09-04,0.375,0.8408664897422589,2.24231063931269
1996-09-05,0.4375,0.980903273981389,2.2420646262431747
1996-09-06,-0.7187662557828376,-1.6068812282967069,2.2356102771499575
1996-09-09,-1.125,-2.5237840314363846,2.2433635834990087
1996-09-10,0.9686777163449898,2.143308294465592,2.2126123666318174
1996-09-11,0.0,0.0,2.225340091715921
1996-09-12,-0.6875,-1.5389524855158685,2.238476342568536
1996-09-13,-1.875,-4.055112120341401,2.1627264641820805
1996-09-16,-0.09417585150424065,-0.20192756354952213,2.144154369981242
1996-09-17,0.0,0.0,2.1649027313387554
1996-09-18,0.0,0.0,2.164303979926953
1996-09-19,0.0,0.0,2.20988643711091
1996-09-20,0.0,0.0,2.230389559409684
1996-09-23,0.0,0.0,2.2512903309039274
1996-09-24,0.0,0.0,2.251950127814739
1996-09-25,0.0,0.0,2.2598024214227816
1996-09-26,0.0,0.0,2.26047119122402
1996-09-27,-0.03143942908957246,-0.07143623465425422,2.2721861281491127
1996-09-30,-0.375,-0.9363335167539655,2.4968893780105748
1996-10-01,0.875,2.1709463779954277,2.4810815748519173
1996-10-02,0.5,1.2529048007322776,2.5058096014645552
1996-10-03,0.0,0.0,2.5297216140479373
1996-10-04,1.6875,4.1534468628527375,2.461301844653474
1996-10-07,-0.6564320503722785,-1.7214786332250385,2.6224780344724885
1996-10-08,-0.25,-0.6604686702831744,2.6418746811326974
1996-10-09,-1.0,-2.6081185945190106,2.6081185945190106
1996-10-10,-1.4063612129946672,-3.580958577251458,2.5462580624121895
1996-10-11,0.75,1.889677056928236,2.519569409237648
1996-10-14,0.0,0.0,2.5420709811061513
1996-10-15,0.0,0.0,2.5501426191530863
1996-10-16,-0.0625,-0.1593549347396651,2.5496789558346418
1996-10-17,0.8125,2.0624619153855033,2.5384146650898503
1996-10-18,0.125,0.31865215330086694,2.5492172264069355
1996-10-21,-0.3125,-0.7969138379386866,2.5501242814037974
1996-10-22,-0.4375,-1.1141922426350888,2.54672512602306
1996-10-23,0.125,0.3194184023002464,2.555347218401971
1996-10-24,-0.0625,-0.15976643065160243,2.556262890425639
1996-10-25,0.375,1.0066805165915695,2.684481377577519
1996-10-28,-0.0625,-0.16898492896676812,2.70375886346829
1996-10-29,1.9375,5.02432709479401,2.5932010811840054
1996-10-30,0.0,0.0,2.6233585368656773
1996-10-31,0.3445356818733031,0.929897298143107,2.6989869179502293
1996-11-01,-0.375,-1.014932247265428,2.706485992707808
1996-11-04,0.375,1.0896486494402366,2.905729731840631
1996-11-05,1.625,4.61278335308464,2.838635909590548
1996-11-06,-0.125,-0.3597579336306755,2.878063469045404
1996-11-07,1.0,2.8411355318071236,2.8411355318071236
1996-11-08,-0.40505517569289423,-1.1630594005026909,2.8713604227205387
1996-11-11,0.0,0.0,2.8780617366199377
1996-11-12,2.625,6.978199498825338,2.6583617138382243
1996-11-13,-0.375,-1.0093412269290356,2.691576605144095
1996-11-14,1.8548154483051373,4.805452115810108,2.59079797949772
1996-11-15,-0.9375,-2.4405863356589643,2.603292091369562
1996-11-18,-0.5625,-1.4558425061569134,2.5881644553900682
1996-11-19,0.9375,2.3958993600051457,2.5556259840054887
1996-11-20,1.6875,4.205508234281373,2.492153027722295
1996-11-21,-0.75,-1.918328547809678,2.557771397079571
1996-11-22,-0.1875,-0.4775089725621638,2.54671452033154
1996-11-25,0.375,0.9652925450117122,2.574113453364566
1996-11-26,0.0,0.0,2.578353583934568
1996-11-27,0.0,0.0,2.578838041997851
1996-11-28,0.0,0.0,2.6059432682368553
1996-11-29,3.5625,8.404984838575148,2.35929398977548
1996-12-02,-0.5892859921873428,-1.8302275269303614,3.105839187075916
1996-12-03,0.25,0.7751987479151221,3.1007949916604884
1996-12-04,-3.0,-8.357810443950397,2.785936814650132
1996-12-05,-5.25,-10.980491422610255,2.0915221757352866
1996-12-06,-2.053189402844386,-4.043878357468598,1.9695593362533486
1996-12-09,1.3483606199516265,2.664396506207204,1.9760266406347522
1996-12-10,-0.0625,-0.12601925569913788,2.016308091186206
1996-12-11,-2.0,-3.9069528891153733,1.9534764445576867
1996-12-12,-0.464513412914881,-0.8974300134944093,1.9319786868218105
1996-12-13,0.0,0.0,1.9266891354479694
1996-12-16,0.0,0.0,1.9276756202842509
1996-12-17,0.0,0.0,1.9280950601678495
1996-12-18,0.0,0.0,1.9315562528844403
1996-12-19,0.0,0.0,1.9310275286992211
1996-12-20,0.0,0.0,1.9561408100959674
1996-12-23,0.0,0.0,1.9905958939113966
1996-12-24,0.0,0.0,1.990006019409336
1996-12-25,0.0,0.0,1.9893966877703622
1996-12-26,0.0,0.0,1.9887877291668379
1996-12-27,0.0,0.0,1.9881791432563065
1996-12-30,-0.025257446142588177,-0.05020068789822117,1.9875599304386764
1996-12-31,-1.5625,-3.039839045537862,1.9454969891442317
1997-01-01,-0.02551807397665697,-0.04936462005896599,1.9344963144210254
1997-01-02,0.0,0.0,1.9854478726029885
1997-01-03,-0.025743719695066933,-0.051465652914013525,1.999153716852949
1997-01-06,0.1875,0.37642425076051944,2.007596004056104
1997-01-07,0.375,0.7545499239957616,2.0121331306553643
1997-01-08,0.0625,0.12724185233446292,2.0358696373514067
1997-01-09,-0.75,-1.5193069699376665,2.0257426265835554
1997-01-10,1.375,2.727428308301011,1.9835842242189172
1997-01-13,0.0,0.0,1.997617546126538
1997-01-14,-1.1875,-2.3424990481187447,1.9726307773631535
1997-01-15,0.0,0.0,1.959549313963368
1997-01-16,0.5625,1.0989007495891816,1.9536013326029895
1997-01-17,-0.3125,-0.6116400344584039,1.9572481102668924
1997-01-20,0.0,0.0,1.9533825468043597
1997-01-21,-0.5,-0.9742929659791781,1.9485859319583563
1997-01-22,0.3497464564832408,0.6787644156669351,1.9407327882375849
1997-01-23,0.0,0.0,1.9437865372788332
1997-01-24,0.0,0.0,1.9431953403401754
1997-01-27,-0.025209716222883632,-0.04897224065220203,1.9425938879767486
1997-01-28,-0.375,-0.72727967373955,1.9394124633054668
1997-01-29,-0.3125,-0.6044816436040237,1.934341259532876
1997-01-30,-0.3125,-0.6029600291395618,1.9294720932465979
1997-01-31,-1.125,-2.143359097992551,1.9052080871044899
1997-02-03,-0.775341288694991,-1.46851894151892,1.8940290720111719
1997-02-04,0.0,0.0,1.885555521032919
1997-02-05,-0.02505416071621987,-0.04773963280777522,1.9054572750812182
1997-02-06,-0.125,-0.23805347391584394,1.9044277913267516
1997-02-07,0.8125,1.5406124713919256,1.896138426328524
1997-02-10,0.0625,0.11956885404571993,1.9131016647315189
1997-02-11,-0.0625,-0.11966961384860737,1.914713821577718
1997-02-12,-0.0625,-0.11958878166522503,1.9134205066436005
1997-02-13,0.9375,1.780710350433443,1.8994243737956724
1997-02-14,0.6694772278914904,1.2732108500111192,1.9017985929425556
1997-02-17,-0.024197283571757534,-0.04679321980883783,1.933821194022527
1997-02-18,-0.25,-0.4892555497840495,1.957022199136198
1997-02-19,-0.625,-1.2169694578512134,1.9471511325619413
1997-02-20,-1.375,-2.6243193325538834,1.9085958782210062
1997-02-21,-0.14914026452961632,-0.28399894599824826,1.9042405945434786
1997-02-24,-0.3125,-0.6028516828588824,1.9291253851484234
1997-02-25,-0.0625,-0.12032443291726373,1.9251909266762197
1997-02-26,-2.25,-4.154218176217585,1.8463191894300375
1997-02-27,-0.3997508968376037,-0.728657619217915,1.822779198201343
1997-02-28,-0.024744233846369226,-0.04506203390181329,1.8211125137917876
1997-03-03,0.1875,0.34269415755176125,1.8277021736093935
1997-03-04,0.4375,0.8075228312912122,1.8457664715227706
1997-03-05,-0.125,-0.23303956108695126,1.86431648869561
1997-03-06,0.4375,0.8134941797605953,1.859415268024218
1997-03-07,-0.75,-1.3964394612515534,1.8619192816687378
1997-03-10,0.0,0.0,1.9111344961057095
1997-03-11,0.125,0.2388056247595507,1.9104449980764056
1997-03-12,0.3125,0.5967335571655025,1.909547382929608
1997-03-13,1.5625,2.92500365699981,1.8720023404798785
1997-03-14,-0.4375,-0.8244618338553457,1.8844841916693615
1997-03-17,0.25,0.4695977904451524,1.8783911617806095
1997-03-18,0.125,0.2350189024456345,1.880151219565076
1997-03-19,0.16475212961507013,0.3098056739372652,1.880435018722373
1997-03-20,0.125,0.2351642578106569,1.8813140624852551
1997-03-21,0.125,0.23522286470342876,1.88178291762743
1997-03-24,-0.625,-1.172634969296395,1.876215950874232
1997-03-25,1.0,1.8555722897920406,1.8555722897920406
1997-03-26,0.625,1.1694773591903371,1.8711637747045395
1997-03-27,2.625,4.662723850296242,1.7762757524938064
1997-03-28,0.0,0.0,1.8010898106886972
1997-03-31,0.25,0.46049986512269475,1.841999460490779
1997-04-01,-0.7722129968546985,-1.4219512068033286,1.8413976617786536
1997-04-02,-0.375,-0.6870200124546211,1.8320533665456562
1997-04-03,-0.5625,-1.0339746319903713,1.838177123538438
1997-04-04,1.8528571491648267,3.354051287263114,1.8102050062385806
1997-04-07,-1.25,-2.266151249126488,1.8129209993011905
1997-04-08,0.625,1.1215993134328441,1.7945589014925507
1997-04-09,0.0,0.0,1.8000608123213138
1997-04-10,0.125,0.2249189108039888,1.7993512864319103
1997-04-11,1.625,2.8788305449106315,1.7715880276373117
1997-04-14,0.0,0.0,1.78671910429909
1997-04-15,-2.125,3.6642725027049097,-1.7243635306846634
1997-04-16,0.375,0.6470334930255852,1.725422648068227
1997-04-17,-1.0,-1.715332789037634,1.715332789037634
1997-04-18,-0.5,-0.8512553155867385,1.702510631173477
1997-04-21,0.8539658140020532,1.443086550600874,1.6898645436846544
1997-04-22,-0.4375,-0.7414161685613255,1.6946655281401726
1997-04-23,0.5,0.8681967984368198,1.7363935968736397
1997-04-24,0.5625,0.9766273016819893,1.7362263141013143
1997-04-25,0.125,0.21778814207154581,1.7423051365723665
1997-04-28,-0.33334678845597426,-0.581137463263615,1.743342019148827
1997-04-29,-3.875,-6.041682362346896,1.5591438354443603
1997-04-30,-1.5214686572452643,-2.3279244368979337,1.5300508661892644
1997-05-01,-0.39648397891538073,-0.6008568373220321,1.5154630937818283
1997-05-02,0.0,0.0,1.5223618556611647
1997-05-05,-0.021054929590470745,-0.032080613380452976,1.5236628193224804
1997-05-06,0.0,0.0,1.5230332991145816
1997-05-07,-0.9375,-1.4905455939995216,1.5899153002661564
1997-05-08,0.5,-1.007240855571625,-2.01448171114325
1997-05-09,0.6875,-1.3994542631346512,-2.0355698372867654
1997-05-12,0.25,-0.4968275143340684,-1.9873100573362736
1997-05-13,-0.75,1.46598570096572,-1.9546476012876266
1997-05-14,0.4375,-0.899752684486013,-2.056577564539458
1997-05-15,0.125,-0.25823815762371716,-2.0659052609897373
1997-05-16,-0.3302168110835321,-0.5520167866975633,1.6716798423624906
1997-05-19,-0.0625,-0.10428402399284015,1.6685443838854424
1997-05-20,0.1875,-0.3796945980524357,-2.025037856279657
1997-05-21,-0.375,0.7518151583285275,-2.0048404222094067
1997-05-22,-0.27078384993660853,0.5525187358110514,-2.040441983302911
1997-05-23,0.0,-0.0,-2.0620088771795944
1997-05-26,0.0,-0.0,-2.2497968264423354
1997-05-27,0.0,0.0,1.854085709911189
1997-05-28,0.0,-0.0,-2.283548651794762
1997-05-29,0.0,-0.0,-2.470697797743025
1997-05-30,0.0,-0.0,-3.1417100947443832
1997-06-02,0.0,-0.0,-3.05467651980486
1997-06-03,-0.020227952337715863,0.06206933645185816,-3.068493311412806
1997-06-04,0.0,-0.0,-2.9964713436427957
1997-06-05,0.0,0.0,3.1086135055875164
1997-06-06,1.375,4.171682726647033,3.033951073925115
1997-06-09,-0.707883801961695,-2.14811535748214,3.0345592758716338
1997-06-10,-0.375,-1.130966690304748,3.0159111741459945
1997-06-11,0.0,0.0,3.0087890451717056
1997-06-12,2.104591617933571,-5.505771879065417,-2.6160761223934514
1997-06-13,0.625,-1.6028431578080964,-2.5645490524929544
1997-06-16,0.29250889949188097,0.8242581317792462,2.817890782848215
1997-06-17,-0.5,-1.4061804397342894,2.812360879468579
1997-06-18,0.5,1.3973224433005655,2.794644886601131
1997-06-19,0.0,0.0,2.801523485678794
1997-06-20,0.625,1.7415557826397932,2.786489252223669
1997-06-23,-0.75,-2.0812332149731922,2.774977619964256
1997-06-24,0.0,0.0,2.762769181344728
1997-06-25,-0.75,-2.122873008616213,2.8304973448216173
1997-06-26,-1.125,-3.118120513439102,2.771662678612535
1997-06-27,0.625,1.7123148248357474,2.7397037197371956
1997-06-30,-1.375,-3.6889518691771035,2.682874086674257
1997-07-01,1.6050420267846328,4.139318939937222,2.57894738633697
1997-07-02,0.3125,0.8133345855238057,2.602670673676178
1997-07-03,1.375,3.5029598261596853,2.547607146297953
1997-07-04,-0.020231191699726904,-0.05226879007625117,2.583574455327648
1997-07-07,1.0,2.6105108610649084,2.6105108610649084
1997-07-08,-0.019698468940327913,-0.05168968172254159,2.6240456493915274
1997-07-09,0.5625,1.4953316225883224,2.6583673290459067
1997-07-10,0.0,0.0,2.6657403089838696
1997-07-11,0.5625,1.499036328671137,2.6649534731931324
1997-07-14,-0.75,-1.9928165745020632,2.657088766002751
1997-07-15,0.0,0.0,2.6454993526223896
1997-07-16,2.25,5.619046434770871,2.497353971009276
1997-07-17,0.0,0.0,2.5307944899104724
1997-07-18,-1.5,-3.698583799498677,2.465722532999118
1997-07-21,-0.75,-1.8222447832883413,2.4296597110511216
1997-07-22,3.9375,8.11279259801183,2.0603917709236392
1997-07-23,0.375,0.7889829435360547,2.1039545160961457
1997-07-24,0.0,0.0,2.1095107136909026
1997-07-25,-0.9375,-1.9624081427282314,2.093235352243447
1997-07-28,1.125,2.3424530498876575,2.082180488789029
1997-07-29,1.875,3.8206199687549565,2.037663983335977
1997-07-30,1.5,3.0231631043881397,2.015442069592093
1997-07-31,1.480157813787354,2.9473724684962,1.9912555546726538
1997-08-01,-9.0,-10.501572011424182,1.166841334602687
1997-08-04,-1.041242621027561,-1.1554301258534925,1.1096646473357423
1997-08-05,-0.2706235839540022,-0.2984074757670224,1.1026661882422732
1997-08-06,0.1875,0.20635021542253415,1.1005344822535155
1997-08-07,-0.4375,-0.48137161709184434,1.1002779819242157
1997-08-08,-1.5,-1.6344511262384755,1.0896340841589838
1997-08-11,0.04173026312525591,0.045186681846957705,1.0828276282688931
1997-08-12,0.0,0.0,1.0827630203196683
1997-08-13,0.0,0.0,1.0827922368842176
1997-08-14,0.0,0.0,1.0846458876318394
1997-08-15,-0.020202014592286214,-0.022120288777575728,1.094954598538998
1997-08-18,-0.020533695456507694,-0.022476912037206927,1.094635502158642
1997-08-19,0.0,0.0,1.094745113296366
1997-08-20,-0.25,-0.2735230132517603,1.0940920530070413
1997-08-21,-0.75,-0.8387707414656151,1.1183609886208201
1997-08-22,-0.75,-0.8332624691861974,1.1110166255815965
1997-08-25,-0.2699154332937079,-0.29842885185551876,1.1056383409198542
1997-08-26,0.0,0.0,1.103855421421909
1997-08-27,0.0,0.0,1.1046529048068132
1997-08-28,0.0,0.0,1.104421603902119
1997-08-29,0.0,0.0,1.1052209169970262
1997-09-01,0.0,0.0,1.1082076037630124
1997-09-02,0.0,0.0,1.10788403237313
1997-09-03,0.0,0.0,1.107652809085092
1997-09-04,0.0,0.0,1.1079057629450946
1997-09-05,0.0,0.0,1.1221801041490944
1997-09-08,0.0,0.0,1.1230132268270645
1997-09-09,0.0,0.0,1.1230651233173137
1997-09-10,0.0,0.0,1.1228326279175531
1997-09-11,0.0,0.0,1.122670199265733
1997-09-12,0.0,0.0,1.122437998201529
1997-09-15,-0.019300633077192673,-0.02165924161364021,1.1222036876725394
1997-09-16,2.1875,2.3968784102256224,1.0957158446745703
1997-09-17,0.1875,0.20896366862038523,1.1144728993087212
1997-09-18,-0.14492944291049198,-0.16195799523722537,1.1174954652744382
1997-09-19,0.25,0.2895885800633178,1.1583543202532711
1997-09-22,0.875,1.0103935097325702,1.154735439694366
1997-09-23,-0.875,-1.0110653077007028,1.1555032088008033
1997-09-24,1.125,1.2886003674936108,1.1454225488832097
1997-09-25,-2.125,-2.391328896940119,1.1253312456188795
1997-09-26,1.125,1.2445961034820738,1.1063076475396212
1997-09-29,-0.25,-0.28328383386894146,1.1331353354757658
1997-09-30,-0.5,-0.569659283780807,1.139318567561614
1997-10-01,2.0,2.2279689235102618,1.1139844617551309
1997-10-02,0.625,0.7022779929218763,1.123644788675002
1997-10-03,0.125,0.14089512915912947,1.1271610332730357
1997-10-06,1.25,1.4176360302472626,1.1341088241978101
1997-10-07,0.625,0.7119517133915981,1.139122741426557
1997-10-08,-3.520182229903054,-3.8599528099746068,1.0965207361099911
1997-10-09,-0.5826789034740721,-0.6259657755656471,1.0742894102283234
1997-10-10,-1.645106646029938,-1.7458938772023629,1.0612648617131601
1997-10-13,0.0,0.0,1.052663741694098
1997-10-14,0.9375,0.9858368542629674,1.051559311213832
1997-10-15,-0.375,-0.3963805783102087,1.0570148754938897
1997-10-16,0.0,0.0,1.0558550966686209
1997-10-17,-0.875,-0.9215006444076709,1.0531435936087667
1997-10-20,0.1875,0.19642915269055528,1.0476221476829615
1997-10-21,0.0,0.0,1.0490060550459825
1997-10-22,0.1875,0.2128171400942137,1.1350247471691397
1997-10-23,1.1875,1.355599013400071,1.1415570639158492
1997-10-24,0.3125,0.3591087585113637,1.149148027236364
1997-10-27,1.3125,1.4961891689094167,1.1399536525024128
1997-10-28,-1.0206322652856514,-1.164926881028884,1.1413776740664257
1997-10-29,1.75,1.9531219639581385,1.116069693690365
1997-10-30,1.625,1.8134775813569435,1.1159862039119652
1997-10-31,0.25,0.2816699533998541,1.1266798135994165
1997-11-03,-1.75,-1.9470268177861811,1.112586753020675
1997-11-04,-1.0,-1.0963687887846805,1.0963687887846805
1997-11-05,0.125,0.13664862203417455,1.0931889762733964
1997-11-06,1.375,1.490500406864535,1.08400029590148
1997-11-07,-0.25,-0.2728974217350343,1.0915896869401371
1997-11-10,-0.125,-0.1362898442957481,1.090318754365985
1997-11-11,0.0,0.0,1.0892848665311734
1997-11-12,0.375,0.4081413394510698,1.0883769052028527
1997-11-13,0.375,0.40885796436463057,1.0902879049723482
1997-11-14,0.2353989449769035,0.25712605318577597,1.0922990891526903
1997-11-17,0.375,0.4097193940003835,1.0925850506676893
1997-11-18,0.0,0.0,1.0944917829607181
1997-11-19,0.875,0.9536278114701,1.0898603559658286
1997-11-20,-0.625,-0.6828164927675815,1.0925063884281303
1997-11-21,0.75,0.8140326598026955,1.0853768797369272
1997-11-24,-1.125,-1.2177420169079372,1.0824373483626109
1997-11-25,0.125,0.13443621693900296,1.0754897355120236
1997-11-26,-0.25,-0.26889216195526217,1.0755686478210487
1997-11-27,0.0,0.0,1.0738057369249292
1997-11-28,0.0,0.0,1.0734978731179607
1997-12-01,0.25,0.2708190179184161,1.0832760716736645
1997-12-02,0.0,0.0,1.0872333055350396
1997-12-03,0.5,0.5431547383047113,1.0863094766094226
1997-12-04,0.0,0.0,1.0889363412311017
1997-12-05,-1.75,-1.918601257373958,1.0963435756422617
1997-12-08,-1.375,-1.481283247115045,1.07729690699276
1997-12-09,0.3555454851177173,-0.36678393472865317,-1.0316090347968137
1997-12-10,0.6875,-0.6955135458485072,-1.0116560666887378
1997-12-11,1.0,1.0636437029341874,1.0636437029341874
1997-12-12,0.9803005574152861,1.0429793647787706,1.0639383573633243
1997-12-15,-1.0,-1.0660139692501163,1.0660139692501163
1997-12-16,0.125,0.1328596503930656,1.0628772031445248
1997-12-17,-0.625,-0.6632416584674155,1.0611866535478647
1997-12-18,1.0,1.054920646152456,1.054920646152456
1997-12-19,1.375,1.4534294688685976,1.0570396137226163
1997-12-22,-0.14466183101997943,-0.15430217242849723,1.0666405322022114
1997-12-23,-0.1875,-0.20167757835497185,1.0756137512265165
1997-12-24,-0.5625,-0.6113119102382429,1.086776729312432
1997-12-25,0.0,0.0,1.083706622968882
1997-12-26,0.0,0.0,1.0941058765297584
1997-12-29,-0.75,-0.8179418393303373,1.0905891191071164
1997-12-30,-1.875,-2.009596484129098,1.071784791535519
1997-12-31,1.855485954544104,1.9335485471207594,1.0420712387423248
1998-01-01,0.0,0.0,1.0541060046505006
1998-01-02,2.375,2.433288073434209,1.0245423467091406
1998-01-05,3.8548533563501084,3.732233081249635,0.9681906771113664
1998-01-06,0.5625,0.5563766069240498,0.9891139678649773
1998-01-07,-1.6875,-1.6519672354842903,0.9789435469536535
1998-01-08,2.625,2.525247948503441,0.9619992184775013
1998-01-09,3.5625,3.2860720650337205,0.9224061936936759
1998-01-12,0.0,0.0,0.9484175407338428
1998-01-13,-1.125,-1.0634508999812944,0.9452896888722617
1998-01-14,-1.6875,-1.6764793021849311,0.9934692161095888
1998-01-15,-0.375,-0.36919875782545436,0.9845300208678783
1998-01-16,-2.4375,-2.3316211383634027,0.9565625183029345
1998-01-19,0.0,0.0,0.9477986848298026
1998-01-20,-0.9375,-0.8898340506060317,0.9491563206464338
1998-01-21,0.9177194002475819,0.8769019115374496,0.9555229096179937
1998-01-22,0.0,0.0,0.9697129950616535
1998-01-23,-3.75,-3.4495346811884042,0.9198759149835745
1998-01-26,1.7295656855139463,2.3476636246565015,1.3573717635123441
1998-01-27,-0.8125,-1.1159098131418894,1.3734274623284792
1998-01-28,0.0,0.0,1.3677258830910726
1998-01-29,1.5,2.0218728936581645,1.3479152624387762
1998-01-30,0.5,0.6789379486928512,1.3578758973857024
1998-02-02,-0.5625,-0.7752327221865092,1.3781915061093497
1998-02-03,0.125,0.17169508227939256,1.3735606582351405
1998-02-04,0.0,0.0,1.3740865173047057
1998-02-05,-0.6875,-0.9415285892571424,1.3694961298285708
1998-02-06,-0.0625,-0.0852539128968464,1.3640626063495425
1998-02-09,-0.4375,-0.5956731670613387,1.3615386675687742
1998-02-10,0.25,0.3393564347468166,1.3574257389872664
1998-02-11,0.75,1.0154548628203406,1.3539398170937875
1998-02-12,-0.1875,-0.25485542684319995,1.359228943163733
1998-02-13,0.41312889646156636,0.5622354837009452,1.3609202564053766
1998-02-16,0.0,0.0,1.3685033354631553
1998-02-17,0.5625,0.7683535977253573,1.3659619515117463
1998-02-18,-0.4581023284852636,-0.6265965160125201,1.3678090615352039
1998-02-19,-0.375,-0.511072723242833,1.3628605953142214
1998-02-20,-0.625,-0.8477117894877964,1.3563388631804743
1998-02-23,-1.25,-1.6724768262142422,1.3379814609713938
1998-02-24,-2.645763383989851,-3.3651996895286547,1.271920123277949
1998-02-25,0.625,0.7815409890335455,1.2504655824536728
1998-02-26,-0.375,-0.46999080358876383,1.2533088095700369
1998-02-27,0.2916674513953993,0.36451179711751475,1.2497513705201337
1998-03-02,0.0,0.0,1.251387474817612
1998-03-03,0.0,0.0,1.2510352617883616
1998-03-04,0.0,0.0,1.2506832469696805
1998-03-05,0.0,0.0,1.2503314301942987
1998-03-06,0.0,0.0,1.249979811295135
1998-03-09,0.0,0.0,1.2496283901052954
1998-03-10,0.0,0.0,1.249279994934147
1998-03-11,0.0,0.0,1.2863402489526514
1998-03-12,-0.02075333919489142,-0.026694159271721578,1.2862585158485016
1998-03-13,-0.1875,-0.24105713096009262,1.2856380317871607
1998-03-16,0.5,0.6412294531792727,1.2824589063585454
1998-03-17,-0.25,-0.322818021642707,1.291272086570828
1998-03-18,-0.25,-0.32371834301156616,1.2948733720462646
1998-03-19,-0.125,-0.16287795240203384,1.3030236192162707
1998-03-20,0.1875,0.25124010463488966,1.3399472247194115
1998-03-23,0.0625,0.08450678616496962,1.352108578639514
1998-03-24,0.0,0.0,1.3527481388941751
1998-03-25,-0.8125,-1.0958322170947128,1.3487165748858003
1998-03-26,-0.4375,-0.6023940720106055,1.3769007360242411
1998-03-27,-0.1875,-0.2580982362985256,1.3765239269254697
1998-03-30,-0.45832786803675707,-0.6292454408904733,1.3729155147947691
1998-03-31,0.0,0.0,1.3836951798518666
1998-04-01,0.0,0.0,1.3870106005577647
1998-04-02,0.0,0.0,1.5152846987457904
1998-04-03,-0.02095935814105901,-0.03183133217735094,1.518716936039846
1998-04-06,-0.5834973097041477,-0.9018346117070318,1.5455677287771756
1998-04-07,-0.5,-0.7686169646143021,1.5372339292286041
1998-04-08,-1.125,-1.7190582736110767,1.5280517987654014
1998-04-09,-0.02094757299568944,-0.031834550066412275,1.5197249854655304
1998-04-10,0.0,0.0,1.5191231824183988
1998-04-13,-0.9375,-1.4225534223631282,1.5173903171873366
1998-04-14,0.375,0.5654356670105994,1.5078284453615984
1998-04-15,0.3125,0.47170476935068995,1.509455261922208
1998-04-16,0.125,0.1889869762384661,1.5118958099077289
1998-04-17,0.0625,0.095553845504814,1.528861528077024
1998-04-20,-0.5,-0.7635908681784983,1.5271817363569966
1998-04-21,-0.5625,-0.8657430612658055,1.5390987755836543
1998-04-22,0.0,0.0,1.5463185196760134
1998-04-23,-0.14489380283338818,-0.2294443416460859,1.5835345415698798
1998-04-24,0.0,0.0,1.6159732924107642
1998-04-27,0.0,0.0,1.6163497390174453
1998-04-28,0.0,0.0,1.6574409716599394
1998-04-29,-0.020322444467668635,-0.0339588246296645,1.6710009804032306
1998-04-30,-1.625,-2.6553062202489555,1.6340345970762802
1998-05-01,-0.14551627816174667,-0.23924729073311443,1.6441273358241222
1998-05-04,0.0,0.0,1.6431786286677525
1998-05-05,0.0,0.0,1.642937973976734
1998-05-06,0.0,0.0,1.6424814663583125
1998-05-07,0.0,0.0,1.6439711112225532
1998-05-08,0.0,0.0,1.645464544924159
1998-05-11,0.0,0.0,1.6457771528355596
1998-05-12,0.0,0.0,1.6472757153357889
1998-05-13,0.0,0.0,1.64681863744977
1998-05-14,0.0,0.0,1.6570837278831796
1998-05-15,-0.008207917698679951,-0.013642757915438092,1.662146041940967
1998-05-18,0.0,0.0,1.6696231143723663
1998-05-19,0.0,0.0,1.6874754179343603
1998-05-20,0.0,0.0,1.6872363949695752
1998-05-21,-0.02078561860201894,-0.035079416474099734,1.6876772900418953
1998-05-22,0.25,0.4215241875270313,1.6860967501081252
1998-05-25,0.0,0.0,1.6880204814004989
1998-05-26,0.5625,0.9471634476854536,1.6838461292185842
1998-05-27,0.4375,0.7376040780634778,1.6859521784308065
1998-05-28,-0.125,-0.21163464906070106,1.6930771924856085
1998-05-29,0.125,0.21139856082699632,1.6911884866159705
1998-06-01,0.375,0.650926078326405,1.73580287553708
1998-06-02,-0.25,-0.44191985255787125,1.767679410231485
1998-06-03,-0.125,-0.22080922832916747,1.7664738266333397
1998-06-04,-0.3125,-0.5533568840912968,1.7707420290921498
1998-06-05,0.1875,0.3342615894821474,1.7827284772381196
1998-06-08,0.0,0.0,1.7999394600329626
1998-06-09,-0.0625,-0.11350826022027607,1.8161321635244172
1998-06-10,0.8125,1.4658831936980206,1.804163930705256
1998-06-11,1.0625,1.9121093647406533,1.7996323432853207
1998-06-12,0.2302213395940318,0.4203289548366461,1.8257601818226177
1998-06-15,0.625,1.1583641860963114,1.8533826977540981
1998-06-16,-1.8948704530261293,-3.4087487664999183,1.7989349937121604
1998-06-17,-3.3945849291020043,-5.4690403792189235,1.6111072468190362
1998-06-18,0.8553973288842645,1.3469007782471953,1.5745908161813205
1998-06-19,0.375,0.5925138613889918,1.5800369637039782
1998-06-22,0.125,0.19784645727392786,1.5827716581914228
1998-06-23,0.25,0.397494503316981,1.589978013267924
1998-06-24,-0.1875,-0.3072664720432001,1.638754517563734
1998-06-25,-0.0625,-0.10535603649925204,1.6856965839880327
1998-06-26,0.125,0.21055067835933633,1.6844054268746906
1998-06-29,-0.1875,-0.3322190360183671,1.7718348587646244
1998-06-30,0.375,0.7671945326438427,2.0458520870502475
1998-07-01,0.125,0.25702611810145093,2.0562089448116074
1998-07-02,0.23094599576520622,0.4896449957111923,2.1201709693594135
1998-07-03,0.0,0.0,2.295947623521585
1998-07-06,0.625,1.6798404416590305,2.6877447066544486
1998-07-07,-0.625,-1.6762150882535245,2.6819441412056393
1998-07-08,-0.25,-0.6792379793852157,2.7169519175408627
1998-07-09,0.875,2.4448786127314435,2.7941469859787924
1998-07-10,-0.125,-0.35153939062016176,2.812315124961294
1998-07-13,-1.375,-4.104355439580866,2.98498577424063
1998-07-14,-0.75,-2.2016802101994877,2.935573613599317
1998-07-15,0.23162124430073552,0.6855019256820218,2.9595813965664157
1998-07-16,-0.25,-0.7497175430975367,2.9988701723901467
1998-07-17,-0.0625,-0.1870995489575144,2.9935927833202305
1998-07-20,0.375,1.434786239274976,3.8260966380666024
1998-07-21,0.25,1.0180446155138567,4.072178462055427
1998-07-22,-0.125,-0.516695491255978,4.133563930047824
1998-07-23,0.25,1.0309829492498621,4.1239317969994485
1998-07-24,-0.1875,-0.812925271944763,4.33560145037207
1998-07-27,-0.125,-0.5441100792439136,4.352880633951309
1998-07-28,-0.1875,-0.8206119482573861,4.376597057372726
1998-07-29,-0.375,-1.6343452403860024,4.358253974362673
1998-07-30,0.1875,0.814548459950488,4.344258453069269
1998-07-31,0.0,0.0,4.395115973107673
1998-08-03,0.6875,2.9885114733757008,4.346925779455565
1998-08-04,0.3125,1.366295929745323,4.372146975185034
1998-08-05,0.10665006329514601,0.4675373959199178,4.3838454612637525
1998-08-06,-0.25,-1.1090184794984095,4.436073917993638
1998-08-07,1.5,6.318799877881202,4.212533251920801
1998-08-10,-0.1434399932341275,-0.6112495799100988,4.261360908686024
1998-08-11,1.3125,5.382104785320557,4.100651265006139
1998-08-12,-0.5625,-2.3230507036275387,4.129867917560069
1998-08-13,-1.125,-4.528435149584574,4.0252756885196215
1998-08-14,0.9227514853609166,3.6360514181449863,3.9404449365072702
1998-08-17,0.0,0.0,3.9919009782905586
1998-08-18,-0.1875,-0.7726862035804929,4.1209930857626285
1998-08-19,0.0,0.0,4.838959800139674
1998-08-20,1.5,6.932764948031817,4.621843298687878
1998-08-21,2.4375,9.97020385416066,4.090340042732579
1998-08-24,1.125,4.549821660950494,4.044285920844883
1998-08-25,1.8569374565119554,7.054560833647957,3.7990298536489986
1998-08-26,1.9819229392850224,7.070825365270764,3.5676590775126504
1998-08-27,5.3125,12.736874921235366,2.3975293969384217
1998-08-28,2.1875,5.102639513786713,2.332635206302497
1998-08-31,3.4375,7.157787207181688,2.0822653693619455
1998-09-01,-0.3125,-0.6614093983319241,2.1165100746621572
1998-09-02,-2.5,-4.973583725739858,1.9894334902959432
1998-09-03,2.8125,5.143388271961956,1.8287602744753622
1998-09-04,0.9375,1.7255809988916513,1.8406197321510946
1998-09-07,0.0,0.0,1.8494123515480037
1998-09-08,-1.25,-2.2852737154395,1.8282189723516
1998-09-09,7.1875,9.065547055077719,1.2612935033151609
1998-09-10,14.0625,8.466743310042727,0.602079524269705
1998-09-11,-6.2895997031882676,-3.6522226709749486,0.5806764886998447
1998-09-14,-0.5625,-0.316923564102885,0.56341966951624
1998-09-15,-0.9375,-0.5255317618418888,0.560567212631348
1998-09-16,1.3125,0.7292030103666804,0.5555832459936613
1998-09-17,3.1875,1.7410288742643734,0.5462051370241171
1998-09-18,3.75,2.0118148702139576,0.5364839653903887
1998-09-21,0.1875,0.102315716566793,0.5456838216895626
1998-09-22,-2.4375,-1.313471922909617,0.5388602760654839
1998-09-23,2.8125,1.4717105073196732,0.5232748470469949
1998-09-24,2.4375,1.2747045622210615,0.5229557178342816
1998-09-25,1.3125,0.691178114228,0.5266118965546667
1998-09-28,-0.375,-0.19853211566662737,0.5294189751110063
1998-09-29,0.5625,0.2972335097629846,0.5284151284675283
1998-09-30,5.8125,2.8664938255651347,0.4931602280542167
1998-10-01,5.25,2.5197436506233792,0.4799511715473104
1998-10-02,-0.1875,-0.0920203086063528,0.4907749792338816
1998-10-05,4.875,2.2842807125677447,0.46857040257799887
1998-10-06,-3.0,-1.4132105108766884,0.4710701702922294
1998-10-07,-4.6875,-2.0959822270303397,0.4471428750998058
1998-10-08,-10.3125,-3.8057454547603435,0.3690419834919121
1998-10-09,-9.02326946282338,-2.8378515163498625,0.31450368716594873
1998-10-12,-0.02321987791866993,-0.0070030189773121,0.3015958568706051
1998-10-13,0.8125,0.2448208321866031,0.30131794730658845
1998-10-14,2.3125,0.6946512122023206,0.3003897133847873
1998-10-15,0.0,0.0,0.30356938788809357
1998-10-16,2.3125,0.6969335960370703,0.3013766901781926
1998-10-19,-0.1875,-0.057097076389066505,0.304517740741688
1998-10-20,-0.9375,-0.2848357887045095,0.30382484128481013
1998-10-21,-0.5,-0.15116744618519273,0.30233489237038547
1998-10-22,-0.375,-0.11306265889319968,0.30150042371519914
1998-10-23,-1.125,-0.3391159467513871,0.3014363971123441
1998-10-26,0.25,0.07494171854880519,0.29976687419522074
1998-10-27,1.375,0.4115329649770752,0.29929670180150925
1998-10-28,0.5,0.1505170971314129,0.3010341942628258
1998-10-29,0.6875,0.2072565677609054,0.30146409856131695
1998-10-30,-1.6875,-0.50831442055773,0.3012233603305067
1998-11-02,-1.6875,-0.5023767185037005,0.29770472207626697
1998-11-03,0.0625,0.018455877349464585,0.29529403759143336
1998-11-04,-1.8125,-0.5329713000193251,0.2940531310451449
1998-11-05,-0.275803593734807,-0.08038456157438129,0.291455816386763
1998-11-06,0.0,0.0,0.2909989454270231
1998-11-09,0.0,0.0,0.2909209951356351
1998-11-10,0.0,0.0,0.29084306140422106
1998-11-11,0.0,0.0,0.2907651694163731
1998-11-12,0.0,0.0,0.29068731913856144
1998-11-13,-0.0381584448941211,-0.011089192386942767,0.2906091277491035
1998-11-16,0.0,0.0,0.2905023976987382
1998-11-17,0.0,0.0,0.2904246802010585
1998-11-18,0.0,0.0,0.29046523008019104
1998-11-19,0.0,0.0,0.29045911101003824
1998-11-20,0.0,0.0,0.2903873079686872
1998-11-23,0.0,0.0,0.29031554353979133
1998-11-24,0.0,0.0,0.29029052942242956
1998-11-25,0.0,0.0,0.2902363483282106
1998-11-26,0.0,0.0,0.2901646849863439
1998-11-27,0.0,0.0,0.29012370572739343
1998-11-30,0.0,0.0,0.2900594082709934
1998-12-01,-0.026313202898601652,-0.007630348828671414,0.28998175775389584
1998-12-02,1.3125,0.37961199865349776,0.289228189450284
1998-12-03,-0.125,-0.03639796780414636,0.29118374243317086
1998-12-04,-0.9375,-0.2728396580092501,0.2910289685432001
1998-12-07,-1.25,-0.3613868962273439,0.2891095169818751
1998-12-08,1.1875,0.34075709385810554,0.2869533421962994
1998-12-09,0.9375,0.2714056116189655,0.28949931906022985
1998-12-10,0.375,0.11063369386476934,0.2950231836393849
1998-12-11,-1.0,-0.29536050661043306,0.29536050661043306
1998-12-14,0.375,0.11021166986070184,0.2938977862952049
1998-12-15,-0.75,-0.22059636899099044,0.29412849198798724
1998-12-16,0.75,0.21961684493871186,0.2928224599182825
1998-12-17,0.0,0.0,0.29379387869133056
1998-12-18,-0.25,-0.07342333139412775,0.293693325576511
1998-12-21,-1.0,-0.2928943061039222,0.2928943061039222
1998-12-22,-1.0,-0.29107262256577976,0.29107262256577976
1998-12-23,-1.3125,-0.37934479769872176,0.2890246077704547
1998-12-24,-0.9022327731061273,-0.258804294777671,0.2868486963587927
1998-12-25,0.0,0.0,0.2855551928942178
1998-12-28,0.0,0.0,0.28547938703715253
1998-12-29,0.0,0.0,0.28554822751563347
1998-12-30,0.0,0.0,0.28561717803475856
1998-12-31,0.0,0.0,0.28556457781927813
1999-01-01,0.0,0.0,0.28577281136635135
1999-01-04,0.0,0.0,0.28570284777816884
1999-01-05,0.0,0.0,0.28633041565498224
1999-01-06,0.0,0.0,0.2864644023565048
1999-01-07,0.0,0.0,0.28640854219616874
1999-01-08,0.0,0.0,0.2863560184086538
1999-01-11,0.0,0.0,0.28628165892990765
1999-01-12,-0.02714539630778243,-0.007770589020902424,0.28625807974203865
1999-01-13,-0.9375,-0.26797572841547623,0.285840776976508
1999-01-14,-1.2148526664919708,-0.34494348450870765,0.2839385334723529
1999-01-15,0.0,0.0,0.2822226922872946
1999-01-18,0.0,0.0,0.2821609639326705
1999-01-19,0.0,0.0,0.2820921062218623
1999-01-20,0.0,0.0,0.2820304467065028
1999-01-21,0.0,0.0,0.28200749301951233
1999-01-22,0.0,0.0,0.28194589431738615
1999-01-25,0.0,0.0,0.28187144190985675
1999-01-26,-0.027454230310154645,-0.007741271222530976,0.2819700692780912
1999-01-27,0.25,0.07046774700043988,0.2818709880017595
1999-01-28,0.125,0.03526712137991805,0.2821369710393444
1999-01-29,0.1875,0.052920656686407386,0.28224350232750606
1999-02-01,-1.3125,-0.3709378694546851,0.2826193291083315
1999-02-02,-0.8125,-0.22791945033004152,0.2805162465600511
1999-02-03,-0.6526818700330309,-0.18262329241704792,0.2798044511452505
1999-02-04,0.0,0.0,0.27895287696425164
1999-02-05,-0.027894685122783452,-0.007792103661244429,0.279340083135769
1999-02-08,-0.3125,-0.08734483411947641,0.2795034691823245
1999-02-09,-0.5,-0.13945512339206942,0.27891024678413884
1999-02-10,0.1875,0.05215343967640364,0.2781516782741527
1999-02-11,0.125,0.03479120740617219,0.2783296592493775
1999-02-12,2.0,0.5555846114127371,0.27779230570636854
1999-02-15,-0.008058565396093141,-0.002277680670489583,0.2826409613296458
1999-02-16,-0.0625,-0.017689050063568083,0.2830248010170893
1999-02-17,-0.6533174152054396,-0.18553801541215498,0.2839936776426072
1999-02-18,1.5,0.4254663084810332,0.2836442056540221
1999-02-19,0.75,0.22238358097840621,0.2965114413045416
1999-02-22,-1.125,-0.336328860515796,0.298958987125152
1999-02-23,1.625,0.48924075123509414,0.3010712315292887
1999-02-24,2.375,0.7149585534314752,0.30103518039220006
1999-02-25,3.5,1.056610741704217,0.301888783344062
1999-02-26,-1.0,-0.309794713757409,0.309794713757409
1999-03-01,2.875,0.877241089473848,0.30512733546916454
1999-03-02,-1.0,-0.30875538991989393,0.30875538991989393
1999-03-03,1.0,0.30747691377045283,0.30747691377045283
1999-03-04,1.0,0.33196032155408683,0.33196032155408683
1999-03-05,-2.2790381614103215,-1.0622382451605945,0.46609059170086775
1999-03-08,-0.5915381063683958,-0.2967773258975658,0.5017044932566693
1999-03-09,-2.25,-1.1135327655315466,0.49490345134735403
1999-03-10,0.5,0.24511917786963477,0.49023835573926955
1999-03-11,0.0,0.0,0.49316452978615344
1999-03-12,-1.125,-0.5659233442105399,0.503042972631591
1999-03-15,-0.6541878678130468,-0.3377573435404035,0.5163002253000012
1999-03-16,-0.5625,-0.2892482440197144,0.5142191004794923
1999-03-17,0.375,0.19492602213112448,0.5198027256829986
1999-03-18,-0.3125,-0.16577777166244634,0.5304888693198283
1999-03-19,0.8125,0.43586427742332423,0.5364483414440914
1999-03-22,0.375,0.20268663951693033,0.5404977053784809
1999-03-23,0.0,0.0,0.5415098037307754
1999-03-24,-0.5,-0.27072866350094904,0.5414573270018981
1999-03-25,0.6875,0.4046200992079285,0.5885383261206233
1999-03-26,0.0,0.0,0.6377078340389664
1999-03-29,0.6875,0.4377518385870347,0.6367299470356869
1999-03-30,-0.9044088078202873,-0.6189130806260233,0.6843288955993957
1999-03-31,1.125,0.7853085280956922,0.6980520249739486
1999-04-01,0.625,0.4709713668688037,0.7535541869900859
1999-04-02,-2.625,-3.010786835545465,1.1469664135411295
1999-04-05,-0.2796180106963883,-0.5494105034975957,1.9648609262661212
1999-04-06,-0.9375,-1.8246364088103875,1.9462788360644132
1999-04-07,0.1875,0.36524362248633935,1.94796598659381
1999-04-08,-1.5924325776827022,-3.184721901862185,1.9999100410873107
1999-04-09,0.0,0.0,1.9841136276484843
1999-04-12,0.0,0.0,2.086824140132844
1999-04-13,0.0,0.0,2.0869951134911715
1999-04-14,0.0,0.0,2.1044577765434114
1999-04-15,0.0,0.0,2.109087597721426
1999-04-16,0.0,0.0,2.1114618045176714
1999-04-19,0.0,0.0,2.1375786092662885
1999-04-20,0.0,0.0,2.138357038575901
1999-04-21,0.0,0.0,2.1789448345783855
1999-04-22,0.0,0.0,2.183936718263944
1999-04-23,-0.03011819142342434,-0.06607726786777653,2.1939321302136725
1999-04-26,-0.3125,-0.70521362307439,2.256683593838048
1999-04-27,-0.3125,-0.7250042952472059,2.320013744791059
1999-04-28,0.375,0.8671746350272751,2.312465693406067
1999-04-29,-0.8125,-1.9369837345754801,2.3839799810159756
1999-04-30,2.1875,4.9335891514085635,2.2553550406439147
1999-05-03,0.0625,0.1424155609601076,2.2786489753617216
1999-05-04,0.6875,1.5588176450243845,2.2673711200354685
1999-05-05,-0.3125,-0.7099792558909946,2.271933618851183
1999-05-06,1.5,3.3230537112552234,2.2153691408368155
1999-05-07,0.4068296202068411,0.9059858616786665,2.22694173845563
1999-05-10,-0.75,-1.6634118723605815,2.2178824964807755
1999-05-11,1.375,2.9803027527336066,2.1674929110789867
1999-05-12,-0.625,-1.3578987471683226,2.1726379954693162
1999-05-13,-2.875,-5.751163409533507,2.0004046641855675
1999-05-14,5.75,8.690001354645313,1.5113045834165761
1999-05-17,0.8511041319237276,1.3148606389756288,1.5448880926047026
1999-05-18,0.875,1.3495535508993044,1.5423469153134908
1999-05-19,-1.5,-2.2863761704352337,1.524250780290156
1999-05-20,0.25,0.3781419648575745,1.512567859430298
1999-05-21,-1.375,-2.0549225181016477,1.4944891040739257
1999-05-24,-0.625,-0.9253465240848202,1.4805544385357123
1999-05-25,0.125,0.18445715763929207,1.4756572611143366
1999-05-26,1.375,2.0040245091348288,1.4574723702798755
1999-05-27,2.25,3.2275949160904696,1.434486629373542
1999-05-28,0.0,0.0,1.4494049701549159
1999-05-31,0.0,0.0,1.4574191794859095
1999-06-01,3.875,5.186487519785948,1.3384483922028254
1999-06-02,-0.030603470162436194,-0.04204586630334863,1.3738921135472162
1999-06-03,-0.9375,-1.287512146957164,1.3733462900876416
1999-06-04,0.0,0.0,1.3682949662604882
1999-06-07,-0.1875,-0.25800960649617255,1.3760512346462535
1999-06-08,0.75,1.0282213556949056,1.3709618075932075
1999-06-09,0.9375,1.2868694436431238,1.3726607398859987
1999-06-10,2.0625,2.779752069999652,1.3477585793937708
1999-06-11,3.75,4.704528703319773,1.2545409875519395
1999-06-14,-1.875,-2.3467047527234954,1.2515758681191975
1999-06-15,-0.75,-0.9328502507488816,1.2438003343318422
1999-06-16,-1.125,-1.3922190343981375,1.2375280305761223
1999-06-17,-6.0,-6.228843813619756,1.0381406356032927
1999-06-18,2.034705463274732,2.023890363786889,0.9946846854824692
1999-06-21,1.5,1.4906072984776908,0.9937381989851272
1999-06-22,1.0,0.9958845065290457,0.9958845065290457
1999-06-23,1.625,1.6064511753076012,0.9885853386508314
1999-06-24,1.125,1.113889292225791,0.9901238153118141
1999-06-25,-0.6515395334242919,-0.6470096197082256,0.9930473693710364
1999-06-28,-2.53125,-2.4376795709872825,0.9630339045875684
1999-06-29,-1.40625,-1.3273982726906508,0.9439276605800184
1999-06-30,-5.4645137703825375,-4.552850905672868,0.8331667000912599
1999-07-01,1.2229636176914072,0.9876873092187568,0.8076179004271752
1999-07-02,-0.125,-0.10149974480156179,0.8119979584124943
1999-07-05,0.0,0.0,0.8113163432627292
1999-07-06,0.5,0.4051783502103587,0.8103567004207174
1999-07-07,0.375,0.30435732567150703,0.8116195351240187
1999-07-08,-0.90625,-0.7367836626649118,0.8130026622509372
1999-07-09,0.125,0.10172167825150144,0.8137734260120115
1999-07-12,-1.40625,-1.1363697625928928,0.8080851645105016
1999-07-13,-0.3125,-0.25071450945545387,0.8022864302574524
1999-07-14,0.3177112667325249,0.25436117420338383,0.8006048284637185
1999-07-15,0.0,0.0,0.8015964748142067
1999-07-16,0.0,0.0,0.8013915115653271
1999-07-19,0.0,0.0,0.8011866531053176
1999-07-20,0.0,0.0,0.8009818993538376
1999-07-21,0.0,0.0,0.8007794813035758
1999-07-22,0.0,0.0,0.8007599336547991
1999-07-23,-0.025838863414375045,-0.020686586821707126,0.8005997202724664
1999-07-26,0.21875,0.17505700727060397,0.8002606046656182
1999-07-27,-0.46875,-0.3775096026332154,0.8053538189508596
1999-07-28,0.03125,0.025167209123729026,0.8053506919593288
1999-07-29,0.90625,0.7286965343746422,0.8040789344823638
1999-07-30,0.4115930469883778,0.33206977323807485,0.8067915035684544
1999-08-02,0.1875,0.15150698016001807,0.8080372275200964
1999-08-03,0.625,0.5047870625884009,0.8076593001414415
1999-08-04,-0.1875,-0.15196070603612927,0.810457098859356
1999-08-05,-1.5,-1.2043975223305112,0.8029316815536741
1999-08-06,3.875,2.9269318698167393,0.7553372567269004
1999-08-09,2.4375,1.8615141406176232,0.7636981089713326
1999-08-10,0.4375,0.33756182348061264,0.7715698822414003
1999-08-11,-1.088458480244398,-0.8378510586960303,0.7697593191684287
1999-08-12,-0.09375,-0.07189313525657996,0.7668601094035196
1999-08-13,-4.3125,-3.1279454956421966,0.7253206946416688
1999-08-16,-0.4292128604525802,-0.30547701226856644,0.7117144904429437
1999-08-17,-2.4375,-1.7047601253540587,0.6993887693760241
1999-08-18,-0.15090085675573003,-0.10519825403951423,0.6971349023538239
1999-08-19,0.34375,0.2437920006725438,0.709213092865582
1999-08-20,-0.21875,-0.16190365534245554,0.7401309958512253
1999-08-23,0.09375,0.06953612831661474,0.7417187020438906
1999-08-24,-0.90625,-0.6901235195061476,0.7615156077309215
1999-08-25,-1.375,-1.0390394129268277,0.7556650275831474
1999-08-26,0.34898071169055306,0.26274306147022614,0.7528870584205947
1999-08-27,0.0,0.0,0.7566443570211216
1999-08-30,0.0,0.0,0.7707513714115215
1999-08-31,-0.0261508876595929,-0.020176364201520927,0.7715364948279166
1999-09-01,-0.03125,0.024089579211986345,-0.770866534783563
1999-09-02,0.4375,0.34383460148113776,0.7859076605283148
1999-09-03,-1.53125,1.1407368505251614,-0.7449710044245952
1999-09-06,0.0,0.0,0.7841386676476547
1999-09-07,0.65625,0.5144554484363152,0.7839321119029565
1999-09-08,-0.34375,0.29421655072652186,-0.855902693022609
1999-09-09,0.5625,-0.4844123018080672,-0.861177425436564
1999-09-10,-1.09375,0.9179982015483517,-0.8393126414156358
1999-09-13,0.25,-0.22447574015928956,-0.8979029606371582
1999-09-14,0.65625,-0.5728640673057102,-0.8729357216087011
1999-09-15,-0.5,-0.39158957592418747,0.7831791518483749
1999-09-16,-0.4375,-0.34181469813538135,0.7812907385951574
1999-09-17,-0.5,-0.3900533498454356,0.7801066996908712
1999-09-20,0.59375,0.46136699138070186,0.7770391433780242
1999-09-21,0.28125,0.2194251836050375,0.7801784305956888
1999-09-22,-0.1875,-0.14686660853908157,0.7832885788751016
1999-09-23,-1.125,-0.880190376065007,0.7823914453911174
1999-09-24,-1.2446754470289723,-0.9642254991650651,0.7746802601968743
1999-09-27,0.0,0.0,0.7899173237184768
1999-09-28,0.0,0.0,0.7899510916233955
1999-09-29,0.0,0.0,0.7923845395453936
1999-09-30,-0.02621885592009329,0.023190381616138827,-0.8844925074845262
1999-10-01,1.375,1.0920629982979346,0.7942276351257707
1999-10-04,-0.71875,0.618751484073556,-0.8608716300153821
1999-10-05,1.3125,-1.16596136682021,-0.8883515175773029
1999-10-06,0.125,-0.10898084121774397,-0.8718467297419518
1999-10-07,0.0625,-0.05292833573384095,-0.8468533717414553
1999-10-08,-0.15625,0.13148980226703547,-0.8415347345090269
1999-10-11,0.0,-0.0,-0.8423105164554588
1999-10-12,0.4375,0.3463689597862271,0.7917004795113762
1999-10-13,0.78125,-0.6542447662901429,-0.837433300851383
1999-10-14,0.5363512414038497,-0.4367543183282922,-0.8143065301482816
1999-10-15,-2.3125,1.8140312534184844,-0.7844459474242095
1999-10-18,0.8125,-0.6845586961581172,-0.8425337798869134
1999-10-19,1.0,0.7705554910952533,0.7705554910952533
1999-10-20,0.375,-0.3061348756877193,-0.8163596685005848
1999-10-21,0.25,-0.20004894862562303,-0.8001957945024921
1999-10-22,0.3125,-0.24625682526573223,-0.7880218408503431
1999-10-25,0.25,-0.19275453390175254,-0.7710181356070102
1999-10-26,0.25,-0.1665006561597921,-0.6660026246391684
1999-10-27,-1.6875,1.1003227422746442,-0.6520431065331225
1999-10-28,-2.0625,1.4288755121928343,-0.6927881271237984
1999-10-29,-3.1512770594035646,2.3613752257269676,-0.7493391349645087
1999-11-01,0.504991996653224,-0.4250788994193945,-0.8417537351810636
1999-11-02,0.0,-0.0,-0.8293358262803898
1999-11-03,0.0,-0.0,-0.8338406908503954
1999-11-04,0.0,0.0,0.7559667076744442
1999-11-05,0.0,-0.0,-0.8611804524507318
1999-11-08,-0.02559077012206713,0.023915691105100813,-0.9345436261208144
1999-11-09,-0.15625,0.12238096625184859,-0.783238184011831
1999-11-10,-0.34375,0.2701077716705874,-0.7857680630417089
1999-11-11,0.0,-0.0,-0.8027880561632034
1999-11-12,0.875,0.7854876530572206,0.8977001749225378
1999-11-15,-0.10889924413388576,-0.09893171167094483,0.9084701409801671
1999-11-16,-0.375,-0.34077963482834833,0.9087456928755956
1999-11-17,-0.9375,0.7667669291392345,-0.8178847244151835
1999-11-18,-0.21289751178697996,0.1887895845695821,-0.8867627572767517
1999-11-19,0.0,-0.0,-0.9035840556512079
1999-11-22,0.0,-0.0,-0.8773767228230968
1999-11-23,-0.025303100966242952,0.022296906397759123,-0.8811926422577843
1999-11-24,-0.125,0.11584066446493699,-0.9267253157194959
1999-11-25,0.0,-0.0,-0.9136025748087684
1999-11-26,0.28125,0.28129992789866937,1.000177521417491
1999-11-29,1.09375,-1.0293907655911334,-0.9411572713976076
1999-11-30,-0.5,0.48025613021569125,-0.9605122604313825
1999-12-01,0.34375,-0.3396624623974556,-0.9881089815198709
1999-12-02,0.390625,0.3908946115602573,1.0006902055942586
1999-12-03,-0.9629261452500615,0.9669419718608436,-1.0041704409321437
1999-12-06,-0.6191402198121572,0.718699793132773,-1.1608029492104737
1999-12-07,-0.640625,0.7437179159400515,-1.1609255273210561
1999-12-08,0.28125,-0.33916909225770736,-1.2059345502496261
1999-12-09,0.0,0.0,1.1172414449832602
1999-12-10,-1.234375,-1.6851805615220112,1.3652095688279584
1999-12-13,0.25596104181177404,-0.3646630313761911,-1.4246817749880594
1999-12-14,0.0,-0.0,-1.4141690598389298
1999-12-15,0.0,-0.0,-1.591680752429157
1999-12-16,-0.025254663440893967,0.04102846507620516,-1.6245896593406683
1999-12-17,0.0625,-0.10423696169723166,-1.6677913871557066
1999-12-20,0.7559353173289624,-1.2411619434785877,-1.6418890810183802
1999-12-21,0.65625,-1.1242243057517685,-1.7131037040026948
1999-12-22,0.1875,-0.31226509644143113,-1.6654138476876328
1999-12-23,0.46875,-0.9830988136002474,-2.097277469013861
1999-12-24,-0.02520639192241887,0.04814564519314669,-1.9100569943263228
1999-12-27,-0.5625,-1.1250379832133919,2.0000675257126965
1999-12-28,1.21875,-2.341298440912718,-1.9210653874155637
1999-12-29,-0.9375,1.6981847461464767,-1.8113970625562419
1999-12-30,-0.65625,1.2065759693643139,-1.8385919533170496
1999-12-31,2.4375,-4.358044021998052,-1.7879154962043289
2000-01-03,4.6875,-6.512162066357849,-1.3892612408230078
2000-01-04,-2.859375,3.5662807018005798,-1.2472238519958312
2000-01-05,4.078125,-5.03362082025241,-1.2342978256557633
2000-01-06,-1.96875,2.14410732884927,-1.0890703892567721
2000-01-07,-2.25,2.6092816521740962,-1.1596807342995983
2000-01-10,1.4279730883150747,-1.8160022594139844,-1.2717342324404457
2000-01-11,0.0,-0.0,-1.1971798225881236
2000-01-12,3.8125,4.3876089966572875,1.1508482614183049
2000-01-13,-2.5567145400926283,2.811067901962899,-1.0994844586212802
2000-01-14,2.4119847716531146,-2.9481102221592614,-1.222275636565773
2000-01-17,0.0,-0.0,-1.0576375489608454
2000-01-18,1.9375,2.0859649586679234,1.0766270754415088
2000-01-19,-0.8693052622808053,0.912054894912987,-1.0491767788452344
2000-01-20,1.6875,-1.7987612319895288,-1.0659325819197207
2000-01-21,0.46875,-0.4725289709665597,-1.0080618047286607
2000-01-24,-3.46875,-3.508208741247476,1.0113754929722454
2000-01-25,0.444261592777833,-0.4155397363657733,-0.9353492246933375
2000-01-26,-0.53125,0.4871219085743992,-0.9169353573165161
2000-01-27,0.125,-0.11681148458961944,-0.9344918767169555
2000-01-28,-1.21875,1.1343455583553181,-0.9307450735223124
2000-01-31,0.4375,-0.4520262972940939,-1.0332029652436432
2000-02-01,-1.25,1.1345979481468653,-0.9076783585174922
2000-02-02,-0.53125,0.48573835186126973,-0.9143310152682724
2000-02-03,-2.5625,2.324256678404247,-0.9070269964504378
2000-02-04,1.537945690014171,-1.5690538474427325,-1.0202270845001522
2000-02-07,1.390625,-1.4876506158243157,-1.0697712293568113
2000-02-08,-0.671875,0.6755935736033,-1.0055346211770047
2000-02-09,1.046875,-1.1222315309825808,-1.07198235795351
2000-02-10,0.765625,-0.7748604478239397,-1.0120626257292273
2000-02-11,-0.4308465894895085,0.4304433473352832,-0.9990640702188148
2000-02-14,-2.375,2.3412856616618773,-0.9858044891207904
2000-02-15,0.7317226805750213,-0.8178549929553535,-1.1177116886859997
2000-02-16,0.0625,-0.06847197923509718,-1.0955516677615549
2000-02-17,0.4375,-0.469762252705741,-1.0737422918988366
2000-02-18,-1.046875,1.048468796630427,-1.0015224326021988
2000-02-21,0.0,-0.0,-1.0764107864667187
2000-02-22,-2.0625,-2.3090683099192906,1.1195482714760197
2000-02-23,1.084067246835052,-1.0706974446263018,-0.9876669992126562
2000-02-24,0.0,-0.0,-0.9864452782144313
2000-02-25,0.0,-0.0,-1.0371134369367212
2000-02-28,0.0,-0.0,-1.0423913854385967
2000-02-29,0.0,-0.0,-1.014417525824855
2000-03-01,0.0,-0.0,-0.9967847443524505
2000-03-02,0.0,-0.0,-0.9799842277882201
2000-03-03,0.0,-0.0,-0.9780310667701239
2000-03-06,0.0,-0.0,-0.979747669380152
2000-03-07,0.0,-0.0,-0.9506874193881569
2000-03-08,0.0,-0.0,-0.9520357070281008
2000-03-09,0.0,-0.0,-0.9384404612065724
2000-03-10,0.0,-0.0,-0.9389045795397784
2000-03-13,0.0,-0.0,-0.9423028394545911
2000-03-14,0.0,-0.0,-0.9398324432127034
2000-03-15,0.0,-0.0,-0.9648510684539501
2000-03-16,0.0,-0.0,-0.9653777373850514
2000-03-17,-0.024527922274720004,-0.028131807439662017,1.146929899914776
2000-03-20,-0.015625,0.015084898737966356,-0.9654335192298468
2000-03-21,0.390625,-0.3582036273195506,-0.9170012859380495
2000-03-22,0.125,-0.11040155793598354,-0.8832124634878683
2000-03-23,0.24134651812511912,-0.20703161419234448,-0.8578189393435331
2000-03-24,-2.625,2.0557094946028704,-0.7831274265153791
2000-03-27,0.3818106244755538,-0.3561039729154068,-0.932671722806412
2000-03-28,0.203125,-0.17700705990650778,-0.8714193718474229
2000-03-29,0.34375,-0.29490116604631694,-0.8578943012256494
2000-03-30,1.453125,-1.1602867221715907,-0.7984768840750732
2000-03-31,0.546875,-0.480775273218106,-0.879131928170251
2000-04-03,0.35059552810405537,-0.3071353548547145,-0.8760389971761361
2000-04-04,3.0,-2.4962540936102715,-0.8320846978700905
2000-04-05,-1.0,-1.065874762053759,1.065874762053759
2000-04-06,-0.875,0.7209097283111976,-0.8238968323556544
2000-04-07,0.0,-0.0,-0.8490121522451459
2000-04-10,2.625,2.764422118444193,1.05311318797874
2000-04-11,-2.649996547951518,2.1373705643783047,-0.8065559806221333
2000-04-12,-4.009589419822227,3.572623816582383,-0.8910198632609078
2000-04-13,1.53727980056315,-1.634847547114043,-1.0634677867458813
2000-04-14,0.5,-0.5111974369319884,-1.0223948738639768
2000-04-17,-1.375,1.3765401843995204,-1.0011201341087421
2000-04-18,-0.140625,0.15407345957761162,-1.0956334903296827
2000-04-19,1.078125,-1.178737798953266,-1.0933220164204205
2000-04-20,-0.15625,0.17063124588013276,-1.0920399736328497
2000-04-21,0.0,-0.0,-1.0984188547798157
2000-04-24,0.0,0.0,1.0168840988231442
2000-04-25,-1.40625,1.5210585590651349,-1.0816416420018737
2000-04-26,0.02212269732820264,-0.025869375484978346,-1.1693590117512178
2000-04-27,0.0,-0.0,-1.1612192681619355
2000-04-28,0.0,-0.0,-1.198753861358022
2000-05-01,0.0,0.0,1.0087405910869096
2000-05-02,0.0,-0.0,-1.1677116941747057
2000-05-03,-0.024819866663794148,0.02903341317354625,-1.169765074358703
2000-05-04,0.78125,-0.9255842103704883,-1.184747789274225
2000-05-05,0.578125,-0.6696290399941162,-1.1582772583682008
2000-05-08,0.5535578049719988,-0.6220219002641858,-1.1236801191804173
2000-05-09,-1.0,1.0834702842244452,-1.0834702842244452
2000-05-10,-2.0,2.2151376665253086,-1.1075688332626543
2000-05-11,-0.625,0.7538031767167862,-1.2060850827468579
2000-05-12,2.444149286414297,-2.8333022717766587,-1.1592181735892535
2000-05-15,-0.5625,0.6196010338553493,-1.1015129490761764
2000-05-16,-0.4660308165479914,0.5251875491029598,-1.1269373836544918
2000-05-17,0.671875,-0.7661678930738332,-1.140342910621519
2000-05-18,1.046875,-1.1712332171148676,-1.11878993873659
2000-05-19,-0.78125,0.8615246055536848,-1.1027514951087165
2000-05-22,-1.15625,1.2975405780960134,-1.1221972567316874
2000-05-23,0.21875,-0.2594931509871407,-1.1862544045126433
2000-05-24,0.0,-0.0,-1.1288593951516335
2000-05-25,-1.0,-0.9451497218131438,0.9451497218131438
2000-05-26,-0.9311895970226571,1.0616840273328452,-1.1401373369369943
2000-05-29,0.0,-0.0,-1.1919349844658067
2000-05-30,0.0,0.0,0.9434683312564788
2000-05-31,0.0,-0.0,-1.1697157901880355
2000-06-01,0.0,-0.0,-1.1720417469669433
2000-06-02,-0.02492765788009035,0.02979413367404508,-1.1952239483293603
2000-06-05,0.453125,-0.5395797667089244,-1.19079672653004
2000-06-06,-0.21875,0.2530738519239708,-1.1569090373667237
2000-06-07,0.09375,-0.1085978694311841,-1.1583772739326303
2000-06-08,0.171875,-0.17697924684608043,-1.029697436195377
2000-06-09,-0.1875,-0.17815252219973374,0.9501467850652466
2000-06-12,0.5,-0.48468873918799754,-0.9693774783759951
2000-06-13,-0.421875,0.4060345881474693,-0.9624523570902975
2000-06-14,1.0,-0.9493998145332595,-0.9493998145332595
2000-06-15,-0.078125,0.07392385918564526,-0.9462253975762592
2000-06-16,0.7726651488888189,-0.7303288054360364,-0.9452073857431424
2000-06-19,-0.65625,0.6176565565452168,-0.9411909433069969
2000-06-20,-0.5,0.47417198279659195,-0.9483439655931839
2000-06-21,-2.1875,2.0437920266543292,-0.9343049264705505
2000-06-22,-0.3367446352573815,0.350163852015276,-1.03984983085963
2000-06-23,-0.734375,0.7674653252301203,-1.0450591662708022
2000-06-26,1.1875,-1.3165429391015424,-1.1086677381907726
2000-06-27,0.0,-0.0,-1.2137821580314954
2000-06-28,-0.203125,0.23326467119782926,-1.1483799197431594
2000-06-29,1.0,-1.2165581926431548,-1.2165581926431548
2000-06-30,0.203125,-0.23946790514699615,-1.1789189176467503
2000-07-03,0.71875,-0.8529062889575761,-1.1866522281148886
2000-07-04,-0.024439364794892945,0.028797313720083654,-1.1783167836711281
2000-07-05,0.40625,0.518052365635096,1.2752058231017749
2000-07-06,-1.5625,2.003620131769202,-1.2823168843322892
2000-07-07,1.25,-1.7600230499583402,-1.4080184399666722
2000-07-10,-0.625,0.8531067737865389,-1.3649708380584622
2000-07-11,-0.5,0.6837552080961486,-1.3675104161922973
2000-07-12,-0.8125,1.1345969358050827,-1.3964269979139479
2000-07-13,2.007151359196352,-2.77645411224945,-1.383280886878965
2000-07-14,-1.4375,1.9514715577909074,-1.3575454315067181
2000-07-17,-0.671875,1.0112049538558263,-1.5050492336458812
2000-07-18,0.0381394909625127,-0.06477530007901297,-1.6983787262048307
2000-07-19,0.0,-0.0,-1.6376420182031695
2000-07-20,0.0,-0.0,-1.637432221472737
2000-07-21,-0.02476843697418567,0.0448037826207092,-1.808906337828459
2000-07-24,-0.609375,1.111515639413956,-1.8240256646793125
2000-07-25,0.203125,-0.37709419705882796,-1.8564637393665375
2000-07-26,0.015625,-0.029124157967152498,-1.8639461098977599
2000-07-27,0.484375,-0.8921262616182979,-1.841809056244228
2000-07-28,-0.3125,0.5991201085969503,-1.917184347510241
2000-07-31,0.046875,-0.08911504266586724,-1.9011209102051678
2000-08-01,0.609375,-1.1531415755788095,-1.8923348932575335
2000-08-02,0.34375,-0.614899405315549,-1.7887982700088698
2000-08-03,0.256477877006382,-0.4532829715530011,-1.7673375062353698
2000-08-04,1.21875,-2.0528806341434978,-1.6844148792972289
2000-08-07,-1.3125,2.0861031616175127,-1.5894119326609621
2000-08-08,1.15625,-2.0075954547972352,-1.736298771716528
2000-08-09,0.25,-0.4073854767717753,-1.6295419070871011
2000-08-10,0.59375,-0.9512949133640414,-1.6021809067183854
2000-08-11,-1.5625,2.411994401409699,-1.5436764169022072
2000-08-14,0.5625,1.0327987747471639,1.8360867106616245
2000-08-15,-0.7045697597089942,1.1268389484662695,-1.5993291408528285
2000-08-16,0.0,-0.0,-1.6724076298448434
2000-08-17,-0.21875,-0.4204748983788963,1.9221709640178117
2000-08-18,0.90625,-1.4858581956365158,-1.639567664150638
2000-08-21,-0.28125,0.42915466875140357,-1.525883266671657
2000-08-22,0.25,-0.38469441437185603,-1.5387776574874241
2000-08-23,1.5625,-2.2483655523530803,-1.4389539535059714
2000-08-24,0.0625,-0.08854257194024903,-1.4166811510439845
2000-08-25,0.0,-0.0,-1.406383371270103
2000-08-28,-1.28125,1.7720625288748262,-1.383073193268157
2000-08-29,-0.875,1.3068150532614866,-1.4935029180131276
2000-08-30,0.09375,-0.14573372842828583,-1.5544931032350489
2000-08-31,2.21875,-3.2856609928839626,-1.4808612925674198
2000-09-01,1.46875,-2.199380479187046,-1.4974505390209676
2000-09-04,0.0,-0.0,-1.4696578294292137
2000-09-05,0.09375,0.1611181299394719,1.7185933860210334
2000-09-06,-1.0625,1.5820024354538336,-1.4889434686624317
2000-09-07,-0.75,1.1338076596566902,-1.5117435462089204
2000-09-08,0.59375,-0.920832889582968,-1.5508764456134199
2000-09-11,-0.875,1.3140878920476486,-1.5018147337687413
2000-09-12,0.0,-0.0,-1.537624514060169
2000-09-13,1.3125,-1.9900299564757682,-1.516213300172014
2000-09-14,-1.1875,1.7403149380981555,-1.4655283689247625
2000-09-15,-0.90625,1.4024596815702575,-1.5475417175947668
2000-09-18,-0.49222894942862977,-0.847461649685439,1.7216818528637066
2000-09-19,0.1875,-0.29586736476609043,-1.5779592787524823
2000-09-20,-0.453125,0.7090744738075617,-1.5648540111615155
2000-09-21,0.3125,-0.5019820700236077,-1.6063426240755447
2000-09-22,0.4375,-0.7059597249934474,-1.6136222285564512
2000-09-25,0.125,-0.17811089028940247,-1.4248871223152197
2000-09-26,0.5,-0.6954574128011775,-1.390914825602355
2000-09-27,-0.14760258216991645,0.2199455077496882,-1.4901196477477092
2000-09-28,0.0,-0.0,-1.2933123037371095
2000-09-29,0.375,-0.4786650523171325,-1.2764401395123535
2000-10-02,-0.125,0.1558126772737473,-1.2465014181899785
2000-10-03,-1.21875,1.5674542651030334,-1.2861163200845402
2000-10-04,-0.46875,0.6853732163286305,-1.4621295281677449
2000-10-05,0.9375,-1.514275989952901,-1.6152277226164278
2000-10-06,0.90625,-1.375603389916791,-1.5179071888737004
2000-10-09,0.0,-0.0,-1.4845283455913576
2000-10-10,0.625,1.6590512135411553,2.6544819416658485
2000-10-11,0.65625,-0.9432352734865163,-1.4373108929318343
2000-10-12,1.5402256311219926,-2.1712832103208615,-1.4097176195796512
2000-10-13,0.0,-0.0,-1.4108739063118543
2000-10-16,-0.65625,0.9190080340650238,-1.4003931947657506
2000-10-17,2.671875,-3.4676390459554187,-1.2978298183692796
2000-10-18,0.0,0.0,2.4476246701083175
2000-10-19,0.3064710001690589,-0.37669078903326575,-1.2291237631797833
2000-10-20,1.75,-2.0535228094793503,-1.1734416054167716
2000-10-23,2.5,-2.4661801474338,-0.9864720589735199
2000-10-24,-1.875,1.7291876810434885,-0.9222334298898606
2000-10-25,-2.5625,2.5081172054824186,-0.9787774460419195
2000-10-26,-0.25,0.28796348458598814,-1.1518539383439526
2000-10-27,-2.021486761597855,2.2107481511904203,-1.0936248474083334
2000-10-30,-0.515625,0.6177423088148357,-1.1980456898227116
2000-10-31,-1.4272092443497952,1.70028864028272,-1.1913380234986732
2000-11-01,0.625,-0.7995005474331328,-1.2792008758930125
2000-11-02,0.4375,0.8671924925835357,1.9821542687623674
2000-11-03,-2.4375,2.9116322548375506,-1.194515796856431
2000-11-06,-0.9268883810257527,1.423763537988819,-1.5360679528782022
2000-11-07,0.046875,-0.07198333424335655,-1.5356444638582731
2000-11-08,0.16687528688683867,-0.2535435472664372,-1.5193594689570176
2000-11-09,0.0,-0.0,-1.5103692373807474
2000-11-10,-0.020669334328593213,0.03233879150258326,-1.5645782775813413
2000-11-13,0.390625,-0.5920063068689048,-1.5155361455843963
2000-11-14,0.14712069853851,-0.2208902517423518,-1.5014219884534603
2000-11-15,0.479332695626672,-0.6831131404635027,-1.4251336215870092
2000-11-16,0.78125,-1.11256228346169,-1.4240797228309632
2000-11-17,-0.5831226012627703,0.8085615950177224,-1.386606509963354
2000-11-20,0.984375,-1.3699571492780793,-1.3917025008539219
2000-11-21,0.1875,-0.247388239430211,-1.319403943627792
2000-11-22,2.15625,-2.6445179452815255,-1.2264431050580988
2000-11-23,0.0,-0.0,-1.1747727144698827
2000-11-24,-1.03125,-2.0008775871958004,1.940244933038352
2000-11-27,-0.140625,0.15653176538473615,-1.1131147760692348
2000-11-28,2.34375,-2.462454926770587,-1.0506474354221171
2000-11-29,1.3125,-1.3186570980554775,-1.0046911223279829
2000-11-30,3.8229545837712067,-3.3010414720922,-0.8634791232167456
2000-12-01,-3.5,-5.176940297281197,1.4791257992231992
2000-12-04,0.0,-0.0,-0.8306240889491255
2000-12-05,4.5625,-3.303933932037654,-0.7241499029123625
2000-12-06,4.9375,-2.6921665608788317,-0.545248923722295
2000-12-07,0.25,-0.11030614875171726,-0.44122459500686906
2000-12-08,-2.6875,-2.879842659728134,1.0715693617593056
2000-12-11,-0.875,0.35651288989807567,-0.40744330274065793
2000-12-12,1.125,-0.4662997250053396,-0.41448864444919076
2000-12-13,3.8125,-1.348206628898735,-0.3536279682357338
2000-12-14,3.1875,-0.8477039253785967,-0.26594632953054015
2000-12-15,1.875,1.7606644980611865,0.9390210656326328
2000-12-18,1.3125,1.236688938756913,0.9422391914338386
2000-12-19,-1.8125,-1.7036328711729847,0.9399353771988881
2000-12-20,4.0625,-0.5139567417768547,-0.12651242874507193
2000-12-21,2.25,-0.10490099080407808,-0.04662266257959026
2000-12-22,1.4375,1.213248469139724,0.8439989350537211
2000-12-25,0.0,0.0,0.8497984082026104
2000-12-26,-0.8125,-0.6898827602479696,0.8490864741513472
2000-12-27,-4.25,-3.346135638497123,0.7873260325875584
2000-12-28,-1.4375,-0.008343352390531158,0.005804071228195588
2000-12-29,1.25,-0.02877824606089864,-0.023022596848718914
2001-01-01,0.0,0.0,0.015189200034476588
2001-01-02,10.625,5.741591559943149,0.5403850879946493
2001-01-03,-11.375,-4.807656283583684,0.4226511018535107
2001-01-04,6.206864658675874,-0.13222386892410437,-0.02130284389869587
2001-01-05,2.25,0.11955193571510184,0.053134193651156375
2001-01-08,1.0625,0.39291187753159273,0.3697994141473814
2001-01-09,-1.625,-0.6015140026614029,0.3701624631762479
2001-01-10,-2.5625,-0.9294586237771187,0.3627155604983878
2001-01-11,-0.875,-0.3128089261648755,0.35749591561700056
2001-01-12,-3.0,-1.050322413356422,0.3501074711188073
2001-01-15,-0.022017554405725327,-0.007589344819470581,0.34469517729439964
2001-01-16,0.3125,0.10773083216523113,0.3447386629287396
2001-01-17,1.0,0.3446169292945935,0.3446169292945935
2001-01-18,1.015625,0.35106761620639076,0.3456665759570617
2001-01-19,-1.015625,-0.3523036788328704,0.3468836222354416
2001-01-22,-0.703125,-0.24241044014775137,0.34476151487680196
2001-01-23,-0.78125,-0.2680196420301788,0.3430651417986289
2001-01-24,-0.28125,-0.09612600096536854,0.3417813367657548
2001-01-25,0.484375,0.1652349955350015,0.34113031336258376
2001-01-26,0.015625,0.005342780387586867,0.3419379448055595
2001-01-29,-0.234375,-0.08033226855841193,0.3427510125158909
2001-01-30,1.015625,0.3480281694852755,0.3426738899547328
2001-01-31,0.890625,0.30701305367230636,0.3447164111408352
2001-02-01,1.015625,0.3510072994295407,0.34560718713062466
2001-02-02,-0.9438821530375194,-0.32750817362309054,0.346979940842331
2001-02-05,0.0,0.0,0.34673723459838185
2001-02-06,-1.28125,-0.44309722553725506,0.3458319809071259
2001-02-07,0.71875,0.2468713114274253,0.34347312894250476
2001-02-08,-0.15625,-0.053850092293795525,0.34464059068029135
2001-02-09,1.84375,0.6309948066041688,0.34223447137853225
2001-02-12,-0.875,-0.30223780356125635,0.34541463264143585
2001-02-13,-0.65625,-0.22547546708649385,0.34358166413180014
2001-02-14,-1.34375,-0.4586134210978704,0.34129370872399656
2001-02-15,-1.743543490165191,-0.5902010771630871,0.3385066564110591
2001-02-16,1.1875,0.3972835555024589,0.33455457305470226
2001-02-19,0.0,0.0,0.3365352662054434
2001-02-20,0.03125,0.01054456252683525,0.337426000858728
2001-02-21,-0.5,-0.16885206112115506,0.3377041222423101
2001-02-22,0.078125,0.026308632279070626,0.33675049317210404
2001-02-23,0.703125,0.2386818597260868,0.3394586449437679
2001-02-26,0.5625,0.19222268660212777,0.3417292206260049
2001-02-27,0.8528723210371114,0.29184504691129576,0.3421907825035356
2001-02-28,1.6875,0.5769134824870592,0.3418746562886277
2001-03-01,0.78125,0.2695778423578312,0.345059638218024
2001-03-02,-2.6471955642078715,-0.9064557888060234,0.34242116489692176
2001-03-05,-0.06890506119307271,-0.02328733264031101,0.3379625855793039
2001-03-06,-0.09375,-0.03170715156209952,0.3382096166623949
2001-03-07,1.4375,0.4840623291999041,0.3367390116173246
2001-03-08,0.6875,0.23366885058256,0.33988196448372365
2001-03-09,-1.15625,-0.39431693660304423,0.3410308640891193
2001-03-12,0.46875,0.15904966248827598,0.3393059466416554
2001-03-13,-0.6875,-0.233678241993044,0.3398956247171549
2001-03-14,2.28125,0.7655240065722944,0.3355721672645674
2001-03-15,1.0625,0.36003111354257794,0.3388528127459557
2001-03-16,1.1029336900265105,0.3749143575555259,0.339924658160106
2001-03-19,-2.484375,-0.8402410943942874,0.33821025183166287
2001-03-20,1.78125,0.5916053888434895,0.3321293411051169
2001-03-21,1.03125,0.34502844798117766,0.3345730404665965
2001-03-22,2.390625,0.7960373191903637,0.33298293090315867
2001-03-23,-2.90625,-0.9652411134717682,0.33212597452792025
2001-03-26,-1.640625,-0.534685586071649,0.32590359531986224
2001-03-27,-5.203125,-1.6091296773668737,0.3092621602146544
2001-03-28,0.7052491541257867,0.21266870754258319,0.30155116996376014
2001-03-29,0.265625,0.080391194539576,0.3026492029725214
2001-03-30,0.734375,0.22262799015054177,0.3031530078645675
2001-04-02,-0.640625,-0.1950214934802669,0.3044237947009044
2001-04-03,0.34375,0.1042564479533084,0.303291484955079
2001-04-04,0.390625,0.11869868128763944,0.30386862409635695
2001-04-05,-0.6938710960053244,-0.2111998050156115,0.3043790211633068
2001-04-06,2.96875,0.8910431125939343,0.30014083792637786
2001-04-09,-0.875,-0.2662485775684096,0.304284088649611
2001-04-10,-4.125,-1.217487889244326,0.29514857921074567
2001-04-11,-1.1479133134611035,-0.3345981283196703,0.2914837944607635
2001-04-12,-0.703125,-0.20352009947066446,0.2894508081360561
2001-04-13,-0.022946227191259164,-0.006616702441331513,0.28835687828681456
2001-04-16,0.0,0.0,0.2896245131351249
2001-04-17,0.0,0.0,0.29239609669088445
2001-04-18,0.0,0.0,0.2939476166061976
2001-04-19,0.0,0.0,0.29695544036939037
2001-04-20,0.0,0.0,0.2969122289831464
2001-04-23,0.0,0.0,0.2987883702258756
2001-04-24,0.0,0.0,0.29884278455110624
2001-04-25,0.0,0.0,0.29975097087208685
2001-04-26,0.0,0.0,0.2998664283357245
2001-04-27,0.0,0.0,0.2998856004740678
2001-04-30,0.0,0.0,0.3027153604589854
2001-05-01,0.0,0.0,0.30306560115510384
2001-05-02,0.0,0.0,0.3029925051805917
2001-05-03,0.0,0.0,0.30293212689271687
2001-05-04,0.0,0.0,0.302858013292002
2001-05-07,0.0,0.0,0.30278414707899004
2001-05-08,0.0,0.0,0.3027855150137497
2001-05-09,0.0,0.0,0.30272218877517354
2001-05-10,-0.025007273655488802,-0.007571238699140873,0.3027614606632289
2001-05-11,-2.8540657746694844,-0.8532751313337185,0.29896827848423785
2001-05-14,0.0,0.0,0.29457605309077206
2001-05-15,0.0,0.0,0.2949655021999301
2001-05-16,-0.026078317718214967,-0.007690754523922,0.2949099173889666
2001-05-17,-0.018057459105214137,-0.005363602334177128,0.2970297372916865
2001-05-18,-0.140625,-0.04175424572739116,0.2969190807281149
2001-05-21,-0.484375,-0.14387150880660501,0.2970250504394426
2001-05-22,0.0,0.0,0.2961943837042313
2001-05-23,-0.09375,-0.028012074422194416,0.2987954605034071
2001-05-24,1.2394681571040973,0.370184966550299,0.29866436215287845
2001-05-25,0.0,0.0,0.30798476427642363
2001-05-28,-0.026120142670823746,-0.00821236993981957,0.3144075452923465
2001-05-29,0.171875,0.05401537583998097,0.31427127761443474
2001-05-30,-0.140625,-0.04586729668569749,0.32616744309829326
2001-05-31,-1.578125,-0.5351520021016722,0.3391062191535349
2001-06-01,-0.4638622657453764,-0.1558960141038867,0.33608255212003224
2001-06-04,0.0,0.0,0.3397260000125207
2001-06-05,0.0,0.0,0.34013400605473476
2001-06-06,-0.02646452769435792,-0.009020827035033343,0.3408648413913138
2001-06-07,-0.578125,-0.20242367621431806,0.3501382507490907
2001-06-08,-0.65625,-0.2334222987482931,0.3556911219021609
2001-06-11,0.796875,0.2839899069842309,0.3563794911174662
2001-06-12,0.640625,0.22983579110098432,0.35876806415763407
2001-06-13,-0.140625,-0.0509460240819576,0.3622828379161429
2001-06-14,0.640625,0.23960985309567823,0.3740251365395953
2001-06-15,-0.203125,-0.07702067906326077,0.379178727696053
2001-06-18,0.15625,0.05942264215145854,0.3803049097693346
2001-06-19,0.171875,0.0653997307427506,0.38050752432145807
2001-06-20,0.4375,0.16674977973143548,0.3811423536718525
2001-06-21,0.078125,0.031021705113368145,0.39707782545111225
2001-06-22,1.046875,0.4166508315804278,0.39799482419622956
2001-06-25,-0.21417486207098693,-0.08598297057243623,0.40146154287676256
2001-06-26,-2.1875,-0.8678221105958482,0.3967186791295306
2001-06-27,-0.5625,-0.2923784628859236,0.5197839340194198
2001-06-28,-2.83949606311356,-2.2677324781174346,0.7986390640143461
2001-06-29,-1.0270986501368342,-0.9696910840125731,0.9441070571783801
2001-07-02,0.0,0.0,0.9647435195400237
2001-07-03,0.0,0.0,0.9705459496136392
2001-07-04,0.0,0.0,0.9847258493217472
2001-07-05,0.0,0.0,1.0222515652691528
2001-07-06,0.0,0.0,1.026595709384608
2001-07-09,0.0,0.0,1.083572649508048
2001-07-10,0.0,0.0,1.0833138160838633
2001-07-11,0.0,0.0,1.0837074940217353
2001-07-12,-0.027296003293029288,-0.029758062098969727,1.0901985092656106
2001-07-13,0.046875,0.05141310711208337,1.0968129517244452
2001-07-16,0.796875,0.8762182982618749,1.0995680605639215
2001-07-17,0.0,0.0,1.1075744664103249
2001-07-18,1.546875,1.6938050265465188,1.0949850676664363
2001-07-19,-0.46487069994346547,-0.5127827586358485,1.1030653441875555
2001-07-20,-0.21875,-0.24090802036680192,1.1012938073910945
2001-07-23,0.53125,0.5831964968526704,1.0977816411344383
2001-07-24,0.5625,0.6181360178865186,1.0989084762426997
2001-07-25,-1.96875,-2.131836287393342,1.082837479310904
2001-07-26,0.65625,0.7044123429660255,1.0733902369006103
2001-07-27,1.53125,1.6359798576693092,1.068395009090161
2001-07-30,0.53125,0.574322608554499,1.081077851396704
2001-07-31,1.375,1.4734030885969673,1.0715658826159762
2001-08-01,-1.0,-1.083462941709594,1.083462941709594
2001-08-02,-1.8125,-1.9205670423732852,1.0596231957921574
2001-08-03,-0.40625,-0.42580423791580696,1.0481335087158326
2001-08-06,0.21875,0.23337192819063268,1.0668431003000352
2001-08-07,-0.21875,-0.23461704420590027,1.0725350592269727
2001-08-08,3.125,3.166571779352423,1.0133029693927753
2001-08-09,-1.28125,-1.3213761328772908,1.0313179573676416
2001-08-10,1.03125,1.068173411867177,1.0358045205984747
2001-08-13,0.90625,0.9469609948701099,1.0449224770980523
2001-08-14,-0.375,-0.3933355691170414,1.048894850978777
2001-08-15,-0.84375,-0.8793552052271794,1.0421987617507311
2001-08-16,1.5439735675267159,1.5817744502210942,1.024482856111929
2001-08-17,2.3125,2.316921650544216,1.0019120651002016
2001-08-20,-1.46875,-1.4756530860403367,1.0046999734742719
2001-08-21,0.3125,0.3118395839088318,0.9978866685082619
2001-08-22,-0.1875,-0.1880915894181139,1.0031551435632742
2001-08-23,0.5625,0.5716329367574913,1.0162363320133179
2001-08-24,-0.65625,-0.6694164395630364,1.0200631460008174
2001-08-27,-0.15625,-0.16531794282919976,1.0580348341068784
2001-08-28,2.4375,2.4892420121888845,1.0212274921800553
2001-08-29,1.59375,1.6249017401839703,1.0195461899193539
2001-08-30,-0.3712244049408907,-0.3857259773420605,1.0390641676790588
2001-08-31,-1.3125,-1.3512384744595964,1.0295150281596925
2001-09-03,0.0,0.0,1.029967672670605
2001-09-04,-6.75,-5.529286395633576,0.8191535400938631
2001-09-05,0.975377616310725,0.7688075659074866,0.7882153055915202
2001-09-06,1.65625,1.3267962985389659,0.8010845576084322
2001-09-07,0.9717018708482029,0.7858726607686167,0.8087590282013402
2001-09-10,-1.0625,-0.8639277473847514,0.8131084681268249
2001-09-11,3.78125,2.9472702293746953,0.7794433664462004
2001-09-12,0.0,0.0,0.8063265138833212
2001-09-13,3.53125,2.7089831480720603,0.767145670250495
2001-09-14,2.0041715915568146,1.5770603142120252,0.7868888676278387
2001-09-17,-2.859375,-2.2754028959977806,0.795769318818896
2001-09-18,-3.984375,-2.9568344333804943,0.7421074656327515
2001-09-19,0.984375,0.799726845943636,0.8124209228633762
2001-09-20,-2.53125,-2.012841152369523,0.7951965046398115
2001-09-21,2.1761783568686135,1.6725840790861686,0.7685877739786522
2001-09-24,-0.75,-0.5829488745194399,0.7772651660259199
2001-09-25,0.84375,0.6522132342030748,0.7729934627591997
2001-09-26,2.125,1.618865501198321,0.7618190593874452
2001-09-27,1.78125,1.3545753005068262,0.7604633266003235
2001-09-28,-0.5893448886587039,-0.45249040283430964,0.7677854029821777
2001-10-01,1.640625,1.2884920768772046,0.785366599239439
2001-10-02,1.6875,1.3244392612036162,0.7848528955280689
2001-10-03,0.890625,0.7571590703990986,0.8501435176410931
2001-10-04,-0.1875,-0.16103173545697655,0.8588359224372083
2001-10-05,0.421875,0.36241710493765394,0.8590627672596242
2001-10-08,0.0,0.0,0.8607023840869529
2001-10-09,-3.09375,-2.549839099454897,0.8241904159854213
2001-10-10,0.46875,0.37981705598094484,0.8102763860926823
2001-10-11,-3.46875,-2.6750163945680656,0.771175897533136
2001-10-12,0.328125,0.2483579945361544,0.7569005547768515
2001-10-15,2.9732723837357384,2.1734753567296,0.7310044544249789
2001-10-16,0.875,0.6474151036014567,0.739902975544522
2001-10-17,0.09832387077876946,0.07305749594307108,0.7430290870815268
2001-10-18,0.328125,0.24376576157659247,0.7429051781381866
2001-10-19,-2.53125,-1.8359349493093127,0.7253076342950371
2001-10-22,0.375,0.2682593773026113,0.7153583394736301
2001-10-23,-0.84375,-0.6029320145872669,0.7145860913626867
2001-10-24,2.34375,1.6321150844690737,0.6963691027068047
2001-10-25,2.296875,1.5865642861404374,0.690749076959102
2001-10-26,0.5625,0.39256522023304363,0.6978937248587442
2001-10-29,1.96875,1.3578773665102473,0.6897154877512367
2001-10-30,3.395243209086027,2.2680707426378817,0.6680142195905986
2001-10-31,7.125,4.102562119125013,0.5757981921578965
2001-11-01,0.5,0.2977007305946095,0.595401461189219
2001-11-02,-6.0,-3.231438912721297,0.5385731521202162
2001-11-05,3.16030434970905,1.645024701487595,0.5205273035298142
2001-11-06,1.265625,0.6659281072178015,0.5261654180486333
2001-11-07,3.46875,1.778459436333166,0.5127090266906424
2001-11-08,-4.59375,-2.2694033893959507,0.4940197854467376
2001-11-09,-0.5625,-0.271609029359154,0.482860496638496
2001-11-12,0.0,0.0,0.4814647918359746
2001-11-13,-3.421875,-1.6019111849157162,0.4681384284685198
2001-11-14,-6.074748577080161,-2.5694563082112176,0.4229732762777536
2001-11-15,-6.6362250904927675,-2.4825045752504926,0.3740838415512751
2001-11-16,-2.09198263587671,-0.7518963697279383,0.3594180739520492
2001-11-19,0.0,0.0,0.355405968223256
2001-11-20,0.0,0.0,0.3553224191261616
2001-11-21,0.0,0.0,0.3552593401579744
2001-11-22,0.0,0.0,0.3551893804243394
2001-11-23,0.0,0.0,0.356876798646258
2001-11-26,-0.03009672436524731,-0.010742895778637252,0.35694568114004044
2001-11-27,-1.21875,-0.4335652511694554,0.3557458471133993
2001-11-28,0.0625,0.022085576680976438,0.353369226895623
2001-11-29,-2.734375,-0.9521162637548943,0.34820251931607565
2001-11-30,-0.37453896683683013,-0.12853872928848273,0.3431918723278833
2001-12-03,0.0,0.0,0.34270841166222704
2001-12-04,0.0,0.0,0.3430569078567502
2001-12-05,-0.03185485956405458,-0.010934285672970393,0.3432533002063138
2001-12-06,-1.6102220245111394,-0.5496953061370122,0.34137857871115557
2001-12-07,0.0,0.0,0.3386005150809988
2001-12-10,-0.032476562966919476,-0.010994858783356893,0.3385474871388398
2001-12-11,-0.875,-0.2956758028150079,0.33791520321715185
2001-12-12,-1.5625,-0.5228725465860453,0.334638429815069
2001-12-13,1.8107235842986165,0.597005381650925,0.32970542098626
2001-12-14,0.0,0.0,0.3329308211935201
2001-12-17,0.0,0.0,0.3335626912355841
2001-12-18,-0.03277245112867647,-0.010930047780945083,0.33351328339860115
2001-12-19,-1.265625,-0.4245593671373894,0.33545431477522125
2001-12-20,0.12341337947692128,0.04112735512237399,0.3332487554970889
2001-12-21,0.0,0.0,0.33875152804190445
2001-12-24,0.0,0.0,0.33938505463700946
2001-12-25,0.0,0.0,0.33930528196768095
2001-12-26,0.0,0.0,0.33922554679077144
2001-12-27,0.0,0.0,0.33914584907985557
2001-12-28,0.0,0.0,0.33906618880853256
2001-12-31,0.0,0.0,0.33898656595042675
2002-01-01,0.0,0.0,0.33890698047918716
2002-01-02,0.0,0.0,0.3388274323684875
2002-01-03,0.0,0.0,0.33874792159202594
2002-01-04,0.0,0.0,0.3386689518126188
2002-01-07,0.0,0.0,0.33859100058019004
2002-01-08,0.0,0.0,0.33894123296293094
2002-01-09,0.0,0.0,0.33886177006999396
2002-01-10,0.0,0.0,0.34041034905139794
2002-01-11,0.0,0.0,0.34047834641213165
2002-01-14,-0.03248670096231672,-0.011059466670650366,0.34043058676468585
2002-01-15,0.59375,0.20201861525239628,0.34024187831982533
2002-01-16,-0.140625,-0.0480203947135202,0.34147836240725477
2002-01-17,-1.28125,-0.43905103046850047,0.34267397499980523
2002-01-18,0.65625,0.2232441977643065,0.34018163468846707
2002-01-21,0.0,0.0,0.342961065199947
2002-01-22,-0.109375,-0.03752316639711278,0.3430689499164597
2002-01-23,-1.328125,-0.4553742724843194,0.34287004045878167
2002-01-24,-0.4535373829324959,-0.1545780708554389,0.3408276289287628
2002-01-25,0.0,0.0,0.3421752114010557
2002-01-28,0.0,0.0,0.3422108747412592
2002-01-29,0.0,0.0,0.3421644435027488
2002-01-30,0.0,0.0,0.3421180405325042
2002-01-31,0.0,0.0,0.34902066804679877
2002-02-01,0.0,0.0,0.350140736637976
2002-02-04,0.0,0.0,0.35084164840597026
2002-02-05,-0.031985883737903606,-0.011238741805946336,0.3513656804994983
2002-02-06,-0.390625,-0.137192277314188,0.35121222992432133
2002-02-07,-0.390625,-0.13702306187396462,0.3507790383973494
2002-02-08,0.78125,0.27441051317965137,0.35124545686995373
2002-02-11,-0.234375,-0.08360029703024176,0.35669460066236486
2002-02-12,-1.046875,-0.3736887592372382,0.3569564267340783
2002-02-13,-0.359375,-0.1274934362276945,0.3547643442857586
2002-02-14,0.5625,0.19898592755876798,0.3537527601044764
2002-02-15,1.3359145312203498,0.4724810667719861,0.3536761190406227
2002-02-18,0.0,0.0,0.3565704807404623
2002-02-19,-0.265625,-0.09468263382212998,0.35645226850684225
2002-02-20,0.109375,0.039420180207617665,0.3604130761839329
2002-02-21,0.109375,0.03965218000049058,0.36253421714734246
2002-02-22,0.65625,0.23785090768340644,0.3624394783747146
2002-02-25,-0.3125,-0.11405309084192357,0.3649698906941554
2002-02-26,-0.984375,-0.35780372676954214,0.3634831510039793
2002-02-27,1.578125,0.6294520288429601,0.39886069154405396
2002-02-28,-0.578125,-0.23291606112506094,0.40288183545956485
2002-03-01,-1.5,-0.6029643979985926,0.40197626533239506
2002-03-04,-0.375,-0.14974042389873454,0.3993077970632921
2002-03-05,-0.09477645381402734,-0.03785916999356048,0.3994575495285851
2002-03-06,0.0,0.0,0.41347930972887836
2002-03-07,0.0,0.0,0.4133832947147888
2002-03-08,-0.03277633916825117,-0.01398375953769655,0.42664189755645227
2002-03-11,0.0,0.0,0.43095030209975105
2002-03-12,-0.234375,-0.1031748142417805,0.44021254076493016
2002-03-13,-0.828125,-0.3794065774197412,0.4581513387710083
2002-03-14,2.109375,0.9524420912984866,0.4515281025415047
2002-03-15,-0.703125,-0.3265242201034173,0.4643900019248602
2002-03-18,-0.6875,-0.32179284868795643,0.46806232536430026
2002-03-19,0.34375,0.1604416310755691,0.46673929040165557
2002-03-20,1.046875,0.48891539732701383,0.4670236631183416
2002-03-21,-0.390625,-0.18576552556961648,0.4755597454582182
2002-03-22,0.109375,0.05236526565940518,0.47876814317170446
2002-03-25,0.171875,0.08239564541939425,0.47939284607647564
2002-03-26,-0.953125,-0.45963775676366153,0.48224289234220225
2002-03-27,-0.15625,-0.07555515083891585,0.4835529653690615
2002-03-28,0.9375,0.45271378515110033,0.4828947041611737
2002-03-29,0.0,0.0,0.4853785382282525
2002-04-01,-0.046875,-0.022758643885685718,0.48551773622796196
2002-04-02,-1.21875,-0.5888543026537002,0.4831625047414976
2002-04-03,-1.109375,-0.5455863399352561,0.491796137406428
2002-04-04,-0.08002906689778252,-0.03912806509054635,0.4889231701342069
2002-04-05,0.0,0.0,0.5069531728137188
2002-04-08,0.0,0.0,0.5070065755268277
2002-04-09,0.0,0.0,0.5212904299938211
2002-04-10,0.0,0.0,0.5224555573809482
2002-04-11,0.0,0.0,0.5223512059130989
2002-04-12,0.0,0.0,0.5224118481733869
2002-04-15,-0.03318297048582723,-0.017696541446893435,0.5333019072072466
2002-04-16,-0.578125,-0.30798979312832137,0.5327391016273667
2002-04-17,-0.5625,-0.29900294569048397,0.5315607923386382
2002-04-18,0.203125,0.10956990317199038,0.5394210617697988
2002-04-19,0.234375,0.12879902987302952,0.5495425274582593
2002-04-22,0.40625,0.2236140714978522,0.5504346375331747
2002-04-23,0.046875,0.026201962001439504,0.5589751893640428
2002-04-24,1.046875,0.6071143150750558,0.5799300920119935
2002-04-25,0.28125,0.2005273625413853,0.7129861779249256
2002-04-26,0.578125,0.41260225591853156,0.7136903886158383
2002-04-29,-0.5485035174714932,-0.4655610391149629,0.848784053858249
2002-04-30,0.4375,0.3899854971739563,0.8913954221119001
2002-05-01,1.0,0.8963449844270045,0.8963449844270045
2002-05-02,-1.59375,-1.515353327755369,0.9508099311406237
2002-05-03,1.71875,1.8098390586710058,1.0529972704994943
2002-05-06,-0.46875,-0.49857740062904193,1.0636317880086228
2002-05-07,0.4375,0.4634376151485523,1.0592859774824053
2002-05-08,-3.96875,-4.105829271660737,1.0345396590011307
2002-05-09,1.2480159168274882,1.6249027474064288,1.3019888011821223
2002-05-10,1.0625,2.139245238754877,2.013407283534002
2002-05-13,-1.265625,-2.654978767479157,2.0977610014650128
2002-05-14,-1.21875,-2.4899693469913706,2.0430517718903554
2002-05-15,0.5137242928169492,1.0385790432356057,2.0216662084260695
2002-05-16,0.0,0.0,2.027143371895125
2002-05-17,-0.01787273924221629,-0.036222143815810896,2.0266699650746545
2002-05-20,0.0,0.0,2.0259983592657944
2002-05-21,0.0,0.0,2.025556824240343
2002-05-22,-0.032791027261502625,-0.06767540102113244,2.0638390033173746
2002-05-23,-0.546875,-1.1239156816345837,2.0551601035603815
2002-05-24,0.421875,0.9534871368749354,2.2601176577776245
2002-05-27,0.0,0.0,2.2695681064361692
2002-05-28,0.15625,0.35441591079386436,2.268261829080732
2002-05-29,0.796875,1.7925634774032337,2.2494914226236657
2002-05-30,0.71875,1.612109451360346,2.242934888849177
2002-05-31,-0.250927442787395,-0.5856739405086534,2.334037018840069
2002-06-03,0.25,0.5820210026547086,2.3280840106188343
2002-06-04,0.71875,1.6628970026557255,2.313595829781879
2002-06-05,-0.625,-1.4594013546105522,2.3350421673768835
2002-06-06,1.0,2.375715886784178,2.375715886784178
2002-06-07,-1.09375,-2.6952692584872233,2.4642461791883186
2002-06-10,0.65625,1.5963944817230569,2.432601115006563
2002-06-11,1.4375,3.4028044738143732,2.367168329609999
2002-06-12,1.0625,2.493706642013477,2.3470180160126843
2002-06-13,1.25,2.9521973748740242,2.3617578998992195
2002-06-14,3.217664915313777,6.657780970880965,2.0691343399975253
2002-06-17,-2.484375,-4.854559400830006,1.9540364883844048
2002-06-18,0.46875,0.9011016928124831,1.922350277999964
2002-06-19,5.34375,7.731592879894676,1.446847790389647
2002-06-20,-4.6875,-5.856579461282728,1.249403618406982
2002-06-21,3.4828073397158232,3.89586208220905,1.118598217530726
2002-06-24,-2.0,-2.2195507631232894,1.1097753815616447
2002-06-25,0.1875,0.2057574173064925,1.0973728923012933
2002-06-26,3.5625,3.612363097577476,1.013996658969116
2002-06-27,-2.875,-2.829439467108698,0.9841528581247646
2002-06-28,-0.40625,-0.39324355538593203,0.9679841363346019
2002-07-01,0.3125,0.30159405581822296,0.9651009786183135
2002-07-02,2.4375,2.278076554486952,0.9345955095331085
2002-07-03,-0.3125,-0.2956749629242088,0.9461598813574681
2002-07-04,0.0,0.0,0.9443698964546628
2002-07-05,-3.25,-2.898443562584796,0.8918287884876295
2002-07-08,1.53125,1.3253230184041627,0.8655170732435348
2002-07-09,2.125,1.811699126724355,0.8525642949291082
2002-07-10,2.875,2.3830969692232236,0.8289032936428604
2002-07-11,0.71875,0.6032958879997472,0.8393681919996483
2002-07-12,0.7167920718567151,0.6071087537877873,0.8469802856708308
2002-07-15,-0.515625,-0.4386128701128564,0.8506431420370548
2002-07-16,-3.46875,-2.778643790463166,0.8010504621155072
2002-07-17,2.4511676093185235,1.8756046079148616,0.7651882314307831
2002-07-18,1.5625,1.207231952797349,0.7726284497903033
2002-07-19,1.185681663618034,0.9184539409945244,0.7746210211195467
2002-07-22,4.171875,3.0169018326889656,0.7231524992213251
2002-07-23,1.875,1.3650103140268683,0.7280055008143298
2002-07-24,1.125,0.8223511396451523,0.730978790795691
2002-07-25,1.03125,0.7546488919362009,0.73178074369571
2002-07-26,1.265625,0.9247320183554257,0.7306524589474969
2002-07-29,-6.65625,-4.154544899873883,0.624156980262743
2002-07-30,-1.265625,-0.7597075583743155,0.6002627621722987
2002-07-31,5.265609547229341,2.8701062336554735,0.5450662849025079
2002-08-01,1.75,0.9706671827063921,0.5546669615465097
2002-08-02,4.312067203334237,2.282927873140288,0.5294277119278313
2002-08-05,1.5,0.8070730319479724,0.5380486879653149
2002-08-06,-6.046875,-2.963659497415232,0.49011423213068434
2002-08-07,4.21875,1.92304827195444,0.45583366446327467
2002-08-08,-3.796875,-1.7054997011107704,0.4491851064653881
2002-08-09,6.108583918054824,2.4715076367152653,0.4045958392108454
2002-08-12,0.875,0.36546544156810584,0.41767479036354954
2002-08-13,2.46875,1.0213822176706215,0.4137244426007581
2002-08-14,-0.3125,-0.13077799895074788,0.4184895966423932
2002-08-15,-2.8125,-1.1549727952906048,0.41065699388110394
2002-08-16,-4.069351915582415,-1.5916551292178724,0.39113233808142417
2002-08-19,0.75,0.28747824049369364,0.38330432065825815
2002-08-20,4.09375,1.5217470754253506,0.3717244764397803
2002-08-21,-0.46875,-0.17795164271007685,0.3796301711148306
2002-08-22,-2.53125,-0.9510595606507943,0.37572723383735085
2002-08-23,2.09375,0.7707213044223123,0.36810569763453727
2002-08-26,0.875,0.32625017576647036,0.37285734373310897
2002-08-27,-2.125,-0.7886046333880528,0.37110806277084835
2002-08-28,1.5,0.5484580420142866,0.3656386946761911
2002-08-29,1.71875,0.6292005413064203,0.3660803149419173
2002-08-30,0.5625,0.2074421738938086,0.3687860869223264
2002-09-02,0.0,0.0,0.36968997573648615
2002-09-03,5.09375,1.7919454599225553,0.3517929737271274
2002-09-04,0.90625,0.32597704254457893,0.3596988055664319
2002-09-05,1.40625,0.5066209605853728,0.36026379419404286
2002-09-06,-3.4375,-1.2293977734616586,0.35764298864339156
2002-09-09,-0.25,-0.08805206938829961,0.35220827755319845
2002-09-10,1.375,0.4823641554396704,0.3508102948652148
2002-09-11,-2.0,-0.7009991558075156,0.3504995779037578
2002-09-12,2.625,0.9018778351807555,0.3435725086402878
2002-09-13,1.8125,0.6267086809197374,0.3457703067143379
2002-09-16,0.90625,0.3154512482630339,0.3480841360143822
2002-09-17,0.53125,0.18556196834281075,0.34929311688058495
2002-09-18,0.21931582648421105,0.07689140828725613,0.35059671488319005
2002-09-19,3.0,1.0360494618572482,0.34534982061908276
2002-09-20,0.65625,0.2298547902260594,0.3502549184397096
2002-09-23,3.890625,1.3310830629674457,0.3421257671884198
2002-09-24,0.984375,0.34199602622909686,0.34742453458193967
2002-09-25,-4.875,-1.63838794149663,0.3360795777428985
2002-09-26,0.09375,0.03089051300782842,0.32949880541683646
2002-09-27,3.421875,1.106407750574227,0.3233337718573083
2002-09-30,3.796875,1.21779608959292,0.3207364186582176
2002-10-01,-4.125,-1.3096727798856427,0.3174964314874285
2002-10-02,0.28125,0.08767093145402954,0.311718867392105
2002-10-03,0.421875,0.13160388071229978,0.3119499394661921
2002-10-04,0.28125,0.0878684677001815,0.31242121848953425
2002-10-07,2.0625,0.6408324840792675,0.31070665894752364
2002-10-08,-0.84375,-0.2641858128192598,0.3131091114894931
2002-10-09,3.421875,1.0490555360517917,0.3065733073393364
2002-10-10,-2.71875,-0.8368835499285714,0.3078192367553366
2002-10-11,-5.390625,-1.5719254803755323,0.2916035673740118
2002-10-14,-0.030986093081813753,-0.008822376953460385,0.2847205335040571
2002-10-15,-6.0,-1.6249121374326585,0.27081868957210975
2002-10-16,-0.750685400199035,-0.19766831751120748,0.2633171198731162
2002-10-17,-1.140625,-0.2991635740080151,0.26228039365086253
2002-10-18,0.265625,0.06928833520960065,0.26085020314202595
2002-10-21,-1.109375,-0.2893204055444687,0.2607958585189577
2002-10-22,-0.2039066261062549,-0.05291248357630081,0.25949369369060293
2002-10-23,0.0,0.0,0.25925731537422353
2002-10-24,0.0,0.0,0.2595499131002966
2002-10-25,0.0,0.0,0.26038644194793253
2002-10-28,-0.03201673783215127,-0.008368400876033008,0.2613758128609044
2002-10-29,2.046875,0.5319269520631423,0.259872709404894
2002-10-30,-0.2667432689963399,-0.06997382966235008,0.2623265056533075
2002-10-31,1.8125,0.4829381693165358,0.2664486451401577
2002-11-01,-1.875,-0.502292235199648,0.26788919210647893
2002-11-04,-1.78125,-0.4716604304950014,0.2647918206287727
2002-11-05,-0.71875,-0.18899673149123672,0.26295197424867717
2002-11-06,0.84375,0.22131085220628322,0.2622943433555949
2002-11-07,3.75,0.9688709499371094,0.25836558664989584
2002-11-08,1.09375,0.2869786694889462,0.26238049781846506
2002-11-11,0.0,0.0,0.2636310291471663
2002-11-12,0.125,0.032945836667467136,0.2635666933397371
2002-11-13,0.75,0.1975933778802098,0.2634578371736131
2002-11-14,-5.28125,-1.3453070244876821,0.25473269102725343
2002-11-15,-0.9457030553844247,-0.2349151237911007,0.2484026274987645
2002-11-18,0.359375,0.08886446087200188,0.2472750215568748
2002-11-19,0.453125,0.11217897668169449,0.24756739681477405
2002-11-20,-1.609375,-0.3978554855647961,0.24721117549657234
2002-11-21,-0.9375,-0.2299080283639778,0.24523523025490965
2002-11-22,-0.40625,-0.0992136115760034,0.24421812080246993
2002-11-25,-0.03200664552367538,-0.007800596576872302,0.24371802946679258
2002-11-26,0.0,0.0,0.24364682773438526
2002-11-27,-0.03277140255534961,-0.007988193164796393,0.24375499801403522
2002-11-28,-0.03276725860971416,-0.007988200225460915,0.24378604022408937
2002-11-29,0.0,0.0,0.24400994844347124
2002-12-02,0.0,0.0,0.2443343126529443
2002-12-03,0.0,0.0,0.24441656525762687
2002-12-04,0.0,0.0,0.2450194613786905
2002-12-05,0.0,0.0,0.2453254855835612
2002-12-06,-0.0327789601438791,-0.008056124258075748,0.24577119660643318
2002-12-09,0.734375,0.18276301113610374,0.24886878112150299
2002-12-10,0.09375,0.02359925644964281,0.2517254021295233
2002-12-11,0.84375,0.2123000680619115,0.25161489548078403
2002-12-12,-0.0625,-0.0164091275604438,0.2625460409671008
2002-12-13,-0.6732552959536016,-0.18210029069144978,0.27047732381150036
2002-12-16,-2.0,-0.5454697983266567,0.2727348991633283
2002-12-17,0.9047799099383645,0.245529207383913,0.27136898674136006
2002-12-18,1.078125,0.2932755715956978,0.2720237185815168
2002-12-19,1.546875,0.4292352108130284,0.2774853888084224
2002-12-20,0.013943641419329578,0.003944286171019041,0.28287346557486887
2002-12-23,-0.21875,-0.06187967198011167,0.2828785004805105
2002-12-24,1.5625,0.4399143630207181,0.2815451923332596
2002-12-25,0.0,0.0,0.28605241554757604
2002-12-26,0.46875,0.13403287381532256,0.28593679747268813
2002-12-27,3.1875,0.8995081680063998,0.28219864094318425
2002-12-30,0.9356813192422672,0.27175124188417144,0.29043140682154567
2002-12-31,-1.3125,-0.38308330773282623,0.2918729963678676
2003-01-01,0.0,0.0,0.29205149342514497
2003-01-02,-9.84375,-2.53534612315524,0.2575589712411672
2003-01-03,0.1534166602472427,0.03776038883795527,0.24612964965539924
2003-01-06,-0.84375,-0.20772293306544903,0.24619014289238406
2003-01-07,1.1534083594991626,0.28235479763472465,0.24480037387394157
2003-01-08,0.609375,0.1523249207290778,0.24996910068361483
2003-01-09,-2.484375,-0.6225403835591928,0.2505822927533858
2003-01-10,-0.0625,-0.015524640778932602,0.24839425246292163
2003-01-13,0.5625,0.13985534279995318,0.24863172053325008
2003-01-14,0.765625,0.19528380981163457,0.255064567917237
2003-01-15,0.21875,0.0562581116243237,0.2571799388540512
2003-01-16,-0.046875,-0.012086509820596572,0.25784554283939354
2003-01-17,1.0,0.25775396493920044,0.25775396493920044
2003-01-20,0.0,0.0,0.25950519943187217
2003-01-21,0.5,0.1382515611249698,0.2765031222499396
2003-01-22,0.9504589412371062,0.26364444133311005,0.2773864602609278
2003-01-23,-0.75,-0.21776457548022488,0.2903527673069665
2003-01-24,1.3125,0.3804522761098747,0.2898684008456188
2003-01-27,-1.53125,-0.4581287794375839,0.2991861416735242
2003-01-28,-0.59375,-0.1768628188766088,0.29787422126586743
2003-01-29,-1.8125,-0.568646240449883,0.31373585679993543
2003-01-30,1.375,0.4394409875292501,0.31959344547581825
2003-01-31,0.34375,0.1133846506775994,0.3298462565166528
2003-02-03,-0.65625,-0.2320704027900059,0.3536310899657233
2003-02-04,1.875,0.657387980645225,0.35060692301078666
2003-02-05,-2.09375,-0.7428918373703811,0.35481401187839096
2003-02-06,1.6875,0.5896067021665747,0.3493965642468591
2003-02-07,0.96875,0.3457042354738645,0.35685598500527943
2003-02-10,-1.65625,-0.6098445264184426,0.36820801595075775
2003-02-11,0.875,0.31947256376330796,0.3651115014437805
2003-02-12,1.6875,0.6360439167856462,0.3769149136507533
2003-02-13,2.21875,0.8347758125287598,0.3762369859284551
2003-02-14,-2.1536514922293217,-0.8214538271597901,0.38142374944307905
2003-02-17,0.0,0.0,0.38090709530050115
2003-02-18,0.21875,0.0834272619010876,0.38138176869068613
2003-02-19,2.0,0.7641822604693687,0.38209113023468433
2003-02-20,1.28125,0.49464245498809123,0.3860624038931444
2003-02-21,-1.5,-0.5832460163658963,0.3888306775772642
2003-02-24,1.5,0.5768007312412662,0.38453382082751075
2003-02-25,0.71875,0.2779532179251204,0.38671752059147185
2003-02-26,1.1848186932724258,0.48382968748619726,0.4083575742292497
2003-02-27,0.703125,0.2888284309522899,0.4107782129099234
2003-02-28,2.578125,1.0516543419101505,0.40791441140757356
2003-03-03,1.21875,0.5141734900431801,0.42188594054825035
2003-03-04,1.359375,0.5742901906349298,0.4224663471337415
2003-03-05,1.828125,0.7744148898601643,0.42361156368419245
2003-03-06,-1.21875,-0.5232039145583717,0.4292955196376383
2003-03-07,1.546875,0.6668648190527601,0.43110452948865297
2003-03-10,2.109375,0.9130704584516771,0.43286303215486915
2003-03-11,-1.453125,-0.6329255377582417,0.4355616603927685
2003-03-12,-0.703125,-0.30410383891822274,0.43250323757258347
2003-03-13,-7.265625,-2.8089527701815213,0.38660855331530614
2003-03-14,1.8884803855598846,0.7141554404119396,0.37816407619198616
2003-03-17,-2.875,-1.0796108027209352,0.37551680094641227
2003-03-18,-2.15862914324185,-0.8165586329366501,0.378276479539387
2003-03-19,-0.875,-0.32778456091119157,0.3746109267556475
2003-03-20,-0.5,-0.19565380845539185,0.3913076169107837
2003-03-21,-1.3775117477544445,-0.5355537524920541,0.3887834375025032
2003-03-24,0.0,0.0,0.3958369177962298
2003-03-25,0.0,0.0,0.4082815830883709
2003-03-26,0.0,0.0,0.4240402950889737
2003-03-27,0.0,0.0,0.4240242684829856
2003-03-28,-0.033793301564304164,-0.014331836725980013,0.4241028861506305
2003-03-31,1.078125,0.45593630542895036,0.4228974427167076
2003-04-01,-0.03125,-0.01340920515374358,0.4290945649197946
2003-04-02,-1.546875,-0.6609593747275869,0.42728686851076325
2003-04-03,0.375,0.16337319257355573,0.4356618468628153
2003-04-04,-0.296875,-0.13180157518114013,0.44396320061015626
2003-04-07,-0.875,-0.41602614225638973,0.4754584482930168
2003-04-08,1.125,0.530855710730138,0.4718717428712338
2003-04-09,0.59375,0.30987500436570176,0.5218947441948661
2003-04-10,-0.375,-0.19644609333436153,0.5238562488916307
2003-04-11,-0.46875,-0.24582383003752745,0.5244241707467252
2003-04-14,-0.703125,-0.3674063704986476,0.5225335047091877
2003-04-15,0.703125,0.36687860642915865,0.5217829069214701
2003-04-16,0.40625,0.21255494348261067,0.5232121685725801
2003-04-17,-0.21875,-0.11463022256930479,0.5240238746025362
2003-04-18,0.0,0.0,0.5233734966036505
2003-04-21,-0.40625,-0.21247499959500984,0.5230153836184858
2003-04-22,0.078125,0.0407733521303216,0.5218989072681165
2003-04-23,-0.171875,-0.09078313565220852,0.5281927892492132
2003-04-24,1.28125,0.6730286952855262,0.5252906890033375
2003-04-25,0.453125,0.24152223943182285,0.5330145973667815
2003-04-28,-0.171875,-0.09271493625831087,0.5394323564119905
2003-04-29,-0.48411103142552286,-0.26312477865028433,0.5435215509869336
2003-04-30,2.40625,1.2847690075929028,0.5339299771814661
2003-05-01,0.375,0.20276507769920515,0.5407068738645471
2003-05-02,-1.8125,-1.0130613729714812,0.5589304126739207
2003-05-05,1.03125,0.5716805420510239,0.554356889261599
2003-05-06,2.78125,1.5139281613352378,0.5443337209295237
2003-05-07,2.90625,1.5635523060515493,0.5379964924048342
2003-05-08,0.96875,0.5274279596161008,0.5444417647650073
2003-05-09,0.0939286800833163,0.055772088935731406,0.5937706021873259
2003-05-12,1.546875,0.9144461099364737,0.5911570811710537
2003-05-13,0.46875,0.27889095608773146,0.5949673729871604
2003-05-14,3.0,1.7411918723310271,0.5803972907770091
2003-05-15,-0.84375,-0.4989421155074617,0.591338803564399
2003-05-16,3.625330954840308,2.0594043050923454,0.5680596697917363
2003-05-19,0.984375,0.5666716647774909,0.5756664531072924
2003-05-20,3.234375,1.8145197568218827,0.5610109393072488
2003-05-21,-1.734375,-0.9781139670969569,0.5639576026504977
2003-05-22,2.203125,1.2165747474525501,0.5522041406876823
2003-05-23,0.0,0.0,0.5573054328870307
2003-05-26,0.0,0.0,0.5571848927833849
2003-05-27,-1.546875,-0.8560775978898137,0.5534239016661422
2003-05-28,-0.46875,-0.25750144208219256,0.5493364097753441
2003-05-29,3.84375,2.025152995332231,0.5268690719563528
2003-05-30,-0.375,-0.20071449881933193,0.5352386635182185
2003-06-02,-3.375,-1.750881512001445,0.5187797072596874
2003-06-03,4.6875,2.272545643243699,0.4848097372253224
2003-06-04,1.921875,0.941875631517382,0.4900816294074183
2003-06-05,-2.34375,-1.1445548922458446,0.4883434206915604
2003-06-06,-1.21875,-0.587169181640069,0.4817798413456977
2003-06-09,3.5625,1.6592812873374252,0.4657631683754176
2003-06-10,4.359375,1.9920842371819187,0.45696555978366593
2003-06-11,-0.703125,-0.32730613274410236,0.46550205545827894
2003-06-12,1.125,0.5219504145829499,0.46395592407373326
2003-06-13,2.953125,1.3571116374830585,0.4595510306820939
2003-06-16,-3.609375,-1.631868182366442,0.4521193232530402
2003-06-17,-4.5,-1.9219201232917584,0.4270933607315019
2003-06-18,-3.984375,-1.6254584196534831,0.4079581915993056
2003-06-19,1.328779256675753,0.5310953781182078,0.39968668644547106
2003-06-20,-1.25,-0.5009882213525998,0.4007905770820799
2003-06-23,2.84375,1.1381429713558455,0.4002260998174402
2003-06-24,1.5625,0.6308076397821639,0.4037168894605849
2003-06-25,-3.3125,-1.3216545637260528,0.3989900569739028
2003-06-26,-5.0,-1.8760892099919027,0.37521784199838054
2003-06-27,-0.5616311800977148,-0.25106922496824186,0.4470357662916077
2003-06-30,0.765625,0.34092716277904933,0.44529262077263587
2003-07-01,-0.265625,-0.11881832036208005,0.44731602959841904
2003-07-02,0.21875,0.09800022527827659,0.44800102984355017
2003-07-03,-1.421875,-0.6350995915066526,0.44666344897171173
2003-07-04,-0.030339982558780267,-0.013655310197130961,0.45007640234055346
2003-07-07,0.0,0.0,0.44992445866301134
2003-07-08,0.0,0.0,0.4501526471560768
2003-07-09,0.0,0.0,0.4506588982738279
2003-07-10,0.0,0.0,0.45061139645329235
2003-07-11,0.0,0.0,0.45051690746915085
2003-07-14,0.0,0.0,0.4514521047043496
2003-07-15,0.0,0.0,0.4513552141499127
2003-07-16,0.0,0.0,0.45151697030830695
2003-07-17,0.0,0.0,0.4523568489010055
2003-07-18,-0.030520392609283693,-0.013820975920529884,0.45284397541877686
2003-07-21,2.828125,1.262038747685664,0.44624574503802483
2003-07-22,-0.53125,-0.24105346628380256,0.45374770124009894
2003-07-23,-0.578125,-0.2616802541329503,0.45263611525699515
2003-07-24,0.78125,0.3548300162407519,0.4541824207881624
2003-07-25,0.171875,0.078643994798035,0.4575650606431127
2003-07-28,1.71875,0.7817485319261661,0.45483550948431484
2003-07-29,1.609375,0.7336174617292188,0.45583997622009714
2003-07-30,-0.828125,-0.38246127657615675,0.46184003209196284
2003-07-31,2.625,1.2009297269174917,0.45749703882571113
2003-08-01,0.15625,0.07273253312523573,0.46548821200150864
2003-08-04,-2.250848374690142,-1.038381785311243,0.4613290690689858
2003-08-05,3.2491219880666495,1.458566424183289,0.4489109456463317
2003-08-06,-2.734375,-1.2257618523137266,0.4482786202747343
2003-08-07,-0.53125,-0.23671219825698697,0.44557590260138724
2003-08-08,-0.171875,-0.07723049892376,0.44934108464733086
2003-08-11,0.953125,0.43147132300824376,0.45269122413979673
2003-08-12,-0.34375,-0.1561662569582693,0.45430183842405614
2003-08-13,3.46875,1.5318761829927812,0.44162196266458553
2003-08-14,0.421875,0.1905989420070143,0.4517900847573672
2003-08-15,-0.8605205153173473,-0.3901525529748415,0.45339134399481346
2003-08-18,-0.734375,-0.33295938612661424,0.45339150451283644
2003-08-19,-1.828125,-0.8241367316523676,0.4508098361175344
2003-08-20,1.25,0.5577848978566388,0.446227918285311
2003-08-21,1.375,0.6160034897671843,0.4480025380124977
2003-08-22,-1.03125,-0.46398548304893306,0.44992531689593507
2003-08-25,0.96875,0.439439052451243,0.4536145057561218
2003-08-26,-0.828125,-0.37777006445424754,0.4561751721711668
2003-08-27,0.8125,0.3702682655188624,0.45571478833090756
2003-08-28,-1.953125,-0.8919589955213257,0.4566830057069188
2003-08-29,0.328125,0.1490568151203678,0.4542683889382638
2003-09-01,0.0,0.0,0.4572630109690204
2003-09-02,2.671875,1.2140955286654187,0.45439832651805145
2003-09-03,-0.5,-0.23066794749025787,0.46133589498051575
2003-09-04,-1.609375,-0.7372696667801613,0.4581093075138866
2003-09-05,-3.015625,-1.5214851486480092,0.5045339353029668
2003-09-08,0.24586545191538667,0.1235333965676185,0.5024430866770655
2003-09-09,0.0,0.0,0.5135435428920455
2003-09-10,0.0,0.0,0.5196578538580299
2003-09-11,0.0,0.0,0.5205841462396612
2003-09-12,0.0,0.0,0.5208128199590225
2003-09-15,0.0,0.0,0.523291982937551
2003-09-16,-0.03487947513394182,-0.018248211713022797,0.5231790800448469
2003-09-17,1.203125,0.6268445600093916,0.5210136602675463
2003-09-18,-0.15625,-0.08180133369920412,0.5235285356749063
2003-09-19,0.375,0.19608003825773596,0.5228801020206292
2003-09-22,-0.875,-0.4572350864502375,0.5225543845145572
2003-09-23,0.328125,0.17126470317808157,0.5219495715903438
2003-09-24,1.28125,0.6666774696575641,0.5203336348546842
2003-09-25,0.390625,0.20551023335780758,0.5261061973959874
2003-09-26,1.4375,0.7535622446601418,0.5242172136766203
2003-09-29,-0.65625,-0.3457115636606822,0.52679857319723
2003-09-30,2.25,1.168739629537258,0.5194398353498925
2003-10-01,0.0,0.0,0.5259302689277605
2003-10-02,-1.21875,-0.6389737714158316,0.5242861714181182
2003-10-03,-3.078125,-1.5676761254275713,0.5092957970932211
2003-10-06,0.984375,0.49387501162857966,0.501714297527446
2003-10-07,-1.4375,-0.7212133124860719,0.501713608685963
2003-10-08,0.2764006856488756,0.1379511206924068,0.4990983302684437
2003-10-09,0.0,0.0,0.49978199648104077
2003-10-10,0.0,0.0,0.4997359873171362
2003-10-13,0.0,0.0,0.49963018731957626
2003-10-14,0.0,0.0,0.4997307829020624
2003-10-15,0.0,0.0,0.49963266175481286
2003-10-16,0.0,0.0,0.499563889825794
2003-10-17,-0.036514513670864196,-0.01831266518970543,0.501517433718898
2003-10-20,-0.359375,-0.18020142678425224,0.5014300571387889
2003-10-21,-0.09895088755397777,-0.049533622479715725,0.5005879553399165
2003-10-22,0.0,0.0,0.5005675973981324
2003-10-23,0.0,0.0,0.5078591087419732
2003-10-24,0.0,0.0,0.5079341373566396
2003-10-27,0.0,0.0,0.5121232590287607
2003-10-28,0.0,0.0,0.5134212584871181
2003-10-29,-0.03702499609410956,-0.019392725030686345,0.5237738575689305
2003-10-30,-1.265625,-0.6748283910934711,0.5331977411108908
2003-10-31,0.6816294782546872,0.3618803041202948,0.5309047153402016
2003-11-03,0.0,0.0,0.5323448472731181
2003-11-04,0.0,0.0,0.5356765711271056
2003-11-05,0.0,0.0,0.5358819951064184
2003-11-06,0.0,0.0,0.5491424046552152
2003-11-07,0.0,0.0,0.5501127912658201
2003-11-10,0.0,0.0,0.5708463174953243
2003-11-11,0.0,0.0,0.5723255720046706
2003-11-12,0.0,0.0,0.5900588080689418
2003-11-13,0.0,0.0,0.5952752523192478
2003-11-14,-0.011922774805810941,-0.007201027532536032,0.603972451868032
2003-11-17,-0.03777047541601988,-0.022806269291483074,0.6038120791513807
2003-11-18,0.265625,0.1602935716679667,0.603458152161757
2003-11-19,-1.078125,-0.6536556081471713,0.6062892597307096
2003-11-20,1.15625,0.6952904059715298,0.6013322430024042
2003-11-21,0.0625,0.039544563805567146,0.6327130208890743
2003-11-24,-1.234375,-0.7776072316314985,0.629960288916657
2003-11-25,0.5625,0.36530993340464707,0.6494398816082615
2003-11-26,-0.890625,-0.6232485779086188,0.6997878769500281
2003-11-27,0.0,0.0,0.7062526390150304
2003-11-28,-1.546875,-1.1045718018493877,0.7140666193773819
2003-12-01,-1.0372108798353652,-0.7366944276461126,0.7102648477453755
2003-12-02,0.0,0.0,0.7412202781768765
2003-12-03,0.0,0.0,0.7990607709129415
2003-12-04,0.0,0.0,0.800522748421141
2003-12-05,0.0,0.0,0.8045565174468851
2003-12-08,0.0,0.0,0.8345791617478534
2003-12-09,0.0,0.0,0.8839668494685308
2003-12-10,0.0,0.0,0.973680928604151
2003-12-11,0.0,0.0,1.0578345868486552
2003-12-12,0.0,0.0,1.0679051381856746
2003-12-15,-0.03796877010263559,-0.040890365977439364,1.0769473403248573
2003-12-16,0.6875,0.77284056858501,1.124131736123651
2003-12-17,0.71875,0.819351040895017,1.1399666655930671
2003-12-18,0.5,0.6100273590119721,1.2200547180239443
2003-12-19,0.15625,0.2264345102340147,1.449180865497694
2003-12-22,-0.375,-0.5443989728331153,1.451730594221641
2003-12-23,-1.578125,-2.2549247744887064,1.4288632234383882
2003-12-24,1.375,1.925305018482631,1.4002218316237316
2003-12-25,0.0,0.0,1.4087146221989992
2003-12-26,0.75,1.067592601943904,1.423456802591872
2003-12-29,-1.28125,-1.8075845819428265,1.4107977224919621
2003-12-30,-0.5,-0.7001258205320469,1.4002516410640937
2003-12-31,0.3125,0.43624008681778936,1.395968277816926
2004-01-01,0.0,0.0,1.3975537455068816
2004-01-02,-1.859375,-2.534832989974896,1.363271524020112
2004-01-05,-0.10100080009010837,-0.13655258632015657,1.3519950950718262
2004-01-06,0.0,0.0,1.3511208969494277
2004-01-07,0.0,0.0,1.3508385547935329
2004-01-08,0.0,0.0,1.3505563306144055
2004-01-09,-0.03918152863223277,-0.05290523674357449,1.3502596399480922
2004-01-12,0.109375,0.14761726791463858,1.34964359236241
2004-01-13,0.9375,1.3323585132973652,1.4211824141838563
2004-01-14,0.453125,0.6468232421399885,1.4274719826537678
2004-01-15,-0.10142072621461065,-0.14537711165789122,1.4334063369874412
2004-01-16,-1.3125,-1.8647245277524385,1.4207424973351912
2004-01-19,0.0,0.0,1.412718451008838
2004-01-20,-1.125,-1.6089960028014334,1.4302186691568297
2004-01-21,0.6173587959672632,0.8931913345538669,1.4467945389106116
2004-01-22,1.125,1.624533974818299,1.444030199838488
2004-01-23,-1.5390451648702117,-2.311785714788336,1.5020908856715
2004-01-26,-1.9453568998103536,-2.8191584146602366,1.449172856114509
2004-01-27,0.953125,1.413927540935076,1.4834649609810633
2004-01-28,-2.234375,-3.479686300230861,1.5573421203830426
2004-01-29,0.1949672506639287,0.32013809316585823,1.6420095789199516
2004-01-30,0.0,0.0,1.6471415549703878
2004-02-02,0.0,0.0,1.6472248029902412
2004-02-03,0.0,0.0,1.6600930256644701
2004-02-04,-0.03952112280658726,-0.06566269572891678,1.6614582548745889
2004-02-05,-0.921875,-1.6990110992391068,1.842995090700048
2004-02-06,1.578125,2.8318128946842425,1.794416091681104
2004-02-09,0.40625,0.7379971687261353,1.8166084153258715
2004-02-10,-0.5625,-1.0256600731865186,1.823395685664922
2004-02-11,1.453125,2.6743351395931754,1.840402676709282
2004-02-12,-0.390625,-0.7334701451851956,1.8776835716741007
2004-02-13,0.7002088907679684,1.3307350148253347,1.900482887850544
2004-02-16,0.0,0.0,1.9265237260321684
2004-02-17,-0.046875,-0.09115475991642208,1.9446348782170044
2004-02-18,-0.0625,-0.12234590830846429,1.9575345329354286
2004-02-19,0.0625,0.12312233883707029,1.9699574213931246
2004-02-20,-0.671875,-1.3716655106675837,2.0415486670401246
2004-02-23,0.828125,1.6749025565591853,2.0225238418827898
2004-02-24,0.328125,0.6651425132093546,2.027100992638033
2004-02-25,0.171875,0.37757289011898876,2.196787724328662
2004-02-26,-0.4294531974101975,-0.944646246230768,2.1996488835743317
2004-02-27,1.75,3.820458130098639,2.1831189314849366
2004-03-01,-0.28125,-0.6903407196334721,2.454544780919012
2004-03-02,-1.71875,-4.061459294048902,2.363030861992088
2004-03-03,-0.28125,-0.6588660641481747,2.342634894749066
2004-03-04,1.21875,2.7994364474828615,2.296973495370553
2004-03-05,6.4375,9.878804947578397,1.5345716423422753
2004-03-08,1.75,2.693400429196866,1.5390859595410664
2004-03-09,1.46875,2.2386718232061296,1.5242020923956627
2004-03-10,-0.46875,-0.7175121929413194,1.5306926782748147
2004-03-11,-0.125,-0.19306515689486903,1.5445212551589522
2004-03-12,-0.28125,-0.43389362732600956,1.5427328971591452
2004-03-15,-0.40625,-0.6257482407630033,1.5403033618781619
2004-03-16,2.40625,3.5592112770609674,1.4791527385188437
2004-03-17,0.0,0.0,1.4949973766529046
2004-03-18,-2.0388117713084832,-2.9906569152800366,1.466862688045337
2004-03-19,-1.5387796143546448,-2.2014941341150847,1.430675395994493
2004-03-22,2.09375,2.926161074961401,1.3975694686382811
2004-03-23,0.125,0.17672804254916902,1.4138243403933521
2004-03-24,0.21875,0.3209314264279015,1.4671150922418355
2004-03-25,-0.5625,-0.8238937010668317,1.4646999130077007
2004-03-26,-3.21875,-4.411422316754733,1.3705389721956451
2004-03-29,-1.25,-1.7884256494445192,1.4307405195556153
2004-03-30,-0.31884774015213463,-0.4565984256172107,1.4320265384328892
2004-03-31,1.140625,1.640172528174495,1.4379594767557216
2004-04-01,-1.0625,-1.5229827063126917,1.433395488294298
2004-04-02,-3.875,-4.974502323074204,1.2837425349868914
2004-04-05,-1.1013014430009278,-1.3789547204713215,1.2521137870425543
2004-04-06,0.0,0.0,1.2458702860770383
2004-04-07,0.0,0.0,1.2456134269295227
2004-04-08,0.0,0.0,1.2453566736726815
2004-04-09,0.0,0.0,1.2451000262410472
2004-04-12,0.0,0.0,1.24485446664388
2004-04-13,0.0,0.0,1.245662501564033
2004-04-14,-0.03711956639596787,-0.046231504688783356,1.2454753429933727
2004-04-15,0.171875,0.21394548376918485,1.2447737237479846
2004-04-16,-0.921875,-1.1417251317285548,1.238481498824195
2004-04-19,0.421875,0.519668395179562,1.2318065663515543
2004-04-20,0.65625,0.8074123325733075,1.2303426020164685
2004-04-21,0.234375,0.2890247396634952,1.233172222564246
2004-04-22,-0.828125,-1.0174879160913346,1.2286646533933097
2004-04-23,1.4375,1.754158851434601,1.2202844183892876
2004-04-26,-0.28125,-0.3461572702864034,1.2307814054627677
2004-04-27,-0.5625,-0.6899032800336755,1.2264947200598675
2004-04-28,1.0,1.21533356182173,1.21533356182173
2004-04-29,0.84375,1.024974265005608,1.2147843140807204
2004-04-30,-0.671875,-0.8166288984517046,1.2154476628118394
2004-05-03,0.0,0.0,1.2116692842375854
2004-05-04,0.390625,0.4727480598075341,1.2102350331072873
2004-05-05,0.5,0.6050476062749589,1.2100952125499178
2004-05-06,0.453125,0.5486766561643294,1.2108726205005889
2004-05-07,2.703125,3.1325133528417735,1.1588488704154538
2004-05-10,-0.19221079572514002,-0.22524111996288024,1.1718442718741633
2004-05-11,-0.53125,-0.620840202360667,1.1686403809141965
2004-05-12,0.53125,0.6185087961062988,1.1642518514942095
2004-05-13,1.40625,1.6325058033732516,1.16089301573209
2004-05-14,-2.3083041012483583,-2.631565391539986,1.1400427656463479
2004-05-17,-2.96875,-3.184726572619535,1.0727500034086854
2004-05-18,1.2153155238204443,1.2872392170754232,1.0591810865945996
2004-05-19,0.953125,1.0112750279996052,1.0610098654422087
2004-05-20,-1.078125,-1.1459959770687684,1.0629527903246547
2004-05-21,0.640625,0.676110239266328,1.0553915930010973
2004-05-24,-0.359375,-0.38511751395160365,1.0716313431696798
2004-05-25,-0.28125,-0.30257342287744043,1.0758166146753438
2004-05-26,-1.015625,-1.0847180030986943,1.0680300338202529
2004-05-27,-1.21875,-1.28490622154551,1.0542820279347775
2004-05-28,1.0435208563675686,1.0874938971919113,1.0421391106426086
2004-05-31,0.0,0.0,1.046662581409441
2004-06-01,0.0,0.0,1.0464485138311654
2004-06-02,0.0,0.0,1.0462345337988832
2004-06-03,-0.034421044173368526,-0.03600488506207558,1.0460137374313725
2004-06-04,1.0,1.0398512313455368,1.0398512313455368
2004-06-07,-0.359375,-0.37497242949093534,1.0434015429312984
2004-06-08,0.0,0.0,1.041577624069083
2004-06-09,0.625,0.6511487292420262,1.041837966787242
2004-06-10,-0.421875,-0.44145148136389034,1.0464035113810735
2004-06-11,0.0,0.0,1.0457365698249248
2004-06-14,1.15625,1.2001336859009908,1.0379534580765326
2004-06-15,-2.9375,-2.926566835333302,0.9962780716028261
2004-06-16,0.6226910210132883,0.6192739105086738,0.9945123498022278
2004-06-17,0.0,0.0,1.007152196876671
2004-06-18,0.0,0.0,1.0069467563464356
2004-06-21,0.0,0.0,1.0097988677051772
2004-06-22,0.0,0.0,1.0186211872947366
2004-06-23,0.0,0.0,1.0198023477206672
2004-06-24,0.0,0.0,1.020137920171497
2004-06-25,0.0,0.0,1.0199300428082707
2004-06-28,0.0,0.0,1.0393332582437973
2004-06-29,0.0,0.0,1.0391805247767263
2004-06-30,0.0,0.0,1.0389688964028634
2004-07-01,0.0,0.0,1.0387573542073854
2004-07-02,0.0,0.0,1.0385458981376634
2004-07-05,-0.032977846313156776,-0.03424212176370755,1.0383371139080837
2004-07-06,-0.234375,-0.24321775332708467,1.037729080862228
2004-07-07,0.0625,0.06509563926569238,1.041530228251078
2004-07-08,0.125,0.1303383569103884,1.0427068552831071
2004-07-09,0.203125,0.21183511772667865,1.042880579577495
2004-07-12,0.25,0.2633427576298696,1.0533710305194783
2004-07-13,-0.53125,-0.5592056814893568,1.0526224592740834
2004-07-14,-0.0625,-0.0660941149045955,1.057505838473528
2004-07-15,-0.046875,-0.049653879620406315,1.0592827652353347
2004-07-16,1.90625,1.9916000085656034,1.0447737749852346
2004-07-19,-0.015625,-0.016678333450278957,1.0674133408178532
2004-07-20,-1.5,-1.6147852035946844,1.076523469063123
2004-07-21,-0.484375,-0.5199736284191372,1.0734939425427348
2004-07-22,0.328125,0.3616065675332829,1.1020390629585766
2004-07-23,0.453125,0.4994772561642468,1.1022946342935103
2004-07-26,-0.5,-0.5513037271430025,1.102607454286005
2004-07-27,-1.640625,-1.7763976227476852,1.0827566462462082
2004-07-28,0.31160451250143667,0.3347296839164162,1.074213210936324
2004-07-29,0.0,0.0,1.0754696423887604
2004-07-30,0.0,0.0,1.080595157710875
2004-08-02,0.0,0.0,1.096342458959966
2004-08-03,-0.0320831505046708,-0.03520125081653252,1.0971880960196776
2004-08-04,-0.125,-0.13734687865908754,1.0987750292727003
2004-08-05,0.421875,0.4685900586405476,1.1107319908516684
2004-08-06,2.984375,3.1540775365788405,1.0568636771782502
2004-08-09,-0.484375,-0.5192411569547166,1.0719817433903827
2004-08-10,-0.703125,-0.7498886637474346,1.0665083217741291
2004-08-11,0.25,0.2656723029499704,1.0626892117998816
2004-08-12,0.375,0.3985481549960064,1.0627950799893504
2004-08-13,0.658954503166243,0.6996106423540795,1.0616979457496472
2004-08-16,-0.5317869778020812,-0.5666332592338934,1.065526767082253
2004-08-17,1.65625,1.739991189645033,1.0505607182762464
2004-08-18,-0.75,-0.791367365561219,1.0551564874149586
2004-08-19,0.53125,0.5578453617106903,1.05006185733777
2004-08-20,-0.65625,-0.6895855976377834,1.0507971011623365
2004-08-23,-1.34375,-1.4177261114299125,1.0550519899013302
2004-08-24,0.125,0.13113948407392342,1.0491158725913874
2004-08-25,0.40618569155495826,0.43309465111228584,1.0662479258053499
2004-08-26,0.5625,0.5998808880059989,1.0664549120106648
2004-08-27,0.0,0.0,1.0779938510134945
2004-08-30,0.56241676955361,0.794864977760042,1.413302413423636
2004-08-31,1.6875,2.3941362468079603,1.4187474055158282
2004-09-01,0.53125,0.769967668357805,1.4493509051441034
2004-09-02,-1.75,-2.487214970877985,1.4212656976445628
2004-09-03,-2.90625,-3.854371574391543,1.3262353804357998
2004-09-06,-0.03104881096426024,-0.04067916004007528,1.3101680475590636
2004-09-07,0.609375,0.7969507381963725,1.30781659601456
2004-09-08,1.390625,1.8742361901951607,1.3477653502526998
2004-09-09,-0.328125,-0.44446163113137516,1.35454973297181
2004-09-10,0.328125,0.4571914863275014,1.3933454821409565
2004-09-13,0.3753545480148104,0.5325081340357886,1.4186803832593426
2004-09-14,0.625,0.915760962050608,1.4652175392809728
2004-09-15,-1.1875,-1.7253820729040268,1.4529533245507593
2004-09-16,2.875,3.9059130858001088,1.3585784646261247
2004-09-17,-1.46875,-1.9929474973908965,1.356900423755504
2004-09-20,2.125,2.990702957121186,1.4073896268805581
2004-09-21,0.34375,0.4934535502394014,1.4355012370600768
2004-09-22,1.125,1.602789159212587,1.4247014748556328
2004-09-23,-1.4375,-2.0455628379034385,1.4230002350632616
2004-09-24,-0.09375,-0.13369254247104037,1.426053786357764
2004-09-27,0.9375,1.4958814302212093,1.5956068589026233
2004-09-28,-0.25,-0.4043429821849074,1.6173719287396295
2004-09-29,-2.40625,-3.7037450775943093,1.539218733545687
2004-09-30,-0.59375,-0.901832999904059,1.5188766314173625
2004-10-01,-1.875,-2.761310789720872,1.472699087851132
2004-10-04,0.4075633217236701,0.594494219718759,1.458654859334543
2004-10-05,0.125,0.18259388634769996,1.4607510907815997
2004-10-06,-0.78125,-1.1361344907738105,1.4542521481904773
2004-10-07,-0.328125,-0.47507747924998844,1.4478551748571076
2004-10-08,1.609375,2.280615486742557,1.4170814674905208
2004-10-11,0.0,0.0,1.4360506652908904
2004-10-12,0.5,0.7174817857742205,1.434963571548441
2004-10-13,0.515625,0.7422914413023889,1.4395955225258452
2004-10-14,0.875,1.255279816803196,1.4346055049179383
2004-10-15,-0.6386832701905913,-0.9214791181023785,1.4427794825867244
2004-10-18,0.03125,0.04568247193391229,1.4618391018851933
2004-10-19,0.1875,0.27417095514760514,1.462245094120561
2004-10-20,1.40625,2.0310744835753853,1.4443196327647183
2004-10-21,-0.1875,-0.2744325098873204,1.4636400527323752
2004-10-22,0.59375,0.8706088402170846,1.466288572997195
2004-10-25,0.625,0.9189977260553129,1.4703963616885007
2004-10-26,-0.3125,-0.460273614999935,1.472875567999792
2004-10-27,-2.875,-3.975970490007659,1.3829462573939684
2004-10-28,0.40625,0.555213022018123,1.3666782080446103
2004-10-29,1.46875,1.9819551049527926,1.3494162416699864
2004-11-01,-1.71875,-2.4094652587061587,1.4018706959744922
2004-11-02,0.40625,0.5646899296943038,1.3900059807859784
2004-11-03,0.3125,0.4356476917036455,1.3940726134516654
2004-11-04,-0.15625,-0.21849340527559885,1.3983577937638327
2004-11-05,-3.40625,-4.438462456968945,1.3030348497523507
2004-11-08,-0.6232575820764934,-0.8287876938229473,1.3297675273547316
2004-11-09,-0.013802929186730265,-0.019550392833722677,1.4163944891145175
2004-11-10,0.0,0.0,1.4324092915648614
2004-11-11,0.0,0.0,1.4423872822805217
2004-11-12,-0.02662286081906337,-0.038747916982761754,1.4554377625343782
2004-11-15,0.0,0.0,1.4597486516321938
2004-11-16,0.0,0.0,1.4609645385044716
2004-11-17,0.0,0.0,1.4615974847133628
2004-11-18,-0.02835112604585306,-0.041774190493144375,1.47345789460291
2004-11-19,-1.15625,-1.7051777972721422,1.4747483652083393
2004-11-22,0.21875,0.3236352626910193,1.4794754865875168
2004-11-23,-0.171875,-0.25441621285432064,1.4802397838796837
2004-11-24,-0.15625,-0.23102170442202263,1.4785389083009448
2004-11-25,0.0,0.0,1.477233893761602
2004-11-26,-0.40625,-0.5992071707744168,1.474971497290872
2004-11-29,-1.3564138905996137,-1.983171836582027,1.4620698374781091
2004-11-30,0.0,0.0,1.454601957033109
2004-12-01,0.0,0.0,1.4543122189259043
2004-12-02,-0.02828867872481609,-0.04126243111326582,1.4586199488019416
2004-12-03,-1.96875,-2.787130884819708,1.415685528797312
2004-12-06,-0.3565339977187253,-0.49975640872988486,1.4017075844872156
2004-12-07,0.0,0.0,1.4140772310534986
2004-12-08,0.0,0.0,1.5179310600478009
2004-12-09,-0.028391855399167408,-0.04323109341425513,1.522658269650207
2004-12-10,0.25,0.3803371036538858,1.5213484146155432
2004-12-13,0.078125,0.11895792518365778,1.5226614423508196
2004-12-14,0.328125,0.49923764973951523,1.5214861706347131
2004-12-15,0.59375,0.9018033618170743,1.518826714639283
2004-12-16,-1.4017509244126243,-2.099047556145981,1.4974468855981278
2004-12-17,-0.6830156076602178,-1.0122622076075516,1.4820484279637798
2004-12-20,-0.015625,-0.023081818026411995,1.4772363536903677
2004-12-21,0.375,0.5531651416738099,1.475107044463493
2004-12-22,-0.359375,-0.5303292820381452,1.475698871758317
2004-12-23,-0.09375,-0.13808712445617088,1.4729293275324895
2004-12-24,0.0,0.0,1.4720191877278161
2004-12-27,-0.921875,-1.347207499616108,1.461377626702219
2004-12-28,-0.05756021545973136,-0.08375192636437342,1.4550314951994154
2004-12-29,0.0,0.0,1.4550277892319146
2004-12-30,0.0,0.0,1.4547862162960226
2004-12-31,0.0,0.0,1.454685869807573
2005-01-03,0.0,0.0,1.4548944425678807
2005-01-04,0.0,0.0,1.4553593843597032
2005-01-05,0.0,0.0,1.4584818847118606
2005-01-06,0.0,0.0,1.4582401837877161
2005-01-07,0.0,0.0,1.4579778845396008
2005-01-10,0.0,0.0,1.5030572189902616
2005-01-11,0.0,0.0,1.5027626910519314
2005-01-12,0.0,0.0,1.5319884601154057
2005-01-13,0.0,0.0,1.534830045500879
2005-01-14,-0.024991178126992288,-0.038385576659545784,1.5359650699334808
2005-01-17,0.0,0.0,1.538255137041761
2005-01-18,0.15625,0.24078145478641833,1.5410013106330773
2005-01-19,0.015625,0.024674199315949462,1.5791487562207656
2005-01-20,0.328125,0.5180427757359601,1.5787970308143546
2005-01-21,0.453125,0.7149835018454588,1.5778946247623917
2005-01-24,0.109375,0.17288029515286452,1.5806198413976185
2005-01-25,-0.828125,-1.301312450797993,1.5713961670013499
2005-01-26,-0.140625,-0.22007828707269927,1.5650011525169727
2005-01-27,-0.21875,-0.34196174225535564,1.5632536788816258
2005-01-28,0.96875,1.502413002979214,1.5508779385591887
2005-01-31,0.03125,0.05283949314716602,1.6908637807093125
2005-02-01,0.015625,0.026477978900889723,1.6945906496569423
2005-02-02,-0.046875,-0.07980285054598192,1.7024608116476143
2005-02-03,-0.453125,-0.7700469892420815,1.699414045223904
2005-02-04,1.265625,2.1160924897956797,1.6719743129249816
2005-02-07,0.21875,0.3691112169510121,1.6873655632046267
2005-02-08,0.10091217932286445,0.17085471632603733,1.6931030275284666
2005-02-09,2.1875,3.633313865015384,1.6609434811498898
2005-02-10,-2.1875,-3.5276444732576335,1.612637473489204
2005-02-11,-0.96875,-1.5377081009315055,1.5873115880583282
2005-02-14,0.5070205870872998,0.8024217761117194,1.5826216854850448
2005-02-15,-0.3387358542783248,-0.5455248576005075,1.6104727347589045
2005-02-16,-0.890625,-1.4217452224575782,1.5963455129348247
2005-02-17,-0.21875,-0.3481119510930662,1.5913689192825884
2005-02-18,-1.0713304393655023,-1.6900748666774226,1.5775476963749606
2005-02-21,0.0,0.0,1.569641314045939
2005-02-22,0.0,0.0,1.5738323260706737
2005-02-23,0.0,0.0,1.6152193997016437
2005-02-24,0.0,0.0,1.6191538790612987
2005-02-25,0.0,0.0,1.6664513773774505
2005-02-28,0.0,0.0,1.8132159932654386
2005-03-01,-0.023270548199306417,-0.04218641765552868,1.812867376144841
2005-03-02,0.0,0.0,1.8193821241489307
2005-03-03,0.15625,0.29003367345857267,1.8562155101348652
2005-03-04,-0.859375,-1.5852886359213771,1.8446995036176026
2005-03-07,-0.125,-0.22987278009730233,1.8389822407784187
2005-03-08,0.9375,1.7093004332777268,1.823253795496242
2005-03-09,1.671875,2.98479556661598,1.7852982828357262
2005-03-10,-0.609375,-1.1077682179687092,1.817876049999933
2005-03-11,1.0,1.9609138539456377,1.9609138539456377
2005-03-14,-0.241709953968817,-0.4875360294083724,2.0170291765115698
2005-03-15,0.4375,0.92760474672568,2.120239421087269
2005-03-16,-0.875,-1.8439806383026125,2.107406443774414
2005-03-17,-1.25,-2.614089773370025,2.0912718186960197
2005-03-18,0.7582021147934972,1.6051488416009152,2.1170461151220756
2005-03-21,0.0625,0.1327499666352456,2.1239994661639297
2005-03-22,1.21875,2.5697905345089778,2.10854607959711
2005-03-23,0.109375,0.23198269350543982,2.1209846263354497
2005-03-24,-0.19508193927635042,-0.4449678261531931,2.280927838854717
2005-03-25,0.0,0.0,2.289027982148375
2005-03-28,0.875,2.077437300632683,2.3742140578659234
2005-03-29,-1.15625,-2.712182492205362,2.345671344610043
2005-03-30,-0.9375,-2.162308260814623,2.3064621448689313
2005-03-31,-2.085110315170557,-4.562339202206229,2.188056511452748
2005-04-01,-0.515625,-1.1151916835373774,2.162795992314914
2005-04-04,-0.08508196263410475,-0.1897178482138458,2.2298245402463035
2005-04-05,0.0,0.0,2.2285249245820813
2005-04-06,0.0,0.0,2.2353615948255947
2005-04-07,0.0,0.0,2.2427094143653066
2005-04-08,0.0,0.0,2.264991280471381
2005-04-11,0.0,0.0,2.2768402067372926
2005-04-12,0.0,0.0,2.2764246061067883
2005-04-13,0.0,0.0,2.277044827123541
2005-04-14,-0.02214007767046868,-0.05176661183719385,2.3381404802496344
2005-04-15,1.125,2.5861200982051233,2.2987734206267763
2005-04-18,0.328125,0.7605045919282504,2.317728280162287
2005-04-19,0.635225439581888,1.4739240286656419,2.3203164370050953
2005-04-20,-0.21875,-0.5092702784429102,2.3280927014533037
2005-04-21,-2.46875,-5.91398014617723,2.3955362617426754
2005-04-22,1.1037910579687278,2.5764544801207268,2.3341867661639655
2005-04-25,-0.046875,-0.11329079954686785,2.4168703903331807
2005-04-26,-0.109375,-0.27569163962230964,2.520609276546831
2005-04-27,0.46875,1.1797674260628523,2.5168371756007515
2005-04-28,0.921875,2.2992386149371096,2.494089345016526
2005-04-29,-0.5212170370216972,-1.3004615414523215,2.495048030055445
2005-05-02,0.34375,1.0265255511162967,2.9862561487019543
2005-05-03,-0.5,-1.4987730055036803,2.9975460110073606
2005-05-04,0.8125,2.4018645960182012,2.956141041253171
2005-05-05,1.0,2.9161356565284344,2.9161356565284344
2005-05-06,-3.25,-8.07231466368502,2.4837891272876984
2005-05-09,-0.42776238857328414,-1.0440119056956034,2.4406351132873
2005-05-10,0.921875,2.2180913401903717,2.406065182579386
2005-05-11,0.25,0.6033982095704288,2.413592838281715
2005-05-12,0.3125,0.7539162718497452,2.412532069919185
2005-05-13,0.625,1.501404140528663,2.4022466248458607
2005-05-16,0.015625,0.0383552560376053,2.454736386406739
2005-05-17,0.16885849983194176,0.41456666516255175,2.4551128049529853
2005-05-18,1.4375,3.431042345822659,2.386812066659241
2005-05-19,-1.25,-2.9393501059116938,2.351480084729355
2005-05-20,-0.3125,-0.729596600454054,2.3347091214529727
2005-05-23,1.90625,4.242943129450157,2.225806231842705
2005-05-24,1.90625,4.181161629080129,2.1933962644354774
2005-05-25,-1.125,-2.4488020357912297,2.176712920703315
2005-05-26,-0.6875,-1.4799629707015654,2.1526734119295496
2005-05-27,0.3125,0.6697060551927314,2.1430593766167405
2005-05-30,0.0,0.0,2.2541506767771793
2005-05-31,1.75,3.798522087032132,2.1705840497326467
2005-06-01,2.59375,5.230778135914026,2.016685546376492
2005-06-02,0.38536688045111706,0.7846176719168487,2.0360277743597526
2005-06-03,-3.84375,-6.6938766869933195,1.7414963738519205
2005-06-06,1.0570077768111332,1.7907384031907319,1.6941582100684034
2005-06-07,1.53125,2.547656083538271,1.6637754014943809
2005-06-08,-0.875,-1.456257475886999,1.6642942581565703
2005-06-09,-0.65625,-1.086961550749981,1.6563223630475903
2005-06-10,-2.34375,-3.744581530250278,1.597688119573452
2005-06-13,-1.0625,-1.6693998259565261,1.5711998361943775
2005-06-14,-1.208675580777853,-1.8647893000911822,1.542836911531779
2005-06-15,-0.0625,-0.09600159855129368,1.536025576820699
2005-06-16,0.65625,1.004803540516834,1.5311292045970804
2005-06-17,-0.25,-0.3836614169803806,1.5346456679215223
2005-06-20,-0.390625,-0.5978574226991832,1.530515002109909
2005-06-21,0.84375,1.2904378142980226,1.5294077799087675
2005-06-22,1.65625,2.481169534998359,1.4980646249046694
2005-06-23,-0.265625,-0.40057416427823206,1.5080439125768736
2005-06-24,0.65625,0.9845665506149006,1.500291886651277
2005-06-27,0.197626047982011,0.29721104537557275,1.5039062330620836
2005-06-28,-2.0,-2.908311774356972,1.454155887178486
2005-06-29,-0.6875,-0.986666974329313,1.435151962660819
2005-06-30,0.7912557219762192,1.1259077730898086,1.422937922366958
2005-07-01,-1.4375,-2.0175485743194574,1.4035120517004922
2005-07-04,0.0,0.0,1.3941456248189181
2005-07-05,-1.1875,-1.6362667917337814,1.3779088772495
2005-07-06,0.47854391218213427,0.6544920248011071,1.3676739127589337
2005-07-07,0.0,0.0,1.3703954971171706
2005-07-08,0.0,0.0,1.3701308092816709
2005-07-11,0.0,0.0,1.369873160920483
2005-07-12,0.0,0.0,1.369608676141579
2005-07-13,0.0,0.0,1.369615421373241
2005-07-14,0.0,0.0,1.369353799725399
2005-07-15,0.0,0.0,1.3702860670109216
2005-07-18,0.0,0.0,1.3723088303485849
2005-07-19,0.0,0.0,1.3721775974438921
2005-07-20,0.0,0.0,1.379606322060656
2005-07-21,0.0,0.0,1.3795633991803569
2005-07-22,-0.021459073706544367,-0.029609922011270096,1.379832252602775
2005-07-25,0.28125,0.3907122205203526,1.389199006294587
2005-07-26,-0.0625,-0.0869172787875602,1.3906764606009632
2005-07-27,0.296875,0.4123615969350395,1.3890074844127647
2005-07-28,-0.953125,-1.3156138622014748,1.3803161832933506
2005-07-29,1.2909910665338586,1.752983512835282,1.3578587476533144
2005-08-01,0.0,0.0,1.3834905727314386
2005-08-02,-0.02155087947516757,-0.029821260640108475,1.3837607265388225
2005-08-03,-0.484375,-0.6688359437220127,1.3808225934906069
2005-08-04,0.328125,0.46995920815843123,1.4322566343876
2005-08-05,1.109375,1.6405059971005764,1.478765969217421
2005-08-08,0.328125,0.4911438850946643,1.4968194593361197
2005-08-09,-0.5059206079210485,-0.7582557072659276,1.4987642238607075
2005-08-10,0.0,0.0,1.496572078521237
2005-08-11,-1.75,-2.5670467409866413,1.4668838519923666
2005-08-12,-2.1775000912929694,-3.0445310237058685,1.3981772197759441
2005-08-15,0.41623734905228454,0.5807981049270587,1.395353171092062
2005-08-16,-0.014792320366772424,-0.020676037117580464,1.3977548217536222
2005-08-17,0.0,0.0,1.3973913505185223
2005-08-18,0.0,0.0,1.397122951885467
2005-08-19,0.0,0.0,1.3968546563359074
2005-08-22,0.0,0.0,1.3965864638104684
2005-08-23,0.0,0.0,1.3963183742498193
2005-08-24,0.0,0.0,1.3960567292342305
2005-08-25,0.0,0.0,1.395788844208478
2005-08-26,-0.02102803078205663,-0.029350962018566056,1.3958017430529654
2005-08-29,0.296875,0.41653212990840305,1.4030555954809365
2005-08-30,1.40625,1.9431965963740918,1.3818286907549098
2005-08-31,1.0,1.389080904231732,1.389080904231732
2005-09-01,0.390625,0.5571857372261417,1.4263954872989228
2005-09-02,-0.1620705183556476,-0.232221260663952,1.4328408585352062
2005-09-05,0.0,0.0,1.443788493519502
2005-09-06,-1.375,-1.9541306407335937,1.4211859205335227
2005-09-07,-1.375,-1.914123114461698,1.3920895377903257
2005-09-08,-0.021340309362264644,-0.029704799596846427,1.3919573091743662
2005-09-09,0.125,0.1762274560577585,1.409819648462068
2005-09-12,-0.71875,-1.014196677334681,1.4110562467265129
2005-09-13,0.59375,0.8324282754801471,1.4019844639665635
2005-09-14,-0.484375,-0.6880966700963097,1.4205866737472201
2005-09-15,-0.65625,-0.926689673224406,1.4120985496752854
2005-09-16,-0.693326804079031,-0.9722344625243718,1.4022744495156554
2005-09-19,0.0,0.0,1.3975204837353732
2005-09-20,0.0,0.0,1.4063977054443488
2005-09-21,0.0,0.0,1.4223838304431347
2005-09-22,0.0,0.0,1.4330024474093506
2005-09-23,0.0,0.0,1.4891397897375314
2005-09-26,0.0,0.0,1.4924486876890175
2005-09-27,0.0,0.0,1.4922616288367359
2005-09-28,-0.021697774451600607,-0.03237243330273469,1.491970219109114
2005-09-29,0.375,0.5586126299876358,1.489633679967029
2005-09-30,0.671875,0.9983078764141967,1.4858535835001998
2005-10-03,0.71875,1.0660959449300977,1.4832639233810054
2005-10-04,-0.109375,-0.16272070576792427,1.487732167021022
2005-10-05,-0.109375,-0.16259045461748697,1.486541299359881
2005-10-06,0.0,0.0,1.485510757051907
2005-10-07,-0.125,-0.18562817790131855,1.4850254232105484
2005-10-10,0.0,0.0,1.500957254857575
2005-10-11,0.203125,0.3050078858240692,1.501577284056956
2005-10-12,0.796875,1.1949434609237604,1.4995368921396208
2005-10-13,0.43146155416159265,0.6484241988914321,1.5028551040924998
2005-10-14,0.34375,0.5471669699611428,1.591758458068779
2005-10-17,0.125,0.20156744346718225,1.612539547737458
2005-10-18,-0.375,-0.6041212511699281,1.6109900031198083
2005-10-19,-0.53125,-0.8519830973002532,1.6037328890357707
2005-10-20,-0.0625,-0.10017980650295655,1.6028769040473048
2005-10-21,-1.71875,-2.6986848846773532,1.5701439329031874
2005-10-24,1.541253437617393,2.353529217053312,1.5270228501106264
2005-10-25,0.875,1.3373453162638702,1.5283946471587089
2005-10-26,0.9786334017697114,1.4916948881161414,1.5242632076716731
2005-10-27,-0.96875,-1.4791654205906595,1.5268804341581002
2005-10-28,0.21875,0.3353958374674468,1.5332381141368996
2005-10-31,-0.125,-0.21251771723677593,1.7001417378942074
2005-11-01,0.34375,0.5843672062450976,1.6999773272584657
2005-11-02,0.9375,1.5954505315393654,1.7018139003086565
2005-11-03,1.5,2.5069806219480095,1.6713204146320064
2005-11-04,0.16615888415013383,0.2797377205983669,1.6835556041987394
2005-11-07,-0.796875,-1.339052902763192,1.6803801132714569
2005-11-08,-2.8125,-4.3631544256905315,1.5513437958010778
2005-11-09,2.5098461903653213,3.632368148568229,1.4472473104176629
2005-11-10,-1.8125,-2.6247546932894386,1.4481405204355524
2005-11-11,0.0,0.0,1.4556973390747638
2005-11-14,1.28125,1.8398090630173427,1.4359485369891456
2005-11-15,-1.2962728736341058,-1.9041406309777804,1.4689350288103422
2005-11-16,-1.96875,-2.868292049742826,1.4569102474884197
2005-11-17,-0.8023609230189969,-1.1646170702037044,1.4514877741324532
2005-11-18,0.59375,0.8593871538594695,1.4473888907106855
2005-11-21,-0.578125,-0.8371551608511381,1.4480521701208875
2005-11-22,-0.515625,-0.7427764940966429,1.4405362309753076
2005-11-23,0.6351258263123944,0.9344720017309895,1.4713179074398999
2005-11-24,0.0,0.0,1.5707494467506917
2005-11-25,0.0,0.0,1.5726962434796798
2005-11-28,0.0,0.0,1.833020177257886
2005-11-29,0.0,0.0,1.855935523897011
2005-11-30,0.0,0.0,1.9063666068292093
2005-12-01,0.0,0.0,1.923191872504714
2005-12-02,-0.021102108023795894,-0.04078235390591965,1.9326199003403468
2005-12-05,0.59375,1.2214921297924315,2.0572499028083056
2005-12-06,-1.0625,-2.191407895319733,2.0625015485362193
2005-12-07,0.25,0.5222089243074863,2.0888356972299453
2005-12-08,-0.90625,-1.8751741812279994,2.0691577172171027
2005-12-09,1.125,2.2932976249716237,2.0384867777525546
2005-12-12,0.1875,0.38427212798937505,2.049451349276667
2005-12-13,-0.28125,-0.5773315420290988,2.052734371659018
2005-12-14,-1.125,-2.2899420458632043,2.0355040407672926
2005-12-15,0.10353899159424529,0.2170271986317417,2.096091484860512
2005-12-16,0.0,0.0,2.0986185547775524
2005-12-19,0.0,0.0,2.1099861797487676
2005-12-20,0.0,0.0,2.1106608339150776
2005-12-21,0.0,0.0,2.2262530190864904
2005-12-22,0.0,0.0,2.240383752533413
2005-12-23,0.0,0.0,2.259527107913663
2005-12-26,0.0,0.0,2.326164771504592
2005-12-27,0.0,0.0,2.325725823017097
2005-12-28,-0.0212204598244886,-0.0503636232357087,2.3733521164130775
2005-12-29,0.0,0.0,2.380664685521396
2005-12-30,-0.34375,-0.8167791916651937,2.3760849212078363
2006-01-02,0.0,0.0,2.3718450304950824
2006-01-03,0.5,1.1813613000875127,2.3627226001750254
2006-01-04,0.25,0.5914017293581575,2.36560691743263
2006-01-05,0.0,0.0,2.3679046806041177
2006-01-06,-0.375,-0.8859754598270879,2.362601226205568
2006-01-09,0.0,0.0,2.358050800438735
2006-01-10,-0.71875,-1.6818534483160628,2.339970015048435
2006-01-11,-0.48965423127670776,-1.1377875326839995,2.3236550610772237
2006-01-12,0.0,0.0,2.317918532089305
2006-01-13,0.0,0.0,2.3174822100160175
2006-01-16,0.0,0.0,2.31706144943936
2006-01-17,0.0,0.0,2.319272878700456
2006-01-18,-0.0205280811856182,-0.047603661579098795,2.3189532985893253
2006-01-19,-0.53125,-1.2281501620339443,2.311812069710954
2006-01-20,0.15625,0.36490452419707803,2.3353889548612994
2006-01-23,0.0732528320008211,0.17541963436489122,2.39471471031898
2006-01-24,0.0,0.0,2.395084894333092
2006-01-25,0.0,0.0,2.3946513580906013
2006-01-26,0.0,0.0,2.4026321406916584
2006-01-27,-0.020634838272517532,-0.04964852196165035,2.406053360145528
2006-01-30,0.34375,0.840909791854829,2.4462830308504113
2006-01-31,0.09375,0.10069651882930723,1.0740962008459438
2006-02-01,0.5,0.5413774925768144,1.082754985153629
2006-02-02,-0.020334317426137918,-0.022594823442880968,1.1111670467894523
2006-02-03,-0.5,-0.5790819933678045,1.158163986735609
2006-02-06,0.1875,0.23087528610898084,1.2313348592478979
2006-02-07,0.375,0.481405540666557,1.283748108444152
2006-02-08,0.75,0.9768823730176049,1.30250983069014
2006-02-09,-0.3125,-0.42617119656317753,1.363747829002168
2006-02-10,0.9375,1.250214095859583,1.333561702250222
2006-02-13,-0.125,-0.17796309477250286,1.4237047581800228
2006-02-14,0.6875,0.9638835155751931,1.40201238629119
2006-02-15,-0.07176665139614417,-0.10338655246675812,1.4405932345383583
2006-02-16,-0.3125,-0.4478924395356243,1.4332558065139978
2006-02-17,-1.3125,-1.7963422033653191,1.3686416787545288
2006-02-20,0.0,0.0,1.2399024020996687
2006-02-21,0.6875,1.7773502072152647,2.585236665040385
2006-02-22,-0.8125,-1.0123676110714654,1.2459909059341114
2006-02-23,1.25,1.5186096908382902,1.214887752670632
2006-02-24,0.0625,0.08105293720348146,1.2968469952557033
2006-02-27,0.5625,0.7299488697967133,1.2976868796386014
2006-02-28,-1.5,-1.9236438685096415,1.2824292456730944
2006-03-01,0.75,0.8824721789519917,1.176629571935989
2006-03-02,1.375,1.6879620101640926,1.2276087346647946
2006-03-03,1.125,1.4302891072856048,1.271368095364982
2006-03-06,1.25,1.621187562995042,1.2969500503960336
2006-03-07,-0.14384527464399624,-0.19768963873546477,1.3743213965472856
2006-03-08,-0.1875,-0.2590040413682748,1.3813548872974657
2006-03-09,-0.375,-0.5161182408904171,1.3763153090411124
2006-03-10,0.65625,0.886779108996491,1.3512824518041768
2006-03-13,0.65625,0.9234034652086054,1.4070909946035892
2006-03-14,-3.28125,-4.1070770275310275,1.251680617914218
2006-03-15,0.9190369104205363,0.899620922302088,0.978873549148789
2006-03-16,-2.4375,-2.340925487083706,0.9603796870087
2006-03-17,0.5439854362739658,1.0668813023005959,1.9612313697370485
2006-03-20,-0.28125,-0.5523551774438027,1.9639295198001872
2006-03-21,0.90625,1.7595492953787333,1.9415716362799815
2006-03-22,-0.0625,-0.12183044275833846,1.9492870841334153
2006-03-23,0.53125,1.0315593384589286,1.9417587547462183
2006-03-24,-0.96875,-1.8674380408114033,1.9276779776117712
2006-03-27,0.34375,0.6621802334475893,1.9263424973020777
2006-03-28,1.0625,2.0347227964743158,1.9150332202111207
2006-03-29,0.34375,0.6605737254048468,1.9216690193595543
2006-03-30,0.5751652714912784,1.1026526950622257,1.917105829778782
2006-03-31,-0.3125,-0.5998759770874722,1.9196031266799112
2006-04-03,0.6875,1.3105242769306056,1.906217130080881
2006-04-04,-0.125,-0.2389410383099181,1.911528306479345
2006-04-05,-1.0625,-2.0038924949261183,1.8860164658128171
2006-04-06,1.125,2.0957386026429026,1.8628787579048023
2006-04-07,1.625,2.958791466354957,1.8207947485261275
2006-04-10,-0.0625,-0.11477184923837974,1.8363495878140759
2006-04-11,-0.8307513720241204,-1.5134018088741479,1.8217265235286388
2006-04-12,1.875,3.2792140266297154,1.7489141475358483
2006-04-13,0.0,0.0,1.7689006786487145
2006-04-14,0.0,0.0,1.768643989448137
2006-04-17,0.75,1.3612095797390729,1.8149461063187637
2006-04-18,-1.875,-3.371549810368554,1.7981598988632288
2006-04-19,1.40625,2.4741535938991466,1.7593981112171708
2006-04-20,0.375,0.6697529967583878,1.786007991355701
2006-04-21,-0.46875,-0.8450395334190228,1.8027510046272486
2006-04-24,-1.03125,-1.8344469536935335,1.7788576520664567
2006-04-25,3.09375,4.963967793694498,1.6045148424063023
2006-04-26,1.40625,2.2467136381918786,1.5976630316031137
2006-04-27,-1.6875,-2.662111650307629,1.5775476446267431
2006-04-28,-1.03125,-1.6326121480425688,1.5831390526473395
2006-05-01,2.625,3.8813649007924473,1.4786152003018846
2006-05-02,-0.65625,-0.9834393033995306,1.4985741766088085
2006-05-03,1.40625,2.2190158543200718,1.5779668297387177
2006-05-04,0.28125,0.18198580950341808,0.6470606560121532
2006-05-05,-1.78125,-3.00849670938771,1.6889806087790653
2006-05-08,0.46875,0.7835650070266267,1.6716053483234703
2006-05-09,0.09375,0.15963655396447185,1.7027899089543663
2006-05-10,0.28125,0.48700248924546996,1.7315644062061155
2006-05-11,0.84375,1.5123643804369842,1.7924318582956849
2006-05-12,1.6875,2.9652219173389844,1.7571685436082871
2006-05-15,-1.40625,-2.4472739685456664,1.7402837109658071
2006-05-16,-1.96875,-3.284102093596731,1.6681153491284983
2006-05-17,1.476234501431824,2.39488369150414,1.6222921826994985
2006-05-18,-3.0,-4.518135161145606,1.506045053715202
2006-05-19,-0.3923492394537194,-0.5820975727262296,1.4836210044314166
2006-05-22,-0.5625,-0.8305382257975131,1.476512401417801
2006-05-23,0.7327653105661399,1.0738080155932674,1.4654187365442224
2006-05-24,-0.40625,-0.5963091650748668,1.467837944799672
2006-05-25,0.53125,0.7762589205859814,1.4611932622794945
2006-05-26,-0.28125,-0.4115804823371086,1.4633972705319416
2006-05-29,0.0,0.0,1.4612758625390139
2006-05-30,0.4375,0.6401073502483785,1.4631025148534365
2006-05-31,0.59375,0.8763352173743452,1.4759329976831077
2006-06-01,-0.14208728316099625,-0.09089330708467415,0.639700507058642
2006-06-02,-3.4375,-1.9818304387293,0.5765324912667055
2006-06-05,0.8575847168026729,1.1596105352795838,1.3521819040840088
2006-06-06,-0.1875,-0.25446421656532664,1.3571424883484087
2006-06-07,0.3125,0.4236076565346666,1.355544500910933
2006-06-08,-0.40625,-0.1652087091383587,0.4066675917251906
2006-06-09,-0.09375,-0.03811664019289822,0.4065774953909143
2006-06-12,0.0625,0.08559661963964119,1.369545914234259
2006-06-13,-0.375,-0.15149463050360373,0.40398568134294327
2006-06-14,1.2324439320236238,0.4674515395732596,0.3792882803242195
2006-06-15,-0.017614558953915605,-0.006979434581647429,0.3962310154859679
2006-06-16,0.375,0.14568089490002545,0.3884823864000678
2006-06-19,0.23236537662882548,0.09596934595311249,0.413010523966363
2006-06-20,0.375,0.1634432599035304,0.43584869307608104
2006-06-21,0.0,0.0,0.45804011329177496
2006-06-22,1.1875,0.5461519876690464,0.45991746330024963
2006-06-23,0.8125,0.4065217497033572,0.5003344611733627
2006-06-26,0.04492035317098497,0.023764768359430442,0.5290423311894311
2006-06-27,-1.125,-0.5928465687031873,0.5269747277361665
2006-06-28,1.3125,0.6302851446187517,0.4802172530428585
2006-06-29,-1.96875,-1.0187196557443468,0.517444904505065
2006-06-30,-2.71875,-1.121000357757249,0.41232197066933296
2006-07-03,0.45113131104806947,0.13406250161582958,0.29716957864080684
2006-07-04,0.0,0.0,0.3160624325709613
2006-07-05,2.125,2.462511340077459,1.1588288659188044
2006-07-06,-1.0,-0.3025744588255615,0.3025744588255615
2006-07-07,-1.4375,-0.3774750886076796,0.262591365987951
2006-07-10,-0.08011981720863495,-0.016655460693554894,0.20788191079097773
2006-07-11,-0.40625,-0.09197204421478936,0.22639272422101997
2006-07-12,0.0,0.0,0.21512059329566816
2006-07-13,-0.40625,-0.09041545639074315,0.22256112342336776
2006-07-14,-0.1875,-0.0384583210118301,0.20511104539642722
2006-07-17,0.125,0.02588697817237695,0.2070958253790156
2006-07-18,0.90625,0.1903927511081172,0.21008855294688797
2006-07-19,-1.09375,-0.23459042485122578,0.21448267414969213
2006-07-20,-0.4375,-0.06329837950219964,0.14468201029074204
2006-07-21,0.10748544440212393,0.017353563832118113,0.16145036128980458
2006-07-24,0.0,0.0,0.1734000278482008
2006-07-25,0.0,0.0,0.17498589578264356
2006-07-26,0.0,0.0,0.17688224143902576
2006-07-27,0.0,0.0,0.17156209126387015
2006-07-28,0.0,0.0,0.1809276685347352
2006-07-31,0.0,0.0,0.16074770263247376
2006-08-01,0.0,0.0,0.1627644508792111
2006-08-02,0.0,0.0,0.16306268872775923
2006-08-03,-0.017068360415514006,-0.002768721252849667,0.16221366232301276
2006-08-04,0.75,0.12510978656140279,0.16681304874853706
2006-08-07,-0.34375,-0.05752543059142078,0.16734670717504227
2006-08-08,0.09375,0.014875424497518091,0.15867119464019297
2006-08-09,-0.09375,-0.015186695778183146,0.16199142163395355
2006-08-10,-0.03125,-0.005100407748699875,0.163213047958396
2006-08-11,-0.59375,-0.09597379173234678,0.16164007028605773
2006-08-14,-0.5,-0.5779050558011587,1.1558101116023174
2006-08-15,0.920648028565418,0.12846897631779525,0.13954190128227345
2006-08-16,-0.012367902977512552,-0.001812626357713004,0.14655890824893597
2006-08-17,-0.016822992306586425,-0.0021939513627956264,0.13041385996096932
2006-08-18,0.40625,0.056504105985237175,0.1390870301175069
2006-08-21,0.15625,0.02623947219755972,0.1679326220643822
2006-08-22,0.0625,0.010812936185400426,0.17300697896640682
2006-08-23,-0.125,-0.022723884312736062,0.1817910745018885
2006-08-24,0.0625,0.012580569277979362,0.20128910844766978
2006-08-25,0.1875,0.040197199452843446,0.21438506374849836
2006-08-28,-0.1875,-0.04659404015372401,0.24850154748652806
2006-08-29,0.0625,0.01631065402187894,0.26097046435006305
2006-08-30,0.3125,0.0885859884581998,0.2834751630662394
2006-08-31,0.4524576307109347,0.12991332813651946,0.28712816254726453
2006-09-01,0.1875,0.05424767595721601,0.2893209384384854
2006-09-04,0.0,0.0,0.2963250309146602
2006-09-05,-1.25,-1.5321667157938945,1.2257333726351156
2006-09-06,-0.5625,-0.1722751892889191,0.30626700318030065
2006-09-07,0.1713615193073929,0.0573933535629802,0.334925564356292
2006-09-08,0.34375,0.12401412301165847,0.3607683578520974
2006-09-11,-0.40625,-0.1685694706600225,0.41494023547082465
2006-09-12,0.34375,0.13506023458697752,0.3929025006166619
2006-09-13,0.125,0.05011133341811576,0.40089066734492607
2006-09-14,-0.40625,-0.17407925834018864,0.42850278976046435
2006-09-15,-0.125,-0.05074300367450896,0.40594402939607166
2006-09-18,-0.21875,-0.3098064641185655,1.4162581216848709
2006-09-19,1.09375,0.47154366968542083,0.4311256408552419
2006-09-20,0.03125,0.012002676186608087,0.3840856379714588
2006-09-21,1.125,0.46196837349136755,0.4106385542145489
2006-09-22,0.7023815584914402,0.26235915792387693,0.3735279703062908
2006-09-25,0.9835826457691134,0.3715563737964948,0.37775816337828527
2006-09-26,-1.125,-0.4511173139068229,0.40099316791717593
2006-09-27,-0.28125,-0.0989488597047258,0.3518181678390251
2006-09-28,-1.125,-0.38189939667201034,0.3394661303751203
2006-09-29,-0.5625,-0.167373978148658,0.29755373893094755
2006-10-02,0.8273311398749255,0.23724177215948478,0.2867555211270672
2006-10-03,0.0,0.0,0.3337404793915423
2006-10-04,1.5,0.49350577949147956,0.3290038529943197
2006-10-05,-1.3287457910959588,-0.4946896165899856,0.37229816260186394
2006-10-06,-3.8602917863558663,-1.064354385202531,0.2757186358203473
2006-10-09,-0.01652079278787367,-0.0015697335490751398,0.09501563086169393
2006-10-10,-0.71875,-0.9035889208143085,1.2571671941764293
2006-10-11,-0.5478688047016688,-0.053076185733129534,0.09687754673681619
2006-10-12,0.0,0.0,0.07822354028964386
2006-10-13,0.0,0.0,0.08378710001225118
2006-10-16,0.0,0.0,0.08074955918340254
2006-10-17,0.0,0.0,0.07971486129504284
2006-10-18,0.0,0.0,0.08957513244187489
2006-10-19,0.0,0.0,1.453386925159944
2006-10-20,0.0,0.0,0.14098228495131246
2006-10-23,0.0,0.0,0.15387428529501054
2006-10-24,0.0,0.0,0.1598967659061268
2006-10-25,0.0,0.0,0.19348415603152166
2006-10-26,0.0,0.0,0.18048556266274898
2006-10-27,0.0,0.0,0.16120258781495925
2006-10-30,-0.016780065286938737,-0.002518093198995647,0.1500645650619536
2006-10-31,0.9375,0.15490934035480436,0.16523662971179132
2006-11-01,0.6080423976997312,0.10263693677568993,0.16879898040658506
2006-11-02,-0.875,-1.4610233939283377,1.669741021632386
2006-11-03,-3.375,-0.5278760410390334,0.1564077158634173
2006-11-06,0.1700804889020115,-0.013646237499221128,-0.08023399736981669
2006-11-07,0.6875,-0.03741556345960165,-0.05442263775942058
2006-11-08,0.375,-0.008055799560905852,-0.021482132162415606
2006-11-09,0.03125,0.0005204004307055294,0.01665281378257694
2006-11-10,0.4375,0.015165445944924805,0.03466387644554241
2006-11-13,-0.25,-0.025421213151995022,0.10168485260798009
2006-11-14,0.46875,0.040270341004881756,0.08591006081041441
2006-11-15,-0.7306269125043189,-0.07733912971354748,0.10585310832372372
2006-11-16,-0.5625,-0.02811163660478063,0.049976242852943345
2006-11-17,0.84375,0.011924453754363604,0.014132685931097604
2006-11-20,0.09375,0.0045241243530148335,0.04825732643215822
2006-11-21,0.25,0.014346636175434382,0.05738654470173753
2006-11-22,0.15625,0.013085616623507046,0.0837479463904451
2006-11-23,0.0,0.0,0.10615624851901799
2006-11-24,0.15625,0.28425605245620483,1.8192387357197108
2006-11-27,0.1875,0.021245945350176397,0.11331170853427411
2006-11-28,0.3580983795360515,0.09322799533433673,0.2603418520215644
2006-11-29,-0.5,-0.14124855807461653,0.28249711614923306
2006-11-30,1.625,0.3988199977036677,0.24542769089456473
2006-12-01,1.25,2.5033305370854473,2.002664429668358
2006-12-04,-0.125,-0.03696709695383085,0.2957367756306468
2006-12-05,-0.14163688779965877,-0.040901904498893346,0.28878002852440454
2006-12-06,-1.875,-3.62543850503152,1.9335672026834774
2006-12-07,-0.01661856426223916,-0.004396400004923549,0.2645475226107881
2006-12-08,-2.0,-0.6138667024592247,0.30693335122961235
2006-12-11,0.8581846932015085,0.1396568070298361,0.162735140973953
2006-12-12,0.5,0.09963503537002552,0.19927007074005104
2006-12-13,-1.1875,-0.24799850660164213,0.20884084766454075
2006-12-14,-0.3125,-0.02608878450350586,0.08348411041121875
2006-12-15,0.0,0.0,0.06279457152079285
2006-12-18,0.0455920714030531,0.0036058737653892232,0.07908993064850643
2006-12-19,0.0,0.0,0.0886730252292359
2006-12-20,0.0,0.0,0.08969841201164298
2006-12-21,0.0,0.0,0.09790999792278558
2006-12-22,0.0,0.0,0.08354208104141049
2006-12-25,0.0,0.0,2.2201275469797195
2006-12-26,0.0,0.0,2.2258492242832673
2006-12-27,0.0,0.0,0.048421702856468726
2006-12-28,0.0,0.0,0.03453835167112877
2006-12-29,-0.017180278254208186,-0.0006363672852546477,0.03704056918279389
2007-01-01,0.0,0.0,0.04616474358602471
2007-01-02,-0.25,-0.6196770259793789,2.4787081039175156
2007-01-03,-0.3125,-0.013811548669624054,0.04419695574279697
2007-01-04,-0.625,-0.017047519726575495,0.027276031562520793
2007-01-05,0.35803419667551173,-0.01583399051767279,-0.04422479937586302
2007-01-08,0.0,-0.0,-0.013089335761203278
2007-01-09,0.0,-0.0,-0.0113494964144958
2007-01-10,0.0,-0.0,-0.010226514368773284
2007-01-11,0.0,0.0,0.04534751096247833
2007-01-12,-0.016861974547967208,-0.0016913439107523623,0.10030521075340265
2007-01-15,0.0,0.0,0.10414271804957174
2007-01-16,-0.25,-0.6375051102524183,2.550020441009673
2007-01-17,0.5,0.031146961169637076,0.06229392233927415
2007-01-18,-0.375,-0.029520101473271568,0.07872027059539084
2007-01-19,0.25,0.01289510116429778,0.05158040465719112
2007-01-22,-0.1875,-0.012017174973905694,0.06409159986083036
2007-01-23,0.5,0.048353218503224264,0.09670643700644853
2007-01-24,0.0625,0.006879469883274361,0.11007151813238977
2007-01-25,0.75,0.08485546305554155,0.11314061740738873
2007-01-26,0.1083028220936165,0.012548553599282915,0.11586543505243103
2007-01-29,0.25,0.6284760358564743,2.513904143425897
2007-01-30,-0.375,-0.06886211855992114,0.1836323161597897
2007-01-31,-1.125,-0.18174580636552246,0.1615518278804644
2007-02-01,0.25,0.01058039221499238,0.04232156885996952
2007-02-02,-0.125,-0.007390129067777747,0.05912103254222197
2007-02-05,-0.5,-0.024850940235355903,0.04970188047071181
2007-02-06,-1.1416560458441132,-0.051711243409789893,0.04529494114977146
2007-02-07,-0.375,0.018403063258266465,-0.04907483535537724
2007-02-08,-0.07910737998437706,0.0005792931527227422,-0.0073228711763320565
2007-02-09,0.0,0.0,0.051146042713159076
2007-02-12,0.0,-0.0,-0.015834191156877817
2007-02-13,-0.0161310759406175,0.00015947655407468905,-0.009886293676984839
2007-02-14,-1.0625,0.011451574040420244,-0.010777952038042583
2007-02-15,-0.4008801073517099,0.07935437319820396,-0.19795038901389747
2007-02-16,0.0,-0.0,-0.2404357764596001
2007-02-19,0.0,-0.0,-0.24157670223158328
2007-02-20,0.0,0.0,2.4216556515797265
2007-02-21,-0.015997021140451213,0.004456090584802897,-0.2785575230337671
2007-02-22,-0.5,0.14136458117985096,-0.2827291623597019
2007-02-23,0.6714784606131557,-0.224685675255669,-0.3346133769510624
2007-02-26,0.0,-0.0,-0.3053293490397693
2007-02-27,-0.016573885334604684,-0.03991261879716402,2.4081630825471136
2007-02-28,-0.5166282181766538,-1.2679640771594176,2.454306661053994
2007-03-01,0.0,0.0,2.4598092134829486
2007-03-02,1.125,2.7161844118061875,2.414386143827722
2007-03-05,-0.125,-0.303736355088237,2.429890840705896
2007-03-06,-0.375,-0.910858060087359,2.428954826899624
2007-03-07,0.875,2.101200213763452,2.4013716728725165
2007-03-08,-0.125,-0.30129874094827375,2.41038992758619
2007-03-09,-2.375,-5.2948813241390384,2.2294237154269636
2007-03-12,1.108340196144979,-0.5392084645372838,-0.48650086535953024
2007-03-13,0.9375,2.009498314256785,2.1434648685405704
2007-03-14,-0.3125,-0.682471524280156,2.183908877696499
2007-03-15,-0.1875,-0.4086412391678201,2.1794199422283738
2007-03-16,-0.15625,-0.34593899523070043,2.2140095694764828
2007-03-19,-0.34375,-0.7642956327269262,2.2234054770237854
2007-03-20,0.3125,-0.022076032811775385,-0.07064330499768123
2007-03-21,0.5,-0.013592676645096833,-0.027185353290193667
2007-03-22,-0.9375,-0.005335627363533661,0.005691335854435905
2007-03-23,-0.3125,0.030375928197686877,-0.09720297023259801
2007-03-26,0.3125,-0.03379141273226708,-0.10813252074325466
2007-03-27,-0.25,0.022449642063312333,-0.08979856825324933
2007-03-28,-0.0625,0.006327195418132638,-0.1012351266901222
2007-03-29,-0.25,0.02721131570793214,-0.10884526283172856
2007-03-30,-0.2663699305441643,0.019712708734815048,-0.07400500760181213
2007-04-02,0.0,-0.0,-0.070693490600216
2007-04-03,0.0,0.0,0.0769426484247984
2007-04-04,0.0,0.0,0.09216593541243753
2007-04-05,0.0,0.0,0.11135102357558602
2007-04-06,0.0,0.0,0.12313478075360733
2007-04-09,-0.01653369523148385,0.0003618032025417291,-0.02188277922607252
2007-04-10,-0.3125,0.004178256575271118,-0.013370421040867577
2007-04-11,0.1875,-0.007987988179937122,-0.04260260362633132
2007-04-12,0.0,-0.0,-0.028364245235830855
2007-04-13,0.375,-0.01030275094667589,-0.02747400252446904
2007-04-16,-0.3125,0.0036600775667958024,-0.011712248213746567
2007-04-17,-0.6875,0.03532038379957533,-0.05137510370847321
2007-04-18,-0.4375,0.07228742017014418,-0.16522838896032957
2007-04-19,0.045917753987803525,-0.010686839874065913,-0.23273873275475332
2007-04-20,0.0,-0.0,-0.18642874770214138
2007-04-23,0.0,-0.0,-0.11858176815032816
2007-04-24,0.0,-0.0,-0.09230690293044637
2007-04-25,-0.016239686083928246,0.0020285950750101476,-0.12491590444089713
2007-04-26,-0.5625,0.02728927034150829,-0.04851425838490363
2007-04-27,-0.125,0.014557466473622284,-0.11645973178897827
2007-04-30,0.9835466152049318,-0.13641522854836458,-0.1386972680699441
2007-05-01,0.0,0.0,0.010870580731686376
2007-05-02,0.0,-0.0,-0.0009758453890223307
2007-05-03,0.0,0.0,0.03915051983965405
2007-05-04,0.0,0.0,0.01366074723237024
2007-05-07,0.0,0.0,4.221289577742801
2007-05-08,0.0,-0.0,-0.0125757792312589
2007-05-09,0.0,-0.0,-0.005806895705375917
2007-05-10,0.0,-0.0,-0.051290058287723865
2007-05-11,0.0,-0.0,-0.01457087019607569
2007-05-14,0.0,-0.0,-0.012152382134269607
2007-05-15,0.0,0.0,0.053356159049714774
2007-05-16,0.0,0.0,0.030726194527137665
2007-05-17,-0.006494765575856839,-0.0002457387250049201,0.037836427217390424
2007-05-18,-0.016665132580405695,0.0007847727934483777,-0.047090702078847385
2007-05-21,-0.20414144552236968,0.018795470080244594,-0.09207081899586628
2007-05-22,1.125,-0.0900646996267497,-0.08005751077933307
2007-05-23,0.625,-0.017488091453033382,-0.02798094632485341
2007-05-24,0.125,0.003819518612167406,0.030556148897339246
2007-05-25,0.125,0.006626230927497624,0.05300984741998099
2007-05-28,-0.016652036031072036,-0.0024174494011653187,0.14517440369780935
2007-05-29,0.9375,4.41591586189875,4.7103102526919995
2007-05-30,0.0,0.0,0.10566483192491599
2007-05-31,0.75,0.08700941461364993,0.1160125528181999
2007-06-01,2.625,0.5199990750447053,0.1980948857313163
2007-06-04,-0.75,-0.2591695426946094,0.3455593902594792
2007-06-05,1.875,0.6858192946658275,0.36577029048844134
2007-06-06,-0.7662632898028662,-0.36826429394896826,0.48059759465145496
2007-06-07,6.25,1.3164164804470935,0.21062663687153496
2007-06-08,1.0,0.44309479025921106,0.44309479025921106
2007-06-11,0.75,1.5822342203648287,2.109645627153105
2007-06-12,5.5,1.9514005299637396,0.35480009635704357
2007-06-13,-1.5,-0.7639797379320086,0.5093198252880057
2007-06-14,0.75,0.32454680081103787,0.4327290677480505
2007-06-15,-2.75,-1.19844004480932,0.43579637993066184
2007-06-18,-1.5,-0.4658430450550675,0.3105620300367117
2007-06-19,-3.5167517042035614,-0.8801000203735347,0.25025935704290814
2007-06-20,1.6707423067778826,0.18365356411003053,0.10992333369723331
2007-06-21,0.875,0.1495954510886797,0.17096622981563395
2007-06-22,-0.875,-0.18531079055861677,0.21178376063841917
2007-06-25,-1.75,-0.3154888714538245,0.18027935511647114
2007-06-26,0.5,0.053247391991995616,0.10649478398399123
2007-06-27,-0.875,-0.11422439885871395,0.13054217012424452
2007-06-28,1.1079846478966795,0.11615609411331368,0.10483547252555915
2007-06-29,-1.0,-0.13727863011566183,0.13727863011566183
2007-07-02,-0.4375,-0.04205051497592697,0.09611546280211879
2007-07-03,0.6875,0.05593898064372884,0.08136579002724195
2007-07-04,0.0,0.0,0.09656350823005684
2007-07-05,1.3125,1.4850070863980893,1.1314339705890204
2007-07-06,0.6076247429639936,0.04762774027724459,0.078383477349715
2007-07-09,-0.875,-0.09354613048340288,0.10690986340960329
2007-07-10,-3.125,-0.2288723788996003,0.0732391612478721
2007-07-11,0.7323603459214881,-0.037440459756185256,-0.05112300244639272
2007-07-12,0.625,-0.012336285545256304,-0.019738056872410085
2007-07-13,-0.0625,-0.00024521285123180273,0.003923405619708844
2007-07-16,-0.9375,-0.006371449067507568,0.006796212338674739
2007-07-17,0.5625,-0.019354923348811854,-0.034408752620109964
2007-07-18,-1.0,0.020599679513459947,-0.020599679513459947
2007-07-19,0.1875,-0.011577002376794316,-0.06174401267623635
2007-07-20,-1.0,0.05580759599856669,-0.05580759599856669
2007-07-23,0.1073851676518738,-0.008809613345058361,-0.08203752471307559
2007-07-24,0.0,-0.0,-0.07793980868413691
2007-07-25,0.0,-0.0,-0.07880604294824885
2007-07-26,0.0,-0.0,-0.08212990277595736
2007-07-27,-0.018001001379271145,0.0021501703744281316,-0.11944726457852155
2007-07-30,-0.375,0.0449530237518707,-0.11987473000498854
2007-07-31,0.4375,-0.05896527909213906,-0.13477778078203215
2007-08-01,0.0625,-0.007477460089784886,-0.11963936143655818
2007-08-02,0.0,-0.0,-0.10059956403911875
2007-08-03,0.8125,-0.07531640842731371,-0.09269711806438612
2007-08-06,-0.375,0.02837674653555025,-0.07567132409480067
2007-08-07,-0.25,0.016233689730570273,-0.0649347589222811
2007-08-08,-1.375,0.09601861572962717,-0.06983172053063794
2007-08-09,1.0,-0.14091160337097006,-0.14091160337097006
2007-08-10,0.25,-0.01920714838534858,-0.07682859354139432
2007-08-13,0.0625,0.0652616362501004,1.0441861800016063
2007-08-14,0.6875,-0.04323305246853186,-0.06288443995422816
2007-08-15,0.625,-0.025002101754079145,-0.04000336280652663
2007-08-16,1.3552355123359041,-0.024300500340056562,-0.01793083203536473
2007-08-17,-0.5812420785342126,0.0016498303006669472,-0.0028384564049931155
2007-08-20,0.75,-0.01182153852174898,-0.015762051362331973
2007-08-21,1.25,0.029054156420083195,0.023243325136066556
2007-08-22,-1.0,-0.0680523768089071,0.0680523768089071
2007-08-23,-0.125,-0.012539703720857021,0.10031762976685617
2007-08-24,-0.625,-0.06383532556578103,0.10213652090524966
2007-08-27,0.75,0.06362689331519568,0.08483585775359424
2007-08-28,2.625,0.2763456443674592,0.10527453118760349
2007-08-29,-0.75,-0.11083146730917419,0.14777528974556559
2007-08-30,1.75,0.2199478906759969,0.12568450895771252
2007-08-31,-1.5,-0.2414685591724545,0.160979039448303
2007-09-03,0.0,0.0,0.1187523310508729
2007-09-04,0.0,0.0,0.9806775965166125
2007-09-05,2.625,0.343776371046084,0.13096242706517486
2007-09-06,-0.875,-0.8243373555991675,0.9420998349704772
2007-09-07,4.25,3.614214545895426,0.8504034225636296
2007-09-10,0.875,0.7552457706654596,0.8631380236176681
2007-09-11,-1.3947567285164242,-1.1969682636070549,0.8581914244502314
2007-09-12,-1.6875,-1.4190735152579768,0.8409324534862085
2007-09-13,-3.01990663338575,-2.4120400736693677,0.7987134592188115
2007-09-14,0.75,0.591788502452355,0.7890513366031401
2007-09-17,-0.25,-0.19792683177180248,0.7917073270872099
2007-09-18,0.375,0.29644052447480046,0.7905080652661346
2007-09-19,-1.125,-0.8854963686420722,0.7871078832373974
2007-09-20,-3.75,-2.7500132525806578,0.733336867354842
2007-09-21,0.9795857385101435,0.7032364229891432,0.7178916508714172
2007-09-24,0.0625,0.04507522606778024,0.7212036170844839
2007-09-25,0.25,0.1802685653758937,0.7210742615035748
2007-09-26,0.0,0.0,0.721764817894638
2007-09-27,0.625,0.45022990575275224,0.7203678492044036
2007-09-28,-0.1875,-0.13540785647221745,0.7221752345184931
2007-10-01,0.125,0.09017199431135248,0.7213759544908198
2007-10-02,0.53125,0.3828945397308464,0.7207426630227697
2007-10-03,-0.28125,-0.2031784624607928,0.7224123109717078
2007-10-04,0.3125,0.225361080096943,0.7211554563102176
2007-10-05,-1.71875,-1.2248192303788348,0.7126220976749584
2007-10-08,0.0,0.0,0.7073721154303084
2007-10-09,-0.1875,-0.13264455982006518,0.707437652373681
2007-10-10,0.04175865050301115,0.029572469805672654,0.7081758976751471
2007-10-11,0.0,0.0,0.7087824736855803
2007-10-12,0.0,0.0,0.7086589584389382
2007-10-15,0.0,0.0,0.7085288621904269
2007-10-16,0.0,0.0,0.7083988136995207
2007-10-17,0.0,0.0,0.7082688129399272
2007-10-18,-0.02111235988894273,-0.014950470391549554,0.7081382881967463
2007-10-19,1.34375,0.9450514372974832,0.7032940928725456
2007-10-22,-0.08377252568776072,-0.05927055953423055,0.7075178771038302
2007-10-23,-0.0625,-0.044383343447162694,0.7101334951546031
2007-10-24,2.0625,1.4369141981662015,0.6966856718381583
2007-10-25,-0.6875,-0.4823905294536018,0.7016589519325117
2007-10-26,-0.875,-0.6099111474764021,0.6970413114016023
2007-10-29,0.0625,0.04338390730245319,0.694142516839251
2007-10-30,0.0,0.0,0.6942123993790279
2007-10-31,-2.5625,-1.7295272170053522,0.674937450538674
2007-11-01,0.0,0.0,0.666960264678734
2007-11-02,5.3125,3.1670585625917735,0.596152200017275
2007-11-05,-0.75,-0.4569797651263726,0.6093063535018302
2007-11-06,-1.125,-0.6798137692560354,0.6042789060053648
2007-11-07,1.1875,0.7100818770841244,0.5979636859655785
2007-11-08,1.8125,1.0763112174666423,0.5938268786022854
2007-11-09,1.4375,0.8539612626216514,0.5940600087802792
2007-11-12,-0.022176911826175472,-0.013256505317932078,0.597761555884683
2007-11-13,-1.59375,-0.9438347995397085,0.592210070299425
2007-11-14,-0.75,-0.44205812394942645,0.5894108319325686
2007-11-15,4.6654910712443,2.543624653182578,0.5451997687575011
2007-11-16,0.46875,0.26067984906906133,0.5561170113473308
2007-11-19,3.375,1.8113225764198466,0.5366881707910657
2007-11-20,0.84375,0.45838839416015537,0.5432751338194434
2007-11-21,1.40625,0.7639187295405006,0.5432310965621338
2007-11-22,0.0,0.0,0.5464172218561959
2007-11-23,0.375,0.20514696884321892,0.5470585835819172
2007-11-26,6.84375,3.3224649045920054,0.4854743239586492
2007-11-27,-3.84375,-1.8454669843299762,0.4801214918582052
2007-11-28,-3.46875,-1.6012240430274187,0.46161413853042704
2007-11-29,3.2578642661597663,1.4429006022521527,0.4428977036397478
2007-11-30,-0.25,-0.12494751106989774,0.49979004427959095
2007-12-03,2.75,1.3470750035781576,0.4898454558466027
2007-12-04,0.16392591419598881,0.0813401044555675,0.4962004015931109
2007-12-05,0.0,0.0,0.5433128390510212
2007-12-06,-3.28125,-1.736275873443788,0.5291507423828687
2007-12-07,-4.96875,-2.41560141137855,0.48615877461706664
2007-12-10,-1.1491258403432585,-0.5566580715917397,0.4844187225182047
2007-12-11,4.9126679276492915,2.227030994366419,0.45332414630191625
2007-12-12,-1.3125,-0.6256292664356315,0.4766699172842907
2007-12-13,-1.125,-0.5354458117838351,0.4759518326967423
2007-12-14,-0.875,-0.4143794587947434,0.4735765243368496
2007-12-17,0.71875,0.33927892309703056,0.4720402408306512
2007-12-18,1.03125,0.4909656746394983,0.4760879269231499
2007-12-19,0.75,0.35826752783737714,0.4776900371165028
2007-12-20,0.625,0.2997770398798145,0.4796432638077033
2007-12-21,-2.15625,-1.0268809218483606,0.4762346304224281
2007-12-24,-0.6875,-0.3248275567657518,0.47247644620472995
2007-12-25,0.0,0.0,0.4712485212747398
2007-12-26,-1.0,-0.4704677984766032,0.4704677984766032
2007-12-27,1.223742373920795,0.570756724801038,0.4664026816137523
2007-12-28,0.0,0.0,0.47104654639458754
2007-12-31,-0.026548298948813987,-0.012516121594321514,0.4714472146954883
2008-01-01,0.0,0.0,0.47232094687092996
2008-01-02,2.0,0.9600125827265378,0.4800062913632689
2008-01-03,-0.1206483262011047,-0.05848684305567186,0.48477127613177223
2008-01-04,2.5625,1.219827804727339,0.47603036282042493
2008-01-07,0.6875,0.3303555404923827,0.48051714980710214
2008-01-08,0.0,0.0,0.48301538675310457
2008-01-09,1.25,0.6015517269039856,0.48124138152318846
2008-01-10,-2.6521777829436224,-1.2614911500789716,0.4756435100963921
2008-01-11,3.7226893966529873,1.68644681545174,0.45301840571711366
2008-01-14,0.25,0.11530625628172027,0.46122502512688107
2008-01-15,2.375,1.0801713410472895,0.45480898570412187
2008-01-16,-0.2773914000226092,-0.12735926960878355,0.4591320048076578
2008-01-17,3.09375,1.3838370040314714,0.44730084978795037
2008-01-18,0.75,0.33921146019109416,0.4522819469214589
2008-01-21,0.0,0.0,0.4535830176630995
2008-01-22,6.9375,2.802716776845527,0.40399521107683267
2008-01-23,2.25,0.9242098500936552,0.41075993337495786
2008-01-24,-9.1875,-3.199198032278364,0.34821203072417567
2008-01-25,2.2209871327467035,0.7385115638881428,0.33251501235616016
2008-01-28,-0.1875,-0.06297170945130076,0.33584911707360404
2008-01-29,-1.875,-0.6251703166298346,0.3334241688692451
2008-01-30,-2.125,-0.6972569661921476,0.328120925266893
2008-01-31,2.875,0.9241463903776025,0.32144222274003564
2008-02-01,1.3125,0.42622264204516874,0.32474106060584285
2008-02-04,-0.9375,-0.3055523661791874,0.3259225239244666
2008-02-05,2.5,0.8024516393689309,0.3209806557475724
2008-02-06,-0.5,-0.16214833755233315,0.3242966751046663
2008-02-07,-3.125,-0.9944168664478945,0.31821339726332626
2008-02-08,2.1875,0.6836705945796511,0.3125351289506976
2008-02-11,1.0,0.31488753237058104,0.31488753237058104
2008-02-12,-1.75,-0.5507474320456923,0.3147128183118242
2008-02-13,0.375,0.11746074564488662,0.313228655053031
2008-02-14,-3.0,-0.927893358981168,0.309297786327056
2008-02-15,0.7766792827639916,0.23703506112334333,0.3051904001865476
2008-02-18,0.0,0.0,0.306309724909801
2008-02-19,-3.25,-0.978376830475872,0.3010390247618068
2008-02-20,-1.3425099386447257,-0.4022171069561878,0.29960084121405395
2008-02-21,2.375,0.7013672470089418,0.29531252505639655
2008-02-22,0.03125,0.009366542211385557,0.2997293507643378
2008-02-25,-1.75,-0.5237704782863744,0.29929741616364247
2008-02-26,0.65625,0.1948242784276114,0.2968750909373126
2008-02-27,0.125,0.03720237774385195,0.2976190219508156
2008-02-28,2.1875,0.6536105247620307,0.29879338274835693
2008-02-29,3.03125,0.9007120605450368,0.2971421230664039
2008-03-03,-0.18814252701586578,-0.05836520876780572,0.31021805486265136
2008-03-04,0.0,0.0,0.310340864454122
2008-03-05,-3.25,-0.993483419934208,0.30568720613360245
2008-03-06,1.5,0.4528974826173888,0.3019316550782592
2008-03-07,2.875,0.8745095030308928,0.3041772184455279
2008-03-10,3.0,0.9098008672739626,0.3032669557579875
2008-03-11,-5.375,-1.5723975892347293,0.29253908636925197
2008-03-12,4.0625,1.132833957742165,0.27885143575191756
2008-03-13,-0.375,-0.10646316531580584,0.28390177417548224
2008-03-14,5.125,1.425066314412007,0.2780617198852697
2008-03-17,2.9375,0.8235983544964964,0.2803739079137009
2008-03-18,-3.625,-1.0075817047870053,0.27795357373434626
2008-03-19,2.8125,0.7616486714932933,0.2708084165309487
2008-03-20,0.8125,0.22220527309481608,0.27348341303977364
2008-03-21,0.0,0.0,0.2744565665810878
2008-03-24,-6.4375,-1.6642152658644875,0.25851887625079417
2008-03-25,1.25,0.31435389610886777,0.25148311688709424
2008-03-26,0.5,0.12634893717041767,0.25269787434083535
2008-03-27,-1.1875,-0.3000604879368747,0.25268251615736814
2008-03-28,1.375,0.3448873272813799,0.25082714711373083
2008-03-31,1.0,0.2528353329277183,0.2528353329277183
2008-04-01,-4.9375,-1.2119108836313386,0.24545030554558758
2008-04-02,-1.2231084411949145,-0.29376056073416545,0.2401754013300541
2008-04-03,0.0,0.0,0.2389567027845869
2008-04-04,1.78125,0.42375722406101374,0.23789879245530596
2008-04-07,-1.65625,-0.3953209502183584,0.23868434730165033
2008-04-08,-0.03125,-0.007408186826804189,0.23706197845773405
2008-04-09,1.4375,0.339736048284756,0.2363381205459172
2008-04-10,-1.28125,-0.30384099274113274,0.23714418945649385
2008-04-11,1.3125,0.3088950145410029,0.23534858250743076
2008-04-14,-0.5625,-0.1333212073116347,0.23701547966512831
2008-04-15,-1.03125,-0.24348729588777723,0.236108892982087
2008-04-16,-1.625,-0.38069233988722173,0.2342722091613672
2008-04-17,-0.46875,-0.10966159661503642,0.23394473944541103
2008-04-18,-0.47389435972897753,-0.11067118818956088,0.23353556740547465
2008-04-21,0.0,0.0,0.2332818302528551
2008-04-22,0.0,0.0,0.2332412586808346
2008-04-23,0.0,0.0,0.23319949053418046
2008-04-24,0.0,0.0,0.23521117871788344
2008-04-25,0.0,0.0,0.23516907288421732
2008-04-28,0.0,0.0,0.2443774509610498
2008-04-29,0.0,0.0,0.24452545870010545
2008-04-30,0.0,0.0,0.24491414611844184
2008-05-01,0.0,0.0,0.2453538739333152
2008-05-02,0.0,0.0,0.24644370192131895
2008-05-05,0.0,0.0,0.24711800712891066
2008-05-06,0.0,0.0,0.24707399662820137
2008-05-07,0.0,0.0,0.24791830382359956
2008-05-08,0.0,0.0,0.24807157972442936
2008-05-09,0.0,0.0,0.2559213377571162
2008-05-12,0.0,0.0,0.2559578499680712
2008-05-13,-0.03707122052492821,-0.00964769348548747,0.26024752756656516
2008-05-14,-0.755748782165068,-0.19665815366937667,0.26021630244112426
2008-05-15,0.0,0.0,0.26013545679507755
2008-05-16,-0.023202940311632815,-0.006034825017269934,0.26008880496254905
2008-05-19,0.0,0.0,0.2600723338899693
2008-05-20,0.0,0.0,0.27956845179987594
2008-05-21,0.0,0.0,0.2863061768654012
2008-05-22,0.0,0.0,0.2920303371989493
2008-05-23,0.0,0.0,0.29726861309490443
2008-05-26,0.0,0.0,0.29724731266571036
2008-05-27,0.0,0.0,0.30108176626044075
2008-05-28,0.0,0.0,0.30104208181674796
2008-05-29,0.0,0.0,0.3009884219420681
2008-05-30,-0.037304241735148964,-0.011439151925717718,0.30664480481691364
2008-06-02,-1.78125,-0.5675536635088381,0.31862661811022486
2008-06-03,-1.7252465709233575,-0.5439661092561877,0.3152976034985279
2008-06-04,0.0,0.0,0.32743962791745784
2008-06-05,0.0,0.0,0.3284624515974686
2008-06-06,0.0,0.0,0.32920269039816985
2008-06-09,0.0,0.0,0.329629065132368
2008-06-10,0.0,0.0,0.3298983817822828
2008-06-11,0.0,0.0,0.33051680878446393
2008-06-12,0.0,0.0,0.3308172161195968
2008-06-13,-0.03875419902608392,-0.012827921771964346,0.3310072739041872
2008-06-16,-0.40625,-0.13560222944231573,0.3337901032426233
2008-06-17,-0.78125,-0.2602186504797858,0.33307987261412586
2008-06-18,-1.3125,-0.4342143888672125,0.3308300105654952
2008-06-19,1.054725953399927,0.34689173596010825,0.32889276578612375
2008-06-20,0.0,0.0,0.3312495106725469
2008-06-23,0.0,0.0,0.33119064478705057
2008-06-24,0.0,0.0,0.33113225470210156
2008-06-25,0.0,0.0,0.33107343056111016
2008-06-26,0.0,0.0,0.3336155717298244
2008-06-27,0.0,0.0,0.33356586528529425
2008-06-30,-0.03918009884820868,-0.013237537365138597,0.3378638072462091
2008-07-01,-0.09375,-0.031693197488944,0.33806077321540273
2008-07-02,0.6875,0.23206627479047112,0.3375509451497762
2008-07-03,0.28125,0.09547318977271553,0.33946023030298855
2008-07-04,0.0,0.0,0.34463527278616346
2008-07-07,0.96875,0.34277129896867137,0.3538284376450801
2008-07-08,0.78125,0.27717524531533366,0.3547843140036271
2008-07-09,0.53125,0.19118155163124465,0.3598711560117546
2008-07-10,0.30467289062828806,0.10985989723674712,0.36058310606564653
2008-07-11,-5.0,-1.7482205028355984,0.3496441005671197
2008-07-14,2.148350435921443,0.7295882363373185,0.3396039231487822
2008-07-15,0.90625,0.3099700523818345,0.34203591986961046
2008-07-16,-1.09375,-0.4146327516887291,0.3790928015439809
2008-07-17,-1.96875,-0.7447930347323722,0.37830757319739544
2008-07-18,-0.602024506312385,-0.2779358934774614,0.46166873700859445
2008-07-21,0.0,0.0,0.4667397934201735
2008-07-22,0.0,0.0,0.4667028019103921
2008-07-23,0.0,0.0,0.4712292856808578
2008-07-24,0.0,0.0,0.4772002471694843
2008-07-25,0.0,0.0,0.4886087695167313
2008-07-28,0.0,0.0,0.49098723548850187
2008-07-29,0.0,0.0,0.4921673757320014
2008-07-30,0.0,0.0,0.5012805612084101
2008-07-31,0.0,0.0,0.5015670243713284
2008-08-01,-0.04023508348755641,-0.020784565607148024,0.5165781652615711
2008-08-04,-0.375,-0.19646375424145437,0.5239033446438783
2008-08-05,-0.28125,-0.1475144950356689,0.524495982349045
2008-08-06,-0.4375,-0.23123782981956068,0.5285436110161387
2008-08-07,2.21875,1.1528797118709508,0.5196077574629637
2008-08-08,-0.5625,-0.3031778664150571,0.5389828736267682
2008-08-11,-0.875,-0.4701719631551578,0.5373393864630375
2008-08-12,1.6875,0.8951052527748878,0.5304327423851187
2008-08-13,-0.625,-0.34495818503902487,0.5519330960624398
2008-08-14,0.8125,0.448877201552285,0.5524642480643508
2008-08-15,0.5508148855801398,0.31075038796320015,0.5641648330471419
2008-08-18,0.59375,0.33528920257390055,0.5646976043349904
2008-08-19,-0.25,-0.14293461617293837,0.5717384646917535
2008-08-20,0.78125,0.44585673559534733,0.5706966215620446
2008-08-21,-0.7267489361230146,-0.4153087310125831,0.571461078743547
2008-08-22,-1.1875,-0.6842377550839678,0.5762002148075518
2008-08-25,3.148139454995568,1.8002392007144419,0.571842266344893
2008-08-26,-0.0625,-0.03620811720401455,0.5793298752642329
2008-08-27,0.40625,0.23511844468227108,0.5787530946025135
2008-08-28,-0.257996767589975,-0.155080381409227,0.6010942805907192
2008-08-29,-0.75,-0.45295991923329626,0.6039465589777283
2008-09-01,0.0,0.0,0.6201731332455307
2008-09-02,2.875,1.7874856498473042,0.6217341390773232
2008-09-03,1.5625,1.0884386484305266,0.696600734995537
2008-09-04,1.3125,0.9787336358361295,0.7457018177799082
2008-09-05,-1.25,-0.9312121807748066,0.7449697446198453
2008-09-08,-0.8125,-0.6765260850613151,0.8326474893062339
2008-09-09,2.0,1.6974231039626329,0.8487115519813164
2008-09-10,-1.625,-1.4661435863041397,0.9022422069563936
2008-09-11,0.6875,0.6409233323435932,0.9322521197724992
2008-09-12,-2.8125,-2.529517284602974,0.8993839234143908
2008-09-15,8.1875,5.3941092910576245,0.6588225088314655
2008-09-16,-1.3125,-1.0555210798030468,0.8042065369927975
2008-09-17,3.4375,2.626701631993497,0.7641313838526537
2008-09-18,-0.3125,-0.2421868062350396,0.7749977799521267
2008-09-19,-11.375,-5.650015340520747,0.49670464532050523
2008-09-22,-2.042378876921741,-0.9626367283141526,0.4713311223454445
2008-09-23,-0.6048086816576493,-0.2831109718681129,0.4681000462694536
2008-09-24,0.0,0.0,0.5008561701624207
2008-09-25,0.0,0.0,0.5030174224725332
2008-09-26,0.0,0.0,0.5029291147721624
2008-09-29,0.0,0.0,0.5076769665556513
2008-09-30,0.0,0.0,0.5118439235692087
2008-10-01,0.0,0.0,0.5117556412131133
2008-10-02,0.0,0.0,0.5149182262983311
2008-10-03,0.0,0.0,0.517440824417305
2008-10-06,0.0,0.0,0.5201201959436982
2008-10-07,-0.04477162061202323,-0.02330531580565243,0.5205376863082299
2008-10-08,-4.40625,-2.1689482910371742,0.4922435837814863
2008-10-09,-2.858926498758287,-1.35902492112707,0.47536196600973585
2008-10-10,0.0,0.0,0.4697979913049358
2008-10-13,0.0,0.0,0.4700215653937171
2008-10-14,0.0,0.0,0.4699392237790325
2008-10-15,0.0,0.0,0.4698569110096369
2008-10-16,0.0,0.0,0.4697746270703753
2008-10-17,0.0,0.0,0.4696923719461042
2008-10-20,0.0,0.0,0.4696101456216898
2008-10-21,0.0,0.0,0.46952794808200937
2008-10-22,0.0,0.0,0.46944577931195086
2008-10-23,0.0,0.0,0.46936363929641234
2008-10-24,0.0,0.0,0.4692815280203029
2008-10-27,0.0,0.0,0.46919944546854186
2008-10-28,0.0,0.0,0.4691173916260593
2008-10-29,0.0,0.0,0.46903536647779587
2008-10-30,0.0,0.0,0.46895337000870246
2008-10-31,0.0,0.0,0.46887140220374085
2008-11-03,0.0,0.0,0.4687894630478831
2008-11-04,0.0,0.0,0.46870755252611174
2008-11-05,0.0,0.0,0.4686275381641457
2008-11-06,0.0,0.0,0.46932299942791794
2008-11-07,0.0,0.0,0.4692410386450088
2008-11-10,0.0,0.0,0.4691598401473984
2008-11-11,0.0,0.0,0.46907793646470025
2008-11-12,0.0,0.0,0.46899606137371774
2008-11-13,-0.047111036674559,-0.02209089236054666,0.4689111919389417
2008-11-14,1.0103515415672462,0.4721863333798127,0.46734855538237957
2008-11-17,1.0625,0.4970066417325882,0.46777095692478887
2008-11-18,2.03125,0.943090098318316,0.4642905099413248
2008-11-19,1.5625,0.7265564725411731,0.46499614242635073
2008-11-20,2.9375,1.3419158007606846,0.4568224002589565
2008-11-21,-0.46875,-0.21661060192937215,0.46210261744932724
2008-11-24,-2.2344791162502364,-1.016348899420653,0.45484824271986324
2008-11-25,7.125,2.8414574501642553,0.39880104563708846
2008-11-26,4.75,1.8626244136350578,0.3921314555021174
2008-11-27,0.0,0.0,0.39965756402144303
2008-11-28,2.375,0.9368458120206957,0.39446139453502976
2008-12-01,6.250000000000056,2.2853281335973317,0.3656525013755698
2008-12-02,1.0,0.37386267676244006,0.37386267676244006
2008-12-03,2.75,1.0159033599737934,0.36941940362683395
2008-12-04,3.5625,1.296011676956518,0.363792751426391
2008-12-05,-5.25,-1.8343847780452345,0.3494066243895685
2008-12-08,-1.125,-0.3843335154005803,0.3416297914671825
2008-12-09,2.3125,0.7788391312786347,0.33679530001238256
2008-12-10,-2.1875,-0.7374097323075812,0.33710159191203715
2008-12-11,4.6875,1.5098759812354847,0.3221068759969034
2008-12-12,1.5,0.4907972961341387,0.32719819742275913
2008-12-15,1.5,0.49152001206942375,0.3276800080462825
2008-12-16,7.625,2.276612607541526,0.2985721452513477
2008-12-17,3.6875,1.1078890393047103,0.30044448523517564
2008-12-18,1.8125,0.5489161688376989,0.3028503000483856
2008-12-19,-4.0625,-1.206840081069226,0.29706832764780944
2008-12-22,-0.25,-0.07317163670281299,0.29268654681125195
2008-12-23,0.875,0.2555258385325715,0.29202952975151025
2008-12-24,-1.6875,-0.4921396412530338,0.2916383059277237
2008-12-25,0.0,0.0,0.29002016087873583
2008-12-26,2.4375,0.7005459611821476,0.2874034712542144
2008-12-29,1.6875,0.48710772451522205,0.2886564293423538
2008-12-30,-1.8125,-0.5244267822702459,0.28933891435599773
2008-12-31,-6.1875,-1.6833634361624328,0.2720587371575649
2009-01-01,-0.04954068142617297,-0.01318056570545259,0.26605539782682786
2009-01-02,-2.90625,-0.7638965715988879,0.2628461321630582
2009-01-05,-0.25,-0.06735123257847438,0.2694049303138975
2009-01-06,0.375,0.10157557467335793,0.2708681991289545
2009-01-07,0.25,0.06787526282091687,0.27150105128366747
2009-01-08,1.65625,0.44899740919345105,0.27109277536208365
2009-01-09,0.46875,0.12852161572012577,0.27417944686960166
2009-01-12,1.5625,0.42776747707601515,0.2737711853286497
2009-01-13,-0.26888131801885373,-0.07401570139994473,0.27527275582141714
2009-01-14,3.0,0.8141357666183477,0.2713785888727826
2009-01-15,0.1875,0.05143254702374887,0.27430691745999397
2009-01-16,-1.9375,-0.5288714979170785,0.2729659344088147
2009-01-19,0.0,0.0,0.27099930262221966
2009-01-20,-1.0625,-0.28742071994038826,0.27051361876742425
2009-01-21,-6.0625,-1.5515343370701073,0.25592318961981153
2009-01-22,-2.4879875590619505,-0.6172533787206984,0.24809343458028477
2009-01-23,-0.46875,-0.11515370928008795,0.2456612464641876
2009-01-26,-0.5,-0.12255015901633147,0.24510031803266294
2009-01-27,2.125,0.5167071791044244,0.2431563195785527
2009-01-28,-1.75,-0.4271769881412173,0.2441011360806956
2009-01-29,-2.03125,-0.4898948597347762,0.24117900786942828
2009-01-30,-0.3125,-0.07525719628808483,0.24082302812187145
2009-02-02,2.042690626738827,0.4887307937195758,0.23925835235257267
2009-02-03,-0.051285974161332994,-0.012377070617949668,0.2413344158973068
2009-02-04,-0.9262102814442817,-0.2240385550455202,0.24188735488464533
2009-02-05,0.0,0.0,0.24111976663588106
2009-02-06,0.0,0.0,0.2412911704036988
2009-02-09,0.0,0.0,0.241347531218337
2009-02-10,0.0,0.0,0.2414198462819776
2009-02-11,0.0,0.0,0.24139839438384247
2009-02-12,-0.051410963926908713,-0.012418494633351568,0.24155342916750244
2009-02-13,-2.9495541070452145,-0.7044922693892796,0.2388470405430268
2009-02-16,0.0,0.0,0.23656010220137463
2009-02-17,3.46875,0.8181198223050983,0.23585436318705535
2009-02-18,-1.53125,-0.36479280004748416,0.23823203268407128
2009-02-19,-2.28125,-0.5366314895802554,0.235235721459838
2009-02-20,1.5625,0.36314870269415545,0.2324151697242595
2009-02-23,-0.28125,-0.06579180270143767,0.23392640960511168
2009-02-24,-0.625,-0.14594622870221485,0.2335139659235438
2009-02-25,-2.5000000000000284,-0.5838210365416546,0.23352841461665919
2009-02-26,0.5098629037593173,0.11823794393356346,0.23190144460750595
2009-02-27,0.0,0.0,0.23284944846228292
2009-03-02,0.0,0.0,0.2332900272029272
2009-03-03,0.0,0.0,0.23345350880968493
2009-03-04,0.0,0.0,0.23465468765938602
2009-03-05,0.0,0.0,0.23544091500334427
2009-03-06,0.0,0.0,0.23554894837223717
2009-03-09,-0.05341850855441588,-0.012714739193106348,0.23802123153914367
2009-03-10,-1.625,-0.4234298687628935,0.2605722269310114
2009-03-11,1.1875,0.3075647436939947,0.25900188942652186
2009-03-12,0.8125,0.2149248544066647,0.2645228977312796
2009-03-13,0.3125,0.0829105857627635,0.2653138744408432
2009-03-16,-0.90625,-0.29835345021456244,0.32921760023675856
2009-03-17,-1.1875,-0.39152023656802043,0.32970125184675403
2009-03-18,8.78125,2.5192059287801403,0.28688466092869924
2009-03-19,-1.59375,-0.4708701481833442,0.2954479361150395
2009-03-20,0.09375,0.027526359144954562,0.293614497546182
2009-03-23,-0.59375,-0.17426558054144714,0.2934999251224373
2009-03-24,-0.1875,-0.05489452416748268,0.29277079555990765
2009-03-25,-2.03125,-0.5901953623879365,0.29055771686790716
2009-03-26,0.96875,0.27882757155353244,0.2878220093455819
2009-03-27,-0.65625,-0.18942147397699174,0.2886422460601779
2009-03-30,0.875,0.25157347570463406,0.28751254366243895
2009-03-31,0.625,0.18015395715368732,0.28824633144589973
2009-04-01,0.40625,0.1173288742790245,0.2888095366868295
2009-04-02,-1.8125,-0.5381806415530415,0.2969272505120229
2009-04-03,-2.8125,-0.8295635811200148,0.29495593995378305
2009-04-06,-0.3077145455946644,-0.08975400944104382,0.29167945008121876
2009-04-07,0.0,0.0,0.2912816174325887
2009-04-08,0.0,0.0,0.29123169077143873
2009-04-09,0.0,0.0,0.29118178122255517
2009-04-10,0.0,0.0,0.29113188877714163
2009-04-13,0.0,0.0,0.29108201342640794
2009-04-14,0.0,0.0,0.2910321551615699
2009-04-15,-0.057832448585139765,-0.01682812654342952,0.29098070296393364
2009-04-16,-1.15625,-0.3355706980235898,0.29022330639878036
2009-04-17,-1.875,-0.5385067618861569,0.28720360633928366
2009-04-20,1.442071976463594,0.4096710329594735,0.2840850107663235
2009-04-21,0.0,0.0,0.2856451980661798
2009-04-22,0.0,0.0,0.2855963212829742
2009-04-23,0.0,0.0,0.2855474612235311
2009-04-24,0.0,0.0,0.2854986178792687
2009-04-27,0.0,0.0,0.285449791241611
2009-04-28,0.0,0.0,0.2854009813019878
2009-04-29,0.0,0.0,0.28535218805183493
2009-04-30,0.0,0.0,0.28530341148259386
2009-05-01,0.0,0.0,0.285254651585712
2009-05-04,0.0,0.0,0.2852059083526427
2009-05-05,0.0,0.0,0.285157181774845
2009-05-06,0.0,0.0,0.28510847184378396
2009-05-07,0.0,0.0,0.2850597785509303
2009-05-08,0.0,0.0,0.2850121371299647
2009-05-11,0.0,0.0,0.28544034168168886
2009-05-12,0.0,0.0,0.2859207493383103
2009-05-13,0.0,0.0,0.2878223193065328
2009-05-14,0.0,0.0,0.2889396530579208
2009-05-15,-0.01628918229355241,-0.004774181436723166,0.2930890790394607
2009-05-18,0.0,0.0,0.29312892790991063
2009-05-19,0.0,0.0,0.295565550534935
2009-05-20,0.0,0.0,0.3234149843108874
2009-05-21,0.0,0.0,0.3375224102956905
2009-05-22,0.0,0.0,0.3374648733898676
2009-05-25,0.0,0.0,0.3411427122089224
2009-05-26,0.0,0.0,0.36940594076486627
2009-05-27,-0.05788073241807406,-0.02142322916037185,0.37012712634026984
2009-05-28,0.0625,0.023502185528851714,0.37603496846162743
2009-05-29,-2.125,-0.8135334428592413,0.38283926722787825
2009-06-01,3.15625,1.2464563526952692,0.3949168642202833
2009-06-02,-0.34375,-0.13777930332883753,0.4008125187748001
2009-06-03,-1.15625,-0.46704753090444695,0.4039329997011433
2009-06-04,2.3125,0.9285177001504593,0.40152116763263107
2009-06-05,3.21875,1.339926880607185,0.4162879629070866
2009-06-08,0.3125,0.13236984721001965,0.42358351107206293
2009-06-09,-0.875,-0.3723390672877529,0.4255303626145748
2009-06-10,0.625,0.307710739753742,0.49233718360598727
2009-06-11,-1.3125,-0.6698186486096956,0.5103380179883396
2009-06-12,-0.625,-0.3199761391380793,0.5119618226209269
2009-06-15,-0.9375,-0.5015250635925389,0.5349600678320415
2009-06-16,-0.53125,-0.28293209464862135,0.532578060515052
2009-06-17,-0.53125,-0.28271838174097214,0.5321757773947711
2009-06-18,2.65625,1.3925653466781929,0.5242598952200256
2009-06-19,-0.71875,-0.3800471650198317,0.5287612730710702
2009-06-22,-1.53125,-0.8161149517933584,0.5329730297426014
2009-06-23,-0.6875,-0.3668403266465463,0.5335859296677037
2009-06-24,0.5400745660280603,0.2900164186159388,0.5369932910354283
2009-06-25,0.0,0.0,0.6102218795363096
2009-06-26,0.0,0.0,0.6101235453606364
2009-06-29,0.0,0.0,0.628628460345817
2009-06-30,0.0,0.0,0.6286636954105974
2009-07-01,0.0,0.0,0.6288765045236716
2009-07-02,0.0,0.0,0.62891189394686
2009-07-03,0.0,0.0,0.6351033875369515
2009-07-06,0.0,0.0,0.6355055475717086
2009-07-07,0.0,0.0,0.6411174831769472
2009-07-08,0.0,0.0,0.6411797220038626
2009-07-09,-0.053200332226074204,-0.0352757261100125,0.6630734176641737
2009-07-10,1.6875000000000284,1.106642709401168,0.6557882722377181
2009-07-13,-0.7500000000000284,-0.5010162344522995,0.668021645936374
2009-07-14,-1.09375,-0.7250966522701534,0.6629455106469974
2009-07-15,-2.15625,-1.4043819431284166,0.6513075678276714
2009-07-16,0.5717943315961547,0.42769366067797365,0.7479851356414704
2009-07-17,0.0,0.0,0.7702599251957576
2009-07-20,0.0,0.0,0.7708861617629529
2009-07-21,0.0,0.0,0.7716182253453407
2009-07-22,0.0,0.0,0.7874038117627259
2009-07-23,0.0,0.0,0.7984420740903557
2009-07-24,0.0,0.0,0.8138663291387228
2009-07-27,0.0,0.0,0.8141042256650759
2009-07-28,0.0,0.0,0.8303405953325474
2009-07-29,0.0,0.0,0.8302107249133316
2009-07-30,0.0,0.0,0.8335177098960783
2009-07-31,0.0,0.0,0.8333768223083743
2009-08-03,0.0,0.0,0.833235982340433
2009-08-04,0.0,0.0,0.8330951899681154
2009-08-05,0.0,0.0,0.8329544451672991
2009-08-06,0.0,0.0,0.8328137479138776
2009-08-07,0.0,0.0,0.8326837528845302
2009-08-10,-0.051520392428868425,-0.04477834984091127,0.8691383689038171
2009-08-11,-0.90625,-0.7841102838406613,0.8652251407896951
2009-08-12,-0.207689181421397,-0.190527567185997,0.9173687617335279
2009-08-13,0.0,0.0,0.9281225425456197
2009-08-14,-0.012430065833279798,-0.011869744961432966,0.9549221315991224
2009-08-17,0.0,0.0,0.967905057325303
2009-08-18,0.0,0.0,0.9681751889215163
2009-08-19,0.0,0.0,0.970157504627762
2009-08-20,-0.050655002357485254,-0.05094087507578897,1.0056435239364168
2009-08-21,-1.90625,-1.8790095122616366,0.9857099080716782
2009-08-24,0.7616643337329544,0.7425451259326504,0.9748981185628061
2009-08-25,0.0,0.0,0.9776735307236624
2009-08-26,0.0,0.0,0.9775087780677814
2009-08-27,0.0,0.0,0.9773440809291323
2009-08-28,0.0,0.0,0.9771794392796591
2009-08-31,0.0,0.0,0.9770148530913233
2009-09-01,-0.049538409544186444,-0.048391722470499,0.9768525658324851
2009-09-02,1.03125,1.0162269162821578,0.9854321612433046
2009-09-03,-0.59375,-0.5910103438943701,0.9953858423484128
2009-09-04,-1.4375000000000284,-1.4156647104923092,0.9848102333859348
2009-09-07,0.0,0.0,0.9796192064041386
2009-09-08,-0.03125,-0.030754101409079974,0.9841312450905592
2009-09-09,-0.15625,-0.1549756716191886,0.991844298362807
2009-09-10,1.9375000000000284,3.3715513439964204,1.7401555323852238
2009-09-11,0.15625,0.28123278785263145,1.7998898422568412
2009-09-14,-0.875,-1.5630936442817525,1.786392736322003
2009-09-15,-0.7187500000000284,-1.2771356302289265,1.776884355101045
2009-09-16,-0.59375,-1.0483687709503366,1.7656737194953038
2009-09-17,1.0312500000000284,1.876260785053208,1.819404397627303
2009-09-18,-1.1250000000000284,-2.0476360995902847,1.8201209774135405
2009-09-21,-0.11102804229574942,-0.20206064056572387,1.8199063622817704
2009-09-22,0.0,0.0,1.8339585073773628
2009-09-23,0.0,0.0,1.8414816051845753
2009-09-24,0.0,0.0,1.8445006038077634
2009-09-25,-0.04842621430265416,-0.09263812406368296,1.9129747265543657
2009-09-28,0.40625,0.851822997784274,2.096795071468982
2009-09-29,0.21875,0.45960522174985585,2.1010524422850554
2009-09-30,0.0625,0.13140125458757604,2.1024200734012166
2009-10-01,1.875,3.776850774551996,2.014320413094398
2009-10-02,-0.1417237780868698,-0.2874805169612002,2.0284564865677557
2009-10-05,-0.125,-0.2533259862558463,2.0266078900467703
2009-10-06,-0.25,-0.5059404257268785,2.023761702907514
2009-10-07,2.375,4.498271265464906,1.8940089538799605
2009-10-08,-2.25,-4.070543664421211,1.8091305175205383
2009-10-09,-3.5,-5.625885101958639,1.607395743416754
2009-10-12,-0.0472850394793426,-0.07752841891690637,1.6395972123651539
2009-10-13,1.25,2.059210897522563,1.6473687180180505
2009-10-14,-1.5,-2.4290884967256803,1.6193923311504537
2009-10-15,-0.78125,-1.2500377649998542,1.6000483391998133
2009-10-16,0.6716475560071266,1.0665186545245688,1.5879141448305256
2009-10-19,0.0,0.0,1.5919252992149335
2009-10-20,0.0,0.0,1.591658787459668
2009-10-21,-0.04653049746203952,-0.07404674772055755,1.5913594687219135
2009-10-22,-0.09375,-0.14912470416530527,1.5906635110965894
2009-10-23,-0.75,-1.1859818115418304,1.5813090820557738
2009-10-26,-1.0772666202254997,-1.6795849423425366,1.5591172239152422
2009-10-27,0.0,0.0,1.5521149030772212
2009-10-28,0.0,0.0,1.5518553169202438
2009-10-29,0.0,0.0,1.551595817578624
2009-10-30,0.0,0.0,1.5513364050088165
2009-11-02,-0.045043343358519304,-0.06986436611549618,1.5510475223700804
2009-11-03,-0.65625,-1.0134208624216237,1.5442603617853312
2009-11-04,-0.65625,-1.006515230083086,1.5337374934599406
2009-11-05,0.5,0.7629291148625273,1.5258582297250547
2009-11-06,0.6875,1.04638121866716,1.5220090453340507
2009-11-09,0.21875,0.33366286532715483,1.5253159557812792
2009-11-10,0.09375,0.14308904455384372,1.5262831419076663
2009-11-11,0.90625,1.3730552519810924,1.515095450461895
2009-11-12,-0.21875,-0.33243588237742394,1.5197068908682239
2009-11-13,0.04294771735786101,0.06519863146509249,1.5180930553730287
2009-11-16,1.46875,2.1864335277751685,1.488635593378838
2009-11-17,0.125,0.1871199838708287,1.4969598709666296
2009-11-18,-0.6682250610381948,-0.9966350073029281,1.4914660724554325
2009-11-19,0.875,1.2925061801734357,1.4771499201982121
2009-11-20,-0.375,-0.5551032605898887,1.4802753615730366
2009-11-23,0.25,0.38468029653920205,1.5387211861568082
2009-11-24,1.875,3.0707026537050783,1.6377080819760417
2009-11-25,1.5,2.423678107506216,1.6157854050041442
2009-11-26,0.0,0.0,1.6463330022304674
2009-11-27,2.4375,3.98913710426336,1.6365690684157375
2009-11-30,0.21287004045527996,0.3908023860730727,1.835873123513466
2009-12-01,-2.34375,-4.068802075760992,1.7360222189913566
2009-12-02,-2.625,-4.249295654211532,1.6187792968424883
2009-12-03,-2.2868666155424835,-3.500529596414804,1.5307099997104199
2009-12-04,-3.5625,-4.908874195194501,1.377929598651088
2009-12-07,1.4004291419098482,1.877236617647352,1.3404724034000415
2009-12-08,1.15625,1.5526439358963198,1.3428271878022224
2009-12-09,-0.28125,-0.38000619525918944,1.3511331386993402
2009-12-10,-0.9375,-1.2588767001333294,1.3428018134755515
2009-12-11,-1.0,-1.4071045541431322,1.4071045541431322
2009-12-14,-0.25511686352739926,-0.3588563179785384,1.4066350339086762
2009-12-15,0.0,0.0,1.4339479572031453
2009-12-16,0.0,0.0,1.4397010211964574
2009-12-17,0.0,0.0,1.443183514193912
2009-12-18,0.0,0.0,1.4429436308855068
2009-12-21,0.0,0.0,1.4427038273097732
2009-12-22,0.0,0.0,1.442464103426965
2009-12-23,0.0,0.0,1.4422244591973625
2009-12-24,-0.03649607517253963,-0.052626167749450184,1.441967869165481
2009-12-25,0.0,0.0,1.4415143731274325
2009-12-28,0.40625,0.584662635126924,1.4391695633893513
2009-12-29,-0.28125,-0.4050844255596351,1.4403001797675914
2009-12-30,-0.375,-0.5387359745427953,1.4366292654474542
2009-12-31,0.78125,1.114460219083947,1.426509080427452
2010-01-01,0.0,0.0,1.4308453878949585
2010-01-04,-0.15625,-0.22921893216024442,1.4670011658255642
2010-01-05,-1.3437500000000284,-1.9478863093194783,1.4495898115865578
2010-01-06,0.4687500000000284,0.6816057130947891,1.454092187935462
2010-01-07,0.25,0.3798191107692951,1.5192764430771803
2010-01-08,-0.3750000000000284,-0.5712125365538269,1.5232334308100897
2010-01-11,0.0,0.0,1.5206552635520167
2010-01-12,-1.4732040095601289,-2.195119706925678,1.490031043006121
2010-01-13,0.0,0.0,1.4808331744792775
2010-01-14,0.0,0.0,1.4805878080164896
2010-01-15,0.0,0.0,1.48034252285216
2010-01-18,0.0,0.0,1.4800973189458904
2010-01-19,0.0,0.0,1.4798521962573077
2010-01-20,0.0,0.0,1.4796071547460672
2010-01-21,-0.035379976223801415,-0.05233919624091121,1.4793451502011101
2010-01-22,0.1875,0.2772013446934064,1.4784071716981675
2010-01-25,-0.34375,-0.5079570344611104,1.4776931911595939
2010-01-26,0.1875,0.27654179919934774,1.4748895957298545
2010-01-27,-0.34375,-0.5067495047281539,1.4741803773909934
2010-01-28,0.09375,0.13797552369196212,1.4717389193809292
2010-01-29,0.90625,1.3240763539432299,1.4610497698683915
2010-02-01,-0.59375,-0.8677966141295042,1.4615521922181123
2010-02-02,0.3125,0.45515740836043994,1.456503706753408
2010-02-03,-0.875,-1.2765080777663669,1.4588663745901336
2010-02-04,1.34375,1.9222502604703586,1.4305118217453832
2010-02-05,1.21875,1.7298247866444478,1.4193434146826238
2010-02-08,-0.75,-1.0643585396270767,1.4191447195027689
2010-02-09,-0.5,-0.7057423728392271,1.4114847456784543
2010-02-10,-0.65625,-0.9207727515600775,1.4030822880915468
2010-02-11,-0.28125,-0.3932216104031203,1.3981212814333166
2010-02-12,0.625,0.8697325652205483,1.3915721043528773
2010-02-15,-0.018808714613681624,-0.02709147630225133,1.440368300476246
2010-02-16,0.46875,0.6771981538396397,1.444689394857898
2010-02-17,-1.28125,-1.8272652039968256,1.4261582079975224
2010-02-18,-0.9375,-1.31951925072216,1.407487200770304
2010-02-19,-0.06285223905201295,-0.08810537226734559,1.4017857374092046
2010-02-22,0.0,0.0,1.4011911705442996
2010-02-23,0.0,0.0,1.4009600725223308
2010-02-24,0.0,0.0,1.400759293903363
2010-02-25,0.0,0.0,1.413756269056704
2010-02-26,-0.031091072166197258,-0.04408560456595702,1.4179506042859351
2010-03-01,-0.1875,-0.2706862829180813,1.4436601755631
2010-03-02,0.03125,0.04507164967008788,1.4422927894428121
2010-03-03,0.03125,0.04507003850378519,1.442241232121126
2010-03-04,0.1875,0.27038421412486596,1.4420491419992851
2010-03-05,-0.9375,-1.3889728647515855,1.4815710557350246
2010-03-08,-0.25,-0.36876877205348585,1.4750750882139434
2010-03-09,0.28125,0.4170331613680366,1.482784573753019
2010-03-10,-0.375,-0.558569015694778,1.4895173751860749
2010-03-11,-0.1875,-0.27963967987192717,1.4914116259836117
2010-03-12,0.03125,0.04703411812978251,1.5050917801530403
2010-03-15,0.125,0.19039769638048235,1.5231815710438588
2010-03-16,1.0,1.5093450070572147,1.5093450070572147
2010-03-17,0.0,0.0,1.5153557242040236
2010-03-18,-0.53125,-0.8027361730744184,1.5110327963753758
2010-03-19,-0.25,-0.3766430513954325,1.50657220558173
2010-03-22,0.625,0.9370145147276836,1.4992232235642937
2010-03-23,0.0,0.0,1.5052154148127521
2010-03-24,-2.375,-3.393955465057427,1.4290338800241797
2010-03-25,-1.1229999197296479,-1.5709728630217237,1.3989073689336695
2010-03-26,0.0,0.0,1.437192826425508
2010-03-29,0.0,0.0,1.437222572301879
2010-03-30,0.0,0.0,1.4371933466398121
2010-03-31,0.0,0.0,1.4377851493122438
2010-04-01,0.0,0.0,1.5163903402067698
2010-04-02,0.0,0.0,1.5946341939340274
2010-04-05,0.0,0.0,1.8227108454125391
2010-04-06,-0.028218235520482617,-0.05142610827282371,1.822442378989123
2010-04-07,-1.59375,-2.870886947211819,1.801340829623102
2010-04-08,0.3777645708330691,0.6926962149429037,1.833671732146105
2010-04-09,0.0,0.0,1.8496707829020274
2010-04-12,0.0,0.0,1.8593774913198067
2010-04-13,0.0,0.0,1.8590725848555842
2010-04-14,0.0,0.0,1.8587677783739731
2010-04-15,0.0,0.0,1.8585113523270045
2010-04-16,0.0,0.0,1.8584027236503342
2010-04-19,-0.027120655528000935,-0.05073485859358287,1.870709155285766
2010-04-20,-0.0625,-0.11854327471048515,1.8966923953677624
2010-04-21,0.84375,1.5858173508027675,1.8794872305810577
2010-04-22,-0.71875,-1.3470136070112768,1.8741058880156896
2010-04-23,-0.75,-1.3916551206288532,1.855540160838471
2010-04-26,0.25,0.46199664904825694,1.8479865961930277
2010-04-27,2.15625,3.7779282317703293,1.7520826582123266
2010-04-28,-1.3125,-2.2866449565952878,1.7422056812154574
2010-04-29,0.875,1.5101490303941278,1.7258846061647175
2010-04-30,0.9375,1.6124102268922234,1.7199042420183717
2010-05-03,-0.84375,-1.4527896940535892,1.7218248225820316
2010-05-04,1.3125,2.2106999116981108,1.6843427898652272
2010-05-05,1.0625,1.777590241466294,1.6730261096153356
2010-05-06,2.5,3.969685166874406,1.5878740667497624
2010-05-07,-0.4968490923418165,-0.7953881351485738,1.6008646235009558
2010-05-10,-3.0,-4.392868556191084,1.4642895187303613
2010-05-11,0.3125,0.4606479771404795,1.4740735268495344
2010-05-12,-0.875,-1.2822084504467588,1.4653810862248673
2010-05-13,0.2218946117146087,0.3251333446464914,1.4652602067898066
2010-05-14,1.8125,2.59628793868389,1.4324347247911118
2010-05-17,-0.38753665232679024,-0.5591798861155991,1.4429083875247772
2010-05-18,1.25,1.7759729162394993,1.4207783329915995
2010-05-19,0.0653800053816187,0.09642519216446302,1.4748422182230736
2010-05-20,2.8125,3.9397203218990566,1.4007894477863312
2010-05-21,1.4375,1.9999376884343283,1.3912610006499675
2010-05-24,-0.5625,-0.827681893367439,1.4714344770976693
2010-05-25,2.0,2.832842946167705,1.4164214730838525
2010-05-26,-2.0625,-2.977319047175974,1.4435486289338055
2010-05-27,-3.375,-4.643532877459947,1.3758615933214657
2010-05-28,1.5,2.0887227511932656,1.3924818341288436
2010-05-31,0.0,0.0,1.5777909871870655
2010-06-01,0.0625,0.10055446496878402,1.6088714395005443
2010-06-02,-1.375,-2.2000403259512273,1.600029327964529
2010-06-03,-0.9033748299029655,-1.4264416773396251,1.5790141922515641
2010-06-04,2.8125,4.132633071082446,1.4693806474959807
2010-06-07,0.25,0.37484498516503756,1.4993799406601502
2010-06-08,0.3145978190190796,0.47195568509673,1.5001874029778541
2010-06-09,-0.6875,-1.0279494660186101,1.4951992232997966
2010-06-10,-4.0625,-5.2431212293994856,1.2906144564675657
2010-06-11,3.2204637027700564,3.7686959830740605,1.1702339572504563
2010-06-14,-0.9375,-1.1043228753613619,1.1779444003854527
2010-06-15,-0.59375,-0.6947752063645294,1.1701477159823652
2010-06-16,0.34375,0.4008371640104891,1.1660717498486954
2010-06-17,1.3125,1.51303431289234,1.1527880479179733
2010-06-18,-0.5625,-0.6503437902467277,1.156166738216405
2010-06-21,-0.28125,-0.3241813965716389,1.1526449655880495
2010-06-22,1.21875,1.3895193027888944,1.1401184022883235
2010-06-23,0.90625,1.0326948929544897,1.1395253991221954
2010-06-24,-0.0625,-0.07154345906827804,1.1446953450924486
2010-06-25,0.2835214051100715,0.325654551683098,1.1486065807153754
2010-06-28,2.625,2.8747140614807307,1.0951291662783735
2010-06-29,1.5625,1.7008248214176278,1.0885278857072818
2010-06-30,0.0625,0.06929723839060077,1.1087558142496123
2010-07-01,0.25,0.2775128769409066,1.1100515077636264
2010-07-02,-1.1875,-1.3071852721853623,1.1007875976297787
2010-07-05,0.0,0.0,1.0964275903852694
2010-07-06,1.6875,1.8146985966052058,1.0753769461364182
2010-07-07,-1.1875,-1.2920347462603605,1.0880292600087247
2010-07-08,-1.125,-1.2077564871460047,1.0735613219075597
2010-07-09,-0.9375,-0.9959238339311489,1.0623187561932255
2010-07-12,0.75,0.7906524214183996,1.0542032285578662
2010-07-13,-1.8125,-1.875564207599526,1.0347940455721523
2010-07-14,2.3125,2.2957642926720285,0.9927629373716881
2010-07-15,2.1875,2.128134851751774,0.9728616465150968
2010-07-16,1.6875,1.6278024763863486,0.9646236897104288
2010-07-19,-0.6875,-0.665801273632471,0.968438216192685
2010-07-20,0.8125,0.7820641253537313,0.9625404619738231
2010-07-21,1.0340877198545035,0.9923232489373351,0.9596122552126964
2010-07-22,-1.96875,-1.8556019017586523,0.9425279500996329
2010-07-23,-3.0,-2.666984397050222,0.8889947990167406
2010-07-26,0.3466212185679403,0.30559195387032895,0.8816308336023886
2010-07-27,-1.625,-1.4165913115155586,0.87174849939419
2010-07-28,2.125,1.7969489971186492,0.8456230574675996
2010-07-29,0.9375,0.7989788517764737,0.8522441085615718
2010-07-30,2.875,2.3776043717608424,0.826992824960293
2010-08-02,-1.5625,-1.3004410573487624,0.832282276703208
2010-08-03,2.25,1.8190234449553977,0.8084548644246212
2010-08-04,-1.4375,-1.1618389613234752,0.808235799181548
2010-08-05,1.0625,0.8508123123363454,0.8007645292577368
2010-08-06,2.75,2.1324399850723785,0.7754327218445013
2010-08-09,-0.2789111082619173,-0.21891396373367525,0.7848879347182527
2010-08-10,2.8125,2.124801751304248,0.7554850671303993
2010-08-11,3.75,2.6928827602967833,0.7181020694124756
2010-08-12,-1.59375,-1.1564013868987733,0.7255851839364852
2010-08-13,1.40625,1.0092326017990596,0.7176765168348868
2010-08-16,3.71792512235138,2.532655692319378,0.6812013714567804
2010-08-17,-3.1875,-2.115047442848242,0.663544295795527
2010-08-18,-0.375,-0.24567312485391785,0.6551283329437809
2010-08-19,2.0625,1.32718376198579,0.6434830361143224
2010-08-20,-2.53125,-1.602228731489614,0.6329792519465142
2010-08-23,0.75,0.4691342984965555,0.6255123979954074
2010-08-24,4.5,2.6253727504662554,0.583416166770279
2010-08-25,-2.90625,-1.67545717495424,0.5765013935326417
2010-08-26,1.78125,1.004863096976555,0.564133668478066
2010-08-27,-6.1875,-3.117600633156549,0.5038546477828766
2010-08-30,5.596145329350273,2.5270134893461185,0.4515632351598544
2010-08-31,1.375,0.6310496892073878,0.45894522851446384
2010-09-01,-3.3125,-1.4843805086056348,0.44811487052245574
2010-09-02,-1.0,-0.44148865163650597,0.44148865163650597
2010-09-03,-2.125,-0.9236597538743199,0.4346634135879152
2010-09-06,-0.029186089784417918,-0.012581407496006806,0.4310754742734965
2010-09-07,1.65625,0.7087901148333172,0.4279487485786066
2010-09-08,-0.8125,-0.3501685176736921,0.43097663713685186
2010-09-09,-1.625,-0.6933619451333046,0.4266842739281875
2010-09-10,-0.46875,-0.19876353184253104,0.4240288679307329
2010-09-13,1.03125,0.43531075366468125,0.42211951870514547
2010-09-14,1.0625,0.4493722451734635,0.42293858369267157
2010-09-15,-0.5,-0.21216440971549544,0.4243288194309909
2010-09-16,-0.5625,-0.24144510560913487,0.42923574330512865
2010-09-17,0.46875,0.20127586922026602,0.42938852100323416
2010-09-20,0.53125,0.2283210521681613,0.42978080408124475
2010-09-21,1.9375,0.8262856129083223,0.4264699937591341
2010-09-22,0.34504613776505977,0.1481748161650581,0.4294347913146317
2010-09-23,0.0625,0.026870285690213713,0.4299245710434194
2010-09-24,-1.4375,-0.6148283147881172,0.4277066537656467
2010-09-27,2.9375,1.2226071380425256,0.4162066852910726
2010-09-28,1.9375,0.8077914319821594,0.41692461005530806
2010-09-29,-1.125,-0.47093069357949485,0.41860506095955097
2010-09-30,-0.4375,-0.18339319162561774,0.419184438001412
2010-10-01,0.125,0.05231977342876001,0.41855818743008005
2010-10-04,1.5625,0.6502888774119188,0.416184881543628
2010-10-05,0.6875,0.2874321702698292,0.4180831567561152
2010-10-06,1.7823238857311525,0.7411987134658351,0.41586084291395636
2010-10-07,0.28125,0.11769797232288186,0.4184816793702466
2010-10-08,1.03125,0.4308283487099206,0.41777294420355937
2010-10-11,0.75,0.31404927234053825,0.4187323631207177
2010-10-12,-2.15625,-0.8951878531627137,0.4151595840754614
2010-10-13,0.84375,0.3468668814336118,0.41110148910650285
2010-10-14,-3.28125,-1.3212336903664903,0.4026616961116923
2010-10-15,-2.625,-1.0287066327333838,0.3918882410412891
2010-10-18,3.9074136247743896,1.466453024702886,0.37530017692651046
2010-10-19,0.5625,0.21407155342116513,0.38057165052651576
2010-10-20,0.0625,0.02408011453091646,0.38528183249466336
2010-10-21,-1.625,-0.624841489537555,0.3845178397154185
2010-10-22,-0.875,-0.33436618401537876,0.38213278173186144
2010-10-25,0.0,0.0,0.38157136901193284
2010-10-26,-2.8125,-1.0559491389404942,0.37544858273439796
2010-10-27,-2.030220560474345,-0.7501027389072076,0.36946859543770555
2010-10-28,1.28125,0.46913202794069525,0.3661518266854207
2010-10-29,0.84375,0.3142207983823005,0.37240983511976355
2010-11-01,0.0625,0.023359194324406824,0.3737471091905092
2010-11-02,0.4375,0.16679049324461648,0.3812354131305519
2010-11-03,0.06370759061717853,0.024329142448849032,0.3818876559787644
2010-11-04,4.6875,1.708152323575827,0.36440582902950974
2010-11-05,-1.3125,-0.4849346796823359,0.3694740416627321
2010-11-08,-0.25,-0.09254553458650984,0.37018213834603936
2010-11-09,-3.3125,-1.1967868593917328,0.3612941462314665
2010-11-10,1.75,0.6223525130524732,0.3556300074585561
2010-11-11,-1.9375,-0.6880374144967806,0.35511608490156416
2010-11-12,-2.2185301674328244,-0.7868974866948777,0.35469316498203735
2010-11-15,-2.380535842575758,-0.8308158622505076,0.3490037189910816
2010-11-16,0.5308747909336753,0.18357548163060533,0.34579807661942696
2010-11-17,0.0,0.0,0.34937694295148464
2010-11-18,0.0,0.0,0.3524872602374571
2010-11-19,0.0,0.0,0.36119716219506914
2010-11-22,0.0,0.0,0.36292258970855257
2010-11-23,0.0,0.0,0.36286459808460525
2010-11-24,0.0,0.0,0.36280973505995734
2010-11-25,0.0,0.0,0.3642630963505456
2010-11-26,0.0,0.0,0.36486106962504633
2010-11-29,0.0,0.0,0.3712864062853741
2010-11-30,0.0,0.0,0.3712792634899342
2010-12-01,0.0,0.0,0.3713025730916864
2010-12-02,0.0,0.0,0.37163812612237873
2010-12-03,0.0,0.0,0.3859094178084944
2010-12-06,0.0,0.0,0.3954315777768757
2010-12-07,0.0,0.0,0.3962024454874575
2010-12-08,0.0,0.0,0.3964746909346203
2010-12-09,-0.03395777020072254,-0.013465033651038526,0.39652290393177886
2010-12-10,1.09375,0.43412010601351825,0.3969098112123595
2010-12-13,-0.875,-0.3483263853506734,0.3980872975436267
2010-12-14,2.75,1.0716228100374854,0.38968102183181286
2010-12-15,0.75,0.29594989341667804,0.39459985788890406
2010-12-16,-0.625,-0.24754173580207758,0.3960667772833241
2010-12-17,-2.0625,-0.8067008463305504,0.39112768306935775
2010-12-20,0.34375,0.133362104845577,0.38796248682349677
2010-12-21,-0.3125,-0.12334302352604037,0.3946976752833292
2010-12-22,0.46875,0.18574681231055165,0.3962598662625102
2010-12-23,0.8125,0.32198234588834235,0.3962859641702675
2010-12-24,0.0,0.0,0.3975143606337131
2010-12-27,-0.6875,-0.2738616521345785,0.39834422128665964
2010-12-28,1.8125,0.7143652643152922,0.3941325596222302
2010-12-29,-2.4375,-0.9601406473566095,0.39390385532578853
2010-12-30,0.53125,0.20784414286555497,0.39123603362927994
2010-12-31,-0.90625,-0.3555974222100218,0.39238336243864474
2011-01-03,0.4958245624766064,0.1941390115572568,0.39154778978182736
2011-01-04,0.0,0.0,0.39275520487955723
2011-01-05,0.0,0.0,0.39578257375667864
2011-01-06,-0.03535866240767793,-0.014173613397437605,0.4008526463478405
2011-01-07,-1.71875,-0.6918360661751509,0.40252280213826963
2011-01-10,-0.44171967555047775,-0.17775177257609176,0.4024085464487739
2011-01-11,0.0,0.0,0.40212503574168257
2011-01-12,0.0,0.0,0.4027140051336943
2011-01-13,0.0,0.0,0.40371189028692306
2011-01-14,0.0,0.0,0.4075434073126588
2011-01-17,0.0,0.0,0.4168195163257624
2011-01-18,0.0,0.0,0.4168809089111483
2011-01-19,0.0,0.0,0.4196379987009013
2011-01-20,0.0,0.0,0.42448823211215386
2011-01-21,0.0,0.0,0.42539113749297625
2011-01-24,0.0,0.0,0.4346688321363699
2011-01-25,0.0,0.0,0.43743877406884
2011-01-26,0.0,0.0,0.44337499370309347
2011-01-27,0.0,0.0,0.4458033082359519
2011-01-28,0.0,0.0,0.4471093688088239
2011-01-31,0.0,0.0,0.45648375541952424
2011-02-01,0.0,0.0,0.4565106089197784
2011-02-02,0.0,0.0,0.466755728050428
2011-02-03,0.0,0.0,0.4862207619917763
2011-02-04,-0.034914419501787225,-0.01710270113986241,0.4898463552855847
2011-02-07,-0.0625,-0.030788709905015182,0.4926193584802429
2011-02-08,1.25,0.6391773905105046,0.5113419124084037
2011-02-09,-1.1875,-0.6272564695783911,0.528215974381803
2011-02-10,0.90625,0.475390200717859,0.5245684973438444
2011-02-11,-0.75,-0.3994832932684452,0.5326443910245936
2011-02-14,-0.25,-0.13555368531972764,0.5422147412789106
2011-02-15,-0.0397116027391821,-0.021548170492449118,0.5426164900463275
2011-02-16,0.09375,0.0545281188932849,0.5816332681950389
2011-02-17,-0.84375,-0.5047871552938342,0.5982662581260257
2011-02-18,-0.09375,-0.05655238033399457,0.6032253902292753
2011-02-21,0.0,0.0,0.7028291987481009
2011-02-22,-2.0625,-1.6416763129579421,0.7959642729493053
2011-02-23,0.5282344208310423,0.42034624166713264,0.7957570069095931
2011-02-24,0.0,0.0,0.8429897959500934
2011-02-25,0.0,0.0,0.8472840944883643
2011-02-28,0.0,0.0,0.8677334478034786
2011-03-01,0.0,0.0,0.8676003024571433
2011-03-02,0.0,0.0,0.8804588983775913
2011-03-03,0.0,0.0,0.8835051202254467
2011-03-04,0.0,0.0,0.8963386626995469
2011-03-07,0.0,0.0,0.8972936219879774
2011-03-08,0.0,0.0,0.9024963619738344
2011-03-09,0.0,0.0,0.9080963228371516
2011-03-10,0.0,0.0,0.9092343602862134
2011-03-11,0.0,0.0,0.910717545003402
2011-03-14,0.0,0.0,0.9117067266834248
2011-03-15,-0.034584333303052155,-0.031576040613868164,0.913015738576678
2011-03-16,1.8125,1.658766296708326,0.9151814050804558
2011-03-17,-0.625,-0.5750570769616659,0.9200913231386654
2011-03-18,-0.5,-0.4582183731672881,0.9164367463345762
2011-03-21,-0.96875,-0.8916353713309874,0.920397802664245
2011-03-22,-0.3125,-0.30115476293782484,0.9636952414010396
2011-03-23,-0.15625,-0.15381054768576427,0.9843875051888914
2011-03-24,-0.9375,-0.9243468480288751,0.9859699712308001
2011-03-25,-0.6596861260762076,-0.6469709363490719,0.980725394661905
2011-03-28,0.0,0.0,0.9781224857099085
2011-03-29,0.0,0.0,0.9928550301320722
2011-03-30,0.0,0.0,0.9956327617901638
2011-03-31,0.0,0.0,1.0156517924637882
2011-04-01,0.0,0.0,1.0160046298679317
2011-04-04,0.0,0.0,1.0227878872223988
2011-04-05,0.0,0.0,1.0263372693858142
2011-04-06,0.0,0.0,1.0579021810891975
2011-04-07,-0.034568049756048894,-0.036737484513348274,1.062758378693891
2011-04-08,0.1875,0.21459509533834248,1.1445071751378266
2011-04-11,-0.15625,-0.18823549987797325,1.2047071992190288
2011-04-12,-1.28125,-1.7197691773025183,1.3422588700897704
2011-04-13,-0.6281060034556486,-0.838139881528752,1.3343924065644346
2011-04-14,0.0,0.0,1.3309076666244108
2011-04-15,0.0,0.0,1.3610213416784085
2011-04-18,0.0,0.0,1.369857989280824
2011-04-19,-0.03427594637510144,-0.04694532099848438,1.3696287327776357
2011-04-20,-0.6875,-1.0063626779119796,1.4638002587810615
2011-04-21,0.15625,0.23707981354724256,1.5173108067023524
2011-04-22,0.0,0.0,1.5424615826201566
2011-04-25,0.6875,1.0627701358333224,1.5458474703030145
2011-04-26,0.6875,1.0606217014092714,1.542722474777122
2011-04-27,-0.5,-0.7729009782114212,1.5458019564228425
2011-04-28,1.0625,1.6210703611876767,1.5257132811178133
2011-04-29,0.375,0.7283073002994213,1.9421528007984568
2011-05-02,0.1875,0.3723431334175476,1.9858300448935873
2011-05-03,0.3724360359306677,0.7393195676094674,1.9850913882755918
2011-05-04,0.8125,1.8542981156051752,2.2822130653602155
2011-05-05,1.6875,3.8749005957246734,2.2962373900590656
2011-05-06,0.875,2.113200896190863,2.4150867385038435
2011-05-09,0.7168994245232582,1.8605231999485161,2.595236007039305
2011-05-10,-2.25,-5.9122683304698755,2.627674813542167
2011-05-11,1.96875,4.843746394875254,2.460315629142986
2011-05-12,-1.5,-3.5938231083986625,2.395882072265775
2011-05-13,1.96875,4.433139477310981,2.2517533853008156
2011-05-16,1.5,3.2986389707778425,2.1990926471852283
2011-05-17,1.1084872399772328,2.4110414257528365,2.1750736849278995
2011-05-18,-2.4375,-4.930717641485173,2.022858519583661
2011-05-19,0.46875,0.936658833802238,1.998205512111441
2011-05-20,1.21875,2.395280827952577,1.9653586280636528
2011-05-23,1.125,2.1874128744678885,1.944366999527012
2011-05-24,0.46875,0.9128153261613555,1.9473393624775583
2011-05-25,0.375,0.7302203902940306,1.947254374117415
2011-05-26,3.65625,6.148517446700902,1.6816457973882808
2011-05-27,0.65625,1.1138546055243048,1.6973022560370359
2011-05-30,0.0,0.0,1.7012243602741937
2011-05-31,0.84375,1.4247963941516366,1.6886475782537915
2011-06-01,4.21875,6.050625716604814,1.434222392084104
2011-06-02,-2.0625,-2.898144500977718,1.4051609701710146
2011-06-03,2.15625,2.894666467092699,1.3424540137241503
2011-06-06,0.09375,0.12805773076768137,1.3659491281886014
2011-06-07,-0.46875,-0.6432440601162364,1.3722539949146375
2011-06-08,2.71875,3.728967719836055,1.371574333732802
2011-06-09,-2.71875,-3.567900592922882,1.312331252569336
2011-06-10,1.5,1.9211865984692489,1.2807910656461658
2011-06-13,-1.03125,-1.3608378686218554,1.319600357451496
2011-06-14,-4.875,-5.412855207134798,1.11032927325842
2011-06-15,6.904945280169669,5.736126743814485,0.8307273281785568
2011-06-16,1.8125,1.521067764228838,0.8392098009538417
2011-06-17,-0.9375,-0.7909896399349555,0.8437222825972859
2011-06-20,-0.375,-0.3150526705313479,0.8401404547502611
2011-06-21,-0.6875,-0.5767182213870043,0.8388628674720063
2011-06-22,0.0625,0.05314714567078371,0.8503543307325394
2011-06-23,2.75,2.3198429392676236,0.8435792506427722
2011-06-24,1.5625,1.3170236959954982,0.8428951654371188
2011-06-27,-1.3125,-1.1074800328582959,0.8437943107491778
2011-06-28,-4.3125,-3.3232066990807883,0.7705986548593132
2011-06-29,-1.9375,-1.4452194288061497,0.7459197051902708
2011-06-30,-2.0955744627393593,-1.5222987055663626,0.726435033750314
2011-07-01,-0.6875,-0.4944697206176195,0.7192286845347193
2011-07-04,-0.03310014542126628,-0.024048418346035407,0.7265351266579242
2011-07-05,0.0,0.0,0.7269522437841905
2011-07-06,0.0,0.0,0.7268389970558693
2011-07-07,-0.03297898777617734,-0.023966566740174604,0.726722327041434
2011-07-08,2.5,1.7679486578740815,0.7071794631496326
2011-07-11,1.65625,1.1683708562368278,0.7054314603694055
2011-07-12,0.15625,0.11087075152777567,0.7095728097777643
2011-07-13,0.34375,0.2438965557696758,0.7095172531481478
2011-07-14,-0.7520293252117152,-0.5329009641224882,0.7086172656531222
2011-07-15,1.6875,1.178220272698503,0.6982046060435573
2011-07-18,0.25,0.17556298223845845,0.7022519289538338
2011-07-19,0.0,0.0,0.7027850853642533
2011-07-20,-1.3125,-0.9157203554289796,0.6976916993744606
2011-07-21,-2.375,-1.6113848094389864,0.6784778145006258
2011-07-22,1.2795148941303793,0.8547824728438879,0.6680519912391013
2011-07-25,-0.40625,-0.27246099542623575,0.6706732195107341
2011-07-26,0.8125,0.5425898057799264,0.6678028378829864
2011-07-27,-0.59375,-0.3970785240310806,0.6687638299470832
2011-07-28,0.53125,0.3540511292560195,0.666449184481919
2011-07-29,2.375,1.5509052857098176,0.6530127518778179
2011-08-01,0.8732972945707883,0.5734772391768042,0.656680425717635
2011-08-02,3.25,2.056525232521243,0.6327769946219209
2011-08-03,0.375,0.24133940505246243,0.6435717468065665
2011-08-04,3.8125,2.3415061663879655,0.6141655518394664
2011-08-05,-3.8125,-2.2625066399059577,0.5934443645654971
2011-08-08,6.125,3.1848407462286143,0.5199739993842636
2011-08-09,5.0,2.470511411341209,0.4941022822682419
2011-08-10,0.9375,0.470131618652236,0.5014737265623851
2011-08-11,-3.375,-1.6452035950335329,0.48746773186178755
2011-08-12,2.625,1.2436601612345175,0.4737752995179114
2011-08-15,-1.25,-0.5950730899167629,0.4760584719334103
2011-08-16,2.0233976672643075,0.9486165773969176,0.46882359940617846
2011-08-17,1.125,0.5352546077999497,0.47578187359995533
2011-08-18,1.6875,0.8004134568152479,0.4743190855201469
2011-08-19,0.0625,0.02981161827886293,0.4769858924618069
2011-08-22,-0.8125,-0.386900617195878,0.47618537501031133
2011-08-23,-1.0625,-0.5029736145717945,0.4733869313616889
2011-08-24,-3.0,-1.3821610666367485,0.4607203555455829
2011-08-25,1.625,0.7358697625146684,0.4528429307782575
2011-08-26,1.1875,0.5387639430491395,0.45369595204138063
2011-08-29,-2.25,-1.0118483549607575,0.4497103799825589
2011-08-30,2.6875,1.1777765518619847,0.43824243790213385
2011-08-31,-1.5625,-0.6868917994665422,0.43961075165858704
2011-09-01,2.25,0.971649003406825,0.4318440015141445
2011-09-02,3.0625,1.3030661903532557,0.4254910009316753
2011-09-05,0.0,0.0,0.4298819649090745
2011-09-06,-0.25,-0.1074380093842042,0.4297520375368168
2011-09-07,-1.375,-0.5876963323505795,0.4274155144367851
2011-09-08,1.5,0.6395937307131712,0.42639582047544744
2011-09-09,2.25,0.953643956437248,0.42384175841655464
2011-09-12,-1.1875,-0.5057018572537157,0.4258541955820764
2011-09-13,-1.625,-0.6864291206366117,0.422417920391761
2011-09-14,-0.6875,-0.28852467904577594,0.41967226043021955
2011-09-15,-2.125,-0.8804402582953627,0.41432482743311183
2011-09-16,0.3125,0.12875110814033563,0.412003546049074
2011-09-19,3.9375,1.569516159943132,0.39860727871571605
2011-09-20,-0.3125,-0.12619647437797843,0.403828718009531
2011-09-21,1.125,0.4524887212235045,0.4022121966431151
2011-09-22,4.0,1.5595747127303463,0.3898936781825866
2011-09-23,-3.125,-1.2094302646974826,0.3870176847031944
2011-09-26,-2.5,-0.9450009970958477,0.3780003988383391
2011-09-27,-3.125,-1.148017117870471,0.3673654777185507
2011-09-28,0.40551443117484903,0.14732391989962212,0.36330129971650565
2011-09-29,0.625,0.2271638766331917,0.36346220261310674
2011-09-30,0.21875,0.07965737540935228,0.3641480018713247
2011-10-03,1.78125,0.6449334631854434,0.36206790915674014
2011-10-04,-0.09419375919691214,-0.03430732719375565,0.3642208091731019
2011-10-05,-3.375,-1.2050737283250634,0.3570588824666855
2011-10-06,-2.375,-0.8296171354238472,0.3493124780731988
2011-10-07,-2.5320443709562652,-0.8663133867403625,0.34213989165331493
2011-10-10,-2.609375,-0.873375111406375,0.334706629521006
2011-10-11,1.264179273230043,0.41794637342229135,0.33060688643820024
2011-10-12,0.0,0.0,0.3320267927916348
2011-10-13,0.0,0.0,0.3322731718108348
2011-10-14,0.0,0.0,0.3322373642574842
2011-10-17,0.0,0.0,0.3321861893266389
2011-10-18,0.0,0.0,0.33243299113933306
2011-10-19,-0.03218249456662751,-0.01070645933514814,0.3326795973811952
2011-10-20,-0.28125,-0.09357156519867149,0.3326988984841653
2011-10-21,-0.09375,-0.031221454875517855,0.3330288520055238
2011-10-24,-0.625,-0.2079435864297534,0.33270973828760547
2011-10-25,1.5625,0.5162748668309358,0.33041591477179894
2011-10-26,-1.09375,-0.3625948075467982,0.3315152526142155
2011-10-27,-2.53125,-0.8268249965375497,0.3266469122123653
2011-10-28,1.5292374915799685,0.4954791382426557,0.32400404840371755
2011-10-31,0.0,0.0,0.32617595652754616
2011-11-01,-0.03367326354404813,-0.01099229018632175,0.3264397040679675
2011-11-02,0.125,0.041183977254242256,0.32947181803393805
2011-11-03,-0.53125,-0.17628249856635547,0.3318258796543162
2011-11-04,0.40625,0.13506874428761606,0.3324769090156703
2011-11-07,0.59375,0.19900377474676295,0.33516425220507445
2011-11-08,-1.0,-0.3366250611324265,0.3366250611324265
2011-11-09,1.53125,0.5124608888281438,0.33466833556123676
2011-11-10,-0.9375,-0.3185081611790174,0.3397420385909519
2011-11-11,-1.140625,-0.3853726350725053,0.3378609403375389
2011-11-14,1.359375,0.4570434328672485,0.33621585866096443
2011-11-15,-0.2775623030926754,-0.09397174588046227,0.3385609098692556
2011-11-16,0.34375,0.11627184429010605,0.33824536520758125
2011-11-17,0.65625,0.22208259892692672,0.33841157931722166
2011-11-18,-1.0625,-0.36913020366745575,0.3474166622752525
2011-11-21,0.5625,0.19470792482317822,0.3461474219078724
2011-11-22,0.4375,0.15165829030718767,0.3466475207021432
2011-11-23,0.84375,0.2928886178266744,0.34712725075754003
2011-11-24,-0.03333913694238854,-0.012032300706097647,0.3609061844309281
2011-11-25,-2.25,-0.8104651739827341,0.3602067439923263
2011-11-28,0.25,0.09018259207868767,0.3607303683147507
2011-11-29,-1.125,-0.4050566916687941,0.3600503925944836
2011-11-30,-1.5959320357133033,-0.5694965975043635,0.3568426378820239
2011-12-01,-0.40625,-0.14631304339654339,0.36015518374533756
2011-12-02,1.0625,0.3871426161390783,0.3643695210720737
2011-12-05,-0.21875,-0.08037178188301733,0.36741386003665066
2011-12-06,-0.46875,-0.17237597978385763,0.36773542353889627
2011-12-07,1.28125,0.49368843306623156,0.38531780141754657
2011-12-08,0.8125,0.3516027729390051,0.43274187438646783
2011-12-09,-1.0625,-0.4635526146787661,0.43628481381530926
2011-12-12,0.71875,0.3126413265202954,0.4349792368978023
2011-12-13,0.5625,0.2451527554645686,0.43582712082589975
2011-12-14,0.6227814948124533,0.27198163712489115,0.436720807201885
2011-12-15,-0.375,-0.16404843156184087,0.437462484164909
2011-12-16,1.8125,0.8003853643891996,0.44159192518024803
2011-12-19,0.625,0.2791792282776301,0.44668676524420814
2011-12-20,-2.8125,-1.2391710749080833,0.4405941599673185
2011-12-21,-0.8125,-0.3712455293269996,0.4569175745563072
2011-12-22,0.125,0.05751154859808801,0.4600923887847041
2011-12-23,-2.375,-1.089395695514518,0.45869292442716547
2011-12-26,-0.03364852745914591,-0.015321522818345706,0.455340069099553
2011-12-27,0.1875,0.08534520273583653,0.4551744145911281
2011-12-28,1.5,0.6790361888179197,0.45269079254527983
2011-12-29,0.28125,0.1279541700171549,0.45494816006099514
2011-12-30,0.5625,0.2559105486212115,0.45495208643770935
2012-01-02,-0.03374237590717597,-0.015638433481333154,0.4634656884966816
2012-01-03,-2.3125,-1.0640042042831028,0.4601099261764769
2012-01-04,-0.625,-0.28489300229998676,0.4558288036799788
2012-01-05,0.40372434462376255,0.1835688320126755,0.45468853800170594
2012-01-06,0.5,0.22782987255736317,0.45565974511472634
2012-01-09,0.21875,0.10059181674079169,0.459848305100762
2012-01-10,-0.3150423168159344,-0.14494813186372252,0.46009099135850196
2012-01-11,1.9375,0.8813718979154422,0.45490162473055085
2012-01-12,-0.9375,-0.4303194558590797,0.4590074195830184
2012-01-13,2.3125,1.0585994355625803,0.4577727288919266
2012-01-16,0.0,0.0,0.46349403305908027
2012-01-17,0.1875,0.08692223155881842,0.4635852349803649
2012-01-18,-1.3125,-0.6070302031396565,0.4624992023921192
2012-01-19,-2.25,-1.022738045432881,0.4545502424146137
2012-01-20,-1.75,-0.7832442841941578,0.4475681623966616
2012-01-23,-1.1590798093073997,-0.5213409102370258,0.4497886220177966
2012-01-24,0.21875,0.09815366420824101,0.4487024649519589
2012-01-25,1.34375,0.6177380723684015,0.45971205385555464
2012-01-26,1.34375,0.6178262458700032,0.45977767134511865
2012-01-27,0.5625,0.27026508799474536,0.48047126754621394
2012-01-30,0.5907100148002147,0.29621356279015487,0.5014534295484019
2012-01-31,0.875,0.49292609718661345,0.5633441110704154
2012-02-01,-1.0625,-0.6516379292637928,0.6133062863659227
2012-02-02,0.75,0.45869943505632826,0.611599246741771
2012-02-03,-3.375,-2.0693340037310843,0.6131360011055065
2012-02-06,1.375,0.8480521019792843,0.6167651650758431
2012-02-07,-2.0625,-1.2657224616756175,0.6136836177821176
2012-02-08,-0.2845261685534053,-0.1758482793199128,0.61803903737208
2012-02-09,-0.625,-0.38706281857633423,0.6193005097221348
2012-02-10,1.21875,0.7567536608663026,0.6209260807108123
2012-02-13,-0.53125,-0.3309263968550032,0.6229202764329472
2012-02-14,0.8125,0.505080116250181,0.6216370661540689
2012-02-15,0.06406582668823149,0.04010273500300882,0.6259614068224527
2012-02-16,-1.1875,-0.7649268004908678,0.6441488846238886
2012-02-17,-0.125,-0.08097486813850603,0.6477989451080483
2012-02-20,0.0,0.0,0.650948641234307
2012-02-21,-0.5625,-0.37296641346834125,0.6630514017214956
2012-02-22,0.8125,0.5518607015697038,0.6792131711627124
2012-02-23,0.3125,0.21488702441316127,0.6876384781221161
2012-02-24,-0.03125,-0.02196477844632564,0.7028729102824205
2012-02-27,0.875,0.6378188718703068,0.7289358535660649
2012-02-28,0.09375,0.06853984223617052,0.7310916505191523
2012-02-29,-0.875,-0.6378781143055653,0.7290035592063603
2012-03-01,-0.84375,-0.6162144804832445,0.7303282731653268
2012-03-02,1.125,0.8225203750736063,0.7311292222876501
2012-03-05,-0.4375,-0.32809341208223364,0.7499277990451054
2012-03-06,1.09375,0.8196016541773399,0.7493500838192821
2012-03-07,-0.40625,-0.30898946215112655,0.7605894452950808
2012-03-08,-0.625,-0.4747800010397297,0.7596480016635676
2012-03-09,-0.375,-0.28991239867671975,0.773099729804586
2012-03-12,0.0625,0.04826707289238259,0.7722731662781215
2012-03-13,-1.25,-1.031688779654699,0.8253510237237591
2012-03-14,-2.71875,-2.1560433196210846,0.7930274279066059
2012-03-15,0.12218985884552376,0.09650596872827376,0.7898034226414782
2012-03-16,0.0,0.0,0.8554907366056675
2012-03-19,-0.033501656655317576,-0.030182073381086916,0.9009128620598004
2012-03-20,0.0625,0.05827686249738658,0.9324297999581853
2012-03-21,-1.28125,-1.2522061350502713,0.9773316176002117
2012-03-22,-0.34375,-0.3344267492341587,0.9728778159539163
2012-03-23,-0.625,-0.6071898077554984,0.9715036924087973
2012-03-26,-0.06480489335508301,-0.06282036147087458,0.9693768204611547
2012-03-27,0.0,0.0,0.9875508174415716
2012-03-28,0.0,0.0,0.9874542628062776
2012-03-29,0.0,0.0,1.060177867723462
2012-03-30,0.0,0.0,1.1002316771582814
2012-04-02,0.0,0.0,1.1496379831814687
2012-04-03,0.0,0.0,1.2072402389325605
2012-04-04,0.0,0.0,1.2214682236051968
2012-04-05,0.0,0.0,1.2212835776222724
2012-04-06,0.0,0.0,1.2210989874557583
2012-04-09,-0.03368075284965782,-0.04112096947843566,1.2209041069238875
2012-04-10,0.90625,1.0993949632054993,1.213125476640551
2012-04-11,-0.53125,-0.6451746751588087,1.2144464473577574
2012-04-12,-0.375,-0.4539910028482589,1.2106426742620238
2012-04-13,0.78125,0.9406685515802423,1.2040557460227101
2012-04-16,0.3125,0.377046210737368,1.2065478743595777
2012-04-17,-0.53125,-0.6421302109601646,1.2087156912191335
2012-04-18,0.28125,0.34525124760174547,1.2275599914728728
2012-04-19,0.40625,0.5030292770568416,1.2382259127553024
2012-04-20,-0.1875,-0.24424906057071133,1.3026616563771272
2012-04-23,0.625,0.8262697633130073,1.3220316213008116
2012-04-24,-0.4372778542967525,-0.5784407900581003,1.3228220555289079
2012-04-25,-0.375,-0.49463350030528497,1.31902266748076
2012-04-26,0.9375,1.2261769769041724,1.307922108697784
2012-04-27,0.9375,1.2243724290294995,1.3059972576314662
2012-04-30,0.5,0.6546973515916877,1.3093947031833755
2012-05-01,-1.25,-1.6238597874788687,1.299087829983095
2012-05-02,0.875,1.1334512631212479,1.2953728721385689
2012-05-03,0.0,0.0,1.323808874840699
2012-05-04,1.8125,2.353523157027141,1.2984955349115261
2012-05-07,0.0,0.0,1.3204230029937363
2012-05-08,1.125,1.4921742217656115,1.3263770860138768
2012-05-09,-0.0625,-0.08327247291735254,1.3323595666776407
2012-05-10,-0.5302814611683059,-0.7053389916189101,1.3301219131155761
2012-05-11,1.78125,2.3136467685373066,1.2988894139156808
2012-05-14,2.0625,2.6314387897987515,1.2758491102054552
2012-05-15,-0.28125,-0.36209220768977746,1.2874389606747643
2012-05-16,0.26094460038832545,0.3358799420643268,1.287169543130941
2012-05-17,2.0625,2.5866702202535596,1.254143137092635
2012-05-18,0.28125,0.3550611302068232,1.2624395740687047
2012-05-21,-1.125,-1.4628465025470963,1.3003080022640856
2012-05-22,-1.875,-2.365357506349316,1.261524003386302
2012-05-23,2.90625,3.455901503564528,1.1891273990759668
2012-05-24,-1.5,-1.8057465019274523,1.2038310012849682
2012-05-25,1.3125,1.5542038147670791,1.1841552874415842
2012-05-28,0.0,0.0,1.1990175014355726
2012-05-29,0.375,0.44926863219427937,1.1980496858514116
2012-05-30,5.15625,5.211612780233961,1.0107370240453741
2012-05-31,1.40625,1.4441370433612095,1.0269418975013045
2012-06-01,4.78125,4.357225684915766,0.9113151759300948
2012-06-04,-3.84375,-3.321763680072541,0.8641986809944823
2012-06-05,-0.9375,-0.7980657589756016,0.8512701429073084
2012-06-06,-3.84375,-3.045321691359588,0.7922788140122506
2012-06-07,0.7207390580429207,0.5630216742989199,0.7811726976858127
2012-06-08,0.25,0.19582643536768818,0.7833057414707527
2012-06-11,1.1875,0.938899650500932,0.7906523372639428
2012-06-12,-2.25,-1.7483863597638178,0.7770606043394745
2012-06-13,2.0,1.5694554015107836,0.7847277007553918
2012-06-14,-0.8125,-0.6419600422556881,0.7901046673916161
2012-06-15,1.0625,0.8327270193106295,0.7837430769982395
2012-06-18,-0.1875,-0.15135462617216788,0.8072246729182287
2012-06-19,-1.0,-0.8028136095215974,0.8028136095215974
2012-06-20,-1.125,-0.8947466234683468,0.7953303319718638
2012-06-21,0.625,0.49936980419282473,0.7989916867085196
2012-06-22,-1.4375,-1.1402733116244046,0.7932336080865423
2012-06-25,2.25,1.7372628982091824,0.7721168436485255
2012-06-26,-0.5,-0.38861169269578794,0.7772233853915759
2012-06-27,0.4375,0.3475227815043618,0.7943377862956841
2012-06-28,1.5,1.1829281846344968,0.7886187897563312
2012-06-29,-2.1875,-1.6977158419236973,0.7760986705936902
2012-07-02,2.5625,1.918709383425181,0.748764637434217
2012-07-03,-1.5,-1.1221953818219785,0.7481302545479857
2012-07-04,0.0,0.0,0.7444537128128353
2012-07-05,1.25,0.9393730553572982,0.7514984442858386
2012-07-06,1.625,1.2169095867580257,0.7488674380049389
2012-07-09,0.75,0.5767442398690303,0.7689923198253739
2012-07-10,0.3125,0.2407906692315721,0.7705301415410307
2012-07-11,-0.125,-0.096413679336086,0.771309434688688
2012-07-12,0.25,0.1941483293465666,0.7765933173862664
2012-07-13,-0.4375,-0.3475816394020166,0.7944723186331808
2012-07-16,1.0625,0.8502588226445741,0.8002435977831286
2012-07-17,-1.0879661348622987,-0.8743325010815527,0.8036394452592175
2012-07-18,1.21875,0.9692007635185618,0.7952416521177943
2012-07-19,-1.6875,-1.3409763169301052,0.7946526322548771
2012-07-20,2.625,2.0265153986851003,0.7720058661657525
2012-07-23,0.9375,0.728358860448701,0.7769161178119477
2012-07-24,1.21875,0.9449703820715075,0.7753603134945702
2012-07-25,-0.1875,-0.1464350527374939,0.7809869479333008
2012-07-26,-1.21875,-0.949576186281136,0.7791394348973424
2012-07-27,-5.4375,-3.7372333045041066,0.6873072743915598
2012-07-30,2.5998439257048274,1.7860910197848376,0.6869993241231286
2012-07-31,0.375,0.2617437365487094,0.6979832974632251
2012-08-01,-2.0,-1.3989902318353375,0.6994951159176688
2012-08-02,1.8497032658594128,1.2676828652734569,0.6853439082211187
2012-08-03,-1.4375,-0.9847569297079047,0.6850482989272381
2012-08-06,0.40625,0.2783401953103436,0.685145096148538
2012-08-07,-1.0625,-0.7264313522390086,0.6837000962249492
2012-08-08,-0.1875,-0.1280225681907368,0.6827870303505962
2012-08-09,-0.0625,-0.04264018335159559,0.6822429336255295
2012-08-10,0.5625,0.3852967494465644,0.6849719990161145
2012-08-13,-0.21875,-0.15008774511249984,0.6861154062285707
2012-08-14,-0.96875,-0.6615940626152816,0.6829358065706133
2012-08-15,-1.183349062760511,-0.8018670084213122,0.677625084310052
2012-08-16,0.0,0.0,0.6765108826074708
2012-08-17,0.0,0.0,0.6766724700258375
2012-08-20,0.0,0.0,0.6765742820957111
2012-08-21,0.0,0.0,0.67853712034082
2012-08-22,0.0,0.0,0.6784598192640896
2012-08-23,0.0,0.0,0.6804345628816405
2012-08-24,-0.025282705676011187,-0.01724970236784297,0.6822727989991152
2012-08-27,0.46875,0.3210856165257876,0.6849826485883469
2012-08-28,0.28125,0.1930245620405436,0.6863095539219328
2012-08-29,-0.25,-0.1725072925192167,0.6900291700768668
2012-08-30,0.78125,0.5375683770130096,0.6880875225766524
2012-08-31,1.15625,0.7946082318290371,0.6872287410413294
2012-09-03,-0.025050882400616314,-0.017291904764503718,0.6902712841795263
2012-09-04,-1.25,-0.8572583425472375,0.68580667403779
2012-09-05,-0.1875,-0.1288011650439607,0.6869395469011237
2012-09-06,-2.5,-1.723896241974121,0.6895584967896484
2012-09-07,1.099942467047077,0.7481636469387533,0.6801843454115244
2012-09-10,-0.3125,-0.2132611105179636,0.6824355536574835
2012-09-11,-0.15625,-0.10648846787809804,0.6815261944198274
2012-09-12,-0.875,-0.5941014216721423,0.6789730533395912
2012-09-13,0.84375,0.5731830249499046,0.6793280295702573
2012-09-14,-1.75,-1.178203308531415,0.6732590334465228
2012-09-17,0.25581749069890564,0.17137402741772753,0.6699073896375322
2012-09-18,0.0,0.0,0.6704217789726884
2012-09-19,0.0,0.0,0.6703222240450019
2012-09-20,0.0,0.0,0.6702226986799349
2012-09-21,0.0,0.0,0.6701232028643219
2012-09-24,-0.025210191723991988,-0.01689138410640098,0.6700220407417934
2012-09-25,0.5,0.3345985029012997,0.6691970058025994
2012-09-26,0.9375,0.6261917636271565,0.6679378812023002
2012-09-27,-0.30636543140877714,-0.20519928571486312,0.6697860289631369
2012-09-28,-0.0625,-0.04180993133713389,0.6689589013941423
2012-10-01,0.375,0.25062783111989617,0.6683408829863897
2012-10-02,0.25,0.16723913670152948,0.6689565468061179
2012-10-03,0.375,0.2517192327720844,0.6712512873922252
2012-10-04,-1.25,-0.8357901465723936,0.6686321172579148
2012-10-05,-2.0,-1.311243036039746,0.655621518019873
2012-10-08,1.350258076679599,0.8747950957722762,0.6478725148035942
2012-10-09,-0.43748999999994,-0.28464281053695195,0.6506270098447758
2012-10-10,0.34375,0.22341819199251925,0.6499438312509651
2012-10-11,0.09375,0.061013495277813995,0.6508106162966826
2012-10-12,0.09375,0.06106152245839423,0.6513229062228718
2012-10-15,0.0,0.0,0.6515296903298008
2012-10-16,-0.875,-0.569176366817362,0.6504872763626994
2012-10-17,-1.59375,-1.0240620046722666,0.6425487088139712
2012-10-18,-0.21200606125175833,-0.1354892726328205,0.6390820707334697
2012-10-19,0.0,0.0,0.6406692169021776
2012-10-22,0.0,0.0,0.6427503133681792
2012-10-23,0.0,0.0,0.6432767428528933
2012-10-24,0.0,0.0,0.6470929991545057
2012-10-25,0.0,0.0,0.6489310098430308
2012-10-26,0.0,0.0,0.6488350310244133
2012-10-29,0.0,0.0,0.6571667854736314
2012-10-30,0.0,0.0,0.6570696173023229
2012-10-31,0.0,0.0,0.6602770441721916
2012-11-01,-0.024477777652823707,-0.016159938061932614,0.6601881221054574
2012-11-02,-0.09375,-0.06194518527221535,0.6607486429036303
2012-11-05,0.71875,0.47975533047895114,0.6674856771881059
2012-11-06,-0.875,-0.5937809564245984,0.6786068073423982
2012-11-07,1.75,1.1694821145668037,0.6682754940381735
2012-11-08,0.5625,0.37780504061569303,0.6716534055390099
2012-11-09,0.09375,0.06417978131428995,0.6845843340190927
2012-11-12,-0.03126000000006002,-0.02141085566172342,0.6849282041485064
2012-11-13,0.28806573884905606,0.19821383790493757,0.688085430419061
2012-11-14,-0.012365149643483429,-0.008640690250877938,0.6987938278152321
2012-11-15,-0.0625,-0.04526239887211796,0.7241983819538873
2012-11-16,0.625,0.4561298556590016,0.7298077690544026
2012-11-19,-1.125,-0.8243608599748233,0.7327652088665096
2012-11-20,-1.1875,-0.8612849016702148,0.7252925487749177
2012-11-21,-0.8982605096675044,-0.6468080870118167,0.7200673747209881
2012-11-22,0.0,0.0,0.8111444561716714
2012-11-23,-0.125,-0.10236188392551847,0.8188950714041477
2012-11-26,0.4375,0.40327201556166076,0.9217646069980817
2012-11-27,0.34375,0.3455121693395469,1.0051263108059547
2012-11-28,0.53125,0.5364868955872495,1.009857685811293
2012-11-29,0.09375,0.10420587584191462,1.111529342313756
2012-11-30,0.21875,0.24396140540545952,1.1152521389963863
2012-12-03,-0.36655414600266933,-0.4088586840509803,1.1154114296882156
2012-12-04,0.4375,0.49130572535482536,1.1229845150967437
2012-12-05,0.875,1.0134347410982818,1.1582111326837505
2012-12-06,0.3125,0.3731472082308389,1.1940710663386844
2012-12-07,-1.25,-1.4844192428478706,1.1875353942782965
2012-12-10,0.25,0.29779558444446513,1.1911823377778605
2012-12-11,-0.875,-1.037617435429211,1.1858484976333838
2012-12-12,-1.375,-1.61501511371661,1.1745564463393527
2012-12-13,-1.334631638826947,-1.5540692604140625,1.1644181174814547
2012-12-14,0.125,0.1452250193441139,1.161800154752911
2012-12-17,-0.8125,-0.9537391006597588,1.1738327392735493
2012-12-18,-0.9278815820994176,-1.1194896278029378,1.2065005377841311
2012-12-19,0.0,0.0,1.2045358727591948
2012-12-20,0.0,0.0,1.206063557970981
2012-12-21,0.0,0.0,1.2262914920041912
2012-12-24,0.0,0.0,1.2718828700090983
2012-12-25,0.0,0.0,1.3403583708376867
2012-12-26,0.0,0.0,1.3654228131451642
2012-12-27,0.0,0.0,1.3652221688057034
2012-12-28,-0.021591923293052744,-0.029864246530941718,1.383121184973393
2012-12-31,-0.34375,-0.48574205474401416,1.4130677956189504
2013-01-01,0.0,0.0,1.4180347765801613
2013-01-02,-1.28125,-1.7924663888336434,1.3989981571384533
2013-01-03,-1.0531561431399736,-1.4526955814982436,1.379373411018662
2013-01-04,-0.021886538004712415,-0.030086315431721047,1.3746493586716697
2013-01-07,-0.125,-0.17205014693666149,1.3764011754932919
2013-01-08,-0.5625,-0.7791664232687118,1.38518475247771
2013-01-09,-0.40625,-0.5664613865268957,1.3943664899123587
2013-01-10,0.6655700591116901,0.9349953676675494,1.404803829239931
2013-01-11,0.0,0.0,1.443994871294729
2013-01-14,0.0,0.0,1.538978139517338
2013-01-15,0.0,0.0,1.551803102920959
2013-01-16,0.0,0.0,1.5741383912871414
2013-01-17,0.0,0.0,1.574449490556969
2013-01-18,0.0,0.0,1.597456723358672
2013-01-21,0.0,0.0,2.2618271290156766
2013-01-22,0.0,0.0,2.499234936732259
2013-01-23,0.0,0.0,2.504346017722115
2013-01-24,0.0,0.0,2.6704776597545967
2013-01-25,0.0,0.0,2.8311065747033153
2013-01-28,0.0,0.0,2.9376890517383885
2013-01-29,-0.022128118645084842,-0.06519223752679891,2.9461265357631112
2013-01-30,0.0625,0.18797100993202479,3.0075361589123966
2013-01-31,-0.1875,-0.563958498295976,3.007778657578539
2013-02-01,0.3125,0.9375066217284233,3.0000211895309543
2013-02-04,-0.75,-2.24192405541376,2.989232073885013
2013-02-05,0.5625,1.668278853277154,2.9658290724927183
2013-02-06,-0.78125,-2.3356548874194227,2.989638255896861
2013-02-07,-0.28125,-0.8594891123828594,3.055961288472389
2013-02-08,0.00989011174621306,0.0301883542329635,3.0523774662629743
2013-02-11,0.0,0.0,3.0520411168271133
2013-02-12,0.0,0.0,3.0515947938667574
2013-02-13,0.0,0.0,3.051148601425652
2013-02-14,0.0,0.0,3.0507025394465517
2013-02-15,-0.00961757262121347,-0.029336012593560057,3.050251217116224
2013-02-18,0.0,0.0,3.049735687795482
2013-02-19,0.0,0.0,3.062145738031979
2013-02-20,0.0,0.0,3.066352281846396
2013-02-21,0.0,0.0,3.069591000509873
2013-02-22,0.0,0.0,3.1056116097360076
2013-02-25,0.0,0.0,3.188136792804812
2013-02-26,-0.020883312778058463,-0.06656939043886384,3.1876834459332772
2013-02-27,-0.1875,-0.6163754293179461,3.287335623029046
2013-02-28,0.21875,0.7183199399855686,3.2837482970768854
2013-03-01,0.46875,1.7588907196095023,3.752300201833605
2013-03-04,-0.3331176383462318,-1.2851540167341458,3.857958477114315
2013-03-05,-0.375,-1.4432704164577561,3.8487211105540164
2013-03-06,-1.3125200000001198,-4.845255193110489,3.6915667518285793
2013-03-07,-1.9582075874044365,-6.715294613644978,3.4293068093694608
2013-03-08,-1.0206986435261844,-3.4500024608562696,3.380040213375443
2013-03-11,0.0,0.0,3.604039054233287
2013-03-12,-0.020411720807757137,-0.07366412435804032,3.608912989347056
2013-03-13,0.03125999999997475,0.1127870949980182,3.608032469549242
2013-03-14,-0.03125999999997475,-0.1127811885172844,3.6078435226287744
2013-03-15,-0.8124799999999652,-2.886626847993909,3.552858960213215
2013-03-18,-0.6453902103545803,-2.264331543055808,3.508468995542672
2013-03-19,0.0,0.0,3.499586025803332
2013-03-20,-0.020481786121448083,-0.07207177212108899,3.518822611159727
2013-03-21,0.03126000000006002,0.11220128701262276,3.589292610761591
2013-03-22,0.21873999999993998,0.7859332760618711,3.593002084950566
2013-03-25,0.125,0.44930452103575685,3.594436168286055
2013-03-26,0.25,0.9005209057573472,3.602083623029389
2013-03-27,0.8437600000000599,2.9966683705154007,3.5515648650270077
2013-03-28,-0.30169361317057997,-1.0759077042852354,3.5662263213935144
2013-03-29,0.0,0.0,3.6933669221329453
2013-04-01,0.5624800000000505,2.275421105910475,4.0453369113751085
2013-04-02,-0.5624800000000505,-2.3724810974745267,4.217894142857193
2013-04-03,1.6874800000000507,6.627052294034233,3.927188644626327
2013-04-04,1.75,6.4376514965813065,3.678657998046461
2013-04-05,1.25,4.464816692192687,3.57185335375415
2013-04-08,-1.2074950965287834,-4.194705801558307,3.473890547147507
2013-04-09,-0.28127999999992426,-0.971007003651633,3.4521011221981457
2013-04-10,-2.3437200000000757,-7.324627099267732,3.1252142317629645
2013-04-11,0.7301725874267352,2.3556195923127565,3.22611343246177
2013-04-12,1.75,5.328507151844965,3.0448612296256945
2013-04-15,0.25,0.7650926984783883,3.0603707939135534
2013-04-16,-0.37504000000006954,-1.1455222874904751,3.054400297275658
2013-04-17,0.43752000000012004,1.3294092602213023,3.0385108342954323
2013-04-18,0.31247999999987996,0.9490743287338772,3.0372322348126017
2013-04-19,-0.56247999999988,-1.6997469088289483,3.0218797269757345
2013-04-22,0.375,1.127676904957706,3.007138413220549
2013-04-23,-0.06252000000012004,-0.18822344558090512,3.010611733533969
2013-04-24,0.12504000000006954,0.37619395414458434,3.008588884711893
2013-04-25,-0.1875199999999495,-0.5639690946674518,3.00751437002775
2013-04-26,1.5,4.322350776993542,2.881567184662361
2013-04-29,0.062479999999879965,0.1810195220570435,2.897239469548516
2013-04-30,-0.39401080802320687,-1.1492226885477113,2.9167288438443624
2013-05-01,1.5,4.252134438475103,2.8347562923167358
2013-05-02,0.1874399999998957,0.5647770251462628,3.013108328780288
2013-05-03,-4.687439999999896,-10.02377771138866,2.138433283708993
2013-05-06,-1.144089687253154,-2.3633907097534497,2.065739020362745
2013-05-07,-0.20660039169451946,-0.42468641952512337,2.055593486739692
2013-05-08,0.3125,0.6416642438875286,2.0533255804400916
2013-05-09,-0.125,-0.2568733602187011,2.054986881749609
2013-05-10,-1.28126000000006,-2.5757757961500842,2.0103459064904574
2013-05-13,-0.23779411594001412,-0.4777699910404404,2.0091749922061255
2013-05-14,0.0,0.0,2.040568753478709
2013-05-15,0.0,0.0,2.0788906514490653
2013-05-16,0.0,0.0,2.10134740313084
2013-05-17,-0.015031448366767617,-0.03158162454347076,2.1010366914004917
2013-05-20,0.0,0.0,2.101060354114769
2013-05-21,0.0,0.0,2.106227751093902
2013-05-22,0.0,0.0,2.109314504624221
2013-05-23,0.0,0.0,2.1171530486324723
2013-05-24,-0.018773529031123164,-0.03974527099101425,2.117091087409494
2013-05-27,0.0,0.0,2.118023611873788
2013-05-28,1.90626000000006,3.8523289310779596,2.020883264128628
2013-05-29,-0.125,-0.2549531280870296,2.0396250246962366
2013-05-30,-0.01931424117491503,-0.03976846606553939,2.059022961626363
2013-05-31,1.0625200000000632,2.1578407564542768,2.0308707190962507
2013-06-03,-0.6874799999999368,-1.421692983900861,2.0679772268298593
2013-06-04,0.3124799999999368,0.644170859899204,2.0614786863137935
2013-06-05,-0.9375200000000632,-1.9317331572714946,2.0604714110326867
2013-06-06,-0.9374799999999368,-1.950766366636448,2.08086184946514
2013-06-07,2.7930424684157913,5.358878751858102,1.918652799754115
2013-06-10,0.6874799999999368,1.3250336681987587,1.927377768369815
2013-06-11,-0.2382860070451187,-0.46381108077366545,1.9464469883279563
2013-06-12,0.875,1.7034223344082924,1.9467683821809056
2013-06-13,-1.5624799999999368,-2.9612564576901206,1.8952283918451696
2013-06-14,-2.3750400000001264,-4.189722284167252,1.764063882783881
2013-06-17,1.1678594503158857,2.01088552110442,1.7218557597496091
2013-06-18,0.1562399999999684,0.2700775706529754,1.728607083032706
2013-06-19,2.6562600000000316,4.259391099635424,1.6035294359872052
2013-06-20,1.625,2.56120019955219,1.5761231997244245
2013-06-21,1.634845029040334,2.5239520286874386,1.5438478778438203
2013-06-24,1.25,1.9118155412636586,1.529452433010927
2013-06-25,1.0,1.5232126683329228,1.5232126683329228
2013-06-26,-1.8125200000000063,-2.6861367822382394,1.4819901475504986
2013-06-27,-1.9374799999999937,-2.797534203054188,1.4439035257417867
2013-06-28,0.31247999999999365,0.4521215368127839,1.4468815182181038
2013-07-01,0.125,0.18101453075948787,1.448116246075903
2013-07-02,-0.31252000000000635,-0.45236548431746165,1.447476911293525
2013-07-03,1.0,1.436633508466994,1.436633508466994
2013-07-04,0.0,0.0,1.4438172360668462
2013-07-05,6.8125200000000055,6.931126347474185,1.0174100549391678
2013-07-08,-2.5225841977689956,-2.526215600561463,1.001439556624385
2013-07-09,-1.3125,-1.2887807475216317,0.98192818858791
2013-07-10,1.3125,1.2692128794251996,0.9670193367049139
2013-07-11,-6.1875,-4.881524378487766,0.7889332328869118
2013-07-12,1.2893453471729304,0.9865650461299309,0.7651674148381676
2013-07-15,-1.625,-1.2332150877744184,0.7589015924765652
2013-07-16,-0.3980896258025973,-0.300056767187688,0.753741739897735
2013-07-17,-0.8437399999999968,-0.6327829684735607,0.7499738882517875
2013-07-18,0.5312399999999968,0.3965938901812061,0.7465437282230414
2013-07-19,-0.6875,-0.5130163354346634,0.7462055788140559
2013-07-22,-0.031260000000003174,-0.023264210332952322,0.7442165813483672
2013-07-23,0.31252000000000635,0.23241419477467082,0.743677827897946
2013-07-24,1.0624799999999937,0.7867048855637615,0.7404420653224213
2013-07-25,0.25,0.1857534270699945,0.743013708279978
2013-07-26,-0.7812399999999968,-0.5793393915903536,0.7415639132537454
2013-07-29,0.3125,0.23104479003255882,0.7393433281041882
2013-07-30,0.21873999999999683,0.16228038966828504,0.7418871247521596
2013-07-31,-0.031239999999996826,-0.023226464897927727,0.7434847918671603
2013-08-01,2.125,1.5507620822888069,0.7297703916653209
2013-08-02,-2.4305279100366,-1.7399960568257085,0.7158922346213695
2013-08-05,0.9131995866735722,0.6454582568017168,0.7068096243372908
2013-08-06,-0.031260000000003174,-0.022165381386224394,0.7090653034620007
2013-08-07,-0.5624799999999937,-0.39816315854997986,0.7078707839389566
2013-08-08,-0.3437600000000032,-0.24267442970137057,0.7059414408347927
2013-08-09,0.0,0.0,0.7049537245420819
2013-08-12,0.375,0.26415230294226555,0.7044061411793747
2013-08-13,1.8437600000000032,1.280729823942861,0.6946293573691038
2013-08-14,-0.15626000000000317,-0.10924625669285223,0.6991312984311405
2013-08-15,0.5625,0.39243093692446473,0.6976549989768261
2013-08-16,1.010797268111545,0.7033415913787416,0.6958285440291925
2013-08-19,0.7252058302863301,0.5052218991675308,0.6966600075016717
2013-08-20,-2.25,-1.5371103932447647,0.683160174775451
2013-08-21,1.8125200000000063,1.2109084106710395,0.6680800270733759
2013-08-22,1.8125200000000063,1.2021121367370853,0.663226963971201
2013-08-23,-2.3750400000000127,-1.5489767851143021,0.6521897673783573
2013-08-26,-0.75,-0.09677738893113227,0.12903651857484302
2013-08-27,-2.75,-1.7235503386363593,0.6267455776859489
2013-08-28,2.0370939386191336,1.2440965795395031,0.6107212612800899
2013-08-29,-0.5625,-0.05896343185603161,0.10482387885516731
2013-08-30,0.1875,0.11776598793609826,0.628085268992524
2013-09-02,0.0,0.0,0.6310411683951863
2013-09-03,1.4375,0.8995542847794539,0.6257768937596201
2013-09-04,0.9375,0.5875843034434288,0.6267565903396574
2013-09-05,1.3491940955187227,0.15486974183832428,0.11478685116746062
2013-09-06,-2.125,-0.2719299318849752,0.1279670267694001
2013-09-09,-1.6875200000000063,-0.14335786165265718,0.08495180006912904
2013-09-10,1.6875200000000063,0.10164493794710232,0.06023332342556055
2013-09-11,-1.8124799999999937,-0.16084153655221894,0.08874113731032592
2013-09-12,-0.1250400000000127,-0.07450034722488849,0.5958121179213126
2013-09-13,-0.5259533841561919,-0.3128612825352287,0.5948460300092272
2013-09-16,-0.8437399999999968,-0.49963645676998103,0.5921687448384371
2013-09-17,-0.3437399999999968,-0.20282851448068728,0.5900637530711851
2013-09-18,-2.875,-1.6438069116616458,0.571758925795355
2013-09-19,0.7230095164238979,0.4093212197466893,0.566135314195098
2013-09-20,0.0,0.0,0.5677333416584402
2013-09-23,0.0,0.0,0.5676521238313376
2013-09-24,0.0,0.0,0.568222072380483
2013-09-25,0.0,0.0,0.5687933534508623
2013-09-26,-0.027063210950073805,-0.01555190065985789,0.5746509787234052
2013-09-27,0.5,0.29025059827772925,0.5805011965554585
2013-09-30,0.09373999999999684,0.054823033662813284,0.5848414088203022
2013-10-01,-0.6874899999999968,-0.4036346751949468,0.5871135219347898
2013-10-02,0.78125,0.45656538173138056,0.5844036886161671
2013-10-03,0.375,0.22422433253999627,0.59793155343999
2013-10-04,-0.90625,-0.541939983889554,0.5980027408436458
2013-10-07,0.34375,0.20718121672952228,0.6027089941222467
2013-10-08,-0.1875,-0.113144856683731,0.6034392356465653
2013-10-09,-0.21875,-0.13194079905856,0.603157938553417
2013-10-10,-0.2457358919664188,-0.14815341074521152,0.6028969132659608
2013-10-11,0.0,0.0,0.6024990630130103
2013-10-14,0.0,0.0,0.6031486001020203
2013-10-15,0.0,0.0,0.6033899747312044
2013-10-16,0.0,0.0,0.6033129711758941
2013-10-17,0.0,0.0,0.6032633057363945
2013-10-18,-0.027120989892315348,-0.016360938963290873,0.6032574411277922
2013-10-21,-0.3125,-0.19005229239187005,0.6081673356539842
2013-10-22,1.40625,0.8476259095559503,0.602756202350898
2013-10-23,0.09375,0.056821922436149204,0.6061005059855915
2013-10-24,-0.28125,-0.17194279983658511,0.6113521771967471
2013-10-25,0.3125,0.1907791645906137,0.6104933266899638
2013-10-28,-0.09375,-0.06265563611931901,0.6683267852727361
2013-10-29,0.375,0.251755860895684,0.6713489623884907
2013-10-30,-0.5625,-0.3776500968256532,0.6713779499122724
2013-10-31,-0.375,-0.25117224732568305,0.6697926595351548
2013-11-01,-0.9375,-0.6246796290991558,0.6663249377057662
2013-11-04,0.375,0.25058949127579877,0.66823864340213
2013-11-05,-0.84375,-0.5629331884249852,0.6671800751703528
2013-11-06,0.7539459511103953,0.50018538345824,0.6634233962283076
2013-11-07,0.0,0.0,0.6651542273079019
2013-11-08,0.0,0.0,0.6650595333931194
2013-11-11,0.0,0.0,0.6649655077908886
2013-11-12,0.0,0.0,0.6648708676896007
2013-11-13,0.0,0.0,0.6647762545234666
2013-11-14,0.0,0.0,0.6646816682809895
2013-11-15,-0.014873166409838396,-0.00988450533143428,0.6645864813894514
2013-11-18,0.0,0.0,0.6644569768529965
2013-11-19,0.0,0.0,0.664362476375632
2013-11-20,0.0,0.0,0.674734348070117
2013-11-21,0.0,0.0,0.6746841228693319
2013-11-22,0.0,0.0,0.6745893000071974
2013-11-25,0.0,0.0,0.6778115996453182
2013-11-26,0.0,0.0,0.6791139266875854
2013-11-27,0.0,0.0,0.6793070615324134
2013-11-28,0.0,0.0,0.6818285213062574
2013-11-29,0.0,0.0,0.6843692955969042
2013-12-02,0.0,0.0,0.7086074624297624
2013-12-03,0.0,0.0,0.7100366978093191
2013-12-04,0.0,0.0,0.710120085408653
2013-12-05,0.0,0.0,0.7125122035954193
2013-12-06,-0.028140638889345978,-0.02027461897076621,0.7204747216468552
2013-12-09,-0.25,-0.1848571470864826,0.7394285883459304
2013-12-10,-1.0625,-0.7856955064175839,0.7394781236871378
2013-12-11,0.71875,0.5281281959586249,0.7347870552467825
2013-12-12,0.53125,0.40435010179413616,0.7611296033771975
2013-12-13,-0.03125,-0.02414112126403351,0.7725158804490723
2013-12-16,0.0625,0.048919816516418385,0.7827170642626942
2013-12-17,-0.625,-0.49214976316301645,0.7874396210608263
2013-12-18,0.5,0.39426891049813495,0.7885378209962699
2013-12-19,1.28125,1.0205593692496795,0.7965341418534083
2013-12-20,-0.15625,-0.033630831030027744,0.21523731859217757
2013-12-23,0.59375,0.4836850988043404,0.8146275348283628
2013-12-24,0.78125,0.16580671477566997,0.21223259491285756
2013-12-25,-0.0282263055146734,-0.006079045273738379,0.21536808175544606
2013-12-26,0.25,0.20459525449722757,0.8183810179889103
2013-12-27,0.0,0.0,0.819004924929239
2013-12-30,-0.9375,-1.0084375907523107,1.0756667634691313
2013-12-31,0.6875,0.7680709498355721,1.1171941088517412
2014-01-01,0.0,0.0,0.30683355467072254
2014-01-02,-0.6875,-0.7866591418792903,1.1442314790971495
2014-01-03,0.1875,0.07773953669953709,0.41461086239753114
2014-01-06,-1.1875,-0.5462154026817451,0.45997086541620635
2014-01-07,-0.9032667763345911,-0.38255160661280124,0.4235200680857271
2014-01-08,1.15625,0.4526596061015743,0.39148938906082104
2014-01-09,-0.4375,-0.16956407761041115,0.3875750345380826
2014-01-10,-1.9375,-0.7003922926340571,0.361492796198223
2014-01-13,-0.5911067282001312,-0.1355247992823552,0.22927297697154703
2014-01-14,0.0,0.0,1.553847475041234
2014-01-15,0.0,0.0,1.5551460242634711
2014-01-16,0.0,0.0,1.5726933101943303
2014-01-17,0.0,0.0,1.5734660885408438
2014-01-20,0.0,0.0,1.5830294091574018
2014-01-21,0.0,0.0,1.5843822490680297
2014-01-22,0.0,0.0,1.5849316801029092
2014-01-23,0.0,0.0,1.5847232050011273
2014-01-24,0.0,0.0,1.6610576324825768
2014-01-27,0.0,0.0,1.7728867701340358
2014-01-28,0.0,0.0,1.7896830844789766
2014-01-29,0.0,0.0,1.7894501604558406
2014-01-30,-0.0286160653186495,-0.05138678307948163,1.7957319606057836
2014-01-31,0.59375,1.0630706910868044,1.790434848146197
2014-02-03,1.34375,2.3615223517864696,1.7574119827248147
2014-02-04,-0.5625,-0.9912458106800931,1.7622147745423877
2014-02-05,-0.53125,-0.9682045566795623,1.8225026949262348
2014-02-06,-0.53125,-0.9633052232652108,1.8132804202639263
2014-02-07,0.71875,1.2975764293676937,1.8053237278159218
2014-02-10,-0.0625,-0.11446622970624838,1.831459675299974
2014-02-11,-0.71875,-1.3160226267855815,1.8309880024842873
2014-02-12,-0.65625,-1.2674138284590213,1.9312972624137468
2014-02-13,0.9712723421289498,1.927295484777094,1.9842997696738893
2014-02-14,-0.011403668549149622,-0.023703896053663992,2.078620222211878
2014-02-17,0.0,0.0,2.2480658803854383
2014-02-18,0.0,0.0,2.2662152158839555
2014-02-19,-0.02851264093496243,-0.07262785690046565,2.547216059926907
2014-02-20,-0.46875,-1.2760551502922706,2.722250987290177
2014-02-21,0.21875,0.5972120381563114,2.7301121744288523
2014-02-24,-0.28125,-0.7677503477614621,2.7297790142629763
2014-02-25,0.71875,1.9420722674049344,2.7020135894329522
2014-02-26,0.46875,1.3120023656155775,2.798938379979899
2014-02-27,0.46875,1.3298614980969174,2.837037862606757
2014-02-28,-0.4375,-1.2812433553502651,2.928556240800606
2014-03-03,0.90625,2.847422407118565,3.1419833457860027
2014-03-04,-1.3125,-4.233111092373221,3.2252274989510257
2014-03-05,0.0,0.0,3.410551873711576
2014-03-06,-0.625,-2.276203566790075,3.64192570686412
2014-03-07,-0.917809325814447,-3.271037182053757,3.563961587719867
2014-03-10,0.0,0.0,3.574377556780433
2014-03-11,0.0,0.0,3.633866323616504
2014-03-12,0.0,0.0,3.6435058165651326
2014-03-13,0.0,0.0,4.527962197327343
2014-03-14,-0.025990628418660143,-0.1195015720182908,4.597871590226493
2014-03-17,-0.6875,-3.1163286612058827,4.532841689026738
2014-03-18,0.2421875,1.093008935843167,4.513069154449205
2014-03-19,-1.9921875,-8.057924224102427,4.044761963471022
2014-03-20,-0.11957851794631504,-0.4799049844365443,4.013304334914055
2014-03-21,0.0,0.0,4.0110545221701654
2014-03-24,0.0,0.0,4.037037757796211
2014-03-25,0.0,0.0,4.037409361574448
2014-03-26,0.0,0.0,4.088013472645384
2014-03-27,0.0,0.0,4.155461730927848
2014-03-28,0.0,0.0,4.170869962334096
2014-03-31,0.0,0.0,4.266185981294312
2014-04-01,0.0,0.0,4.279746652120668
2014-04-02,0.0,0.0,4.283375792075066
2014-04-03,-0.025661616288213417,-0.01533791016985547,0.5976985236467858
2014-04-04,0.0,0.0,0.596391984896437
2014-04-07,-1.8125,-7.125751826704823,3.9314492836992128
2014-04-08,-0.02595809196797358,-0.10135719767835616,3.9046474526482164
2014-04-09,0.0,0.0,3.9037240918398237
2014-04-10,0.0,0.0,3.903175843937494
2014-04-11,-0.025013162843683663,-0.09761548685779926,3.9025647203368035
2014-04-14,-0.4375,-1.6986139197734405,3.882546102339292
2014-04-15,-0.09375,-0.3641797969572037,3.8845845008768394
2014-04-16,-0.4375,-1.7805572896147719,4.069845233405193
2014-04-17,-1.375,-5.316192171097879,3.8663215789802754
2014-04-18,-0.02522326980061234,-0.011960147511718606,0.47417117630911804
2014-04-21,0.0,0.0,3.86351021638871
2014-04-22,0.0,0.0,0.42644697106132406
2014-04-23,0.0,0.0,0.42414975396563015
2014-04-24,0.0,0.0,0.39678177904408485
2014-04-25,0.0,0.0,0.4280106132560199
2014-04-28,0.0,0.0,0.44334114667583974
2014-04-29,0.0,0.0,0.5119168893888415
2014-04-30,0.0,0.0,4.110922970706356
2014-05-01,0.0,0.0,0.5398455150480941
2014-05-02,-0.02420409382017373,-0.013723952866699233,0.5670095715486169
2014-05-05,-0.1875,-0.782125885166383,4.171338054220709
2014-05-06,0.15625,0.13756597134512727,0.8804222166088145
2014-05-07,0.4375,0.38782492203368674,0.8864569646484268
2014-05-08,0.34375,0.30827515490862023,0.8968004506432589
2014-05-09,-0.09375,-0.0977703167757551,1.0428833789413876
2014-05-12,-0.5,-0.5198003472699461,1.0396006945398921
2014-05-13,0.6875,0.656414862766999,0.9547852549338167
2014-05-14,1.0625,0.9873978996090353,0.9293156702202685
2014-05-15,0.6016009423739932,0.5383778782868516,0.894908635219793
2014-05-16,-0.6327726564653047,-2.439221207041817,3.8548144931979387
2014-05-19,-0.125,-0.11500341260626704,0.9200273008501363
2014-05-20,0.8125,3.0706478981365875,3.7792589515527233
2014-05-21,-0.6875,-0.6020958455319219,0.8757757753191591
2014-05-22,-0.375,-0.3150103798833107,0.8400276796888286
2014-05-23,0.4375,0.35963349153371293,0.8220194092199153
2014-05-26,0.0,0.0,0.8464763954592425
2014-05-27,0.4375,1.617124695152425,3.696285017491257
2014-05-28,2.125,7.07754784939351,3.3306107526557693
2014-05-29,-0.3125,-1.046634094755248,3.3492291032167936
2014-05-30,-1.0,-3.2723860320387907,3.2723860320387907
2014-06-02,-1.75,-5.3496452745266,3.056940156872343
2014-06-03,-1.875,-0.8832194030861581,0.47105034831261766
2014-06-04,-0.02201354168004058,-0.0062669105502558145,0.2846843384559945
2014-06-05,0.1875,0.5487289800337061,2.926554560179766
2014-06-06,-0.3125,-0.09441378411266159,0.3021241091605171
2014-06-09,-0.375,-0.10605012311852306,0.2828003283160615
2014-06-10,-0.36569837428841956,-0.08924172587626199,0.24403096144441344
2014-06-11,0.0,0.0,2.945852211930197
2014-06-12,0.0,0.0,0.23038874702127998
2014-06-13,0.0,0.0,0.2468057611233469
2014-06-16,0.0,0.0,0.36578512831719256
2014-06-17,0.0,0.0,0.3698217527116761
2014-06-18,0.0,0.0,0.33649075564667896
2014-06-19,0.0,0.0,0.2940555464852612
2014-06-20,0.0,0.0,0.3198341399329979
2014-06-23,0.0,0.0,0.3462989934015551
2014-06-24,0.0,0.0,0.35209107167489323
2014-06-25,-0.02182056595681343,-0.007419682920176586,0.3400316442232244
2014-06-26,0.5,0.16386919998594124,0.3277383999718825
2014-06-27,0.0625,0.0231803474060986,0.3708855584975776
2014-06-30,0.10335374888260741,0.04151219210209848,0.4016515370840529
2014-07-01,-1.125,-0.46023901228662895,0.4091013442547813
2014-07-02,-1.6875,-0.5268871368544928,0.3122294144322921
2014-07-03,-0.021509384348861352,-0.002946027886865289,0.13696477031065019
2014-07-04,-0.453125,-1.4475444619844342,3.1945808816208205
2014-07-07,0.3690792750094442,0.08041470317002755,0.21787921624146966
2014-07-08,0.0,0.0,0.44017844984734356
2014-07-09,-0.021564818512901793,-0.008429644058023754,0.3908979828872879
2014-07-10,0.34375,0.13961449759639744,0.4061512657349744
2014-07-11,0.34375,0.14461868531884037,0.42070890274571743
2014-07-14,-0.521463745779893,-0.23158923762313868,0.444113784510134
2014-07-15,-0.4375,-0.1644459826514634,0.3758765317747735
2014-07-16,0.041218444746551786,0.01514019509396357,0.36731602046266326
2014-07-17,1.15625,0.44679142945045297,0.3864142092544458
2014-07-18,-0.53125,-1.756461428689814,3.306280336357297
2014-07-21,0.0625,0.2061851676313942,3.298962682102307
2014-07-22,0.1875,0.618132094273994,3.2967045027946345
2014-07-23,0.0625,0.20614208812847296,3.2982734100555673
2014-07-24,-0.8125,-2.6414818158119355,3.2510545425377666
2014-07-25,0.6875,2.2052787122728597,3.2076781269423416
2014-07-28,-0.375,-1.2113615928888632,3.2302975810369685
2014-07-29,0.4375,1.4623044074451625,3.3424100741603713
2014-07-30,-1.4375,-4.629700707064428,3.220661361436124
2014-07-31,0.0,0.0,0.283388631669776
2014-08-01,0.0,0.0,3.242482059831445
2014-08-04,0.0,0.0,3.279139504973532
2014-08-05,0.0,0.0,3.2789647320481947
2014-08-06,1.78125,5.515202481472811,3.0962540246864907
2014-08-07,0.484375,0.09774525928415757,0.20179666432858337
2014-08-08,0.8125,0.19347076791145462,0.2381178681987134
2014-08-11,-0.6615364894320749,-2.0636421941738403,3.1194684301473146
2014-08-12,-0.1875,-0.048417119554235596,0.25822463762258985
2014-08-13,1.25,0.32852628462413014,0.2628210276993041
2014-08-14,0.5625,1.6827447932324051,2.991546299079831
2014-08-15,1.3611179128521163,3.949965346665983,2.9020008548628526
2014-08-18,-1.0,-2.863212884276295,2.863212884276295
2014-08-19,-0.4375,-1.2451424968130846,2.846039992715622
2014-08-20,-1.375,-3.806459284299705,2.76833402494524
2014-08-21,0.375,1.0341626749830803,2.757767133288214
2014-08-22,-0.3125,-0.8648651158701853,2.767568370784593
2014-08-25,0.16685628209186001,0.462593409011289,2.772406308062262
2014-08-26,0.0625,0.1760567305688336,2.816907689101338
2014-08-27,0.4375,1.2695111209230316,2.9017397049669293
2014-08-28,0.375,1.086792824477922,2.898114198607792
2014-08-29,-0.11407305684597618,-0.33347726415511997,2.923365721718038
2014-09-01,0.0,0.0,2.970998364614928
2014-09-02,-2.125,-5.788972615615575,2.7242224073485057
2014-09-03,0.16715744762800402,0.07256618118311223,0.4341187438121372
2014-09-04,-0.5625,-0.2489827866614286,0.44263606517587306
2014-09-05,0.125,0.05056873849921445,0.4045499079937156
2014-09-08,-0.25,-0.11918885711707679,0.47675542846830715
2014-09-09,-0.5625,-0.25688399735048173,0.45668266195641194
2014-09-10,-0.36418948553655633,-0.15024553238083768,0.412547693845369
2014-09-11,0.0,0.0,0.41069818244898754
2014-09-12,0.0,0.0,0.5863089758701937
2014-09-15,-0.020523827443878095,-0.009868642787570757,0.48083832387288966
2014-09-16,-0.03125,-0.014269931396584857,0.4566378046907154
2014-09-17,0.46875,0.22313247823754778,0.4760159535734353
2014-09-18,0.40625,0.1981677759382871,0.48779760230962976
2014-09-19,-0.53125,-0.2724280830939193,0.5128058034709069
2014-09-22,-0.59375,-0.2562583654707057,0.43159303658224113
2014-09-23,-0.4375,-0.15813766175039007,0.36145751257232017
2014-09-24,0.4802524865153806,1.351563538047662,2.8142770230183425
2014-09-25,0.0,0.0,2.818991753294924
2014-09-26,0.0,0.0,2.8186340976923243
2014-09-29,0.0,0.0,2.818241021578613
2014-09-30,0.0,0.0,3.006913657236645
2014-10-01,0.0,0.0,3.0065358175102768
2014-10-02,-0.019792269273655114,-0.059497395415508525,3.0060926613758077
2014-10-03,-0.34375,-1.030635858772691,2.998213407338737
2014-10-06,0.5,1.4893863589517784,2.978772717903557
2014-10-07,1.1875,3.458044586132013,2.912037546216432
2014-10-08,0.6989236009994805,2.024903591269457,2.8971744384848184
2014-10-09,0.1875,0.5462421403122386,2.9132914149986058
2014-10-10,0.875,2.60824406915973,2.980850364753977
2014-10-13,2.105320766599879,5.780363310305829,2.745597441496382
2014-10-14,1.96875,5.083402245851303,2.582045585194313
2014-10-15,4.03125,8.190495845314885,2.0317509073649327
2014-10-16,-1.03125,-2.0959752281487893,2.032460827295796
2014-10-17,-2.0625,-3.9526303766915567,1.9164268493049972
2014-10-20,1.03125,1.9353827383146052,1.876734776547496
2014-10-21,-1.59375,-2.91030207805738,1.8260718921144345
2014-10-22,-0.9375,-1.6839718609621968,1.79623665169301
2014-10-23,-2.71875,-4.4729417015808135,1.6452199362136326
2014-10-24,0.6364652229654741,1.031933343755796,1.621350714101428
2014-10-27,0.3125,0.5072646850644523,1.6232469922062476
2014-10-28,-1.0625,-1.7061747984530187,1.6058115750146058
2014-10-29,-1.5625,-2.4356192220698407,1.558796302124698
2014-10-30,0.4801787014248193,0.7437420839224534,1.5488860328781155
2014-10-31,-0.4375,-0.6782407922054733,1.5502646678982246
2014-11-03,-0.21875,-0.3383810133829656,1.5468846326078427
2014-11-04,0.1875,0.2904154975558857,1.5488826536313904
2014-11-05,-0.09375,-0.14599904551448473,1.5573231521545037
2014-11-06,-0.625,-0.9804714485616418,1.568754317698627
2014-11-07,1.375,0.006422256502514575,0.004670732001828782
2014-11-10,-0.8125,-1.2473782709382262,1.5352347950008938
2014-11-11,-0.125,-0.1912926762375466,1.5303414099003727
2014-11-12,0.125,0.001553435141210419,0.012427481129683352
2014-11-13,0.40625,0.009975699090115003,0.024555566991052317
2014-11-14,0.29678217250085237,0.45861521616019163,1.5452923344271108
2014-11-17,-0.3125,-0.4838538823585082,1.5483324235472262
2014-11-18,0.25,0.3863200045515714,1.5452800182062856
2014-11-19,-0.53125,-0.8208042880411272,1.5450433657244746
2014-11-20,0.375,0.6060366138032426,1.6160976368086468
2014-11-21,0.28125,0.45520011525049214,1.6184892986684165
2014-11-24,0.3125,0.5113306800407149,1.636258176130288
2014-11-25,0.53125,0.8979675203524563,1.6902918030163883
2014-11-26,0.3875259107455846,0.6826520154760913,1.7615648310139977
2014-11-27,0.0,0.0,1.763889988180477
2014-11-28,1.9375,3.2716119402159984,1.688573904627612
2014-12-01,-1.081407923145197,-1.8167405638953922,1.6799771159541104
2014-12-02,-3.0,-4.561965856231556,1.5206552854105186
2014-12-03,-0.6752344243513839,-1.0118110419348063,1.498458913593943
2014-12-04,1.1875,1.7493681200366624,1.4731521010835051
2014-12-05,-2.75,-3.780129024201601,1.3745923724369458
2014-12-08,1.293171676842857,1.7317559761250094,1.3391539631867828
2014-12-09,0.8125,1.0866409950471922,1.3374043015965444
2014-12-10,0.875,1.1654754853183875,1.3319719832210144
2014-12-11,-0.5625,-0.7494439069375839,1.3323447234445935
2014-12-12,1.6875,2.1866557599644367,1.2957960059048514
2014-12-15,-0.7381969952536893,-0.9578823935603371,1.2975972534691103
2014-12-16,1.8125,2.279038830407233,1.2574007340177837
2014-12-17,-2.75,-3.26904894946627,1.188745072533189
2014-12-18,-2.375,-2.672577958428488,1.1252959824962054
2014-12-19,0.9802152671448644,1.0870514608215203,1.1089925828107579
2014-12-22,0.0,0.0,1.113008846941137
2014-12-23,-1.4375,-1.5749368829754036,1.095608266417672
2014-12-24,0.01120144459052659,0.012321367859529465,1.0999802534353496
2014-12-25,0.0,0.0,1.1242426043021256
2014-12-26,0.0,0.0,1.1240911907028106
2014-12-29,0.0,0.0,1.1257340381751075
2014-12-30,0.0,0.0,1.1267744737295922
2014-12-31,0.0,0.0,1.1266187285233464
2015-01-01,-0.019751097595562983,-0.022248894177245102,1.126463684845709
2015-01-02,0.96875,1.0840915665951387,1.119062262291756
2015-01-05,1.28125,1.4221023636298031,1.1099335521013098
2015-01-06,1.0110316644877881,1.1210403085771854,1.1088083073492363
2015-01-07,0.5,0.5561978289383759,1.1123956578767518
2015-01-08,-1.375,-1.5104892852076874,1.0985376619692273
2015-01-09,1.8125,1.9519925261789015,1.0769613937538767
2015-01-12,2.125,2.233937714140182,1.0512648066542034
2015-01-13,0.625,0.6603564653441086,1.0565703445505739
2015-01-14,1.6670194909957603,1.7312007190751175,1.0385005864814574
2015-01-15,4.78125,4.305087916489111,0.9004105446251734
2015-01-16,-3.65625,-3.1107627815038463,0.8508069145993425
2015-01-19,1.03125,0.8627772760092766,0.8366325100696015
2015-01-20,-1.40625,-1.1687971511724065,0.8311446408337113
2015-01-21,-2.53125,-2.0230592495277784,0.7992332837640607
2015-01-22,-1.2397175137572212,-0.9842467016334955,0.7939282059914856
2015-01-23,2.3125,1.7762430370008626,0.7681050970814541
2015-01-26,-0.8125,-0.6272244035654861,0.771968496695983
2015-01-27,0.5625,0.43215556392097365,0.7682765580817309
2015-01-28,3.3125,2.4124043042563805,0.7282729975113601
2015-01-29,-1.625,-1.2009405637380677,0.739040346915734
2015-01-30,3.25,2.2716881257127284,0.6989809617577626
2015-02-02,-0.0625,-0.04433929729387186,0.7094287567019497
2015-02-03,-3.3125,-2.2382442298141476,0.6756963712646483
2015-02-04,-0.1875,-0.12514881261538752,0.6674603339487334
2015-02-05,-0.625,-0.41901723861563983,0.6704275817850237
2015-02-06,-5.125,-3.0688775002667255,0.5988053659057025
2015-02-09,-0.08548294018311971,-0.05058810405778795,0.5917918119032781
2015-02-10,-0.5625,-0.33365663043938404,0.5931673430033494
2015-02-11,-0.11665472055880974,-0.06908971009921498,0.5922581595348679
2015-02-12,0.0,0.0,0.5965140986170754
2015-02-13,-0.02067369715825792,-0.012337561852994535,0.5967757851220341
2015-02-16,0.0,0.0,0.596886732176401
2015-02-17,0.0,0.0,0.5968729612651086
2015-02-18,0.0,0.0,0.5968004466714593
2015-02-19,0.0,0.0,0.5971885518376456
2015-02-20,0.0,0.0,0.5974522961031372
2015-02-23,0.0,0.0,0.597402167098327
2015-02-24,0.0,0.0,0.597320035621165
2015-02-25,0.0,0.0,0.6085577659274302
2015-02-26,-0.02417774862600459,-0.01471322388610204,0.6085440010852418
2015-02-27,0.296875,0.18079342397055112,0.6089883754797512
2015-03-02,-1.078125,-0.6540599352245644,0.6066642877445235
2015-03-03,-0.4618418562708658,-0.2788291936772338,0.603733052540182
2015-03-04,0.0,0.0,0.6033919085587657
2015-03-05,0.0,0.0,0.6036440684365335
2015-03-06,0.0,0.0,0.6035611699919432
2015-03-09,0.0,0.0,0.6034782943131148
2015-03-10,0.0,0.0,0.6033965055707892
2015-03-11,0.0,0.0,0.6033161420916243
2015-03-12,0.0,0.0,0.6037888108152668
2015-03-13,0.0,0.0,0.6041237899521197
2015-03-16,0.0,0.0,0.6047566696251684
2015-03-17,0.0,0.0,0.6055700620540339
2015-03-18,0.0,0.0,0.6059747059797269
2015-03-19,-0.025826073245242102,-0.015662959255083583,0.6064785422990755
2015-03-20,0.90625,0.547597494320921,0.6042455109748094
2015-03-23,0.375,0.22720607070662252,0.60588285521766
2015-03-24,0.53125,0.32190642517019713,0.605941506202724
2015-03-25,-0.84375,-0.5106951839229091,0.6052683661308552
2015-03-26,-0.84375,-0.5074918509093788,0.6014718233000045
2015-03-27,0.46875,0.28074541637167844,0.5989235549262474
2015-03-30,0.15625,0.09377194149481516,0.600140425566817
2015-03-31,0.5625,0.3376390873357757,0.6002472663747124
2015-04-01,0.96875,0.5837936221021294,0.6026256744280045
2015-04-02,-0.5625,-0.3404147008290861,0.6051816903628198
2015-04-03,0.0,0.0,0.6039067929259644
2015-04-06,1.265625,0.761556857756262,0.6017239369926021
2015-04-07,-0.6667736146998433,-0.4098716547544907,0.6147088692749183
2015-04-08,-0.5,-0.31131800987128616,0.6226360197425723
2015-04-09,-1.8125,-1.1926772572230135,0.6580288315713179
2015-04-10,-0.026005035011594145,-0.01707538992425092,0.6566186093053898
2015-04-13,0.40625,0.2717678727857142,0.6689670714725272
2015-04-14,0.59375,0.39907877442020045,0.672132672707706
2015-04-15,0.15625,0.1064946688455016,0.6815658806112103
2015-04-16,0.46875,0.3206285335920854,0.6840075383297821
2015-04-17,0.09936592758876654,0.07054861174918918,0.7099879552391437
2015-04-20,-0.625,-0.4438796502040221,0.7102074403264353
2015-04-21,-0.6875,-0.4861540302414702,0.707133134896684
2015-04-22,-2.5,-1.7197782552633447,0.6879113021053379
2015-04-23,1.1616979471074622,0.7956248115080906,0.6848809653913349
2015-04-24,0.71875,0.4936987911532876,0.6868852746480523
2015-04-27,-0.125,-0.08615671902099907,0.6892537521679926
2015-04-28,-1.0,-0.6856922311335031,0.6856922311335031
2015-04-29,-0.8125,-0.553276376050245,0.6809555397541478
2015-04-30,-0.03125,-0.02121179936774664,0.6787775797678924
2015-05-01,-1.25,-0.843535821198847,0.6748286569590776
2015-05-04,-0.2761216870577635,-0.1870290191006931,0.6773427364347785
2015-05-05,0.0,0.0,0.6786764809463477
2015-05-06,0.0,0.0,0.6786347602046107
2015-05-07,-0.026227965393699107,-0.01779805643470631,0.6785908158542118
2015-05-08,-0.875,-0.5919180974685201,0.6764778256783087
2015-05-11,1.692086221857299,1.1256827631478385,0.6652632404938833
2015-05-12,0.0,0.0,0.6698294360734448
2015-05-13,-0.02653567316650849,-0.017777145880014507,0.6699338572820381
2015-05-14,-0.90625,-0.6054388305956249,0.6680704337606895
2015-05-15,-1.3238481347516504,-0.8745744843192906,0.6606305220072376
2015-05-18,1.2855336291900477,0.8386370328189577,0.6523649119528224
2015-05-19,0.0,0.0,0.6558198638219418
2015-05-20,0.0,0.0,0.6565923721690806
2015-05-21,0.0,0.0,0.6569623669879866
2015-05-22,0.0,0.0,0.6568728226826516
2015-05-25,0.0,0.0,0.6684788168215293
2015-05-26,0.0,0.0,0.6721162545588317
2015-05-27,0.0,0.0,0.7021696108072195
2015-05-28,0.0,0.0,0.7036730235772614
2015-05-29,0.0,0.0,0.7085685931323015
2015-06-01,0.0,0.0,0.7364927688652007
2015-06-02,0.0,0.0,0.7428896940368177
2015-06-03,0.0,0.0,0.745384715343738
2015-06-04,-0.027752449201514283,-0.02076753315709962,0.7483135274405425
2015-06-05,1.59375,1.178405204041226,0.7393915005748869
2015-06-08,-0.375,-0.28296065583718766,0.754561748899167
2015-06-09,0.59375,0.4477760096156672,0.7541490688263869
2015-06-10,0.875,0.6703030761541295,0.7660606584618623
2015-06-11,-1.5625,-1.235015905876688,0.7904101797610804
2015-06-12,0.1875,0.15203900145424865,0.8108746744226595
2015-06-15,-0.59375,-0.48342573966313157,0.8141907194326427
2015-06-16,-0.71875,-0.5820560432468844,0.8098171036478392
2015-06-17,-0.5,-0.4079922210359368,0.8159844420718736
2015-06-18,0.3782602169581826,0.3077626507170092,0.8136268021837277
2015-06-19,0.0,0.0,0.8147039924480033
2015-06-22,0.0,0.0,0.8145932648156374
2015-06-23,0.0,0.0,0.8144825672774963
2015-06-24,0.0,0.0,0.8143718998213125
2015-06-25,0.0,0.0,0.8142612624348256
2015-06-26,0.0,0.0,0.8141524970966274
2015-06-29,-0.02895204684766763,-0.023697043236840732,0.8184928465169903
2015-06-30,0.5335443034878355,0.44007637225723545,0.8248169259429998
2015-07-01,0.0,0.0,0.8313963217178407
2015-07-02,0.0,0.0,0.8325141910266718
2015-07-03,0.0,0.0,0.8418267222778595
2015-07-06,0.0,0.0,0.8586059045156351
2015-07-07,0.0,0.0,0.882845089124371
2015-07-08,0.0,0.0,0.884896999859538
2015-07-09,-0.02938813353044441,-0.026464998747042615,0.9005335000137523
2015-07-10,-1.53125,-1.587355535149551,1.036640349485421
2015-07-13,-0.5608913416231093,-0.6395596748220609,1.1402559236719556
2015-07-14,0.0,0.0,1.1475950557847614
2015-07-15,0.0,0.0,1.166445636630692
2015-07-16,0.0,0.0,1.2324287050079379
2015-07-17,0.0,0.0,1.2492555418174458
2015-07-20,0.0,0.0,1.3120451056595968
2015-07-21,0.0,0.0,1.3200811749479782
2015-07-22,0.0,0.0,1.3238751623540324
2015-07-23,0.0,0.0,1.477970488364368
2015-07-24,0.0,0.0,1.520414820586325
2015-07-27,0.0,0.0,1.7185840952686742
2015-07-28,-0.02964055581464156,-0.05093479408504654,1.7184156195845104
2015-07-29,-0.25,-0.4964082976923365,1.985633190769346
2015-07-30,0.0,0.0,1.9844352811488895
2015-07-31,1.40625,2.728377286207615,1.9401794035254152
2015-08-03,0.5625,1.7210627310274456,3.0596670773821253
2015-08-04,-1.375,-4.048523410845288,2.9443806624329367
2015-08-05,-0.6875,-2.006665637030986,2.9187863811359795
2015-08-06,0.5625,1.6268898761889956,2.8922486687804367
2015-08-07,0.8125,2.3228050876399116,2.8588370309414297
2015-08-10,-0.8125,-2.298624040404718,2.8290757420365757
2015-08-11,1.5,4.045088914917545,2.6967259432783632
2015-08-12,0.15625,0.4235550873227614,2.710752558865673
2015-08-13,-0.78125,-2.0939806865096386,2.6802952787323373
2015-08-14,-0.35106321315726885,-0.9357850915723893,2.6655743367596236
2015-08-17,0.59375,1.569744453500817,2.6437801322119023
2015-08-18,-0.4375,-1.1549550600156375,2.639897280035743
2015-08-19,1.46875,3.7184908192080024,2.5317384300990655
2015-08-20,0.375,0.9522285464593196,2.539276123891519
2015-08-21,0.78125,1.9646760209075738,2.5147853067616945
2015-08-24,0.53125,1.3351567390817625,2.513236214742141
2015-08-25,-1.5299973434548082,-3.7730633973804375,2.466058789919646
2015-08-26,-1.779879875562837,-4.14849000117002,2.3307696536869806
2015-08-27,0.09375,0.21695464734247744,2.314182904986426
2015-08-28,0.0,0.0,2.314709476215464
2015-08-31,0.0,0.0,2.3143970040328945
2015-09-01,0.0,0.0,2.3140846162027566
2015-09-02,-0.0625,-0.14460136963001188,2.31362191408019
2015-09-03,0.375,0.8652567696435476,2.3073513857161267
2015-09-04,0.625,1.4346872317330759,2.2954995707729213
2015-09-07,-0.28125,-0.646236988340694,2.2977315141002452
2015-09-08,-0.625,-1.4251621044587635,2.2802593671340214
2015-09-09,0.25,0.568032996424087,2.272131985696348
2015-09-10,-0.5625,-1.2725533150593085,2.2623170045498817
2015-09-11,0.71875,1.6087871075979987,2.2383124975276503
2015-09-14,0.21875,0.4971293319469632,2.272591231757546
2015-09-15,-1.6875,-3.6752005185330754,2.1778966035751557
2015-09-16,-0.34205509909704157,-0.741930381764403,2.169037630846474
2015-09-17,0.0,0.0,2.1903221708922014
2015-09-18,0.0,0.0,2.2150387961458042
2015-09-21,-0.0298395882238013,-0.06631976576539023,2.2225429274687785
2015-09-22,1.109375,2.41805682569741,2.1796568569666794
2015-09-23,-0.40625,-0.8913152084654582,2.194006666991897
2015-09-24,0.40625,0.9008230116479776,2.2174104902104066
2015-09-25,-0.5625,-1.2490896385591856,2.2206038018829966
2015-09-28,1.125,2.442855556703356,2.171427161514094
2015-09-29,0.84375,1.8659723173301603,2.2115227464653753
2015-09-30,-0.0625,-0.1396321877307162,2.234115003691459
2015-10-01,0.09375,0.21018305612688942,2.2419525986868205
2015-10-02,1.0641550342736354,2.4720311140919655,2.3229990316019222
2015-10-05,-2.125,-4.60876763257234,2.1688318270928657
2015-10-06,0.75,1.6032688957133843,2.137691860951179
2015-10-07,-1.1875,-2.504678247555479,2.1092027347835614
2015-10-08,-1.0,-2.0686473127847353,2.0686473127847353
2015-10-09,-0.15413800771638503,-0.3185131842205072,2.066415603389487
2015-10-12,0.75,1.5359470855955295,2.047929447460706
2015-10-13,0.28125,0.5802708610197269,2.0631852836256956
2015-10-14,1.25,2.540085961407632,2.0320687691261057
2015-10-15,-0.9354044470587548,-2.073613445555212,2.216809479659192
2015-10-16,-0.5,-1.1239879515424651,2.2479759030849302
2015-10-19,-0.25,-0.5650002765065516,2.2600011060262064
2015-10-20,-1.5625,-3.3926415294084316,2.171290578821396
2015-10-21,1.2839715372312486,2.742596104784444,2.1360256246011247
2015-10-22,0.125,0.2710278932780281,2.168223146224225
2015-10-23,-1.09375,-2.3285097089058606,2.128923162428215
2015-10-26,0.375,0.8127053516607587,2.167214271095357
2015-10-27,0.5,1.0820752397053133,2.1641504794106265
2015-10-28,-1.40625,-2.956725517710032,2.102560368149356
2015-10-29,0.0,0.0,2.0907908771996304
2015-10-30,0.0,0.0,2.0905322731589546
2015-11-02,-1.5,-3.0658402426533478,2.043893495102232
2015-11-03,-0.4968492914258986,-1.05048422070014,2.1142914739505305
2015-11-04,-0.028118290355345583,-0.05932548805237387,2.1098540239341212
2015-11-05,0.03125,0.06591651651257828,2.109328528402505
2015-11-06,1.625,3.33332651285662,2.0512778540656122
2015-11-09,0.28125,0.5956071981805617,2.117714482419775
2015-11-10,-0.625,-1.351305831966246,2.1620893311459937
2015-11-11,0.3125,0.6728723799709997,2.153191615907199
2015-11-12,-0.15625,-0.3366730956231523,2.1547078119881746
2015-11-13,-0.7051738454990236,-1.5064802055424475,2.1363245604725614
2015-11-16,-0.34375,-0.7308824675585275,2.1262035419884437
2015-11-17,-0.21875,-0.46406971721108,2.1214615643935084
2015-11-18,0.34375,0.7271846433097189,2.1154462350828185
2015-11-19,-0.28125,-0.5949600658787393,2.115413567568851
2015-11-20,0.1875,0.39593171929391147,2.1116358362341945
2015-11-23,-0.1875,-0.39595394264037953,2.111754360748691
2015-11-24,-0.4336797450252891,-0.9123568092894497,2.1037570229069553
2015-11-25,0.0,0.0,2.099886576716122
2015-11-26,0.0,0.0,2.0996054948602696
2015-11-27,0.0,0.0,2.0993495805244202
2015-11-30,0.0,0.0,2.185205833539611
2015-12-01,0.0,0.0,2.1898886219373517
2015-12-02,-0.02653599503295968,-0.05843601242170781,2.202141368700361
2015-12-03,-2.15625,-4.464842313343492,2.070651507637561
2015-12-04,0.6604851923717125,1.398790455456154,2.117822581961736
2015-12-07,0.0,0.0,2.1242789159769804
2015-12-08,0.0,0.0,2.1359000188961654
2015-12-09,0.0,0.0,2.1533006547517313
2015-12-10,0.0,0.0,2.161676170526615
2015-12-11,0.0,0.0,2.1663762611678954
2015-12-14,0.0,0.0,2.1660867443284926
2015-12-15,0.0,0.0,2.165797304861429
2015-12-16,0.0,0.0,2.1655079427356925
2015-12-17,0.0,0.0,2.165218657920289
2015-12-18,0.0,0.0,2.164929450384238
2015-12-21,0.0,0.0,2.164640320096578
2015-12-22,0.0,0.0,2.1643805350444505
2015-12-23,0.0,0.0,2.174075972308923
2015-12-24,0.0,0.0,2.1737857367709923
2015-12-25,0.0,0.0,2.1734955787146437
2015-12-28,0.0,0.0,2.1732054981088558
2015-12-29,0.0,0.0,2.172915494922621
2015-12-30,0.0,0.0,2.1726255691249503
2015-12-31,0.0,0.0,2.1723357206848712
2016-01-01,0.0,0.0,2.172076353185056
2016-01-04,0.0,0.0,2.2575787556931033
2016-01-05,0.0,0.0,2.269305554767314
2016-01-06,0.0,0.0,2.269002969789341
2016-01-07,0.0,0.0,2.2687004654928455
2016-01-08,-0.02734181151398968,-0.06202132638809381,2.2683693198733392
2016-01-11,-0.53125,-1.1990483835122434,2.257032251317164
2016-01-12,0.8125,1.8095948717713315,2.2271936883339465
2016-01-13,0.84375,1.8629006388794693,2.2078822386719636
2016-01-14,-0.40625,-0.8973895608212314,2.2089589189445697
2016-01-15,1.21875,2.623466137356563,2.1525875998823083
2016-01-18,-0.13651505903687344,-0.29514907686608893,2.162025779048798
2016-01-19,-0.34375,-0.7412936832839689,2.1564907150079096
2016-01-20,2.0625,4.1581220062602755,2.0160591545504367
2016-01-21,-0.8125,-1.6364913858439254,2.0141432441156004
2016-01-22,-1.25,-2.452436344523859,1.961949075619087
2016-01-25,1.0,1.980164114329393,1.980164114329393
2016-01-26,0.4375,0.8712247265018882,1.9913708034328874
2016-01-27,0.5625,1.1485921762051594,2.04194164658695
2016-01-28,0.625,1.2804436009446973,2.0487097615115157
2016-01-29,2.3125,4.412892120158243,1.9082776735819427
2016-02-01,-1.25,-2.3764196873135237,1.901135749850819
2016-02-02,3.375,5.557091088259288,1.6465455076323816
2016-02-03,-0.3125,-0.5351343695271069,1.712429982486742
2016-02-04,0.9729285248586745,1.6450437361581323,1.6908166367072932
2016-02-05,0.375,0.6400260907763059,1.706736242070149
2016-02-08,4.78125,6.381800060002117,1.334755568105018
2016-02-09,0.5625,0.7646783947815902,1.3594282573894936
2016-02-10,1.78125,2.3585272185875774,1.3240854560491662
2016-02-11,3.0,3.757437090671744,1.2524790302239146
2016-02-12,-5.25,-5.355532630591407,1.0201014534459822
2016-02-15,-1.983926586044565,-1.9387524770585824,0.9772299492815165
2016-02-16,0.06710947501061286,0.06521021866770865,0.971699132758767
2016-02-17,-1.4375,-1.3996523046846476,0.9736711684762767
2016-02-18,2.25,2.150249747985786,0.9556665546603492
2016-02-19,-0.75,-0.7200431798194327,0.9600575730925769
2016-02-22,-0.3125,-0.2989312879460131,0.9565801214272418
2016-02-23,0.625,0.5954884728613745,0.9527815565781993
2016-02-24,0.125,0.11935059882602098,0.9548047906081678
2016-02-25,1.4375,1.3539706279859454,0.9418926107728315
2016-02-26,-2.3125,-2.1156268790329538,0.9148656774196557
2016-02-29,0.6875,0.6231010575688677,0.9063288110092621
2016-03-01,-3.625,-3.0362412187380285,0.8375837844794561
2016-03-02,-1.1514653996271642,-0.9458401734614313,0.8214230091218435
2016-03-03,0.21875,0.17888664766980256,0.8177675322048117
2016-03-04,-0.71875,-0.5874868250739822,0.8173729740159753
2016-03-07,-0.4375,-0.3572569049928521,0.8165872114122334
2016-03-08,1.2242400791157613,0.9893375671315751,0.8081238182025126
2016-03-09,0.0,0.0,0.8257089468053358
2016-03-10,0.0,0.0,0.826179785513938
2016-03-11,0.0,0.0,0.8260703103087549
2016-03-14,0.0,0.0,0.8259608641123486
2016-03-15,0.0,0.0,0.8258558641988092
2016-03-16,0.0,0.0,0.8318967438105941
2016-03-17,0.0,0.0,0.8326181862178833
2016-03-18,0.0,0.0,0.8333411018961346
2016-03-21,-0.025293572835883623,-0.021115815770504306,0.8348293025866084
2016-03-22,-0.625,-0.5244365907040672,0.8390985451265075
2016-03-23,1.09375,0.9127406056745747,0.834505696616754
2016-03-24,-0.1875,-0.15707762982938858,0.8377473590900725
2016-03-25,0.0,0.0,0.8370795101056909
2016-03-28,0.390625,0.32890331395132233,0.8419924837153852
2016-03-29,1.328125,1.138997481217227,0.8575981035047356
2016-03-30,-0.0625,-0.054053440403540716,0.8648550464566515
2016-03-31,0.875,0.7595288278587299,0.8680329461242627
2016-04-01,-0.2755395799055254,-0.24134319165523827,0.8758930086849516
2016-04-04,0.875,0.76193389774063,0.8707815974178629
2016-04-05,1.5,1.2965921297953624,0.8643947531969083
2016-04-06,-1.0625,-0.9175266333772775,0.8635544784727317
2016-04-07,2.375,1.9922613503656568,0.8388468843644871
2016-04-08,-0.75,-0.6359008675488136,0.8478678233984182
2016-04-11,-0.0625,-0.052914388398193464,0.8466302143710954
2016-04-12,-1.875,-1.5543902002204677,0.8290081067842494
2016-04-13,0.0625,0.05219451027131457,0.8351121643410331
2016-04-14,-1.25,-1.0445398047612935,0.8356318438090348
2016-04-15,1.4122542140836545,1.160573752471597,0.8217881319792266
2016-04-18,-0.28125,-0.2338918167847588,0.8316153485680312
2016-04-19,-0.40625,-0.3373903572488627,0.8304993409202774
2016-04-20,-1.0,-0.8254089100517678,0.8254089100517678
2016-04-21,-0.40625,-0.33765047956513694,0.8311396420064909
2016-04-22,-0.1875,-0.1555441321034881,0.8295687045519365
2016-04-25,-0.3062225537400472,-0.25367430940135494,0.8283985170364017
2016-04-26,0.0,0.0,0.838671837104034
2016-04-27,0.0,0.0,0.8398253608272855
2016-04-28,0.0,0.0,0.8397186310509378
2016-04-29,-0.024888081774147437,-0.020896275039936643,0.8396097067489833
2016-05-02,-0.65625,-0.558405116568559,0.8509030347711374
2016-05-03,1.25,1.0511684846892988,0.840934787751439
2016-05-04,0.4375,0.37007443034189325,0.8458844122100417
2016-05-05,0.53125,0.4495567983887001,0.8462245616728472
2016-05-06,-0.46875,-0.39694194061851956,0.8468094733195084
2016-05-09,0.5,0.42323629920854583,0.8464725984170917
2016-05-10,-0.02480846131874639,-0.02105205621439845,0.8485837127871597
2016-05-11,0.4375,0.37084454699099373,0.8476446788365571
2016-05-12,-1.1875,-1.0001894023714677,0.8422647598917623
2016-05-13,1.3125,1.0894488372374298,0.8300562569428036
2016-05-16,-1.767950050961683,-1.4476760760250498,0.8188444437316433
2016-05-17,-0.3125,-0.254046518454081,0.8129488590530591
2016-05-18,-3.8378511706085154,-2.869085850282577,0.7475761103648179
2016-05-19,0.2871830554834082,0.21142011167254177,0.7361858843540176
2016-05-20,0.0,0.0,0.7369087113450364
2016-05-23,0.0,0.0,0.7368117206994546
2016-05-24,0.0,0.0,0.7367147555819935
2016-05-25,0.0,0.0,0.7366178159825761
2016-05-26,0.0,0.0,0.7365237252473932
2016-05-27,0.0,0.0,0.7555505214982017
2016-05-30,0.0,0.0,0.7572963100243443
2016-05-31,0.0,0.0,0.7571967146498316
2016-06-01,0.0,0.0,0.7570971454683274
2016-06-02,0.0,0.0,0.7569976024694998
2016-06-03,0.0,0.0,0.7568980856430229
2016-06-06,-0.024780399919587203,-0.018753707364831895,0.7567959930302972
2016-06-07,0.34375,0.25991750625279,0.7561236545535708
2016-06-08,0.0625,0.0473134059665215,0.757014495464344
2016-06-09,0.25,0.18920834694932828,0.7568333877973131
2016-06-10,0.725360260766411,0.5478233650888757,0.7552431456750183
2016-06-13,1.3125,0.9844470411920002,0.7500548885272382
2016-06-14,-0.3125,-0.235419627695637,0.7533428086260384
2016-06-15,1.8125,1.33932850378805,0.7389398641589242
2016-06-16,0.125,0.09299000761091869,0.7439200608873495
2016-06-17,-1.1495756154940697,-0.8494014641360864,0.7388826386779498
2016-06-20,-2.71875,-1.9232478068739818,0.7074014921835335
2016-06-21,-1.6184099634682405,-1.117649438702156,0.6905848727642788
2016-06-22,0.6875,0.47060756324431363,0.6845200919917289
2016-06-23,-2.4375,-1.6236063733975312,0.6660949224195
2016-06-24,6.599134094738037,3.5819751548953347,0.5427947217728915
2016-06-27,1.75,0.9623303720989492,0.5499030697708281
2016-06-28,0.005132553691989724,0.0028408987684077577,0.5535059034728643
2016-06-29,-2.0625,-1.1222895777755812,0.5441404013457364
2016-06-30,0.6875,0.37042864171677775,0.5388052970425858
2016-07-01,1.1875,0.6378811832241394,0.5371631016624332
2016-07-04,0.3125,0.1685375389572041,0.5393201246630531
2016-07-05,1.9375,1.03198709920654,0.5326385028162788
2016-07-06,-0.25,-0.13443121205028372,0.5377248482011349
2016-07-07,-0.4375,-0.23547766342968635,0.5382346592678545
2016-07-08,0.5,0.2685498337760659,0.5370996675521318
2016-07-11,-2.5,-1.3206669098859476,0.528266763954379
2016-07-12,-2.75,-1.3986279982087773,0.5085919993486463
2016-07-13,1.0989545577547732,0.5507773863249513,0.5011830402252673
2016-07-14,-0.75,-0.3826400610623908,0.5101867480831878
2016-07-15,-0.90625,-0.4606914509648534,0.5083491872715624
2016-07-18,0.09375,0.04776334750040037,0.5094757066709373
2016-07-19,0.5625,0.2873851861287016,0.5109069975621362
2016-07-20,-0.5625,-0.28783413830231774,0.5117051347596759
2016-07-21,0.59375,0.30308740304043097,0.51046299459441
2016-07-22,-0.28125,-0.14404624415172082,0.5121644236505629
2016-07-25,-0.1875,-0.09787707141031193,0.5220110475216636
2016-07-26,0.1875,0.09837239434268888,0.5246527698276741
2016-07-27,0.90625,0.4960606741816823,0.5473772956487529
2016-07-28,0.09375,0.05150720994249482,0.5494102393866114
2016-07-29,0.9375,0.5153307134729349,0.5496860943711306
2016-08-01,-0.59375,-0.3272250758321146,0.5511159171909298
2016-08-02,-0.5,-0.30252401747712737,0.6050480349542547
2016-08-03,0.0625,0.03779072515866634,0.6046516025386615
2016-08-04,0.75,0.4588694308171785,0.611825907756238
2016-08-05,-1.78125,-1.1222534444748093,0.6300370214595421
2016-08-08,-0.03125,-0.022408287302272845,0.717065193672731
2016-08-09,0.59375,0.4338914684430652,0.7307645784304256
2016-08-10,0.78125,0.5702727005567442,0.7299490567126325
2016-08-11,-1.375,-1.0075123822645513,0.7327362780105827
2016-08-12,1.0,0.7451010869483283,0.7451010869483283
2016-08-15,-0.7059036332800532,-0.5281112363756483,0.7481350307289475
2016-08-16,-0.4375,-0.326212258502828,0.7456280194350353
2016-08-17,0.46875,0.3492087220157982,0.7449786069670362
2016-08-18,0.375,0.2796418048717969,0.745711479658125
2016-08-19,-0.90625,-0.6813623618152357,0.751848123382329
2016-08-22,0.59375,0.4574809556456357,0.7704942410873864
2016-08-23,0.0625,0.04838916056065217,0.7742265689704347
2016-08-24,-0.125,-0.10464971672880319,0.8371977338304255
2016-08-25,-0.375,-0.3160756258847715,0.842868335692724
2016-08-26,-1.09375,-0.9138961775111778,0.8355622194387912
2016-08-29,0.9429826675554784,0.7826967604425187,0.8300224249842538
2016-08-30,0.0,0.0,0.8339243356535415
2016-08-31,0.0,0.0,0.8416138930674467
2016-09-01,0.0,0.0,0.8415041754886983
2016-09-02,0.0,0.0,0.8413944865130377
2016-09-05,0.0,0.0,0.8412848261292809
2016-09-06,0.0,0.0,0.8411751943262503
2016-09-07,-0.025747987727668682,-0.02165565692877524,0.8410621116423851
2016-09-08,-1.15625,-0.9642110080649764,0.833912223191331
2016-09-09,-0.90625,-0.7484657154949048,0.8258932033047226
2016-09-12,0.28652657938308784,0.23566094366623386,0.8224749835552034
2016-09-13,0.0,0.0,0.8232858037261269
2016-09-14,0.0,0.0,0.8251622556258011
2016-09-15,0.0,0.0,0.831188878976506
2016-09-16,0.0,0.0,0.8312622980383569
2016-09-19,0.0,0.0,0.8311540992174443
2016-09-20,0.0,0.0,0.8318349356975421
2016-09-21,0.0,0.0,0.8409563825737462
2016-09-22,0.0,0.0,0.8408676287694239
2016-09-23,0.0,0.0,0.8448275724381828
2016-09-26,-0.025564048616665877,-0.021604683933353793,0.8451198109234205
2016-09-27,0.21875,0.18567048579240583,0.8487793636224267
2016-09-28,-0.1875,-0.16153355462446578,0.8615122913304842
2016-09-29,0.28125,0.24374178682451383,0.866637464264938
2016-09-30,-0.625,-0.5612876835561937,0.89806029368991
2016-10-03,-0.53125,-0.47677528806905156,0.8974593657770382
2016-10-04,-0.9375,-0.8346090257085682,0.8902496274224727
2016-10-05,-0.4318252481800746,-0.3917046337180157,0.9070906237392394
2016-10-06,0.0,0.0,0.9054675761706071
2016-10-07,0.0,0.0,0.9151344771929871
2016-10-10,0.0,0.0,0.9278150422825351
2016-10-11,-0.02514848987276318,-0.023342963120939166,0.9282053609994503
2016-10-12,0.0,0.0,0.9290695128341431
2016-10-13,-0.53125,-0.4960053117720723,0.9336570574533125
2016-10-14,0.625,0.5813213626783659,0.9301141802853854
2016-10-17,-0.625,-0.5812134320425801,0.9299414912681282
2016-10-18,-0.40625,-0.37662772311002146,0.9270836261169759
2016-10-19,-0.056158135782690105,-0.05197247753110599,0.9254665741081405
2016-10-20,0.0,0.0,0.9251424394191273
2016-10-21,0.0,0.0,0.9250223959672372
2016-10-24,0.0,0.0,0.9249064103720369
2016-10-25,0.0,0.0,0.9275942408268748
2016-10-26,0.0,0.0,0.9378044003229943
2016-10-27,0.0,0.0,0.938963937556383
2016-10-28,-0.02426575708223719,-0.02282760888110339,0.9407334295707369
2016-10-31,-0.25,-0.23539517675104954,0.9415807070041982
2016-11-01,-0.09375,-0.08832764702346882,0.9421615682503341
2016-11-02,-0.5625,-0.5285047197965621,0.9395639463049993
2016-11-03,0.0,0.0,0.9386497332309085
2016-11-04,-0.649110743250351,-0.6135566316875243,0.9452264318030026
2016-11-07,0.0,0.0,0.9545546555140674
2016-11-08,0.0,0.0,0.976744133213861
2016-11-09,0.0,0.0,0.9773314759993532
2016-11-10,-0.025113540073287817,-0.0275817733674749,1.0982829695448806
2016-11-11,0.44367208315041046,0.48669776618969607,1.096976313528159
2016-11-14,2.304435392021667,2.4238380673561672,1.0518142863748283
2016-11-15,0.375,0.39751500507595405,1.0600400135358774
2016-11-16,-0.125,-0.1326654316141984,1.061323452913587
2016-11-17,1.875,1.9341166212724508,1.0315288646786405
2016-11-18,2.162486420126421,2.167505131039126,1.002320805747493
2016-11-21,-0.9375,-0.9411957816658841,1.0039421671102764
2016-11-22,-0.65625,-0.654266844066328,0.9969780481010712
2016-11-23,2.625,2.4824064112293875,0.9456786328492904
2016-11-24,0.0,0.0,0.9551591864697516
2016-11-25,0.46875,0.4469756504720655,0.9535480543404063
2016-11-28,-2.71875,-2.467484064760006,0.9075803456588528
2016-11-29,-0.046875,-0.042094741737625854,0.8980211570693515
2016-11-30,3.890625,3.171892915382822,0.8152656489337374
2016-12-01,2.53125,2.0154491457997366,0.7962268230319948
2016-12-02,-2.8125,-2.16085267044438,0.7683031717135572
2016-12-05,0.1875,0.1429055971408465,0.7621631847511813
2016-12-06,-0.46875,-0.3605302952548566,0.769131296543694
2016-12-07,-1.96875,-1.4795188971189634,0.7515016620286799
2016-12-08,2.2251462099567276,1.6441672635141145,0.7389030240606475
2016-12-09,1.9375,1.4144971447039247,0.7300630424278322
2016-12-12,-0.08742420477943795,-0.06474822694040717,0.7406212856469226
2016-12-13,-0.1875,-0.1445962110149308,0.771179792079631
2016-12-14,5.71875,3.7639812160927284,0.6581825077320618
2016-12-15,2.34375,0.07344151683909622,0.03133504718468105
2016-12-16,-0.84375,-0.06204644216945035,0.07353652405268189
2016-12-19,-3.0,-0.25167225665549464,0.08389075221849822
2016-12-20,1.03125,0.08206523674633548,0.07957841139038592
2016-12-21,-1.03125,-0.11917269626249691,0.11556140243636064
2016-12-22,0.1875,0.01835748395495319,0.09790658109308369
2016-12-23,-0.46875,-0.05051254237453038,0.10776009039899814
2016-12-26,0.0,0.0,0.10031621096771548
2016-12-27,1.03125,0.8633689703878273,0.8372062743154689
2016-12-28,-2.53125,-0.2244259927164077,0.08866212057932156
2016-12-29,-1.712585553139149,-0.06693903418062899,0.039086534426225034
2016-12-30,-0.9375,-0.0037533290469461676,0.004003550983409245
2017-01-02,0.0,-0.0,-0.015648360921394242
2017-01-03,0.1875,0.15768085903368273,0.8409645815129746
2017-01-04,-0.5,0.009130175304858499,-0.018260350609716997
2017-01-05,-3.0,0.04225414244328357,-0.01408471414776119
2017-01-06,2.2247495203352377,-0.21328294274180556,-0.09586829474163316
2017-01-09,-0.8125,0.05212028806554044,-0.06414804684989593
2017-01-10,0.0625,-0.005137355176949527,-0.08219768283119243
2017-01-11,-0.125,0.010126316983738679,-0.08101053586990943
2017-01-12,-0.1875,0.015286855175190277,-0.08152989426768148
2017-01-13,0.59375,0.4872594297909749,0.8206474607005894
2017-01-16,-0.421875,-0.3467230824188116,0.8218621212890349
2017-01-17,-0.796875,-0.651515410678914,0.8175879663421667
2017-01-18,1.5625,1.255813189896405,0.8037204415336991
2017-01-19,0.71875,0.5819679718004382,0.8096945694614792
2017-01-20,-0.1875,-0.15217652657861613,0.8116081417526194
2017-01-23,-1.25,-1.009677782967046,0.8077422263736368
2017-01-24,0.9375,0.7513983610680209,0.8014915851392224
2017-01-25,1.03125,0.8254240723727877,0.8004112216948245
2017-01-26,-0.34375,-0.27596869292473747,0.8028180157810545
2017-01-27,-0.21875,-0.1758912133502212,0.8040741181724398
2017-01-30,-0.03125,-0.025569933479719545,0.8182378713510254
2017-01-31,-0.71875,0.07389953594079296,-0.10281674565675541
2017-02-01,0.40625,0.3317074926444622,0.8165107511248301
2017-02-02,-0.0625,-0.0512831385183285,0.820530216293256
2017-02-03,-0.09375,-0.0777549295677517,0.8293859153893514
2017-02-06,-1.125,-0.9311520749308074,0.8276907332718288
2017-02-07,-0.25,-0.20657484737669538,0.8262993895067815
2017-02-08,-0.8125,-0.668803352695693,0.8231425879331606
2017-02-09,1.1307433202382786,0.9220777229531723,0.815461569791865
2017-02-10,0.0,0.0,0.8194441455510854
2017-02-13,0.0,0.0,0.8233180376951386
2017-02-14,-0.02492462560940893,-0.02056104244367611,0.8249288380851111
2017-02-15,0.40932757927231966,0.3372646096041907,0.8239479250427283
2017-02-16,-0.90625,-0.7441828763998214,0.8211673118894581
2017-02-17,-0.625,-0.5107007810537447,0.8171212496859915
2017-02-20,0.09375,0.0769562648095052,0.820866824634722
2017-02-21,0.03125,0.025793425923315336,0.8253896295460907
2017-02-22,-0.28125,0.02619660625087911,-0.09314348889201461
2017-02-23,-0.59375,-0.48880703063915437,0.8232539463396285
2017-02-24,-0.9375,-0.766007550668254,0.8170747207128043
2017-02-27,0.9124965140349954,0.7392544747941242,0.8101449851300723
2017-02-28,0.0,-0.0,-0.1302725267507946
2017-03-01,0.0,0.0,0.8127887391772294
2017-03-02,-0.02508728996428838,0.003631276047974737,-0.1447456482204271
2017-03-03,-0.21875,0.0326931547633718,-0.14945442177541393
2017-03-06,0.03125,-0.004339743933009618,-0.1388718058563078
2017-03-07,0.40625,-0.051177782615914026,-0.12597608028532684
2017-03-08,0.65625,-0.07786674441856212,-0.11865408673304705
2017-03-09,0.539334645183782,-0.05542856345994087,-0.10277211737631503
2017-03-10,-0.8125,-0.6627807138795535,0.8157301093902197
2017-03-13,1.3125,-0.12108273728197133,-0.0922535141195972
2017-03-14,-0.5,0.03638523747058552,-0.07277047494117105
2017-03-15,-3.8125,0.2903258871217761,-0.07615105235981012
2017-03-16,1.351394031076525,-0.25907389761381805,-0.1917086295012262
2017-03-17,-0.65625,0.10961807599104809,-0.16703706817683517
2017-03-20,-0.625,0.11395267199271972,-0.18232427518835154
2017-03-21,-0.71875,0.1431199700153156,-0.1991234365430478
2017-03-22,-0.11711210632241398,0.024505200735622925,-0.20924566643997672
2017-03-23,0.0,-0.0,-0.21071503162110597
2017-03-24,0.0,-0.0,-0.21081991135476252
2017-03-27,0.0,-0.0,-0.20966361770304542
2017-03-28,0.0,-0.0,-0.20606213002867926
2017-03-29,0.0,-0.0,-0.20812492038719863
2017-03-30,0.0,-0.0,-0.19523888837118686
2017-03-31,0.0,-0.0,-0.19595415222343526
2017-04-03,0.0,-0.0,-0.1911072715524171
2017-04-04,0.0,0.0,0.7363164473017313
2017-04-05,0.0,0.0,0.736224303069267
2017-04-06,-0.023418352580213755,-0.017238894237146748,0.7361275383526316
2017-04-07,-0.8125,-0.5967697942441117,0.7344859006081375
2017-04-10,0.3516508568980486,0.2578368631909457,0.7332183560289128
2017-04-11,0.0,0.0,0.735619170418349
2017-04-12,0.0,0.0,0.7361747736889985
2017-04-13,-0.02351627716485149,-0.017310107863380837,0.7360904849877055
2017-04-14,0.0,0.0,0.7359315537816248
2017-04-17,-0.28125,-0.20686654258312748,0.7355254847400088
2017-04-18,1.3125,0.9554322227375773,0.7279483601810113
2017-04-19,-0.7107825183194204,-0.5184870532003295,0.7294594898397955
2017-04-20,-0.9375,-0.6788223301770117,0.7240771521888124
2017-04-21,0.4770618307804358,0.34376955316812424,0.7205974802170699
2017-04-24,-0.53125,-0.38288237334665304,0.7207197615936999
2017-04-25,-1.03125,-0.7377984062110563,0.7154408787501152
2017-04-26,0.5394624302050713,0.3838531136477962,0.7115474445586103
2017-04-27,0.0,0.0,0.7140723529362586
2017-04-28,0.0,0.0,0.7139807799670668
2017-05-01,0.0,0.0,0.7154643301224536
2017-05-02,0.0,0.0,0.7153726021719328
2017-05-03,0.0,0.0,0.7152808977388342
2017-05-04,0.0,0.0,0.7151892168141145
2017-05-05,0.0,0.0,0.7150999210750381
2017-05-08,0.0,0.0,0.7157460623138003
2017-05-09,0.0,0.0,0.7361462515941288
2017-05-10,0.0,0.0,0.7366104792950715
2017-05-11,0.0,0.0,0.7365782287090982
2017-05-12,0.0,0.0,0.7507268507442014
2017-05-15,0.0,0.0,0.7704498908964142
2017-05-16,0.0,0.0,0.7741931251663371
2017-05-17,-0.008178912479381573,-0.006346754428779709,0.775990016371908
2017-05-18,-0.022854692535626765,-0.0184555156236941,0.8075153754496998
2017-05-19,-0.09375,-0.07568447148625511,0.8073010291867212
2017-05-22,-0.25,-0.20191663733176052,0.8076665493270421
2017-05-23,-0.5,-0.421229302263869,0.842458604527738
2017-05-24,0.5625,0.4720178389779832,0.8391428248497479
2017-05-25,0.0,0.0,0.9275036926288813
2017-05-26,0.125,0.12120015001751493,0.9696012001401194
2017-05-29,0.0,0.0,1.0278359385379208
2017-05-30,0.5,0.5130203915274827,1.0260407830549654
2017-05-31,0.125,0.12867644754831647,1.0294115803865318
2017-06-01,0.0,0.0,1.0607893000834603
2017-06-02,0.90625,0.9931028617162693,1.095837640514504
2017-06-05,-0.42893855545424897,-0.48549740239173605,1.1318576896814296
2017-06-06,1.375,1.5298029702507652,1.1125839783641929
2017-06-07,-1.0,-1.1094245020749625,1.1094245020749625
2017-06-08,-0.4375,-0.6557563657430288,1.4988716931269228
2017-06-09,-0.5,-0.7937182057859682,1.5874364115719364
2017-06-12,-0.02269383827874028,-0.036253116491841195,1.5974872142189946
2017-06-13,0.0625,0.11158853207418627,1.7854165131869804
2017-06-14,1.0625,1.8955802391909604,1.784075519238551
2017-06-15,-0.46875,-0.8488718309422261,1.810926572676749
2017-06-16,0.21875,0.3953328792388749,1.8072360193777137
2017-06-19,-0.6875,-1.2391797824842585,1.8024433199771033
2017-06-20,0.53125,0.9514339998853799,1.7909345880195386
2017-06-21,-0.125,-0.2274138203612721,1.819310562890177
2017-06-22,0.1875,0.372554750736253,1.9869586705933493
2017-06-23,0.03125,0.06489900397572265,2.076768127223125
2017-06-26,0.0625,0.13154759097151583,2.1047614555442533
2017-06-27,-1.09375,-2.2606290028314975,2.066860802588798
2017-06-28,0.03125,0.06435159907069689,2.0592511702623004
2017-06-29,-0.8125,-1.662793546495827,2.0465151341487102
2017-06-30,-0.6790899820408622,-1.5897056790083972,2.3409352531322445
2017-07-03,0.0,0.0,2.5529414570677686
2017-07-04,-0.02290514142173159,-0.059205683993234164,2.5848207135303647
2017-07-05,-0.3125,-0.8061385326055541,2.579643304337773
2017-07-06,0.46875,1.2029464827158027,2.5662858297937126
2017-07-07,0.21875,0.5621575419019869,2.5698630486947973
2017-07-10,0.0,0.0,2.5890003716851773
2017-07-11,0.0,0.0,2.5975198278005993
2017-07-12,-1.34375,-3.4132264713974907,2.5400755135981328
2017-07-13,0.32071755901232923,0.8476737568416048,2.6430537805665266
2017-07-14,0.0,0.0,2.673045259430186
2017-07-17,0.0,0.0,2.6745713058871345
2017-07-18,0.0,0.0,2.7598875130993044
2017-07-19,0.0,0.0,2.8101672759901435
2017-07-20,0.0,0.0,2.8736056307784295
2017-07-21,-0.02151159605295272,-0.06196368349892675,2.8804782009850687
2017-07-24,-0.28125,-0.8094243886205351,2.8779533817619027
2017-07-25,-1.25,-3.477041887921017,2.7816335103368135
2017-07-26,0.7283717716916382,2.0156758632189975,2.7673722974431105
2017-07-27,0.0,0.0,2.7841639656334185
2017-07-28,0.0,0.0,2.7840356717498587
2017-07-31,0.0,0.0,2.784189754813439
2017-08-01,0.0,0.0,2.8589832485732525
2017-08-02,0.0,0.0,2.8624355456790576
2017-08-03,0.0,0.0,2.9030014440509024
2017-08-04,-0.021394047825765605,-0.06386738941017735,2.9852877739788726
2017-08-07,0.0625,0.18652546140473186,2.98440738247571
2017-08-08,-0.15625,-0.46611100093609525,2.9831104059910096
2017-08-09,0.375,1.1143902100727316,2.9717072268606177
2017-08-10,0.6875,2.0319241002394666,2.9555259639846785
2017-08-11,0.28125,0.8471549165493002,3.0121063699530675
2017-08-14,-0.5,-1.5122228307886854,3.0244456615773707
2017-08-15,-0.8125,-2.417030556264296,2.9748068384791337
2017-08-16,0.8334536459856584,2.434043851572478,2.9204309841298137
2017-08-17,0.5625,1.6392182898187582,2.914165848566681
2017-08-18,-0.125,-0.36768605872548754,2.9414884698039003
2017-08-21,0.1875,0.5615633556337336,2.9950045633799123
2017-08-22,-0.59375,-1.798554092300569,3.029143734400958
2017-08-23,0.71875,2.1470787535483713,2.987240004936864
2017-08-24,-0.4375,-1.304729562291659,2.982238999523792
2017-08-25,0.375,1.1129055298806878,2.9677480796818343
2017-08-28,0.25,0.7426493596254384,2.9705974385017537
2017-08-29,0.53125,1.569657964000284,2.954650285177005
2017-08-30,-0.2702660265024461,-0.8016522336231771,2.9661598388723918
2017-08-31,0.5625,1.6707643128949625,2.970247667368822
2017-09-01,-1.4375,-4.1169547947600424,2.863968552876551
2017-09-04,0.90625,2.5723813796778483,2.8384897982652117
2017-09-05,2.40625,6.309631367015221,2.622184464214118
2017-09-06,-1.375,-3.5249317574810535,2.5635867327134934
2017-09-07,1.9375,6.203325182154524,3.2017162230474963
2017-09-08,-0.375,-1.2594930878533925,3.358648234275713
2017-09-11,-2.4375,-7.195494753149727,2.9519978474460418
2017-09-12,-1.0833983895171706,-3.1158152854089587,2.8759644795092956
2017-09-13,-0.40625,-1.1722739693126252,2.885597462923385
2017-09-14,0.03125,0.09005034800136308,2.8816111360436185
2017-09-15,-0.3329205460651148,-0.9570549787644074,2.874724885790678
2017-09-18,0.0,0.0,2.8707545821349183
2017-09-19,0.0,0.0,2.870391188616812
2017-09-20,0.0,0.0,2.8700278870871583
2017-09-21,-0.02042226874632735,-0.058604538208585036,2.869638967958651
2017-09-22,-0.40625,-1.1614359534817424,2.8589192701089043
2017-09-25,-0.5625,-1.594673273342846,2.8349747081650594
2017-09-26,0.2921662293143379,0.8249212840140815,2.823465552298857
2017-09-27,0.0,0.0,2.8262324390653197
2017-09-28,-0.019981222414353964,-0.05646395842587088,2.8258510543033
2017-09-29,0.5625,1.5786380065128993,2.8064675671340433
2017-10-02,0.0,0.0,2.851772656002692
2017-10-03,-0.3125,-0.8915618983435124,2.8529980746992396
2017-10-04,0.03125,0.08903787996059735,2.8492121587391153
2017-10-05,0.375,1.0652414806727848,2.8406439484607593
2017-10-06,0.1875,0.5329149831808188,2.8422132436310332
2017-10-09,-0.09375,-0.266562436741839,2.843332658579616
2017-10-10,-0.125,-0.3557271249314707,2.8458169994517655
2017-10-11,-0.1875,-0.5531880922624509,2.950336492066405
2017-10-12,-0.1875,-0.5585373388590754,2.978865807248402
2017-10-13,-0.6875,-2.0650232866421443,3.0036702351158464
2017-10-16,0.48067117552374206,1.4397314536759498,2.9952523200651884
2017-10-17,0.0,0.0,3.01956225576064
2017-10-18,0.0,0.0,3.0939122179870515
2017-10-19,-0.019089712970061713,-0.05945666048766155,3.114591643201084
2017-10-20,0.96875,2.9517483880675406,3.046966078005203
2017-10-23,-0.3125,-0.953411238384644,3.050915962830861
2017-10-24,0.625,1.887468367655426,3.0199493882486816
2017-10-25,0.25,0.7556018181679676,3.0224072726718703
2017-10-26,0.324699405581321,0.979834541369069,3.0176665695301663
2017-10-27,-1.375,-3.9837010484291144,2.897237126130265
2017-10-30,-1.3125,-3.64642065933162,2.778225264252663
2017-10-31,0.5433582269344951,1.4926960410591645,2.7471674616589867
2017-11-01,-0.125,-0.34394913526641885,2.751593082131351
2017-11-02,-0.40625,-1.1133519073252047,2.740558541108196
2017-11-03,-0.25,-0.6831158347972287,2.732463339188915
2017-11-06,-0.20633243906959775,-0.5626951821982268,2.727129019244641
2017-11-07,0.0,0.0,2.7246481114686354
2017-11-08,0.0,0.0,2.7243047773796847
2017-11-09,0.0,0.0,2.723965289734329
2017-11-10,0.0,0.0,2.723651483682526
2017-11-13,-0.018595010012571238,-0.050648771199008014,2.7237829484773974
2017-11-14,-0.25,-0.6808118430605894,2.7232473722423576
2017-11-15,-0.7605665187660404,-2.055050799594763,2.7020000866313727
2017-11-16,0.59375,1.5982838494847722,2.691846483342774
2017-11-17,-0.25,-0.6735394008821474,2.6941576035285895
2017-11-20,0.4375,1.1732046808035146,2.681610698979462
2017-11-21,0.03125,0.08392784054001659,2.685690897280531
2017-11-22,-0.8125,-2.1640161771049864,2.6634045256676755
2017-11-23,0.046875,0.12447926473928564,2.655557647771427
2017-11-24,0.296875,0.7870079604104326,2.6509741824351414
2017-11-27,-0.28125,-0.7576878876826951,2.6940013784273606
2017-11-28,0.125,0.337511277713533,2.700090221708264
2017-11-29,0.0,0.0,2.810290530743824
2017-11-30,1.4375,3.94918469963085,2.7472589214823304
2017-12-01,-0.7056881282874338,-1.9366719792077909,2.744373756021251
2017-12-04,0.5,1.3683418774678273,2.7366837549356546
2017-12-05,-0.375,-1.0250936316627663,2.7335830177673768
2017-12-06,-0.7680136763606188,-2.071029481208577,2.6966049498266105
2017-12-07,0.375,1.0289687053602,2.7439165476271996
2017-12-08,0.125,0.3449078862501378,2.7592630900011024
2017-12-11,0.1875,0.5176809296072917,2.760964957905556
2017-12-12,0.15625,0.43575469389469207,2.788830040926029
2017-12-13,-1.0,-2.7483314391854994,2.7483314391854994
2017-12-14,0.34375,0.939020481291356,2.7316959455748537
2017-12-15,0.0,0.0,2.736938902913679
2017-12-18,0.46875,1.2769562437905728,2.7241733200865554
2017-12-19,0.96875,-0.42519382372480197,-0.4389097535223762
2017-12-20,0.53125,-0.2609924052502438,-0.49127982164751777
2017-12-21,-0.048887232948000896,0.017643739795280052,-0.360906902095418
2017-12-22,0.0,-0.0,-0.36887317067614894
2017-12-25,0.0,-0.0,-0.3044790272038189
2017-12-26,-0.375,-1.0441292561754485,2.7843446831345293
2017-12-27,-1.5625,0.3741398437371408,-0.23944949999177012
2017-12-28,0.5625,-0.22891471174647876,-0.40695948754929556
2017-12-29,-0.625,0.2323018579463219,-0.37168297271411505
2018-01-01,-0.017290293879984712,0.006946377690176647,-0.40175012283728684
2018-01-02,0.5625,1.466921855102696,2.607861075738126
2018-01-03,-0.15625,0.0656752405880545,-0.4203215397635488
2018-01-04,0.25,-0.10526030818758414,-0.42104123275033656
2018-01-05,0.359375,-0.1389210721401702,-0.38656298334656053
2018-01-08,-0.001478684677822771,0.0005458484159791414,-0.3691445675780272
2018-01-09,1.875,-0.6146617459241187,-0.32781959782619663
2018-01-10,0.0,-0.0,-0.314682113552107
2018-01-11,-0.0625,0.015798296590492034,-0.25277274544787254
2018-01-12,0.4203909311960024,-0.10533767106728921,-0.25057075034327214
2018-01-15,0.0,-0.0,-0.22811775261062336
2018-01-16,-0.46875,0.10005618073701594,-0.21345318557230067
2018-01-17,1.6875,-0.38587784549693604,-0.2286683528870732
2018-01-18,1.5,-0.06833455557045948,-0.04555637038030632
2018-01-19,1.03125,0.03658994695916172,0.03548116068767197
2018-01-22,1.108084722269788,0.08256521968646255,0.07451164881809479
2018-01-23,-2.5,-0.2660531602893496,0.10642126411573985
2018-01-24,1.25,-0.05858233144492322,-0.046865865155938574
2018-01-25,-1.0,-0.023256588017327648,0.023256588017327648
2018-01-26,2.625,-0.052597082841226606,-0.020036983939514898
2018-01-29,1.875,0.12338052676402599,0.06580294760748052
2018-01-30,1.5,0.19301208003370957,0.12867472002247304
2018-01-31,0.375,0.06472986210880727,0.17261296562348605
2018-02-01,2.9834305131203496,0.5020285750437229,0.16827225331239729
2018-02-02,4.375,0.8303531933536947,0.18979501562370166
2018-02-05,-5.15625,-1.2015378601151812,0.23302552438597454
2018-02-06,0.6081508197900932,0.040992522203453174,0.0674051910636279
2018-02-07,1.875,0.165588533033312,0.08831388428443307
2018-02-08,-0.125,-0.018256792431544693,0.14605433945235755
2018-02-09,0.25,0.039803721805761964,0.15921488722304786
2018-02-12,1.0,0.1710494603401205,0.1710494603401205
2018-02-13,-1.125,-0.2155491634200326,0.1915992563733623
2018-02-14,5.625,0.7437053498416346,0.1322142844162906
2018-02-15,-0.27263551518121387,-0.057753417329083206,0.21183380048889075
2018-02-16,-2.25,-0.4664959555802047,0.2073315358134243
2018-02-19,1.3125,0.20473880483988968,0.15599147035420166
2018-02-20,-0.4375,-0.08018501470747628,0.18328003361708864
2018-02-21,3.0,0.49933367148899416,0.16644455716299805
2018-02-22,-1.875,-0.40854095505983534,0.2178885093652455
2018-02-23,-3.125,-0.5317978325489272,0.1701753064156567
2018-02-26,-0.26690734958777,-0.028105598924115932,0.10530095543462607
2018-02-27,2.4375,0.2594949776788655,0.10645947802209865
2018-02-28,-1.59375,-0.2362953666565502,0.1482637594707766
2018-03-01,-2.8125,-0.370330062622927,0.1316729111548185
2018-03-02,-0.01717581601739563,-0.011414354095648487,0.664559639209459
2018-03-05,2.3125,1.4972694620758666,0.6474678754922667
2018-03-06,-0.25,-0.021180491265366322,0.08472196506146529
2018-03-07,-0.0625,-0.006212860927918366,0.09940577484669386
2018-03-08,-0.5625,-0.0571916680547746,0.10167407654182152
2018-03-09,0.5625,0.05240242335372132,0.09315986373994901
2018-03-12,-0.6875,-0.06936470393850575,0.10089411481964472
2018-03-13,-0.75,-0.06639403731851129,0.08852538309134839
2018-03-14,-0.5625,-0.042843560230465885,0.07616632929860602
2018-03-15,0.375,0.02488044734843861,0.06634785959583629
2018-03-16,0.375,0.02867229329124472,0.07645944877665259
2018-03-19,0.375,0.030816379222241987,0.08217701125931197
2018-03-20,1.1875,0.10626471012391671,0.08948607168329828
2018-03-21,-0.6875,-0.07336456167382237,0.10671208970737799
2018-03-22,-1.6875,-0.15697247328881947,0.09302072491189302
2018-03-23,-0.4375,-0.026910762657240978,0.06151031464512224
2018-03-26,1.0625,0.05651739137456403,0.05319283894076615
2018-03-27,-2.1875,-0.14696820780198547,0.06718546642376479
2018-03-28,0.35806427176673244,0.0038437675790372857,0.010734853717941953
2018-03-29,-0.4375,-0.007674441169247592,0.017541579815423067
2018-03-30,0.0,0.0,0.006205706682807627
2018-04-02,-0.25,-0.1592963531994383,0.6371854127977532
2018-04-03,0.7019903715115998,-0.0013014632209519086,-0.0018539616407408275
2018-04-04,0.0,-0.0,-0.0005928587448640291
2018-04-05,-0.016657798022244475,1.6336131020104214e-05,-0.0009806897045029172
2018-04-06,-0.90625,0.0034776127179144125,-0.003837365757698662
2018-04-09,0.125,-0.004686780093630275,-0.0374942407490422
2018-04-10,0.3125,-0.0070100673020500395,-0.022432215366560128
2018-04-11,-0.21875,0.0021930973701378338,-0.010025587977772954
2018-04-12,0.90625,-0.008438112925063473,-0.009311021158690728
2018-04-13,-0.15625,0.0005044535928338611,-0.003228502994136711
2018-04-16,0.1875,-0.0007338430692010561,-0.0039138297024056325
2018-04-17,-0.125,-0.003022064524576261,0.024176516196610088
2018-04-18,0.8125,0.019806188978320594,0.024376847973317652
2018-04-19,0.45202270328838484,0.016191722486363753,0.03582059566604033
2018-04-20,1.375,0.056117800459942,0.040812945789048725
2018-04-23,0.8582331490206869,0.05099949125947279,0.059423818944382784
2018-04-24,0.28125,0.023032338924292423,0.08189276061970639
2018-04-25,1.125,0.10684077249272811,0.09496957554909165
2018-04-26,-1.516514652329136,-0.16837075501559412,0.11102481255753265
2018-04-27,-1.25,-0.10351544579782532,0.08281235663826025
2018-04-30,-0.891544431195385,-0.05803326156893893,0.06509295503212083
2018-05-01,1.03125,0.053309251976377016,0.051693820098304984
2018-05-02,-0.28125,-0.018509131165972456,0.06581024414567985
2018-05-03,-1.40625,-0.08530061709015091,0.060658216597440646
2018-05-04,0.0,0.0,0.03701701549289973
2018-05-07,0.0,0.0,0.036985722469245946
2018-05-08,1.21875,0.07334469395433035,0.06018026170611721
2018-05-09,1.3125,0.09571462631307269,0.0729254295718649
2018-05-10,-0.84375,-0.07434941149640374,0.08811782103277481
2018-05-11,0.0,0.0,0.08413334221944085
2018-05-14,1.125,0.10068598973053001,0.0894986575382489
2018-05-15,3.1875,0.31006221352290825,0.09727441992875553
2018-05-16,1.125,0.1324833010895294,0.11776293430180391
2018-05-17,0.24376242260972256,0.031981323411897244,0.13119874289689495
2018-05-18,-3.25,-0.4470872835298473,0.13756531800918378
2018-05-21,-0.5,-0.04047151980794347,0.08094303961588693
2018-05-22,0.35929552833105255,0.026985020413176995,0.0751053611452497
2018-05-23,-3.28125,-0.25545155640293155,0.07785190290375056
2018-05-24,-0.5784577632528405,-0.007590978767228936,0.01312278829925732
2018-05-25,-1.75,-0.014907183295024051,0.008518390454299458
2018-05-28,-0.01608869325919692,0.00041213193725783443,-0.02561624680253282
2018-05-29,-2.21875,-1.1401357849203162,0.5138640157387341
2018-05-30,0.9828475191164378,-0.022648088883675248,-0.023043339320869907
2018-05-31,-0.017150753033619216,0.0003877213205279153,-0.022606664545160027
2018-06-01,-0.8125,0.016227905651072648,-0.019972806955166334
2018-06-04,-0.7047190810888799,0.02687420899058513,-0.038134640755095046
2018-06-05,0.0,-0.0,-0.05482934375154683
2018-06-06,0.0,-0.0,-0.056897283568164404
2018-06-07,0.0,0.0,0.5093683505024902
2018-06-08,0.0,0.0,0.5095365335616842
2018-06-11,-0.01711432282492473,0.0008669308375656556,-0.0506552813356475
2018-06-12,0.25,-0.012751198115719176,-0.0510047924628767
2018-06-13,0.28125,-0.012138484803603484,-0.043159057079479056
2018-06-14,-0.53125,0.01210190941922381,-0.02278006478912717
2018-06-15,-0.15625,0.004394732742553516,-0.028126289552342504
2018-06-18,-0.125,0.003821100775738467,-0.030568806205907736
2018-06-19,-0.53125,0.0172410698252224,-0.03245377849453628
2018-06-20,0.65625,-0.025615881676785718,-0.03903372445986395
2018-06-21,-0.5625,0.017485737448779962,-0.03108575546449771
2018-06-22,0.03125,-0.0009544393322062485,-0.03054205863059995
2018-06-25,-0.28125,0.008022632529079305,-0.028524915658948637
2018-06-26,-0.0625,0.001966627855863057,-0.03146604569380891
2018-06-27,-0.7672495925948583,0.021165300743065822,-0.02758593937011321
2018-06-28,0.0,-0.0,-0.042036216904662235
2018-06-29,0.0,-0.0,-0.04229037759812473
2018-07-02,0.0,-0.0,-0.04245353265873448
2018-07-03,0.0,-0.0,-0.03977868561196616
2018-07-04,0.0,-0.0,-0.04458749425690199
2018-07-05,0.0,-0.0,-0.0273260839531442
2018-07-06,0.0,-0.0,-0.027597140262527044
2018-07-09,0.0,-0.0,-0.028629959543794298
2018-07-10,0.0,-0.0,-0.03575384925290286
2018-07-11,0.0,-0.0,-0.03658585449628786
2018-07-12,0.0,-0.0,-0.041350023423475296
2018-07-13,0.0,-0.0,-0.03360133104183911
2018-07-16,0.0,-0.0,-0.031918659828905994
2018-07-17,0.0,-0.0,-0.0336528273664071
2018-07-18,0.0,-0.0,-0.030982786176011575
2018-07-19,0.0,-0.0,-0.02001915398412893
2018-07-20,0.0,-0.0,-0.028886949200341714
2018-07-23,0.0,-0.0,-0.04335280605621374
2018-07-24,-0.0169818503529117,0.0009347927549107226,-0.05504657828706184
2018-07-25,0.21875,-0.010823071528813242,-0.04947689841743196
2018-07-26,0.3269164413984423,-0.014149191120273776,-0.04328075718598959
2018-07-27,-0.75,0.0326367575894351,-0.04351567678591346
2018-07-30,0.375,-0.015847682901674168,-0.04226048773779778
2018-07-31,-0.1875,0.0014170849785222104,-0.0075577865521184555
2018-08-01,1.1875,0.02761003972045773,0.023250559764595984
2018-08-02,-0.6875,-0.018211878195861557,0.0264900046485259
2018-08-03,-1.25,-0.02088006533655959,0.01670405226924767
2018-08-06,-0.375,0.0077714879490728,-0.020723967864194132
2018-08-07,0.9831255150994147,-0.028113432395250694,-0.028595974739204926
2018-08-08,-0.1875,0.0037293036598337846,-0.019889619519113517
2018-08-09,-0.34375,0.009199125381481335,-0.026761092018854793
2018-08-10,-1.3125,-0.037746819823148606,0.028759481770017983
2018-08-13,0.23320625096512593,-0.013942751541278385,-0.05978721189323269
2018-08-14,0.0,-0.0,-0.04696815350928417
2018-08-15,0.0,-0.0,-0.046378990261456275
2018-08-16,-0.00898103469129921,0.0005941869036399586,-0.06616018354940822
2018-08-17,0.0,-0.0,-0.05235094448833526
2018-08-20,0.0,-0.0,-0.04869595685372378
2018-08-21,-0.016983734589230588,0.0009651114386511744,-0.056825631228549285
2018-08-22,0.09375,-0.005803463652162565,-0.061903612289734025
2018-08-23,-0.15625,0.005669566912713754,-0.036285228241368025
2018-08-24,0.09375,-0.0032280421839836503,-0.03443244996249227
2018-08-27,-0.5,0.0009255615078098183,-0.0018511230156196365
2018-08-28,-0.90625,0.01845805716964702,-0.020367511359610502
2018-08-29,-0.14172130875422517,0.011371086972197577,-0.08023554871284357
2018-08-30,-0.016772056354453335,0.0014253112410727304,-0.0849813052705538
2018-08-31,-0.0625,0.006223484212476612,-0.0995757473996258
2018-09-03,0.0625,-0.006193437551702317,-0.09909500082723707
2018-09-04,0.4375,-0.04122515217506744,-0.09422891925729701
2018-09-05,0.0,-0.0,-0.08542554618922311
2018-09-06,-0.46875,0.03695258744437737,-0.07883218654800506
2018-09-07,1.1875,-0.12045735687751388,-0.10143777421264327
2018-09-10,-0.09375,0.012005104500778685,-0.12805444800830598
2018-09-11,0.6875,-0.08904428528068799,-0.12951896040827343
2018-09-12,-0.20446019113081584,0.02601039885329861,-0.12721497866866843
2018-09-13,0.3125,-0.03777800710379858,-0.12088962273215546
2018-09-14,0.875,-0.09252764269186385,-0.10574587736213012
2018-09-17,-0.625,0.028079400979359542,-0.044927041566975266
2018-09-18,2.1875,-0.14650738818234593,-0.06697480602621528
2018-09-19,0.25,-0.009631054179849404,-0.03852421671939762
2018-09-20,0.0,0.0,0.026320902303850292
2018-09-21,-0.07953764674869795,-0.0022457544012019384,0.02823511246564133
2018-09-24,0.9375,0.03306473176003747,0.03526904721070664
2018-09-25,0.5625,0.04108661980046832,0.07304287964527702
2018-09-26,-2.25,-0.21739115934674486,0.09661829304299771
2018-09-27,0.0,0.0,0.021018728789503508
2018-09-28,0.5454418327760486,0.012407321456825599,0.02274728616556238
2018-10-01,0.375,0.017402916864413934,0.04640777830510383
2018-10-02,-0.625,-0.0613720748334047,0.09819531973344751
2018-10-03,3.4375,0.22625076869062397,0.06581840543727242
2018-10-04,0.125,0.007860752732949422,0.06288602186359538
2018-10-05,1.3575323681195652,0.09216214468566288,0.0678894638905182
2018-10-08,-0.5625,-0.06863175778246575,0.12201201383549466
2018-10-09,-0.75,-0.07843139994279953,0.10457519992373271
2018-10-10,-2.71875,-0.20753515294327607,0.07633476889867626
2018-10-11,-0.01750114932618627,0.00035557538769173436,-0.020317259230495287
2018-10-12,0.0,0.0,0.0020730674795257542
2018-10-15,-0.0625,-0.0006051521565601759,0.009682434504962815
2018-10-16,0.4375,0.01026886467724763,0.023471690690851726
2018-10-17,1.125,0.04411923459376478,0.03921709741667981
2018-10-18,-1.1875,-0.06927292395073788,0.05833509385325295
2018-10-19,0.4375,0.008685715795422514,0.019853064675251463
2018-10-22,0.125,0.005020411526811508,0.040163292214492066
2018-10-23,-1.0625,-0.04984836957374939,0.04691611253999943
2018-10-24,-2.0625,-0.01665986883196423,0.008077512160952354
2018-10-25,0.29534530908119777,-0.02306549790046601,-0.0780967132074027
2018-10-26,-0.5625,0.04001734810644156,-0.07114195218922943
2018-10-29,0.014113440609764709,-0.0012234742259595944,-0.08668858712687717
2018-10-30,0.0,-0.0,-0.08624934173728727
2018-10-31,0.0,-0.0,-0.09899161003414422
2018-11-01,-0.01709923653171903,-0.0220197101035271,1.28775984019407
2018-11-02,1.03125,-0.0903021143204144,-0.08756568661373518
2018-11-05,0.03125,-0.0026433884268563363,-0.08458842965940276
2018-11-06,0.07669313581253244,-0.006490344243198167,-0.08462744643879301
2018-11-07,0.75,-0.059839903414190085,-0.07978653788558678
2018-11-08,0.1875,0.002119475574816319,0.011303869732353701
2018-11-09,-1.5,-0.03821654286698849,0.025477695244658993
2018-11-12,-1.0625,0.05582917119181419,-0.05254510229817806
2018-11-13,-0.2667871252602203,0.015449950424437994,-0.05791115448081813
2018-11-14,-0.46875,0.03116777623833634,-0.06649125597511753
2018-11-15,-0.3280525849181051,0.035772749905605694,-0.10904577970186088
2018-11-16,-0.7981830609372984,0.03554337305462445,-0.044530352489422935
2018-11-19,0.0,-0.0,-0.11525107399703861
2018-11-20,0.0,-0.0,-0.0600838030223252
2018-11-21,0.0,-0.0,-0.04773538643964428
2018-11-22,0.0,-0.0,-0.031394963831459254
2018-11-23,0.0,0.0,0.030712769448375112
2018-11-26,0.0,0.0,0.023301038410930272
2018-11-27,0.0,0.0,0.06199993206606864
2018-11-28,0.0,0.0,0.08970369014275631
2018-11-29,0.0,0.0,0.08961951132553785
2018-11-30,-0.016701101117991914,-0.001626518860477427,0.09738991752616813
2018-12-03,0.90625,1.8726045066102437,2.0663222141906137
2018-12-04,0.40625,0.018248270352531362,0.04491881932930797
2018-12-05,0.2646276762642173,0.011600073693788772,0.04383545159579865
2018-12-06,0.8125,0.038965740448880064,0.04795783439862162
2018-12-07,2.4375,0.14530371415880183,0.059611780167713575
2018-12-10,-0.7044003703764044,-1.3198537558508312,1.8737266636381131
2018-12-11,-1.78125,0.002388503043748173,-0.0013409139894726585
2018-12-12,-1.21875,0.11399906507130762,-0.09353769441748318
2018-12-13,0.26437970688459617,-0.03693667686741166,-0.1397107111686708
2018-12-14,0.5,-0.05536538418614354,-0.11073076837228708
2018-12-17,1.0,-0.08245182039144563,-0.08245182039144563
2018-12-18,1.1875,-0.0777043488542869,-0.06543524114045213
2018-12-19,1.125,-0.05025374602522688,-0.04466999646686834
2018-12-20,-0.8292470890026965,0.021372200003072904,-0.02577301782123399
2018-12-21,0.46875,-0.01936628092471964,-0.0413147326394019
2018-12-24,-0.09375,0.002197698965837768,-0.023442122302269525
2018-12-25,2.25,-0.0478695182679719,-0.021275341452431956
2018-12-26,-2.625,-0.0551635575446812,0.02101468858844998
2018-12-27,2.25,-0.19815511600015742,-0.08806894044451441
2018-12-28,1.5,-0.05493073906138214,-0.0366204927075881
2018-12-31,0.46875,0.001744314135472824,0.0037212034890086914
2019-01-01,1.03125,0.021056375036824466,0.020418303066011605
2019-01-02,4.96875,5.299002207292484,1.0664658530399969
2019-01-03,2.25,2.3483515291532533,1.0437117907347793
2019-01-04,-5.267875862243803,-4.561803575457334,0.8659664150692944
2019-01-07,-1.7679077733678568,-1.4717444432270979,0.8324780655403935
2019-01-08,-2.2679878352480953,0.08896435790344343,-0.039226117759891606
2019-01-09,0.75,-0.06960930793631608,-0.09281241058175477
2019-01-10,-0.25,0.018963697076704655,-0.07585478830681862
2019-01-11,1.1875,-0.09554726493477517,-0.08046085468191592
2019-01-14,-0.25,0.010730649769292888,-0.04292259907717155
2019-01-15,-0.5,0.015507155505227663,-0.031014311010455327
2019-01-16,-0.1875,0.0029814306219041672,-0.015900963316822225
2019-01-17,-1.0625,0.020626311298531774,-0.019412998869206374
2019-01-18,-1.3931120012945801,0.05886429323117297,-0.04225381245475742
2019-01-21,0.15625,-0.011175562696349478,-0.07152360125663666
2019-01-22,0.46875,-0.029634327509984855,-0.0632198986879677
2019-01-23,-0.03125,0.0017255057926046369,-0.05521618536334838
2019-01-24,0.40625,-0.022700429213576987,-0.05587797960265105
2019-01-25,-0.65625,0.022711851438500633,-0.0346085355253343
2019-01-28,0.3125,-0.015068423159278877,-0.04821895410969241
2019-01-29,0.40625,-0.011673701757655381,-0.02873526586499786
2019-01-30,0.75,-0.016402724871114424,-0.021870299828152563
2019-01-31,0.5758847278208775,-0.003296552631762953,-0.0057243272351343005
2019-02-01,-1.8125,-0.003282769267058812,0.001811183043894517
2019-02-04,-0.8125,0.031205336173370873,-0.03840656759799492
2019-02-05,0.4375,-0.0055207821821577,-0.012618930702074743
2019-02-06,0.3125,-0.001271361162795614,-0.0040683557209459644
2019-02-07,1.25,0.9688784300801849,0.7751027440641479
2019-02-08,0.4375,0.34028110575805115,0.7777853845898312
2019-02-11,-0.6875,-0.5340621205556375,0.7768176298991091
2019-02-12,-1.1875,-0.9124793067044508,0.7684036266984848
2019-02-13,-0.25,-0.19115177312655046,0.7646070925062018
2019-02-14,1.2956136252924355,0.9801173236505123,0.75648889801486
2019-02-15,-0.29838473141348515,-0.22671636127933842,0.75981220689596
2019-02-18,-0.03125,-0.02371561003962026,0.7588995212678483
2019-02-19,0.5625,0.4266152521758095,0.7584271149792169
2019-02-20,-0.048146459931122314,-0.03676048532837673,0.7635137740337669
2019-02-21,-1.4375,-1.0844598646937869,0.7544068623956778
2019-02-22,0.625,0.003806804666406656,0.00609088746625065
2019-02-25,0.3125,0.006078518648906404,0.019451259676500493
2019-02-26,0.8125,0.019373770750941776,0.023844640924236032
2019-02-27,-1.3125,-0.042716218267280184,0.03254569010840395
2019-02-28,-1.5,-0.008479505032994881,0.005653003355329921
2019-03-01,-1.704634859327278,0.05187667813967061,-0.030432721621182483
2019-03-04,0.6390545467961082,-0.043868512323099774,-0.06864595916425914
2019-03-05,0.0,-0.0,-0.03779091124565665
2019-03-06,0.0,-0.0,-0.03776222082281869
2019-03-07,0.0,-0.0,-0.03594260427912386
2019-03-08,-0.01725326378216778,0.0008107088802684371,-0.04698872575670873
2019-03-11,-0.7048392725957795,0.035711279851495185,-0.05066584856995526
2019-03-12,1.75,-0.11658058800687661,-0.06661747886107235
2019-03-13,-0.625,0.0319306847944832,-0.05108909567117312
2019-03-14,0.0,-0.0,-0.03686601523099288
2019-03-15,1.0625,-0.03848163364985607,-0.03621800814104101
2019-03-18,-0.375,0.009152788568454624,-0.024407436182545664
2019-03-19,-0.5,0.015677487990428788,-0.031354975980857576
2019-03-20,2.625,-0.09616497437046706,-0.03663427595065412
2019-03-21,-0.1875,0.004038642856131059,-0.02153942856603231
2019-03-22,2.875,1.993682148199299,0.6934546602432344
2019-03-25,1.294429137808728,-0.050289806412966674,-0.03885095363203866
2019-03-26,-0.28125,0.005901969806234652,-0.020984781533278762
2019-03-27,2.0625,-0.050946443455074486,-0.02470130591761187
2019-03-28,-1.5,-1.0745942947814282,0.7163961965209521
2019-03-29,-2.15625,-0.11251813741833137,0.05218232459980585
2019-04-01,-2.71875,-0.032870427708413565,0.01209027226056591
2019-04-02,0.9193513612030071,-0.027986780481377156,-0.03044187637331103
2019-04-03,-1.375,0.022892794408860308,-0.01664930502462568
2019-04-04,0.3125,-0.013591591370209231,-0.04349309238466954
2019-04-05,0.1875,-0.00488025858226874,-0.02602804577209995
2019-04-08,-0.4375,0.010150979157952274,-0.023202238075319483
2019-04-09,0.5,-0.015289551466200155,-0.03057910293240031
2019-04-10,0.9375,-0.022111054390951932,-0.02358512468368206
2019-04-11,-0.8125,-0.5632377010922576,0.6932156321135478
2019-04-12,-2.0625,0.015079464575169704,-0.007311255551597433
2019-04-15,0.10669190176938911,-0.004893213970395154,-0.045863030738468494
2019-04-16,-0.4375,0.01895137629754773,-0.043317431537251955
2019-04-17,-0.125,0.006624682060939652,-0.05299745648751722
2019-04-18,0.3254521188342256,-0.01636094021376281,-0.05027142017808317
2019-04-19,0.0,-0.0,-0.02748101626161797
2019-04-22,0.0,-0.0,-0.02778041940204258
2019-04-23,0.0,-0.0,-0.023983468052197757
2019-04-24,-0.018055363487895576,0.00045854025472282845,-0.025396345802189836
2019-04-25,-0.125,0.0036497547541712943,-0.029198038033370354
2019-04-26,0.46875,-0.013275377805299351,-0.028320805984638615
2019-04-29,-0.267968334819499,0.006677720537251274,-0.024919812043274907
2019-04-30,0.4375,-0.006001447320996729,-0.013717593876563954
2019-05-01,-0.125,0.0010636737271576655,-0.008509389817261324
2019-05-02,-1.5625,0.015893742100262953,-0.010171994944168289
2019-05-03,2.1692363993155204,-0.09437172165738332,-0.04350458146800474
2019-05-06,0.15625,0.10747225915897235,0.6878224586174231
2019-05-07,0.07568241064667978,-0.0018666121349913676,-0.024663751049177986
2019-05-08,-0.5,0.008759808396407614,-0.01751961679281523
2019-05-09,1.125,-0.029364055954029862,-0.026101383070248767
2019-05-10,0.1875,-0.002206871014488389,-0.011769978743938075
2019-05-13,1.3125,-0.00897968531088393,-0.006841664998768709
2019-05-14,-0.1431122007666028,-0.002245663070393172,0.01569162558023654
2019-05-15,1.5,0.02004874409631059,0.013365829397540394
2019-05-16,-0.75,-0.022309023550708053,0.029745364734277403
2019-05-17,-0.11169140581526038,-0.0019436109534046102,0.017401615990216633
2019-05-20,-1.21875,-0.019448766347236465,0.015957962131065817
2019-05-21,-0.9375,0.003735251246410955,-0.003984267996171686
2019-05-22,1.875,-0.03657386238609932,-0.01950605993925297
2019-05-23,3.09375,-0.007528789194600195,-0.0024335480224970327
2019-05-24,0.09375,0.002205738803643355,0.02352788057219579
2019-05-27,0.0,0.0,0.02686212163651212
2019-05-28,2.34375,0.06621175400751807,0.028250348376541043
2019-05-29,0.07590863373975015,0.005166640480108872,0.06806393720406695
2019-05-30,2.75,0.1931300936879192,0.07022912497742516
2019-05-31,7.25,3.4692882647524796,0.4785225192762041
2019-06-03,3.625,1.7365604192318569,0.47905115013292604
2019-06-04,-4.625,-2.0904025442211354,0.4519789284802455
2019-06-05,1.5,0.6685398279723689,0.4456932186482459
2019-06-06,0.125,0.056286275896049606,0.45029020716839685
2019-06-07,-1.625,-0.7257730417953766,0.44662956418177024
2019-06-10,-0.75,-0.33259178767866504,0.4434557169048867
2019-06-11,0.125,0.05545109717117172,0.44360877736937376
2019-06-12,2.125,0.9334258740874392,0.4392592348646773
2019-06-13,2.75,1.1927831584978048,0.4337393303628381
2019-06-14,-0.25,-0.10973496489751729,0.43893985959006915
2019-06-17,-0.375,-0.16447410450449715,0.4385976120119924
2019-06-18,1.5,0.6522302000544307,0.43482013336962044
2019-06-19,2.875,1.244093237580418,0.43272808263666707
2019-06-20,0.125,0.055857589469605534,0.4468607157568443
2019-06-21,-1.75,-0.7873311701765079,0.44990352581514736
2019-06-24,2.375,1.0501451591280222,0.44216638279074616
2019-06-25,0.875,0.38947799961653934,0.4451177138474735
2019-06-26,-3.25,-1.4081573288324392,0.43327917810228894
2019-06-27,1.5,0.6904417327970742,0.4602944885313828
2019-06-28,-1.875,-0.8721165495211671,0.46512882641128916
2019-07-01,2.25,1.1250577230342145,0.5000256546818731
2019-07-02,2.5,1.2459164232088555,0.4983665692835422
2019-07-03,0.625,0.31968788054890496,0.5115006088782479
2019-07-04,0.625,0.3205585090211215,0.5128936144337943
2019-07-05,-6.875,-3.0132803352061064,0.43829532148452455
2019-07-08,-0.2686608291687211,-0.11535914089585819,0.4293857844956317
2019-07-09,-1.40625,-0.5995648225426599,0.42635720714144704
2019-07-10,1.668869275494409,0.7022758452780542,0.420809380093598
2019-07-11,-2.4375,-1.0133437652983186,0.4157307755070025
2019-07-12,0.625,0.2580838502070789,0.4129341603313263
2019-07-15,0.625,0.259865825737788,0.4157853211804608
2019-07-16,-0.75,-0.3119977523755911,0.41599700316745475
2019-07-17,1.8125,0.7448799551481255,0.4109682511162072
2019-07-18,0.4375,0.180860634722866,0.41339573650940803
2019-07-19,-0.625,-0.2585735485530748,0.4137176776849197
2019-07-22,0.4375,0.1807002173012969,0.41302906811725004
2019-07-23,-0.8125,-0.3355066853835838,0.41293130508748777
2019-07-24,0.875,0.3595562405996371,0.41092141782815667
2019-07-25,-1.125,-0.4627184415083483,0.41130528134075406
2019-07-26,0.1875,0.0768646082852873,0.40994457752153224
2019-07-29,0.125,0.051780478023013506,0.41424382418410804
2019-07-30,0.125,0.051899081898708586,0.4151926551896687
2019-07-31,0.5625,0.23353398914257056,0.41517153625345876
2019-08-01,4.875,1.8917126281716945,0.38804361603521936
2019-08-02,0.625,0.24760069513699895,0.3961611122191983
2019-08-05,5.229413843454428,1.927117034682369,0.36851492201071634
2019-08-06,-1.3125,-0.4909732419987702,0.37407485104668203
2019-08-07,-0.75,-0.27986253270971506,0.37315004361295345
2019-08-08,1.5,0.5549821635660934,0.36998810904406226
2019-08-09,-2.4375,-0.8964565727210266,0.367777055475293
2019-08-12,3.46875,1.22669630327893,0.3536421775218537
2019-08-13,-3.09375,-1.0812681700190496,0.3495008226324201
2019-08-14,4.3125,1.4267145658900167,0.3308323631049314
2019-08-15,2.71875,0.8973870274804516,0.33007338941809716
2019-08-16,-1.6329614441992628,-0.5432537331464425,0.33268007341889927
2019-08-19,-1.59375,-0.524568407140654,0.32914096134315546
2019-08-20,1.96875,0.638806847857692,0.3244733195467642
2019-08-21,-1.6875,-0.5484899631413231,0.32503108926893226
2019-08-22,-1.21875,-0.39398989939340295,0.32327376360484344
2019-08-23,7.125,2.066050900502159,0.2899720562108293
2019-08-26,0.84375,0.25183229381636013,0.2984679037823528
2019-08-27,-3.09375,-0.9088319456968825,0.29376386123535597
2019-08-28,0.5625,0.16338546948520036,0.2904630568625784
2019-08-29,1.96875,0.5684453035698591,0.2887341224481824
2019-08-30,-1.3125,-0.3801584460831594,0.28964453034907384
2019-09-02,-1.03125,-0.29670025923210464,0.28770934228567724
2019-09-03,-0.46875,-0.13444677564853125,0.2868197880502
2019-09-04,2.53125,0.719972988881398,0.28443377338524367
2019-09-05,-1.40625,-0.4021457659644547,0.28597032246361226
2019-09-06,-3.28125,-0.9143681628087736,0.2786645829512453
2019-09-09,-0.11599449563657427,-0.032026273604768514,0.2761016669714308
2019-09-10,-2.4375,-0.6651934447056715,0.2728998747510447
2019-09-11,-2.5625,-0.6850676628813207,0.2673434781975886
2019-09-12,-0.9598539781239723,-0.2571850774951306,0.26794187799043867
2019-09-13,-1.875,-0.4973303765182355,0.26524286747639225
2019-09-16,0.10261537226401231,0.027464463595964463,0.26764472992704214
2019-09-17,0.0,0.0,0.2685758043027569
2019-09-18,0.0,0.0,0.26858359246460806
2019-09-19,0.0,0.0,0.2707763200116382
2019-09-20,0.0,0.0,0.27193501385062185
2019-09-23,0.0,0.0,0.27439822248121015
2019-09-24,0.0,0.0,0.2784290660652711
2019-09-25,-0.022446257574719446,-0.006259514877605123,0.27886674902345543
2019-09-26,-0.84375,-0.2358040003041489,0.27947140776788015
2019-09-27,0.5,0.13925724152251473,0.27851448304502946
2019-09-30,-0.125,-0.034873343047545365,0.2789867443803629
2019-10-01,-0.375,-0.10457129727633638,0.278856792736897
2019-10-02,0.9375,0.2607174315913968,0.27809859369748996
2019-10-03,1.25,0.34826201156393355,0.27860960925114686
2019-10-04,1.1646814882194638,0.3254357369958077,0.27942037397136427
2019-10-07,0.0,0.0,0.2829476053077123
2019-10-08,-2.085471293036958,-0.5848779029974648,0.280453586175113
2019-10-09,2.508261064642519,0.6897718806810931,0.2750000350459534
2019-10-10,-1.1875,-0.3285182201486839,0.27664692223047066
2019-10-11,-5.5625,-1.4443199560467648,0.25965302580615995
2019-10-14,0.6635608465803531,0.1687552677762498,0.2543176991920583
2019-10-15,0.25,0.06371596570046749,0.25486386280186996
2019-10-16,-0.625,-0.1592974974811474,0.25487599596983584
2019-10-17,0.25,0.0635609627451321,0.2542438509805284
2019-10-18,-0.09375,-0.023854138416822455,0.25444414311277286
2019-10-21,-0.21875,-0.05565181119725355,0.25440827975887337
2019-10-22,-0.875,-0.22211846710724048,0.2538496766939891
2019-10-23,0.7571755885659268,0.19144471388737058,0.2528405785637681
2019-10-24,0.0,0.0,0.25350716605338125
2019-10-25,0.0,0.0,0.2546287206073115
2019-10-28,0.0,0.0,0.2568488679944001
2019-10-29,0.0,0.0,0.2568289557753231
2019-10-30,0.0,0.0,0.2568000301988784
2019-10-31,0.0,0.0,0.25688905355207214
2019-11-01,0.0,0.0,0.2574701080336243
2019-11-04,0.0,0.0,0.2574554108586197
2019-11-05,-0.02429438003506976,-0.0062743152040214455,0.2582620011280082
2019-11-06,-0.75,-0.1934573901063789,0.2579431868085052
2019-11-07,0.47574828147164244,0.12283946419356011,0.2582026440822406
2019-11-08,0.0,0.0,0.2588900382159856
2019-11-11,0.0,0.0,0.25886425607401725
2019-11-12,0.0,0.0,0.2595643140960573
2019-11-13,-0.024706565375030142,-0.006422892600578511,0.2599670372260586
2019-11-14,-0.90625,-0.23676169386648357,0.2612542828871543
2019-11-15,-0.6688992562194431,-0.17726125108251342,0.2650044075162793
2019-11-18,0.0,0.0,0.2643359006290564
2019-11-19,0.0,0.0,0.26430334047293386
2019-11-20,0.0,0.0,0.2671338307074752
2019-11-21,-0.02466909449790517,-0.006589205154118573,0.2671036488460535
2019-11-22,-0.75,-0.20308895869903654,0.27078527826538207
2019-11-25,-0.09375,-0.028286990512832105,0.30172789880354245
2019-11-26,0.40625,0.12617892281255827,0.31059427153860497
2019-11-27,0.21875,0.07154884789525424,0.3270804475211623
2019-11-28,-0.4375,-0.14391067086864118,0.32893867627117984
2019-11-29,-0.59375,-0.19481393344443917,0.3281076773801081
2019-12-02,-0.21875,-0.07206413470443698,0.3294360443631405
2019-12-03,-0.4931111523233185,-0.1624261807938374,0.3293906049955636
2019-12-04,0.0,0.0,0.32877124179430217
2019-12-05,0.0,0.0,0.3324051260735658
2019-12-06,0.0,0.0,0.33870447992235936
2019-12-09,0.0,0.0,0.3387162311133716
2019-12-10,0.0,0.0,0.33879478284120823
2019-12-11,0.0,0.0,0.34068771498807887
2019-12-12,0.0,0.0,0.34794559314841644
2019-12-13,0.0,0.0,0.3479169227033359
2019-12-16,0.0,0.0,0.350658412522057
2019-12-17,0.0,0.0,0.35586118988274396
2019-12-18,0.0,0.0,0.3565415467074242
2019-12-19,0.0,0.0,0.3667952581277923
2019-12-20,-0.024844899785781773,-0.00916826953763678,0.36902018590083396
2019-12-23,-0.1875,-0.0698454211752087,0.37250891293444643
2019-12-24,0.1875,0.0707776278458106,0.3774806818443232
2019-12-25,-0.3125,-0.12011106385385495,0.38435540433233584
2019-12-26,0.09375,0.03602726077317227,0.3842907815805042
2019-12-27,-0.6875,-0.2641957324758118,0.384284701782999
2019-12-30,0.006399831603993079,0.0028378034151119074,0.4434184507825647
2019-12-31,0.0,0.0,0.44348069510237725
2020-01-01,0.0,0.0,0.4463575869736023
2020-01-02,0.0,0.0,0.4504970490264623
2020-01-03,0.0,0.0,0.4596568968205843
2020-01-06,0.0,0.0,0.4602195240022953
2020-01-07,-0.025510020895357043,-0.0117545749621692,0.4607826473520684
2020-01-08,0.59375,0.2737290282108039,0.4610173106708277
2020-01-09,-1.53125,-0.7096863906524359,0.46346866328322345
2020-01-10,0.6930662057630885,0.3190590380908927,0.46035867199670816
2020-01-13,0.0,0.0,0.46209921492020367
2020-01-14,0.0,0.0,0.46234944049769505
2020-01-15,0.0,0.0,0.4633541567391435
2020-01-16,0.0,0.0,0.4645342950571134
2020-01-17,0.0,0.0,0.4665363746244139
2020-01-20,0.0,0.0,0.4665366657258942
2020-01-21,0.0,0.0,0.4665050496698606
2020-01-22,-0.025706793658563647,-0.011991508813660864,0.4664723641902404
2020-01-23,0.65625,0.305933706195218,0.46618469515461786
2020-01-24,2.0,1.0039920873290602,0.5019960436645301
2020-01-27,-0.25,-0.12655734052056566,0.5062293620822627
2020-01-28,0.3488302486680113,0.19656573906833869,0.5634996959664877
2020-01-29,-0.6875,-0.38989519537851364,0.567120284186929
2020-01-30,2.4375,1.3481400226545062,0.5530830862172333
2020-01-31,1.9375,1.0742996654681487,0.5544772466932381
2020-02-03,-0.4375,-0.2501463014612771,0.5717629747686334
2020-02-04,-1.6513307211148263,-0.9809083183702408,0.5940108215924318
2020-02-05,-0.9638461922958012,-0.5914133124160306,0.6135971871272671
2020-02-06,-2.4375,-1.5811522104247953,0.6486778299178647
2020-02-07,3.16110009227537,2.0070400042138963,0.6349182074678383
2020-02-10,-0.59375,-0.3855336830042395,0.649319887165035
2020-02-11,0.1875,0.12295378007651842,0.6557534937414315
2020-02-12,-0.46875,-0.31313213934652223,0.6680152306059141
2020-02-13,0.375,0.2534532476028441,0.6758753269409176
2020-02-14,-0.16649396406072775,-0.11349985500437505,0.681705523949064
2020-02-17,0.0,0.0,0.9169309363494461
2020-02-18,0.65625,0.6028180334215425,0.9185798604518742
2020-02-19,-0.1875,-0.1846468004346642,0.9847829356515423
2020-02-20,-0.03125,-0.030820896431009943,0.9862686857923182
2020-02-21,2.15625,2.1141693833013413,0.9804843516759845
2020-02-24,0.09830958287539282,0.09835676933069999,1.0004799781865312
2020-02-25,0.6875,0.6909983019927215,1.0050884392621404
2020-02-26,2.0625,2.0175783650904235,0.9782198133771751
2020-02-27,1.53569144534842,1.5585068660617052,1.0148567739843786
2020-02-28,11.0625,5.966550751916521,0.5393492205122279
2020-03-02,0.15928566768236313,0.0931722164098944,0.5849378526365111
2020-03-03,-1.4375,-0.8342015378398367,0.5803141132798865
2020-03-04,6.0,3.08825463841607,0.5147091064026783
2020-03-05,-1.6875,-0.8983123688782477,0.5323332556315542
2020-03-06,13.9375,4.318974583127901,0.30988158443967007
2020-03-09,0.1875,0.06127546855245815,0.3268024989464435
2020-03-10,-7.5,-2.186562681736765,0.29154169089823534
2020-03-11,3.3397389529055324,0.9301340910913686,0.27850502814962924
2020-03-12,-0.625,-0.17582672165748467,0.2813227546519755
2020-03-13,0.3125,0.08770776729113659,0.2806648553316371
2020-03-16,0.3125,0.08777026730341872,0.2808648553709399
2020-03-17,-1.71875,-0.4804952906759678,0.27956089639329035
2020-03-18,-3.375,-0.9185300999242534,0.27215706664422323
2020-03-19,-3.8125,-0.999377107504946,0.26213170032916616
2020-03-20,7.9265528462966595,1.846451133527709,0.23294503541856582
2020-03-23,0.0,0.0,0.23919842432726743
2020-03-24,-0.04220279388962436,-0.01009383676135733,0.23917460980797572
2020-03-25,-1.1875,-0.2833674439107312,0.23862521592482627
2020-03-26,0.78125,0.18576078961409734,0.23777381070604459
2020-03-27,2.3125,0.5478619522866773,0.23691327666450912
2020-03-30,-0.25,-0.05979223548999014,0.23916894195996055
2020-03-31,0.0,0.0,0.2389458801604081
2020-04-01,0.96875,0.23272034223704716,0.24022745005114546
2020-04-02,0.0625,0.015213455974648913,0.2434152955943826
2020-04-03,-0.375,-0.09147678564935084,0.24393809506493558
2020-04-06,-0.46875,-0.12020618506263832,0.25643986146696174
2020-04-07,-1.46875,-0.3749250181002564,0.2552680974299618
2020-04-08,-0.03125,-0.007938981101344035,0.2540473952430091
2020-04-09,-0.0625,-0.01588491211425147,0.2541585938280235
2020-04-10,0.53125,0.13492711500279922,0.253980451769975
2020-04-13,-0.21875,-0.055643994308136616,0.25437254540862453
2020-04-14,-0.4375,-0.11116793046158842,0.25409812676934496
2020-04-15,0.84375,0.2140833333892242,0.2537283951279694
2020-04-16,1.5,0.38050342969536566,0.2536689531302438
2020-04-17,-0.15625,-0.039822711640074754,0.2548653544964784
2020-04-20,0.125,0.031837334204637385,0.2546986736370991
2020-04-21,0.1875,0.04776667090277964,0.2547555781481581
2020-04-22,0.53125,0.13533952468482874,0.2547567523479129
2020-04-23,-0.71875,-0.18323769130124537,0.25493939659303705
2020-04-24,-0.125,-0.031788721509448475,0.2543097720755878
2020-04-27,-0.4375,-0.11116577260342181,0.254093194522107
2020-04-28,-0.3125,-0.07926878921423738,0.2536601254855596
2020-04-29,0.65625,0.1661539651781886,0.25318699455723975
2020-04-30,0.25,0.06347787914331679,0.25391151657326716
2020-05-01,0.03125,0.007943243757837134,0.2541838002507883
2020-05-04,0.0625,0.015886060531289183,0.25417696850062693
2020-05-05,-0.65625,-0.1666949681631145,0.2540113800580792
2020-05-06,-0.3125,-0.07918718158409553,0.2533989810691057
2020-05-07,-0.03125,-0.007909726457384286,0.25311124663629714
2020-05-08,0.34375,0.08709172115964138,0.2533577342825931
2020-05-11,0.09375,0.02379368228789249,0.2537992777375199
2020-05-12,-0.125,-0.03172986280872037,0.253838902469763
2020-05-13,0.5625,0.14263231775465338,0.25356856489716156
2020-05-14,0.45873780963685856,0.11647788003416071,0.2539094829056401
2020-05-15,-0.21683286719513167,-0.05512666277192748,0.25423573227170415
2020-05-18,0.25,0.0635607560189921,0.2542430240759684
2020-05-19,-2.125,-0.5365193969793917,0.25247971622559606
2020-05-20,0.6875,0.17227683727889914,0.25058449058748966
2020-05-21,0.6875,0.17251765853868797,0.2509347760562734
2020-05-22,0.0625,0.015721516470532312,0.251544263528517
2020-05-25,0.0,0.0,0.2517145828171753
2020-05-26,-0.6875,-0.17290869288277533,0.25150355328403684
2020-05-27,0.125,0.031376167486032426,0.2510093398882594
2020-05-28,-0.1875,-0.047074856761281446,0.2510659027268344
2020-05-29,1.1875,0.29721528783936957,0.25028655818052176
2020-06-01,0.0,0.0,0.25122149672042027
2020-06-02,-0.75,-0.18821490873128777,0.250953211641717
2020-06-03,-2.5625,-0.6344163920274479,0.24757712859607722
2020-06-04,-1.5625,-0.38202472995943154,0.24449582717403617
2020-06-05,-2.853406105121504,-0.6847512372173201,0.2399767898401416
2020-06-08,0.40625,0.09653832055117828,0.23763278904905422
2020-06-09,0.84375,0.20051517083589715,0.2376476098795818
2020-06-10,1.53125,0.36347880855273307,0.23737391578953995
2020-06-11,1.125,0.2678128819941127,0.23805589510587793
2020-06-12,-0.6659664739960054,-0.15898992329579303,0.2387356263473808
2020-06-15,0.0,0.0,0.23818618887222867
2020-06-16,-1.1875,-0.282182115937267,0.2376270449998038
2020-06-17,0.375,0.08873682472387233,0.23663153259699288
2020-06-18,1.1875,0.28071665774834703,0.23639297494597644
2020-06-19,-0.1875,-0.04448968094539421,0.2372782983754358
2020-06-22,-0.3125,-0.07413984091596763,0.23724749093109643
2020-06-23,0.1875,0.0444303980513322,0.2369621229404384
2020-06-24,0.5,0.11849181210602819,0.23698362421205638
2020-06-25,0.125,0.02966723799411884,0.2373379039529507
2020-06-26,1.25,0.29601065611971744,0.23680852489577398
2020-06-29,0.4375,0.10398331753189316,0.23767615435861295
2020-06-30,-0.625,-0.1486480891999071,0.23783694271985137
2020-07-01,-0.75,-0.17783210552060436,0.23710947402747246
2020-07-02,0.4375,0.10349574710629512,0.2365617076715317
2020-07-03,0.0,0.0,0.2377689863993878
2020-07-06,-0.3125,-0.07433979327083168,0.23788733846666138
2020-07-07,1.0,0.2372322570765853,0.2372322570765853
2020-07-08,-0.3125,-0.07435689095504772,0.2379420510561527
2020-07-09,1.25,0.296341528186675,0.23707322254933996
2020-07-10,-1.4775398742768855,-0.35044043081850024,0.2371783238608077
2020-07-13,1.3125,0.30891058353204565,0.23536044459584432
2020-07-14,-0.09375,-0.02215664807870854,0.23633757950622442
2020-07-15,-0.09375,-0.02214690905261738,0.23623369656125204
2020-07-16,0.65625,0.1548558855495909,0.23597087321842425
2020-07-17,-0.46875,-0.11087158083250137,0.23652603910933626
2020-07-20,0.46875,0.11136253803111507,0.2375734144663788
2020-07-21,0.65625,0.15603400388985816,0.23776610116549815
2020-07-22,-0.09375,-0.022339435914863044,0.2382873164252058
2020-07-23,0.46875,0.11169521056255723,0.23828311586678874
2020-07-24,-0.28125,-0.06774972701203848,0.24088791826502567
2020-07-27,-0.84375,-0.2040476415064251,0.2418342417853927
2020-07-28,1.6875,0.40517445645274563,0.24010338160162706
2020-07-29,0.46875,0.11361461227659965,0.24237783952341257
2020-07-30,1.21875,0.29554142446996395,0.24249552777022684
2020-07-31,1.03125,0.2530383646562625,0.24537053542425458
2020-08-03,-0.9768806707938973,-0.2440879090566692,0.24986461126137582
2020-08-04,2.875,0.7067001090074193,0.24580873356779803
2020-08-05,-2.5,-0.6138429687446483,0.2455371874978593
2020-08-06,0.75,0.1825634608820435,0.24341794784272466
2020-08-07,-1.5,-0.36470867183293476,0.24313911455528986
2020-08-10,-0.75,-0.1812995644252342,0.24173275256697893
2020-08-11,-3.7894587591597735,-0.8929239594198476,0.23563363956963426
2020-08-12,-1.6329353995910998,-0.37868590179436035,0.23190501099381297
2020-08-13,-0.8125,-0.1872112051481852,0.23041379095161255
2020-08-14,0.7822033508963173,0.17955523816586313,0.22955058676252532
2020-08-17,0.3125,0.07243011763616079,0.23177637643571453
2020-08-18,0.21875,0.05074390004546718,0.23197211449356425
2020-08-19,-0.19522639967389402,-0.04534538601813429,0.2322707691883842
2020-08-20,0.9375,0.21876114665908974,0.23334522310302908
2020-08-21,0.3125,0.07340069355907411,0.23488221938903714
2020-08-24,-0.75,-0.2190970943327553,0.2921294591103404
2020-08-25,-0.75,-0.2183007975319155,0.291067730042554
2020-08-26,0.0625,0.018219656742828105,0.2915145078852497
2020-08-27,-1.625,-0.5075764260729899,0.31235472373722456
2020-08-28,1.3985057598497572,0.4352800072811713,0.3112464887723693
2020-08-31,0.15625,0.08372032158883914,0.5358100581685705
2020-09-01,0.46875,0.2510892868974133,0.5356571453811483
2020-09-02,0.21100622097293412,0.14262810226826883,0.6759426409829111
2020-09-03,0.4375,0.31170733077130736,0.7124738989058453
2020-09-04,-2.5625,-1.7746781923007813,0.6925573433368902
2020-09-07,0.0,0.0,0.6869908337619329
2020-09-08,1.3125,0.8946834277950398,0.681663564034316
2020-09-09,0.0,0.0,0.6941661374331385
2020-09-10,0.3125,0.22923579417558432,0.7335545413618698
2020-09-11,0.625,0.4940794553713287,0.7905271285941259
2020-09-14,-0.25,-0.3001678206380646,1.2006712825522583
2020-09-15,-0.125,-0.14992387703057106,1.1993910162445685
2020-09-16,-0.375,-0.44902120745071156,1.1973898865352308
2020-09-17,0.0,0.0,1.2097791763238663
2020-09-18,-0.1875,-0.227895024877788,1.215440132681536
2020-09-21,0.875,1.104978340443533,1.2628323890783233
2020-09-22,-0.0625,-0.07918448022582138,1.266951683613142
2020-09-23,-0.25,-0.316463453762674,1.265853815050696
2020-09-24,0.25,0.3185878536774123,1.2743514147096493
2020-09-25,0.375,0.4776449582087716,1.2737198885567242
2020-09-28,0.0625,0.07979092854972569,1.276654856795611
2020-09-29,0.1875,0.23977992484257174,1.2788262658270493
2020-09-30,-0.7883559580738339,-1.022416818231567,1.2968974328926326
2020-10-01,0.09375,0.1212480413027183,1.2933124405623284
2020-10-02,-0.9375,-1.2033619997564267,1.2835861330735219
2020-10-05,-3.7881965337101717,-4.312630857098717,1.1384390484289135
2020-10-06,1.3367816697814474,1.4825244539609137,1.109025121659017
2020-10-07,-0.8125,-0.9017131362992394,1.1098007831375254
2020-10-08,0.15625,0.17383974935592364,1.1125743958779113
2020-10-09,0.03125,0.035398331481757216,1.132746607416231
2020-10-12,0.25,0.2830971348399099,1.1323885393596396
2020-10-13,0.53125,0.6007464854153994,1.1308169137231048
2020-10-14,0.03125,0.0354055461935316,1.132977478193011
2020-10-15,-0.1875,-0.21284339092222876,1.1351647515852201
2020-10-16,-0.15625,-0.17792829082099965,1.1387410612543978
2020-10-19,-0.375,-0.4263343299462954,1.1368915465234544
2020-10-20,-0.125,-0.14211532617819328,1.1369226094255462
2020-10-21,-0.5625,-0.638072757587688,1.1343515690447787
2020-10-22,-0.47523418479581203,-0.5388839512847946,1.133933476431899
2020-10-23,0.0,0.0,1.1325665769048932
2020-10-26,0.0,0.0,1.132439896116424
2020-10-27,0.0,0.0,1.1323395089420862
2020-10-28,-0.037739340110359385,-0.042874335945493364,1.136064801878304
2020-10-29,-0.71875,-0.8136385007829975,1.1320187836980835
2020-10-30,-0.65625,-0.7385080277373319,1.1253455660759344
2020-11-02,0.27501189363346823,0.3088721613240195,1.1231229211332938
2020-11-03,0.0,0.0,1.1240999542322212
2020-11-04,0.0,0.0,1.1241042941197057
2020-11-05,0.0,0.0,1.1267847198542265
2020-11-06,-0.036562554370833784,-0.04126149389972716,1.1285178130946385
2020-11-09,-1.53125,-1.696718123096762,1.1080608150835998
2020-11-10,-0.6617577215641754,-0.7273011715636676,1.0990444808782422
2020-11-11,-0.036015381252609446,-0.040924002438488365,1.1362923566309122
2020-11-12,-1.1875,-1.338923664642992,1.1275146649625196
2020-11-13,0.1616267363988337,0.18213539166260342,1.1268890019109346
2020-11-16,0.0,0.0,1.1274056162697625
2020-11-17,0.0,0.0,1.127271055069284
2020-11-18,0.0,0.0,1.1314221349533855
2020-11-19,0.0,0.0,1.131429339189875
2020-11-20,0.0,0.0,1.1316144169968794
2020-11-23,0.0,0.0,1.1444673105069063
2020-11-24,0.0,0.0,1.1443307943816354
2020-11-25,0.0,0.0,1.1494573935736614
2020-11-26,0.0,0.0,1.2145366295550368
2020-11-27,0.0,0.0,1.2405644023900333
2020-11-30,0.0,0.0,1.336475022004846
2020-12-01,0.0,0.0,1.3384166649038485
2020-12-02,0.0,0.0,1.3473950194931485
2020-12-03,0.0,0.0,1.3782295003547622
2020-12-04,0.0,0.0,1.3953936793233817
2020-12-07,0.0,0.0,1.401402622063913
2020-12-08,0.0,0.0,1.401235656944121
2020-12-09,0.0,0.0,1.4210666039545379
2020-12-10,0.0,0.0,1.4229226904327599
2020-12-11,0.0,0.0,1.4433844451057625
2020-12-14,0.0,0.0,1.4437344970718078
2020-12-15,0.0,0.0,1.4450142256475313
2020-12-16,0.0,0.0,1.4453654287279758
2020-12-17,0.0,0.0,1.4489247088988186
2020-12-18,0.0,0.0,1.4489860670551307
2020-12-21,0.0,0.0,1.4725802635700838
2020-12-22,0.0,0.0,1.4753698062291014
2020-12-23,0.0,0.0,1.4812813038052135
2020-12-24,0.0,0.0,1.4899581432584261
2020-12-25,0.0,0.0,1.4928172268393933
2020-12-28,0.0,0.0,1.4926396666192958
2020-12-29,0.0,0.0,1.494015697489362
2020-12-30,0.0,0.0,1.5099325969575836
2020-12-31,0.0,0.0,1.5113432174079353
2021-01-01,-0.016193698672796946,-0.02489071625495222,1.537061838551127
2021-01-04,0.09375,0.14759508612711053,1.5743475853558457
2021-01-05,-0.46875,-0.7508027753059844,1.6017125873194333
2021-01-06,-1.21875,-1.9164165444233445,1.5724443441422313
2021-01-07,-0.7664658385441689,-1.19235465451207,1.5556527043355743
2021-01-08,-0.016541121053795144,-0.02578612023155202,1.5589100731256502
2021-01-11,0.3584369672386669,0.5592458400136203,1.5602348282375793
2021-01-12,0.0,0.0,1.5658199991131754
2021-01-13,-1.3125,-2.0254235248020382,1.5431798284206004
2021-01-14,0.625,0.9560131513964271,1.5296210422342833
2021-01-15,-1.1875,-1.7964506532659872,1.512800550118726
2021-01-18,-0.0166146997229491,-0.02505148473866513,1.5077903998507236
2021-01-19,-0.1875,-0.28476544573652063,1.51874904392811
2021-01-20,-0.125,-0.19579928786440545,1.5663943029152436
2021-01-21,0.1875,0.2941547281066377,1.5688252165687344
2021-01-22,-0.21875,-0.3490699905891548,1.5957485284075648
2021-01-25,-0.8125,-1.301492166213139,1.6018365122623248
2021-01-26,0.07730377592662566,0.12484428765378666,1.6149830478175475
2021-01-27,0.0,0.0,1.7889906927742436
2021-01-28,0.0,0.0,1.9471775887955787
2021-01-29,0.0,0.0,1.9625877613829756
2021-02-01,0.0,0.0,2.027508304974063
2021-02-02,0.0,0.0,2.0442358556813467
2021-02-03,0.0,0.0,2.599420513574523
2021-02-04,-0.016490208978459944,-0.045137212956341946,2.7372129131475327
2021-02-05,0.1875,0.5196094219571652,2.7712502504382144
2021-02-08,0.1875,0.5260041292199649,2.8053553558398128
2021-02-09,-0.1875,-0.5269530663997863,2.810416354132194
2021-02-10,-0.53125,-1.4847813510292032,2.7948825431137942
2021-02-11,0.21875,0.6100714087550344,2.788897868594443
2021-02-12,0.625,1.7616650591180556,2.818664094588889
2021-02-15,-0.004051371366618153,-0.011465649982013701,2.8300664008455367
2021-02-16,1.5625,4.256734608437416,2.724310149399946
2021-02-17,-0.1561739959667321,-0.4323083869422014,2.7681201615299065
2021-02-18,-0.09375,-0.2593168217539334,2.766046098708623
2021-02-19,2.0625,5.5239446585578555,2.6782761980886574
2021-02-22,1.03125,2.8301144168825836,2.7443533739467476
2021-02-23,-0.577804946679307,-1.5813975166771446,2.7369054657035514
2021-02-24,1.0,2.6900380690354444,2.6900380690354444
2021-02-25,13.0,8.224029806789382,0.632617677445337
2021-02-26,-1.1593876433259305,-0.7615729578482493,0.6568751721930796
2021-03-01,-2.4375,-1.599446718042939,0.6561832689406929
2021-03-02,-1.25,-0.8079353019708181,0.6463482415766545
2021-03-03,2.1875,1.3888441902054156,0.6349002012367614
2021-03-04,2.5,1.555424349070282,0.6221697396281127
2021-03-05,0.9375,0.5859992940088347,0.6250659136094237
2021-03-08,1.8125,1.122284802921296,0.6191916154048529
2021-03-09,-2.330769342866687,-1.4191366724855812,0.6088704902648754
2021-03-10,-1.049529170570222,-0.6313320187717869,0.6015383244934264
2021-03-11,-0.375,-0.2247852115112389,0.5994272306966371
2021-03-12,3.0625,1.7649565930327105,0.5763123569086401
2021-03-15,-0.3125,-0.18182159911073592,0.5818291171543549
2021-03-16,0.125,0.07286414391976555,0.5829131513581244
2021-03-17,-0.1875,-0.10931364596886442,0.5830061118339436
2021-03-18,2.375,1.353553189219716,0.5699171323030383
2021-03-19,0.5625,0.32267132924077246,0.5736379186502621
2021-03-22,-0.9561642486417534,-0.5477623036420498,0.5728746963925444
2021-03-23,-3.46875,-1.8924820291498037,0.5455804047999434
2021-03-24,-0.5814185781543408,-0.31330257158104086,0.5388588933219002
2021-03-25,0.625,0.33640165362153923,0.5382426457944628
2021-03-26,1.375,0.7363558766833525,0.5355315466788018
2021-03-29,0.9375,0.5042335137560356,0.5378490813397714
2021-03-30,0.3125,0.17790346944875834,0.5692911022360267
2021-03-31,1.4375,0.8181914728816542,0.5691766767872377
2021-04-01,-1.8942038182213414,-1.0708053427387212,0.5653062951505441
2021-04-02,0.0,0.0,0.561875087244952
2021-04-05,1.03125,0.5770115175561888,0.5595263200544861
2021-04-06,-2.53125,-1.3871695231084162,0.5480175893761644
2021-04-07,0.16822933777220253,0.09152175309431491,0.5440296817802582
2021-04-08,-1.6875,-0.9087732083521531,0.5385322716160907
2021-04-09,1.125,0.5997522238813353,0.5331130878945203
2021-04-12,0.375,0.20053722627523834,0.5347659367339689
2021-04-13,-1.6875,-0.8944956507128065,0.5300714967187001
2021-04-14,0.6681317154697954,0.35163582661800397,0.5262971633830493
2021-04-15,-0.90625,-0.47705834584178153,0.5264092092047244
2021-04-16,0.15625,0.08206046817112707,0.5251869962952133
2021-04-19,0.25,0.131318064551026,0.525272258204104
2021-04-20,-0.78125,-0.4097451206380745,0.5244737544167354
2021-04-21,0.03125,0.016346300610995273,0.5230816195518487
2021-04-22,-0.15625,-0.08172336964207245,0.5230295657092637
2021-04-23,0.375,0.1962808172223829,0.523415512593021
2021-04-26,0.15625,0.08199465188725125,0.524765772078408
2021-04-27,0.71875,0.3767186769896936,0.5241303332030519
2021-04-28,-0.3125,-0.16409546136184805,0.5251054763579137
2021-04-29,0.40625,0.21295560934909466,0.5241984230131561
2021-04-30,-0.25,-0.13117705955791753,0.5247082382316701
2021-05-03,-0.5,-0.2618748919233338,0.5237497838466676
2021-05-04,-0.125,-0.06591079946605524,0.5272863957284419
2021-05-05,-0.46875,-0.24723313424627966,0.5274306863920633
2021-05-06,0.125,0.06581729159009637,0.526538332720771
2021-05-07,-0.28125,-0.14885574239640784,0.5292648618538945
2021-05-10,0.25,0.13216203441151309,0.5286481376460523
2021-05-11,0.28125,0.1487425363240251,0.5288623513743115
2021-05-12,1.0625,0.5600431931179044,0.5270994758756747
2021-05-13,-0.59375,-0.3136043676759182,0.5281757771383886
2021-05-14,-0.4375,-0.23044462402975438,0.5267305692108671
2021-05-17,0.32262165010590826,0.16960920468425097,0.5257217072337603
2021-05-18,-0.3125,-0.1643823097225933,0.5260233911122986
2021-05-19,0.6875,0.36061057984156475,0.5245244797695487
2021-05-20,-0.90625,-0.4749361688380321,0.524067496648863
2021-05-21,0.09375,0.048979722928574415,0.5224503779047938
2021-05-24,-0.3125,-0.16323846357999516,0.5223630834559845
2021-05-25,-0.71875,-0.3743218096826314,0.5207955612975741
2021-05-26,0.23042447609226893,0.1196864451449572,0.5194172388918924
2021-05-27,0.0,0.0,0.5197463795755757
2021-05-28,0.0,0.0,0.5196853505889047
2021-05-31,0.0,0.0,0.5196243359326844
2021-06-01,0.0,0.0,0.5195633356018678
2021-06-02,0.0,0.0,0.5195023495914105
2021-06-03,0.0,0.0,0.5194413778962704
2021-06-04,-0.019885190110611187,-0.010327963619534796,0.519379677140907
2021-06-07,0.16761340919951773,0.08703029479614358,0.5192322929995865
2021-06-08,0.0,0.0,0.5194548698444642
2021-06-09,0.0,0.0,0.5193939323296795
2021-06-10,-0.02011558273860665,-0.010446670814784627,0.5193322485624514
2021-06-11,-0.4375,-0.22700907268091097,0.5188778804135108
2021-06-14,-0.75,-0.38776956011990454,0.5170260801598727
2021-06-15,0.0625,0.03223086606549836,0.5156938570479738
2021-06-16,-1.8125,-0.9238225274161604,0.5096951875399506
2021-06-17,0.6983801477222932,0.3531964501226821,0.5057366697415469
2021-06-18,0.0,0.0,0.5068384575649868
2021-06-21,0.0,0.0,0.5067790558355151
2021-06-22,0.0,0.0,0.5067196680282388
2021-06-23,0.0,0.0,0.5066602941382636
2021-06-24,0.0,0.0,0.5066009341606981
2021-06-25,0.0,0.0,0.506541588090653
2021-06-28,0.0,0.0,0.5064827288659791
2021-06-29,0.0,0.0,0.506439260280743
2021-06-30,0.0,0.0,0.5067764737370036
2021-07-01,0.0,0.0,0.5094136670489116
2021-07-02,0.0,0.0,0.5104283401741083
2021-07-05,0.0,0.0,0.5103690890875613
2021-07-06,0.0,0.0,0.5105448477564217
2021-07-07,-0.02072408101515223,-0.010579318159178792,0.5104843081555133
2021-07-08,0.47930492086387994,0.24595127902929376,0.5131415688075996
2021-07-09,-1.6875,-0.8595595256389963,0.5093686077860718
2021-07-12,0.0625,0.031816032244588684,0.5090565159134189
2021-07-13,-1.6875,-0.8503978659829082,0.5039394761380197
2021-07-14,2.041999432957627,1.0083594770850153,0.49380987125178083
2021-07-15,0.5625,0.27931860218042504,0.4965664038763112
2021-07-16,0.125,0.06218261855448844,0.49746094843590755
2021-07-19,1.46875,0.7254947317164724,0.4939538598920663
2021-07-20,-0.11418015470023547,-0.056792839138301784,0.49739676117451137
2021-07-21,-2.0,-0.9806443078982422,0.4903221539491211
2021-07-22,0.375,0.18255973167201203,0.4868259511253654
2021-07-23,0.25,0.12181615244020672,0.48726460976082686
2021-07-26,-0.375,-0.18276453831079434,0.48737210216211824
2021-07-27,1.1875,0.5751875199154027,0.48436843782349703
2021-07-28,0.3125,0.15188726645074704,0.48603925264239056
2021-07-29,-1.0625,-0.5148974817045814,0.4846093945454884
2021-07-30,1.4375,0.6892752442596094,0.47949582209364133
2021-08-02,1.5,0.7171803480475079,0.4781202320316719
2021-08-03,0.3125,0.15009544727881788,0.4803054312922172
2021-08-04,-0.875,-0.4196163657597305,0.4795615608682634
2021-08-05,-1.5,-0.7125218142409314,0.4750145428272876
2021-08-06,-1.875,-0.876095939159093,0.46725116755151624
2021-08-09,-0.8957014401145129,-0.41533954501075004,0.46370311178426826
2021-08-10,-0.46875,-0.21653844832890062,0.4619486897683213
2021-08-11,0.19822290972746617,0.09214259767916154,0.4648433312065042
2021-08-12,0.0,0.0,0.46513126143558037
2021-08-13,0.0,0.0,0.4650905145113419
2021-08-16,-0.010240822564997523,-0.0048303083470459035,0.4716719107658001
2021-08-17,-0.020583308729842997,-0.009741846506360868,0.47328865510512
2021-08-18,0.0625,0.029607966703958325,0.4737274672633332
2021-08-19,0.09375,0.0445648150641063,0.47535802735046717
2021-08-20,-0.28125,-0.31184954901231676,1.1087983964882373
2021-08-23,0.125,0.13992083541729805,1.1193666833383844
2021-08-24,-0.59375,-0.6958128064260188,1.1718952529280318
2021-08-25,-0.625,-0.7381269681654155,1.1810031490646646
2021-08-26,-0.23937555363565177,-0.2937850579604665,1.227297664688142
2021-08-27,0.0,0.0,1.297310338141401
2021-08-30,0.0,0.0,1.3078279491319817
2021-08-31,0.0,0.0,1.3491514304264003
2021-09-01,0.0,0.0,1.4236641334647833
2021-09-02,-0.020772009298919782,-0.02990441887842613,1.4396497925687557
2021-09-03,-0.40625,-0.5846021997112154,1.4390207992891455
2021-09-06,0.0,0.0,1.5906001301031099
2021-09-07,-0.78125,-1.235289184033821,1.5811701555632907
2021-09-08,0.41659711456295717,0.6557488736573664,1.5740600468279722
2021-09-09,0.0,0.0,1.5766903271593755
2021-09-10,0.0,0.0,1.6840557004725594
2021-09-13,0.0,0.0,1.6903281373867298
2021-09-14,0.0,0.0,1.70910203236085
2021-09-15,-0.020826221275420047,-0.04175834747264283,2.005085172216418
2021-09-16,-0.71875,-1.4371908424672633,1.99956986778054
2021-09-17,-0.4582851860618811,-0.916451765987424,1.9997411957882438
2021-09-20,0.0,0.0,2.0523458257406273
2021-09-21,0.0,0.0,2.0791683946138217
2021-09-22,0.0,0.0,2.0819771865356795
2021-09-23,0.0,0.0,2.1484437187382577
2021-09-24,-0.02130391450890829,-0.04846101335903193,2.274746893993018
2021-09-27,0.71875,1.6209173926421383,2.2551894158499315
2021-09-28,0.59375,1.3577983091275587,2.2868182048464147
2021-09-29,-0.4276853807806876,-1.091812580221931,2.552840544207894
2021-09-30,-1.0625,-2.6545878912029433,2.4984356623086525
2021-10-01,-1.0,-2.5748962775067707,2.5748962775067707
2021-10-04,0.4785864435028197,1.2522026015613394,2.616460659429359
2021-10-05,0.6875,1.7902168087982588,2.6039517218883765
2021-10-06,-0.09375,-0.2584931500118962,2.7572602667935597
2021-10-07,0.78125,2.146173356461062,2.7471018962701597
2021-10-08,0.478447055406892,1.3333098102091732,2.786744729937295
2021-10-11,1.0,2.7372029790382397,2.7372029790382397
2021-10-12,-1.1875,-3.176499679516282,2.674947098540027
2021-10-13,-0.75,-1.9999079577030825,2.66654394360411
2021-10-14,-0.8125,-2.1338694768847506,2.6263008946273856
2021-10-15,2.3125,5.500471009021759,2.378582057955355
2021-10-18,1.3125,3.062207485932258,2.3331104654721964
2021-10-19,0.4375,1.02220614899231,2.3364711976967087
2021-10-20,0.3125,0.7362807408022665,2.3560983705672527
2021-10-21,1.85306999087536,4.137433517327619,2.232745410427354
2021-10-22,-3.09375,-6.04231233363179,1.9530706532951239
2021-10-25,-0.65625,-1.2620982752491523,1.9231973718082322
2021-10-26,-0.3967285658288788,-0.7622133145968871,1.921246364008114
2021-10-27,-1.5,-2.791545416347637,1.8610302775650913
2021-10-28,1.375,2.4900795361097474,1.8109669353525437
2021-10-29,-0.0625,-0.11371005121919549,1.8193608195071278
2021-11-01,-0.1875,-0.3412162945010788,1.819820237339087
2021-11-02,-0.8125,-1.4660138408427574,1.804324727191086
2021-11-03,1.4156217073571196,2.484767009454949,1.755247886169999
2021-11-04,-1.34375,-2.349298940862287,1.74831549087426
2021-11-05,-1.125,-1.9355876831206484,1.720522384996132
2021-11-08,0.9792682779311883,1.6624442520507907,1.6976392368829578
2021-11-09,0.0,0.0,1.7052025109561393
2021-11-10,0.0,0.0,1.7070633319839998
2021-11-11,0.0,0.0,1.7168973598183752
2021-11-12,-0.021076679700935776,-0.03655542105901351,1.7344013183153557
2021-11-15,0.674424299084403,1.162987533745814,1.7244152313679733
2021-11-16,0.3125,0.5400314453274799,1.7281006250479356
2021-11-17,-0.6875,-1.189822335614287,1.7306506699844175
2021-11-18,-0.15625,-0.26986061801655653,1.7271079553059618
2021-11-19,-0.28125,-0.48495994026557865,1.7243020098331685
2021-11-22,1.53125,2.5624974887863328,1.6734677477788296
2021-11-23,0.40625,0.6818810000089268,1.6784763077142815
2021-11-24,-0.125,-0.21002893211414495,1.6802314569131596
2021-11-25,-0.020719624240503994,-0.0347951064097952,1.6793309572562416
2021-11-26,-5.75,-6.894126659551457,1.1989785494872098
2021-11-29,0.7687253860627369,0.8993792119512365,1.1699616381315092
2021-11-30,0.0,0.0,1.1731560273782151
2021-12-01,0.0,0.0,1.1730203927690257
2021-12-02,0.0,0.0,1.1728847895190424
2021-12-03,0.0,0.0,1.1727533013062261
2021-12-06,0.0,0.0,1.1745524475803635
2021-12-07,0.0,0.0,1.1801387928279834
2021-12-08,0.0,0.0,1.180042356734891
2021-12-09,0.0,0.0,1.2144653180435228
2021-12-10,0.0,0.0,1.2196286464461012
2021-12-13,0.0,0.0,1.219487769198475
2021-12-14,0.0,0.0,1.2193469244920763
2021-12-15,0.0,0.0,1.2192061123156317
2021-12-16,0.0,0.0,1.2190653326578724
2021-12-17,0.0,0.0,1.2189245855075352
2021-12-20,0.0,0.0,1.2187838708533618
2021-12-21,0.0,0.0,1.2186431886840996
2021-12-22,0.0,0.0,1.2185025389885007
2021-12-23,0.0,0.0,1.2183619217553228
2021-12-24,0.0,0.0,1.2182213369733275
2021-12-27,0.0,0.0,1.218080784631284
2021-12-28,0.0,0.0,1.2179402647179645
2021-12-29,0.0,0.0,1.2177997772221476
2021-12-30,0.0,0.0,1.2176640052189274
2021-12-31,0.0,0.0,1.220033452494195
2022-01-03,0.0,0.0,1.2518818004736552
2022-01-04,-0.022739648224734645,-0.02846495798251419,1.2517765315099265
2022-01-05,1.03125,1.3122064386309835,1.2724426071573174
2022-01-06,0.47712213252712654,0.6325005039082245,1.325657438186991
2022-01-07,1.0,1.3188694352522625,1.3188694352522625
2022-01-10,0.375,0.49558317815059577,1.321555141734922
2022-01-11,-0.647879963264717,-0.871796597835615,1.3456143842488428
2022-01-12,0.375,0.5028240860848122,1.3408642295594992
2022-01-13,-2.25,-2.9892715912468293,1.3285651516652575
2022-01-14,3.351922479633692,3.989926057250561,1.1903395980943425
2022-01-17,0.0,0.0,1.204324516782256
2022-01-18,3.5625,3.8649880738291778,1.0849089330046815
2022-01-19,-0.3358321178112383,-0.37244956806131857,1.109034985958853
2022-01-20,-3.1875,-3.2684788354557033,1.025405124848848
2022-01-21,-1.96875,-1.9575977244328175,0.9943353520928597
2022-01-24,0.1640438415525104,0.16445101628076347,1.002482109199587
2022-01-25,0.0,0.0,1.0197676031045786
2022-01-26,3.625,3.3682178448052094,0.9291635433945405
2022-01-27,-1.5625,-1.4527505728763388,0.9297603666408568
2022-01-28,-1.3125,-0.2591776011459004,0.19746864849211457
2022-01-31,-0.0625,-0.011343612574917464,0.18149780119867942
2022-02-01,0.5,0.09673822029873409,0.19347644059746819
2022-02-02,-0.5625,-0.11495528469748684,0.20436495057330994
2022-02-03,1.875,0.3598155245200289,0.19190161307734874
2022-02-04,2.625,0.5421766794986276,0.2065434969518581
2022-02-07,0.1875,0.0444819802950214,0.23723722824011415
2022-02-08,1.5,0.3792624486051842,0.25284163240345614
2022-02-09,-0.5866148756986611,-0.15990710199175595,0.2725929883747081
2022-02-10,5.34375,1.1837422046444568,0.22151900905627261
2022-02-11,-4.03125,-1.0356006050105782,0.25689317333595735
2022-02-14,2.34375,0.43356371384752124,0.1849871845749424
2022-02-15,1.9509236841092565,0.4148484594612555,0.21264207454156006
2022-02-16,-0.5625,-0.13426965934322466,0.2387016166101772
2022-02-17,-3.9375,-0.8611517332618612,0.21870520209825048
2022-02-18,-1.3371375971662323,-0.21859889173672162,0.16348272025257063
2022-02-21,0.0,0.0,0.14555427607131802
2022-02-22,0.625,0.3766113523207335,0.6025781637131736
2022-02-23,1.375,0.20271582327243182,0.1474296896526777
2022-02-24,-1.125,-0.1841574313533232,0.1636954945362873
2022-02-25,0.1875,0.02780621404845258,0.14829980825841377
2022-02-28,-4.375,-0.6100144864278918,0.13943188261208955
2022-03-01,-4.400316031055864,-0.29282714696934614,0.06654684456813474
2022-03-02,2.5364390660696214,0.009269617784493084,0.0036545793307216977
2022-03-03,0.0,0.0,0.021027298598323182
2022-03-04,0.0,0.0,0.022569671655986417
2022-03-07,0.0,0.0,0.019143597854866315
2022-03-08,0.0,0.0,0.02379290348558245
2022-03-09,0.0,0.0,0.02109769658260708
2022-03-10,-0.027041307676208548,-0.0005518189469788357,0.020406518559911817
2022-03-11,0.125,0.002504411108059939,0.02003528886447951
2022-03-14,2.4375,0.06882173935183222,0.028234559734085014
2022-03-15,0.15625,0.007865531457251919,0.05033940132641228
2022-03-16,0.9725156707961788,0.059031525885051075,0.060699819712646035
2022-03-17,-0.8125,-0.05728167881151173,0.07050052776801444
2022-03-18,-0.4375,-0.0264298480529276,0.06041108126383451
2022-03-21,5.3125,0.4214816291030006,0.07933771841938835
2022-03-22,2.4375,0.28636171468776966,0.11748172910267472
2022-03-23,-2.5625,-0.3569694264364162,0.1393051420239673
2022-03-24,2.4375,0.2761344967866778,0.11328594739966268
2022-03-25,3.875,0.5013375639896794,0.12937743586830436
2022-03-28,-0.25,-0.04048563986315043,0.16194255945260172
2022-03-29,-2.0,-0.31788059841085253,0.15894029920542627
2022-03-30,-1.6875,-0.23533522062113985,0.13945790851623102
2022-03-31,0.125,0.015770240769437255,0.12616192615549804
2022-04-01,2.0,0.251936075752556,0.125968037876278
2022-04-04,0.0625,0.009068871623355604,0.14510194597368967
2022-04-05,4.875,0.6714556903579134,0.13773450058623865
2022-04-06,0.5625,0.0967031170559988,0.17191665254399785
2022-04-07,1.375,0.24338723906235185,0.1770089011362559
2022-04-08,1.25,0.2345600926959225,0.187648074156738
2022-04-11,1.625,0.3237119297937406,0.19920734141153265
2022-04-12,-2.75,-0.5831562534336326,0.21205681943041188
2022-04-13,-1.25,-0.23659925353493313,0.1892794028279465
2022-04-14,3.125,0.5459626471535386,0.17470804708913235
2022-04-15,0.0,0.0,0.19787871423551193
2022-04-18,1.125,0.40952191617664824,0.36401948104590953
2022-04-19,3.0625,0.6122522092028978,0.19991908871931358
2022-04-20,-2.4375,-0.53122974037536,0.21794040630784
2022-04-21,3.125,0.606662771362037,0.1941320868358518
2022-04-22,-1.0625,-0.23137319683600116,0.2177630087868246
2022-04-25,-2.5,-0.5183727468561238,0.2073490987424495
2022-04-26,-3.5,-0.6359188529768856,0.18169110085053872
2022-04-27,3.25,0.4857135462193629,0.14945032191365012
2022-04-28,0.125,0.021596668442552876,0.172773347540423
2022-04-29,3.375,0.578521675191104,0.17141382968625304
2022-05-02,1.5625,0.30842024749841646,0.19738895839898654
2022-05-03,0.125,0.026317293001366416,0.21053834401093133
2022-05-04,-2.375,-0.49916424183037483,0.2101744176127894
2022-05-05,2.875,0.5505928790275766,0.1915105666182875
2022-05-06,1.8125,0.38314099996624357,0.21138813791241023
2022-05-09,-2.6875,-0.5870611399732134,0.21844135440863754
2022-05-10,-1.25,-0.2527035504418564,0.2021628403534851
2022-05-11,-1.5625,-0.3035649675189156,0.19428157921210598
2022-05-12,-2.0625,-0.3786903345500617,0.18360743493336323
2022-05-13,1.625,0.2777692133114679,0.17093490049936488
2022-05-16,-1.3125,-0.23471671963331783,0.17883178638728978
2022-05-17,3.528966950808755,0.5914999206944284,0.1676127685352425
2022-05-18,-2.75,-0.5084908625894584,0.1849057682143485
2022-05-19,-1.1875,-0.20049989235627555,0.168842014615811
2022-05-20,-1.8125,-0.2919461420143982,0.16107373352518523
2022-05-23,2.0926699944896865,0.3372752806098775,0.16116983638030546
2022-05-24,-1.6875,-0.29062866418034355,0.17222439358835173
2022-05-25,-0.3125,-0.050241538623339355,0.16077292359468592
2022-05-26,-0.0625,-0.010006734128725355,0.16010774605960568
2022-05-27,0.25,0.040084533273972,0.160338133095888
2022-05-30,0.0,0.0,0.16292995273185437
2022-05-31,1.46875,0.43099069447672883,0.2934404728352196
2022-06-01,1.53125,0.25102244564117215,0.16393302572484714
2022-06-02,-0.4388009448254807,-0.07465547709771121,0.1701351785543741
2022-06-03,0.6875,0.11525165864951555,0.16763877621747716
2022-06-06,2.9375,0.4937569629438732,0.16808747674685046
2022-06-07,-1.75,-0.3157133708326274,0.18040764047578708
2022-06-08,1.25,0.21359317237495334,0.17087453789996268
2022-06-09,0.75,0.1328500670769489,0.1771334227692652
2022-06-10,4.3125,1.18199626624047,0.2740860907224278
2022-06-13,6.0625,0.9757470014051959,0.1609479589946715
2022-06-14,3.375,0.6168803562812623,0.1827793648240777
2022-06-15,-5.75,-1.0824926662791923,0.1882595941355117
2022-06-16,-2.5625,-0.39734288940201984,0.1550606397666419
2022-06-17,1.3125,0.18424159203234677,0.14037454631035945
2022-06-20,0.0,0.0,0.14730607415994512
2022-06-21,0.875,0.20644686618238034,0.2359392756370061
2022-06-22,-3.8125,-0.5467103086101013,0.1433994252092069
2022-06-23,-2.535414946101025,-0.3063092617059608,0.12081228052118446
2022-06-24,0.5625,0.06066665812007917,0.10785183665791852
2022-06-27,1.0,0.11083097475018354,0.11083097475018354
2022-06-28,-0.34375,-0.03972051997253949,0.11555060355647852
2022-06-29,-1.21875,-0.14295514768540762,0.1172965314341806
2022-06-30,-1.40625,-0.15544259359447818,0.11053695544496225
2022-07-01,-2.03125,-0.21068769892483621,0.10372317485530398
2022-07-04,-0.03597733649481323,-0.003336548792456703,0.09274029479468902
2022-07-05,0.0,0.0,0.22706647715159328
2022-07-06,0.0,0.0,0.09087820379964019
2022-07-07,0.0,0.0,0.08917044294119555
2022-07-08,0.0,0.0,0.0894770884552772
2022-07-11,-0.03668183161807197,-0.0033693246983880227,0.09185268427894053
2022-07-12,-0.5625,-0.05283349813298623,0.09392621890308664
2022-07-13,-0.28125,-0.026459583893257418,0.0940785205093597
2022-07-14,0.59375,0.05567347885119312,0.09376585911779894
2022-07-15,-0.5625,-0.055230369886402446,0.09818732424249324
2022-07-18,1.0625,0.1047729284559872,0.09860981501739971
2022-07-19,0.5625,0.05851769825225078,0.10403146355955695
2022-07-20,0.1875,0.019966128343694798,0.10648601783303892
2022-07-21,-2.5625,-0.2780894553024841,0.10852271426438403
2022-07-22,-2.0,-0.1947897099340013,0.09739485496700065
2022-07-25,0.5880328211382808,0.05068176764359883,0.08618867148519349
2022-07-26,0.0,0.0,0.08956615067044524
2022-07-27,0.0,0.0,0.08951655011287084
2022-07-28,0.0,0.0,0.08926337292729018
2022-07-29,0.0,0.0,0.08685721497964949
2022-08-01,0.0,0.0,0.08966499530651871
2022-08-02,-0.037898726640584336,-0.0034948230894030334,0.09221478923412053
2022-08-03,0.49332362522023737,0.04261598012059308,0.08638544343293468
2022-08-04,0.0,0.0,0.09006167626964053
2022-08-05,0.0,0.0,0.09490525171757304
2022-08-08,0.0,0.0,0.10094353076989035
2022-08-09,0.0,0.0,0.10482915577147801
2022-08-10,0.0,0.0,0.1063975153082126
2022-08-11,0.0,0.0,0.10710105313715908
2022-08-12,0.0,0.0,0.10894983661635653
2022-08-15,0.0,0.0,0.2888560606331311
2022-08-16,-0.021247392022004638,-0.0023765621837478746,0.11185194781960126
2022-08-17,0.0,0.0,0.11297513012800818
2022-08-18,-0.03750953111947759,-0.004233831793859425,0.11287349288301075
2022-08-19,1.1875,0.13462820994595842,0.11337112416501763
2022-08-22,0.75,0.08911372402442232,0.11881829869922976
2022-08-23,0.34375,0.04373307321297337,0.127223485710468
2022-08-24,0.90625,0.12813942131011838,0.1413952235146134
2022-08-25,-1.1312871647606138,-0.17291003443484773,0.15284362787890057
2022-08-26,1.125,0.17167908381978284,0.15260363006202918
2022-08-29,1.75,0.27436002666645115,0.15677715809511494
2022-08-30,0.125,0.020856244681538523,0.16684995745230818
2022-08-31,2.8125,0.46450051425047434,0.16515573840016864
2022-09-01,1.5,0.26398325623773944,0.1759888374918263
2022-09-02,-2.4375,-0.4422816087324464,0.18144886512100364
2022-09-05,0.0,0.0,0.1698375334502905
2022-09-06,4.375,1.2925387864199576,0.2954374368959903
2022-09-07,-2.375,-0.39223501517150716,0.16515158533537144
2022-09-08,1.5,0.22954372519242172,0.15302915012828114
2022-09-09,-0.125,-0.019914945415861317,0.15931956332689054
2022-09-12,0.625,0.09922863053376499,0.15876580885402397
2022-09-13,2.4375,0.4117164214245257,0.1689093010972413
2022-09-14,0.39938021690542963,0.07339391739043516,0.18376953660630194
2022-09-15,2.15625,0.40326009602024987,0.18701917496591297
2022-09-16,-0.84375,-0.16741221227065056,0.19841447380225252
2022-09-19,1.96875,0.39454386728098384,0.20040323417446798
2022-09-20,3.09375,0.6362842084738703,0.205667622941049
2022-09-21,-0.46875,-0.10248367432753537,0.2186318385654088
2022-09-22,7.5,1.452594205421274,0.1936792273895032
2022-09-23,0.1875,0.040752911361126964,0.21734886059267716
2022-09-26,9.65625,1.7854171530255483,0.1848975692453642
2022-09-27,0.054710241379228405,0.011982622471895975,0.21901973323125137
2022-09-28,-6.5,-1.3807764112706187,0.21242714019547979
2022-09-29,2.0625,0.376380784537699,0.1824876531091874
2022-09-30,1.4375,0.27474128009729093,0.1911243687633328
2022-10-03,-5.9375,-1.1104118463997075,0.1870167320252139
2022-10-04,-0.3125,-0.05024311614462258,0.16077797166279226
2022-10-05,3.2719299067298575,0.519525415441787,0.15878256266223886
2022-10-06,1.28125,0.22180162162887299,0.17311346078351061
2022-10-07,0.803172230086608,0.14538043234005327,0.1810077924685924
2022-10-10,1.4375,0.2650290233916565,0.18436801627245672
2022-10-11,0.0,0.0,0.19110272341088144
2022-10-12,-1.4375,-0.27815700172840613,0.19350052294149991
2022-10-13,1.625,0.30668333431093503,0.18872820572980617
2022-10-14,2.0,0.39484225328842965,0.19742112664421482
2022-10-17,-0.75,-0.15456024073357985,0.20608032097810647
2022-10-18,-0.375,-0.07684801759903384,0.20492804693075692
2022-10-19,3.625,0.7367715842375392,0.20324733358276942
2022-10-20,2.25,0.4945625072642857,0.21980555878412697
2022-10-21,-1.6875,-0.3844128179213576,0.22780018839784155
2022-10-24,0.375,0.08441031088072144,0.2250941623485905
2022-10-25,-3.5625,-0.7940509777966932,0.22289150253942266
2022-10-26,-2.1875,-0.4532660426345046,0.20720733377577352
2022-10-27,-2.6875,-0.5319419134380156,0.1979318747676337
2022-10-28,3.25,0.6067803890418753,0.18670165816673084
2022-10-31,1.125,0.2248896528086844,0.19990191360771947
2022-11-01,0.5625,0.11618153433607707,0.2065449499308037
2022-11-02,1.1875,0.24808900767191164,0.20891705909213612
2022-11-03,1.625,0.38381978562241337,0.23619679115225437
2022-11-04,-0.625,-0.13412141782116882,0.2145942685138701
2022-11-07,1.4375,0.30536670366218244,0.21242901124325733
2022-11-08,-2.5625,-0.5535101211850951,0.21600394973076883
2022-11-09,-1.375,-0.28809851697311534,0.2095261941622657
2022-11-10,-7.5625,-1.4285653230455837,0.18890119974156477
2022-11-11,0.8341188581918701,0.13194894605470306,0.15818962101004458
2022-11-14,0.3125,0.050716762678406156,0.1622936405708997
2022-11-15,-1.2023741151272946,-0.19771774297857914,0.16443945398612217
2022-11-16,-0.90625,-0.14496735316823284,0.15996397590977415
2022-11-17,1.0841641669696156,0.1699461017546104,0.15675310707753104
2022-11-18,0.0,0.0,0.16052595764957203
2022-11-21,-0.04046604491756031,-0.006484631266021928,0.16024870429597904
2022-11-22,-0.8125,-0.12987203056557603,0.15984249915763205
2022-11-23,-0.84375,-0.13264114717509823,0.1572043225778942
2022-11-24,0.0,0.0,0.15465039150374127
2022-11-25,-0.1875,-0.04255087540595771,0.22693800216510776
2022-11-28,-0.04003543314445565,-0.006195154108180323,0.1547417780101691
2022-11-29,0.0,0.0,0.15667496331707711
2022-11-30,0.0,0.0,0.15818379004951827
2022-12-01,0.0,0.0,0.15679208087548316
2022-12-02,0.0,0.0,0.2319788776252802
2022-12-05,0.0,0.0,0.16140668212716708
2022-12-06,0.0,0.0,0.17316885235311869
2022-12-07,0.0,0.0,0.18061180145808106
2022-12-08,0.0,0.0,0.19186088304976745
2022-12-09,0.0,0.0,0.2796644619499244
2022-12-12,0.0,0.0,0.19746622277182174
2022-12-13,0.0,0.0,0.19746661608237615
2022-12-14,0.0,0.0,0.19692254996692868
2022-12-15,0.0,0.0,0.20318507648561177
2022-12-16,0.0,0.0,0.2070155073082289
2022-12-19,0.0,0.0,0.20745115418922563
2022-12-20,0.0,0.0,0.20687167763434738
2022-12-21,-0.040225413984444965,-0.00829201371650481,0.20613867938590524
2022-12-22,0.3125,0.06451123248012505,0.2064359439364002
2022-12-23,0.5625,0.1174740275212393,0.2088427155933143
2022-12-26,0.0,0.0,0.29813495754068253
2022-12-27,1.4375,0.4267032095258139,0.29683701532230533
2022-12-28,0.5625,0.11979516949019255,0.21296919020478675
2022-12-29,-0.69605049350476,-0.1499747294213922,0.21546530147006726
2022-12-30,1.25,0.2661385903600581,0.21291087228804648
2023-01-02,0.0,0.0,0.21777414433983536
2023-01-03,-3.0,-0.8742654532220322,0.2914218177406774
2023-01-04,-1.7894781972314338,-0.37900086320075527,0.21179406588307204
2023-01-05,0.78125,0.15932976959909928,0.20394210508684707
2023-01-06,-2.625,-0.5349835961436861,0.20380327472140422
2023-01-09,-0.38359088718076856,-0.07252629318268067,0.18907199207916114
2023-01-10,0.0,0.0,0.18774536095130986
2023-01-11,0.0,0.0,0.1875552502904257
2023-01-12,0.0,0.0,0.18680437133232008
2023-01-13,0.0,0.0,0.18749649411595348
2023-01-16,0.0,0.0,0.19169923399392672
2023-01-17,0.0,0.0,0.28995611779501296
2023-01-18,0.0,0.0,0.19227396487347265
2023-01-19,0.0,0.0,0.18795852392280607
2023-01-20,0.0,0.0,0.18795271308098568
2023-01-23,0.0,0.0,0.2899236592168389
2023-01-24,0.0,0.0,0.18898028848833162
2023-01-25,0.0,0.0,0.18911921511218108
2023-01-26,0.0,0.0,0.19302744610091346
2023-01-27,0.0,0.0,0.19264515843480245
2023-01-30,0.0,0.0,0.19258097683565342
2023-01-31,0.0,0.0,0.1945690011174401
2023-02-01,0.0,0.0,0.1946715337494992
2023-02-02,0.0,0.0,0.1934392030243175
2023-02-03,0.0,0.0,0.193298585150297
2023-02-06,0.0,0.0,0.19144774193648348
2023-02-07,-0.04020314687283152,-0.007621334895826416,0.18957060550344038
2023-02-08,-0.75,-0.1419559891048846,0.18927465213984612
2023-02-09,0.9375,0.1737982478149733,0.18538479766930485
2023-02-10,1.03125,0.19567687705097708,0.18974727471609898
2023-02-13,-0.4375,-0.08487008010154164,0.19398875451780945
2023-02-14,0.96875,0.18637408794671337,0.19238615529983316
2023-02-15,0.7703777642033127,0.15102304457142465,0.1960376474879248
2023-02-16,0.6474028576243643,0.12893872417499458,0.19916304455024098
2023-02-17,-1.125,-0.22723215251235518,0.20198413556653794
2023-02-20,0.0,0.0,0.19785743968593078
2023-02-21,3.8125,1.0798041936204208,0.28322732947420876
2023-02-22,-0.5625,-0.10814577042902472,0.19225914742937728
2023-02-23,-0.9375,-0.1802617425983976,0.19227919210495745
2023-02-24,2.1875,0.411699659794103,0.1882055587630185
2023-02-27,-1.0,-0.19870022587953365,0.19870022587953365
2023-02-28,0.3125,0.06092873580155278,0.1949719545649689
2023-03-01,2.125,0.4313381013166188,0.20298263591370297
2023-03-02,1.8125,0.38592311857156186,0.21292309990155137
2023-03-03,-2.3507272840129994,-0.5165038812550439,0.21972088585848382
2023-03-06,0.055591243092593105,0.011598284763753143,0.20863510363376783
2023-03-07,0.5625,0.11745248714168131,0.20880442158521123
2023-03-08,0.75,0.16019817148518545,0.21359756198024726
2023-03-09,-3.5,-0.7450455416123756,0.212870154746393
2023-03-10,-5.4375,-1.5318143263762467,0.28171297956344765
2023-03-13,-5.163932818351857,-0.8908898994400519,0.17252158979953425
2023-03-14,1.6485064938067149,0.23873017769972601,0.14481603718069236
2023-03-15,0.0,0.0,0.15429108006754993
2023-03-16,0.0,0.0,0.14954329644837772
2023-03-17,0.0,0.0,0.16476264308017374
2023-03-20,0.0,0.0,0.16981760616288288
2023-03-21,0.0,0.0,0.21066355812399631
2023-03-22,0.0,0.0,0.22074549456608256
2023-03-23,0.0,0.0,0.24427434326676867
2023-03-24,0.0,0.0,0.255853324027351
2023-03-27,0.0,0.0,0.25804699139180787
2023-03-28,0.0,0.0,0.2860773454400571
2023-03-29,0.0,0.0,0.2923755221756678
2023-03-30,0.0,0.0,0.30309662764075873
2023-03-31,0.0,0.0,0.3068165264039437
2023-04-03,0.0,0.0,0.30777484346208583
2023-04-04,0.0,0.0,0.3098769449096271
2023-04-05,0.0,0.0,0.3091797001781995
2023-04-06,-0.04077701216079803,-0.012691288379321911,0.31123634878582374
2023-04-07,0.0,0.0,0.31417925636413174
2023-04-10,-1.8125,-0.934349590508668,0.5155032223496099
2023-04-11,-0.13401949121489204,-0.04201383132511742,0.31349045533795394
2023-04-12,0.0,0.0,0.3125479313468198
2023-04-13,0.0,0.0,0.3276512240286207
2023-04-14,0.0,0.0,0.3367380531437105
2023-04-17,0.0,0.0,0.34052632453483084
2023-04-18,0.0,0.0,0.3401347754523252
2023-04-19,0.0,0.0,0.35768438972634725
2023-04-20,0.0,0.0,0.367550377481905
2023-04-21,0.0,0.0,0.37900518256635024
2023-04-24,0.0,0.0,0.3983582641364289
2023-04-25,0.0,0.0,0.40064007848198907
2023-04-26,0.0,0.0,0.3977628482319886
2023-04-27,0.0,0.0,0.3991301715237078
2023-04-28,0.0,0.0,0.4004398628968926
2023-05-01,0.0,0.0,0.3976213542090829
2023-05-02,0.0,0.0,0.39228115602374164
2023-05-03,0.0,0.0,0.39513158887032773
2023-05-04,0.0,0.0,0.3967819299962766
2023-05-05,0.0,0.0,0.5524411819416829
2023-05-08,0.0,0.0,0.9746421735288504
2023-05-09,0.0,0.0,0.5819725116485932
2023-05-10,0.0,0.0,0.5876322618460642
2023-05-11,0.0,0.0,0.5892688244594607
2023-05-12,0.0,0.0,0.5949956536527296
2023-05-15,0.0,0.0,0.5929084453885909
2023-05-16,0.0,0.0,0.5934700629043939
2023-05-17,-0.014417413615140902,-0.008579073345522423,0.5950494016841438
2023-05-18,0.0,0.0,0.5977827664984977
2023-05-19,-0.040676251967472835,-0.024202130040012648,0.5949941026859141
2023-05-22,0.375,0.2234470089877934,0.5958586906341158
2023-05-23,-0.34375,-0.20763942450301617,0.6040419621905925
2023-05-24,0.84375,0.5020721811433246,0.595048510984681
2023-05-25,1.34375,0.8061684224356138,0.5999392911148754
2023-05-26,-0.03125,-0.019579954008793025,0.6265585282813768
2023-05-29,0.0,0.0,0.628537827548391
2023-05-30,-1.53125,-1.4903383484821575,0.973282186763858
2023-05-31,-0.5625,-0.34647607879398296,0.6159574734115253
2023-06-01,-0.75,-0.4537382455849025,0.6049843274465366
2023-06-02,1.875,1.0960966050040557,0.584584856002163
2023-06-05,-0.25,-0.15080196788979794,0.6032078715591918
2023-06-06,-0.21875,-0.13140870627848913,0.6007255144159503
2023-06-07,1.90625,1.1119699181048015,0.5833284816287483
2023-06-08,-1.1875,-0.706457098112812,0.5949112405160522
2023-06-09,0.5625,0.3217409291069294,0.5719838739678745
2023-06-12,-0.15625,-0.14173333980264574,0.9070933747369327
2023-06-13,1.28125,0.734243965077731,0.573068460548473
2023-06-14,-0.28125,-0.16575023348953405,0.5893341635183433
2023-06-15,-1.0,-0.5844699865494432,0.5844699865494432
2023-06-16,0.84375,0.47627177571466517,0.5644702526988624
2023-06-19,0.0,0.0,0.5752037653260581
2023-06-20,-0.53125,-0.4715638530038918,0.8876496056543846
2023-06-21,0.09375,0.054319386126075384,0.579406785344804
2023-06-22,1.09375,0.6343502139135913,0.5799773384352834
2023-06-23,-0.6875,-0.407480012308278,0.5926981997211317
2023-06-26,-0.28125,-0.16512827177512718,0.5871227440893411
2023-06-27,0.71875,0.4178087876360988,0.5812991827980505
2023-06-28,-0.75,-0.46988737290947746,0.6265164972126366
2023-06-29,2.0625,1.2605309774775406,0.6111665345345652
2023-06-30,0.21875,0.13924924861793223,0.6365679936819759
2023-07-03,0.3125,0.20998895372796866,0.6719646519294997
2023-07-04,-0.0382164308175511,-0.02641595655555017,0.6912198755991232
2023-07-05,2.125,2.0426900857242405,0.9612659226937602
2023-07-06,2.8125,1.7773734359643956,0.6319549994540073
2023-07-07,0.75,0.5010039670264717,0.6680052893686288
2023-07-10,-2.72564143881987,-1.7749368798418441,0.6511996972757885
2023-07-11,-0.6943898184610015,-0.4231477731524147,0.6093807280905281
2023-07-12,-3.75,-2.077045860774534,0.5538788962065424
2023-07-13,-3.0385176338265674,-1.4449463552390658,0.47554318564851233
2023-07-14,1.09375,0.4834821508311243,0.4420408236170279
2023-07-17,-0.34375,-0.15539461088119963,0.4520570498362171
2023-07-18,-0.1875,-0.08432032834373365,0.4497084178332461
2023-07-19,-0.4375,-0.19570759321764325,0.4473316416403274
2023-07-20,1.59375,0.6955087007514198,0.4363976161577536
2023-07-21,-0.1875,-0.08416933553991329,0.44890312287953754
2023-07-24,0.625,0.2791059428824636,0.4465695086119417
2023-07-25,0.28125,0.1273328626876083,0.4527390673337184
2023-07-26,-0.375,-0.17095173335036115,0.4558712889342964
2023-07-27,1.75,0.7771144917409122,0.4440654238519498
2023-07-28,-0.71875,-0.33065825697790147,0.46004627057794983
2023-07-31,0.125,0.05629220504825226,0.4503376403860181
2023-08-01,0.5625,0.2574859732225164,0.4577528412844736
2023-08-02,0.59375,0.27754659023107164,0.4674468888102259
2023-08-03,0.9937824250200711,0.4691566731341801,0.4720919401696047
2023-08-04,-4.0625,-1.8097584128383282,0.44547899392943463
2023-08-07,1.1875,0.46967672544585837,0.39551724248072284
2023-08-08,-1.6875,-0.6819482143230527,0.40411746033958684
2023-08-09,0.21260142131303142,0.08215555379835326,0.38642993678479953
2023-08-10,1.34375,0.5211609587191425,0.3878407134654084
2023-08-11,0.90625,0.3610227564946145,0.39836993820095395
2023-08-14,0.5876955333272287,0.3896551342356856,0.6630221128781759
2023-08-15,0.375,0.1531143378443859,0.4083049009183624
2023-08-16,1.0365021113263007,0.4581047725292984,0.4419718662638427
2023-08-17,0.3125,0.14234009420069396,0.4554883014422207
2023-08-18,-0.5,-0.23016333070425196,0.4603266614085039
2023-08-21,2.3125,1.0487506101817237,0.4535137773758805
2023-08-22,0.025817427658900022,0.012412886013637712,0.48079484050993854
2023-08-23,-4.96875,-2.129522121178973,0.4285830684133783
2023-08-24,1.6505684265087293,0.618295233806158,0.3745953356892763
2023-08-25,0.3125,0.12488790902705925,0.3996413088865896
2023-08-28,-0.9375,-0.38758256757001563,0.4134214054080167
2023-08-29,-2.6875,-1.0546027534133056,0.39241032685146254
2023-08-30,-0.16185939278312464,-0.05836971112606393,0.3606198572873277
2023-08-31,-0.125,-0.044973302573321966,0.35978642058657573
2023-09-01,0.78125,0.295766790018922,0.37858149122422013
2023-09-04,0.0,0.0,0.45739484399463604
2023-09-05,1.09375,1.0088689931013053,0.9223945079783363
2023-09-06,0.3382040469208681,0.19405557902269893,0.5737825457425808
2023-09-07,-1.0,-0.5800237679137651,0.5800237679137651
2023-09-08,0.75,0.44099293106280035,0.5879905747504005
2023-09-11,0.4375,0.26332596044101253,0.6018879095794571
2023-09-12,0.0625,0.03847217522286807,0.6155548035658891
2023-09-13,-1.0,-0.6131593845457178,0.6131593845457178
2023-09-14,0.9375,0.5651935595753234,0.6028731302136783
2023-09-15,1.25,0.7651285666831817,0.6121028533465454
2023-09-18,-0.5625,-0.34826936435633177,0.6191455366334787
2023-09-19,1.625,0.9809287918459886,0.6036484872898391
2023-09-20,1.6516881630163802,1.0040560240681644,0.6078968455126035
2023-09-21,2.4375,1.4532435997782065,0.5962025024731104
2023-09-22,-2.25,-1.3392790457837171,0.5952351314594299
2023-09-25,3.09375,1.6813004933920002,0.5434506645307475
2023-09-26,-0.1875,-0.10585532547357025,0.5645617358590413
2023-09-27,3.1875,1.701739481221812,0.5338790529323332
2023-09-28,-1.59375,-0.8722141868719044,0.5472716466647244
2023-09-29,-0.375,-0.19968667572697846,0.5324978019386092
2023-10-02,4.03125,1.9698338026815652,0.4886409433008534
2023-10-03,4.125,1.9923921381865304,0.4830041547118862
2023-10-04,-2.53125,-1.2539390275488982,0.49538331952549064
2023-10-05,-1.03125,-0.48591945843392564,0.47119462636017034
2023-10-06,3.09375,1.3748819962590835,0.4444063018211179
2023-10-09,-6.5625,-2.596141646523855,0.39560253661315886
2023-10-10,0.7142245612825385,0.24443741033802674,0.34224167522198984
2023-10-11,-1.6875,-0.5814780547759821,0.3445795880153968
2023-10-12,3.3125,1.0553553299789715,0.31859783546534987
2023-10-13,-1.8125,-0.6068700934511154,0.334824879145443
2023-10-16,2.25,0.7089921987684179,0.31510764389707463
2023-10-17,3.8125,1.203125773713258,0.31557397343298565
2023-10-18,1.8125,0.611942522509466,0.3376234606948778
2023-10-19,1.4375,0.5021197484768181,0.34930069459256907
2023-10-20,-2.25,-0.7968603166597249,0.3541601407376555
2023-10-23,-1.5625,-0.5244268981674007,0.3356332148271365
2023-10-24,0.0,0.0,0.3254419272491375
2023-10-25,3.0,0.9595632499328272,0.3198544166442757
2023-10-26,-2.75,-0.9157444671166725,0.33299798804242636
2023-10-27,-0.5625,-0.17819034264971018,0.31678283137726254
2023-10-30,1.5,0.4670844293755575,0.311389619583705
2023-10-31,0.875,0.27955431118904106,0.3194906413589041
2023-11-01,-5.3125,-1.5988627466323657,0.30096239936609237
2023-11-02,-1.2237760869197087,-0.45543775018524235,0.3721577460559771
2023-11-03,-1.5,-0.40057014728706886,0.2670467648580459
2023-11-06,1.09375,0.2807210586213388,0.2566592535966526
2023-11-07,-0.84375,-0.22163857480749513,0.26268275532740165
2023-11-08,-0.625,-0.16077415912034196,0.25723865459254713
2023-11-09,1.807067593321759,0.45442144994240485,0.2514689830207654
2023-11-10,0.0,0.0,0.2599463014081077
2023-11-13,-0.0365809439999182,-0.009535835939997841,0.26067768890871607
2023-11-14,-2.84375,-0.7264387421439241,0.2554509862484129
2023-11-15,1.0444957939836739,0.2452874969765583,0.23483818545696536
2023-11-16,0.0,0.0,0.24070907811286776
2023-11-17,0.0,0.0,0.24133144540301335
2023-11-20,0.0,0.0,0.24244396830616385
2023-11-21,0.0,0.0,0.242292965416655
2023-11-22,0.0,0.0,0.2444142139345898
2023-11-23,0.0,0.0,0.24535265601157077
2023-11-24,0.0,0.0,0.3604637206810665
2023-11-27,0.0,0.0,0.24647690666230015
2023-11-28,0.0,0.0,0.24842236966384143
2023-11-29,0.0,0.0,0.2475294002716747
2023-11-30,0.0,0.0,0.24925107001774055
2023-12-01,0.0,0.0,0.36848156725603165
2023-12-04,0.0,0.0,0.2538770580679885
2023-12-05,0.0,0.0,0.25352615948581947
2023-12-06,0.0,0.0,0.25368029393826863
2023-12-07,-0.03281637166165312,-0.008372967827492375,0.2551460567859314
2023-12-08,-1.21875,-0.31005092145733537,0.25440075606755724
2023-12-11,-0.09519314037118723,-0.023621428819965366,0.24814213217316053
2023-12-12,0.0,0.0,0.24843938074426364
2023-12-13,0.0,0.0,0.24936018037742555
2023-12-14,-0.03348420271365716,-0.00819046161296102,0.2446067383775689
2023-12-15,-0.0625,-0.015264835696622061,0.24423737114595298
2023-12-18,-0.25,-0.061371005541072284,0.24548402216428913
2023-12-19,0.0,0.0,0.24449752108130637
2023-12-20,1.125,0.2744806635259497,0.2439828120230664
2023-12-21,-0.4375,-0.10925830296786185,0.24973326392654138
2023-12-22,-0.03125,-0.007822277368361073,0.25031287578755435
2023-12-25,0.0,0.0,0.37642635931398705
2023-12-26,-0.21875,-0.08234462249517774,0.3764325599779554
2023-12-27,1.375,0.3454521723118077,0.2512379434994965
2023-12-28,-0.71875,-0.1873363554923024,0.2606418859023338
2023-12-29,-0.5,-0.13117336919860384,0.2623467383972077
2024-01-01,0.0,0.0,0.2616567948772382
2024-01-02,-0.65625,-0.25863494733513104,0.3941103959392473
2024-01-03,0.15625,0.04171213116814339,0.26695763947611767
2024-01-04,-1.03125,-0.2863723057416052,0.2776943570827687
2024-01-05,-0.5325970884098277,-0.15003192461109743,0.2816987322612802
2024-01-08,0.0,0.0,0.28179324370862147
2024-01-09,0.0,0.0,0.2829574764698665
2024-01-10,0.0,0.0,0.28287725984074275
2024-01-11,0.0,0.0,0.2828991282566459
2024-01-12,0.0,0.0,0.28358342978019724
2024-01-15,-0.031436349008763444,-0.008991785308055235,0.28603147603268475
2024-01-16,-1.46875,-0.6198975101083245,0.42205787922268906
2024-01-17,-1.0002862680864146,-0.281629522727105,0.28154892425532635
2024-01-18,0.0,0.0,0.2737994563971204
2024-01-19,0.0,0.0,0.275885667840689
2024-01-22,0.0,0.0,0.27981920909772084
2024-01-23,0.0,0.0,0.2799922849851209
2024-01-24,0.0,0.0,0.2799293823678785
2024-01-25,0.0,0.0,0.2793644257765581
2024-01-26,0.0,0.0,0.2784262707612949
2024-01-29,0.0,0.0,0.44778290826758416
2024-01-30,0.0,0.0,0.29852635898716173
2024-01-31,0.0,0.0,0.30111264395113535
2024-02-01,-0.03137049356745015,-0.00922699178742475,0.2941296338734889
2024-02-02,-2.09375,-0.6093995375236297,0.2910564955336739
2024-02-05,-1.84375,-0.49551267478800426,0.26875263717315484
2024-02-06,0.8118085308394511,0.20350024705160902,0.25067517686858926
2024-02-07,0.0,0.0,0.2555720242819197
2024-02-08,0.0,0.0,0.25619703931837545
2024-02-09,0.0,0.0,0.2560240160282616
2024-02-12,-0.03155108217008604,-0.008075112823588734,0.2559377450211469
2024-02-13,2.0625,0.5292284795235556,0.2565956264356633
2024-02-14,-0.875,-0.23333691077880928,0.26667075517578204
2024-02-15,-0.3199549872593577,-0.0898136173655877,0.28070703987115586
2024-02-16,0.78125,0.22283165420257492,0.2852245173792959
2024-02-19,0.0,0.0,0.2908463815711144
2024-02-20,-0.21875,-0.10754342903686309,0.491627104168517
2024-02-21,0.59375,0.1755180565193606,0.2956093583483968
2024-02-22,0.21875,0.06630821119293068,0.3031232511676831
2024-02-23,-0.8125,-0.24694408142954588,0.3039311771440565
2024-02-26,0.4375,0.12974761124478987,0.2965659685595197
2024-02-27,0.25,0.07522990109787311,0.30091960439149246
2024-02-28,-0.59375,-0.18126829548060824,0.30529397133576125
2024-02-29,-0.15625,-0.04713740467513009,0.3016793899208326
2024-03-01,-1.09375,-0.3284986093031219,0.3003415856485686
2024-03-04,0.46875,0.1361660053472711,0.29048747807417835
2024-03-05,-0.78125,-0.2293990613062321,0.2936307984719771
2024-03-06,-0.6563623230498903,-0.1876789002942497,0.2859379548511717
2024-03-07,0.0,0.0,0.2807509749724566
2024-03-08,0.0,0.0,0.2820610079500571
2024-03-11,0.0,0.0,0.28421642509514483
2024-03-12,0.0,0.0,0.2853909732704816
2024-03-13,0.0,0.0,0.2861582013796339
2024-03-14,0.0,0.0,0.2902730634538559
2024-03-15,-0.030935741898095833,-0.009101278139948191,0.29419944638561896
2024-03-18,0.25,0.07539191894862181,0.30156767579448723
2024-03-19,-0.46875,-0.14847386240392224,0.31674423979503413
2024-03-20,-0.46875,-0.14792191567138965,0.31556675343229795
2024-03-21,0.03125,0.010104662620120419,0.3233492038438534
2024-03-22,-0.96875,-0.570707972783589,0.5891179073895112
2024-03-25,0.625,0.20495623830946058,0.32792998129513695
2024-03-26,-0.125,-0.04439217862285096,0.3551374289828077
2024-03-27,-0.5,-0.1959029504653559,0.3918059009307118
2024-03-28,0.3125,0.12793573855210333,0.4093943633667307
2024-03-29,0.0,0.0,0.4176078575584285
2024-04-01,0.0,0.0,0.7399875139280468
2024-04-02,0.0,0.0,0.9553035100042238
2024-04-03,0.0,0.0,0.9584993032768327
2024-04-04,0.0,0.0,0.9772666368703885
2024-04-05,0.0,0.0,1.057407369810815
2024-04-08,0.0,0.0,1.0839392657845999
2024-04-09,0.0,0.0,1.127620265225249
2024-04-10,0.0,0.0,1.275506435873728
2024-04-11,0.0,0.0,1.3143585773569697
2024-04-12,0.0,0.0,1.3399814281069835
2024-04-15,0.0,0.0,1.4074499767514026
2024-04-16,0.0,0.0,1.4423962893439293
2024-04-17,0.0,0.0,1.4422313154059339
2024-04-18,0.0,0.0,1.5881154394939037
2024-04-19,0.0,0.0,1.7356390474830132
2024-04-22,0.0,0.0,1.7422208609173908
2024-04-23,0.0,0.0,1.7918027510609302
2024-04-24,0.0,0.0,1.8091904693724195
2024-04-25,0.0,0.0,2.8352537836860994
2024-04-26,0.0,0.0,2.922923237323788
2024-04-29,0.0,0.0,3.06554250798856
2024-04-30,0.0,0.0,3.1470352488162345
2024-05-01,0.0,0.0,3.1974827090109077
2024-05-02,0.0,0.0,3.225695156568099
2024-05-03,0.0,0.0,3.4857978813084425
2024-05-06,0.0,0.0,3.485399785426619
2024-05-07,0.0,0.0,3.485117116314511
2024-05-08,0.0,0.0,4.355909856286815
2024-05-09,0.0,0.0,4.507434189630708
2024-05-10,0.0,0.0,4.506919652727117
2024-05-13,0.0,0.0,4.506405233281926
2024-05-14,0.0,0.0,4.505890931254921
2024-05-15,0.0,0.0,4.505376746605905
2024-05-16,-0.014415179497279523,-0.06493797241326489,4.504832730353457
2024-05-17,0.0,0.0,4.504109202482308
2024-05-20,0.0,0.0,4.503595397050234
2024-05-21,0.0,0.0,4.50308170882931
2024-05-22,0.0,0.0,4.502568137779434
2024-05-23,0.0,0.0,4.502054683860518
2024-05-24,0.0,0.0,4.501541347032497
2024-05-27,0.0,0.0,4.501028127255325
2024-05-28,0.0,0.0,4.500515024488967
2024-05-29,0.0,0.0,4.500002038693413
2024-05-30,0.0,0.0,4.499489169828672
2024-05-31,0.0,0.0,4.499131431386517
2024-06-03,0.0,0.0,4.723073493146929
2024-06-04,0.0,0.0,4.723973318880919
2024-06-05,0.0,0.0,4.723435169162015
2024-06-06,0.0,0.0,4.7228971420399635
2024-06-07,0.0,0.0,4.722537150523374
2024-06-10,0.0,0.0,4.722619234205721
2024-06-11,0.0,0.0,4.732020708789032
2024-06-12,0.0,0.0,4.731481949194965
2024-06-13,0.0,0.0,4.941567784518294
2024-06-14,0.0,0.0,4.974498869216535
2024-06-17,0.0,0.0,4.974104726223278
2024-06-18,0.0,0.0,4.973538662184622
2024-06-19,0.0,0.0,4.981414893538457
2024-06-20,0.0,0.0,5.338946794200569
2024-06-21,0.0,0.0,5.445312003358007
2024-06-24,0.0,0.0,5.4980084057839695
2024-06-25,0.0,0.0,5.497383076175744
2024-06-26,0.0,0.0,5.591071927279096
2024-06-27,0.0,0.0,5.5958791718518
2024-06-28,0.0,0.0,5.843054508203184
2024-07-01,0.0,0.0,5.91223339499796
2024-07-02,0.0,0.0,5.911561334676508
2024-07-03,0.0,0.0,5.91088942712769
2024-07-04,0.0,0.0,5.910217672299422
2024-07-05,0.0,0.0,5.9095460701396405
2024-07-08,0.0,0.0,5.908874620596307
2024-07-09,0.0,0.0,5.908449401997864
2024-07-10,0.0,0.0,6.498619304220939
2024-07-11,0.0,0.0,6.8139626921884044
2024-07-12,0.0,0.0,6.813188833476522
2024-07-15,0.0,0.0,6.812415150518257
2024-07-16,0.0,0.0,6.811641643253748
2024-07-17,0.0,0.0,6.810868311623145
2024-07-18,0.0,0.0,6.810095155566645
2024-07-19,0.0,0.0,6.809322175024458
2024-07-22,0.0,0.0,6.808549369936826
2024-07-23,0.0,0.0,6.807776740244018
2024-07-24,0.0,0.0,6.807004285886326
2024-07-25,0.0,0.0,6.8062320068040805
2024-07-26,0.0,0.0,6.805785514399208
2024-07-29,0.0,0.0,8.648230230602781
2024-07-30,0.0,0.0,10.946438258210538
2024-07-31,0.0,0.0,11.54004680262838
2024-08-01,0.0,0.0,11.538738285154855
2024-08-02,0.0,0.0,11.53743006439136
2024-08-05,0.0,0.0,11.536122140236998
2024-08-06,0.0,0.0,11.53576151563762
2024-08-07,0.0,0.0,17.76807823421293
2024-08-08,0.0,0.0,19.68033978030009
2024-08-09,0.0,0.0,
2024-08-12,0.0,0.0,
2024-08-13,0.0,0.0,
2024-08-14,0.0,0.0,
2024-08-15,-0.010418862012781563,0.0,
2024-08-16,0.0,0.0,
2024-08-19,0.0,0.0,
2024-08-20,0.0,0.0,
2024-08-21,0.0,0.0,
2024-08-22,0.0,0.0,
2024-08-23,0.0,0.0,
2024-08-26,0.0,0.0,
2024-08-27,0.0,0.0,
2024-08-28,0.0,0.0,
2024-08-29,0.0,0.0,
2024-08-30,0.0,0.0,
2024-09-02,0.0,0.0,
2024-09-03,0.0,0.0,
2024-09-04,0.0,0.0,
2024-09-05,0.0,0.0,
2024-09-06,0.0,0.0,
2024-09-09,0.0,0.0,
2024-09-10,0.0,0.0,
2024-09-11,0.0,0.0,
2024-09-12,0.0,0.0,
2024-09-13,0.0,0.0,
2024-09-16,0.0,0.0,
2024-09-17,0.0,0.0,
2024-09-18,0.0,0.0,
2024-09-19,0.0,0.0,
2024-09-20,0.0,0.0,
2024-09-23,0.0,0.0,
2024-09-24,0.0,0.0,
2024-09-25,0.0,0.0,
2024-09-26,0.0,0.0,
2024-09-27,0.0,0.0,
2024-09-30,0.0,0.0,
2024-10-01,0.0,0.0,
2024-10-02,0.0,0.0,
2024-10-03,0.0,0.0,
2024-10-04,0.0,0.0,
2024-10-07,0.0,0.0,
2024-10-08,0.0,0.0,
2024-10-09,0.0,0.0,
2024-10-10,0.0,0.0,
2024-10-11,0.0,0.0,
2024-10-14,0.0,0.0,
2024-10-15,0.0,0.0,
2024-10-16,0.0,0.0,
2024-10-17,0.0,0.0,
2024-10-18,0.0,0.0,
2024-10-21,0.0,0.0,
2024-10-22,0.0,0.0,
2024-10-23,0.0,0.0,
2024-10-24,0.0,0.0,
2024-10-25,0.0,0.0,
2024-10-28,0.0,0.0,
2024-10-29,0.0,0.0,
2024-10-30,0.0,0.0,
2024-10-31,0.0,0.0,
2024-11-01,0.0,0.0,
2024-11-04,0.0,0.0,
2024-11-05,0.0,0.0,
2024-11-06,0.0,0.0,
2024-11-07,0.0,0.0,
2024-11-08,0.0,0.0,
2024-11-11,0.0,0.0,
2024-11-12,0.0,0.0,
2024-11-13,0.0,0.0,
2024-11-14,-0.003316175561935559,0.0,
2024-11-15,0.0,0.0,
2024-11-18,0.0,0.0,
2024-11-19,0.0,0.0,
2024-11-20,0.0,0.0,
2024-11-21,0.0,0.0,
2024-11-22,0.0,0.0,
2024-11-25,0.0,0.0,
2024-11-26,0.0,0.0,
2024-11-27,0.0,0.0,
2024-11-28,0.0,0.0,
2024-11-29,0.0,0.0,
2024-12-02,0.0,0.0,
2024-12-03,0.0,0.0,
2024-12-04,0.0,0.0,
2024-12-05,0.0,0.0,
2024-12-06,0.0,0.0,
2024-12-09,0.0,0.0,
2024-12-10,0.0,0.0,
2024-12-11,0.0,0.0,
2024-12-12,0.0,0.0,
2024-12-13,0.0,0.0,
2024-12-16,0.0,0.0,
2024-12-17,0.0,0.0,
2024-12-18,0.0,0.0,
2024-12-19,0.0,0.0,
2024-12-20,0.0,0.0,
2024-12-23,0.0,0.0,
2024-12-24,0.0,0.0,
2024-12-25,0.0,0.0,
2024-12-26,0.0,0.0,
2024-12-27,0.0,0.0,
2024-12-30,0.0,0.0,
2024-12-31,0.0,0.0,
2025-01-01,0.0,0.0,
2025-01-02,0.0,0.0,
2025-01-03,0.0,0.0,
2025-01-06,0.0,0.0,
2025-01-07,0.0,0.0,
2025-01-08,0.0,0.0,
2025-01-09,0.0,0.0,
2025-01-10,0.0,0.0,
2025-01-13,0.0,0.0,
2025-01-14,0.0,0.0,
2025-01-15,0.0,0.0,
2025-01-16,0.0,0.0,
2025-01-17,0.0,0.0,
2025-01-20,0.0,0.0,
2025-01-21,0.0,0.0,
2025-01-22,0.0,0.0,
2025-01-23,0.0,0.0,
2025-01-24,0.0,0.0,
2025-01-27,0.0,0.0,
2025-01-28,0.0,0.0,
2025-01-29,0.0,0.0,
2025-01-30,0.0,0.0,
2025-01-31,0.0,0.0,
2025-02-03,0.0,0.0,
2025-02-04,0.0,0.0,
2025-02-05,0.0,0.0,
2025-02-06,0.0,0.0,
2025-02-07,0.0,0.0,
2025-02-10,0.0,0.0,
2025-02-11,0.0,0.0,
2025-02-12,0.0,0.0,
2025-02-13,0.0,0.0,
2025-02-14,0.0,0.0,
2025-02-17,0.0,0.0,
2025-02-18,0.0,0.0,
2025-02-19,0.0,0.0,
2025-02-20,0.0,0.0,
2025-02-21,0.0,0.0,
2025-02-24,0.0,0.0,
2025-02-25,0.0,0.0,
2025-02-26,0.0,0.0,
2025-02-27,0.0,0.0,
2025-02-28,0.0,0.0,
2025-03-03,0.0,0.0,
2025-03-04,0.0,0.0,
2025-03-05,0.0,0.0,
2025-03-06,0.0,0.0,
2025-03-07,0.0,0.0,
2025-03-10,0.0,0.0,
2025-03-11,0.0,0.0,
2025-03-12,0.0,0.0,
2025-03-13,0.0,0.0,
2025-03-14,0.0,0.0,
2025-03-17,0.0,0.0,
2025-03-18,0.0,0.0,
2025-03-19,0.0,0.0,
2025-03-20,0.0,0.0,
2025-03-21,0.0,0.0,
2025-03-24,0.0,0.0,
2025-03-25,0.0,0.0,
2025-03-26,0.0,0.0,
2025-03-27,0.0,0.0,
2025-03-28,0.0,0.0,
2025-03-31,0.0,0.0,
2025-04-01,0.0,0.0,
2025-04-02,0.0,0.0,
2025-04-03,-2.90625,0.0,
2025-04-04,-0.819944429780012,0.0,
2025-04-07,0.0,0.0,
2025-04-08,0.0,0.0,
2025-04-09,0.0,0.0,
2025-04-10,0.0,0.0,
2025-04-11,0.0,0.0,
2025-04-14,-0.012862170844170141,0.0,
2025-04-15,-0.6692154589634378,0.0,
2025-04-16,0.0,0.0,
2025-04-17,0.0,0.0,
2025-04-18,0.0,0.0,
2025-04-21,0.0,0.0,
2025-04-22,0.0,0.0,
2025-04-23,0.0,0.0,
2025-04-24,0.0,0.0,
2025-04-25,0.0,0.0,
2025-04-28,0.0,0.0,
2025-04-29,0.0,0.0,
2025-04-30,0.0,0.0,
2025-05-01,0.0,0.0,
2025-05-02,0.0,0.0,
2025-05-05,0.0,0.0,
2025-05-06,0.0,0.0,
2025-05-07,0.0,0.0,
2025-05-08,0.0,0.0,
2025-05-09,0.0,0.0,
2025-05-12,0.0,0.0,
2025-05-13,-0.01539889124612984,0.0,
2025-05-14,0.53125,0.0,
2025-05-15,-1.09375,0.0,
2025-05-16,-0.19302383766751122,0.0,
2025-05-19,0.40625,0.0,
2025-05-20,-0.15625,0.0,
2025-05-21,1.5,0.0,
2025-05-22,-0.71875,0.0,
2025-05-23,-0.53125,0.0,
2025-05-26,0.0,0.0,
2025-05-27,-0.875,0.0,
2025-05-28,0.6084631783889198,0.0,
2025-05-29,0.0,0.0,
2025-05-30,0.0,0.0,
2025-06-02,0.0,0.0,
2025-06-03,0.0,0.0,
2025-06-04,0.0,0.0,6.963318727823401
2025-06-05,0.0,0.0,6.7269307195468
2025-06-06,0.0,0.0,6.731173392265921
2025-06-09,0.0,0.0,6.308639131679642
2025-06-10,0.0,0.0,9.0451118484934
2025-06-11,0.0,0.0,6.426234206348175
2025-06-12,0.0,0.0,6.370987527060484
2025-06-13,0.0,0.0,6.360416122150853
2025-06-16,0.0,0.0,6.319243984750399
2025-06-17,0.0,0.0,6.3783626557498625
2025-06-18,0.0,0.0,6.3713953492666375
2025-06-19,0.0,0.0,6.433765357546396
2025-06-20,0.0,0.0,9.042616115023566
2025-06-23,0.0,0.0,6.43189878551058
2025-06-24,0.0,0.0,6.379794896414765
2025-06-25,-0.018426054712394165,-0.11828542306772398,6.419465529327885
2025-06-26,0.65625,4.134549698922328,6.300266207881642
2025-06-27,-0.40625,-2.545565799108885,6.266008120883409
2025-06-30,0.625,3.8268671995664105,6.122987519306257
2025-07-01,-0.53125,-3.2144421173059015,6.050714573752285
2025-07-02,-0.46875,-2.7909160855461432,5.953954315831772
2025-07-03,-0.78125,-4.48408894977147,5.739633855707482
2025-07-04,-0.01877290924798853,-0.10640568374400716,5.668044432453018
2025-07-07,0.0,0.0,7.950260508996272
2025-07-08,0.0,0.0,5.665474209640745
2025-07-09,0.0,0.0,5.701912666002081
2025-07-10,0.0,0.0,5.639013203181868
2025-07-11,0.0,0.0,5.664415997006883
2025-07-14,0.0,0.0,5.635481314262059
2025-07-15,0.0,0.0,5.668510733956297
2025-07-16,-0.019197966156777758,-0.10786945493305401,5.618795973081303
2025-07-17,-0.0625,-0.3510613306320207,5.6169812901123315
2025-07-18,-0.53125,-2.9550742903970897,5.562492781923933
2025-07-21,-0.46875,-2.5573694456393956,5.45572148403071
2025-07-22,-0.4568108394865446,-2.452693721164262,5.36916708001301
2025-07-23,0.0,0.0,5.348766712434577
2025-07-24,0.0,0.0,5.332458096844437
2025-07-25,0.0,0.0,5.354404155338862
2025-07-28,0.0,0.0,7.623315961567903
2025-07-29,0.0,0.0,5.409955683334481
2025-07-30,0.0,0.0,5.230604331241809
2025-07-31,0.0,0.0,5.183341930291961
2025-08-01,0.0,0.0,5.217289190556393
2025-08-04,-0.02066561601560487,-0.15750431804402545,7.6215641442815905
2025-08-05,-0.40625,-3.0679907210061246,7.551977159399692
2025-08-06,-0.15625,-0.7420101577461549,4.7488650095753915
2025-08-07,-0.0625,-0.2982390893216986,4.771825429147178
2025-08-08,-0.5625,-4.16347065384557,7.401725606836568
2025-08-11,-0.09375,-0.6922435727485354,7.383931442651044
2025-08-12,0.09375,0.6916308964194555,7.3773962284741925
2025-08-13,0.78125,5.583414218886145,7.146770200174266
2025-08-14,-0.71875,-5.015697038583343,6.978361097159434
2025-08-15,-0.4427894471125573,-3.052364171617696,6.893488974324592
2025-08-18,-0.1875,-1.288273259472253,6.87079071718535
2025-08-19,0.3852793968481276,2.625922381385794,6.815631468663507
2025-08-20,0.0,0.0,6.82340725005798
2025-08-21,0.0,0.0,6.822635738688312
2025-08-22,0.0,0.0,6.821864401765947
2025-08-25,0.0,0.0,6.821093239231726
2025-08-26,0.0,0.0,6.820322251026517
2025-08-27,-0.02135803219264222,-0.1456489270907284,6.819398237488565
2025-08-28,0.25,1.6993081832591204,6.7972327330364815
2025-08-29,-0.21875,-1.4844476272341485,6.786046295927536
2025-09-01,0.0,0.0,6.780457869222633
2025-09-02,-0.46875,-3.144142142772414,6.707503237914483
2025-09-03,0.53125,3.509531192092831,6.606176361586505
2025-09-04,0.75,4.832687878851264,6.443583838468351
2025-09-05,1.0,6.1712670589072225,6.1712670589072225
2025-09-08,0.3220768389856851,1.984683447975905,6.162142717949723
2025-09-09,-1.375,-7.825689132400421,5.691410278109397
2025-09-10,0.875,4.806946958181463,5.493653666493101
2025-09-11,0.375,2.0542872833625454,5.478099422300121
2025-09-12,-1.25,-6.457615414807629,5.166092331846103
2025-09-15,0.75,3.7795855977800716,5.039447463706762
2025-09-16,0.4375,2.194599697288022,5.016227879515479
2025-09-17,-1.875,-8.356940800454977,4.457035093575987
2025-09-18,-0.375,-1.6536270543728415,4.409672144994244
2025-09-19,-0.6470039611872374,-2.8117363912220448,4.3457792531325055
2025-09-22,-0.25,-1.081906916603779,4.327627666415116
2025-09-23,0.46875,2.0128006909047715,4.293974807263512
2025-09-24,-0.625,-2.655180233603672,4.248288373765876
2025-09-25,-0.5,-2.103372062710227,4.206744125420454
2025-09-26,-0.14713840442993636,-0.8323711260803043,5.657062337363177
2025-09-29,0.0,0.0,5.814774230465564
2025-09-30,0.0,0.0,5.814118838477281
2025-10-01,0.0,0.0,5.813463594212789
2025-10-02,0.0,0.0,5.81280849762215
2025-10-03,-0.022315818049650497,-0.12970022401315037,5.812030897750652
2025-10-06,-0.375,-2.1661986147328833,5.776529639287689
2025-10-07,0.46875,2.6793402458136315,5.715925857735747
2025-10-08,0.0,0.0,5.833093321153681
2025-10-09,-0.28125,-1.6348723456324237,5.812879451137507
2025-10-10,1.5,7.951881275593546,5.301254183729031
2025-10-13,-0.15625,-0.8315100219707294,5.321664140612668
2025-10-14,0.25,1.32638388369781,5.30553553479124
2025-10-15,0.0,0.0,5.309261893095118
2025-10-16,0.84375,4.359482274652331,5.166793806995355
2025-10-17,-0.6165793420541916,-3.149192205212356,5.107521433852338
2025-10-20,0.625,3.140052107343783,5.024083371750053
2025-10-21,0.375,1.8780166321158158,5.0080443523088425
2025-10-22,0.3125,1.5612100981627615,4.995872314120836
2025-10-23,-1.4375,-6.688170989012694,4.652640688008831
2025-10-24,-0.0625,-0.28936460902117844,4.629833744338855
2025-10-27,0.3520760257907701,1.6227697709445315,4.609145900518948
2025-10-28,0.0,0.0,4.61391231677289
2025-10-29,-1.46875,-6.319130686651451,4.302386850486094
2025-10-30,-0.1875,-0.8018717162079848,4.276649153109252
2025-10-31,0.3205116160043058,1.3653432930514493,4.259887083259744
2025-11-03,0.0,0.0,4.263873618250032
2025-11-04,0.0,0.0,4.263394381001657
2025-11-05,0.0,0.0,4.262946705398538
2025-11-06,0.0,0.0,4.300231773209018
2025-11-07,0.0,0.0,4.467521933324243
2025-11-10,0.0,0.0,4.472455183444931
2025-11-11,0.0,0.0,4.496185539055495
2025-11-12,0.0,0.0,4.499287169940846
2025-11-13,0.0,0.0,4.857954334362543
2025-11-14,-0.012411362582973609,-0.06141246565481473,4.9480840837784195
2025-11-17,0.0,0.0,4.998317242576318
2025-11-18,0.0,0.0,4.997756088387391
2025-11-19,0.0,0.0,3.152993162800629
2025-11-20,0.0,0.0,3.203967254106376
2025-11-21,0.0,0.0,3.1742418496828
2025-11-24,-0.02390421501632751,-0.07623954570074991,3.189376670544309
2025-11-25,0.40625,1.2817913112823314,3.155178612387277
2025-11-26,0.0,0.0,3.1780554257144864
2025-11-27,0.0,0.0,3.176878431554834
2025-11-28,-0.5,-2.5662902522170397,5.132580504434079
2025-12-01,-0.96875,-4.794744909403563,4.949414100029484
2025-12-02,0.09375,0.2900210946196145,3.0935583426092212
2025-12-03,0.3125,0.9662259541080843,3.09192305314587
2025-12-04,-0.5625,-1.7247098238771001,3.0661507980037337
2025-12-05,-0.5241714042904457,-1.5780144333437236,3.010493171560612
2025-12-08,0.0,0.0,4.809972641456427
2025-12-09,0.0,0.0,2.99119558281617
2025-12-10,-0.02428574362978198,-0.07228381625993058,2.976388837906031
2025-12-11,0.0625,0.18524699284862234,2.9639518855779574
2025-12-12,0.1875,0.5554364896903569,2.9623279450152364
2025-12-15,-0.21875,-0.6515640685648927,2.978578599153795
2025-12-16,-0.375,-1.111355394853491,2.9636143862759763
2025-12-17,0.040809002032537775,0.1205874808666284,2.9549235428614935
2025-12-18,0.0,0.0,2.959744629060047
2025-12-19,0.0,0.0,2.988199984291835
2025-12-22,0.0,0.0,4.8713457747595506
2025-12-23,0.0,0.0,3.045248453402399
2025-12-24,0.0,0.0,3.087228251499856
2025-12-25,0.0,0.0,5.03148287677527
2025-12-26,0.0,0.0,5.1470973810988685
2025-12-29,0.0,0.0,5.14658862510419
2025-12-30,0.0,0.0,5.146011365858072
2025-12-31,0.0,0.0,5.145434236092233
2026-01-01,0.0,0.0,3.138893268964028
2026-01-02,0.0,0.0,5.14481455654676
2026-01-05,0.0,0.0,3.140062865874038
2026-01-06,0.0,0.0,3.135047419599147
2026-01-07,0.0,0.0,3.1345223192622695
2026-01-08,0.0,0.0,3.152711396845891
2026-01-09,0.0,0.0,3.152612961482873
2026-01-12,0.0,0.0,5.200391196486043
2026-01-13,0.0,0.0,3.222852781422518
2026-01-14,0.0,0.0,5.286386730022747
2026-01-15,0.0,0.0,5.285794130191946
2026-01-16,0.0,0.0,5.285201663206213
2026-01-19,-0.01934318923870064,-0.1022197109786851,5.284532437607047
2026-01-20,0.84375,4.337947465828041,5.141271070611012
2026-01-21,-0.6444378573674268,-3.2706437022828037,5.0751886545641645
2026-01-22,0.3125,1.576734295647958,5.0455497460734655
2026-01-23,-0.5,-2.5018633917639437,5.003726783527887
2026-01-26,-0.2692368343583334,-1.3412519423986382,4.981680703515982
2026-01-27,0.25,1.2413528952967716,4.9654115811870865
2026-01-28,-0.03125,-0.1562172275349553,4.998951281118569
2026-01-29,-0.1875,-0.9367317103248525,4.99590245506588
2026-01-30,-0.125,-0.6237641847275267,4.990113477820214
2026-02-02,0.5625,2.8054711835470982,4.987504326305952
2026-02-03,0.0,0.0,4.997788255281698
2026-02-04,-0.03125,-0.15620831187625916,4.998665980040293
2026-02-05,-1.03125,-5.069216378646679,4.915603761111932
2026-02-06,0.0,0.0,4.991778732084398
2026-02-09,-0.17486852057048216,-0.8781691506543402,5.021882427948986
2026-02-10,0.0,0.0,5.02498596166097
2026-02-11,-0.018453715525331708,-0.09323254076908433,5.052236805162762
2026-02-12,1.09375,5.288461994070466,4.835165251721569
2026-02-13,0.7755284427937925,3.6836425406174644,4.7498484096178
2026-02-16,-0.01808564154939411,-0.08611227001699796,4.761361093097791
2026-02-17,-0.125,-0.5947428597393568,4.7579428779148545
2026-02-18,-0.6875,-3.2161690195286154,4.678064028405259
2026-02-19,0.0625,0.29165284840814465,4.666445574530314
2026-02-20,-0.0625,-0.29226975555677537,4.676316088908406
2026-02-23,1.8125,7.621871238889604,4.205170338697712
2026-02-24,-0.375,-1.5792595710477282,4.2113588561272755
2026-02-25,-0.5,-2.1009003842413083,4.201800768482617
2026-02-26,1.0,4.103537007710225,4.103537007710225
2026-02-27,1.8125,6.894290447841062,3.8037464539812755
2026-03-02,-2.9375,-9.265734206680225,3.1542924958911405
2026-03-03,-0.26814449912760996,-0.8382633526840109,3.1261627794388627
2026-03-04,-0.3125,-1.0179839491576939,3.2575486373046205
2026-03-05,0.125,0.4141913929716174,3.313531143772939
2026-03-06,-0.90625,-2.9545993779085284,3.2602475894163074
2026-03-09,-0.14314614795218078,-0.4831756072399548,3.3754006946897643
2026-03-10,0.0,0.0,3.4215166092193874
2026-03-11,0.0,0.0,3.4378084491225316
2026-03-12,0.0,0.0,3.7753887846797984
2026-03-13,0.0,0.0,3.78987215256429
2026-03-16,-0.018479762869493342,-0.07086028744727055,3.834480341966277
2026-03-17,-0.5625,-2.141078528185952,3.8063618278861373
2026-03-18,-0.0625,-0.23888470298904105,3.8221552478246568
2026-03-19,0.59375,2.2711384636099936,3.825075307132621
2026-03-20,2.34375,7.817141268520487,3.3353136079020747
2026-03-23,-0.625,-2.081436779420952,3.3302988470735233
2026-03-24,0.84375,2.7558141041273307,3.2661500493360958
2026-03-25,0.03125,0.10233539531466744,3.274732650069358
2026-03-26,0.01197894380973031,0.039227332925275894,3.2746904525432488
2026-03-27,0.8125,2.618858026759358,3.223209879088441
2026-03-30,-2.1875,-6.348605009416033,2.902219432875901
2026-03-31,-0.5193869462033927,-1.4923663827558258,2.8733228543087277
2026-04-01,-0.28125,-0.8090711758607922,2.8766975141717057
2026-04-02,-0.03125,-0.08980185081154649,2.8736592259694875
2026-04-03,0.15625,0.4494365108896572,2.876393669693806
