,US10
1982-08-30,0.0
1982-08-31,0.0
1982-09-01,0.0
1982-09-02,0.0
1982-09-03,0.0
1982-09-06,0.0
1982-09-07,0.0
1982-09-08,0.0
1982-09-09,0.0
1982-09-10,0.0
1982-09-13,0.0
1982-09-14,0.0
1982-09-15,0.0
1982-09-16,0.0
1982-09-17,0.0
1982-09-20,0.0
1982-09-21,-0.0053515192053099625
1982-09-22,-0.01920574843820022
1982-09-23,0.38814773533510927
1982-09-24,-0.365412884729055
1982-09-27,-0.2549967403457698
1982-09-28,0.6988148533246585
1982-09-29,0.5918223625430041
1982-09-30,1.1796558244741018
1982-10-01,2.790530107216904
1982-10-04,0.35039478902172405
1982-10-05,0.9338098970951947
1982-10-06,2.1702490683346287
1982-10-07,5.031016042248004
1982-10-08,5.665295528990488
1982-10-11,9.45922438189928
1982-10-12,9.233464731611619
1982-10-13,10.132123289045891
1982-10-14,7.673001921805844
1982-10-15,5.822372201274795
1982-10-18,7.961775841565899
1982-10-19,8.811974826318236
1982-10-20,7.812264807601443
1982-10-21,8.024520203941421
1982-10-22,6.464916193497028
1982-10-25,3.589982663878155
1982-10-26,5.220752397078887
1982-10-27,4.8952256943504135
1982-10-28,5.691773814466883
1982-10-29,6.375467476329222
1982-11-01,6.9362977833184125
1982-11-02,6.928723471556353
1982-11-03,7.88105741497489
1982-11-04,8.123899243935973
1982-11-05,7.155913150926052
1982-11-08,6.523023538878392
1982-11-09,6.937602327206127
1982-11-10,7.0645907299696775
1982-11-11,5.793198715051284
1982-11-12,6.477035807296483
1982-11-15,5.820831349682032
1982-11-16,4.916620020148743
1982-11-17,6.05711176246122
1982-11-18,6.676883009323098
1982-11-19,6.782195134150615
1982-11-22,6.387092643469527
1982-11-23,5.788665247350022
1982-11-24,5.639899936845927
1982-11-25,5.637626728573997
1982-11-26,5.036812726555229
1982-11-29,3.557141273909048
1982-11-30,3.636311261555303
1982-12-01,3.65351903846729
1982-12-02,3.6859107631667998
1982-12-03,3.802557412775376
1982-12-06,3.7924804833682435
1982-12-07,3.7177492933113676
1982-12-08,2.9074543769573635
1982-12-09,3.0982193598072527
1982-12-10,2.4892955017133955
1982-12-13,2.9129773387631674
1982-12-14,3.202420087528446
1982-12-15,3.119623481323708
1982-12-16,2.752259822671488
1982-12-17,2.8678561149720005
1982-12-20,2.752129776842649
1982-12-21,3.3879085798368624
1982-12-22,3.250054011991854
1982-12-23,3.5641117380423193
1982-12-24,3.5576933528223886
1982-12-27,4.020466794992816
1982-12-28,4.01195966040484
1982-12-29,3.61979646721029
1982-12-30,3.67160636544388
1982-12-31,3.67160636544388
1983-01-03,5.019337248194633
1983-01-04,4.4857888207791685
1983-01-05,4.55109243879217
1983-01-06,4.289714707695191
1983-01-07,4.420076851079813
1983-01-10,4.550601947143651
1983-01-11,5.465419714181152
1983-01-12,5.661107505593743
1983-01-13,5.865021749249766
1983-01-14,6.241381064533558
1983-01-17,6.23729353854463
1983-01-18,6.235259773371027
1983-01-19,4.469098579638731
1983-01-20,4.0060574589933395
1983-01-21,1.7229062982868193
1983-01-24,0.562558204879493
1983-01-25,0.9493294330908508
1983-01-26,0.9493294330908508
1983-01-27,0.9473997236529197
1983-01-28,0.969481967342456
1983-01-31,1.0085800106673704
1983-02-01,0.9819896544141615
1983-02-02,0.9819896544141615
1983-02-03,1.2091991311365957
1983-02-04,1.3932662502516013
1983-02-07,1.184169470046359
1983-02-08,1.184169470046359
1983-02-09,1.2727056183326368
1983-02-10,0.29795582675617993
1983-02-11,-0.1538328476877182
1983-02-14,-0.18854666125638353
1983-02-15,-0.20651123383850223
1983-02-16,-0.11295483812022722
1983-02-17,0.07250493664263669
1983-02-18,0.32053449956070956
1983-02-21,0.30589558732625477
1983-02-22,1.5597192821678263
1983-02-23,0.9718125216920726
1983-02-24,1.7935326926153516
1983-02-25,4.74819190892648
1983-02-28,3.6949858072645503
1983-03-01,5.282815277438302
1983-03-02,5.161942828698307
1983-03-03,5.7844447066975
1983-03-04,4.364366319883195
1983-03-07,1.1029798723868556
1983-03-08,-0.5655649632350102
1983-03-09,-0.49912095583876104
1983-03-10,-0.8944853265799302
1983-03-11,-1.1475812554450515
1983-03-14,-0.3898813447980265
1983-03-15,-0.10972788608025752
1983-03-16,-0.4307972447865849
1983-03-17,-0.6174894999526059
1983-03-18,-0.4777328445619067
1983-03-21,-0.7109881582074595
1983-03-22,-0.8506133311099839
1983-03-23,-0.24642175609643768
1983-03-24,0.0341351827145564
1983-03-25,-0.7196295702246003
1983-03-28,-0.6141441766429723
1983-03-29,-0.29908340077933193
1983-03-30,-0.1495320258804944
1983-03-31,-0.39915819581578527
1983-04-01,-0.39915819581578527
1983-04-04,-0.050555249501138544
1983-04-05,0.9989139203790964
1983-04-06,1.1365374673968365
1983-04-07,0.598639013697122
1983-04-08,0.07049615887522176
1983-04-11,1.8217298416555394
1983-04-12,1.6435418144326475
1983-04-13,2.2643802290325032
1983-04-14,4.298052855324119
1983-04-15,3.6616340702998684
1983-04-18,4.644663405693739
1983-04-19,1.5784629171753828
1983-04-20,2.0945097594917694
1983-04-21,0.8676441623859166
1983-04-22,0.9551260941565776
1983-04-25,1.426650948099284
1983-04-26,1.9591408655768028
1983-04-27,3.1061812003145395
1983-04-28,3.1731491821039626
1983-04-29,3.651603708295892
1983-05-02,3.7515894456540577
1983-05-03,4.349680215876717
1983-05-04,6.451042695391052
1983-05-05,4.9383892350746805
1983-05-06,5.725427154337748
1983-05-09,2.7122524804391146
1983-05-10,4.850479240416439
1983-05-11,4.486779140551245
1983-05-12,3.641089271882403
1983-05-13,4.117011940161963
1983-05-16,1.042306431304052
1983-05-17,0.4373481062542872
1983-05-18,0.3097239937411178
1983-05-19,-0.353577857882148
1983-05-20,-0.5363229478011045
1983-05-23,-0.5925651536847321
1983-05-24,-0.5974452449801215
1983-05-25,-0.5881262554718436
1983-05-26,-0.48560776067279043
1983-05-27,-0.4811579268281019
1983-05-30,-0.48278425560982496
1983-05-31,0.19206686365682568
1983-06-01,-0.0750707544864393
1983-06-02,0.0685713313039793
1983-06-03,0.2843441882371067
1983-06-06,-0.2922907908452621
1983-06-07,0.7094055579460301
1983-06-08,1.8172090190834211
1983-06-09,1.038956716803363
1983-06-10,1.2094599562629815
1983-06-13,-1.2670090170418313
1983-06-14,-0.7105072211015973
1983-06-15,-0.89980055490122
1983-06-16,-1.2758867693442366
1983-06-17,-1.1488928170135138
1983-06-20,-1.3157040603848036
1983-06-21,-1.273659164041041
1983-06-22,-1.2750624286249623
1983-06-23,-1.2668712305952567
1983-06-24,-0.9748275156272634
1983-06-27,-0.5987381970609773
1983-06-28,-1.2449085556748951
1983-06-29,-2.207770697257072
1983-06-30,-2.9269720216776984
1983-07-01,-3.1443551365829547
1983-07-04,-3.149576327814796
1983-07-05,-1.1429566123567159
1983-07-06,-1.4500888683981583
1983-07-07,-0.07039011255572936
1983-07-08,1.2232371542043152
1983-07-11,-0.2654192488304452
1983-07-12,2.8762200448314124
1983-07-13,2.471144928404878
1983-07-14,1.664184662093704
1983-07-15,3.7991325399976628
1983-07-18,0.5294598649877358
1983-07-19,-0.4066221474048559
1983-07-20,-1.339217893050637
1983-07-21,-0.5135419113545203
1983-07-22,0.7176030074924622
1983-07-25,0.09302669876787295
1983-07-26,0.9563290540447467
1983-07-27,1.1698990808618914
1983-07-28,2.9741743574286383
1983-07-29,4.365532122652471
1983-08-01,4.468279421893118
1983-08-02,4.041445736911253
1983-08-03,4.194256610337321
1983-08-04,8.326210099040999
1983-08-05,7.844428777618462
1983-08-08,9.695080633061725
1983-08-09,8.7963698472157
1983-08-10,10.346718117538533
1983-08-11,7.398391742835542
1983-08-12,3.376700884969752
1983-08-15,-1.7047900519452264
1983-08-16,-2.215131548902294
1983-08-17,-3.3231550904970764
1983-08-18,-2.7401951725405382
1983-08-19,-2.5699905140924906
1983-08-22,-3.358564653369056
1983-08-23,-3.218516266026372
1983-08-24,-3.230613951493122
1983-08-25,-3.195644757246685
1983-08-26,-3.195644757246685
1983-08-29,-3.195644757246685
1983-08-30,-3.208832686565566
1983-08-31,-2.8537889887529144
1983-09-01,-3.3474594558584703
1983-09-02,-2.8823191044897833
1983-09-05,-2.8823191044897833
1983-09-06,-4.8853712729596825
1983-09-07,-6.071639268814188
1983-09-08,-5.86190866534726
1983-09-09,-6.006057617703442
1983-09-12,-6.3594848104117645
1983-09-13,-6.330815190148287
1983-09-14,-6.393583691368809
1983-09-15,-6.448834198476616
1983-09-16,-6.4553682657044416
1983-09-19,-6.513833660538371
1983-09-20,-6.691730428383513
1983-09-21,-6.6282669305601445
1983-09-22,-6.581581064025432
1983-09-23,-6.464808040355463
1983-09-26,-6.415572634220668
1983-09-27,-6.634055198032273
1983-09-28,-6.852881631161889
1983-09-29,-6.852881631161889
1983-09-30,-6.5472426490141515
1983-10-03,-6.722466569047247
1983-10-04,-6.722466569047247
1983-10-05,-5.760542005540548
1983-10-06,-5.761844964854868
1983-10-07,-6.048467439781257
1983-10-10,-6.66208838681519
1983-10-11,-7.883912681318861
1983-10-12,-8.046107755692578
1983-10-13,-8.168719586184825
1983-10-14,-8.212415177548305
1983-10-17,-8.48777793201566
1983-10-18,-8.323869090526726
1983-10-19,-8.323869090526726
1983-10-20,-8.327691518574564
1983-10-21,-8.251616725408628
1983-10-24,-8.669684900681496
1983-10-25,-8.794195384785885
1983-10-26,-8.801933740639578
1983-10-27,-8.787397508183414
1983-10-28,-8.743064277980196
1983-10-31,-8.563402185777457
1983-11-01,-8.79866276018607
1983-11-02,-8.730261757256208
1983-11-03,-8.42222639068696
1983-11-04,-7.9757847443415635
1983-11-07,-8.088121323806341
1983-11-08,-8.306412035662303
1983-11-09,-8.088639764246997
1983-11-10,-9.125514796906586
1983-11-11,-10.210911834604774
1983-11-14,-9.714982711229359
1983-11-15,-9.699179900152732
1983-11-16,-9.693536098896482
1983-11-17,-9.693536098896482
1983-11-18,-9.676603636915026
1983-11-21,-9.758094162558317
1983-11-22,-9.916017497773844
1983-11-23,-9.904531417763485
1983-11-24,-9.906983410132863
1983-11-25,-9.769028478479635
1983-11-28,-10.050288652695105
1983-11-29,-9.742316600544655
1983-11-30,-9.967960809043285
1983-12-01,-10.025458903863328
1983-12-02,-10.534025808850478
1983-12-05,-10.54747866141147
1983-12-06,-10.563548296476366
1983-12-07,-10.429393618921079
1983-12-08,-10.098414481741258
1983-12-09,-10.039613866697216
1983-12-12,-10.365028742517868
1983-12-13,-9.591927115422072
1983-12-14,-9.33446779636029
1983-12-15,-9.693571515884036
1983-12-16,-10.675653925648799
1983-12-19,-10.842400004211095
1983-12-20,-10.847236593261457
1983-12-21,-11.083679272695967
1983-12-22,-11.66800683353303
1983-12-23,-11.545023349550965
1983-12-26,-11.54621278458896
1983-12-27,-11.7203561781693
1983-12-28,-11.498065321513806
1983-12-29,-11.485418409584414
1983-12-30,-11.485418409584414
1984-01-02,-11.486599356942385
1984-01-03,-11.467237050551727
1984-01-04,-11.509869081740653
1984-01-05,-11.511047490527758
1984-01-06,-11.667082096464643
1984-01-09,-11.614998030449575
1984-01-10,-11.65919053143435
1984-01-11,-11.637443061636453
1984-01-12,-11.662295030775372
1984-01-13,-11.405563575708555
1984-01-16,-11.391324061805918
1984-01-17,-11.598973512421718
1984-01-18,-11.861414059806707
1984-01-19,-11.704417203600737
1984-01-20,-11.914119212742191
1984-01-23,-11.75837813416617
1984-01-24,-11.808014046465697
1984-01-25,-11.808014046465697
1984-01-26,-11.659190070169101
1984-01-27,-11.708881775754632
1984-01-30,-11.857873037758038
1984-01-31,-11.859030538785165
1984-02-01,-11.719713588728354
1984-02-02,-11.19003187026072
1984-02-03,-11.281176589404819
1984-02-06,-11.732651009777362
1984-02-07,-11.842985196015132
1984-02-08,-11.901499419498563
1984-02-09,-12.092123221312857
1984-02-10,-12.519731399383382
1984-02-13,-12.887595501466652
1984-02-14,-12.926752174596656
1984-02-15,-13.04867592600284
1984-02-16,-13.04867592600284
1984-02-17,-12.517220786646988
1984-02-20,-12.51833163182523
1984-02-21,-12.709697781380614
1984-02-22,-12.595129259718673
1984-02-23,-11.86857627169009
1984-02-24,-12.30504452004576
1984-02-27,-11.68843936432733
1984-02-28,-11.412465737340849
1984-02-29,-12.107926066578278
1984-03-01,-11.800303807811297
1984-03-02,-12.494876415324786
1984-03-05,-11.430619699914867
1984-03-06,-11.198125076627141
1984-03-07,-10.26904285162954
1984-03-08,-10.07724888983258
1984-03-09,-9.714190221705243
1984-03-12,-10.170137911572342
1984-03-13,-9.923105790829167
1984-03-14,-9.056115684065901
1984-03-15,-9.184392750063308
1984-03-16,-8.38408021117325
1984-03-19,-6.505635633770845
1984-03-20,-6.818216430779955
1984-03-21,-6.995105572882898
1984-03-22,-6.274317641072747
1984-03-23,-5.731710278954649
1984-03-26,-6.677630336572982
1984-03-27,-6.286842913607382
1984-03-28,-8.445174062753358
1984-03-29,-9.608935973625243
1984-03-30,-6.873639313911417
1984-04-02,-6.745590567968051
1984-04-03,-5.465467926478029
1984-04-04,-5.066406417784064
1984-04-05,-6.034035422205896
1984-04-06,-9.205386726706443
1984-04-09,-9.907920122440327
1984-04-10,-9.257281813628582
1984-04-11,-9.521002838357727
1984-04-12,-10.397518123361138
1984-04-13,-8.582747462560524
1984-04-16,-8.188510560992823
1984-04-17,-8.592712053760565
1984-04-18,-6.821695849802179
1984-04-19,-6.016669418245302
1984-04-20,-6.026128224313554
1984-04-23,-6.026128224313554
1984-04-24,-6.857361583094179
1984-04-25,-7.585038445726255
1984-04-26,-8.310032207441331
1984-04-27,-6.4296372590828765
1984-04-30,-5.938392854693064
1984-05-01,-5.8169045971157125
1984-05-02,-5.690356348245618
1984-05-03,-5.415286480555337
1984-05-04,-2.3757896919441523
1984-05-07,-0.9814979864611995
1984-05-08,-2.5800665816255397
1984-05-09,0.9392285131132327
1984-05-10,1.7972119554746868
1984-05-11,10.012994994464751
1984-05-14,11.244773165813005
1984-05-15,7.983910752390111
1984-05-16,4.78940139475359
1984-05-17,9.105348814319502
1984-05-18,7.059623524051006
1984-05-21,6.052581356439091
1984-05-22,7.937198164389381
1984-05-23,7.758427179929606
1984-05-24,12.577249345382068
1984-05-25,13.506015855448773
1984-05-28,13.502475520100997
1984-05-29,16.222987980223436
1984-05-30,19.008707723374417
1984-05-31,17.032667131419288
1984-06-01,7.596908343948616
1984-06-04,2.5260887522356112
1984-06-05,2.1546787453837757
1984-06-06,3.3972355660853326
1984-06-07,3.862523126132711
1984-06-08,3.2759945950816993
1984-06-11,4.115112051166725
1984-06-12,3.722362720741468
1984-06-13,2.510107606442813
1984-06-14,1.7337356089592193
1984-06-15,-0.007845931488881241
1984-06-18,0.12973781514067362
1984-06-19,0.37781527657325675
1984-06-20,0.744821663678219
1984-06-21,0.8169678096803246
1984-06-22,1.029351017481095
1984-06-25,0.759508123822461
1984-06-26,1.3093807139636926
1984-06-27,0.8131768509294757
1984-06-28,1.2542344996522958
1984-06-29,1.873258621755558
1984-07-02,1.869860940902579
1984-07-03,0.23880302806069675
1984-07-04,0.23768122949037185
1984-07-05,0.1374435482608849
1984-07-06,-0.26759197089970543
1984-07-09,-3.236927131724099
1984-07-10,-2.939121804082201
1984-07-11,-2.741165135484269
1984-07-12,-3.2335379869858794
1984-07-13,-3.619040399966411
1984-07-16,-3.6407982741438416
1984-07-17,-3.66712198180823
1984-07-18,-3.6039035306087874
1984-07-19,-3.5135321901687333
1984-07-20,-3.6684160837308633
1984-07-23,-3.560043051825057
1984-07-24,-3.584153041062099
1984-07-25,-3.1020738062674247
1984-07-26,-2.8789129287163817
1984-07-27,-3.0399844231040474
1984-07-30,-3.916115894269223
1984-07-31,-2.782281449516766
1984-08-01,-2.0531485603881405
1984-08-02,-1.6269990173415683
1984-08-03,-0.21153445754787947
1984-08-06,-1.8404232982067725
1984-08-07,-1.1557059201646513
1984-08-08,-1.0630393944648042
1984-08-09,-0.5065189910586687
1984-08-10,-1.159444960179845
1984-08-13,-2.271401204377821
1984-08-14,-1.5467721152169878
1984-08-15,-2.202436105119032
1984-08-16,-1.5733764479868628
1984-08-17,-1.5118598082668466
1984-08-20,-1.5734148958866823
1984-08-21,-0.7736988919157639
1984-08-22,-1.148211697333823
1984-08-23,-1.555975324082326
1984-08-24,-1.2175739892588577
1984-08-27,-2.711658182671328
1984-08-28,-2.588616366374741
1984-08-29,-2.788870796309484
1984-08-30,-2.725603317480352
1984-08-31,-2.5553731232859533
1984-09-03,-2.5553731232859533
1984-09-04,-2.872068160635266
1984-09-05,-3.021323274772836
1984-09-06,-2.723045111038991
1984-09-07,-2.6840960662137148
1984-09-10,-2.5246690370630986
1984-09-11,-2.179175928227506
1984-09-12,-2.054369705596948
1984-09-13,-0.6818856395412354
1984-09-14,0.04813962677363559
1984-09-17,0.16885588828292608
1984-09-18,0.7536116859256925
1984-09-19,4.0558015078267395
1984-09-20,3.1875669978597365
1984-09-21,-1.1140647013635374
1984-09-24,-3.2833189866533274
1984-09-25,-4.3362886141887325
1984-09-26,-3.389209110023539
1984-09-27,-1.5777567808364812
1984-09-28,-3.5020262328188556
1984-10-01,-4.0148147466310675
1984-10-02,-4.088717172294509
1984-10-03,-4.26201412349757
1984-10-04,-4.010161406496982
1984-10-05,-3.155251906523604
1984-10-08,-2.886622456205068
1984-10-09,-3.058016002519137
1984-10-10,-3.3500923124527793
1984-10-11,-2.670522649024709
1984-10-12,-2.2168000972279778
1984-10-15,-3.129396151220676
1984-10-16,-2.847865958785145
1984-10-17,-1.8125885304084433
1984-10-18,0.6605068959818938
1984-10-19,2.2088677971469295
1984-10-22,2.835646337268871
1984-10-23,4.717175665267415
1984-10-24,5.970196916473602
1984-10-25,3.382996791048054
1984-10-26,-0.2806381577347139
1984-10-29,0.09493652332206448
1984-10-30,5.095662980276305
1984-10-31,4.015148195260343
1984-11-01,7.2233654224079125
1984-11-02,6.745171728275046
1984-11-05,9.295617031198699
1984-11-06,9.821107004885832
1984-11-07,4.733529460224073
1984-11-08,0.7328210920198197
1984-11-09,3.4319158533146155
1984-11-12,3.218587526867167
1984-11-13,1.9412575062221826
1984-11-14,1.596273597745279
1984-11-15,2.736458771031436
1984-11-16,3.1859307781546997
1984-11-19,4.176274994281726
1984-11-20,5.2434633497341565
1984-11-21,7.535532290229674
1984-11-22,7.523700693614144
1984-11-23,12.395868381293539
1984-11-26,11.684042936016414
1984-11-27,11.682494237268104
1984-11-28,8.299052057916146
1984-11-29,7.513883930496257
1984-11-30,2.056036729913835
1984-12-03,2.2075797358171334
1984-12-04,3.0081356534279458
1984-12-05,2.7956813736427444
1984-12-06,1.5235848166439192
1984-12-07,-0.2619847506021289
1984-12-10,0.6292008645196523
1984-12-11,1.3839198710035472
1984-12-12,1.8260408362894553
1984-12-13,0.2150163841315278
1984-12-14,1.7563632422761044
1984-12-17,2.66581073875396
1984-12-18,4.7773518777504576
1984-12-19,3.743616456321508
1984-12-20,3.633388863836662
1984-12-21,3.9637202908401337
1984-12-24,4.5145327441014516
1984-12-25,4.510025938351037
1984-12-26,1.903807166513416
1984-12-27,1.2914319731386348
1984-12-28,1.8093487202340608
1984-12-31,-0.00413030384510682
1985-01-01,-0.01569118715003537
1985-01-02,-1.3217362210178885
1985-01-03,-0.32280556687029893
1985-01-04,-0.4910108324762019
1985-01-07,0.4045700700314958
1985-01-08,0.5339380377770597
1985-01-09,0.41675887415881796
1985-01-10,0.33848945636565375
1985-01-11,-1.1289609519336885
1985-01-14,-1.454646525005665
1985-01-15,-0.5382083729490783
1985-01-16,-0.351717513648353
1985-01-17,-0.16633406860233624
1985-01-18,0.8776249804554936
1985-01-21,0.6419745818224465
1985-01-22,3.092219313369493
1985-01-23,3.4942002367998715
1985-01-24,7.143103045081456
1985-01-25,5.780876743494212
1985-01-28,5.45539324691604
1985-01-29,5.290619194967738
1985-01-30,5.455135787459864
1985-01-31,3.972172940448715
1985-02-01,0.23567297540134646
1985-02-04,-0.25728587560117644
1985-02-05,0.3714114053501083
1985-02-06,-0.9930124684413677
1985-02-07,-1.360451064512902
1985-02-08,-0.513839388820847
1985-02-11,-1.0112701918767453
1985-02-12,-0.9494022357466547
1985-02-13,-0.9494022357466547
1985-02-14,0.041103741895875956
1985-02-15,-0.9908961915537029
1985-02-18,-0.9908961915537029
1985-02-19,-0.6196120522720339
1985-02-20,-2.6320649082135272
1985-02-21,-3.745254953049637
1985-02-22,-4.219248488032301
1985-02-25,-4.247920708230046
1985-02-26,-4.401535854833638
1985-02-27,-3.7323466058174826
1985-02-28,-3.640050056358901
1985-03-01,-3.9765897925083005
1985-03-04,-3.3914471365564025
1985-03-05,-3.980155505568017
1985-03-06,-3.5750717866071424
1985-03-07,-3.123079935606865
1985-03-08,-4.712466905413315
1985-03-11,-4.769205042902258
1985-03-12,-4.633049976055304
1985-03-13,-4.585366501043331
1985-03-14,-4.586713523624175
1985-03-15,-4.571518070367853
1985-03-18,-4.431033878729707
1985-03-19,-4.581045427663344
1985-03-20,-4.974648615274235
1985-03-21,-5.238609382409187
1985-03-22,-5.086587016539723
1985-03-25,-5.166670208744517
1985-03-26,-5.312878720433211
1985-03-27,-5.323461743836788
1985-03-28,-5.039432129068311
1985-03-29,-4.588369431681382
1985-04-01,-4.669255897728641
1985-04-02,-4.9400381742673805
1985-04-03,-4.990538778987297
1985-04-04,-5.242907660355611
1985-04-05,-5.242907660355611
1985-04-08,-5.293247365661047
1985-04-09,-4.441765144192744
1985-04-10,-3.857762847753332
1985-04-11,-2.830393823586641
1985-04-12,-2.9771512816903045
1985-04-15,-2.10785959230978
1985-04-16,0.026914624640617113
1985-04-17,-1.2315513983403248
1985-04-18,1.750021143822278
1985-04-19,1.3084534178272378
1985-04-22,2.522778512144641
1985-04-23,-0.15021596212289046
1985-04-24,-0.31927565593742324
1985-04-25,-2.810907644409122
1985-04-26,-1.4601698124277362
1985-04-29,-3.08607701052267
1985-04-30,-1.8961044429308904
1985-05-01,-1.2584291218099453
1985-05-02,-0.7784222317372969
1985-05-03,0.30444436222756277
1985-05-06,0.6835300563989843
1985-05-07,0.676651064110656
1985-05-08,-1.7612316678553674
1985-05-09,0.717304325224366
1985-05-10,3.786034691383544
1985-05-13,3.527280542990785
1985-05-14,7.416690935111148
1985-05-15,6.462554382366115
1985-05-16,9.402092707900668
1985-05-17,8.289475374777444
1985-05-20,16.81727156054118
1985-05-21,15.589015089138524
1985-05-22,14.595671990716252
1985-05-23,15.186555924418377
1985-05-24,16.77037106837913
1985-05-27,16.77037106837913
1985-05-28,21.78784795022355
1985-05-29,21.78784795022355
1985-05-30,24.509045177861367
1985-05-31,27.077044234654736
1985-06-03,36.25041836534388
1985-06-04,36.25041836534388
1985-06-05,45.14927381483042
1985-06-06,41.40286711782033
1985-06-07,30.159206874960876
1985-06-10,31.624074726650342
1985-06-11,34.696809206127185
1985-06-12,32.752124023213725
1985-06-13,31.183989558189506
1985-06-14,37.55259873957593
1985-06-17,37.376359472440846
1985-06-18,40.19046229587724
1985-06-19,34.85446282474041
1985-06-20,31.845522622963387
1985-06-21,25.94936683682427
1985-06-24,23.0934464537488
1985-06-25,22.310377615011202
1985-06-26,21.960533701823714
1985-06-27,23.728874236161836
1985-06-28,24.48284706353845
1985-07-01,25.178890141403066
1985-07-02,24.574275428907843
1985-07-03,24.385421084226454
1985-07-04,24.385421084226454
1985-07-05,29.43857881577314
1985-07-08,27.485318568020766
1985-07-09,27.963388512650834
1985-07-10,26.84370886316514
1985-07-11,22.879842961191233
1985-07-12,23.168989957395624
1985-07-15,23.166983494473946
1985-07-16,24.55261205878678
1985-07-17,25.720292796837896
1985-07-18,21.001656243767886
1985-07-19,20.983841669961567
1985-07-22,19.240720978112936
1985-07-23,19.15072995816476
1985-07-24,18.70000156950853
1985-07-25,18.551441686921066
1985-07-26,18.223478969359874
1985-07-29,17.739309850710107
1985-07-30,17.819881827037044
1985-07-31,18.0702490759195
1985-08-01,18.304448505506386
1985-08-02,17.754750027360245
1985-08-05,18.148293864398557
1985-08-06,18.00060849706806
1985-08-07,18.66436191986407
1985-08-08,19.441134842215902
1985-08-09,19.673785838317514
1985-08-12,19.798616663410407
1985-08-13,18.328919952273637
1985-08-14,19.86719591165318
1985-08-15,20.061980105009614
1985-08-16,21.780772187451802
1985-08-19,22.562347104572034
1985-08-20,23.02722338525367
1985-08-21,24.682031000637572
1985-08-22,25.127739077321245
1985-08-23,24.433436847220058
1985-08-26,23.33686718500394
1985-08-27,26.235283563851542
1985-08-28,24.937427054710692
1985-08-29,26.221939976616948
1985-08-30,21.39978890667389
1985-09-02,21.38006760065665
1985-09-03,22.389039412587096
1985-09-04,24.274459224112952
1985-09-05,21.897710191451793
1985-09-06,16.408278963800615
1985-09-09,16.369926236092724
1985-09-10,16.567822263002085
1985-09-11,16.447611696293365
1985-09-12,16.327525096731566
1985-09-13,17.085379369307184
1985-09-16,17.33960073734293
1985-09-17,16.88636032326356
1985-09-18,16.711030782778668
1985-09-19,16.886097328952854
1985-09-20,17.587413912926575
1985-09-23,17.22892453199105
1985-09-24,18.0641806192815
1985-09-25,18.687416102354625
1985-09-26,19.530836125833638
1985-09-27,18.054922888136304
1985-09-30,18.43122295484223
1985-10-01,19.060388826789843
1985-10-02,17.668870532376737
1985-10-03,18.292100222852813
1985-10-04,17.316190396014285
1985-10-07,15.860635291436399
1985-10-08,16.40881165008623
1985-10-09,16.059585215135975
1985-10-10,16.667035196797066
1985-10-11,16.91859849144017
1985-10-14,17.758950918097383
1985-10-15,18.08811646765287
1985-10-16,19.215316279928075
1985-10-17,20.18555738011374
1985-10-18,20.923339316521663
1985-10-21,20.73420753199926
1985-10-22,23.131879481559547
1985-10-23,22.912342485235836
1985-10-24,22.449470625161783
1985-10-25,20.34869689474885
1985-10-28,17.591901426456058
1985-10-29,25.591154675580174
1985-10-30,28.171616536671685
1985-10-31,28.716194041272413
1985-11-01,28.70393468332617
1985-11-04,29.375545015430895
1985-11-05,31.950862473929465
1985-11-06,32.19205456248253
1985-11-07,33.491245169647634
1985-11-08,37.226902727162155
1985-11-11,36.111934142503955
1985-11-12,42.468772006064384
1985-11-13,39.53035358343931
1985-11-14,37.80366545784424
1985-11-15,34.34453678973508
1985-11-18,44.59458335691775
1985-11-19,44.58546367243026
1985-11-20,44.3098476323047
1985-11-21,45.96039151459919
1985-11-22,42.62154755870273
1985-11-25,42.62154755870273
1985-11-26,43.16529220877028
1985-11-27,46.16728942977293
1985-11-28,46.16728942977293
1985-11-29,48.39634059357696
1985-12-02,42.17296905993384
1985-12-03,43.241363027158286
1985-12-04,46.6254402286749
1985-12-05,46.87287065906081
1985-12-06,46.12702863269313
1985-12-09,55.41979435980344
1985-12-10,60.228094247809864
1985-12-11,68.21446332047412
1985-12-12,64.45592140565728
1985-12-13,66.1518730951531
1985-12-16,69.57875547774064
1985-12-17,76.28241565522006
1985-12-18,72.64659083233116
1985-12-19,72.94332716032423
1985-12-20,77.10477597011956
1985-12-23,74.97398413422904
1985-12-24,75.27472066945975
1985-12-25,75.27472066945975
1985-12-26,77.08224122636354
1985-12-27,80.43020234954945
1985-12-30,78.2565220023673
1985-12-31,79.18953672837796
1986-01-01,79.18669009867526
1986-01-02,76.9132589680483
1986-01-03,76.9132589680483
1986-01-06,75.94850459818043
1986-01-07,84.70744109270862
1986-01-08,71.76637600115072
1986-01-09,65.07390347543429
1986-01-10,62.09901882361615
1986-01-13,55.69759609217617
1986-01-14,58.39128333869568
1986-01-15,59.97519617208265
1986-01-16,60.29250016734735
1986-01-17,61.13350106596713
1986-01-20,60.91140496920837
1986-01-21,61.534707338755744
1986-01-22,60.16647534207793
1986-01-23,61.617984024865514
1986-01-24,61.76181415247319
1986-01-27,65.39885744886489
1986-01-28,68.26702826757827
1986-01-29,66.10789893002517
1986-01-30,65.87950056899639
1986-01-31,67.24800644869062
1986-02-03,70.46483113958932
1986-02-04,73.80990102398293
1986-02-05,69.2769991384902
1986-02-06,66.25117277888968
1986-02-07,61.64502971904513
1986-02-10,66.60756361903665
1986-02-11,70.36664677319118
1986-02-12,70.96284079533864
1986-02-13,74.09352279577632
1986-02-14,82.51179886745427
1986-02-17,82.51179886745427
1986-02-18,84.25706794412429
1986-02-19,79.55851271154913
1986-02-20,82.42022650788942
1986-02-21,93.46805147577348
1986-02-24,100.86820444472183
1986-02-25,98.3071348380516
1986-02-26,102.41581078797748
1986-02-27,118.22322051170109
1986-02-28,119.94870356783069
1986-03-03,128.67104434369247
1986-03-04,131.69378971111064
1986-03-05,114.33847677556277
1986-03-06,119.04022109177745
1986-03-07,123.81119090743273
1986-03-10,137.00206297153957
1986-03-11,138.21669854426872
1986-03-12,139.13234397929824
1986-03-13,135.14929587489303
1986-03-14,138.16214622829008
1986-03-17,135.11069372974012
1986-03-18,129.38721777925676
1986-03-19,132.32624150705345
1986-03-20,134.7075854825008
1986-03-21,130.19311076970416
1986-03-24,138.95483604837605
1986-03-25,139.26846427068958
1986-03-26,144.6071418797293
1986-03-27,152.95054503997733
1986-03-28,152.95054503997733
1986-03-31,160.76829782261913
1986-04-01,160.06748302222084
1986-04-02,161.81481142377643
1986-04-03,155.12216663464216
1986-04-04,149.74068343219264
1986-04-07,149.74068343219264
1986-04-08,165.19338821955952
1986-04-09,170.04145484794836
1986-04-10,168.90221746030852
1986-04-11,163.23006131075513
1986-04-14,173.2245777011478
1986-04-15,168.2296908900487
1986-04-16,188.59838304201176
1986-04-17,180.8732235526138
1986-04-18,174.60623975209612
1986-04-21,175.3270811314454
1986-04-22,158.34284181414935
1986-04-23,149.13960154719192
1986-04-24,143.55865941851124
1986-04-25,141.52433580179667
1986-04-28,145.31589023221608
1986-04-29,147.96070217378215
1986-04-30,147.8273655303854
1986-05-01,144.72437151868
1986-05-02,142.03240343197453
1986-05-05,147.01160733907307
1986-05-06,145.6916390623549
1986-05-07,143.64932731264906
1986-05-08,145.24066198165983
1986-05-09,142.47404076367923
1986-05-12,136.5713133338384
1986-05-13,139.34679844091983
1986-05-14,138.85314566913544
1986-05-15,136.22576106677496
1986-05-16,133.43689506023094
1986-05-19,133.41182473992515
1986-05-20,133.5930740447564
1986-05-21,133.60767361188422
1986-05-22,133.59197175585297
1986-05-23,133.68267411614946
1986-05-26,133.67008721944708
1986-05-27,134.47332814426392
1986-05-28,134.21976279812884
1986-05-29,128.51065607992442
1986-05-30,127.17687996166612
1986-06-02,125.34486225395605
1986-06-03,125.3186658865439
1986-06-04,127.38878112937648
1986-06-05,126.28026082137076
1986-06-06,123.56489769151433
1986-06-09,125.58641416815797
1986-06-10,125.68510822435654
1986-06-11,125.86142471515683
1986-06-12,125.84966296365377
1986-06-13,126.64945786235187
1986-06-16,127.02911448080071
1986-06-17,127.12334695362033
1986-06-18,126.94336095115672
1986-06-19,123.07113985492761
1986-06-20,126.77486910828564
1986-06-23,128.15677846691423
1986-06-24,128.8006573135353
1986-06-25,128.79570311021192
1986-06-26,129.11249377481343
1986-06-27,130.71131735646557
1986-06-30,131.31414804318976
1986-07-01,131.0344531048829
1986-07-02,130.45186259693332
1986-07-03,134.8376496069812
1986-07-04,134.82744288038612
1986-07-07,132.46449173640227
1986-07-08,128.95573081425593
1986-07-09,132.73071900976962
1986-07-10,132.42525994106927
1986-07-11,132.5777890179056
1986-07-14,133.9514515842926
1986-07-15,137.6260058142166
1986-07-16,135.55577077319273
1986-07-17,135.7545209547826
1986-07-18,136.7491103400606
1986-07-21,139.14103925231993
1986-07-22,136.4052017759358
1986-07-23,132.51190360918835
1986-07-24,128.44732335377483
1986-07-25,129.45258533170443
1986-07-28,122.36106636629644
1986-07-29,127.42144756486584
1986-07-30,127.93314582188682
1986-07-31,129.38118850904368
1986-08-01,130.01326300926945
1986-08-04,130.1202449598453
1986-08-05,128.6718370680235
1986-08-06,125.99923497229098
1986-08-07,128.01410323792015
1986-08-08,132.50313089541672
1986-08-11,134.47637185985096
1986-08-12,135.7986349639774
1986-08-13,139.28523195299434
1986-08-14,137.82298743759708
1986-08-15,138.04873695246238
1986-08-18,139.41971572951016
1986-08-19,143.96342153560062
1986-08-20,146.9153361835981
1986-08-21,146.89912381179946
1986-08-22,137.66583827614113
1986-08-25,141.13042239044069
1986-08-26,148.40954701635215
1986-08-27,140.91068381579598
1986-08-28,144.05669418998332
1986-08-29,149.70813201482014
1986-09-01,149.7026218905407
1986-09-02,141.58728667909816
1986-09-03,131.00703858946602
1986-09-04,132.57548029277953
1986-09-05,128.05683805541275
1986-09-08,124.88511171611721
1986-09-09,126.11969092265679
1986-09-10,126.37407557494478
1986-09-11,124.27304118601481
1986-09-12,123.11726682085111
1986-09-15,123.75424692904372
1986-09-16,123.75424692904372
1986-09-17,123.75424692904372
1986-09-18,123.72385611128837
1986-09-19,123.30437388107973
1986-09-22,123.79177140902509
1986-09-23,123.89667380187306
1986-09-24,124.46341225743409
1986-09-25,124.32795773185204
1986-09-26,125.01693534020788
1986-09-29,123.44966650547384
1986-09-30,125.60036954558905
1986-10-01,126.19257051564622
1986-10-02,125.59371133374628
1986-10-03,128.97761700375247
1986-10-06,129.59571903165724
1986-10-07,130.00028176731328
1986-10-08,127.29456863267133
1986-10-09,129.0205867632257
1986-10-10,127.08822556241097
1986-10-13,125.1721686592281
1986-10-14,120.2120018313781
1986-10-15,121.59157241577083
1986-10-16,120.91294822524756
1986-10-17,120.70965916448957
1986-10-20,119.13710284294257
1986-10-21,120.91522308959695
1986-10-22,121.53654715453648
1986-10-23,122.13451723992091
1986-10-24,121.5699742420111
1986-10-27,122.85977867109321
1986-10-28,122.34327053640155
1986-10-29,124.67787487703377
1986-10-30,126.86928549314453
1986-10-31,126.30710661907862
1986-11-03,128.05088867054218
1986-11-04,127.33009889917555
1986-11-05,127.33009889917555
1986-11-06,122.72666439646724
1986-11-07,119.45455398205418
1986-11-10,120.0949428581012
1986-11-11,120.43401054215623
1986-11-12,121.59128909750257
1986-11-13,121.92367603114884
1986-11-14,123.52698442000234
1986-11-17,126.35316783641687
1986-11-18,123.85782208259685
1986-11-19,128.8946230794553
1986-11-20,128.369845989929
1986-11-21,130.26330089996384
1986-11-24,133.05490908047045
1986-11-25,128.44182361189905
1986-11-26,130.78562741317575
1986-11-27,130.78562741317575
1986-11-28,131.44913609198863
1986-12-01,129.78559542632743
1986-12-02,139.35989877207717
1986-12-03,139.02329891442892
1986-12-04,144.06013977304198
1986-12-05,133.50387015085872
1986-12-08,139.88988721248344
1986-12-09,139.59752141244323
1986-12-10,141.64158776699315
1986-12-11,137.51857817571883
1986-12-12,137.80805394287052
1986-12-15,136.64873967989902
1986-12-16,139.5229811191379
1986-12-17,140.07687801297587
1986-12-18,141.1872335737859
1986-12-19,142.0137735865583
1986-12-22,142.29866370612578
1986-12-23,144.1512694462559
1986-12-24,143.48020503586326
1986-12-25,143.48020503586326
1986-12-26,143.13020224112424
1986-12-29,136.48970859241354
1986-12-30,133.04762232325263
1986-12-31,132.2068123865896
1987-01-01,132.19302512828187
1987-01-02,137.09084675208155
1987-01-05,140.0633941414432
1987-01-06,139.28285415224417
1987-01-07,140.8110443297637
1987-01-08,140.48079512686095
1987-01-09,142.50513983826463
1987-01-12,139.3535574164546
1987-01-13,137.15449660769093
1987-01-14,134.23551571221722
1987-01-15,136.90189932291338
1987-01-16,141.343809935218
1987-01-19,143.44633017341496
1987-01-20,142.77940536276986
1987-01-21,143.13431121548547
1987-01-22,141.99002271081048
1987-01-23,137.36196352646624
1987-01-26,132.42629189562814
1987-01-27,133.39831547580738
1987-01-28,135.94674698775947
1987-01-29,135.696053569085
1987-01-30,133.44221005683062
1987-02-02,131.9540159677183
1987-02-03,130.95524688438624
1987-02-04,131.83299325164754
1987-02-05,134.76712957248873
1987-02-06,134.75867881070963
1987-02-09,130.27438472781944
1987-02-10,127.40079926287406
1987-02-11,125.4436697097867
1987-02-12,127.0862713093905
1987-02-13,127.17373512830363
1987-02-16,127.16663227312961
1987-02-17,127.0246531279589
1987-02-18,127.73058329560394
1987-02-19,128.56693364997193
1987-02-20,128.8002001147283
1987-02-23,129.8591007112211
1987-02-24,131.71679574135763
1987-02-25,130.21891195531387
1987-02-26,130.21891195531387
1987-02-27,131.65778015503463
1987-03-02,132.81277136592
1987-03-03,130.71478503798693
1987-03-04,135.47327747939536
1987-03-05,135.14613865332677
1987-03-06,130.17929936906913
1987-03-09,129.8247682616065
1987-03-10,129.51326599626861
1987-03-11,129.7864250145369
1987-03-12,130.317806122383
1987-03-13,131.64933093902803
1987-03-16,130.57795278343502
1987-03-17,131.64437581505845
1987-03-18,131.10869819598614
1987-03-19,131.64313706056436
1987-03-20,130.83962492888554
1987-03-23,129.50508334726544
1987-03-24,128.44362233678433
1987-03-25,128.96248840356202
1987-03-26,130.4221242671347
1987-03-27,126.50494815459341
1987-03-30,115.64943723893828
1987-03-31,117.31591559133622
1987-04-01,117.5375635318745
1987-04-02,117.7910405160382
1987-04-03,117.25158701613995
1987-04-06,116.16532908105927
1987-04-07,118.32403739152397
1987-04-08,118.01701921394212
1987-04-09,122.41142475747316
1987-04-10,126.03822900039722
1987-04-13,128.98116249722813
1987-04-14,134.51354831030974
1987-04-15,129.61859576774398
1987-04-16,123.83507738684392
1987-04-17,123.83184548510874
1987-04-20,131.59601262537345
1987-04-21,132.24737641088234
1987-04-22,134.20356893674108
1987-04-23,138.73438349264967
1987-04-24,147.5866998865027
1987-04-27,140.06251905818945
1987-04-28,133.95592872964676
1987-04-29,136.91031842060926
1987-04-30,131.17264664636014
1987-05-01,138.5416708872006
1987-05-04,144.31885197900002
1987-05-05,140.86801893293833
1987-05-06,144.14231856530796
1987-05-07,140.38100096991118
1987-05-08,138.20254814862136
1987-05-11,144.88714174004872
1987-05-12,144.06064763667607
1987-05-13,143.23694295090226
1987-05-14,145.69971699828014
1987-05-15,156.19853480090237
1987-05-18,151.53894952273708
1987-05-19,158.8021366902061
1987-05-20,160.13252043281292
1987-05-21,158.73845742080857
1987-05-22,152.45596425155955
1987-05-25,152.44424341673985
1987-05-26,137.6920329420741
1987-05-27,141.6720026864628
1987-05-28,141.12824068041826
1987-05-29,138.82245187891175
1987-06-01,138.0050983099974
1987-06-02,144.46804654923278
1987-06-03,142.8710204840346
1987-06-04,141.95628573711286
1987-06-05,139.0528103082675
1987-06-08,139.75824482864348
1987-06-09,140.34265555041335
1987-06-10,139.95209873514392
1987-06-11,139.367215494477
1987-06-12,134.69955479233468
1987-06-15,133.61198769014274
1987-06-16,133.7060625782558
1987-06-17,133.77524068893837
1987-06-18,133.66910987780153
1987-06-19,133.4719515663421
1987-06-22,133.8878234800697
1987-06-23,133.86589649661843
1987-06-24,133.40547301289072
1987-06-25,133.62044202538027
1987-06-26,133.32841647284855
1987-06-29,133.44425371018565
1987-06-30,133.6193369004683
1987-07-01,133.5932404653879
1987-07-02,132.93242380928785
1987-07-03,132.93242380928785
1987-07-06,132.84507415035938
1987-07-07,132.61914791164534
1987-07-08,132.8732350381539
1987-07-09,133.07699911881227
1987-07-10,132.82170996515057
1987-07-13,133.14183981635264
1987-07-14,132.8504125165822
1987-07-15,133.3743259447445
1987-07-16,133.13711518168924
1987-07-17,132.77283843921782
1987-07-20,133.17291675528523
1987-07-21,133.8651488519025
1987-07-22,134.13817767858967
1987-07-23,134.41538988840307
1987-07-24,134.81402151838222
1987-07-27,135.301426470519
1987-07-28,135.58783099968247
1987-07-29,135.09808361317263
1987-07-30,134.25319987518782
1987-07-31,135.93689474929073
1987-08-03,141.53302297162546
1987-08-04,141.15797339285444
1987-08-05,135.94602108682895
1987-08-06,136.89975616163338
1987-08-07,135.65603244178482
1987-08-10,137.29390434201488
1987-08-11,136.73774675371328
1987-08-12,136.36784402441063
1987-08-13,132.48993408338515
1987-08-14,130.78882314211668
1987-08-17,130.42011127322274
1987-08-18,133.0009383657769
1987-08-19,133.3423584472948
1987-08-20,132.5171744264965
1987-08-21,133.5053724178091
1987-08-24,133.87367248047545
1987-08-25,132.41886673064022
1987-08-26,134.01674643941334
1987-08-27,138.1120395021031
1987-08-28,140.76698467352102
1987-08-31,140.14800230412808
1987-09-01,142.43240704987645
1987-09-02,154.75380112953596
1987-09-03,155.39068563235978
1987-09-04,155.69257137630242
1987-09-07,155.67958043201196
1987-09-08,171.07628516615216
1987-09-09,169.4743880805841
1987-09-10,162.87226557260982
1987-09-11,155.2243255961067
1987-09-14,154.43394391318498
1987-09-15,161.52548578311018
1987-09-16,166.6742687844652
1987-09-17,164.04000146108802
1987-09-18,156.28382641816856
1987-09-21,160.40222484353336
1987-09-22,155.27555604192634
1987-09-23,156.59359903424925
1987-09-24,163.12069870968298
1987-09-25,163.42493201756602
1987-09-28,162.80205436980611
1987-09-29,169.03903218917898
1987-09-30,171.43325638425148
1987-10-01,174.08156491295682
1987-10-02,166.78692775442613
1987-10-05,173.85212338635455
1987-10-06,176.52218158937148
1987-10-07,175.61866362354615
1987-10-08,189.31346597234113
1987-10-09,195.5427465365581
1987-10-12,205.3326000155816
1987-10-13,189.65567933353157
1987-10-14,209.799619352297
1987-10-15,211.79099302464715
1987-10-16,216.00017143047992
1987-10-19,211.73416911616846
1987-10-20,166.84444876344017
1987-10-21,143.05196809414733
1987-10-22,135.82415049606115
1987-10-23,136.20024076452552
1987-10-26,136.48067653883624
1987-10-27,135.76131175735196
1987-10-28,134.82309234706526
1987-10-29,135.64497317027997
1987-10-30,136.17517435991311
1987-11-02,135.58473642401333
1987-11-03,136.64486773792137
1987-11-04,137.53228599193855
1987-11-05,138.9524418861205
1987-11-06,138.39959469322872
1987-11-09,138.04199530118893
1987-11-10,137.95272955295098
1987-11-11,137.06040681712742
1987-11-12,137.50489507990955
1987-11-13,136.6112778665232
1987-11-16,137.31109140239047
1987-11-17,136.56949424175798
1987-11-18,136.86019360992879
1987-11-19,137.19327825719273
1987-11-20,137.52683130474193
1987-11-23,137.52683130474193
1987-11-24,136.39115614256613
1987-11-25,135.52183001897706
1987-11-26,135.50182142671022
1987-11-27,134.76587823475174
1987-11-30,135.28330526526466
1987-12-01,135.34212609158098
1987-12-02,135.34212609158098
1987-12-03,134.95969513668217
1987-12-04,135.00839592262386
1987-12-07,135.38530681944286
1987-12-08,135.4097483731064
1987-12-09,135.2771126962784
1987-12-10,136.56378440633614
1987-12-11,136.68645968633993
1987-12-14,136.0745970409183
1987-12-15,132.76955268234545
1987-12-16,130.6060129483135
1987-12-17,130.95603057404725
1987-12-18,130.7490566105589
1987-12-21,130.71982392421592
1987-12-22,130.18616871802794
1987-12-23,131.80466521682658
1987-12-24,131.53418806198593
1987-12-25,131.53418806198593
1987-12-28,130.260750027645
1987-12-29,131.5271841527971
1987-12-30,132.5618212569799
1987-12-31,131.27306125083155
1988-01-01,131.27306125083155
1988-01-04,132.11865338102987
1988-01-05,133.25023181626236
1988-01-06,132.01837902948276
1988-01-07,131.64134916355982
1988-01-08,127.877177239652
1988-01-11,130.04320873084677
1988-01-12,130.0288310303011
1988-01-13,130.12228024290712
1988-01-14,130.1463741656267
1988-01-15,130.92796237910375
1988-01-18,130.79858059302296
1988-01-19,130.59680426940483
1988-01-20,131.62974114750375
1988-01-21,133.71209913357092
1988-01-22,135.08085132425168
1988-01-25,136.41833118645934
1988-01-26,132.94644730687787
1988-01-27,140.12410971452104
1988-01-28,141.8650095099513
1988-01-29,145.1430686753687
1988-02-01,145.11825357825626
1988-02-02,150.6285455053612
1988-02-03,145.1026200958195
1988-02-04,145.09774791101862
1988-02-05,152.1394275792428
1988-02-08,148.45188845089638
1988-02-09,150.2686928851936
1988-02-10,153.62385754918571
1988-02-11,150.223712708917
1988-02-12,141.6848285127252
1988-02-15,141.59193736265073
1988-02-16,140.11218674630447
1988-02-17,139.8740770891469
1988-02-18,141.02380670178536
1988-02-19,141.97283794067363
1988-02-22,142.92560599006504
1988-02-23,145.46239046972823
1988-02-24,144.70255030603622
1988-02-25,142.70201775468396
1988-02-26,144.9773491711341
1988-02-29,146.12568049537376
1988-03-01,146.57778183308722
1988-03-02,148.54103437735887
1988-03-03,149.57845713363272
1988-03-04,138.30188744777158
1988-03-07,137.61824477481645
1988-03-08,136.4862300022882
1988-03-09,137.0934355372534
1988-03-10,136.15988013482547
1988-03-11,137.88228539854015
1988-03-14,137.7559104344222
1988-03-15,137.7559104344222
1988-03-16,135.85674391823613
1988-03-17,137.71411577659228
1988-03-18,134.10383264323528
1988-03-21,133.01891048830635
1988-03-22,132.9965640678898
1988-03-23,132.86104642871592
1988-03-24,132.7110552984247
1988-03-25,132.93931752313205
1988-03-28,132.4807182417584
1988-03-29,132.55456874511555
1988-03-30,132.5501262029141
1988-03-31,132.52105743713875
1988-04-01,132.52105743713875
1988-04-04,132.67364938108187
1988-04-05,132.6379722006001
1988-04-06,131.8483553999925
1988-04-07,131.55854495574252
1988-04-08,130.09349405797016
1988-04-11,130.65357566045392
1988-04-12,130.85539753915683
1988-04-13,130.91311138854164
1988-04-14,130.1249457132906
1988-04-15,129.62828596880024
1988-04-18,129.51856511707703
1988-04-19,129.66432615149466
1988-04-20,129.65112914705128
1988-04-21,129.43144790936003
1988-04-22,128.62843784167728
1988-04-25,128.3998094038356
1988-04-26,128.85229758676053
1988-04-27,128.53047404327916
1988-04-28,130.1330116546
1988-04-29,130.1330116546
1988-05-02,131.3368597990979
1988-05-03,130.33467849285697
1988-05-04,130.18352136009602
1988-05-05,130.48563723188113
1988-05-06,132.9057364228159
1988-05-09,133.5127492447207
1988-05-10,134.7751921310808
1988-05-11,135.14975390415663
1988-05-12,135.13676114407943
1988-05-13,132.82213365156736
1988-05-16,133.288356418817
1988-05-17,139.15276217099475
1988-05-18,142.96425931809495
1988-05-19,142.14992986544624
1988-05-20,144.0934546793694
1988-05-23,145.10990323188028
1988-05-24,143.6259123658211
1988-05-25,140.9079607809899
1988-05-26,141.66277671431976
1988-05-27,143.10839460026816
1988-05-30,143.10839460026816
1988-05-31,140.60893641828415
1988-06-01,127.86485520729718
1988-06-02,129.83040599010013
1988-06-03,128.40415609776966
1988-06-06,128.22821669022386
1988-06-07,128.38697844405007
1988-06-08,128.53685739865398
1988-06-09,128.46426940936948
1988-06-10,128.61419908616938
1988-06-13,128.72136199199105
1988-06-14,129.72073181883573
1988-06-15,129.35105447185578
1988-06-16,125.4478441017616
1988-06-17,121.94936053958946
1988-06-20,122.21339030594542
1988-06-21,122.18029101457964
1988-06-22,121.72782323226876
1988-06-23,121.60482622872011
1988-06-24,121.57193684404098
1988-06-27,121.34227121358876
1988-06-28,121.70195240431086
1988-06-29,121.64652691620978
1988-06-30,122.0898199700422
1988-07-01,122.19058511999874
1988-07-04,122.1838645243765
1988-07-05,121.68395082919665
1988-07-06,120.81107027280669
1988-07-07,120.49395786076195
1988-07-08,119.47113207699975
1988-07-11,119.61269194776598
1988-07-12,119.85646930803652
1988-07-13,120.0939542542732
1988-07-14,120.03275822933874
1988-07-15,119.1218578438709
1988-07-18,120.1900769008598
1988-07-19,119.61207794899505
1988-07-20,119.61207794899505
1988-07-21,120.35326871207288
1988-07-22,119.52694395440263
1988-07-25,118.9506857265223
1988-07-26,119.02303712586497
1988-07-27,119.94377834397731
1988-07-28,120.10873617773532
1988-07-29,119.438561102247
1988-08-01,118.60880904307916
1988-08-02,117.54370968191617
1988-08-03,117.75573852083335
1988-08-04,117.82054128366966
1988-08-05,117.46720920226248
1988-08-08,117.57662776486026
1988-08-09,117.37977414817063
1988-08-10,117.36017647039559
1988-08-11,117.61285314240517
1988-08-12,117.59326630010607
1988-08-15,118.15409086538394
1988-08-16,116.95457090761576
1988-08-17,117.86984800363226
1988-08-18,117.13453726661997
1988-08-19,116.58491546916383
1988-08-22,117.68137660372648
1988-08-23,116.02835865014197
1988-08-24,116.01907284577902
1988-08-25,118.12215765174723
1988-08-26,117.33828114768627
1988-08-29,114.5264671353381
1988-08-30,113.89137831718025
1988-08-31,113.42177107200939
1988-09-01,113.32969659077743
1988-09-02,110.92663841179919
1988-09-05,110.87474322345648
1988-09-06,111.20423500974313
1988-09-07,111.2519983452926
1988-09-08,111.24291207721657
1988-09-09,113.75142165813355
1988-09-12,112.4668564387064
1988-09-13,112.9449068656935
1988-09-14,114.86141102748473
1988-09-15,113.41109650304921
1988-09-16,113.09097985829465
1988-09-19,111.81243397914487
1988-09-20,112.12128434491842
1988-09-21,112.95355732477832
1988-09-22,112.55426940479438
1988-09-23,112.4214229864164
1988-09-26,111.2265524821178
1988-09-27,110.42041808314025
1988-09-28,110.11334343921976
1988-09-29,111.18838358163524
1988-09-30,112.50831097902045
1988-10-03,112.79866103721301
1988-10-04,112.06064586531923
1988-10-05,111.89497348573694
1988-10-06,112.22605938180838
1988-10-07,118.19491730192175
1988-10-10,117.15474242166977
1988-10-11,116.09716926176633
1988-10-12,111.8630153515436
1988-10-13,112.28041523836212
1988-10-14,113.65468210598482
1988-10-17,113.97516412914382
1988-10-18,114.29612687533752
1988-10-19,112.84962801892897
1988-10-20,113.32853968197156
1988-10-21,112.68855406292566
1988-10-24,112.68855406292566
1988-10-25,113.00485867116534
1988-10-26,114.38273385069446
1988-10-27,116.69404770002228
1988-10-28,117.29750128454337
1988-10-31,118.91322811667409
1988-11-01,117.94143641750381
1988-11-02,114.67231487124123
1988-11-03,117.08185565386415
1988-11-04,108.57496043542834
1988-11-07,105.79304275512138
1988-11-08,106.0967479782033
1988-11-09,105.78220376485956
1988-11-10,105.85398256051239
1988-11-11,105.51946983885156
1988-11-14,105.70415493208478
1988-11-15,105.71058318692641
1988-11-16,105.80058156707071
1988-11-17,105.85959771407852
1988-11-18,105.80515514590604
1988-11-21,105.74463240783163
1988-11-22,106.19469879122376
1988-11-23,106.12498902498805
1988-11-24,106.12498902498805
1988-11-25,107.5936295717911
1988-11-28,107.32858965425835
1988-11-29,106.55110744305487
1988-11-30,104.3823208149028
1988-12-01,103.13264822703592
1988-12-02,105.87304108009951
1988-12-05,105.41741872243593
1988-12-06,103.33756735787128
1988-12-07,103.82557619540135
1988-12-08,103.77831257706696
1988-12-09,103.65095113170631
1988-12-12,103.61276657836909
1988-12-13,103.42660270248949
1988-12-14,103.45514037345617
1988-12-15,103.35282835834718
1988-12-16,103.04779911580968
1988-12-19,102.5909415677991
1988-12-20,101.45136752148022
1988-12-21,101.20903055310552
1988-12-22,101.23643506152216
1988-12-23,101.1961275675374
1988-12-26,101.1909887740253
1988-12-27,101.07781884283993
1988-12-28,100.96690260805859
1988-12-29,100.85194813662848
1988-12-30,100.29701215208404
1989-01-02,100.29701215208404
1989-01-03,101.42368284543952
1989-01-04,101.26739568750986
1989-01-05,102.23599502925605
1989-01-06,101.78313727114347
1989-01-09,101.66963425642845
1989-01-10,101.32931674862076
1989-01-11,101.44256448929187
1989-01-12,99.28964708131258
1989-01-13,97.24854906126698
1989-01-16,97.21526263479257
1989-01-17,97.15573009864984
1989-01-18,97.84577515399513
1989-01-19,97.72883507697621
1989-01-20,97.17015197152985
1989-01-23,97.76166242744442
1989-01-24,99.14599406443656
1989-01-25,97.93826941173035
1989-01-26,97.80837242242887
1989-01-27,98.71450240175727
1989-01-30,97.7209298897485
1989-01-31,97.59224737915982
1989-02-01,97.80943869321305
1989-02-02,98.10615285125289
1989-02-03,97.70994054555038
1989-02-06,97.80879551582314
1989-02-07,98.69893509564433
1989-02-08,98.50023616054868
1989-02-09,95.62198273622073
1989-02-10,93.92413892173049
1989-02-13,93.85550472073147
1989-02-14,94.24047105274092
1989-02-15,94.00768715125048
1989-02-16,93.75059683265621
1989-02-17,93.21778269136641
1989-02-20,93.21778269136641
1989-02-21,93.483457142567
1989-02-22,95.47875529434972
1989-02-23,97.4946299583227
1989-02-24,98.15271542127633
1989-02-27,96.6054241335697
1989-02-28,95.2783375206681
1989-03-01,97.24880752986924
1989-03-02,95.0112663694523
1989-03-03,95.2033997281267
1989-03-06,93.78370330230226
1989-03-07,93.60693288310367
1989-03-08,92.96723998512111
1989-03-09,93.18763017403036
1989-03-10,94.99876420691187
1989-03-13,94.90289522325459
1989-03-14,94.37626832101904
1989-03-15,94.24870889493337
1989-03-16,94.12123317972107
1989-03-17,98.5799552543178
1989-03-20,99.48297889875006
1989-03-21,99.92977631698685
1989-03-22,96.73412469017046
1989-03-23,95.5614519501813
1989-03-24,95.55014772503321
1989-03-27,95.73958693064182
1989-03-28,94.97433750217796
1989-03-29,93.09320889762634
1989-03-30,92.4500781723526
1989-03-31,91.64134583001113
1989-04-03,90.19295360139776
1989-04-04,89.51931561990854
1989-04-05,89.48997753030143
1989-04-06,89.0667046596443
1989-04-07,88.09182946374301
1989-04-10,88.0744463164036
1989-04-11,88.03052987042635
1989-04-12,88.02620694302561
1989-04-13,88.1805337839322
1989-04-14,87.2287218475211
1989-04-17,87.56022617174976
1989-04-18,87.40563487231401
1989-04-19,87.38401817172503
1989-04-20,86.09138708325577
1989-04-21,86.782712594158
1989-04-24,86.782712594158
1989-04-25,87.09790842166065
1989-04-26,87.20315099514784
1989-04-27,87.83496162975644
1989-04-28,88.0925150496496
1989-05-01,86.60240830214893
1989-05-02,87.62211018875328
1989-05-03,88.00321760007417
1989-05-04,87.85046498577411
1989-05-05,89.07149300818165
1989-05-08,88.21989685324974
1989-05-09,86.14947798786399
1989-05-10,85.66637146573804
1989-05-11,86.11724561219933
1989-05-12,86.79192062754355
1989-05-15,86.74337499591172
1989-05-16,86.4284679162042
1989-05-17,87.13945909777247
1989-05-18,87.55592817590548
1989-05-19,89.19245602343666
1989-05-22,92.30479510009657
1989-05-23,91.04056084999168
1989-05-24,90.46743916744171
1989-05-25,88.94369965410218
1989-05-26,89.51053075306447
1989-05-29,89.51053075306447
1989-05-30,89.88955181457061
1989-05-31,91.21644213799256
1989-06-01,91.03120120967138
1989-06-02,97.13822992334305
1989-06-05,99.42253071637532
1989-06-06,99.405005397745
1989-06-07,103.23229574260763
1989-06-08,103.49263531715454
1989-06-09,111.1185010773711
1989-06-12,108.47421545038802
1989-06-13,101.36003284814352
1989-06-14,106.25282628333927
1989-06-15,99.73008065212868
1989-06-16,97.69774526684927
1989-06-19,96.77099712899361
1989-06-20,99.1273039471551
1989-06-21,97.26048547265052
1989-06-22,95.04130501108321
1989-06-23,100.33158813480495
1989-06-26,102.20969677356871
1989-06-27,103.93452222028117
1989-06-28,102.00700111601617
1989-06-29,104.7340956310824
1989-06-30,106.11080626263379
1989-07-03,106.59239959984701
1989-07-04,106.58710748316236
1989-07-05,105.75430320612087
1989-07-06,108.2426443105199
1989-07-07,111.5952297872707
1989-07-10,113.96214380493022
1989-07-11,113.27983209728507
1989-07-12,113.6436876195042
1989-07-13,114.39144052617247
1989-07-14,111.38728458988898
1989-07-17,110.25768378786177
1989-07-18,104.26270790895131
1989-07-19,108.52149696355973
1989-07-20,112.82225283843314
1989-07-21,108.72006562988652
1989-07-24,109.62017091291538
1989-07-25,112.33213187410125
1989-07-26,112.33213187410125
1989-07-27,119.04445792336529
1989-07-28,122.56955907523506
1989-07-31,126.88712368289869
1989-08-01,132.8429106795748
1989-08-02,128.91072795262716
1989-08-03,124.98347827618987
1989-08-04,108.25736281309437
1989-08-07,106.99590820443392
1989-08-08,107.43524275230993
1989-08-09,106.46019663720696
1989-08-10,106.08062971904224
1989-08-11,103.29589656554221
1989-08-14,97.33080671753282
1989-08-15,98.34976740513545
1989-08-16,98.81283059501855
1989-08-17,98.62644356633572
1989-08-18,98.68230725358875
1989-08-21,98.45878965792845
1989-08-22,98.17970698497199
1989-08-23,98.32065760886786
1989-08-24,98.32065760886786
1989-08-25,98.32065760886786
1989-08-28,98.31808539297866
1989-08-29,98.34907259382133
1989-08-30,98.38006463641413
1989-08-31,98.36146650535447
1989-09-01,98.48544242192033
1989-09-04,98.46477317188358
1989-09-05,97.96240921479225
1989-09-06,98.12943999756723
1989-09-07,98.01543835909956
1989-09-08,98.38671730602289
1989-09-11,98.75357810338055
1989-09-12,98.81791087787487
1989-09-13,97.91811941350245
1989-09-14,98.9200798930333
1989-09-15,99.81522025255194
1989-09-18,99.46776541279065
1989-09-19,99.60489950151195
1989-09-20,97.95558751433302
1989-09-21,95.82137883644413
1989-09-22,95.5123143223
1989-09-25,93.74258244120728
1989-09-26,94.14838129723523
1989-09-27,94.17264984489736
1989-09-28,94.12410668243616
1989-09-29,94.17263770910678
1989-10-02,94.14836612939312
1989-10-03,93.85714358019905
1989-10-04,93.72601499903965
1989-10-05,93.71353568773148
1989-10-06,94.41981677623595
1989-10-09,95.5741719885187
1989-10-10,93.7202244023435
1989-10-11,91.52271060677944
1989-10-12,93.0977525186852
1989-10-13,95.71664078721984
1989-10-16,95.14526687273275
1989-10-17,94.55983107211455
1989-10-18,93.78159174782607
1989-10-19,95.71940766530433
1989-10-20,94.7408106269778
1989-10-23,97.4671819757555
1989-10-24,99.8291297075226
1989-10-25,99.59248145142325
1989-10-26,97.75097436654585
1989-10-27,95.52627590492222
1989-10-30,96.6159715783912
1989-10-31,96.36405736480637
1989-11-01,97.87107166845969
1989-11-02,99.35510470597315
1989-11-03,96.11301505712963
1989-11-06,93.59525432970692
1989-11-07,98.99930211459409
1989-11-08,100.30523503472111
1989-11-09,98.60214307656267
1989-11-10,98.60214307656267
1989-11-13,98.38492198257269
1989-11-14,99.03587250782799
1989-11-15,101.40085576394596
1989-11-16,101.39299890742896
1989-11-17,97.79785599863192
1989-11-20,98.04103071844574
1989-11-21,99.40980643614854
1989-11-22,101.37274671825436
1989-11-23,101.37013386236902
1989-11-24,102.27629946474966
1989-11-27,99.07759972681012
1989-11-28,98.81241844946285
1989-11-29,97.42811875740935
1989-11-30,99.14309928178643
1989-12-01,100.26327921524647
1989-12-04,100.26073958307755
1989-12-05,100.0616576733702
1989-12-06,98.82377616651623
1989-12-07,97.18348001314247
1989-12-08,99.4127625606222
1989-12-11,99.03886363082104
1989-12-12,99.03886363082104
1989-12-13,99.59866043478274
1989-12-14,101.09565038804362
1989-12-15,100.51491460196922
1989-12-18,102.76818563732792
1989-12-19,101.58062276467214
1989-12-20,101.85149672651215
1989-12-21,101.03778288033341
1989-12-22,98.06619315213348
1989-12-25,98.04905417971202
1989-12-26,91.14209341519457
1989-12-27,91.495966379661
1989-12-28,91.67328490488649
1989-12-29,91.73318280641925
1990-01-01,91.73318280641925
1990-01-02,91.78111610212088
1990-01-03,91.86502034041557
1990-01-04,91.83394766632496
1990-01-05,91.86392172064784
1990-01-08,91.98383667172325
1990-01-09,92.01383414620324
1990-01-10,92.04149851608989
1990-01-11,92.07750629706166
1990-01-12,92.40163708893796
1990-01-15,92.92403600243311
1990-01-16,93.4869571788169
1990-01-17,93.30644067343823
1990-01-18,98.73847131795317
1990-01-19,96.13792675882247
1990-01-22,96.38309916727098
1990-01-23,95.15570479747555
1990-01-24,100.52024247332541
1990-01-25,102.4753148374403
1990-01-26,106.41190784569896
1990-01-29,106.11399369858931
1990-01-30,107.71957103511589
1990-01-31,101.29908509098114
1990-02-01,99.89440842409103
1990-02-02,104.18852797026217
1990-02-05,105.68165658104473
1990-02-06,107.68468037869341
1990-02-07,107.41071735652396
1990-02-08,103.83048509382613
1990-02-09,94.54278059692236
1990-02-12,98.76203267667636
1990-02-13,97.7061093780815
1990-02-14,97.90933817366403
1990-02-15,99.33903052299817
1990-02-16,99.09380746701
1990-02-19,99.0915347032639
1990-02-20,102.82450097895013
1990-02-21,102.67507454927451
1990-02-22,98.57415992864682
1990-02-23,98.82327354989302
1990-02-26,95.14040576755534
1990-02-27,92.7698778318768
1990-02-28,96.06498541908128
1990-03-01,97.73153779514348
1990-03-02,96.87744257208288
1990-03-05,99.99056713275394
1990-03-06,98.25398508588992
1990-03-07,97.9070406119896
1990-03-08,97.38753463038314
1990-03-09,100.32367420801008
1990-03-12,99.44725813335002
1990-03-13,102.76306879981693
1990-03-14,99.55994537010639
1990-03-15,100.35582597645627
1990-03-16,97.0562159674065
1990-03-19,97.2284471125455
1990-03-20,95.52266503627298
1990-03-21,96.02197100138181
1990-03-22,95.83820040356801
1990-03-23,95.47100377781132
1990-03-26,95.0998515643387
1990-03-27,95.41227596588628
1990-03-28,95.1435840864332
1990-03-29,96.41811561999774
1990-03-30,97.29354053914665
1990-04-02,97.12461348412415
1990-04-03,96.6001926210504
1990-04-04,93.50373958726885
1990-04-05,93.92089684985912
1990-04-06,93.91634423438859
1990-04-09,94.59505143920896
1990-04-10,94.76532210921826
1990-04-11,95.19137125133219
1990-04-12,95.52614903086905
1990-04-13,95.51735482220707
1990-04-16,96.2872044068195
1990-04-17,98.4659263231801
1990-04-18,101.67288370648357
1990-04-19,101.86645419088913
1990-04-20,105.92381770474097
1990-04-23,107.45684162441793
1990-04-24,108.81748495089644
1990-04-25,108.80832548646131
1990-04-26,113.32803993278402
1990-04-27,112.89202488032468
1990-04-30,111.5325094689564
1990-05-01,113.8130943366686
1990-05-02,114.73516330599547
1990-05-03,111.48933729855277
1990-05-04,91.7811746790439
1990-05-07,94.65764010415046
1990-05-08,93.48307056743262
1990-05-09,95.88672251679459
1990-05-10,94.01355573272774
1990-05-11,90.50918588230535
1990-05-14,89.7672209856345
1990-05-15,89.87246893053036
1990-05-16,89.7775326960651
1990-05-17,89.669972203381
1990-05-18,89.40694777340177
1990-05-21,89.41136601433013
1990-05-22,89.05173263493748
1990-05-23,88.87225873689862
1990-05-24,88.91055068076051
1990-05-25,88.90831369061978
1990-05-28,88.90831369061978
1990-05-29,88.95554076904244
1990-05-30,89.00277965423471
1990-05-31,89.02049866482729
1990-06-01,89.20951916349209
1990-06-04,89.19063613327415
1990-06-05,88.6140525781662
1990-06-06,88.70835960445527
1990-06-07,88.80271378425748
1990-06-08,88.70831242736537
1990-06-11,88.42524995872432
1990-06-12,88.42524995872432
1990-06-13,89.93040399910069
1990-06-14,90.46458326034816
1990-06-15,88.84852451467926
1990-06-18,87.83491279502971
1990-06-19,87.71966935371726
1990-06-20,87.18509322489494
1990-06-21,87.46073136455522
1990-06-22,87.48416395597576
1990-06-25,87.27324427152527
1990-06-26,87.36754886220064
1990-06-27,87.24458890825981
1990-06-28,87.05149292594815
1990-06-29,86.86285882179683
1990-07-02,86.81242131536735
1990-07-03,87.21668405531852
1990-07-04,87.20788616369823
1990-07-05,86.64626250520713
1990-07-06,84.68647674890246
1990-07-09,83.8335040664146
1990-07-10,83.67819900287185
1990-07-11,83.60991795591029
1990-07-12,83.00744791261745
1990-07-13,82.68066265119631
1990-07-16,82.57415326011328
1990-07-17,82.59768436723864
1990-07-18,81.86299606446683
1990-07-19,81.80402691764745
1990-07-20,82.20452705393377
1990-07-23,82.1760575965816
1990-07-24,81.834477488588
1990-07-25,82.11216085590245
1990-07-26,82.13492487600942
1990-07-27,82.30567636808068
1990-07-30,82.51618824363156
1990-07-31,82.09302234064364
1990-08-01,83.76382773110961
1990-08-02,80.84475850710375
1990-08-03,79.56356066577108
1990-08-06,73.066423405059
1990-08-07,72.03567770836644
1990-08-08,72.05573623465604
1990-08-09,70.2725515749327
1990-08-10,70.67475838647692
1990-08-13,70.77076293806932
1990-08-14,70.19221283381212
1990-08-15,69.73575645460983
1990-08-16,71.7878484278042
1990-08-17,72.34615893519458
1990-08-20,72.33496510669282
1990-08-21,72.72047985574545
1990-08-22,74.25426976504927
1990-08-23,76.186906652364
1990-08-24,77.31599066455834
1990-08-27,72.18424818195304
1990-08-28,73.39281286839348
1990-08-29,69.97682581632874
1990-08-30,70.72659558025482
1990-08-31,70.61761416997767
1990-09-03,70.6153383356195
1990-09-04,71.57504961375736
1990-09-05,70.70645092508772
1990-09-06,70.32236141050628
1990-09-07,69.64947365031063
1990-09-10,70.45166177812565
1990-09-11,70.31316980293091
1990-09-12,70.24398007769848
1990-09-13,70.10565684388534
1990-09-14,70.86581649790647
1990-09-17,71.28004553593257
1990-09-18,71.19606251694239
1990-09-19,70.90490768555671
1990-09-20,71.61523120812481
1990-09-21,72.9353430689491
1990-09-24,74.05423950967057
1990-09-25,72.97205541461258
1990-09-26,72.59367904339311
1990-09-27,69.19574098722632
1990-09-28,65.6595131492584
1990-10-01,62.802049259149584
1990-10-02,62.52748574519611
1990-10-03,62.49428268031705
1990-10-04,62.73587744502935
1990-10-05,62.96044163273646
1990-10-08,62.56187939009992
1990-10-09,60.42825472310484
1990-10-10,59.76883521901806
1990-10-11,59.69976366254637
1990-10-12,58.92626502430283
1990-10-15,58.404788217191836
1990-10-16,58.171462529832965
1990-10-17,57.87066706122677
1990-10-18,57.46756484880162
1990-10-19,57.10079394760377
1990-10-22,57.07239532129138
1990-10-23,56.79624375931458
1990-10-24,56.65904704602518
1990-10-25,57.275892043768884
1990-10-26,57.06946743546142
1990-10-29,56.17613483942223
1990-10-30,56.10183617150486
1990-10-31,56.686114321415104
1990-11-01,57.31285877870076
1990-11-02,57.3008096597329
1990-11-05,58.258259651834535
1990-11-06,58.076014507606864
1990-11-07,56.530774161838714
1990-11-08,56.272470393462015
1990-11-09,58.60863855094258
1990-11-12,60.39298573464069
1990-11-13,60.77376462356596
1990-11-14,61.213788922256306
1990-11-15,60.46104661842884
1990-11-16,62.80778942522338
1990-11-19,61.41269677200141
1990-11-20,62.683821759080935
1990-11-21,65.03256943572768
1990-11-22,65.02436195653604
1990-11-23,64.07547187528596
1990-11-26,65.01890583856884
1990-11-27,63.59561777571119
1990-11-28,62.41977427294827
1990-11-29,61.246359557257854
1990-11-30,63.617800560082436
1990-12-03,65.1312652152632
1990-12-04,65.88885739081327
1990-12-05,67.3300986028821
1990-12-06,66.1411929230548
1990-12-07,74.87918128835172
1990-12-10,77.1088908497782
1990-12-11,79.63151338296623
1990-12-12,81.27406525569016
1990-12-13,75.37811880382716
1990-12-14,69.86132566052422
1990-12-17,71.83579031254617
1990-12-18,73.64006611082789
1990-12-19,72.59822571416292
1990-12-20,69.491457651308
1990-12-21,66.93195611904537
1990-12-24,62.3243094727374
1990-12-25,62.29140175308623
1990-12-26,63.346295864481284
1990-12-27,63.91800790000697
1990-12-28,63.180376864456946
1990-12-31,64.32263950250811
1991-01-01,64.31849747159268
1991-01-02,66.5367971874592
1991-01-03,67.25024702551781
1991-01-04,64.30841354179529
1991-01-07,59.34199093934023
1991-01-08,57.949681070929415
1991-01-09,55.55122926292712
1991-01-10,57.084329903312025
1991-01-11,57.03524105021722
1991-01-14,56.789873486076246
1991-01-15,56.86336873927284
1991-01-16,56.88787864063838
1991-01-17,57.86842788214239
1991-01-18,57.94912112598362
1991-01-21,57.59161995913886
1991-01-22,57.195650961020505
1991-01-23,57.814608836679504
1991-01-24,58.643135533072076
1991-01-25,57.3857976689282
1991-01-28,57.754670632214754
1991-01-29,58.370899814371846
1991-01-30,57.752263486971955
1991-01-31,58.24523931036876
1991-02-01,61.58322482707184
1991-02-04,62.3304023120411
1991-02-05,63.38334908923648
1991-02-06,63.55474035290754
1991-02-07,62.26260076583128
1991-02-08,65.16304475452053
1991-02-11,64.47968568415273
1991-02-12,64.94228480013942
1991-02-13,64.70827881724625
1991-02-14,63.5244380632473
1991-02-15,64.42402018536538
1991-02-18,64.42402018536538
1991-02-19,62.769503482250144
1991-02-20,60.66164633272007
1991-02-21,59.517990451067185
1991-02-22,57.992690402268266
1991-02-25,58.63268742195782
1991-02-26,56.62499247177366
1991-02-27,56.477298919048735
1991-02-28,55.54238439309316
1991-03-01,53.74193247933887
1991-03-04,53.81117847973358
1991-03-05,53.67084241670983
1991-03-06,53.80530440382445
1991-03-07,53.46885530044108
1991-03-08,53.933107223126875
1991-03-11,53.60599937027772
1991-03-12,53.69622324967436
1991-03-13,53.63665447187085
1991-03-14,53.62507185283165
1991-03-15,53.09888365217424
1991-03-18,52.56876457605979
1991-03-19,51.71418275162634
1991-03-20,51.689168648789405
1991-03-21,51.011307676390125
1991-03-22,50.88479168323852
1991-03-25,50.77533537209442
1991-03-26,50.73192292380624
1991-03-27,50.469052337125305
1991-03-28,50.316588366689885
1991-03-29,50.303316662179064
1991-04-01,50.2093770892652
1991-04-02,50.48723927985594
1991-04-03,50.310377359549996
1991-04-04,51.13708443502753
1991-04-05,51.20507125564009
1991-04-08,51.8609414839287
1991-04-09,50.65271129720035
1991-04-10,48.364673244374124
1991-04-11,48.59115416989439
1991-04-12,50.08078543687875
1991-04-15,50.541574501511576
1991-04-16,50.46633879598315
1991-04-17,50.85603563179715
1991-04-18,49.040491026370425
1991-04-19,47.40047531398124
1991-04-22,46.05657707605069
1991-04-23,46.424552933991436
1991-04-24,46.7219778071386
1991-04-25,46.65320188004149
1991-04-26,46.7431635567463
1991-04-29,46.71225377157198
1991-04-30,47.11401217914675
1991-05-01,47.26934251670318
1991-05-02,47.88220009815048
1991-05-03,46.48559920310067
1991-05-06,46.12688294340985
1991-05-07,46.00611411465061
1991-05-08,46.09866092222021
1991-05-09,46.27215308206534
1991-05-10,44.01407671886095
1991-05-13,45.101018713813666
1991-05-14,44.82895430372527
1991-05-15,44.85687978372417
1991-05-16,44.843299451244434
1991-05-17,44.77893482407496
1991-05-20,44.799900858575725
1991-05-21,44.799900858575725
1991-05-22,44.78826453512652
1991-05-23,44.533219953519776
1991-05-24,44.641619868484916
1991-05-27,44.641619868484916
1991-05-28,44.93090310822188
1991-05-29,44.8913470412738
1991-05-30,45.43468959267856
1991-05-31,44.92308466975179
1991-06-03,43.61424806132808
1991-06-04,43.67401287604933
1991-06-05,43.417613281062685
1991-06-06,43.26432125241659
1991-06-07,43.37089243233449
1991-06-10,43.35627646072784
1991-06-11,43.27524830489511
1991-06-12,44.528906727562955
1991-06-13,44.15607846050842
1991-06-14,42.93976154849788
1991-06-17,43.17771953231295
1991-06-18,43.62355555185224
1991-06-19,43.62355555185224
1991-06-20,42.761814218541126
1991-06-21,43.39637962510678
1991-06-24,43.48152122550919
1991-06-25,43.48152122550919
1991-06-26,43.48152122550919
1991-06-27,43.05556045937096
1991-06-28,41.694964995456594
1991-07-01,41.91077850302012
1991-07-02,41.92097384821298
1991-07-03,41.90323372648195
1991-07-04,41.89857848068934
1991-07-05,41.72120525758849
1991-07-08,41.73063182094694
1991-07-09,41.89007878174551
1991-07-10,41.72422254977679
1991-07-11,41.03331696484665
1991-07-12,40.39378530096378
1991-07-15,40.404552408839244
1991-07-16,40.34729787963729
1991-07-17,40.1104618144654
1991-07-18,40.071055747080074
1991-07-19,40.3059141792399
1991-07-22,40.340990657784715
1991-07-23,40.095393924133596
1991-07-24,40.76084704527323
1991-07-25,41.07146356503595
1991-07-26,41.05624472879936
1991-07-29,40.75923600256339
1991-07-30,40.87360288181549
1991-07-31,41.90374110288877
1991-08-01,41.089021230773895
1991-08-02,45.5994608782452
1991-08-05,45.87834032283329
1991-08-06,48.42441658678711
1991-08-07,48.41287365609499
1991-08-08,46.226451208704766
1991-08-09,46.226451208704766
1991-08-12,47.62311923265929
1991-08-13,49.46840822306753
1991-08-14,54.37284036788692
1991-08-15,52.67226806751726
1991-08-16,53.741952211646634
1991-08-19,53.74027382609845
1991-08-20,55.412199303957266
1991-08-21,55.40711769468805
1991-08-22,56.88665856772399
1991-08-23,50.802179523727034
1991-08-26,48.01903692966671
1991-08-27,49.36122638768232
1991-08-28,52.731189058054404
1991-08-29,55.45003385838692
1991-08-30,52.59106352981495
1991-09-02,52.5877394573731
1991-09-03,53.03596594202913
1991-09-04,52.583101154437784
1991-09-05,51.72316614338519
1991-09-06,55.05612060568343
1991-09-09,56.844111496417725
1991-09-10,56.43197988135344
1991-09-11,55.96911074488305
1991-09-12,59.790353958132684
1991-09-13,60.026498365401324
1991-09-16,62.180110793802925
1991-09-17,62.759482551372784
1991-09-18,62.75272296095486
1991-09-19,62.751050235897466
1991-09-20,65.5178180899077
1991-09-23,66.56450653691273
1991-09-24,65.79943045168177
1991-09-25,65.01188315703628
1991-09-26,66.97139926952609
1991-09-27,73.71286951503322
1991-09-30,76.18827790562246
1991-10-01,77.02169253881294
1991-10-02,75.29398305277415
1991-10-03,75.29398305277415
1991-10-04,83.08187455797646
1991-10-07,83.08187455797646
1991-10-08,80.79335112600177
1991-10-09,71.75368356970166
1991-10-10,65.29038232683295
1991-10-11,74.94878042346113
1991-10-14,74.42393408219074
1991-10-15,75.99374948893045
1991-10-16,75.99019418464302
1991-10-17,69.66193794707425
1991-10-18,72.39811015721882
1991-10-21,67.87265976559182
1991-10-22,65.75331016224241
1991-10-23,65.4494557507136
1991-10-24,66.68687662515826
1991-10-25,65.8430243122434
1991-10-28,66.8691780251754
1991-10-29,69.59123149171107
1991-10-30,69.95471883700826
1991-10-31,70.38816737939075
1991-11-01,70.00637794342022
1991-11-04,69.36885402613238
1991-11-05,66.61661014820773
1991-11-06,67.4461518433874
1991-11-07,72.01772813325609
1991-11-08,72.21662363141014
1991-11-11,73.00402487756976
1991-11-12,74.58618555799505
1991-11-13,71.06521780020833
1991-11-14,74.80362550369306
1991-11-15,75.27192863174308
1991-11-18,75.27192863174308
1991-11-19,74.2166121626779
1991-11-20,73.12775833666116
1991-11-21,71.775197724656
1991-11-22,69.35602892354737
1991-11-25,68.07178261204632
1991-11-26,70.37587119523067
1991-11-27,70.56754405032532
1991-11-28,70.56754405032532
1991-11-29,72.29454043383485
1991-12-02,74.80196946895583
1991-12-03,77.84113280168113
1991-12-04,85.19555465128732
1991-12-05,81.09033845611653
1991-12-06,76.45555760625531
1991-12-09,80.2638759642329
1991-12-10,80.2638759642329
1991-12-11,79.94841418129548
1991-12-12,81.52296280538182
1991-12-13,78.34631095628765
1991-12-16,79.90684117715519
1991-12-17,82.11069998157537
1991-12-18,81.7920062566076
1991-12-19,88.47094784286594
1991-12-20,97.52524723848445
1991-12-23,103.26582473635293
1991-12-24,104.447307342633
1991-12-25,104.44513636367043
1991-12-26,107.26264589918229
1991-12-27,109.30288756975233
1991-12-30,115.4794782723763
1991-12-31,119.85640517478396
1992-01-01,119.85410650051698
1992-01-02,110.33167551271332
1992-01-03,105.55977562451866
1992-01-06,108.52754488509765
1992-01-07,114.11868968232932
1992-01-08,110.58573130257088
1992-01-09,107.97973287770155
1992-01-10,100.68744349367714
1992-01-13,93.62917774899996
1992-01-14,85.13025115089725
1992-01-15,84.59813336623358
1992-01-16,81.44021536166548
1992-01-17,82.91921571754114
1992-01-20,83.9575645282979
1992-01-21,84.78336613802593
1992-01-22,84.01649824476436
1992-01-23,80.9974775704362
1992-01-24,80.27271626364075
1992-01-27,80.43170192955695
1992-01-28,81.67216988032264
1992-01-29,80.13516898637127
1992-01-30,79.45555131557424
1992-01-31,79.66963148267527
1992-02-03,79.36082430356444
1992-02-04,79.88710264459581
1992-02-05,80.08947563507101
1992-02-06,80.07281704104645
1992-02-07,80.17706218456233
1992-02-10,80.09205267374064
1992-02-11,79.51594697294489
1992-02-12,78.4051920510498
1992-02-13,75.79186309075301
1992-02-14,75.80664076017571
1992-02-17,75.7984927819404
1992-02-18,75.7984927819404
1992-02-19,75.7842080661055
1992-02-20,75.7073024750766
1992-02-21,76.01071047979455
1992-02-24,76.12071717384443
1992-02-25,75.90056627737714
1992-02-26,75.15848576339444
1992-02-27,75.35263759911544
1992-02-28,76.00265334262116
1992-03-02,74.75577643555191
1992-03-03,74.01007686319538
1992-03-04,74.1769056336129
1992-03-05,73.71212920904368
1992-03-06,73.89491579918497
1992-03-09,73.7427577478607
1992-03-10,73.72767292641112
1992-03-11,73.72128824004893
1992-03-12,73.34670171228133
1992-03-13,73.06526541767275
1992-03-16,73.00816547684039
1992-03-17,71.53330257324374
1992-03-18,71.43468697342416
1992-03-19,70.51756441180675
1992-03-20,71.47679300463578
1992-03-23,71.33210946053812
1992-03-24,70.22380487746527
1992-03-25,70.0631259763051
1992-03-26,70.12366392914811
1992-03-27,70.21935849010825
1992-03-30,70.25127461982514
1992-03-31,70.23531356282953
1992-04-01,70.57046433640637
1992-04-02,70.47550467006603
1992-04-03,71.325730992639
1992-04-06,71.4305500939172
1992-04-07,71.33298936985418
1992-04-08,70.36707804612665
1992-04-09,73.38576971025645
1992-04-10,72.81250027239628
1992-04-13,73.8040037294535
1992-04-14,73.79532214726294
1992-04-15,72.88289670598982
1992-04-16,70.15999108287048
1992-04-17,70.14289797983241
1992-04-20,67.16539726518536
1992-04-21,67.54285237212694
1992-04-22,67.5533238004002
1992-04-23,67.52714359355639
1992-04-24,67.58473104916669
1992-04-27,67.5323608207138
1992-04-28,67.56900852464334
1992-04-29,67.53758933554496
1992-04-30,67.51664713687802
1992-05-01,67.6108752508925
1992-05-04,67.57308432337685
1992-05-05,67.65687086553854
1992-05-06,67.94604047060497
1992-05-07,67.74020322340996
1992-05-08,69.13454366270454
1992-05-11,69.1196292544875
1992-05-12,70.55388588086879
1992-05-13,70.93854178279875
1992-05-14,70.58803080743654
1992-05-15,73.83728654986095
1992-05-18,73.82193064797036
1992-05-19,78.01963324581858
1992-05-20,74.93293909024973
1992-05-21,67.39988940067585
1992-05-22,69.56845947560673
1992-05-25,69.56628243796845
1992-05-26,65.5708769080238
1992-05-27,66.43455065531086
1992-05-28,67.30833204625124
1992-05-29,67.99629341957068
1992-06-01,66.95493666629326
1992-06-02,68.3792709697276
1992-06-03,68.71076765944926
1992-06-04,68.5956152382769
1992-06-05,69.68400926235154
1992-06-08,69.80238428194548
1992-06-09,68.90424633776198
1992-06-10,68.74062034912227
1992-06-11,69.55795772893833
1992-06-12,71.03629117288754
1992-06-15,71.35874481282363
1992-06-16,73.22402607005623
1992-06-17,74.26388260994823
1992-06-18,76.00390287829477
1992-06-19,72.55832396987334
1992-06-22,73.1772293267056
1992-06-23,70.79382644056447
1992-06-24,74.52527510592182
1992-06-25,78.11395107528733
1992-06-26,77.5794114443919
1992-06-29,79.88122039322731
1992-06-30,78.94011371807512
1992-07-01,80.98674126872561
1992-07-02,94.77996206366825
1992-07-03,94.7774490461314
1992-07-06,96.31132145736969
1992-07-07,99.40322477032326
1992-07-08,97.4403492764904
1992-07-09,97.82905996412849
1992-07-10,97.0475922377581
1992-07-13,94.2864178351734
1992-07-14,95.07570640762881
1992-07-15,101.41566686587673
1992-07-16,103.86787751518875
1992-07-17,101.76291449279256
1992-07-20,103.0276890904116
1992-07-21,104.75086104891456
1992-07-22,109.60471672505304
1992-07-23,123.815860802033
1992-07-24,121.82949503741499
1992-07-27,127.2435211506719
1992-07-28,133.7980764638616
1992-07-29,135.35429491032417
1992-07-30,122.29948636451712
1992-07-31,120.80541734175942
1992-08-03,118.98377264868994
1992-08-04,127.55950899098623
1992-08-05,128.92486604493217
1992-08-06,128.00916658075244
1992-08-07,139.40962490979007
1992-08-10,146.1130944072642
1992-08-11,149.06645154015138
1992-08-12,147.07391992783013
1992-08-13,136.2026674510056
1992-08-14,140.3613047046672
1992-08-17,136.99624643880185
1992-08-18,145.99900555808367
1992-08-19,146.48331610027617
1992-08-20,148.42437221456586
1992-08-21,140.1099190070096
1992-08-24,123.56162476739954
1992-08-25,118.71887136720463
1992-08-26,121.89112634204315
1992-08-27,123.76333272055416
1992-08-28,124.70437011851257
1992-08-31,126.06881083402554
1992-09-01,129.21879926352497
1992-09-02,131.05276891324752
1992-09-03,130.3990053198921
1992-09-04,141.91585394211157
1992-09-07,141.90611535038485
1992-09-08,150.8868798827679
1992-09-09,147.07653539454833
1992-09-10,148.32736035498323
1992-09-11,142.45395558844928
1992-09-14,146.6968998112472
1992-09-15,139.35766704186258
1992-09-16,138.51991520721606
1992-09-17,138.927697019235
1992-09-18,139.71594759215137
1992-09-21,138.15779393280238
1992-09-22,130.41766562998635
1992-09-23,123.64105966777714
1992-09-24,129.75840476285651
1992-09-25,133.71455729486698
1992-09-28,136.24059041782624
1992-09-29,135.71337190277418
1992-09-30,135.08521140647133
1992-10-01,145.00286876268186
1992-10-02,142.91932141075364
1992-10-05,144.43432753938305
1992-10-06,137.80191715548352
1992-10-07,122.1419439069793
1992-10-08,127.73446969495934
1992-10-09,123.88834807076927
1992-10-12,124.23391220376803
1992-10-13,124.23088027267201
1992-10-14,124.63029152815773
1992-10-15,124.36354305696801
1992-10-16,123.4310320811375
1992-10-19,121.17577510106852
1992-10-20,115.90747080218242
1992-10-21,117.37673477750859
1992-10-22,117.37373740902429
1992-10-23,117.50959599490494
1992-10-26,117.51639316977975
1992-10-27,117.42802713505452
1992-10-28,117.45520563844636
1992-10-29,117.37365993633193
1992-10-30,117.47023897247497
1992-11-02,117.20519711872726
1992-11-03,117.32131160213393
1992-11-04,117.28056385620853
1992-11-05,117.3047236277612
1992-11-06,117.3047236277612
1992-11-09,117.28984864387084
1992-11-10,116.59887020830712
1992-11-11,115.8618834933391
1992-11-12,114.89667532507109
1992-11-13,114.81510222793885
1992-11-16,113.78801752041153
1992-11-17,114.26904055983246
1992-11-18,115.3537775776666
1992-11-19,114.92685021962639
1992-11-20,114.45669773477096
1992-11-23,114.25564458064459
1992-11-24,114.79128369209617
1992-11-25,114.25430548286593
1992-11-26,114.25430548286593
1992-11-27,113.11607948498819
1992-11-30,112.95962610287869
1992-12-01,113.04702751953495
1992-12-02,113.04702751953495
1992-12-03,113.04702751953495
1992-12-04,113.03833683344844
1992-12-07,113.34878577923457
1992-12-08,114.4463522519585
1992-12-09,113.0328683814025
1992-12-10,112.81983551302108
1992-12-11,110.9044569934039
1992-12-14,109.63616222617713
1992-12-15,109.82499452278888
1992-12-16,111.52697090933938
1992-12-17,111.0312045712706
1992-12-18,112.35014959984105
1992-12-21,114.50110996512835
1992-12-22,116.65267051564348
1992-12-23,114.78479435603472
1992-12-24,113.63032608637104
1992-12-25,113.63032608637104
1992-12-28,111.33380008094255
1992-12-29,113.86999998156186
1992-12-30,114.59181123149959
1992-12-31,113.3847322933224
1993-01-01,113.3847322933224
1993-01-04,119.14612006524207
1993-01-05,118.36562472866343
1993-01-06,116.65673458793088
1993-01-07,106.64313113619497
1993-01-08,109.86409393599388
1993-01-11,111.50365716986883
1993-01-12,111.00794547337696
1993-01-13,111.83219526038232
1993-01-14,113.9807628010642
1993-01-15,116.91621908400242
1993-01-18,116.4425584778782
1993-01-19,117.85424222722791
1993-01-20,115.69802278915682
1993-01-21,117.0191731787404
1993-01-22,121.00690048589975
1993-01-25,127.08649052862438
1993-01-26,125.55765989221337
1993-01-27,128.56442524435025
1993-01-28,132.5349003860975
1993-01-29,137.8843130571644
1993-02-01,141.47172890886114
1993-02-02,133.54526673802985
1993-02-03,134.5816238591799
1993-02-04,141.34783757236812
1993-02-05,152.05764786464195
1993-02-08,145.90586589644556
1993-02-09,140.99543313682594
1993-02-10,132.44009526046864
1993-02-11,138.5795595089657
1993-02-12,139.8097353626838
1993-02-15,139.74297756848944
1993-02-16,140.97915229657696
1993-02-17,147.1918960667231
1993-02-18,159.91780637403306
1993-02-19,160.90874301083406
1993-02-22,168.86645967266452
1993-02-23,186.80489377895006
1993-02-24,176.4171790323937
1993-02-25,172.7172957934077
1993-02-26,174.20019608928433
1993-03-01,185.63091676375637
1993-03-02,184.07779865385345
1993-03-03,193.8607278449955
1993-03-04,198.65433096796696
1993-03-05,188.91073342013703
1993-03-08,191.005336237433
1993-03-09,183.0936286584778
1993-03-10,177.9625566390429
1993-03-11,177.44352146221303
1993-03-12,161.98564193896155
1993-03-15,157.2330258192049
1993-03-16,164.10468632286003
1993-03-17,166.03595184159596
1993-03-18,169.69927321310666
1993-03-19,168.69487563110272
1993-03-22,168.68727300295632
1993-03-23,172.50845226192664
1993-03-24,169.42730762764504
1993-03-25,167.20453233971696
1993-03-26,158.38678277250628
1993-03-29,161.5399856410273
1993-03-30,164.15538549743758
1993-03-31,163.6270747264427
1993-04-01,163.0998205769898
1993-04-02,158.10092398602697
1993-04-05,160.92904414200814
1993-04-06,164.71251528206724
1993-04-07,164.9448880839818
1993-04-08,171.60314736174675
1993-04-09,171.57617293858348
1993-04-12,174.07127902745668
1993-04-13,171.885850225215
1993-04-14,175.63277709863127
1993-04-15,178.1573538374809
1993-04-16,176.81570303273108
1993-04-19,179.1513355270698
1993-04-20,179.14352040824718
1993-04-21,181.09361881776812
1993-04-22,184.5907000529457
1993-04-23,179.8564109158395
1993-04-26,174.97641475049454
1993-04-27,165.36748249039908
1993-04-28,164.84310135781374
1993-04-29,169.45850100195483
1993-04-30,165.41662348692552
1993-05-03,172.3801720029342
1993-05-04,174.03998867607706
1993-05-05,174.02129076972682
1993-05-06,176.27075779982997
1993-05-07,173.8210436586228
1993-05-10,177.31226196527027
1993-05-11,177.7504535533399
1993-05-12,175.03482234934017
1993-05-13,167.60888214590798
1993-05-14,166.67325479452194
1993-05-17,161.6833661694882
1993-05-18,157.6283001168755
1993-05-19,160.94624845266625
1993-05-20,161.69646891696766
1993-05-21,159.43581619770532
1993-05-24,159.43581619770532
1993-05-25,159.0466624734088
1993-05-26,161.18379743881442
1993-05-27,161.37968528689356
1993-05-28,159.21628875594305
1993-05-31,159.21628875594305
1993-06-01,164.90284609052654
1993-06-02,165.71415509672113
1993-06-03,168.68577180543497
1993-06-04,160.34820196298858
1993-06-07,163.6945500240806
1993-06-08,160.99168088633377
1993-06-09,163.99078088903832
1993-06-10,163.6772918367326
1993-06-11,171.5052114381356
1993-06-14,172.13560501772608
1993-06-15,173.5427377292793
1993-06-16,174.34931361518298
1993-06-17,175.67623693060517
1993-06-18,172.35250359958277
1993-06-21,176.71865467291354
1993-06-22,177.2115597765497
1993-06-23,177.20803488148445
1993-06-24,181.7264631589326
1993-06-25,186.3834407913339
1993-06-28,192.66212162444836
1993-06-29,193.29157395304608
1993-06-30,191.94985461663117
1993-07-01,193.2965699551921
1993-07-02,199.4762183324529
1993-07-05,199.4762183324529
1993-07-06,191.54945717846576
1993-07-07,191.54945717846576
1993-07-08,197.16178422915124
1993-07-09,201.44494160346525
1993-07-12,204.41452539220796
1993-07-13,199.78759818957892
1993-07-14,209.00606683390848
1993-07-15,209.7978948801704
1993-07-16,212.17581339500418
1993-07-19,212.1721352326189
1993-07-20,202.33504432347766
1993-07-21,183.85707662945606
1993-07-22,169.75669191819586
1993-07-23,167.58506218565134
1993-07-26,169.06811191767542
1993-07-27,168.87471921223462
1993-07-28,170.22749514327117
1993-07-29,175.08314544662684
1993-07-30,173.66325653094097
1993-08-02,171.03984924811706
1993-08-03,172.5644484001377
1993-08-04,170.41800336898666
1993-08-05,171.63488438414709
1993-08-06,172.55165211894354
1993-08-09,175.004616988014
1993-08-10,174.3761366568128
1993-08-11,176.04165033824114
1993-08-12,175.32128920697133
1993-08-13,180.74167708823362
1993-08-16,183.78224450848037
1993-08-17,181.45008314633313
1993-08-18,183.56095876993064
1993-08-19,189.93778022917897
1993-08-20,193.7830660217415
1993-08-23,192.50722089263036
1993-08-24,203.62249528655033
1993-08-25,210.1124261233003
1993-08-26,220.42366429190005
1993-08-27,212.81360226496741
1993-08-30,218.75706070800177
1993-08-31,218.00001268882028
1993-09-01,218.00001268882028
1993-09-02,223.2867628997719
1993-09-03,244.01752657071975
1993-09-06,244.01752657071975
1993-09-07,254.6390677035907
1993-09-08,251.2699965604066
1993-09-09,227.91054178913956
1993-09-10,240.32765732600262
1993-09-13,241.71023843388951
1993-09-14,224.35776538841856
1993-09-15,224.95382068654038
1993-09-16,228.42920865869397
1993-09-17,227.9468282584765
1993-09-20,223.6117811224348
1993-09-21,220.75610895324616
1993-09-22,222.12413453175813
1993-09-23,224.2380741646228
1993-09-24,225.94032405398704
1993-09-27,238.7703183943663
1993-09-28,239.20118688776273
1993-09-29,231.38566878682298
1993-09-30,226.255549421831
1993-10-01,235.5913319277311
1993-10-04,237.10149292140588
1993-10-05,234.0675794851132
1993-10-06,234.56868085434087
1993-10-07,234.06682783305942
1993-10-08,246.09323363504956
1993-10-11,245.0381793270201
1993-10-12,243.9043315188722
1993-10-13,242.12692856232252
1993-10-14,248.71287193714724
1993-10-15,252.97625627223604
1993-10-18,239.51981549713645
1993-10-19,240.1514848186247
1993-10-20,242.43937623077105
1993-10-21,230.197168530521
1993-10-22,223.165728121164
1993-10-25,218.52130622281015
1993-10-26,221.55602267785258
1993-10-27,220.75213262115793
1993-10-28,221.95495311848728
1993-10-29,220.34517835289483
1993-11-01,215.54000067760137
1993-11-02,212.15369898878816
1993-11-03,212.54618243371496
1993-11-04,212.44114799255507
1993-11-05,212.5630503318006
1993-11-08,211.75957308462637
1993-11-09,211.11656896513935
1993-11-10,211.8433505574921
1993-11-11,212.42805683978742
1993-11-12,211.2564516266382
1993-11-15,211.1848734441983
1993-11-16,211.17027226860353
1993-11-17,211.1520685307616
1993-11-18,209.74089557974818
1993-11-19,207.41783886290008
1993-11-22,205.99524615053667
1993-11-23,206.13567548624218
1993-11-24,206.44181116172842
1993-11-25,206.43830921724117
1993-11-26,205.4998418952634
1993-11-29,205.47181431160396
1993-11-30,205.35025059566766
1993-12-01,205.52201011162774
1993-12-02,205.5506528000757
1993-12-03,205.4933620526757
1993-12-06,206.09480210921697
1993-12-07,206.09916869006605
1993-12-08,206.27310498747397
1993-12-09,206.98397712862163
1993-12-10,204.6868974164421
1993-12-13,203.08729120500578
1993-12-14,201.47218757100865
1993-12-15,201.31991943458428
1993-12-16,201.38522281019928
1993-12-17,201.80904577977614
1993-12-20,201.52609979935758
1993-12-21,201.33764598698298
1993-12-22,202.51474616661963
1993-12-23,202.7745396170023
1993-12-24,202.75071250765166
1993-12-27,202.75071250765166
1993-12-28,202.92026438435263
1993-12-29,201.87216454164044
1993-12-30,198.2496985671408
1993-12-31,197.32802022904758
1994-01-03,194.4865110974184
1994-01-04,195.45889164770153
1994-01-05,195.5050570995215
1994-01-06,195.37577363704045
1994-01-07,195.03424539877267
1994-01-10,194.91534654400473
1994-01-11,195.1646704959519
1994-01-12,197.90557005934056
1994-01-13,191.6286381304875
1994-01-14,187.5799794827423
1994-01-17,186.54646488829562
1994-01-18,189.03687644897698
1994-01-19,189.03687644897698
1994-01-20,190.79819491483795
1994-01-21,190.2358878166813
1994-01-24,190.2358878166813
1994-01-25,188.96272236675014
1994-01-26,189.5316177264097
1994-01-27,191.62167409187222
1994-01-28,193.91141023115225
1994-01-31,192.4087023369597
1994-02-01,187.74843864346437
1994-02-02,188.27112810200268
1994-02-03,185.78702956039672
1994-02-04,179.8062914082719
1994-02-07,179.0533330132828
1994-02-08,179.03360162711533
1994-02-09,178.49065056599875
1994-02-10,178.8039525478855
1994-02-11,177.96754069024186
1994-02-14,178.58972361528654
1994-02-15,178.18185669519852
1994-02-16,178.17538255533006
1994-02-17,179.89331977474444
1994-02-18,180.93638663348014
1994-02-21,180.9036016607573
1994-02-22,179.49908365245352
1994-02-23,182.9928221981092
1994-02-24,185.2720583640008
1994-02-25,184.54974197765557
1994-02-28,181.22406686829171
1994-03-01,189.28830498296475
1994-03-02,189.28830498296475
1994-03-03,192.56296573004184
1994-03-04,193.5053855144635
1994-03-07,189.45912107097195
1994-03-08,193.73420724570454
1994-03-09,193.34868109869456
1994-03-10,201.0490839775353
1994-03-11,199.06251490535465
1994-03-14,201.58585487486863
1994-03-15,199.458034480738
1994-03-16,192.42077067044065
1994-03-17,194.53626386999957
1994-03-18,201.52789724439916
1994-03-21,204.66567192509868
1994-03-22,195.12790076568112
1994-03-23,195.48984401763337
1994-03-24,204.9343314703736
1994-03-25,206.58856243011496
1994-03-28,207.14019334785965
1994-03-29,213.6936375960321
1994-03-30,220.16526942660647
1994-03-31,220.5974067713785
1994-04-01,240.75851164598268
1994-04-04,260.18174680980366
1994-04-05,233.8723716311338
1994-04-06,229.73745937567548
1994-04-07,225.45388155094622
1994-04-08,231.4166864594023
1994-04-11,230.62957182906123
1994-04-12,224.34760996430904
1994-04-13,229.72244330771196
1994-04-14,231.47409378778417
1994-04-15,230.06532888918608
1994-04-18,242.33963330725263
1994-04-19,237.5922682104894
1994-04-20,233.18246920698988
1994-04-21,221.31284374149084
1994-04-22,223.54406905514548
1994-04-25,218.9897087906008
1994-04-26,218.48447918694484
1994-04-27,218.47558138428096
1994-04-28,224.36737963989012
1994-04-29,224.82169774572637
1994-05-02,226.44211660989257
1994-05-03,228.2802834765899
1994-05-04,228.57413606599061
1994-05-05,226.87067132893065
1994-05-06,244.74641116723154
1994-05-09,253.7960044603714
1994-05-10,240.21531370712106
1994-05-11,248.66886609929063
1994-05-12,245.9230987787587
1994-05-13,239.69648300074104
1994-05-16,234.7132224602826
1994-05-17,223.19584591463797
1994-05-18,219.74843961554146
1994-05-19,216.6619119698118
1994-05-20,217.7266301342126
1994-05-23,219.9308586307687
1994-05-24,219.37639004393267
1994-05-25,218.91755587750544
1994-05-26,218.15016050867519
1994-05-27,218.47825286169976
1994-05-30,218.47825286169976
1994-05-31,219.90145255417545
1994-06-01,218.7871684557928
1994-06-02,216.83459704900105
1994-06-03,213.91881043738857
1994-06-06,211.5897723987178
1994-06-07,212.02388213600182
1994-06-08,212.00438064336834
1994-06-09,212.01413078026343
1994-06-10,211.90687592280773
1994-06-13,211.81442102964076
1994-06-14,211.79067532667116
1994-06-15,212.8624557731066
1994-06-16,212.56435300015144
1994-06-17,213.4972834606557
1994-06-20,213.67913144823078
1994-06-21,215.42920465572766
1994-06-22,212.00421023487155
1994-06-23,211.02440211677495
1994-06-24,215.80659700485717
1994-06-27,214.03018489670487
1994-06-28,217.26862117845212
1994-06-29,216.50533486167407
1994-06-30,221.19854278936995
1994-07-01,220.56638854614414
1994-07-04,220.56142038532926
1994-07-05,218.39763079772828
1994-07-06,218.39763079772828
1994-07-07,217.05439079280035
1994-07-08,224.27728613304882
1994-07-11,226.7397667746217
1994-07-12,223.40113739568386
1994-07-13,222.06710770392664
1994-07-14,208.78183951113965
1994-07-15,209.33098485617953
1994-07-18,207.42649379820764
1994-07-19,205.82189196916042
1994-07-20,207.33140526186654
1994-07-21,207.39863400676754
1994-07-22,207.41768879891475
1994-07-25,207.0669103323791
1994-07-26,207.37397724271145
1994-07-27,208.449786163061
1994-07-28,207.50012149460306
1994-07-29,202.37832259595856
1994-08-01,202.6935952108102
1994-08-02,202.5845201490804
1994-08-03,202.59377975524743
1994-08-04,202.4706538604412
1994-08-05,200.86377851180757
1994-08-08,200.92386322936534
1994-08-09,201.03614070493566
1994-08-10,200.90872111505078
1994-08-11,201.91944014598025
1994-08-12,200.2959624609755
1994-08-15,200.6901009117055
1994-08-16,197.1027389062959
1994-08-17,196.14944259216682
1994-08-18,197.4208665242178
1994-08-19,197.41600767780002
1994-08-22,197.48993679743157
1994-08-23,197.25223108688633
1994-08-24,196.24900480696806
1994-08-25,197.23909034019798
1994-08-26,196.75607681839517
1994-08-29,196.79317132799747
1994-08-30,196.42217986383747
1994-08-31,196.11118354489236
1994-09-01,196.10588630331333
1994-09-02,196.00850230804022
1994-09-05,196.00850230804022
1994-09-06,195.7032435400351
1994-09-07,195.49463727656297
1994-09-08,195.47529697301
1994-09-09,196.65231272046992
1994-09-12,196.74248800339993
1994-09-13,196.02257358944945
1994-09-14,194.54246072150218
1994-09-15,192.7015703419928
1994-09-16,199.45587715856013
1994-09-19,198.17827212969155
1994-09-20,199.34745161054806
1994-09-21,200.93727388342285
1994-09-22,200.1276810224351
1994-09-23,200.59663052403263
1994-09-26,200.59173540816636
1994-09-27,202.78981247333863
1994-09-28,200.80690243687175
1994-09-29,204.3507837562062
1994-09-30,202.96674605080497
1994-10-03,205.52302797060867
1994-10-04,206.94025971098196
1994-10-05,211.35671153692476
1994-10-06,211.67155443841415
1994-10-07,204.11776279532253
1994-10-10,202.33935006994398
1994-10-11,198.91835113285143
1994-10-12,201.24314031449453
1994-10-13,198.1365704300013
1994-10-14,195.87644701904412
1994-10-17,196.54599390760302
1994-10-18,196.91667639998752
1994-10-19,198.7724056274875
1994-10-20,203.81418997245135
1994-10-21,203.38011857297036
1994-10-24,206.29938343271576
1994-10-25,207.6095722232722
1994-10-26,208.37282350859923
1994-10-27,208.36284654532466
1994-10-28,200.4945966888572
1994-10-31,200.92064140469355
1994-11-01,209.2049808880392
1994-11-02,212.2970306969196
1994-11-03,213.4378270008896
1994-11-04,219.72544580043882
1994-11-07,220.18881294340565
1994-11-08,215.03519722973553
1994-11-09,206.62769540366693
1994-11-10,211.8289905335028
1994-11-11,218.99131265981922
1994-11-14,207.26838191957086
1994-11-15,203.3802683462608
1994-11-16,208.52215377020394
1994-11-17,212.2244196154464
1994-11-18,212.20923233116076
1994-11-21,212.53552858201274
1994-11-22,210.29857908204707
1994-11-23,194.39577690409217
1994-11-24,194.27932848280253
1994-11-25,193.83790949007832
1994-11-28,196.292020067014
1994-11-29,197.26422825785886
1994-11-30,196.5148686466694
1994-12-01,197.5526706869328
1994-12-02,194.02810392985478
1994-12-05,195.1801762407429
1994-12-06,192.5420034155912
1994-12-07,194.51475195997935
1994-12-08,194.56997347597184
1994-12-09,194.42712516438428
1994-12-12,194.9791760240675
1994-12-13,194.73938548595845
1994-12-14,194.37096125410102
1994-12-15,194.1501830331604
1994-12-16,194.2237205789187
1994-12-19,194.150164648774
1994-12-20,194.22370218993623
1994-12-21,193.92947848774628
1994-12-22,194.59081981434375
1994-12-23,194.59081981434375
1994-12-26,194.58176861435527
1994-12-27,192.74063256051554
1994-12-28,193.7243795621538
1994-12-29,193.86206286507357
1994-12-30,194.0412536183522
1995-01-02,194.0278864491538
1995-01-03,195.02023056591966
1995-01-04,193.64770201291287
1995-01-05,196.07543026160494
1995-01-06,195.6313171162125
1995-01-09,196.66602672611927
1995-01-10,195.02544979625154
1995-01-11,193.36593164114763
1995-01-12,194.00394167391516
1995-01-13,190.65964683737437
1995-01-16,190.60031351008107
1995-01-17,190.60031351008107
1995-01-18,190.55235811360185
1995-01-19,190.11652957643145
1995-01-20,189.24617998770213
1995-01-23,189.1006925789585
1995-01-24,189.08452053689354
1995-01-25,188.06462486939503
1995-01-26,187.33144113435128
1995-01-27,185.2957998722514
1995-01-30,185.34757253546564
1995-01-31,186.09266739258695
1995-02-01,185.03081677042968
1995-02-02,184.12228104197393
1995-02-03,190.7555488789918
1995-02-06,189.5164899847714
1995-02-07,189.67522629877692
1995-02-08,189.3312369675471
1995-02-09,187.26975190415328
1995-02-10,185.90116879626643
1995-02-13,186.202746152451
1995-02-14,188.29157029553934
1995-02-15,189.66526485959162
1995-02-16,190.72281634303323
1995-02-17,190.18032309534618
1995-02-20,190.17622847856526
1995-02-21,189.23315573600993
1995-02-22,195.34320615093316
1995-02-23,194.36669633755082
1995-02-24,195.7465402266331
1995-02-27,200.1702375678588
1995-02-28,202.0022434411683
1995-03-01,201.61734277327037
1995-03-02,195.93895141617836
1995-03-03,191.8574950270052
1995-03-06,189.2076057487315
1995-03-07,187.69255532693583
1995-03-08,190.8283901049668
1995-03-09,194.02750239612138
1995-03-10,196.0247894383655
1995-03-13,197.8095538883887
1995-03-14,204.95096073335927
1995-03-15,204.52240147570282
1995-03-16,205.93725700266026
1995-03-17,199.84422373147552
1995-03-20,198.25777682577757
1995-03-21,194.293671586827
1995-03-22,191.0467487792507
1995-03-23,191.02354792915213
1995-03-24,199.7646258813592
1995-03-27,202.71543391737882
1995-03-28,195.39870713979926
1995-03-29,196.16497536153042
1995-03-30,193.49553418008742
1995-03-31,190.9078276358704
1995-04-03,195.52464827262662
1995-04-04,196.44816279847862
1995-04-05,196.4362696019538
1995-04-06,198.762784656851
1995-04-07,197.62690041488057
1995-04-10,196.6782146698081
1995-04-11,198.8847588914148
1995-04-12,200.14724945250668
1995-04-13,204.86283053498178
1995-04-14,204.8356027321722
1995-04-17,203.5209991953897
1995-04-18,206.1349965658405
1995-04-19,205.2201051280044
1995-04-20,209.11166146838647
1995-04-21,210.08129147230835
1995-04-24,211.1354141338597
1995-04-25,209.99976906279892
1995-04-26,208.8372699288134
1995-04-27,205.36285064211427
1995-04-28,201.9237579640024
1995-05-01,200.2277550869945
1995-05-02,204.60012229365864
1995-05-03,213.9951323156537
1995-05-04,223.6605432736154
1995-05-05,242.54981642155573
1995-05-08,241.87542147047583
1995-05-09,253.9906317188358
1995-05-10,246.32452210067476
1995-05-11,241.55173728047487
1995-05-12,240.87930729770397
1995-05-15,248.26147479636984
1995-05-16,257.17479191693945
1995-05-17,258.46838963059895
1995-05-18,247.8823699993203
1995-05-19,248.56726341525652
1995-05-22,245.13605441601257
1995-05-23,253.9693803087224
1995-05-24,272.7850651807579
1995-05-25,277.9225093602803
1995-05-26,277.9225093602803
1995-05-29,277.9225093602803
1995-05-30,291.3151382857352
1995-05-31,292.8559416427353
1995-06-01,309.86663826917226
1995-06-02,325.4415705234008
1995-06-05,327.99421994654125
1995-06-06,324.5702661869689
1995-06-07,303.3417528776205
1995-06-08,298.4965759047812
1995-06-09,272.59649705601686
1995-06-12,274.6268141099854
1995-06-13,298.0259751098623
1995-06-14,296.1851049749792
1995-06-15,292.50982976970283
1995-06-16,290.1179729945437
1995-06-19,298.6761860271115
1995-06-20,294.78377014862025
1995-06-21,298.2381281374207
1995-06-22,308.18874719710055
1995-06-23,304.49497575922317
1995-06-26,298.55395580275956
1995-06-27,293.28557069949187
1995-06-28,299.6237330623289
1995-06-29,279.29287564278286
1995-06-30,286.51675786332606
1995-07-03,286.8670386751397
1995-07-04,286.8670386751397
1995-07-05,288.6200299441365
1995-07-06,301.65094532320086
1995-07-07,301.62877421572557
1995-07-10,302.02078709132405
1995-07-11,295.0371873302635
1995-07-12,296.96299361849856
1995-07-13,296.47919497002596
1995-07-14,289.2310596869802
1995-07-17,279.722017379903
1995-07-18,275.52146241329837
1995-07-19,265.4263464838584
1995-07-20,266.0841232391642
1995-07-21,264.21535469562144
1995-07-24,265.0776239396388
1995-07-25,265.1346673183794
1995-07-26,265.0091522764887
1995-07-27,265.16884378060973
1995-07-28,265.0393902642338
1995-07-31,265.58694934963023
1995-08-01,264.977444726046
1995-08-02,266.09518815051945
1995-08-03,264.6486179985641
1995-08-04,265.4690773890608
1995-08-07,265.92591373579717
1995-08-08,266.10887669266504
1995-08-09,265.5446436993358
1995-08-10,264.5393959291626
1995-08-11,261.7825667474483
1995-08-14,262.11605247467503
1995-08-15,262.2080829804854
1995-08-16,262.1998092707613
1995-08-17,262.12057806248333
1995-08-18,262.1432105986123
1995-08-21,262.25638035192435
1995-08-22,262.15766826879883
1995-08-23,261.87473259046385
1995-08-24,263.11867698374357
1995-08-25,264.6257591728874
1995-08-28,265.1356515141688
1995-08-29,263.34844296597066
1995-08-30,265.5739521791372
1995-08-31,268.76271953754014
1995-09-01,272.5403239083088
1995-09-04,272.50969996846504
1995-09-05,277.28248049931096
1995-09-06,276.7631480488822
1995-09-07,272.24199027229565
1995-09-08,269.45017534525346
1995-09-11,269.99428158749333
1995-09-12,278.4991084428476
1995-09-13,275.30552221536107
1995-09-14,286.91653680889885
1995-09-15,282.55316263641083
1995-09-18,275.8106631449441
1995-09-19,279.6641964562989
1995-09-20,283.9354186664322
1995-09-21,271.5175074689398
1995-09-22,268.33211007745973
1995-09-25,268.30193994049904
1995-09-26,266.62804036223184
1995-09-27,266.2922188419946
1995-09-28,266.8595554408205
1995-09-29,272.91273810559403
1995-10-02,273.1771510058645
1995-10-03,275.3557496760168
1995-10-04,278.327921005898
1995-10-05,280.99260619653916
1995-10-06,281.4908238253771
1995-10-09,281.4754304171484
1995-10-10,280.8555328427205
1995-10-11,279.6177523609817
1995-10-12,283.93590429408783
1995-10-13,297.03268867665236
1995-10-16,294.3711935915339
1995-10-17,295.8151226181517
1995-10-18,290.5231004714373
1995-10-19,291.2919428254905
1995-10-20,282.0476706762383
1995-10-23,278.23691418240594
1995-10-24,286.98259349922125
1995-10-25,288.72401516996774
1995-10-26,284.05426081211016
1995-10-27,286.4065931595843
1995-10-30,287.5899633511355
1995-10-31,289.3704547452798
1995-11-01,296.510057399471
1995-11-02,303.5618105755892
1995-11-03,302.02152704040276
1995-11-06,297.6768721257522
1995-11-07,291.5004532055491
1995-11-08,303.64118443636767
1995-11-09,296.8801945970585
1995-11-10,290.22222231675937
1995-11-13,296.52313091785624
1995-11-14,295.8168240909088
1995-11-15,290.7562425732545
1995-11-16,299.79465749074467
1995-11-17,303.917539896118
1995-11-20,301.8141173544695
1995-11-21,297.3690486812357
1995-11-22,295.90375031422366
1995-11-23,295.90375031422366
1995-11-24,300.2834355520748
1995-11-27,305.4495936421687
1995-11-28,306.1919982674968
1995-11-29,312.26943095237505
1995-11-30,327.65935621277515
1995-12-01,335.9208428675506
1995-12-04,353.51562722250173
1995-12-05,344.7854513984685
1995-12-06,342.6449214136135
1995-12-07,330.9286636499468
1995-12-08,326.7809752623161
1995-12-11,333.94821763225855
1995-12-12,331.96832888931135
1995-12-13,329.9974733887538
1995-12-14,329.99209885063914
1995-12-15,329.02461662822526
1995-12-18,306.81717297678006
1995-12-19,328.3350216386827
1995-12-20,327.75944645335574
1995-12-21,326.6098429410123
1995-12-22,332.3424127055321
1995-12-25,332.32040995148145
1995-12-26,334.8602923599464
1995-12-27,339.3035352100985
1995-12-28,344.9865339711361
1995-12-29,352.080553077672
1996-01-01,352.0402472502231
1996-01-02,349.0313543544638
1996-01-03,354.0127959418336
1996-01-04,341.9189083672672
1996-01-05,334.9304647205048
1996-01-08,334.88604114414267
1996-01-09,334.0731246866697
1996-01-10,315.5109335219835
1996-01-11,319.75209056547413
1996-01-12,321.4783422314467
1996-01-15,321.4783422314467
1996-01-16,329.9079090760756
1996-01-17,337.15728088695914
1996-01-18,342.98243880879744
1996-01-19,342.21279447046714
1996-01-22,326.17972782451136
1996-01-23,320.154378157348
1996-01-24,327.7720881741563
1996-01-25,315.47364063914927
1996-01-26,324.3744213785885
1996-01-29,319.7328261447602
1996-01-30,326.1546591409143
1996-01-31,330.6825523942866
1996-02-01,329.2881409144341
1996-02-02,325.70889975585305
1996-02-05,323.048219132379
1996-02-06,324.6346499541254
1996-02-07,325.16544326656805
1996-02-08,325.6969000706513
1996-02-09,327.82538457100446
1996-02-12,335.84711053171077
1996-02-13,338.53344458137553
1996-02-14,332.699065868497
1996-02-15,318.65435291124965
1996-02-16,308.6928528652308
1996-02-19,308.6286869119884
1996-02-20,290.7001032737249
1996-02-21,290.9015266978149
1996-02-22,290.8729518359222
1996-02-23,291.8113745192892
1996-02-26,292.12768687100913
1996-02-27,294.1815807412138
1996-02-28,296.71964759269093
1996-02-29,296.472416113582
1996-03-01,289.04872132010297
1996-03-04,284.2688606537505
1996-03-05,287.0219367616388
1996-03-06,288.25556918506646
1996-03-07,288.5420843315632
1996-03-08,295.15070045706904
1996-03-11,292.26611612167846
1996-03-12,293.5058394621715
1996-03-13,293.7288293207858
1996-03-14,293.7288293207858
1996-03-15,299.6716738383464
1996-03-18,298.07661906834755
1996-03-19,296.5216322751118
1996-03-20,291.255329346458
1996-03-21,288.7942689688829
1996-03-22,290.6445812257083
1996-03-25,286.90904241773745
1996-03-26,287.1009477508861
1996-03-27,290.8700784988345
1996-03-28,293.21529896982753
1996-03-29,290.82481102829536
1996-04-01,289.94545520348174
1996-04-02,287.75201201796216
1996-04-03,288.6091215188123
1996-04-04,290.7950478273556
1996-04-05,299.77112158214015
1996-04-08,301.60677744828257
1996-04-09,297.702845908751
1996-04-10,302.38828256211355
1996-04-11,305.67026199176087
1996-04-12,292.0507096028126
1996-04-15,288.86521459762673
1996-04-16,288.83816591104096
1996-04-17,290.80124597317234
1996-04-18,292.66976443048156
1996-04-19,290.3751004945909
1996-04-22,288.50861954535117
1996-04-23,288.91602549681744
1996-04-24,290.66614761155313
1996-04-25,290.08014839013583
1996-04-26,289.1049480191605
1996-04-29,290.66136781123714
1996-04-30,293.0053360181046
1996-05-01,293.18548808500435
1996-05-02,301.1119022763565
1996-05-03,303.9629051962643
1996-05-06,301.727114585969
1996-05-07,303.077371766073
1996-05-08,297.01301362111434
1996-05-09,298.8933164792161
1996-05-10,289.6689085356342
1996-05-13,286.9166699228533
1996-05-14,283.1656073354668
1996-05-15,282.58273068693245
1996-05-16,285.14994036516043
1996-05-17,283.34455001969883
1996-05-20,282.2663934727684
1996-05-21,282.9778118347802
1996-05-22,281.8049422860362
1996-05-23,283.63178956414305
1996-05-24,282.4808941954506
1996-05-27,282.4808941954506
1996-05-28,282.91118520142055
1996-05-29,286.3573858682333
1996-05-30,286.0302239545522
1996-05-31,290.14520076950976
1996-06-03,290.36330933083264
1996-06-04,289.322345474342
1996-06-05,286.30509729691585
1996-06-06,281.06583441482644
1996-06-07,295.42522978549084
1996-06-10,297.50121224186466
1996-06-11,298.06372372092846
1996-06-12,301.03231412828404
1996-06-13,298.94181096416173
1996-06-14,292.02266393025207
1996-06-17,287.47318384924256
1996-06-18,289.4930687380192
1996-06-19,291.7935121752531
1996-06-20,292.124087951151
1996-06-21,290.46981445510704
1996-06-24,289.15197883132106
1996-06-25,286.5252029742096
1996-06-26,286.18268671556876
1996-06-27,280.3789626666469
1996-06-28,274.3043434513712
1996-07-01,274.3633976960218
1996-07-02,274.0144164664781
1996-07-03,274.2949272788279
1996-07-04,274.2949272788279
1996-07-05,270.15428964580593
1996-07-08,269.9657763564102
1996-07-09,267.0134611272016
1996-07-10,261.3935675036914
1996-07-11,258.59956014859694
1996-07-12,254.52760294981883
1996-07-15,256.778315311312
1996-07-16,253.93523811117498
1996-07-17,254.0638697321156
1996-07-18,251.84023114549632
1996-07-19,252.76562330602502
1996-07-22,252.03804420795635
1996-07-23,252.61067560468416
1996-07-24,252.28010309630474
1996-07-25,252.31935007529773
1996-07-26,252.21490076526769
1996-07-29,252.8753037042026
1996-07-30,252.4018825984857
1996-07-31,250.74999877380532
1996-08-01,247.00146445704613
1996-08-02,245.09800579649604
1996-08-05,244.8497542659411
1996-08-06,244.00368518830228
1996-08-07,243.2188917647795
1996-08-08,242.66116106566176
1996-08-09,246.2805195794178
1996-08-12,246.56187250157612
1996-08-13,241.48799589589683
1996-08-14,241.75480587290937
1996-08-15,239.72065954128442
1996-08-16,242.36941516772146
1996-08-19,241.51349162980216
1996-08-20,241.51349162980216
1996-08-21,240.65970790072768
1996-08-22,240.1433960718501
1996-08-23,236.938537084731
1996-08-26,234.48507471970493
1996-08-27,234.527182404255
1996-08-28,234.83559913278276
1996-08-29,236.321462589741
1996-08-30,239.1644181335405
1996-09-02,239.12200350996656
1996-09-03,236.91771048715177
1996-09-04,238.55491674975102
1996-09-05,240.5439272507964
1996-09-06,237.13315867571296
1996-09-09,234.09896024763154
1996-09-10,236.73512533120658
1996-09-11,236.73512533120658
1996-09-12,233.84130784789156
1996-09-13,225.99046635071622
1996-09-16,225.69895109161365
1996-09-17,226.16163832570194
1996-09-18,226.10048301851586
1996-09-19,225.9475232125004
1996-09-20,225.92695340726056
1996-09-23,225.67736310284775
1996-09-24,225.01583095904505
1996-09-25,224.34031964418196
1996-09-26,224.09173376089453
1996-09-27,223.63070095354604
1996-09-30,222.781170363543
1996-10-01,224.75820503201967
1996-10-02,225.89485874963177
1996-10-03,225.8643233236935
1996-10-04,231.3530411959556
1996-10-07,229.03332861580589
1996-10-08,228.41639112465128
1996-10-09,225.9532681912164
1996-10-10,222.58165282312444
1996-10-11,225.9282304535947
1996-10-14,225.9282304535947
1996-10-15,225.9282304535947
1996-10-16,225.72452530956122
1996-10-17,228.37103707770137
1996-10-18,228.77633508135352
1996-10-21,227.68206517181423
1996-10-22,225.96173432966222
1996-10-23,226.45067693115672
1996-10-24,226.20074190267562
1996-10-25,227.60748260213086
1996-10-28,227.3720147240106
1996-10-29,234.66627242707995
1996-10-30,234.6356214959256
1996-10-31,236.4297165727352
1996-11-01,235.33177540871785
1996-11-04,236.55783221255598
1996-11-05,241.88505532613772
1996-11-06,241.42662626345466
1996-11-07,245.34268037533437
1996-11-08,243.762689976313
1996-11-11,243.762689976313
1996-11-12,251.73368735013875
1996-11-13,250.52655549480295
1996-11-14,257.1377157451245
1996-11-15,253.71422207958852
1996-11-18,251.55877603879105
1996-11-19,255.12929485793504
1996-11-20,261.6215022795567
1996-11-21,258.6784120869408
1996-11-22,257.9386378620115
1996-11-25,259.41513474319225
1996-11-26,259.41513474319225
1996-11-27,259.41513474319225
1996-11-28,259.41513474319225
1996-11-29,273.49971533594106
1996-12-02,271.1136516438727
1996-12-03,272.0530330745963
1996-12-04,260.7519221949554
1996-12-05,241.52759447385063
1996-12-06,235.32469589370146
1996-12-09,239.88627983116552
1996-12-10,239.57825789006853
1996-12-11,229.73048841125654
1996-12-12,227.54968916705684
1996-12-13,228.89320874163164
1996-12-16,228.89320874163164
1996-12-17,228.89320874163164
1996-12-18,228.89320874163164
1996-12-19,228.8675290196576
1996-12-20,228.7316694437058
1996-12-23,228.67999100892314
1996-12-24,228.67164838432709
1996-12-25,228.66331985221854
1996-12-26,228.54007110727395
1996-12-27,229.1560837406001
1996-12-30,229.0735828697548
1996-12-31,226.2414013434169
1997-01-01,226.21226366066884
1997-01-02,225.0909090043353
1997-01-03,225.21458485471317
1997-01-06,225.64142899733503
1997-01-07,226.49623774845304
1997-01-08,226.62651062126028
1997-01-09,224.5401562191009
1997-01-10,228.55222765596025
1997-01-13,228.55222765596025
1997-01-14,225.22752965705916
1997-01-15,225.21099860323406
1997-01-16,226.56643082042584
1997-01-17,226.00514476745323
1997-01-20,226.00514476745323
1997-01-21,225.10863061934273
1997-01-22,225.75864180761758
1997-01-23,226.12512027965118
1997-01-24,226.73660488017555
1997-01-27,227.20199897622982
1997-01-28,226.4369153026393
1997-01-29,225.46780571033463
1997-01-30,224.50157316213208
1997-01-31,221.0170574589807
1997-02-03,219.1584591022349
1997-02-04,219.07408864585176
1997-02-05,218.87462413724518
1997-02-06,218.5956088411251
1997-02-07,220.40762136640905
1997-02-10,220.52780476809718
1997-02-11,220.32549044777693
1997-02-12,220.1052666730941
1997-02-13,223.40635223566036
1997-02-14,225.7683993022459
1997-02-17,225.73292710573108
1997-02-18,224.97966971179903
1997-02-19,223.09302460575435
1997-02-20,218.76155874463348
1997-02-21,218.33844064733862
1997-02-24,216.8308760282308
1997-02-25,216.55436215226715
1997-02-26,209.06402222770333
1997-02-27,207.93296061778554
1997-02-28,207.75813878174984
1997-03-03,208.12560369866122
1997-03-04,209.13282868804583
1997-03-05,208.8083967852684
1997-03-06,210.15943352120394
1997-03-07,207.8218866569569
1997-03-10,207.8218866569569
1997-03-11,208.25316048645527
1997-03-12,209.21645161297545
1997-03-13,214.04795866942817
1997-03-14,212.65245659848594
1997-03-17,213.668577082431
1997-03-18,214.16754223221383
1997-03-19,215.01811191639274
1997-03-20,215.30628263918027
1997-03-21,215.61801770483706
1997-03-24,213.98704275329456
1997-03-25,216.65593261669756
1997-03-26,218.33816725872376
1997-03-27,225.42681416789168
1997-03-28,225.39415774630172
1997-03-31,226.3500030846815
1997-04-01,223.45229604772157
1997-04-02,222.38086031706348
1997-04-03,220.77546919569807
1997-04-04,225.97386480339617
1997-04-07,221.08425683134521
1997-04-08,223.47823909392596
1997-04-09,223.47823909392596
1997-04-10,223.9230216726801
1997-04-11,229.7131456850793
1997-04-14,229.70625561874888
1997-04-15,221.6351700081845
1997-04-16,223.10557514059605
1997-04-17,219.95188696642109
1997-04-18,218.40858777513833
1997-04-21,220.55105234734197
1997-04-22,218.72791823711646
1997-04-23,220.79631595001322
1997-04-24,223.05191504653675
1997-04-25,223.5432170335604
1997-04-28,222.06029973887246
1997-04-29,211.45243861622336
1997-04-30,207.4011824360323
1997-05-01,206.7851800158326
1997-05-02,206.81987109005487
1997-05-05,206.89324403723344
1997-05-06,206.88678639782458
1997-05-07,204.72898868096485
1997-05-08,205.85886117981227
1997-05-09,207.01538999864843
1997-05-12,207.43753615989652
1997-05-13,206.1596861143708
1997-05-14,207.09730015309606
1997-05-15,207.36601029073003
1997-05-16,206.64040824588653
1997-05-19,206.50625306727898
1997-05-20,206.90216240829199
1997-05-21,206.21163254287333
1997-05-22,205.7427687091296
1997-05-23,205.98834451869942
1997-05-26,205.98834451869942
1997-05-27,205.55804840921996
1997-05-28,205.4348395982018
1997-05-29,205.1583487249173
1997-05-30,204.02354111559652
1997-06-02,203.78698775886082
1997-06-03,204.05028059940253
1997-06-04,204.02885763520456
1997-06-05,204.02275476526475
1997-06-06,208.4120832871883
1997-06-09,206.15115720140315
1997-06-10,205.23270372979897
1997-06-11,205.22961457168876
1997-06-12,210.25013554407406
1997-06-13,213.06177739744223
1997-06-16,214.44904632898835
1997-06-17,212.8972414415572
1997-06-18,214.65728842466598
1997-06-19,214.6541591490406
1997-06-20,216.9157359179243
1997-06-23,214.17290416078168
1997-06-24,214.17290416078168
1997-06-25,211.2864406038045
1997-06-26,206.97801698899468
1997-06-27,209.0040004751896
1997-06-30,205.71117659512583
1997-07-01,209.53071984800005
1997-07-02,210.54636752250127
1997-07-03,215.01730343762114
1997-07-04,214.97906438489366
1997-07-07,217.89262073045396
1997-07-08,217.84878674504318
1997-07-09,219.36223860401557
1997-07-10,219.35595270216882
1997-07-11,221.00263183328934
1997-07-14,218.78941911784585
1997-07-15,218.78941911784585
1997-07-16,225.60354295148977
1997-07-17,225.6003465644767
1997-07-18,220.86953577974765
1997-07-21,218.41974854691486
1997-07-22,230.93858729275203
1997-07-23,232.05550502486503
1997-07-24,232.0489416259952
1997-07-25,229.13366848306094
1997-07-28,232.77470969065476
1997-07-29,238.91024340057626
1997-07-30,243.8923800909957
1997-07-31,249.36395207755865
1997-08-01,220.64002894040428
1997-08-04,217.2013922389668
1997-08-05,216.46479270302805
1997-08-06,217.31212472827232
1997-08-07,215.57682404616457
1997-08-08,209.64992534550797
1997-08-11,209.8145745631377
1997-08-12,209.5306129157427
1997-08-13,209.6983105782566
1997-08-14,209.83380358913465
1997-08-15,209.77718352789446
1997-08-18,210.24530820129192
1997-08-19,210.22301221276513
1997-08-20,209.5545135444848
1997-08-21,207.23285469290116
1997-08-22,204.92248067153434
1997-08-25,204.2090781050674
1997-08-26,204.36205425119795
1997-08-27,204.36205425119795
1997-08-28,204.81859733257477
1997-08-29,204.58093981991917
1997-09-01,204.58093981991917
1997-09-02,204.92359337721658
1997-09-03,204.74301508587155
1997-09-04,204.74301508587155
1997-09-05,204.31447022090703
1997-09-08,204.65682399990555
1997-09-09,204.57113926815555
1997-09-10,204.31415736939803
1997-09-11,203.88621558559728
1997-09-12,205.51010755013283
1997-09-15,205.5871874601505
1997-09-16,209.5827384915104
1997-09-17,210.04207543995545
1997-09-18,209.4747859445662
1997-09-19,210.16503205294632
1997-09-22,212.73718573290284
1997-09-23,209.98855486544164
1997-09-24,213.8246632319015
1997-09-25,206.48901172885581
1997-09-26,210.26070046970483
1997-09-29,209.5432225998686
1997-09-30,208.11158519534422
1997-10-01,213.80555426714213
1997-10-02,215.52167839204054
1997-10-03,215.8512430595775
1997-10-06,219.7900495992287
1997-10-07,221.91974361928186
1997-10-08,208.097943436777
1997-10-09,206.4471426293194
1997-10-10,202.07136244738754
1997-10-13,202.04111501909853
1997-10-14,204.73116869973734
1997-10-15,203.64556391124452
1997-10-16,203.64556391124452
1997-10-17,201.12151016123235
1997-10-20,201.64267488135096
1997-10-21,201.64267488135096
1997-10-22,202.03858089213273
1997-10-23,204.54927659579857
1997-10-24,205.20007669660885
1997-10-27,208.9836648172731
1997-10-28,204.93500200994131
1997-10-29,209.7377282915979
1997-10-30,214.26764256786254
1997-10-31,214.95845425667574
1997-11-03,209.2957599083026
1997-11-04,205.80972450552312
1997-11-05,206.19914820824206
1997-11-06,209.9821990315035
1997-11-07,209.32348685856158
1997-11-10,208.9948306537744
1997-11-11,208.9948306537744
1997-11-12,209.97975167648323
1997-11-13,210.967812134952
1997-11-14,211.57652368398433
1997-11-17,212.62186757799265
1997-11-18,212.61249805014182
1997-11-19,215.4099948772485
1997-11-20,213.27847389359098
1997-11-21,216.03924044477822
1997-11-24,211.8553918876596
1997-11-25,212.33292045648759
1997-11-26,211.37640088758957
1997-11-27,211.37029128946043
1997-11-28,211.37029128946043
1997-12-01,212.27883542463476
1997-12-02,212.27883542463476
1997-12-03,214.03540387389833
1997-12-04,214.03540387389833
1997-12-05,207.84978855600218
1997-12-08,202.9579421414074
1997-12-09,203.99891946162452
1997-12-10,206.60547798511354
1997-12-11,210.13144098194238
1997-12-12,213.66435076240032
1997-12-15,210.95802531226963
1997-12-16,211.414744911947
1997-12-17,209.12779287899988
1997-12-18,212.76004444532813
1997-12-19,217.813073913398
1997-12-22,217.32441520674445
1997-12-23,216.77964051904993
1997-12-24,215.08684931502629
1997-12-25,215.08684931502629
1997-12-26,215.08684931502629
1997-12-29,212.8418555136567
1997-12-30,207.26325326908773
1997-12-31,212.50836474010285
1998-01-01,212.50836474010285
1998-01-02,220.48709392737356
1998-01-05,233.7857305195798
1998-01-06,235.63198284151622
1998-01-07,230.04283108804051
1998-01-08,239.4284240971066
1998-01-09,252.5282398396043
1998-01-12,252.5282398396043
1998-01-13,248.22477751517087
1998-01-14,241.66291686386936
1998-01-15,240.2322033995019
1998-01-16,230.96474487743288
1998-01-19,230.92527760335693
1998-01-20,228.1848026482041
1998-01-21,230.8701245840045
1998-01-22,230.8701245840045
1998-01-23,217.5319226867118
1998-01-26,223.43736223699636
1998-01-27,220.5466408120032
1998-01-28,220.5334848843786
1998-01-29,224.86068693031774
1998-01-30,226.31917678118768
1998-02-02,224.54814236779802
1998-02-03,225.0958173580437
1998-02-04,225.0958173580437
1998-02-05,222.07852180318932
1998-02-06,221.80676805041787
1998-02-09,219.9060968266201
1998-02-10,220.97248522446486
1998-02-11,223.7408729095259
1998-02-12,223.04280665231477
1998-02-13,224.57677467298208
1998-02-16,224.5634419687341
1998-02-17,227.21066254229166
1998-02-18,225.10795469557468
1998-02-19,223.98023647772442
1998-02-20,222.10722573558758
1998-02-23,218.37625786776172
1998-02-24,211.03711092088014
1998-02-25,213.60647895136685
1998-02-26,213.01846680333304
1998-02-27,213.50429767150132
1998-03-02,212.00535524825946
1998-03-03,211.0203712197045
1998-03-04,211.049239216128
1998-03-05,211.22093925263758
1998-03-06,210.60168025521952
1998-03-09,209.7281130295017
1998-03-10,209.61510063256094
1998-03-11,209.52149935035646
1998-03-12,210.00198917047635
1998-03-13,209.65333744794208
1998-03-16,211.19196093579836
1998-03-17,210.28112223050988
1998-03-18,209.1951383027031
1998-03-19,208.65404681067338
1998-03-20,209.4642636835514
1998-03-23,209.73504491427448
1998-03-24,209.73504491427448
1998-03-25,206.2118087783746
1998-03-26,204.317115406312
1998-03-27,203.66096787997193
1998-03-30,202.78162047614597
1998-03-31,203.59238724444052
1998-04-01,203.677772603353
1998-04-02,203.74747805221438
1998-04-03,205.5064716574871
1998-04-06,203.74309405639966
1998-04-07,202.45218590665996
1998-04-08,199.5599868789275
1998-04-09,199.54429924219818
1998-04-10,199.53825786671047
1998-04-13,195.7472267905849
1998-04-14,197.19638564292677
1998-04-15,197.70719193075053
1998-04-16,197.9118656252029
1998-04-17,198.00537033631085
1998-04-20,196.95342539202647
1998-04-21,195.53361682687088
1998-04-22,195.5129335523336
1998-04-23,195.31941965481118
1998-04-24,195.5719474442572
1998-04-27,194.27882017418855
1998-04-28,194.18796264904063
1998-04-29,194.2619605317665
1998-04-30,190.4304905061993
1998-05-01,190.0709841643655
1998-05-04,190.0501680992499
1998-05-05,190.04421575931985
1998-05-06,190.18923786719947
1998-05-07,190.18035116584963
1998-05-08,189.85704490891925
1998-05-11,188.9693577088857
1998-05-12,190.0230563200513
1998-05-13,190.0230563200513
1998-05-14,190.01405209422578
1998-05-15,189.9868667132212
1998-05-18,190.23154313201047
1998-05-19,190.17111241866365
1998-05-20,190.53081752941335
1998-05-21,189.97097508963247
1998-05-22,190.3696851803807
1998-05-25,190.3696851803807
1998-05-26,191.26801639390746
1998-05-27,191.95725218711658
1998-05-28,191.66314533663896
1998-05-29,192.0641821614768
1998-06-01,193.26603304723108
1998-06-02,192.40827986670283
1998-06-03,191.89656537693608
1998-06-04,190.61951790341197
1998-06-05,191.37953370173707
1998-06-08,191.37953370173707
1998-06-09,191.1336822201762
1998-06-10,194.32705479702878
1998-06-11,198.5488084892737
1998-06-12,199.51802889718982
1998-06-15,201.36045902108356
1998-06-16,194.27636467181975
1998-06-17,184.8151935117063
1998-06-18,187.7443385193403
1998-06-19,189.14428573425658
1998-06-22,189.59607368071633
1998-06-23,190.50106141096862
1998-06-24,189.81175977810167
1998-06-25,189.55817448829583
1998-06-26,190.06490129365034
1998-06-29,189.30348092775452
1998-06-30,190.8223242026252
1998-07-01,191.3284630841058
1998-07-02,192.3734268152471
1998-07-03,192.35950820324157
1998-07-06,194.09539278319832
1998-07-07,192.33002040007747
1998-07-08,191.50784221770226
1998-07-09,194.37737253953276
1998-07-10,193.963404359399
1998-07-13,189.41615794821453
1998-07-14,186.95293421964737
1998-07-15,187.59278060959187
1998-07-16,186.58357169799723
1998-07-17,186.33126849398627
1998-07-20,187.56082211198586
1998-07-21,188.31566927002984
1998-07-22,187.9319663526037
1998-07-23,188.7571293988509
1998-07-24,188.0941768359351
1998-07-27,187.57200614041994
1998-07-28,186.79016974872567
1998-07-29,185.230748200717
1998-07-30,185.9852910032369
1998-07-31,185.9852910032369
1998-08-03,188.04974732266655
1998-08-04,188.9869809855117
1998-08-05,189.3912955465371
1998-08-06,188.73966212898137
1998-08-07,193.28731180751282
1998-08-10,192.8807393465839
1998-08-11,196.07330514727553
1998-08-12,194.55256337000733
1998-08-13,191.128389820831
1998-08-14,193.89577946399484
1998-08-17,193.89577946399484
1998-08-18,193.34472487749986
1998-08-19,193.34472487749986
1998-08-20,197.74489575066232
1998-08-21,205.00242758458472
1998-08-24,208.4089943724399
1998-08-25,215.02285408292147
1998-08-26,221.455196498952
1998-08-27,236.97505018155866
1998-08-28,244.19895281982585
1998-08-31,255.79415504294377
1998-09-01,254.70453544312477
1998-09-02,246.01427432476822
1998-09-03,255.55129276084463
1998-09-04,258.81792026308483
1998-09-07,258.81792026308483
1998-09-08,254.42240073986207
1998-09-09,279.3870285919761
1998-09-10,331.64885406040014
1998-09-11,306.72648595291304
1998-09-14,304.11402809655533
1998-09-15,300.13603063247984
1998-09-16,305.65040530463375
1998-09-17,319.2270173071732
1998-09-18,335.7340811136431
1998-09-21,336.5919325858356
1998-09-22,325.4179078112169
1998-09-23,337.98103040126693
1998-09-24,349.1906073980994
1998-09-25,355.38101545630445
1998-09-28,353.58795270794525
1998-09-29,356.2669565536265
1998-09-30,384.1089458716329
1998-10-01,411.21904684044443
1998-10-02,410.1966087467635
1998-10-05,436.7268324015952
1998-10-06,419.55157376474415
1998-10-07,393.55799822560635
1998-10-08,341.7897844245777
1998-10-09,303.8882552192211
1998-10-12,303.8085402133998
1998-10-13,306.2692485053252
1998-10-14,313.29601987843887
1998-10-15,313.29108569014073
1998-10-16,319.0103072329137
1998-10-19,318.3903005577016
1998-10-20,314.2614750219849
1998-10-21,311.8794715406085
1998-10-22,310.10324131958964
1998-10-23,304.79245113068947
1998-10-26,305.8855725450128
1998-10-27,310.90840650525735
1998-10-28,312.757494334531
1998-10-29,315.29596377801414
1998-10-30,307.9111252205272
1998-11-02,298.9521087401721
1998-11-03,299.2107452227646
1998-11-04,293.4118838909995
1998-11-05,292.6828073325008
1998-11-06,290.75821761173637
1998-11-09,291.55798074118746
1998-11-10,291.28878462942794
1998-11-11,291.2836822793962
1998-11-12,291.1491785136127
1998-11-13,291.0466692394458
1998-11-16,290.8022650711712
1998-11-17,290.60686393863557
1998-11-18,290.70451565462025
1998-11-19,290.4114872678793
1998-11-20,290.80189875514714
1998-11-23,290.5576475684252
1998-11-24,290.411188450587
1998-11-25,290.3623870520307
1998-11-26,290.3623870520307
1998-11-27,290.5575682455567
1998-11-30,291.52884629743085
1998-12-01,292.53278647250187
1998-12-02,295.58771264710646
1998-12-03,295.0762205578417
1998-12-04,290.0603415870362
1998-12-07,282.74671018227923
1998-12-08,289.5183007367536
1998-12-09,293.352621509631
1998-12-10,294.8909092977119
1998-12-11,290.32854065014703
1998-12-14,292.30457888718837
1998-12-15,288.3324950259556
1998-12-16,292.2487604823381
1998-12-17,292.2487604823381
1998-12-18,291.07201420089115
1998-12-21,286.37915003048045
1998-12-22,281.72699293966986
1998-12-23,276.41970431108456
1998-12-24,274.3871206252504
1998-12-25,274.3514356712781
1998-12-28,273.2985722584527
1998-12-29,272.3886569885727
1998-12-30,271.87954912279014
1998-12-31,271.8773937945789
1999-01-01,271.867235922924
1999-01-04,271.51861038924625
1999-01-05,270.88006277763975
1999-01-06,271.2857128463028
1999-01-07,270.6475655273482
1999-01-08,269.36343436566756
1999-01-11,269.0363716114294
1999-01-12,267.95687151398124
1999-01-13,265.7146343281929
1999-01-14,262.8567630479881
1999-01-15,263.96353682745837
1999-01-18,263.96353682745837
1999-01-19,263.82705050114805
1999-01-20,263.4177450693342
1999-01-21,264.0388153610775
1999-01-22,264.23221098173815
1999-01-25,264.19723447399025
1999-01-26,263.63594049014887
1999-01-27,264.1359399083228
1999-01-28,264.38628336700975
1999-01-29,264.7570679576012
1999-02-01,261.87454140431055
1999-02-02,259.7963696569777
1999-02-03,258.62718673825526
1999-02-04,258.36807051154904
1999-02-05,258.8556397948915
1999-02-08,257.9284747472415
1999-02-09,255.9548741879075
1999-02-10,256.7224018853752
1999-02-11,257.2351903380854
1999-02-12,265.45159971586133
1999-02-15,265.39462087042114
1999-02-16,265.0863191590617
1999-02-17,261.9852267393862
1999-02-18,266.19330500023153
1999-02-19,268.32180358554535
1999-02-22,265.10528629430905
1999-02-23,269.851655016135
1999-02-24,276.87883646144155
1999-02-25,287.39910137117715
1999-02-26,283.68000797756696
1999-03-01,296.0841262123258
1999-03-02,291.51772906938476
1999-03-03,296.2159418182174
1999-03-04,300.95908046038824
1999-03-05,289.6646416506938
1999-03-08,287.7058652158674
1999-03-09,277.0027662893577
1999-03-10,279.104568469508
1999-03-11,279.0935156548734
1999-03-12,275.68167401397955
1999-03-15,273.7758522763074
1999-03-16,270.92111525139495
1999-03-17,272.5577419537784
1999-03-18,271.50992330453346
1999-03-19,274.22658961869786
1999-03-22,275.4896043586609
1999-03-23,275.4676511353936
1999-03-24,273.38610164816816
1999-03-25,276.594888459207
1999-03-26,276.594888459207
1999-03-29,279.820203052448
1999-03-30,275.30006672581743
1999-03-31,278.78332047011634
1999-04-01,280.7364219662904
1999-04-02,272.4910988280829
1999-04-05,271.6787061553524
1999-04-06,267.3010168794705
1999-04-07,267.96961348832656
1999-04-08,264.7963603433706
1999-04-09,264.83344198417274
1999-04-12,264.81163373114214
1999-04-13,263.84854205959954
1999-04-14,263.57565565305487
1999-04-15,263.093962240542
1999-04-16,262.6637296082507
1999-04-19,262.5127954609353
1999-04-20,261.71979872086456
1999-04-21,261.8328361579648
1999-04-22,264.0942913839521
1999-04-23,263.96954605633056
1999-04-26,263.2651718111519
1999-04-27,262.357008881624
1999-04-28,263.44407990826886
1999-04-29,261.0816933888651
1999-04-30,267.3785193239956
1999-05-03,267.4938080216495
1999-05-04,269.48129213362154
1999-05-05,268.1773037916947
1999-05-06,275.90902717132025
1999-05-07,278.171117508536
1999-05-10,275.6488217894185
1999-05-11,281.07225165400325
1999-05-12,278.55977836812355
1999-05-13,266.58782537723164
1999-05-14,289.704933956926
1999-05-17,292.33799220709534
1999-05-18,295.06572931729147
1999-05-19,289.84937995449303
1999-05-20,290.82400340437925
1999-05-21,285.450173357569
1999-05-24,283.01751066293696
1999-05-25,283.42495993722054
1999-05-26,287.6426344965299
1999-05-27,294.62020191746745
1999-05-28,294.59619205911196
1999-05-31,294.57218485541716
1999-06-01,309.86185701856465
1999-06-02,309.7740546527807
1999-06-03,306.2915596971437
1999-06-04,306.2915596971437
1999-06-07,305.5551562451926
1999-06-08,308.4954311279702
1999-06-09,312.1974209725674
1999-06-10,320.4033425897607
1999-06-11,336.13706280480875
1999-06-14,327.2780287165861
1999-06-15,323.80639473326386
1999-06-16,318.6412542974522
1999-06-17,291.42957276811785
1999-06-18,300.0232628337563
1999-06-21,305.56801682531506
1999-06-22,309.2181289767429
1999-06-23,315.18070415140613
1999-06-24,319.8176147183833
1999-06-25,316.7611794399322
1999-06-28,307.4426599433925
1999-06-29,302.3706163108587
1999-06-30,283.7409407459281
1999-07-01,289.033548057353
1999-07-02,288.42044629155157
1999-07-05,288.42044629155157
1999-07-06,290.75096896930086
1999-07-07,292.5093483296627
1999-07-08,288.23033347313276
1999-07-09,288.8612077650266
1999-07-12,281.7523388105722
1999-07-13,280.14607696603974
1999-07-14,281.10139476496585
1999-07-15,280.92275348616977
1999-07-16,279.73236988152547
1999-07-19,279.4852928478655
1999-07-20,279.1435274352132
1999-07-21,279.27599930357337
1999-07-22,280.43753205144054
1999-07-23,281.026252820739
1999-07-26,281.38885968678227
1999-07-27,279.4870474961598
1999-07-28,279.6412141092051
1999-07-29,284.1138621629292
1999-07-30,286.27363170453543
1999-08-02,286.8049209547409
1999-08-03,289.0261061687059
1999-08-04,288.27652317357695
1999-08-05,281.86491463520343
1999-08-06,298.5017653947625
1999-08-09,308.9437569661221
1999-08-10,310.83498900158304
1999-08-11,305.45572089202216
1999-08-12,305.10728238188057
1999-08-13,289.0928851252218
1999-08-16,287.56324606868884
1999-08-17,278.3323904648837
1999-08-18,277.8597946145038
1999-08-19,279.333963445015
1999-08-20,278.5456600522308
1999-08-23,278.8828022807149
1999-08-24,275.6208581548293
1999-08-25,270.6898851739598
1999-08-26,271.60025305706915
1999-08-27,271.81508445336783
1999-08-30,272.060949217235
1999-08-31,272.1295182337267
1999-09-01,272.0142807249497
1999-09-02,273.71357932836804
1999-09-03,267.1131164381292
1999-09-06,267.0843680895385
1999-09-07,269.6138088134055
1999-09-08,268.2797339722196
1999-09-09,270.4500872037401
1999-09-10,266.39828937494923
1999-09-13,267.29507219660235
1999-09-14,269.2233713256345
1999-09-15,267.746477840332
1999-09-16,266.45936516789084
1999-09-17,264.9887542143289
1999-09-20,266.59031347267717
1999-09-21,267.1058311009981
1999-09-22,266.7569225009977
1999-09-23,264.48761404302275
1999-09-24,262.0302337486447
1999-09-27,263.3765806223619
1999-09-28,262.76338264256174
1999-09-29,261.90073417588366
1999-09-30,261.67799539173353
1999-10-01,264.4131852318835
1999-10-04,262.95342142275365
1999-10-05,266.52624416488385
1999-10-06,266.85044840945733
1999-10-07,267.04883868878795
1999-10-08,266.37957968454594
1999-10-11,266.37957968454594
1999-10-12,268.38321801094577
1999-10-13,271.97102908281374
1999-10-14,274.7713676333007
1999-10-15,267.80851948990545
1999-10-18,270.6281932179736
1999-10-19,273.7785328603263
1999-10-20,274.9699519338186
1999-10-21,275.76183548555304
1999-10-22,276.77959588248655
1999-10-25,277.6411591723917
1999-10-26,278.5518984749164
1999-10-27,271.99433309836155
1999-10-28,263.73202521772924
1999-10-29,252.3032736774566
1999-11-01,254.74669169350835
1999-11-02,254.09352023650263
1999-11-03,253.72557675142303
1999-11-04,253.04865000573108
1999-11-05,252.8006456776826
1999-11-08,252.59264581406518
1999-11-09,252.2896365090687
1999-11-10,251.62358891504377
1999-11-11,251.61910258025583
1999-11-12,253.15743615404446
1999-11-15,252.9424254377719
1999-11-16,252.28065839007607
1999-11-17,250.62934280387262
1999-11-18,250.2605547870937
1999-11-19,250.2174955149444
1999-11-22,250.4733496195342
1999-11-23,250.3077575500607
1999-11-24,250.0187021431925
1999-11-25,250.0187021431925
1999-11-26,250.70780146303693
1999-11-29,253.38402336299168
1999-11-30,251.92566047680742
1999-12-01,253.4983282720632
1999-12-02,255.29343697031973
1999-12-03,250.94071385090695
1999-12-06,249.30801729859593
1999-12-07,246.26048925672674
1999-12-08,247.2435884440805
1999-12-09,247.2435884440805
1999-12-10,244.67181561716654
1999-12-13,245.17935998138321
1999-12-14,243.8040359689574
1999-12-15,243.31266471385337
1999-12-16,244.2348803543494
1999-12-17,244.35918334626274
1999-12-20,247.96930324948966
1999-12-21,249.76097327171286
1999-12-22,250.39026426959006
1999-12-23,252.26580952247284
1999-12-24,252.24805082236145
1999-12-27,250.49781831983785
1999-12-28,254.27114639518732
1999-12-29,251.33288072376487
1999-12-30,249.25782089699013
1999-12-31,256.91090801151535
2000-01-03,271.4104136494832
2000-01-04,262.18278458376216
2000-01-05,276.19598050146556
2000-01-06,269.6536972780573
2000-01-07,262.3068300446559
2000-01-10,266.91181432397156
2000-01-11,266.91181432397156
2000-01-12,281.9494657141556
2000-01-13,271.48817950206814
2000-01-14,280.0430596300221
2000-01-17,280.0430596300221
2000-01-18,288.6949774094118
2000-01-19,284.8165981047015
2000-01-20,290.44454085198277
2000-01-21,292.0259705132812
2000-01-24,279.99963956260257
2000-01-25,281.6249156420174
2000-01-26,279.18739715882623
2000-01-27,279.7350691066832
2000-01-28,274.52854530760334
2000-01-31,276.34452188890646
2000-02-01,271.7578230283854
2000-02-02,269.80954512437046
2000-02-03,261.7365210316291
2000-02-04,265.9090044574389
2000-02-07,269.72532102736614
2000-02-08,267.83970418100336
2000-02-09,271.69052608414825
2000-02-10,274.5088827543283
2000-02-11,272.49416115228485
2000-02-14,264.9744352740231
2000-02-15,267.28907669985466
2000-02-16,267.6219324256139
2000-02-17,269.9540340594389
2000-02-18,264.33824743305235
2000-02-21,264.3202804887735
2000-02-22,254.9276482574223
2000-02-23,259.74619865963666
2000-02-24,259.2796528082499
2000-02-25,259.2706826863206
2000-02-28,259.2661855963758
2000-02-29,259.30098699066593
2000-03-01,259.29202141940755
2000-03-02,259.35377473558896
2000-03-03,259.21340216733284
2000-03-06,259.3761707401899
2000-03-07,259.2694809395014
2000-03-08,259.2694809395014
2000-03-09,259.08984619903174
2000-03-10,259.2750019009781
2000-03-13,259.1402737752652
2000-03-14,258.79235663504545
2000-03-15,258.65260633457734
2000-03-16,258.88685509520064
2000-03-17,259.8950503604932
2000-03-20,259.82229967714585
2000-03-21,261.35530602804454
2000-03-22,261.9023835536431
2000-03-23,263.2874867623393
2000-03-24,255.8835412178616
2000-03-27,257.0602661420887
2000-03-28,257.84498367914154
2000-03-29,259.01357120396875
2000-03-30,263.9696413626985
2000-03-31,265.82506410977004
2000-04-03,267.63241465934624
2000-04-04,277.8070201262804
2000-04-05,273.7316032766391
2000-04-06,269.9617316839542
2000-04-07,269.9617316839542
2000-04-10,281.61552623199884
2000-04-11,269.57555901408983
2000-04-12,256.76705982537953
2000-04-13,262.539289773028
2000-04-14,264.7145255116661
2000-04-17,258.69673584072365
2000-04-18,258.0602630383448
2000-04-19,261.32815710003484
2000-04-20,260.9329544282067
2000-04-21,260.9329544282067
2000-04-24,260.9329544282067
2000-04-25,257.38002065805404
2000-04-26,257.4707480420119
2000-04-27,255.40635761509284
2000-04-28,255.61184093733544
2000-05-01,255.92966628203922
2000-05-02,256.41687269587294
2000-05-03,257.7981485839703
2000-05-04,259.5839420222372
2000-05-05,261.63163116732994
2000-05-08,264.42740021427267
2000-05-09,261.4029466721762
2000-05-10,254.71699215874096
2000-05-11,252.63998196688337
2000-05-12,259.36095103627343
2000-05-15,256.83419434929965
2000-05-16,254.76263973178996
2000-05-17,257.7333438929205
2000-05-18,262.0401179783814
2000-05-19,258.76954589932313
2000-05-22,253.1693775188009
2000-05-23,254.17292005281857
2000-05-24,254.16414905885335
2000-05-25,251.33083586638253
2000-05-26,248.73549603427648
2000-05-29,248.70076436538028
2000-05-30,248.3656847246229
2000-05-31,248.93722217612427
2000-06-01,249.48022108891968
2000-06-02,250.08426772454922
2000-06-05,251.1642542278559
2000-06-06,250.3359376457146
2000-06-07,250.7629095697203
2000-06-08,251.54664544579015
2000-06-09,250.68975049751603
2000-06-12,252.96923387574986
2000-06-13,251.0249421945931
2000-06-14,255.9392913853174
2000-06-15,255.54139205621297
2000-06-16,259.7869189560521
2000-06-19,257.92655958590245
2000-06-20,256.2264084278694
2000-06-21,248.82357837772773
2000-06-22,247.73303722664372
2000-06-23,244.51576266160328
2000-06-26,248.36465417513836
2000-06-27,248.36465417513836
2000-06-28,248.00239171855006
2000-06-29,250.09040606886134
2000-06-30,250.48719794233776
2000-07-03,252.85895146032885
2000-07-04,252.82445686578532
2000-07-05,253.97113635059912
2000-07-06,249.52497991288158
2000-07-07,253.5537484049752
2000-07-10,251.67549411657376
2000-07-11,250.18087326657832
2000-07-12,247.7498093135837
2000-07-13,253.20320127052693
2000-07-14,246.60271644678397
2000-07-17,243.54158122203083
2000-07-18,243.6971635463947
2000-07-19,243.6887960210236
2000-07-20,246.12793701010028
2000-07-21,246.29691483068993
2000-07-24,245.0006909714344
2000-07-25,245.66643449229338
2000-07-26,245.71774435366333
2000-07-27,247.30858616166574
2000-07-28,246.26463383499475
2000-07-31,246.44317653681594
2000-08-01,248.76542845453932
2000-08-02,250.07124251976018
2000-08-03,251.2802817120531
2000-08-04,254.47377781041513
2000-08-07,250.48853018265476
2000-08-08,254.64236690364763
2000-08-09,255.55113796883822
2000-08-10,257.7149999725704
2000-08-11,251.96832516258542
2000-08-14,254.18260372535633
2000-08-15,251.5644598104133
2000-08-16,251.5514756776422
2000-08-17,250.8016822959235
2000-08-18,253.8798896764252
2000-08-21,253.0338955651675
2000-08-22,253.78409259324349
2000-08-23,258.48278757299744
2000-08-24,258.64738193465524
2000-08-25,258.63014179137645
2000-08-28,253.5670882939164
2000-08-29,250.00082687047149
2000-08-30,250.32393780309232
2000-08-31,257.1166880163457
2000-09-01,261.4439378844187
2000-09-04,261.39581488702754
2000-09-05,261.7685043211298
2000-09-06,257.51405371748444
2000-09-07,254.15802731015555
2000-09-08,256.70831734794984
2000-09-11,253.35302973789572
2000-09-12,253.33625226440063
2000-09-13,257.84954022935153
2000-09-14,253.91878668589473
2000-09-15,250.95195185687942
2000-09-18,249.40140618717166
2000-09-19,250.36358706575083
2000-09-20,248.37910581088627
2000-09-21,249.72406214283026
2000-09-22,251.33060705329888
2000-09-25,251.79172847505637
2000-09-26,253.6187467248745
2000-09-27,253.01214547432792
2000-09-28,253.00418562654642
2000-09-29,254.19159591247316
2000-10-02,253.77016897800164
2000-10-03,249.45859504358222
2000-10-04,247.81266323833884
2000-10-05,250.88301863459003
2000-10-06,253.34742358578143
2000-10-09,253.33553124585015
2000-10-10,255.21262625559373
2000-10-11,257.1542503179723
2000-10-12,263.26499514599965
2000-10-13,263.2287444335186
2000-10-16,260.82517822222894
2000-10-17,271.26937576373956
2000-10-18,271.2653370958784
2000-10-19,272.58527447309206
2000-10-20,278.3598859156416
2000-10-23,287.0850249163609
2000-10-24,279.7896655898523
2000-10-25,268.962693013779
2000-10-26,267.86089880677724
2000-10-27,261.4035727290741
2000-10-30,259.3381856922113
2000-10-31,254.8519372963015
2000-11-01,257.42103606172105
2000-11-02,258.8674743170333
2000-11-03,250.7761342320415
2000-11-06,247.7777280571953
2000-11-07,247.91301884760662
2000-11-08,248.26104073899012
2000-11-09,249.2622912311147
2000-11-10,249.54984818827737
2000-11-13,250.4121181632145
2000-11-14,250.89548656931814
2000-11-15,253.41772265547326
2000-11-16,255.80446479377193
2000-11-17,253.61994040949978
2000-11-20,256.63676052611834
2000-11-21,257.20898550082467
2000-11-22,264.13006128194934
2000-11-23,264.10390414727834
2000-11-24,260.0987612016583
2000-11-27,259.5586130598559
2000-11-28,268.54757838635226
2000-11-29,273.69965940154134
2000-11-30,289.4612919258037
2000-12-01,276.49964324638836
2000-12-04,276.4763269748029
2000-12-05,292.1422606445733
2000-12-06,309.326057050475
2000-12-07,310.230009226444
2000-12-08,300.299053258165
2000-12-11,297.05913279585667
2000-12-12,301.1910293965135
2000-12-13,315.339281792575
2000-12-14,327.58530092917795
2000-12-15,335.00123349216835
2000-12-18,340.2779888007352
2000-12-19,332.7922717657325
2000-12-20,349.4953485041912
2000-12-21,359.10331157846826
2000-12-22,365.3729411772117
2000-12-25,365.36838577876904
2000-12-26,361.7290595743585
2000-12-27,342.84145523114483
2000-12-28,336.71432853415763
2000-12-29,341.94708283612306
2001-01-01,341.94708283612306
2001-01-02,384.2082726323274
2001-01-03,334.63745072159287
2001-01-04,358.94519556376406
2001-01-05,369.787775808958
2001-01-08,375.0288456828266
2001-01-09,366.8926684930753
2001-01-10,352.53571893691316
2001-01-11,347.73972935032936
2001-01-12,334.6186260604488
2001-01-15,334.56599524460114
2001-01-16,336.12771679001145
2001-01-17,341.12879212263135
2001-01-18,345.60900641762686
2001-01-19,341.0538319535279
2001-01-22,337.02232427082765
2001-01-23,332.5741195396979
2001-01-24,331.09025390124964
2001-01-25,333.0597409252926
2001-01-26,333.1138733929082
2001-01-29,332.3017848802965
2001-01-30,335.81423688244894
2001-01-31,338.9050658918942
2001-02-01,343.1012759263093
2001-02-02,337.5477364878959
2001-02-05,337.5477364878959
2001-02-06,332.6424161608636
2001-02-07,335.3491337624335
2001-02-08,334.80494734523046
2001-02-09,341.2183203185726
2001-02-12,338.1249767815253
2001-02-13,335.7529407744191
2001-02-14,330.92221090755265
2001-02-15,324.76867852717754
2001-02-16,332.29244411630486
2001-02-19,332.29244411630486
2001-02-20,332.43429007453057
2001-02-21,330.1592391796449
2001-02-22,330.52890727581496
2001-02-23,333.85877929302643
2001-02-26,336.533711737109
2001-02-27,341.08350753794434
2001-02-28,346.813215083994
2001-03-01,350.17732696612495
2001-03-02,336.25220227845114
2001-03-05,336.02150217808145
2001-03-06,335.5370071835374
2001-03-07,342.26260781438083
2001-03-08,345.4551910145409
2001-03-09,340.0323678964955
2001-03-12,342.35285108657473
2001-03-13,338.93152825395197
2001-03-14,350.1962944282819
2001-03-15,355.57754701011993
2001-03-16,361.30323867798967
2001-03-19,351.1440149717113
2001-03-20,359.17001149004795
2001-03-21,363.74736254208943
2001-03-22,374.4591488364793
2001-03-23,360.8635715627952
2001-03-26,352.5211809533546
2001-03-27,328.54302045494046
2001-03-28,331.2670519895014
2001-03-29,332.91396610444576
2001-03-30,337.04694162459924
2001-04-02,333.4023702380996
2001-04-03,335.4136281124858
2001-04-04,337.70975466698525
2001-04-05,333.7203345962851
2001-04-06,343.69929073211364
2001-04-09,340.68056769148524
2001-04-10,325.6836571222344
2001-04-11,321.66450391807234
2001-04-12,318.8091473287315
2001-04-13,318.77551201427616
2001-04-16,317.3883181307288
2001-04-17,318.4382914170114
2001-04-18,316.86914782419757
2001-04-19,319.7001863992069
2001-04-20,319.70829554882346
2001-04-23,319.24573095881277
2001-04-24,319.34551810101385
2001-04-25,319.8858116646411
2001-04-26,319.6758687588088
2001-04-27,320.06275745032076
2001-04-30,320.0655429691409
2001-05-01,319.66604048958595
2001-05-02,319.64636864393805
2001-05-03,317.93499829681195
2001-05-04,317.6048514789773
2001-05-07,317.5888039889069
2001-05-08,317.2457116111804
2001-05-09,318.62783803089246
2001-05-10,315.91198384175766
2001-05-11,308.8328992078325
2001-05-14,310.0818456514587
2001-05-15,311.2373141668929
2001-05-16,310.4116041386222
2001-05-17,310.33169845621825
2001-05-18,309.9854810856458
2001-05-21,308.7939607812406
2001-05-22,308.788636588303
2001-05-23,308.57253988747806
2001-05-24,311.1526945075847
2001-05-25,311.0370578122545
2001-05-28,311.0263214656615
2001-05-29,311.4148697851721
2001-05-30,311.0859300380849
2001-05-31,306.8690876463661
2001-06-01,305.6745127098294
2001-06-04,304.88174339236565
2001-06-05,304.85495247930726
2001-06-06,304.8120952988989
2001-06-07,303.2801556791501
2001-06-08,301.2952611629168
2001-06-11,303.67759845423177
2001-06-12,305.2292342232902
2001-06-13,304.8765380058036
2001-06-14,306.6867649192994
2001-06-15,306.04554971548924
2001-06-18,306.6482735783482
2001-06-19,307.306842206082
2001-06-20,309.07796524090475
2001-06-21,309.4077833559229
2001-06-22,314.9686457422569
2001-06-25,313.8406107373221
2001-06-26,305.9083745401313
2001-06-27,303.76379950617815
2001-06-28,294.9303103397736
2001-06-29,289.913415873214
2001-07-02,291.799430955543
2001-07-03,292.0749149304337
2001-07-04,292.0749149304337
2001-07-05,292.22194302353256
2001-07-06,291.8819256419753
2001-07-09,291.42268901036357
2001-07-10,290.36853239648264
2001-07-11,290.31761576365955
2001-07-12,291.4237977425922
2001-07-13,291.49287347006424
2001-07-16,294.12868570954015
2001-07-17,294.09124072459343
2001-07-18,302.30478339719093
2001-07-19,299.62061280209815
2001-07-20,298.7901512161188
2001-07-23,300.80279526053755
2001-07-24,302.9391006068457
2001-07-25,295.1879565560333
2001-07-26,297.88391488082596
2001-07-27,303.5195675189426
2001-07-30,305.50248789370363
2001-07-31,310.64321686226526
2001-08-01,306.49721115659776
2001-08-02,297.8400908627471
2001-08-03,295.89156701509245
2001-08-06,296.6869372772584
2001-08-07,295.97104132014084
2001-08-08,306.174164606895
2001-08-09,302.00525578504437
2001-08-10,305.42544112527804
2001-08-13,308.44542472885814
2001-08-14,307.07712030460135
2001-08-15,303.636834743482
2001-08-16,310.03073316796446
2001-08-17,319.74974289008634
2001-08-20,313.38423659113073
2001-08-21,314.96672312183114
2001-08-22,314.0135964296607
2001-08-23,316.86640886755885
2001-08-24,313.51519375252195
2001-08-27,312.72369982698
2001-08-28,325.0473715515012
2001-08-29,333.3457573445262
2001-08-30,331.4673888187831
2001-08-31,325.9812863042054
2001-09-03,325.9812863042054
2001-09-04,297.22754947867156
2001-09-05,301.15750320724715
2001-09-06,311.12375992755227
2001-09-07,317.2731652765818
2001-09-10,313.5445678972851
2001-09-11,331.13636611760325
2001-09-12,331.1130593865177
2001-09-13,349.76206727576107
2001-09-14,360.8864288401166
2001-09-17,347.70169731870686
2001-09-18,329.56628090778895
2001-09-19,333.81872566968855
2001-09-20,324.1129169434283
2001-09-21,332.15939506392556
2001-09-24,328.6751099412227
2001-09-25,332.5633271493614
2001-09-26,342.4446956539296
2001-09-27,350.8929602029209
2001-09-28,347.86442285882515
2001-10-01,354.5938817883152
2001-10-02,361.7233383015666
2001-10-03,365.89792628025305
2001-10-04,364.98902450939835
2001-10-05,367.0363557972135
2001-10-08,367.0301185305157
2001-10-09,351.13649980927414
2001-10-10,353.46267238641565
2001-10-11,336.16023729317146
2001-10-12,337.6415950090948
2001-10-15,348.57678632601574
2001-10-16,353.3849687544478
2001-10-17,354.0429308198127
2001-10-18,355.3843847016964
2001-10-19,344.03135537095733
2001-10-22,345.728304610317
2001-10-23,342.0868933278025
2001-10-24,351.91845362300666
2001-10-25,361.4334554395223
2001-10-26,363.776087282901
2001-10-29,373.02198188152687
2001-10-30,391.07140042228974
2001-10-31,422.12399350836796
2001-11-01,424.44091872956136
2001-11-02,396.5144398072122
2001-11-05,410.52661024439743
2001-11-06,417.6340978963937
2001-11-07,437.38507394425295
2001-11-08,410.2303344265074
2001-11-09,407.0454517428366
2001-11-12,407.03853713285446
2001-11-13,389.399141774631
2001-11-14,359.217075714968
2001-11-15,323.4399626228303
2001-11-16,312.8474664118123
2001-11-19,315.2171864480479
2001-11-20,315.80806277844545
2001-11-21,317.0236704989838
2001-11-22,317.0048096808733
2001-11-23,318.40568521339503
2001-11-26,318.39309257281434
2001-11-27,315.3209534913559
2001-11-28,315.5026564085084
2001-11-29,307.536845700999
2001-11-30,306.6272889453918
2001-12-03,306.4911677026015
2001-12-04,307.15851040687863
2001-12-05,301.94448037071487
2001-12-06,298.4105736123122
2001-12-07,296.65957395196295
2001-12-10,296.28910165650086
2001-12-11,294.54888996994157
2001-12-12,291.1582354467624
2001-12-13,295.098987319112
2001-12-14,296.58986865407394
2001-12-17,297.5527790135354
2001-12-18,294.82180165688777
2001-12-19,291.8236236005558
2001-12-20,292.15879283858095
2001-12-21,293.0101937242342
2001-12-24,293.83919960162126
2001-12-25,293.83919960162126
2001-12-26,294.614570525837
2001-12-27,293.0231363842654
2001-12-28,293.32711521631256
2001-12-31,291.1635956045365
2002-01-01,291.13194192559735
2002-01-02,292.10366034381883
2002-01-03,291.7756416301512
2002-01-04,291.82461358535494
2002-01-07,290.6368952254243
2002-01-08,290.66677560286115
2002-01-09,290.6482503825705
2002-01-10,290.6419298823766
2002-01-11,290.8419068985458
2002-01-14,291.03258265862917
2002-01-15,292.6387463670803
2002-01-16,292.1439369510695
2002-01-17,286.8683755492747
2002-01-18,289.5158087494164
2002-01-21,289.5158087494164
2002-01-22,289.1323791251787
2002-01-23,284.4810311559481
2002-01-24,282.9725103982229
2002-01-25,281.96088382614096
2002-01-28,282.014353128158
2002-01-29,282.91255990133743
2002-01-30,282.9302606636959
2002-01-31,282.25382764815373
2002-02-01,283.2572439457302
2002-02-04,284.9549537685211
2002-02-05,285.08643218760807
2002-02-06,284.0840232368618
2002-02-07,282.8087442534582
2002-02-08,285.35083357076627
2002-02-11,284.58314245701206
2002-02-12,281.1609534003047
2002-02-13,279.9844745155931
2002-02-14,281.55726180425006
2002-02-15,284.0871089825704
2002-02-18,284.0625852418651
2002-02-19,283.348468872431
2002-02-20,283.6297417229406
2002-02-21,283.95930536676184
2002-02-22,286.09495533326026
2002-02-25,284.97826600477924
2002-02-26,280.620191727897
2002-02-27,287.5094600785748
2002-02-28,285.2691710124956
2002-03-01,279.49013344730815
2002-03-04,278.01786735534535
2002-03-05,277.8456079644957
2002-03-06,277.35815148113676
2002-03-07,274.9959019912295
2002-03-08,274.3945318613656
2002-03-11,274.3578166439679
2002-03-12,273.58147650013575
2002-03-13,270.1661664581413
2002-03-14,279.5298688473392
2002-03-15,276.46101404845643
2002-03-18,273.4846191561358
2002-03-19,274.95487450340863
2002-03-20,279.2727142301119
2002-03-21,277.6430267861544
2002-03-22,278.0973785527565
2002-03-25,278.81221890908273
2002-03-26,274.8406095514578
2002-03-27,274.1839983442945
2002-03-28,277.6734387404226
2002-03-29,277.6734387404226
2002-04-01,277.52295947967445
2002-04-02,273.6120575713147
2002-04-03,270.0642325733771
2002-04-04,269.8962675230605
2002-04-05,269.0340104030125
2002-04-08,269.0746943274525
2002-04-09,269.57640524005393
2002-04-10,269.3042802469752
2002-04-11,269.7659105972839
2002-04-12,270.9445394373127
2002-04-15,271.5397357433531
2002-04-16,270.1127070271894
2002-04-17,268.2390114478643
2002-04-18,268.8939760456053
2002-04-19,269.542422487873
2002-04-22,270.6683720563907
2002-04-23,270.7986851559417
2002-04-24,273.71003420736145
2002-04-25,274.4551709001741
2002-04-26,276.7995074146966
2002-04-29,274.04232014298344
2002-04-30,275.4332900210152
2002-05-01,278.6244729861937
2002-05-02,273.4890554467779
2002-05-03,279.09981626773174
2002-05-06,277.58934043729
2002-05-07,278.9935007970412
2002-05-08,266.208391918591
2002-05-09,270.0810094853522
2002-05-10,273.0300925296886
2002-05-13,269.48922094825446
2002-05-14,266.10573708754765
2002-05-15,267.44655229189476
2002-05-16,268.22737621551505
2002-05-17,267.5375066631259
2002-05-20,268.3558518928055
2002-05-21,268.99732249530376
2002-05-22,269.78521716650346
2002-05-23,268.4286465539496
2002-05-24,269.98295490659905
2002-05-27,269.97696826659194
2002-05-28,270.58396173015433
2002-05-29,273.6787325976564
2002-05-30,276.5970090187268
2002-05-31,275.4073268924721
2002-06-03,276.20506746211856
2002-06-04,278.4973960062807
2002-06-05,276.4092838921495
2002-06-06,279.98517208912494
2002-06-07,276.03080234611286
2002-06-10,278.43681193299926
2002-06-11,283.7408403752478
2002-06-12,287.69770516989513
2002-06-13,292.74269387124144
2002-06-14,308.3343145820584
2002-06-17,298.8329848286143
2002-06-18,300.73367327193824
2002-06-19,322.5047823651653
2002-06-20,302.3697888305754
2002-06-21,316.6787386745817
2002-06-24,306.2617702077171
2002-06-25,307.1806201554131
2002-06-26,323.4929172275045
2002-06-27,310.09995372018466
2002-06-28,308.23324837724743
2002-07-01,309.45673399444155
2002-07-02,318.4391910964446
2002-07-03,317.26233087148586
2002-07-04,317.24845469949213
2002-07-05,304.36590866064535
2002-07-08,310.200735702978
2002-07-09,316.9562290690864
2002-07-10,326.21868331188216
2002-07-11,328.83512180489146
2002-07-12,332.3302893820512
2002-07-15,330.43678458969083
2002-07-16,316.75023995469047
2002-07-17,326.19263833928693
2002-07-18,334.18375030814855
2002-07-19,340.51932992209845
2002-07-22,355.7903313800712
2002-07-23,363.75910898285565
2002-07-24,368.70793901500144
2002-07-25,373.37294312364895
2002-07-26,379.2494203104684
2002-07-29,346.81018174096937
2002-07-30,340.91790723164144
2002-07-31,362.27828918741284
2002-08-01,371.9861332603484
2002-08-02,396.5585027751658
2002-08-05,403.0137633112429
2002-08-06,376.65269827771306
2002-08-07,394.0726454835442
2002-08-08,378.1272228390714
2002-08-09,403.0449233660958
2002-08-12,408.1068129074672
2002-08-13,422.5322828926682
2002-08-14,420.65443250102265
2002-08-15,403.8145156998177
2002-08-16,380.2667807948669
2002-08-19,384.32819420487004
2002-08-20,401.66199811817637
2002-08-21,399.7219771098287
2002-08-22,389.2711117422566
2002-08-23,398.22725258593937
2002-08-26,401.93281777704726
2002-08-27,392.8590328502365
2002-08-28,399.32780765639586
2002-08-29,406.8372297637285
2002-08-30,409.31647353737367
2002-09-02,409.2857014757699
2002-09-03,435.8759854051649
2002-09-04,440.81259213513596
2002-09-05,449.5502635056476
2002-09-06,427.34507678454366
2002-09-09,425.76304155419
2002-09-10,434.43813173983415
2002-09-11,421.61161657807816
2002-09-12,438.0423825002876
2002-09-13,449.74480431966884
2002-09-16,455.7232790666452
2002-09-17,459.2574888464742
2002-09-18,460.9616347291526
2002-09-19,474.9770957571637
2002-09-20,478.17562925608314
2002-09-23,497.66214041924934
2002-09-24,502.8589994996136
2002-09-25,476.8890719422237
2002-09-26,477.375822096675
2002-09-27,495.1571931178085
2002-09-30,515.4948303263811
2002-10-01,492.64458475051424
2002-10-02,494.14471635566406
2002-10-03,496.4006095755769
2002-10-04,497.9102486185651
2002-10-07,509.00895760854723
2002-10-08,504.38429583670734
2002-10-09,522.9881475308594
2002-10-10,507.46211479161377
2002-10-11,477.44494388491876
2002-10-14,477.34653368962415
2002-10-15,439.2416624661089
2002-10-16,434.8146845384352
2002-10-17,427.13795546378446
2002-10-18,428.41751646427826
2002-10-21,424.58164670300806
2002-10-22,424.1056295456186
2002-10-23,424.3754728384655
2002-10-24,425.95269594036245
2002-10-25,426.987369083477
2002-10-28,427.99443960000156
2002-10-29,437.12946661884445
2002-10-30,435.5861121225108
2002-10-31,443.8114356249394
2002-11-01,434.3266747962796
2002-11-04,424.09515385936015
2002-11-05,419.99461445684744
2002-11-06,424.01942023712616
2002-11-07,440.2312710507123
2002-11-08,445.0885616213573
2002-11-11,445.02697324170254
2002-11-12,445.74232114408227
2002-11-13,450.0224364617848
2002-11-14,418.03399498408726
2002-11-15,412.24135927345344
2002-11-18,414.8694467522595
2002-11-19,417.66904936897487
2002-11-20,407.67156585303655
2002-11-21,401.91960346446285
2002-11-22,399.9342727287733
2002-11-25,399.9022702906686
2002-11-26,403.45235750702966
2002-11-27,397.48882769410255
2002-11-28,397.44807433142137
2002-11-29,398.4507431062457
2002-12-02,398.0535401703329
2002-12-03,397.8434238330736
2002-12-04,399.2669448730963
2002-12-05,400.60092374142914
2002-12-06,401.73318421212986
2002-12-09,403.7185623309231
2002-12-10,404.0469312359204
2002-12-11,408.70865349353494
2002-12-12,408.2855789140519
2002-12-13,403.5474968948016
2002-12-16,395.7425106929322
2002-12-17,399.30383802319244
2002-12-18,406.3018933779863
2002-12-19,416.4833080151343
2002-12-20,416.73000604288734
2002-12-23,415.73517905596657
2002-12-24,423.3821344818869
2002-12-25,423.3477241843337
2002-12-26,425.9849060757314
2002-12-27,443.982020417687
2002-12-30,449.99734819447497
2002-12-31,443.84323496224954
2003-01-01,443.84323496224954
2003-01-02,396.55436617217265
2003-01-03,397.2075420294657
2003-01-06,393.7210992277226
2003-01-07,398.09305512438567
2003-01-08,402.1906487731823
2003-01-09,385.32155624069316
2003-01-10,384.749061421405
2003-01-13,386.9052778029653
2003-01-14,389.3283923495316
2003-01-15,390.00740616228563
2003-01-16,389.809992465347
2003-01-17,394.2015304231388
2003-01-20,394.1510846035833
2003-01-21,397.3630666535065
2003-01-22,403.6771538621028
2003-01-23,400.595389852685
2003-01-24,407.0014464822061
2003-01-27,399.40634878779724
2003-01-28,396.29286233207335
2003-01-29,386.83097483152113
2003-01-30,393.45071195709795
2003-01-31,394.76529549442125
2003-02-03,392.2489501243676
2003-02-04,399.4019426808623
2003-02-05,391.28137639876275
2003-02-06,398.12093431081433
2003-02-07,402.10201021550154
2003-02-10,395.2241266196565
2003-02-11,399.01568633908823
2003-02-12,406.3839648326888
2003-02-13,416.19760534642063
2003-02-14,405.82727821206055
2003-02-17,405.81860145927
2003-02-18,407.0633894237986
2003-02-19,418.45490840686983
2003-02-20,425.59581468438006
2003-02-21,417.0756454240054
2003-02-24,426.38300704163754
2003-02-25,430.9230604773717
2003-02-26,438.6607878670326
2003-02-27,441.8347822245157
2003-02-28,454.83624606527087
2003-03-03,461.57971955436653
2003-03-04,469.4493355189163
2003-03-05,480.5441183932754
2003-03-06,472.8695166293777
2003-03-07,482.6172494982744
2003-03-10,496.1261419608926
2003-03-11,486.44321286115996
2003-03-12,481.76999350867254
2003-03-13,433.86487060569283
2003-03-14,445.26134806885216
2003-03-17,428.7829595808999
2003-03-18,417.44851784140195
2003-03-19,410.79657412852623
2003-03-20,408.3188302067442
2003-03-21,403.8360785938464
2003-03-24,407.1856013315201
2003-03-25,407.2331499816449
2003-03-26,407.40686417000563
2003-03-27,407.658013755906
2003-03-28,409.12288044707805
2003-03-31,412.08171771121977
2003-04-01,411.8686563680386
2003-04-02,401.5492383520472
2003-04-03,404.23385389304667
2003-04-04,402.43752078855266
2003-04-07,397.1534995229597
2003-04-08,403.53528115818654
2003-04-09,406.0765607802817
2003-04-10,404.4381267841992
2003-04-11,402.07357306489826
2003-04-14,398.54336825428567
2003-04-15,402.0324803331464
2003-04-16,403.86803658936446
2003-04-17,402.8679043196443
2003-04-18,402.8679043196443
2003-04-21,400.9271485014107
2003-04-22,401.29893036943906
2003-04-23,400.48040320969517
2003-04-24,406.5721881175132
2003-04-25,408.7210660221841
2003-04-28,407.6677127898819
2003-04-29,404.31644666298985
2003-04-30,413.72116039880666
2003-05-01,415.1982747889074
2003-05-02,407.4546142544304
2003-05-05,412.41823456736665
2003-05-06,425.6009943051037
2003-05-07,439.7142714761371
2003-05-08,444.7365690380541
2003-05-09,445.4944339968869
2003-05-12,453.18697774766076
2003-05-13,455.77161019860364
2003-05-14,472.71415353393155
2003-05-15,467.7208020078076
2003-05-16,488.9785586218306
2003-05-19,495.06620419258593
2003-05-20,515.2752103615327
2003-05-21,504.07047196033943
2003-05-22,518.0443209249845
2003-05-23,518.0443209249845
2003-05-26,518.0350096199132
2003-05-27,507.83743196118473
2003-05-28,504.7982448013788
2003-05-29,529.5858311177069
2003-05-30,527.0281386787913
2003-06-02,504.1024223583479
2003-06-03,534.7794984937327
2003-06-04,547.9958060209655
2003-06-05,531.5427875087144
2003-06-06,523.2044491423884
2003-06-09,547.2562458514775
2003-06-10,577.8239333996976
2003-06-11,572.6403943088859
2003-06-12,580.5859589666596
2003-06-13,601.6894407724304
2003-06-16,575.0965073569065
2003-06-17,543.1878699861372
2003-06-18,516.6178357028347
2003-06-19,523.8900058908978
2003-06-20,516.2768967328518
2003-06-23,532.8884406940873
2003-06-24,541.2939902970556
2003-06-25,523.1801442044537
2003-06-26,491.97381916907057
2003-06-27,489.06020210010706
2003-06-30,492.8491013016737
2003-07-01,491.9042480464742
2003-07-02,492.68112237203525
2003-07-03,487.62481154679887
2003-07-04,487.60698302026543
2003-07-07,485.40345683393946
2003-07-08,484.15285491763
2003-07-09,484.50497713970543
2003-07-10,484.664802719392
2003-07-11,484.9030903632407
2003-07-14,483.78115112422284
2003-07-15,476.31057670593
2003-07-16,474.70452367367625
2003-07-17,474.75963163131405
2003-07-18,475.4607489556774
2003-07-21,485.21658475359243
2003-07-22,483.1498881255917
2003-07-23,480.09739230178934
2003-07-24,484.629403179147
2003-07-25,485.6342349658612
2003-07-28,495.6907440172579
2003-07-29,505.7197589840958
2003-07-30,499.42139897710194
2003-07-31,521.4501353895105
2003-08-01,522.7997284855059
2003-08-04,502.7431026115944
2003-08-05,518.0416239473975
2003-08-06,494.38221803066114
2003-08-07,489.865853749309
2003-08-08,488.91548015545965
2003-08-11,492.8256689269288
2003-08-12,491.6029659847671
2003-08-13,503.915702714325
2003-08-14,505.40420987116033
2003-08-15,501.1407816311534
2003-08-18,496.50542263529445
2003-08-19,485.05531463986546
2003-08-20,492.6554495203051
2003-08-21,497.9523076003929
2003-08-22,493.93403316164427
2003-08-25,497.9616483240216
2003-08-26,494.48520303823847
2003-08-27,498.1078472442527
2003-08-28,489.34650182563576
2003-08-29,490.76679320988933
2003-09-01,490.75675153013856
2003-09-02,499.4381066053588
2003-09-03,497.7274366538383
2003-09-04,489.5507121102377
2003-09-05,474.4179998941397
2003-09-08,475.5077097346388
2003-09-09,475.2040917254707
2003-09-10,474.70276873684793
2003-09-11,474.39692777320454
2003-09-12,476.4162919724072
2003-09-15,477.2338025408377
2003-09-16,475.5901988591294
2003-09-17,479.05273364914143
2003-09-18,478.59038494434867
2003-09-19,479.7837276132964
2003-09-22,476.97353168458926
2003-09-23,478.2041080451353
2003-09-24,483.01946413244866
2003-09-25,484.4897070914794
2003-09-26,490.3407387453653
2003-09-29,486.98626790070773
2003-09-30,502.1745375826386
2003-10-01,502.1323311059514
2003-10-02,492.1936083775467
2003-10-03,464.8296197463173
2003-10-06,472.4408743265127
2003-10-07,467.90466227143355
2003-10-08,468.7407608839206
2003-10-09,467.42999116157097
2003-10-10,468.70692455719103
2003-10-13,468.70692455719103
2003-10-14,467.82720603326663
2003-10-15,467.3157558528545
2003-10-16,468.0013563801193
2003-10-17,465.61687019846613
2003-10-20,464.60052738482824
2003-10-21,464.40350952968384
2003-10-22,460.7951077322334
2003-10-23,461.58214783674947
2003-10-24,461.57184356869504
2003-10-27,461.25982773344765
2003-10-28,464.175747932219
2003-10-29,461.4188749355681
2003-10-30,457.51087323582124
2003-10-31,459.65269812310197
2003-11-03,458.1661206437125
2003-11-04,459.3995487730842
2003-11-05,458.9275554038069
2003-11-06,458.4821600080944
2003-11-07,458.1351229580911
2003-11-10,458.1562669432093
2003-11-11,458.13548915345103
2003-11-12,456.45672225248165
2003-11-13,452.1050567917415
2003-11-14,449.55385620498805
2003-11-17,450.1019568200612
2003-11-18,450.85369520664705
2003-11-19,446.07130987628585
2003-11-20,452.0695619207082
2003-11-21,452.3973532230986
2003-11-24,445.91963113569335
2003-11-25,448.81651151056747
2003-11-26,444.6617990132727
2003-11-27,444.6313193738548
2003-11-28,438.7339833687598
2003-12-01,434.8525882748275
2003-12-02,435.0686507314105
2003-12-03,435.52011490546516
2003-12-04,434.72452720161596
2003-12-05,430.3631802766279
2003-12-08,431.53564290379853
2003-12-09,429.2831371889606
2003-12-10,430.89405536520394
2003-12-11,433.40750690857357
2003-12-12,433.0520470692073
2003-12-15,431.8699208547332
2003-12-16,433.8810539929652
2003-12-17,435.9814304169539
2003-12-18,437.54872098004824
2003-12-19,438.1900924039799
2003-12-22,436.25240584726004
2003-12-23,427.36653590349414
2003-12-24,434.91998278189203
2003-12-25,434.91998278189203
2003-12-26,437.92890768504014
2003-12-29,432.7288098343527
2003-12-30,430.3110932256994
2003-12-31,431.59617858184083
2004-01-01,431.59617858184083
2004-01-02,425.66555871453716
2004-01-05,425.3571221347724
2004-01-06,425.8189472175363
2004-01-07,425.7884613571548
2004-01-08,425.76446634321775
2004-01-09,432.3241369868028
2004-01-12,432.55054827226365
2004-01-13,437.5015822893572
2004-01-14,440.36146091129325
2004-01-15,439.81280952073485
2004-01-16,433.78000829199993
2004-01-19,433.78000829199993
2004-01-20,428.5256113353755
2004-01-21,431.49883950205447
2004-01-22,440.1689143214317
2004-01-23,428.3991494506231
2004-01-26,420.5412175096676
2004-01-27,426.91983655035324
2004-01-28,415.7351397073274
2004-01-29,416.79199840433984
2004-01-30,419.032565626137
2004-02-02,418.77304934332403
2004-02-03,420.65360164719357
2004-02-04,420.02671271547973
2004-02-05,417.1503149607722
2004-02-06,422.047082005557
2004-02-09,423.3092437021022
2004-02-10,421.35465871802006
2004-02-11,427.7942033698418
2004-02-12,426.00006797605624
2004-02-13,429.8659291128269
2004-02-16,429.83460160802423
2004-02-17,429.5241516461445
2004-02-18,429.1000705364351
2004-02-19,429.5299643437461
2004-02-20,424.9048510614312
2004-02-23,430.55577984863936
2004-02-24,432.8189318470562
2004-02-25,433.98875844230105
2004-02-26,431.0477735986421
2004-02-27,438.01777562712425
2004-03-01,436.8516629650908
2004-03-02,429.22888410520244
2004-03-03,427.95351051830323
2004-03-04,433.2318094034878
2004-03-05,458.9769077012499
2004-03-08,466.3026236301614
2004-03-09,472.6606829600179
2004-03-10,469.97665475787727
2004-03-11,469.14203037134126
2004-03-12,467.221176018838
2004-03-15,464.45597278574616
2004-03-16,480.7546389999346
2004-03-17,480.73213789202146
2004-03-18,466.19129520179354
2004-03-19,458.79787334405194
2004-03-22,473.06523281235576
2004-03-23,473.8352892189473
2004-03-24,475.18469876625124
2004-03-25,471.6847517130475
2004-03-26,450.98351089906333
2004-03-29,443.1109656315807
2004-03-30,441.7793093617801
2004-03-31,449.7924717847752
2004-04-01,442.78261776951933
2004-04-02,417.5432260432367
2004-04-05,410.7136135353484
2004-04-06,410.86778702047
2004-04-07,410.78422068481296
2004-04-08,411.4785679848064
2004-04-09,411.46884634977414
2004-04-12,412.19609111567775
2004-04-13,415.23961161728823
2004-04-14,416.43813175768554
2004-04-15,417.03072903887505
2004-04-16,412.96970054258077
2004-04-19,414.9173823743284
2004-04-20,417.95861316397674
2004-04-21,419.0511821136195
2004-04-22,415.182628771929
2004-04-23,421.8478040316659
2004-04-26,420.5268767777107
2004-04-27,417.89170946402356
2004-04-28,422.5527348491997
2004-04-29,426.5208696794608
2004-04-30,423.29937789022523
2004-05-03,423.29937789022523
2004-05-04,425.5479299045974
2004-05-05,428.43844351907273
2004-05-06,431.0630442378727
2004-05-07,447.533443619647
2004-05-10,446.3194210470558
2004-05-11,443.88639327429127
2004-05-12,446.5590850037406
2004-05-13,453.66862310164083
2004-05-14,441.8010767416182
2004-05-17,425.6975801514994
2004-05-18,431.8217208720217
2004-05-19,438.15787809334853
2004-05-20,430.9053598143562
2004-05-21,435.14760107788686
2004-05-24,432.83977704823843
2004-05-25,431.0414428007006
2004-05-26,424.5511162924244
2004-05-27,417.45549165654444
2004-05-28,421.56798000448435
2004-05-31,421.56798000448435
2004-06-01,422.4807239694922
2004-06-02,423.38607225210166
2004-06-03,422.63038541252956
2004-06-04,425.7661677250048
2004-06-07,424.5964211764858
2004-06-08,424.5964211764858
2004-06-09,427.21940328236815
2004-06-10,425.40444798965467
2004-06-11,425.40444798965467
2004-06-14,431.479436919535
2004-06-15,415.81377054062153
2004-06-16,420.06717021090986
2004-06-17,418.7054691866776
2004-06-18,419.17441069717825
2004-06-21,418.59033948514394
2004-06-22,418.8977384231344
2004-06-23,418.6342356653414
2004-06-24,417.54024157448487
2004-06-25,417.48596579230383
2004-06-28,417.8367438766972
2004-06-29,417.9975949534447
2004-06-30,417.62528418207194
2004-07-01,417.42569000897083
2004-07-02,418.2394498299743
2004-07-05,418.1625429357897
2004-07-06,417.13026599478485
2004-07-07,417.38813221143374
2004-07-08,417.99413743852745
2004-07-09,419.0463130301994
2004-07-12,420.33554801704975
2004-07-13,417.4246606905794
2004-07-14,417.0689312363547
2004-07-15,416.80231756868596
2004-07-16,427.6390161652043
2004-07-19,427.5397782477363
2004-07-20,418.4138934666796
2004-07-21,415.1072597909986
2004-07-22,416.832291986937
2004-07-23,418.58871422923636
2004-07-26,416.6440065508767
2004-07-27,410.2868635015202
2004-07-28,411.5122280115326
2004-07-29,411.7917626454043
2004-07-30,412.94329411135647
2004-08-02,413.1508084327039
2004-08-03,413.83928600189773
2004-08-04,413.42101547710763
2004-08-05,415.1455915143392
2004-08-06,428.18819293332086
2004-08-09,425.5696516553776
2004-08-10,420.55516759028836
2004-08-11,422.5072494687519
2004-08-12,425.44635274701363
2004-08-13,430.6643209850231
2004-08-16,426.6674703626439
2004-08-17,433.6458143449489
2004-08-18,430.43550977151057
2004-08-19,432.7603091541811
2004-08-20,429.875911542901
2004-08-23,424.0017403047808
2004-08-24,424.52568602105225
2004-08-25,426.2959433456577
2004-08-26,430.73656536763673
2004-08-27,430.73656536763673
2004-08-30,435.4634379029422
2004-08-31,442.1987144078609
2004-09-01,444.66032309493534
2004-09-02,434.60990875352144
2004-09-03,416.33712601822464
2004-09-06,416.20085696075824
2004-09-07,420.60469552170474
2004-09-08,430.7320904391936
2004-09-09,428.372823684229
2004-09-10,430.79187698026607
2004-09-13,433.90217382565356
2004-09-14,436.455588336933
2004-09-15,430.84863681534875
2004-09-16,445.728987666079
2004-09-17,437.91397802239203
2004-09-20,449.0588832545434
2004-09-21,450.89081554700135
2004-09-22,457.05512370746686
2004-09-23,448.2046294087514
2004-09-24,447.5750506546648
2004-09-27,453.85534684765344
2004-09-28,452.19378080711044
2004-09-29,436.24918538630516
2004-09-30,432.3394145620541
2004-10-01,423.0666850845709
2004-10-04,424.81912408702465
2004-10-05,425.54075038264426
2004-10-06,421.0243845590434
2004-10-07,419.1055220097603
2004-10-08,426.17601243827437
2004-10-11,426.16044920532624
2004-10-12,428.13355088984616
2004-10-13,430.10574961232624
2004-10-14,435.6249306339748
2004-10-15,430.6740401617413
2004-10-18,430.82743812647556
2004-10-19,431.7480919644762
2004-10-20,438.66497144198286
2004-10-21,437.715062725522
2004-10-22,440.81231742832256
2004-10-25,444.2533378612339
2004-10-26,442.35875605095094
2004-10-27,424.03719932310474
2004-10-28,426.446616251277
2004-10-29,433.1968671848353
2004-11-01,425.6363022321753
2004-11-02,427.37491648684005
2004-11-03,428.6109514473561
2004-11-04,427.99148548862877
2004-11-05,414.50295300778646
2004-11-08,412.09794400931503
2004-11-09,412.11274554102977
2004-11-10,410.9169418273323
2004-11-11,410.8868815965047
2004-11-12,411.5012340004193
2004-11-15,411.62910930891945
2004-11-16,411.32686744455543
2004-11-17,412.86084804688903
2004-11-18,413.05036093049665
2004-11-19,409.1652311699581
2004-11-22,410.09745242088843
2004-11-23,409.43267757000496
2004-11-24,408.8682670979817
2004-11-25,408.86108353257686
2004-11-26,407.62073464146624
2004-11-29,403.53973184372114
2004-11-30,403.3645324470617
2004-12-01,403.69709956763916
2004-12-02,404.214093676915
2004-12-03,398.7400610350921
2004-12-06,397.5984141197567
2004-12-07,397.5489409402946
2004-12-08,399.37404078290274
2004-12-09,398.68602153192205
2004-12-10,399.7324099848467
2004-12-13,400.0900268840217
2004-12-14,401.7997341248204
2004-12-15,405.21276288392994
2004-12-16,396.49563125078186
2004-12-17,394.0120747939062
2004-12-20,393.8864179945492
2004-12-21,395.63284633356056
2004-12-22,394.118842873276
2004-12-23,393.72509192036136
2004-12-24,393.71860359614146
2004-12-27,390.07742889461997
2004-12-28,389.8904393236655
2004-12-29,389.1886312713492
2004-12-30,389.94251887479436
2004-12-31,389.94251887479436
2005-01-03,389.89777059235064
2005-01-04,388.28388149963837
2005-01-05,388.2775217467148
2005-01-06,388.5051718835678
2005-01-07,388.2571028509707
2005-01-10,388.27617539405077
2005-01-11,388.75300759658404
2005-01-12,388.88665099709874
2005-01-13,389.78421633291373
2005-01-14,389.314346883626
2005-01-17,389.314346883626
2005-01-18,389.81130676717964
2005-01-19,389.8549370545412
2005-01-20,390.9800726130884
2005-01-21,392.5130627531664
2005-01-24,392.9616268965287
2005-01-25,388.0385900280282
2005-01-26,387.05986428410995
2005-01-27,385.69843055362406
2005-01-28,390.3799593222939
2005-01-31,390.5025543121246
2005-02-01,390.5399732433174
2005-02-02,390.2981397045101
2005-02-03,387.85430991442047
2005-02-04,394.64615663526035
2005-02-07,395.8244636697136
2005-02-08,396.5323703729136
2005-02-09,404.65459530272454
2005-02-10,395.2158957267675
2005-02-11,390.02268172495997
2005-02-14,392.3831919618056
2005-02-15,389.98712957992404
2005-02-16,383.6415414068439
2005-02-17,382.2015468747856
2005-02-18,378.38603016517266
2005-02-21,378.31637415602455
2005-02-22,378.4284795562174
2005-02-23,378.3318628998237
2005-02-24,378.8550383748703
2005-02-25,378.593164525759
2005-02-28,381.28525107621647
2005-03-01,381.58445556766463
2005-03-02,381.56204501300186
2005-03-03,382.34652457894134
2005-03-04,377.7812290311562
2005-03-07,377.07244991351257
2005-03-08,381.29936902373356
2005-03-09,387.33441189313265
2005-03-10,385.04501076428124
2005-03-11,391.3505959042168
2005-03-14,389.925114179453
2005-03-15,391.58626651971764
2005-03-16,388.2470481617634
2005-03-17,383.36457768014577
2005-03-18,386.35218469674896
2005-03-21,386.7473458468151
2005-03-22,394.45924910757554
2005-03-23,395.15083501373425
2005-03-24,393.9306509785805
2005-03-25,393.9306509785805
2005-03-28,397.49621286533215
2005-03-29,392.7337840187328
2005-03-30,388.57634271607475
2005-03-31,379.4684803265797
2005-04-01,375.80779112511425
2005-04-04,375.5417775279835
2005-04-05,375.81200484288814
2005-04-06,375.3659310883479
2005-04-07,375.79572458725517
2005-04-08,375.8589162069269
2005-04-11,375.72136323896086
2005-04-12,375.4389036795377
2005-04-13,375.38779874871597
2005-04-14,375.9609832515761
2005-04-15,379.153669498409
2005-04-18,380.3660784850093
2005-04-19,384.27123327284187
2005-04-20,383.3932212220274
2005-04-21,372.04074730205747
2005-04-22,377.4289040027317
2005-04-25,377.0932118046048
2005-04-26,376.30545300694746
2005-04-27,379.5378200901017
2005-04-28,385.72685508063955
2005-04-29,382.3061557257417
2005-05-02,383.6324976539875
2005-05-03,381.6979676633715
2005-05-04,384.82900445318336
2005-05-05,388.7076364888088
2005-05-06,375.98543692738025
2005-05-09,374.2217803588316
2005-05-10,378.78146629236807
2005-05-11,379.6791815416663
2005-05-12,380.7931491330968
2005-05-13,383.3219134654839
2005-05-16,383.3742847813353
2005-05-17,384.66846363418085
2005-05-18,390.0527608649141
2005-05-19,384.8099866269668
2005-05-20,383.25707963855234
2005-05-23,392.68929065064555
2005-05-24,401.84638301359774
2005-05-25,396.29925380325994
2005-05-26,392.2900863936305
2005-05-27,394.0874657911351
2005-05-30,394.0874657911351
2005-05-31,403.81481277389815
2005-06-01,418.50541235844156
2005-06-02,420.93715349569425
2005-06-03,402.54923648778214
2005-06-06,407.9886663710604
2005-06-07,417.3175746560845
2005-06-08,411.9989033416516
2005-06-09,408.05091179791566
2005-06-10,394.04895413565094
2005-06-13,388.0652566898737
2005-06-14,383.67708523640795
2005-06-15,383.30376618823846
2005-06-16,385.5137333652845
2005-06-17,384.78546276523656
2005-06-20,383.6492468368806
2005-06-21,386.09772114899226
2005-06-22,390.92316187417805
2005-06-23,390.0185365913927
2005-06-24,393.85673581194294
2005-06-27,395.3378754473938
2005-06-28,386.8960562723583
2005-06-29,383.7005159816411
2005-06-30,387.1136346668437
2005-07-01,376.6102469193399
2005-07-04,376.5435823733079
2005-07-05,371.7334705887273
2005-07-06,373.6573654005568
2005-07-07,373.76097794923805
2005-07-08,373.4967798151915
2005-07-11,373.5411701382991
2005-07-12,373.2993093869335
2005-07-13,373.22718897424164
2005-07-14,373.41665174554555
2005-07-15,373.2167421819975
2005-07-18,373.92656729527056
2005-07-19,373.0329467127616
2005-07-20,372.4675245186439
2005-07-21,375.8509295416284
2005-07-22,374.58650387132604
2005-07-25,375.32062986950206
2005-07-26,375.1572384029844
2005-07-27,375.93308108131424
2005-07-28,373.43304534433497
2005-07-29,377.1511475365486
2005-08-01,378.5304125723965
2005-08-02,378.9854817689257
2005-08-03,377.10873876340764
2005-08-04,378.67425181247506
2005-08-05,383.98454429351966
2005-08-08,385.54138340108244
2005-08-09,382.4578367917883
2005-08-10,382.4578367917883
2005-08-11,375.9145023802996
2005-08-12,367.92107196918596
2005-08-15,370.2106297867726
2005-08-16,368.3342029040945
2005-08-17,369.91315518105284
2005-08-18,369.3184213440268
2005-08-19,369.29840790202036
2005-08-22,369.29073185507866
2005-08-23,369.59736862799105
2005-08-24,369.6754322076526
2005-08-25,370.0814672544894
2005-08-26,368.88168865293795
2005-08-29,369.64728453519166
2005-08-30,373.27971275151856
2005-08-31,375.8523325791932
2005-09-01,377.3761936285461
2005-09-02,376.40052771760935
2005-09-05,376.39544986368116
2005-09-06,370.5000561716181
2005-09-07,364.6675364216389
2005-09-08,364.6179556767496
2005-09-09,365.3000371687332
2005-09-12,361.78847595072546
2005-09-13,364.63302299306247
2005-09-14,363.0576266494766
2005-09-15,360.9304556770556
2005-09-16,358.7230909683824
2005-09-19,359.1137580744474
2005-09-20,359.15679998926686
2005-09-21,358.7980837392752
2005-09-22,358.69055293839887
2005-09-23,359.18178018964977
2005-09-26,358.75708191305915
2005-09-27,358.6312795230203
2005-09-28,358.1334378208633
2005-09-29,359.0783380363689
2005-09-30,360.77477595739396
2005-10-03,362.5611133314445
2005-10-04,362.06560816487786
2005-10-05,361.39857674888714
2005-10-06,361.39857674888714
2005-10-07,360.5911292395765
2005-10-10,360.5911292395765
2005-10-11,361.9009352633515
2005-10-12,367.05401757238326
2005-10-13,369.99665549753155
2005-10-14,371.2538920977661
2005-10-17,371.80804145545545
2005-10-18,369.8959562196548
2005-10-19,367.0875936688108
2005-10-20,366.7542464950965
2005-10-21,357.9197908455872
2005-10-24,365.35470364292826
2005-10-25,370.64811339686645
2005-10-26,376.74139849815873
2005-10-27,373.1009050367253
2005-10-28,374.21343138372566
2005-10-31,373.57620708530385
2005-11-01,375.3262191630488
2005-11-02,380.11661621555135
2005-11-03,387.8380024967621
2005-11-04,388.86592106304016
2005-11-07,385.20927597526884
2005-11-08,371.56276508846446
2005-11-09,383.4285449021829
2005-11-10,373.35208116937804
2005-11-11,373.3014018120964
2005-11-14,378.7591586017421
2005-11-15,373.1633116705669
2005-11-16,364.7594416834928
2005-11-17,361.78601466740093
2005-11-18,364.21971677151055
2005-11-21,362.7436431408387
2005-11-22,361.426452361211
2005-11-23,362.91126615044993
2005-11-24,362.91126615044993
2005-11-25,362.31816109069473
2005-11-28,362.05322648818986
2005-11-29,362.79667848857525
2005-11-30,362.7820417792599
2005-12-01,363.00817680953077
2005-12-02,362.97886546384206
2005-12-05,365.16823424323184
2005-12-06,360.685482709464
2005-12-07,362.1055745454463
2005-12-08,357.7083511876623
2005-12-09,363.06622003991345
2005-12-12,363.5437570793297
2005-12-13,362.8118746044181
2005-12-14,359.1672310919083
2005-12-15,359.54436693959843
2005-12-16,358.8187116533712
2005-12-19,358.8039698359421
2005-12-20,358.9711521439951
2005-12-21,359.11458062904006
2005-12-22,358.77024469356826
2005-12-23,358.3688207294614
2005-12-26,358.32505500764756
2005-12-27,359.07699455101954
2005-12-28,358.22490068595914
2005-12-29,358.22490068595914
2005-12-30,356.8860248042673
2006-01-02,356.8668623349929
2006-01-03,358.35167963758164
2006-01-04,359.09650111699267
2006-01-05,359.09650111699267
2006-01-06,357.97745339552006
2006-01-09,357.97745339552006
2006-01-10,355.8378399804378
2006-01-11,354.40607883340516
2006-01-12,354.9880727258386
2006-01-13,354.02833225993254
2006-01-16,353.98612946277757
2006-01-17,354.15637426132616
2006-01-18,353.9534352647519
2006-01-19,352.6270400710877
2006-01-20,353.01137802817414
2006-01-23,353.2237271116249
2006-01-24,352.37393262329067
2006-01-25,349.59860631848755
2006-01-26,348.7703511014189
2006-01-27,348.2822912689711
2006-01-30,349.74161722613877
2006-01-31,350.14493903310864
2006-02-01,352.8320693660032
2006-02-02,352.80904928840516
2006-02-03,350.9886024256878
2006-02-06,351.7073655108038
2006-02-07,353.14718273836945
2006-02-08,356.03599602832657
2006-02-09,354.8064518980377
2006-02-10,358.8570718602545
2006-02-13,358.294079822556
2006-02-14,361.5978920336426
2006-02-15,361.2241353028973
2006-02-16,359.4945447955115
2006-02-17,352.25750571498213
2006-02-20,352.2135336775547
2006-02-21,355.1670533193863
2006-02-22,351.6537326265773
2006-02-23,356.98642122585403
2006-02-24,357.20777402363535
2006-02-27,359.2009141635196
2006-02-28,353.84045698100294
2006-03-01,356.8866968817515
2006-03-02,361.9124505474507
2006-03-03,366.0652866700245
2006-03-06,370.82734382359695
2006-03-07,370.14586879201056
2006-03-08,369.33921516344003
2006-03-09,367.66719420942024
2006-03-10,370.5828068733196
2006-03-13,373.5165965599205
2006-03-14,358.7430561311474
2006-03-15,362.9675439551232
2006-03-16,351.11414235349866
2006-03-17,353.6273994243742
2006-03-20,352.3431673256132
2006-03-21,356.01995878938027
2006-03-22,355.80619943369777
2006-03-23,357.60955485621037
2006-03-24,353.5896545508977
2006-03-27,355.52588095668057
2006-03-28,360.8498396903618
2006-03-29,362.5837049080452
2006-03-30,365.8452258352419
2006-03-31,364.6461203822374
2006-04-03,367.8319589649325
2006-04-04,367.2006045494787
2006-04-05,361.49199716263973
2006-04-06,367.4625498759315
2006-04-07,376.1982562767379
2006-04-10,375.84297249184334
2006-04-11,371.09382072558645
2006-04-12,378.7490953123773
2006-04-13,378.7490953123773
2006-04-14,378.7490953123773
2006-04-17,381.8609644319077
2006-04-18,374.0089472708222
2006-04-19,380.3199514889719
2006-04-20,381.8809913313111
2006-04-21,379.9233498040277
2006-04-24,375.63403486515415
2006-04-25,388.3827369966863
2006-04-26,394.2204368998498
2006-04-27,387.10982194285907
2006-04-28,382.42138990665904
2006-05-01,394.2194172573383
2006-05-02,391.46259957044964
2006-05-03,397.3371134559402
2006-05-04,398.5172740285397
2006-05-05,390.6601832534535
2006-05-08,392.8024850307029
2006-05-09,393.2259871662762
2006-05-10,394.4975854144393
2006-05-11,398.32221517662913
2006-05-12,406.0306369426426
2006-05-15,399.48154259376275
2006-05-16,389.48410734278445
2006-05-17,396.7934800767463
2006-05-18,384.3736430748276
2006-05-19,382.7969490828279
2006-05-22,380.40398470228877
2006-05-23,383.1756338296731
2006-05-24,380.62386251351006
2006-05-25,383.93903346104236
2006-05-26,382.23768529653086
2006-05-29,382.23768529653086
2006-05-30,384.8749226379962
2006-05-31,388.46116896017577
2006-06-01,387.5729760172668
2006-06-02,372.4801818116635
2006-06-05,376.3212753731735
2006-06-06,375.55798925232233
2006-06-07,376.73860623060034
2006-06-08,375.382880819132
2006-06-09,375.07091080359453
2006-06-12,375.2746507975524
2006-06-13,374.1161688362333
2006-06-14,377.9558772844946
2006-06-15,379.43686092804194
2006-06-16,380.56323057100883
2006-06-19,381.9109516525919
2006-06-20,383.29026051114886
2006-06-21,383.26907263357793
2006-06-22,389.14712031477416
2006-06-23,393.29435959798957
2006-06-26,393.6339785755023
2006-06-27,388.53034539752025
2006-06-28,394.7285741547513
2006-06-29,385.3132709778687
2006-06-30,372.5328458667252
2006-07-03,374.3817445745962
2006-07-04,374.36929391842676
2006-07-05,382.4335719150399
2006-07-06,378.54874368815257
2006-07-07,372.0135624071612
2006-07-10,371.7000371837235
2006-07-11,368.8131268434522
2006-07-12,368.7883501771214
2006-07-13,366.78455951158116
2006-07-14,365.88474247096576
2006-07-17,366.28012609940737
2006-07-18,368.6042411029341
2006-07-19,365.7729037460262
2006-07-20,364.3383171862355
2006-07-21,364.65810654667104
2006-07-24,364.65405290848565
2006-07-25,364.88637993493984
2006-07-26,364.5086597512427
2006-07-27,364.5086597512427
2006-07-28,363.8409285528503
2006-07-31,363.7470935025315
2006-08-01,363.73518111551874
2006-08-02,364.19495880423705
2006-08-03,364.248351650029
2006-08-04,366.33350068163173
2006-08-07,365.25565718067304
2006-08-08,365.7354520771406
2006-08-09,365.2551623921861
2006-08-10,365.09523093011376
2006-08-11,362.0575777031015
2006-08-14,359.4772208090892
2006-08-15,362.01919314264075
2006-08-16,362.159160496513
2006-08-17,362.0869599358553
2006-08-18,363.3856499939245
2006-08-21,364.0141672958258
2006-08-22,364.34675826524165
2006-08-23,363.52654747742025
2006-08-24,363.9611036156803
2006-08-25,365.26599421959946
2006-08-28,363.9574336108569
2006-08-29,364.39239370486706
2006-08-30,366.5692330503586
2006-08-31,369.84979797024397
2006-09-01,370.4801838986024
2006-09-04,370.4611957380153
2006-09-05,364.13937342028566
2006-09-06,361.31405737754176
2006-09-07,362.10227095620854
2006-09-08,364.4055619630059
2006-09-11,361.66992294956754
2006-09-12,363.96360486175485
2006-09-13,364.7465434449591
2006-09-14,362.1976991207532
2006-09-15,361.4177405034869
2006-09-18,360.03648782209086
2006-09-19,365.5488161344263
2006-09-20,365.6538525074224
2006-09-21,370.6037904073077
2006-09-22,374.95092474491554
2006-09-25,379.53491163573557
2006-09-26,374.9138945952437
2006-09-27,373.5781992666945
2006-09-28,368.2504445249442
2006-09-29,365.6011726649532
2006-10-02,369.24102565784153
2006-10-03,369.24102565784153
2006-10-04,377.8633295043044
2006-10-05,370.1763015257062
2006-10-06,355.1081893115315
2006-10-09,355.0104455863396
2006-10-10,351.4130192509226
2006-10-11,348.70380594401115
2006-10-12,348.7543750321183
2006-10-13,349.21715298137013
2006-10-16,348.8269104658738
2006-10-17,348.4482127601683
2006-10-18,348.2590236704101
2006-10-19,348.75586106467694
2006-10-20,348.8049437369809
2006-10-23,349.59035238852056
2006-10-24,349.6395263333131
2006-10-25,348.595501691437
2006-10-26,346.8394070947859
2006-10-27,345.65585888461044
2006-10-30,345.6109900781649
2006-10-31,349.14310633229223
2006-11-01,352.1890750423748
2006-11-02,348.8865777975094
2006-11-03,332.60041164679353
2006-11-06,333.38194359945896
2006-11-07,336.1898420616277
2006-11-08,337.2530548016529
2006-11-09,337.33051358083753
2006-11-10,338.85360845154145
2006-11-13,337.8472835150273
2006-11-14,340.2075540277255
2006-11-15,336.49798470210237
2006-11-16,333.30609318896825
2006-11-17,338.0247387718245
2006-11-20,338.3737897355333
2006-11-21,339.3053340387213
2006-11-22,339.8735772595057
2006-11-23,339.8585767279057
2006-11-24,340.7176755105774
2006-11-27,341.7393482045938
2006-11-28,344.0510136718606
2006-11-29,342.36328993003997
2006-11-30,348.83285304526686
2006-12-01,353.86707346790763
2006-12-04,353.2614945443201
2006-12-05,352.5457325984659
2006-12-06,345.1918644437408
2006-12-07,345.1770675445243
2006-12-08,334.48159295967343
2006-12-11,338.689114698173
2006-12-12,341.5405939437111
2006-12-13,334.72431102470506
2006-12-14,332.9286218464691
2006-12-15,332.90300242248884
2006-12-18,333.0444933365172
2006-12-19,332.92269957276625
2006-12-20,332.92269957276625
2006-12-21,334.26205417456947
2006-12-22,332.1820258758796
2006-12-25,332.17464167310976
2006-12-26,332.6068163147828
2006-12-27,331.1971425847402
2006-12-28,330.3149059653099
2006-12-29,330.3929129725156
2007-01-01,330.37444750700456
2007-01-02,329.5674954179289
2007-01-03,328.56069660054317
2007-01-04,326.5518183352281
2007-01-05,327.71531135300796
2007-01-08,327.84897238780576
2007-01-09,327.84897238780576
2007-01-10,328.1163779955482
2007-01-11,328.9190962042898
2007-01-12,329.29227816544795
2007-01-15,329.26333302885513
2007-01-16,328.13651677965436
2007-01-17,330.38423349274757
2007-01-18,328.671392476463
2007-01-19,330.0645745020115
2007-01-22,329.0162921016629
2007-01-23,331.8048980003237
2007-01-24,332.15573947994903
2007-01-25,336.36565025953695
2007-01-26,337.0655869198768
2007-01-29,338.0580680053166
2007-01-30,336.318613445385
2007-01-31,330.6737413839353
2007-02-01,331.88325979237885
2007-02-02,331.36321667134257
2007-02-05,329.4149046521618
2007-02-06,325.29074374058035
2007-02-07,322.9323116484162
2007-02-08,322.6857265045559
2007-02-09,323.54385565206877
2007-02-12,323.6497416159818
2007-02-13,323.6753621290668
2007-02-14,321.4073022626958
2007-02-15,320.1505830264144
2007-02-16,319.93592012578614
2007-02-19,319.9153674230598
2007-02-20,320.2303039486272
2007-02-21,319.89832513802537
2007-02-22,318.5336555813268
2007-02-23,320.3905667478106
2007-02-26,321.57291521678883
2007-02-27,324.7462861370884
2007-02-28,322.89167500359656
2007-03-01,322.89167500359656
2007-03-02,326.5787617950342
2007-03-05,326.14784785388304
2007-03-06,324.7060712497936
2007-03-07,328.1435360139715
2007-03-08,327.64849505045544
2007-03-09,318.25003920098254
2007-03-12,322.67479473144266
2007-03-13,327.62801498220176
2007-03-14,325.9504930758098
2007-03-15,324.87230589021163
2007-03-16,323.9760908699744
2007-03-19,322.008576823281
2007-03-20,323.77847120985865
2007-03-21,326.3211420371178
2007-03-22,321.5250291892002
2007-03-23,319.93373703629214
2007-03-26,321.28705239152976
2007-03-27,320.5498000498445
2007-03-28,320.3623659617959
2007-03-29,319.67583858181723
2007-03-30,319.0360197274515
2007-04-02,319.1367245293703
2007-04-03,318.87476407653946
2007-04-04,319.07049622920675
2007-04-05,319.07049622920675
2007-04-06,319.07049622920675
2007-04-09,319.01853035021804
2007-04-10,318.02258608867646
2007-04-11,318.76718882014694
2007-04-12,318.76718882014694
2007-04-13,320.25904693031873
2007-04-16,319.0044824028378
2007-04-17,315.9797937954923
2007-04-18,314.041296325235
2007-04-19,314.1717390613754
2007-04-20,314.16148033789864
2007-04-23,314.20983953226755
2007-04-24,314.37751376719393
2007-04-25,313.9621174050619
2007-04-26,312.3321415677795
2007-04-27,311.95793024384517
2007-04-30,314.00077463920024
2007-05-01,313.73179884515883
2007-05-02,313.6283658954476
2007-05-03,312.90451625513055
2007-05-04,313.7303252876408
2007-05-07,313.8337578689628
2007-05-08,313.93721630843004
2007-05-09,312.89550604660326
2007-05-10,313.666263118846
2007-05-11,312.9682012998329
2007-05-14,312.4933211271012
2007-05-15,312.089533180984
2007-05-16,312.0656729704499
2007-05-17,312.8015849310122
2007-05-18,313.7957522310573
2007-05-21,313.01736159058686
2007-05-22,316.6149127054693
2007-05-23,318.6736485764317
2007-05-24,319.15600236998074
2007-05-25,319.7611627108973
2007-05-28,319.7576677718944
2007-05-29,323.10261168695166
2007-05-30,323.0852177920563
2007-05-31,326.04681431660066
2007-06-01,336.4711206911159
2007-06-04,333.1692954934174
2007-06-05,342.3741430226525
2007-06-06,338.59597665973683
2007-06-07,363.6096534536125
2007-06-08,367.8400915413767
2007-06-11,371.04187216786306
2007-06-12,394.6662791076328
2007-06-13,387.52453470301634
2007-06-14,391.0438524379037
2007-06-15,378.0465354686879
2007-06-18,371.13676020832605
2007-06-19,355.6420697175814
2007-06-20,364.03502380151497
2007-06-21,369.0088992128875
2007-06-22,363.9817100744493
2007-06-25,354.03510216472836
2007-06-26,356.7660845863549
2007-06-27,353.1651755914868
2007-06-28,357.6067433761564
2007-06-29,350.742642225514
2007-07-02,347.7536408131824
2007-07-03,351.1127030796239
2007-07-04,351.1127030796239
2007-07-05,355.55334375056384
2007-07-06,357.62146951964377
2007-07-09,354.37827319056083
2007-07-10,339.4689861014956
2007-07-11,342.8561595985608
2007-07-12,346.03527518737593
2007-07-13,345.7286259356846
2007-07-16,341.1320494807229
2007-07-17,343.8500974861155
2007-07-18,339.6335215599974
2007-07-19,340.38972884059626
2007-07-20,337.7435102005066
2007-07-23,338.00976036032296
2007-07-24,337.8651767280683
2007-07-25,337.85364694767634
2007-07-26,339.0652822203232
2007-07-27,338.5787952495979
2007-07-30,336.91831691849785
2007-07-31,339.21213808231994
2007-08-01,339.54154718588165
2007-08-02,339.54154718588165
2007-08-03,343.82707727094396
2007-08-06,341.805667028522
2007-08-07,340.148895777165
2007-08-08,331.070824801761
2007-08-09,337.46907195031827
2007-08-10,338.1799591922375
2007-08-13,338.3579698006593
2007-08-14,340.3128196243533
2007-08-15,342.2146977982147
2007-08-16,348.17782727393126
2007-08-17,344.7282780858715
2007-08-20,347.8969670672334
2007-08-21,353.211542997146
2007-08-22,348.7674880587984
2007-08-23,348.13640877871575
2007-08-24,344.9854496544903
2007-08-27,348.72347122517147
2007-08-28,360.79693712282364
2007-08-29,357.2415037766005
2007-08-30,366.04340272430005
2007-08-31,358.3273404187861
2007-09-03,358.32302209219876
2007-09-04,358.32302209219876
2007-09-05,373.0435603990447
2007-09-06,368.3825502140689
2007-09-07,391.27474735578147
2007-09-10,396.21336488929313
2007-09-11,388.1572035018551
2007-09-12,380.6060217601858
2007-09-13,367.3606544181462
2007-09-14,371.5987240543225
2007-09-17,370.50815200494685
2007-09-18,372.13554438294045
2007-09-19,367.3551719960631
2007-09-20,351.56286376808214
2007-09-21,355.0924017768062
2007-09-24,355.2822142604837
2007-09-25,355.96513758187444
2007-09-26,355.96513758187444
2007-09-27,357.67500684780646
2007-09-28,357.14611488012514
2007-10-01,357.57002611493743
2007-10-02,359.5053657137356
2007-10-03,358.318796060058
2007-10-04,359.9658792333988
2007-10-05,350.86480631086846
2007-10-08,350.8179605533131
2007-10-09,350.183997796285
2007-10-10,350.35767185070705
2007-10-11,350.209898239631
2007-10-12,349.61899774819153
2007-10-15,350.0967618517878
2007-10-16,350.40620337556095
2007-10-17,351.78557237339857
2007-10-18,352.3213113795592
2007-10-19,357.1356309513904
2007-10-22,356.7155861039814
2007-10-23,356.434398634736
2007-10-24,366.07400321966264
2007-10-25,362.5996908186355
2007-10-26,357.64120038267333
2007-10-29,357.9915819267163
2007-10-30,357.9867056608942
2007-10-31,343.9036144618217
2007-11-01,343.8225113632286
2007-11-02,362.09551632326156
2007-11-05,359.3320546018453
2007-11-06,353.3894461454339
2007-11-07,359.5810457693574
2007-11-08,369.1604381921125
2007-11-09,376.9058415927724
2007-11-12,376.8635363975788
2007-11-13,369.7701912936648
2007-11-14,366.48179995460913
2007-11-15,386.78379101818166
2007-11-16,388.9134701038862
2007-11-19,404.30327452768677
2007-11-20,408.3883369204333
2007-11-21,415.8893291044529
2007-11-22,415.87780671889647
2007-11-23,418.0058026716119
2007-11-26,457.0019270039841
2007-11-27,433.4317998399751
2007-11-28,413.9782757216204
2007-11-29,430.5080171080002
2007-11-30,428.85017955453765
2007-12-03,447.02940447672484
2007-12-04,448.2986089253488
2007-12-05,448.28568421164334
2007-12-06,432.0876158553518
2007-12-07,407.83345125300184
2007-12-10,402.77793387877495
2007-12-11,424.46205674929007
2007-12-12,414.4808882317801
2007-12-13,406.08193175253103
2007-12-14,399.84423965524957
2007-12-17,403.76463625408576
2007-12-18,408.1804481437505
2007-12-19,411.413655109493
2007-12-20,414.25139572371455
2007-12-21,400.91176055563744
2007-12-24,395.87267175821114
2007-12-25,395.8404675750452
2007-12-26,391.6258236006573
2007-12-27,396.7912578047029
2007-12-28,399.52360972262875
2007-12-31,401.40621770181235
2008-01-01,401.3663061886932
2008-01-02,412.39636492484453
2008-01-03,411.77836924382365
2008-01-04,423.2326300752084
2008-01-07,426.614715941086
2008-01-08,426.5863244365481
2008-01-09,434.3063503143147
2008-01-10,417.1105404750058
2008-01-11,433.56519375093166
2008-01-14,435.13254150757507
2008-01-15,450.06608399402086
2008-01-16,448.42013071199733
2008-01-17,462.8343311470426
2008-01-18,466.4850276728201
2008-01-21,466.4772546206944
2008-01-22,501.846678206074
2008-01-23,514.034073439747
2008-01-24,463.25221860324257
2008-01-25,474.80392936454064
2008-01-28,473.5292248365658
2008-01-29,461.16250092602735
2008-01-30,447.4081092018401
2008-01-31,463.4832291171147
2008-02-01,469.7695888919525
2008-02-04,465.21245609516836
2008-02-05,477.92973635730965
2008-02-06,475.2948656844039
2008-02-07,457.2997244613207
2008-02-08,470.0586151530157
2008-02-11,475.33165734318106
2008-02-12,466.0184761399383
2008-02-13,467.98185272904857
2008-02-14,452.22035631581747
2008-02-15,456.11407270058146
2008-02-18,456.11407270058146
2008-02-19,442.55879217850475
2008-02-20,437.1284272096433
2008-02-21,449.21461599045386
2008-02-22,449.32659937117893
2008-02-25,441.1214964644259
2008-02-26,444.82516136402086
2008-02-27,445.4380896705555
2008-02-28,456.1764020609446
2008-02-29,471.3051897695959
2008-03-03,470.21485447503204
2008-03-04,470.16940987014743
2008-03-05,453.95521727696513
2008-03-06,461.20806447357586
2008-03-07,474.5192182528085
2008-03-10,488.71063725083354
2008-03-11,460.1635524251085
2008-03-12,484.5052440440563
2008-03-13,482.86132304518236
2008-03-14,505.26505514973155
2008-03-17,518.5588359011847
2008-03-18,499.4573945910358
2008-03-19,515.463915131084
2008-03-20,520.089511118241
2008-03-21,520.0789436961611
2008-03-24,482.1572407957428
2008-03-25,488.98879242765474
2008-03-26,491.1975003992584
2008-03-27,485.93214766132746
2008-03-28,491.9745729340849
2008-03-31,496.41438223109054
2008-04-01,474.29658911938344
2008-04-02,468.578253094405
2008-04-03,468.53805458106643
2008-04-04,478.65502735711516
2008-04-07,469.53988704583
2008-04-08,469.351705469229
2008-04-09,477.12691469704305
2008-04-10,470.102198032215
2008-04-11,477.21065981392917
2008-04-14,474.12619035054854
2008-04-15,468.501547829458
2008-04-16,459.72530518484075
2008-04-17,457.161529867225
2008-04-18,455.6685645456058
2008-04-21,456.8884742781374
2008-04-22,456.4185996279652
2008-04-23,455.8447929470988
2008-04-24,453.2913809294981
2008-04-25,452.41099492859973
2008-04-28,452.52605267679166
2008-04-29,452.448353700634
2008-04-30,451.7491612529816
2008-05-01,451.8382219983599
2008-05-02,451.40559776394025
2008-05-05,451.5161040309801
2008-05-06,451.37675401938895
2008-05-07,451.35658306118876
2008-05-08,450.5984677594796
2008-05-09,450.2555477031597
2008-05-12,450.14349911367316
2008-05-13,444.6302656237341
2008-05-14,442.41682213526536
2008-05-15,444.3057147342188
2008-05-16,444.22517900338113
2008-05-19,444.1131280350154
2008-05-20,444.0930916192654
2008-05-21,443.6759058268314
2008-05-22,439.7342555095869
2008-05-23,443.0674279016827
2008-05-26,443.0674279016827
2008-05-27,441.5400507607092
2008-05-28,440.0203322412957
2008-05-29,439.69832474581887
2008-05-30,438.9633027295755
2008-06-02,433.6831466231467
2008-06-03,428.6795381466891
2008-06-04,429.27359206340014
2008-06-05,427.8311037703566
2008-06-06,430.19629732582973
2008-06-09,428.29090438231503
2008-06-10,425.69072258730836
2008-06-11,426.30778566177787
2008-06-12,427.9998088939804
2008-06-13,428.6211909092752
2008-06-16,427.3888255853767
2008-06-17,424.0926454254681
2008-06-18,418.5896726485007
2008-06-19,423.06661988151984
2008-06-20,419.79745350726034
2008-06-23,420.9852152779528
2008-06-24,418.4779739294277
2008-06-25,418.9842297989192
2008-06-26,418.5199204488174
2008-06-27,418.45897265981284
2008-06-30,418.7099792843389
2008-07-01,418.4465101688387
2008-07-02,420.57495623164465
2008-07-03,421.5062629004935
2008-07-04,421.47567008297085
2008-07-07,426.02228608150676
2008-07-08,429.6590094312268
2008-07-09,432.99419460643804
2008-07-10,435.51757342310725
2008-07-11,414.06547483921486
2008-07-14,423.7641312438247
2008-07-15,428.74807430519166
2008-07-16,422.6757331393429
2008-07-17,411.871045718353
2008-07-18,408.7365343775021
2008-07-21,409.4811602258691
2008-07-22,408.71482787947525
2008-07-23,407.7726371976558
2008-07-24,408.8804610655229
2008-07-25,409.93704702385287
2008-07-28,410.3593386409194
2008-07-29,410.2591333353516
2008-07-30,410.2489079272273
2008-07-31,411.70561088432385
2008-08-01,412.17384060044077
2008-08-04,411.17267697379145
2008-08-05,410.16630576599925
2008-08-06,408.60392145459093
2008-08-07,416.50317610968256
2008-08-08,414.44881022762115
2008-08-11,410.837410201258
2008-08-12,418.1647343038324
2008-08-13,415.4119841528432
2008-08-14,418.9715481683987
2008-08-15,421.35808736025615
2008-08-18,424.4224770203835
2008-08-19,422.8734122997756
2008-08-20,428.3880928201248
2008-08-21,423.4425134926315
2008-08-22,418.6252066106447
2008-08-25,431.4164565469131
2008-08-26,430.93486038316746
2008-08-27,434.051975182819
2008-08-28,432.2681774186239
2008-08-29,428.97476807084615
2008-09-01,428.97476807084615
2008-09-02,441.52138835102653
2008-09-03,448.44925865025624
2008-09-04,455.22384379488176
2008-09-05,447.5249846377868
2008-09-08,441.96418401255926
2008-09-09,455.4922794266715
2008-09-10,444.6601799778514
2008-09-11,449.13263659560255
2008-09-12,431.3716278807135
2008-09-15,481.2765225984726
2008-09-16,474.76846628740145
2008-09-17,490.5745991103051
2008-09-18,489.07457844814354
2008-09-19,432.0935120570926
2008-09-22,422.2339597718359
2008-09-23,420.55201336772734
2008-09-24,421.4949849313926
2008-09-25,420.56607198948353
2008-09-26,421.0319449110325
2008-09-29,421.0319449110325
2008-09-30,420.97442946477156
2008-10-01,422.17244832104484
2008-10-02,422.80884599243615
2008-10-03,423.5930592614248
2008-10-06,426.67384459441126
2008-10-07,424.85849735952297
2008-10-08,413.29520858957096
2008-10-09,406.0174184703696
2008-10-10,405.9865154221722
2008-10-13,405.96304587809567
2008-10-14,408.0975774778938
2008-10-15,408.3001131588828
2008-10-16,406.94210086273
2008-10-17,408.8431337409652
2008-10-20,403.2776619656734
2008-10-21,395.78325384139214
2008-10-22,392.7377728815566
2008-10-23,392.1058136371951
2008-10-24,391.3515095552752
2008-10-27,391.3515095552752
2008-10-28,389.0943635582556
2008-10-29,388.21151652543193
2008-10-30,386.99446494839947
2008-10-31,386.48438641735055
2008-11-03,386.44984833609925
2008-11-04,384.5116497216351
2008-11-05,383.9768406075971
2008-11-06,383.94237539190783
2008-11-07,382.9858209298915
2008-11-10,384.34421855125686
2008-11-11,384.3328413674171
2008-11-12,388.1469624931856
2008-11-13,387.2122154257384
2008-11-14,390.6143240038636
2008-11-17,394.2402214060122
2008-11-18,402.2369655291084
2008-11-19,409.6334804980562
2008-11-20,427.54996793320066
2008-11-21,424.07557914066996
2008-11-24,407.42793625724545
2008-11-25,435.4354054645653
2008-11-26,454.51029178424045
2008-11-27,454.51029178424045
2008-11-28,464.38750635664724
2008-12-01,490.82969333569827
2008-12-02,495.4086234590499
2008-12-03,508.09826974652094
2008-12-04,524.8728882296267
2008-12-05,498.6130876670787
2008-12-08,493.0572099471686
2008-12-09,504.3716295306919
2008-12-10,493.46461027900517
2008-12-11,516.4149995046386
2008-12-12,524.0431351235085
2008-12-15,531.7656689206619
2008-12-16,571.5076780312023
2008-12-17,591.9362006738078
2008-12-18,602.2828091745083
2008-12-19,578.7453618982689
2008-12-22,577.3454495893537
2008-12-23,582.2350370535769
2008-12-24,572.7370461470966
2008-12-25,572.7370461470966
2008-12-26,586.265367684461
2008-12-29,595.8194683501932
2008-12-30,585.3977201285263
2008-12-31,549.3500837855166
2009-01-01,549.2857452942469
2009-01-02,520.9809448353259
2009-01-05,518.4967326090269
2009-01-06,520.8006033160451
2009-01-07,522.2750047489208
2009-01-08,532.0661130267671
2009-01-09,534.8175390300277
2009-01-12,546.1607479547266
2009-01-13,544.1715722710552
2009-01-14,559.615511561993
2009-01-15,560.5697036317999
2009-01-16,548.7144706910099
2009-01-19,548.7144706910099
2009-01-20,542.1665090024725
2009-01-21,505.14932019661813
2009-01-22,491.67526565651406
2009-01-23,488.4110580087662
2009-01-26,485.7334768112069
2009-01-27,495.6760953317699
2009-01-28,487.8426908134177
2009-01-29,478.2902470876997
2009-01-30,476.7710354105427
2009-02-02,483.383464797609
2009-02-03,477.21563262267085
2009-02-04,474.67553454244637
2009-02-05,476.01997651056723
2009-02-06,473.8149000379876
2009-02-09,472.7333040290928
2009-02-10,477.96581713776385
2009-02-11,479.2577117164798
2009-02-12,481.14730690196484
2009-02-13,470.72892744178796
2009-02-16,470.68465959594016
2009-02-17,483.5518152802673
2009-02-18,477.68266655689064
2009-02-19,466.48103860068596
2009-02-20,473.9156269448485
2009-02-23,473.02785120941826
2009-02-24,471.0580679708858
2009-02-25,463.20601953628614
2009-02-26,464.87432433559235
2009-02-27,464.70060602920915
2009-03-02,468.45057099112194
2009-03-03,467.44349448420104
2009-03-04,464.44937577487167
2009-03-05,471.6461053160013
2009-03-06,471.7737553601502
2009-03-09,470.44144945872705
2009-03-10,464.87964532650443
2009-03-11,468.9044127994558
2009-03-12,471.6778218118531
2009-03-13,472.74971772775035
2009-03-16,469.6046417915376
2009-03-17,464.8698032066455
2009-03-18,499.5589623216638
2009-03-19,493.82567974446283
2009-03-20,494.1425919469567
2009-03-23,491.8324536205577
2009-03-24,491.0556735251807
2009-03-25,482.65160066724457
2009-03-26,486.5859355311933
2009-03-27,484.08377989994307
2009-03-30,487.3889341069269
2009-03-31,489.59164260982783
2009-04-01,491.02877223868927
2009-04-02,484.584344021005
2009-04-03,473.897411481871
2009-04-06,472.8820226174089
2009-04-07,474.42438180415945
2009-04-08,476.36306409274846
2009-04-09,474.90414508676366
2009-04-10,474.90414508676366
2009-04-13,477.5990082668579
2009-04-14,479.24424251795205
2009-04-15,480.13526574273317
2009-04-16,476.4124968164561
2009-04-17,469.3874695115055
2009-04-20,474.88952210313994
2009-04-21,471.2964625899954
2009-04-22,468.51269587495227
2009-04-23,469.27924232177656
2009-04-24,467.16223513939246
2009-04-27,470.1069039091706
2009-04-28,468.3253198344544
2009-04-29,466.77130528803207
2009-04-30,466.20697697980927
2009-05-01,465.85554591528256
2009-05-04,465.9275337361398
2009-05-05,465.9275337361398
2009-05-06,465.9275337361398
2009-05-07,465.9275337361398
2009-05-08,465.91106096635644
2009-05-11,465.38168830642945
2009-05-12,465.3134043055264
2009-05-13,465.2804565691266
2009-05-14,465.143920569443
2009-05-15,464.5130050409099
2009-05-18,461.79628620415053
2009-05-19,461.1039941469217
2009-05-20,462.05440303405504
2009-05-21,460.3155472246685
2009-05-22,458.9728339528335
2009-05-25,458.8599798224657
2009-05-26,461.0604909930165
2009-05-27,467.1171994771476
2009-05-28,467.3173869273917
2009-05-29,455.8167236317773
2009-06-01,475.06659534070474
2009-06-02,473.1886434902952
2009-06-03,466.8925244844565
2009-06-04,479.34644463172447
2009-06-05,497.0617726339788
2009-06-08,498.76639352711294
2009-06-09,492.70773937849765
2009-06-10,497.3382685923922
2009-06-11,487.5214330145804
2009-06-12,482.7478213713369
2009-06-15,475.59726914038424
2009-06-16,472.001403192414
2009-06-17,469.23562048314665
2009-06-18,481.2857924803626
2009-06-19,478.55440407684586
2009-06-22,472.3530240581471
2009-06-23,469.58321910078905
2009-06-24,471.7355953973037
2009-06-25,465.92890575654985
2009-06-26,464.70319687840276
2009-06-29,464.5254542810273
2009-06-30,464.722157212753
2009-07-01,464.722157212753
2009-07-02,464.39567721561446
2009-07-03,464.36583886497357
2009-07-06,464.36583886497357
2009-07-07,464.59786314618594
2009-07-08,466.07023943556214
2009-07-09,463.79784886341844
2009-07-10,469.5063020831606
2009-07-13,466.928370895213
2009-07-14,462.8978645083799
2009-07-15,454.97855940904407
2009-07-16,456.76818618620007
2009-07-17,455.709417810804
2009-07-20,456.3274532252857
2009-07-21,455.4581915796211
2009-07-22,456.00659038105834
2009-07-23,454.6686995229539
2009-07-24,454.99065197926035
2009-07-27,455.3400188657479
2009-07-28,455.25837236762675
2009-07-29,455.4752701693329
2009-07-30,454.93988943662674
2009-07-31,451.29809641219884
2009-08-03,454.8430677784677
2009-08-04,454.92109258487403
2009-08-05,455.18708848498477
2009-08-06,454.7390677202875
2009-08-07,457.89414616794664
2009-08-10,455.0907750665876
2009-08-11,452.323994484615
2009-08-12,451.8067244106213
2009-08-13,448.0536555137661
2009-08-14,447.06932365595867
2009-08-17,447.0134390331193
2009-08-18,446.44481340461334
2009-08-19,448.42567585320506
2009-08-20,449.00098398268506
2009-08-21,443.21714637258015
2009-08-24,446.0307823157333
2009-08-25,447.5664938909963
2009-08-26,448.1825061966237
2009-08-27,447.48871271221856
2009-08-28,448.4895905151456
2009-08-31,450.9442117570731
2009-09-01,452.6113266188179
2009-09-02,456.54570194388054
2009-09-03,453.5026629729376
2009-09-04,444.3525720756661
2009-09-07,444.29861885666105
2009-09-08,444.137030204188
2009-09-09,443.2760688949235
2009-09-10,451.14382958148946
2009-09-11,451.6767639519562
2009-09-14,448.0160792680665
2009-09-15,444.471100255301
2009-09-16,441.52177441501817
2009-09-17,445.6574340892323
2009-09-18,442.2811787158051
2009-09-21,442.0816116386331
2009-09-22,443.24110176091585
2009-09-23,445.0066353416389
2009-09-24,446.1515698816025
2009-09-25,447.46789591045336
2009-09-28,448.97172035043394
2009-09-29,449.99933764987486
2009-09-30,450.3511430493507
2009-10-01,462.70763394234
2009-10-02,461.94084837999713
2009-10-05,461.3384832301244
2009-10-06,460.0971763339217
2009-10-07,472.0692534780593
2009-10-08,460.44419732200305
2009-10-09,441.2923791353629
2009-10-12,441.1004163989833
2009-10-13,448.5405471244693
2009-10-14,439.48962809691557
2009-10-15,434.7770813093387
2009-10-16,437.7764816043043
2009-10-19,438.3646746310589
2009-10-20,440.5517811217476
2009-10-21,437.13560427481735
2009-10-22,436.8082872659624
2009-10-23,434.17901459144935
2009-10-26,430.8123291565475
2009-10-27,433.875148683371
2009-10-28,434.0382419557444
2009-10-29,433.4107542342371
2009-10-30,436.7362369051662
2009-11-02,436.2303281059564
2009-11-03,434.44666727217304
2009-11-04,432.34228351978885
2009-11-05,433.91554549668376
2009-11-06,435.7508801843286
2009-11-09,436.3368577095302
2009-11-10,436.5527397476934
2009-11-11,439.70155172931993
2009-11-12,438.81664422813304
2009-11-13,439.0206957980613
2009-11-16,446.9258431641057
2009-11-17,447.57264832908197
2009-11-18,442.91700081708507
2009-11-19,446.4798936349472
2009-11-20,444.9429189340988
2009-11-23,445.9646869071003
2009-11-24,453.64231531673147
2009-11-25,459.83986611841516
2009-11-26,459.76730173383606
2009-11-27,473.41162971359836
2009-11-30,474.7280596595068
2009-12-01,463.2356657259659
2009-12-02,449.6516331315637
2009-12-03,438.83210730829336
2009-12-04,418.5864804689817
2009-12-07,424.5731842212816
2009-12-08,429.4157421200795
2009-12-09,428.29900578904505
2009-12-10,424.5648857276808
2009-12-11,420.1060841989955
2009-12-14,419.0728107542446
2009-12-15,416.8451989791416
2009-12-16,417.1281243595846
2009-12-17,417.1281243595846
2009-12-18,417.0903668839745
2009-12-21,415.1189598602293
2009-12-22,414.2253863135407
2009-12-23,414.2720895811528
2009-12-24,416.114859083003
2009-12-25,416.077482424605
2009-12-28,417.8595624811025
2009-12-29,416.58436788573533
2009-12-30,414.55031693718524
2009-12-31,418.7712375058106
2010-01-01,418.7712375058106
2010-01-04,417.92012844427757
2010-01-05,410.61259913200894
2010-01-06,413.03503528674037
2010-01-07,413.74045846025956
2010-01-08,412.6808687646852
2010-01-11,412.6808687646852
2010-01-12,408.61833326469457
2010-01-13,410.36438096742415
2010-01-14,410.180968768014
2010-01-15,409.8826750966872
2010-01-18,409.8196091219487
2010-01-19,408.8875951490226
2010-01-20,410.390403828447
2010-01-21,412.2294323419164
2010-01-22,412.75133132135295
2010-01-25,411.1379192931821
2010-01-26,412.14422207179064
2010-01-27,410.29570152025025
2010-01-28,410.79802385143427
2010-01-29,415.6585862971456
2010-02-01,412.43482788948194
2010-02-02,414.196322610352
2010-02-03,409.2471830052274
2010-02-04,416.74827699876465
2010-02-05,422.731253143391
2010-02-08,418.93742926825314
2010-02-09,415.43460162069243
2010-02-10,410.85963527413736
2010-02-11,408.9334852270884
2010-02-12,411.93114421041093
2010-02-15,411.838664935314
2010-02-16,413.75805992882147
2010-02-17,408.4839009772008
2010-02-18,404.3997509665794
2010-02-19,404.23353412113306
2010-02-22,404.20968848794035
2010-02-23,405.0682887769194
2010-02-24,405.0439804882547
2010-02-25,406.38566019992356
2010-02-26,408.07912868754516
2010-03-01,407.2620836593562
2010-03-02,407.43655664789884
2010-03-03,407.6190293321885
2010-03-04,408.8087614321859
2010-03-05,402.8383979027378
2010-03-08,401.19650109304655
2010-03-09,402.9279451041508
2010-03-10,400.94766632030314
2010-03-11,399.94619604032
2010-03-12,400.0718190238874
2010-03-15,400.5718908429112
2010-03-16,404.5764659696546
2010-03-17,404.5614762537967
2010-03-18,402.12672473455655
2010-03-19,400.8086420821283
2010-03-22,404.0951987957923
2010-03-23,404.0951987957923
2010-03-24,391.5243247758223
2010-03-25,385.75727020859364
2010-03-26,386.46877159710414
2010-03-29,386.52197911899765
2010-03-30,386.52197911899765
2010-03-31,385.4577122896749
2010-04-01,386.18746502609713
2010-04-02,387.8587344371244
2010-04-05,388.6766048145552
2010-04-06,387.77315718578177
2010-04-07,381.9427436662955
2010-04-08,383.3631137527985
2010-04-09,382.99382821140784
2010-04-12,381.8183499137027
2010-04-13,380.99472605236997
2010-04-14,380.9551581424081
2010-04-15,381.270784964939
2010-04-16,383.25602695291934
2010-04-19,382.39466063660046
2010-04-20,382.1986878057168
2010-04-21,384.84324623415125
2010-04-22,382.5585769121007
2010-04-23,379.6632254506281
2010-04-26,380.5968200705258
2010-04-27,386.8079806879086
2010-04-28,383.2671360564485
2010-04-29,386.438576636819
2010-04-30,389.8588478787966
2010-05-03,386.7256724842545
2010-05-04,393.11394693561044
2010-05-05,398.34651836557396
2010-05-06,411.3861325106555
2010-05-07,408.11409342546216
2010-05-10,395.8978123588794
2010-05-11,397.2327841184006
2010-05-12,393.7381583783535
2010-05-13,394.6500407226603
2010-05-14,407.19481027679507
2010-05-17,404.56113506028555
2010-05-18,413.068445703868
2010-05-19,413.70545866624565
2010-05-20,425.610552047263
2010-05-21,432.1772328454426
2010-05-24,429.07145071977527
2010-05-25,441.24009408633003
2010-05-26,428.37196845840884
2010-05-27,406.0737494083218
2010-05-28,415.2651094877351
2010-05-31,415.2651094877351
2010-06-01,415.5388440771505
2010-06-02,409.5061703064939
2010-06-03,405.79925833776
2010-06-04,426.40426438188183
2010-06-07,428.11507824112294
2010-06-08,430.4443010843336
2010-06-09,427.67825159761657
2010-06-10,409.4568619721364
2010-06-11,423.462894172262
2010-06-14,417.32856338118074
2010-06-15,413.48133936261553
2010-06-16,415.576690076642
2010-06-17,422.68198133676077
2010-06-18,419.587240991022
2010-06-21,417.9797679642061
2010-06-22,424.92393422847624
2010-06-23,430.1338631633224
2010-06-24,429.68123968137155
2010-06-25,432.14877107431244
2010-06-28,443.3083898354021
2010-06-29,450.4767202861861
2010-06-30,450.7809347093063
2010-07-01,452.3060955682422
2010-07-02,444.4197631658402
2010-07-05,444.4197631658402
2010-07-06,455.9036175451196
2010-07-07,447.65192322218417
2010-07-08,439.94276688480244
2010-07-09,433.71139891294916
2010-07-12,438.1844796633173
2010-07-13,428.1860211270722
2010-07-14,440.66828459078994
2010-07-15,451.3126914436712
2010-07-16,459.6544009205581
2010-07-19,455.75104459663817
2010-07-20,461.0567303505217
2010-07-21,468.03726161699115
2010-07-22,458.67748197345446
2010-07-23,443.31385121918447
2010-07-26,445.11210895010305
2010-07-27,434.91756882416894
2010-07-28,447.6520539464623
2010-07-29,452.52958005192295
2010-07-30,467.6046820104882
2010-08-02,458.67866858180963
2010-08-03,473.44873588244116
2010-08-04,463.75455777984325
2010-08-05,470.9424283915363
2010-08-06,489.7835285284569
2010-08-09,487.9715497042606
2010-08-10,502.57046865182673
2010-08-11,522.9072219688259
2010-08-12,513.9723965037105
2010-08-13,521.7429846469605
2010-08-16,542.5108823578919
2010-08-17,523.7375175139972
2010-08-18,521.5934197975429
2010-08-19,533.3454203905901
2010-08-20,518.6498274330897
2010-08-23,522.9030449966922
2010-08-24,548.5977956028057
2010-08-25,531.3187449543248
2010-08-26,541.6269963367821
2010-08-27,505.2347151383052
2010-08-30,536.3198831990264
2010-08-31,545.2880165528627
2010-09-01,523.3596820801257
2010-09-02,516.6132682213967
2010-09-03,504.1293600274237
2010-09-06,504.0676474193226
2010-09-07,517.5742224733391
2010-09-08,510.7819781919815
2010-09-09,496.39042783083295
2010-09-10,492.2657923368127
2010-09-13,498.65238793638025
2010-09-14,504.3770013960218
2010-09-15,501.63028283154813
2010-09-16,498.0769039735743
2010-09-17,501.02056373531923
2010-09-20,504.3731315674053
2010-09-21,516.6320584240317
2010-09-22,519.4671096627113
2010-09-23,519.7115609119555
2010-09-24,511.4528022241247
2010-09-27,528.965192637825
2010-09-28,540.8467382299989
2010-09-29,533.7594873765208
2010-09-30,530.6402023995896
2010-10-01,531.5270401842141
2010-10-04,542.6281014374522
2010-10-05,547.5790600098495
2010-10-06,561.3411581739273
2010-10-07,562.8612414538579
2010-10-08,568.8895103022716
2010-10-11,573.3944587673927
2010-10-12,560.0742488561366
2010-10-13,565.2723335658787
2010-10-14,544.8983683504237
2010-10-15,529.0596397913491
2010-10-18,550.4411324395998
2010-10-19,554.3742686623204
2010-10-20,554.813926374078
2010-10-21,543.3554621952457
2010-10-22,537.0224318642612
2010-10-25,536.9841247838481
2010-10-26,518.611418952577
2010-10-27,506.1363692626442
2010-10-28,517.3147575049444
2010-10-29,522.5233507713924
2010-11-01,522.8747160885687
2010-11-02,526.1073826352577
2010-11-03,526.8915290263532
2010-11-04,550.3808551982097
2010-11-05,543.0655158822057
2010-11-08,541.4578520925002
2010-11-09,520.2095607419361
2010-11-10,530.9962007952757
2010-11-11,520.9101208981888
2010-11-12,509.6660996700798
2010-11-15,488.65757258831144
2010-11-16,492.1602681776897
2010-11-17,491.4384625967448
2010-11-18,490.0335358378238
2010-11-19,490.0792428267367
2010-11-22,490.4203823889959
2010-11-23,490.6048887584924
2010-11-24,489.8832737799381
2010-11-25,489.84524059315095
2010-11-26,490.39822050620705
2010-11-29,490.8686940881729
2010-11-30,491.2010577285975
2010-12-01,488.9095083133989
2010-12-02,487.711769903546
2010-12-03,487.6644019089394
2010-12-06,485.5983942459782
2010-12-07,491.2614644370854
2010-12-08,492.62552810236616
2010-12-09,492.71331175989667
2010-12-10,497.23118553765255
2010-12-13,493.01008380849936
2010-12-14,509.31786111323316
2010-12-15,513.8772487344723
2010-12-16,509.81694694484486
2010-12-17,494.72397750795994
2010-12-20,497.12548295053745
2010-12-21,495.3423861993577
2010-12-22,497.8332958360241
2010-12-23,501.71921225895824
2010-12-24,501.71921225895824
2010-12-27,498.40975659153406
2010-12-28,507.0866980621113
2010-12-29,495.2270066247684
2010-12-30,498.02026705067533
2010-12-31,494.48696991538566
2011-01-03,496.3503071904741
2011-01-04,495.59555133293617
2011-01-05,501.3746894169635
2011-01-06,498.2243979314673
2011-01-07,492.5693079197715
2011-01-10,491.2032493902021
2011-01-11,492.52979546816135
2011-01-12,492.4927623559446
2011-01-13,491.19668443829096
2011-01-14,491.7672707773169
2011-01-17,491.7672707773169
2011-01-18,492.08164713991744
2011-01-19,491.85961652223995
2011-01-20,492.98784891623546
2011-01-21,492.5574765608294
2011-01-24,492.27971524369156
2011-01-25,489.83656141831136
2011-01-26,492.19373070581474
2011-01-27,491.19440378524877
2011-01-28,490.04896462791476
2011-01-31,490.8662633312338
2011-02-01,491.1616964628994
2011-02-02,491.39154624517704
2011-02-03,491.87619423228375
2011-02-04,495.38503692886593
2011-02-07,495.08901062144827
2011-02-08,502.13483346306083
2011-02-09,494.57407790556675
2011-02-10,501.57890376089176
2011-02-11,495.713509449223
2011-02-14,493.7671519660242
2011-02-15,493.45334084576626
2011-02-16,494.0829141782551
2011-02-17,488.56908213103816
2011-02-18,487.9221204631839
2011-02-21,487.9021897341821
2011-02-22,478.2018036035681
2011-02-23,480.6650247820452
2011-02-24,480.3928380516786
2011-02-25,480.2114652897874
2011-02-28,480.064755072005
2011-03-01,480.0450456184782
2011-03-02,479.5639080119255
2011-03-03,478.0153856952062
2011-03-04,479.29758321318394
2011-03-07,479.3609438863479
2011-03-08,480.43819314138653
2011-03-09,478.08923232851754
2011-03-10,475.2139631695699
2011-03-11,474.9906637582045
2011-03-14,476.1008120670594
2011-03-15,476.7711279258915
2011-03-16,483.5260260675012
2011-03-17,480.3650461770748
2011-03-18,477.02794716155654
2011-03-21,470.59949518770986
2011-03-22,468.4991810452596
2011-03-23,467.6602260774364
2011-03-24,463.91524879512895
2011-03-25,461.74188650589923
2011-03-28,461.3147995390963
2011-03-29,461.2855850135285
2011-03-30,460.64147448773235
2011-03-31,461.00939545536494
2011-04-01,461.2548370658767
2011-04-04,460.27264110101146
2011-04-05,462.0497558845037
2011-04-06,463.58661068575043
2011-04-07,463.1777927924879
2011-04-08,463.7488886234082
2011-04-11,463.20101911230955
2011-04-12,458.14980997214604
2011-04-13,455.7724724340487
2011-04-14,456.53933127713697
2011-04-15,456.20019012214004
2011-04-18,455.92473509038786
2011-04-19,456.05698748041254
2011-04-20,453.35246266489014
2011-04-21,454.08738390436685
2011-04-22,454.08738390436685
2011-04-25,457.325332054058
2011-04-26,460.58220196324885
2011-04-27,458.1520841806284
2011-04-28,464.6754866644895
2011-04-29,466.9855690489026
2011-05-02,468.2130839145998
2011-05-03,471.541000575231
2011-05-04,475.10134598664644
2011-05-05,483.554221413239
2011-05-06,488.4741739541278
2011-05-09,493.3809882954325
2011-05-10,481.9834656642155
2011-05-11,492.6486956972162
2011-05-12,484.7961004792282
2011-05-13,494.93727323913595
2011-05-16,502.3739891546251
2011-05-17,507.90152338679036
2011-05-18,495.0100466599467
2011-05-19,497.6211933075196
2011-05-20,504.0452921783702
2011-05-23,509.9347337771093
2011-05-24,512.4027852445101
2011-05-25,514.4018470065149
2011-05-26,535.3484993933921
2011-05-27,539.3175624977242
2011-05-30,539.2660916758507
2011-05-31,545.4689704716429
2011-06-01,576.7843009921813
2011-06-02,560.7318233530231
2011-06-03,577.1159077852301
2011-06-06,577.845923373311
2011-06-07,574.1919101926268
2011-06-08,595.2709416347432
2011-06-09,573.5328611001944
2011-06-10,585.1190456314686
2011-06-13,577.3472264575867
2011-06-14,541.0027218491001
2011-06-15,588.1969451297003
2011-06-16,600.9711258761807
2011-06-17,594.3766413337735
2011-06-20,591.6425333085217
2011-06-21,586.6497387712008
2011-06-22,587.1003526622694
2011-06-23,606.9403753453925
2011-06-24,618.5270803825771
2011-06-27,608.3073298939665
2011-06-28,570.1251378918699
2011-06-29,553.6852228921277
2011-06-30,543.1283717197223
2011-07-01,538.4006382158566
2011-07-04,538.3478103309517
2011-07-05,541.7789298114805
2011-07-06,543.4635995022358
2011-07-07,540.7562602088329
2011-07-08,551.1685494372266
2011-07-11,558.1458363168272
2011-07-12,558.8797490733585
2011-07-13,561.542070271621
2011-07-14,554.6145379974622
2011-07-15,563.451834260428
2011-07-18,564.7787379289489
2011-07-19,564.7567712699986
2011-07-20,557.3296042347464
2011-07-21,543.6694733967431
2011-07-22,550.9873047352462
2011-07-25,547.2848144395646
2011-07-26,554.6371587332653
2011-07-27,549.389832757794
2011-07-28,554.0471754646039
2011-07-29,575.0175630279379
2011-08-01,583.2314937157798
2011-08-02,600.349786316654
2011-08-03,602.8532679070196
2011-08-04,632.2828357924777
2011-08-05,598.7808960549719
2011-08-08,650.1293791993514
2011-08-09,694.1605390727511
2011-08-10,702.3233297158571
2011-08-11,673.8909967190514
2011-08-12,695.2213673161202
2011-08-15,684.7840868700961
2011-08-16,701.4581564454334
2011-08-17,710.925380918445
2011-08-18,725.2939650115937
2011-08-19,725.8355641761327
2011-08-22,718.7901545192551
2011-08-23,709.6555268578995
2011-08-24,684.1384202363297
2011-08-25,697.8237810744218
2011-08-26,707.7716463446936
2011-08-29,688.6880411998003
2011-08-30,710.931227936651
2011-08-31,697.943657489228
2011-09-01,716.3462330900734
2011-09-02,741.9718515631665
2011-09-05,741.9447689120567
2011-09-06,739.6820423456056
2011-09-07,727.2704921571845
2011-09-08,740.610228843219
2011-09-09,760.9292953826719
2011-09-12,749.6698904030653
2011-09-13,734.1368627191343
2011-09-14,727.685335421541
2011-09-15,707.8984828716198
2011-09-16,710.6516922153558
2011-09-19,740.9751320772866
2011-09-20,738.4784871539322
2011-09-21,747.4136725077644
2011-09-22,781.270407514317
2011-09-23,751.6374111845879
2011-09-26,727.6851089950216
2011-09-27,698.5073707294016
2011-09-28,701.7985705265819
2011-09-29,709.2900943733856
2011-09-30,711.768545287404
2011-10-03,732.0120233855088
2011-10-04,731.2180888932511
2011-10-05,708.0342055241612
2011-10-06,690.7237758323092
2011-10-07,674.3264140947794
2011-10-10,647.971230979912
2011-10-11,657.0519652400947
2011-10-12,655.1593353269944
2011-10-13,658.2620435698304
2011-10-14,656.6033453495214
2011-10-17,659.7479780036305
2011-10-18,660.2928708052305
2011-10-19,660.3871984451101
2011-10-20,659.0796419448553
2011-10-21,658.581495929829
2011-10-24,655.2627018851359
2011-10-25,663.5233876870047
2011-10-26,657.6528843322448
2011-10-27,642.3104134245168
2011-10-28,651.4781836136277
2011-10-31,656.5741450462576
2011-11-01,662.8122149858011
2011-11-02,663.2340458919297
2011-11-03,659.3307178179491
2011-11-04,662.8782160152549
2011-11-07,668.0743965520841
2011-11-08,658.8185606658228
2011-11-09,674.5047630995866
2011-11-10,664.7024371916074
2011-11-11,652.9272145064147
2011-11-14,666.693782401787
2011-11-15,664.2617961935194
2011-11-16,667.2830186065969
2011-11-17,673.0736076376436
2011-11-18,663.588596352954
2011-11-21,669.172337963785
2011-11-22,673.5470056359542
2011-11-23,682.0189345950416
2011-11-24,681.9667909223377
2011-11-25,668.3312450056294
2011-11-28,669.8198867928278
2011-11-29,663.1080196548528
2011-11-30,653.8417462247786
2011-12-01,649.3382903684476
2011-12-02,658.8548393407615
2011-12-05,657.1118446316508
2011-12-06,653.3854347713544
2011-12-07,663.5208231985129
2011-12-08,670.0090541103474
2011-12-09,660.5228883967645
2011-12-12,668.4489628742746
2011-12-13,674.716624727718
2011-12-14,682.0496446988323
2011-12-15,679.6511292905252
2011-12-16,692.3561223245977
2011-12-19,696.8705332210043
2011-12-20,673.2977482453368
2011-12-21,666.1642790398976
2011-12-22,667.0575879588221
2011-12-23,651.1042551434876
2011-12-26,651.0031609348721
2011-12-27,652.8337311396509
2011-12-28,667.4885795453035
2011-12-29,670.0659009512946
2011-12-30,675.4284229450118
2012-01-02,675.3630109516714
2012-01-03,660.1222817676526
2012-01-04,656.0584005238682
2012-01-05,658.6790685577214
2012-01-06,664.3691615719043
2012-01-09,666.8772478833121
2012-01-10,663.616069934885
2012-01-11,675.4521190188757
2012-01-12,669.5837513763843
2012-01-13,685.6007132019053
2012-01-16,685.5474197571376
2012-01-17,687.0203211691824
2012-01-18,676.6506829322623
2012-01-19,657.8654445388381
2012-01-20,643.4661659397282
2012-01-23,636.6609531130428
2012-01-24,638.451362140342
2012-01-25,647.3820083012267
2012-01-26,656.407855411243
2012-01-27,660.3332482331222
2012-01-30,666.8949127997612
2012-01-31,672.6875428025434
2012-02-01,664.1928955794045
2012-02-02,670.9273454716979
2012-02-03,640.3552579278359
2012-02-06,652.1631204817432
2012-02-07,638.5889266667994
2012-02-08,636.8840111295075
2012-02-09,630.4108404853681
2012-02-10,641.9201171901809
2012-02-13,637.7815940364795
2012-02-14,644.0757932606033
2012-02-15,644.5404009747884
2012-02-16,633.9048880564687
2012-02-17,632.6868560225364
2012-02-20,632.6614738576502
2012-02-21,628.128130988156
2012-02-22,634.561455089681
2012-02-23,636.3978587274052
2012-02-24,636.1762675642981
2012-02-27,642.2707117349537
2012-02-28,642.9257406501902
2012-02-29,634.11197898374
2012-03-01,624.820874249727
2012-03-02,636.9535303592586
2012-03-05,633.4069414944047
2012-03-06,642.2307437592591
2012-03-07,638.8889906287453
2012-03-08,633.3473231990298
2012-03-09,630.0472602446342
2012-03-12,630.5703742218999
2012-03-13,620.5250315763487
2012-03-14,598.8537185365201
2012-03-15,599.3184694472507
2012-03-16,599.9154108124635
2012-03-19,604.0141137189033
2012-03-20,604.2191540627006
2012-03-21,596.5142419759901
2012-03-22,594.0965841465918
2012-03-23,590.1457099452851
2012-03-26,589.9252672741446
2012-03-27,586.9698728450072
2012-03-28,586.9534971036292
2012-03-29,587.1444058356369
2012-03-30,585.9387728813713
2012-04-02,587.1391657339136
2012-04-03,582.8445459480766
2012-04-04,585.2622665256494
2012-04-05,586.4828899378982
2012-04-06,588.6569065003586
2012-04-09,588.9928651799192
2012-04-10,594.2425180224405
2012-04-11,590.1272975032527
2012-04-12,586.6335280596426
2012-04-13,593.8753660508966
2012-04-16,596.8026527514238
2012-04-17,591.7832801279652
2012-04-18,594.604458817237
2012-04-19,598.6961132074573
2012-04-20,596.7856631624202
2012-04-23,603.3180287545678
2012-04-24,599.0103620675242
2012-04-25,596.9133309813216
2012-04-26,602.1401809636815
2012-04-27,607.4062323209091
2012-04-30,610.2030020841405
2012-05-01,602.4021594496631
2012-05-02,608.2408774000885
2012-05-03,608.2408774000885
2012-05-04,620.4359000078214
2012-05-07,620.3918092380002
2012-05-08,628.8794954071104
2012-05-09,628.3230155684945
2012-05-10,623.8399824130237
2012-05-11,634.7993721467457
2012-05-14,647.6702541069932
2012-05-15,645.7689664343432
2012-05-16,647.6570825313569
2012-05-17,663.0550315098147
2012-05-18,665.2155335633821
2012-05-21,655.5796162057987
2012-05-22,639.2874307313612
2012-05-23,663.9182707474316
2012-05-24,652.0775375508465
2012-05-25,662.2551159943771
2012-05-28,662.2551159943771
2012-05-29,665.1135726793559
2012-05-30,704.5647412706352
2012-05-31,715.8789329447535
2012-06-01,754.8522167428148
2012-06-04,720.3509155577103
2012-06-05,712.263649263569
2012-06-06,679.9658649920864
2012-06-07,685.5469442271227
2012-06-08,687.6957062675607
2012-06-11,697.7511342678824
2012-06-12,678.4555287077781
2012-06-13,695.1360915725686
2012-06-14,688.9986348657428
2012-06-15,696.9625898364189
2012-06-18,695.5430002232729
2012-06-19,687.9853417211517
2012-06-20,679.563748381507
2012-06-21,684.1709141812676
2012-06-22,674.0257029790474
2012-06-25,689.6463691805181
2012-06-26,686.5864894999437
2012-06-27,689.2535093159045
2012-06-28,698.4067821949602
2012-06-29,683.9315227649815
2012-07-02,703.4847859286277
2012-07-03,692.6377413185912
2012-07-04,692.6377413185912
2012-07-05,701.5549159084253
2012-07-06,713.2776565535861
2012-07-09,718.7352735836939
2012-07-10,721.1774327118595
2012-07-11,720.016762829006
2012-07-12,722.4150776693529
2012-07-13,718.0868848288394
2012-07-16,728.7347969391897
2012-07-17,717.927190925674
2012-07-18,726.4004054191696
2012-07-19,714.5467246039384
2012-07-20,732.7212983966638
2012-07-23,739.3570462432623
2012-07-24,748.0418318498639
2012-07-25,746.6110942033033
2012-07-26,736.7879046905676
2012-07-27,692.0459014116439
2012-07-30,712.2415266725682
2012-07-31,714.8305465388369
2012-08-01,700.9784272476767
2012-08-02,713.6933655861204
2012-08-03,696.7329444971847
2012-08-06,701.3553359423438
2012-08-07,691.9894954535177
2012-08-08,690.2854998170086
2012-08-09,689.8949684071729
2012-08-10,692.7730202288801
2012-08-13,691.7325056398297
2012-08-14,687.1305604507982
2012-08-15,681.5441336090784
2012-08-16,679.7354187836956
2012-08-17,679.6862636102801
2012-08-20,679.6253506209356
2012-08-21,679.259901237832
2012-08-22,676.5203156475427
2012-08-23,674.9757079856264
2012-08-24,674.5386886997273
2012-08-27,677.0605510763045
2012-08-28,678.7700136890886
2012-08-29,676.7841020445504
2012-08-30,684.0664530012181
2012-08-31,694.9060919235931
2012-09-03,694.8264395274799
2012-09-04,685.8846420827957
2012-09-05,684.558461749281
2012-09-06,666.9058963599223
2012-09-07,674.5651263268323
2012-09-10,671.5394813021181
2012-09-11,670.022962581086
2012-09-12,661.9281004170537
2012-09-13,669.244799631737
2012-09-14,659.1484616365705
2012-09-17,660.6629086964334
2012-09-18,661.4376700855476
2012-09-19,662.0920305832773
2012-09-20,662.211107463056
2012-09-21,663.2042231025129
2012-09-24,664.4917291809699
2012-09-25,666.7369738412725
2012-09-26,672.7887799672254
2012-09-27,670.2213600244304
2012-09-28,669.8506873294218
2012-10-01,672.0784569189888
2012-10-02,673.6129780009014
2012-10-03,675.9871885147667
2012-10-04,667.480731380014
2012-10-05,653.2823378494838
2012-10-08,662.7512726976047
2012-10-09,658.5800720189494
2012-10-10,661.8208576635049
2012-10-11,662.6421957756734
2012-10-12,663.464419392994
2012-10-15,663.464419392994
2012-10-16,655.782058672852
2012-10-17,641.9114326183618
2012-10-18,640.2962532057998
2012-10-19,641.4450306761696
2012-10-22,641.862093505925
2012-10-23,641.46797926875
2012-10-24,641.46797926875
2012-10-25,642.1450904300426
2012-10-26,642.1450904300426
2012-10-29,642.1359933526002
2012-10-30,641.9912415133007
2012-10-31,644.115391402382
2012-11-01,642.7095197247276
2012-11-02,642.2221166024082
2012-11-05,645.9564216265642
2012-11-06,641.3599637206722
2012-11-07,652.3876931810173
2012-11-08,655.9664310446828
2012-11-09,656.5746233793017
2012-11-12,656.2392816502286
2012-11-13,659.6568576946561
2012-11-14,659.5322170226092
2012-11-15,659.1313318521231
2012-11-16,663.1642170525876
2012-11-19,655.8478428065947
2012-11-20,647.7697189865992
2012-11-21,641.8288519352471
2012-11-22,641.7684587804243
2012-11-23,640.7021666209275
2012-11-26,644.3947728592952
2012-11-27,646.8256870394139
2012-11-28,650.58629906193
2012-11-29,651.2385936191665
2012-11-30,653.3407012728319
2012-12-03,649.4305193448814
2012-12-04,652.1354951256418
2012-12-05,657.5649732310801
2012-12-06,659.4837576675324
2012-12-07,650.6764815659474
2012-12-10,652.5531727698623
2012-12-11,645.9683325081259
2012-12-12,635.6615096227931
2012-12-13,627.3728789319146
2012-12-14,628.3778841004793
2012-12-17,624.5153964218554
2012-12-18,620.8336141285553
2012-12-19,621.0633078397638
2012-12-20,621.0633078397638
2012-12-21,618.9339177587995
2012-12-24,619.913907446912
2012-12-25,619.913907446912
2012-12-26,619.2952314326998
2012-12-27,617.7391272819366
2012-12-28,617.6616404410332
2012-12-31,616.3972078963039
2013-01-01,616.3972078963039
2013-01-02,609.9720204379839
2013-01-03,604.7458170488642
2013-01-04,604.5684765754193
2013-01-07,604.0015090873374
2013-01-08,600.6355018720136
2013-01-09,598.2161199046118
2013-01-10,602.2350730023572
2013-01-11,601.0500513166658
2013-01-14,600.2613700089345
2013-01-15,598.7613239981378
2013-01-16,598.5769128183906
2013-01-17,598.2592248765731
2013-01-18,599.0011253030044
2013-01-21,599.0011253030044
2013-01-22,599.3506258656558
2013-01-23,599.438044693889
2013-01-24,599.2555620000956
2013-01-25,596.3602069386889
2013-01-28,595.6301330600312
2013-01-29,595.5685611155615
2013-01-30,595.8281833294692
2013-01-31,594.7767978876914
2013-02-01,596.6222987570806
2013-02-04,592.1813316025042
2013-02-05,595.4831832811248
2013-02-06,591.1364133856177
2013-02-07,589.5363079241619
2013-02-08,589.6072269260646
2013-02-11,589.7542833827005
2013-02-12,590.2715990952375
2013-02-13,590.8540157569741
2013-02-14,589.9684171050446
2013-02-15,590.0946100586582
2013-02-18,590.0946100586582
2013-02-19,591.2591447131322
2013-02-20,590.4814781753299
2013-02-21,588.4424000600934
2013-02-22,587.7148506384452
2013-02-25,586.8622544588661
2013-02-26,587.1625507212274
2013-02-27,586.1389441255296
2013-02-28,587.8578649577881
2013-03-01,591.7127681150613
2013-03-04,588.8670312853627
2013-03-05,586.8650114756896
2013-03-06,579.8781999730079
2013-03-07,569.6060942009951
2013-03-08,562.136477630933
2013-03-11,562.0416898171521
2013-03-12,560.783656058418
2013-03-13,560.8972645924041
2013-03-14,560.7836365257028
2013-03-15,557.8308323361788
2013-03-18,555.5091789593024
2013-03-19,554.9776576076799
2013-03-20,554.1225391276654
2013-03-21,554.2963460275373
2013-03-22,555.5128726807424
2013-03-25,556.1892575732294
2013-03-26,557.8230351978698
2013-03-27,563.6240484818605
2013-03-28,561.236784101109
2013-03-29,561.236784101109
2013-04-01,564.3052269482592
2013-04-02,561.2090452036217
2013-04-03,570.9720943001239
2013-04-04,581.2325871503363
2013-04-05,589.0478092597023
2013-04-08,579.5760974826266
2013-04-09,577.8238784728778
2013-04-10,563.2479189331917
2013-04-11,567.5498829652348
2013-04-12,578.9334058039716
2013-04-15,580.5458726427561
2013-04-16,578.1013495765561
2013-04-17,581.142349326841
2013-04-18,583.3173813005255
2013-04-19,579.2618124836503
2013-04-22,582.1274482550655
2013-04-23,581.6476739143344
2013-04-24,582.6065476972303
2013-04-25,581.1665209242086
2013-04-26,592.6612059648046
2013-04-29,593.1282888825075
2013-04-30,589.9831349761814
2013-05-01,598.9529157308717
2013-05-02,600.0687484180074
2013-05-03,569.9680006425762
2013-05-06,562.5158354007635
2013-05-07,561.4650708677342
2013-05-08,563.8169655749912
2013-05-09,563.0286829283708
2013-05-10,554.9583176906267
2013-05-13,553.5161769215288
2013-05-14,552.4985905119346
2013-05-15,552.4613196486002
2013-05-16,550.014589699918
2013-05-17,552.2499041803571
2013-05-20,552.2193267048491
2013-05-21,552.267941188958
2013-05-22,552.7061804506045
2013-05-23,552.6354845106058
2013-05-24,552.1581924101393
2013-05-27,552.1581924101393
2013-05-28,559.6172908653222
2013-05-29,559.0142840062008
2013-05-30,558.9951914649722
2013-05-31,564.5967560316554
2013-06-03,560.9223494121668
2013-06-04,562.7294432999292
2013-06-05,557.2928748577066
2013-06-06,551.8822332079043
2013-06-07,566.4988995290937
2013-06-10,571.9973554904724
2013-06-11,570.1874710443362
2013-06-12,574.7256235718716
2013-06-13,566.2651980686695
2013-06-14,552.0104250004485
2013-06-17,558.4956244444045
2013-06-18,559.4730163298545
2013-06-19,576.11446837624
2013-06-20,586.5235317611696
2013-06-21,599.5262291979102
2013-06-24,606.7025607334332
2013-06-25,613.3859974095845
2013-06-26,599.7790054481904
2013-06-27,584.1872154322193
2013-06-28,586.6385974041734
2013-07-01,587.5896416419743
2013-07-02,585.2796223578102
2013-07-03,592.6318726895898
2013-07-04,592.6318726895898
2013-07-05,640.9971996642765
2013-07-08,621.9003700454067
2013-07-09,613.3729219242454
2013-07-10,621.7835516181055
2013-07-11,583.0779086625846
2013-07-12,590.7055719871611
2013-07-15,581.1491943208929
2013-07-16,579.0664280378987
2013-07-17,571.3160697325774
2013-07-18,575.7281336452112
2013-07-19,571.3147842723408
2013-07-22,571.1001061571826
2013-07-23,572.8751761719033
2013-07-24,578.5945075093363
2013-07-25,579.928335021411
2013-07-26,574.8507441018745
2013-07-29,577.2759889634907
2013-07-30,578.9796834864883
2013-07-31,578.735753245399
2013-08-01,595.3143789579349
2013-08-02,575.1865965040001
2013-08-05,579.8519319345015
2013-08-06,579.6394102205788
2013-08-07,575.8165744659701
2013-08-08,573.4687707828303
2013-08-09,573.4524227076782
2013-08-12,575.338332990557
2013-08-13,584.0544656243997
2013-08-14,583.264092416136
2013-08-15,586.8900047914173
2013-08-16,594.5143733705007
2013-08-19,601.2342287891373
2013-08-20,588.55951573637
2013-08-21,600.4071758992218
2013-08-22,612.1500695329848
2013-08-23,596.4867951001982
2013-08-26,591.37619813871
2013-08-27,573.7542796898997
2013-08-28,585.1330864363492
2013-08-29,580.7011317834641
2013-08-30,582.1602443286197
2013-09-02,582.1602443286197
2013-09-03,592.946903192066
2013-09-04,600.0483878284283
2013-09-05,612.9888398820077
2013-09-06,600.4244776595123
2013-09-09,588.6046745141124
2013-09-10,600.1710618476716
2013-09-11,589.3841704551614
2013-09-12,588.6246355566851
2013-09-13,585.938342954197
2013-09-16,577.5374831683641
2013-09-17,574.2240439175741
2013-09-18,552.8653263474839
2013-09-19,557.12238751795
2013-09-20,557.0519121537499
2013-09-23,557.0430480484546
2013-09-24,557.3524144325323
2013-09-25,557.75976784786
2013-09-26,556.8608559698562
2013-09-27,558.6672233237732
2013-09-30,558.9979003039903
2013-10-01,556.2706437637947
2013-10-02,559.6032681266579
2013-10-03,561.2110510927166
2013-10-04,557.3161047448735
2013-10-07,558.7847954164129
2013-10-08,557.9819014469991
2013-10-09,557.0285768698974
2013-10-10,556.2203588611565
2013-10-11,556.4794984867865
2013-10-14,555.034603283298
2013-10-15,555.1221567686795
2013-10-16,555.7596139731845
2013-10-17,555.7507220007429
2013-10-18,555.701429576672
2013-10-21,554.6324228766009
2013-10-22,561.5367492116275
2013-10-23,561.9477187214758
2013-10-24,559.9568551869135
2013-10-25,562.5348116524874
2013-10-28,561.7584036700821
2013-10-29,564.8603961872856
2013-10-30,560.1765310746229
2013-10-31,556.9581704856341
2013-11-01,548.9245670550184
2013-11-04,551.6260594464222
2013-11-05,548.3272025204747
2013-11-06,551.295428451753
2013-11-07,552.0281358087612
2013-11-08,549.1890648603306
2013-11-11,548.6908331444495
2013-11-12,548.7572229974859
2013-11-13,545.5581079741027
2013-11-14,543.9080564201497
2013-11-15,544.1731659467381
2013-11-18,544.3554048783062
2013-11-19,543.8965205081092
2013-11-20,542.0855615441802
2013-11-21,542.410711338384
2013-11-22,542.633632557221
2013-11-25,542.633632557221
2013-11-26,542.633632557221
2013-11-27,542.5976578668507
2013-11-28,542.376764921959
2013-11-29,542.3165421002476
2013-12-02,540.9917642321658
2013-12-03,541.5296297962886
2013-12-04,542.4618525395863
2013-12-05,542.8985098206963
2013-12-06,543.5674959198225
2013-12-09,542.4050347606442
2013-12-10,536.2620366157455
2013-12-11,540.3419343689267
2013-12-12,542.7232059373611
2013-12-13,542.5826102360622
2013-12-16,542.8547187244851
2013-12-17,539.8322957539731
2013-12-18,542.391624936989
2013-12-19,548.9761390925933
2013-12-20,548.1192383574958
2013-12-23,552.1324591726591
2013-12-24,558.2001685836932
2013-12-25,558.1351436270243
2013-12-26,559.6159477001852
2013-12-27,559.5787232644211
2013-12-30,553.3951727338172
2013-12-31,557.8872645463621
2014-01-01,557.8872645463621
2014-01-02,553.3642896026059
2014-01-03,554.5617175759636
2014-01-06,547.3717662094651
2014-01-07,542.0589045250241
2014-01-08,552.7688013042767
2014-01-09,549.4845582727146
2014-01-10,535.0132304587006
2014-01-13,530.7692462425167
2014-01-14,532.7469144257441
2014-01-15,532.7469144257441
2014-01-16,532.7378309127347
2014-01-17,532.6389656266547
2014-01-20,532.6389656266547
2014-01-21,532.6686205781684
2014-01-22,532.9256422052783
2014-01-23,532.4023039388758
2014-01-24,532.0194447632098
2014-01-27,531.8071644433821
2014-01-28,532.9819308897692
2014-01-29,535.3960112758921
2014-01-30,534.4587028922211
2014-01-31,537.2840268035379
2014-02-03,543.6698804910129
2014-02-04,540.1568877144364
2014-02-05,535.5657625353593
2014-02-06,530.9984894005792
2014-02-07,536.8402689596442
2014-02-10,536.4422437915445
2014-02-11,531.8678151642927
2014-02-12,527.6940357456955
2014-02-13,532.9663224212609
2014-02-14,532.1950971957418
2014-02-17,532.1950971957418
2014-02-18,534.1707068744786
2014-02-19,532.7563356307058
2014-02-20,530.8284061705809
2014-02-21,531.716433502808
2014-02-24,530.650412021272
2014-02-25,533.3522160397606
2014-02-26,534.8366352961039
2014-02-27,536.2898451357829
2014-02-28,534.2896167640295
2014-03-03,540.0378664159534
2014-03-04,531.6112195718694
2014-03-05,531.568348265884
2014-03-06,527.9901074943845
2014-03-07,523.7441153601595
2014-03-10,524.1502336991805
2014-03-11,524.1332636126816
2014-03-12,523.68466782946
2014-03-13,522.9659637523374
2014-03-14,522.87691172949
2014-03-17,520.4974790126396
2014-03-18,521.5494161450282
2014-03-19,512.8817153026932
2014-03-20,512.3687028923472
2014-03-21,512.3291907039976
2014-03-24,512.3291907039976
2014-03-25,512.7118964481876
2014-03-26,511.40368763363773
2014-03-27,511.2030707986329
2014-03-28,512.6502108899552
2014-03-31,512.6119202517747
2014-04-01,512.9565144569164
2014-04-02,514.0596318378639
2014-04-03,513.7646126249012
2014-04-04,513.756759674905
2014-04-07,506.52593784998504
2014-04-08,506.43147231353095
2014-04-09,506.43147231353095
2014-04-10,505.95769772578603
2014-04-11,505.6981803609929
2014-04-14,502.76053555300535
2014-04-15,502.0541755504041
2014-04-16,498.76169177786284
2014-04-17,488.4327183811859
2014-04-18,488.313980803464
2014-04-21,488.5345985462653
2014-04-22,488.2111480695711
2014-04-23,488.1892307978082
2014-04-24,488.2443735381955
2014-04-25,487.996207943109
2014-04-28,488.26390933294846
2014-04-29,488.26390933294846
2014-04-30,488.26390933294846
2014-05-01,488.1922328595657
2014-05-02,488.4252379887533
2014-05-05,487.5283623353288
2014-05-06,488.35457409486287
2014-05-07,490.67122023036137
2014-05-08,492.4704688135784
2014-05-09,491.824207289697
2014-05-12,487.8223353490943
2014-05-13,493.48012532682935
2014-05-14,502.30814219106594
2014-05-15,507.53605810645456
2014-05-16,504.19527379840014
2014-05-19,503.3833863992335
2014-05-20,508.65356316481433
2014-05-21,504.1412079102905
2014-05-22,501.5924871894189
2014-05-23,504.55345021230426
2014-05-26,504.55345021230426
2014-05-27,507.5289867250679
2014-05-28,522.052726563964
2014-05-29,519.8521839305683
2014-05-30,512.5553068486569
2014-06-02,499.4236524580888
2014-06-03,485.5497808563336
2014-06-04,485.453105672534
2014-06-05,486.44105778835643
2014-06-06,484.76591369069763
2014-06-09,483.20517412497725
2014-06-10,482.1771894210527
2014-06-11,482.5337763820504
2014-06-12,482.7431244579377
2014-06-13,482.75222981925737
2014-06-16,482.7641075449315
2014-06-17,482.02018469539405
2014-06-18,483.1414602182243
2014-06-19,483.0321211944334
2014-06-20,483.0193251524406
2014-06-23,482.921847290036
2014-06-24,483.90552790733796
2014-06-25,484.64005104000563
2014-06-26,486.19715582049105
2014-06-27,486.49442133236215
2014-06-30,487.4650875600758
2014-07-01,482.4894769341068
2014-07-02,474.38013124741474
2014-07-03,474.29364930637735
2014-07-04,471.8214946128787
2014-07-07,473.8634064342107
2014-07-08,475.0469997099813
2014-07-09,475.6691260162848
2014-07-10,476.60891463441607
2014-07-11,478.35570606295823
2014-07-14,474.842123947122
2014-07-15,472.89304987061377
2014-07-16,473.15835288654966
2014-07-17,482.76157097114594
2014-07-18,478.4212275886408
2014-07-21,478.94542182614305
2014-07-22,480.5194296917329
2014-07-23,481.0455254248911
2014-07-24,474.1941432937794
2014-07-25,480.0919758591478
2014-07-28,477.2640274768345
2014-07-29,480.54721663310903
2014-07-30,469.69824052227784
2014-07-31,469.6160476776751
2014-08-01,469.6160476776751
2014-08-04,469.6160476776751
2014-08-05,469.6160476776751
2014-08-06,475.70381918723024
2014-08-07,477.30468548962915
2014-08-08,482.9030815040857
2014-08-11,477.4518902336653
2014-08-12,476.50450822625066
2014-08-13,482.8100262849754
2014-08-14,485.6785443830967
2014-08-15,492.6338045353764
2014-08-18,487.26305811504227
2014-08-19,484.5653184418263
2014-08-20,476.12565665682246
2014-08-21,478.34064324519164
2014-08-22,476.84363883315547
2014-08-25,477.696996094048
2014-08-26,478.2385870278862
2014-08-27,482.0332777552567
2014-08-28,485.30721494262997
2014-08-29,484.448440976212
2014-09-01,484.44252064195075
2014-09-02,472.9545723455824
2014-09-03,473.8900136400207
2014-09-04,469.5261840308566
2014-09-05,470.405200916143
2014-09-08,469.1217892140816
2014-09-09,466.2231808297757
2014-09-10,464.71130679438124
2014-09-11,464.359037881513
2014-09-12,464.3300445580269
2014-09-15,463.6931946880152
2014-09-16,463.5522713893432
2014-09-17,465.66559240705317
2014-09-18,467.50400558237607
2014-09-19,465.0583808788304
2014-09-22,461.3678433287156
2014-09-23,458.61087252080574
2014-09-24,460.2260336718105
2014-09-25,459.972181250303
2014-09-26,460.0907496815222
2014-09-29,461.1409198371751
2014-09-30,460.9137292631068
2014-10-01,464.85200080732733
2014-10-02,463.9023413386674
2014-10-03,461.7589363335161
2014-10-06,465.12948995151714
2014-10-07,473.1825851833263
2014-10-08,478.0751463206796
2014-10-09,478.91783995735767
2014-10-10,484.20801886268566
2014-10-13,498.76047253579105
2014-10-14,509.15561567995053
2014-10-15,532.044811490879
2014-10-16,525.4119413112059
2014-10-17,512.0642047740088
2014-10-20,518.9021095617184
2014-10-21,508.2163778263169
2014-10-22,502.0271444118584
2014-10-23,484.8054063671359
2014-10-24,488.3645257381544
2014-10-27,490.28927608568387
2014-10-28,483.8606569383131
2014-10-29,474.4807820788646
2014-10-30,477.00901082268297
2014-10-31,473.7215446256498
2014-11-03,472.13000196806456
2014-11-04,473.23940905185333
2014-11-05,472.75573830046585
2014-11-06,469.53398727252574
2014-11-07,476.5534474248819
2014-11-10,473.49697850678683
2014-11-11,472.9593250894367
2014-11-12,473.4964744567081
2014-11-13,475.24384652731834
2014-11-14,476.4993218681129
2014-11-17,475.12555793170065
2014-11-18,476.4914811317884
2014-11-19,473.57071432598985
2014-11-20,475.8291490136484
2014-11-21,477.5296444693293
2014-11-24,479.41907739672513
2014-11-25,482.77698967172665
2014-11-26,485.93496533516236
2014-11-27,485.8965731264253
2014-11-28,497.53211288335797
2014-12-01,490.9285809407165
2014-12-02,473.79165209343574
2014-12-03,470.05362336255445
2014-12-04,476.785038420757
2014-12-05,463.69922786158605
2014-12-08,469.726766037398
2014-12-09,474.1243445127492
2014-12-10,478.88563996170734
2014-12-11,475.41601301854286
2014-12-12,489.98123084807474
2014-12-15,483.5975489786018
2014-12-16,492.58859871755345
2014-12-17,478.71917032998795
2014-12-18,465.9711252097318
2014-12-19,470.29021590501117
2014-12-22,470.2845845665151
2014-12-23,462.9065277536858
2014-12-24,463.0084179010565
2014-12-25,462.99174880488243
2014-12-26,463.07971626563324
2014-12-29,464.04750952796473
2014-12-30,464.62037027982905
2014-12-31,464.95095242439686
2015-01-01,464.9286356216008
2015-01-02,468.4859206240306
2015-01-05,473.16327241516996
2015-01-06,479.9142769695888
2015-01-07,482.11482931818654
2015-01-08,474.28151812062094
2015-01-09,485.73125588815077
2015-01-12,499.4227239945363
2015-01-13,503.51928503921715
2015-01-14,515.7034694148068
2015-01-15,542.1659256062994
2015-01-16,519.0780538122355
2015-01-19,525.3558922016751
2015-01-20,516.7083927548239
2015-01-21,501.33872565696873
2015-01-22,494.4417590516074
2015-01-23,510.5561896030526
2015-01-26,505.4714013365147
2015-01-27,508.9623223848455
2015-01-28,529.6384962370685
2015-01-29,519.1171086003392
2015-01-30,542.2566105342768
2015-02-02,541.7879499959938
2015-02-03,516.7868623925327
2015-02-04,515.2728140543712
2015-02-05,511.4068613360063
2015-02-06,482.40117276583874
2015-02-09,481.96461187530247
2015-02-10,479.4827922133411
2015-02-11,479.1574506157575
2015-02-12,479.7776348831814
2015-02-13,479.1121942330201
2015-02-16,479.24792365354347
2015-02-17,476.53269901141755
2015-02-18,478.6920211905818
2015-02-19,479.2526290861101
2015-02-20,479.3974422433817
2015-02-23,478.85425714127854
2015-02-24,478.00406495110224
2015-02-25,477.815381735176
2015-02-26,475.0699032178491
2015-02-27,476.00888454419703
2015-03-02,472.5933318616263
2015-03-03,471.1806841953698
2015-03-04,471.2064473301511
2015-03-05,471.4672547672766
2015-03-06,470.83328328151913
2015-03-09,471.0329969621499
2015-03-10,469.4805010016591
2015-03-11,469.15305200372933
2015-03-12,468.90938928996457
2015-03-13,468.9058655068914
2015-03-16,469.08364858986226
2015-03-17,469.1441733923761
2015-03-18,472.72386787776196
2015-03-19,470.1442449129912
2015-03-20,474.7944839105628
2015-03-23,476.7195418115264
2015-03-24,479.76096551909995
2015-03-25,474.1053365279858
2015-03-26,467.5659179290967
2015-03-27,471.1207636527396
2015-03-30,472.10237746526775
2015-03-31,475.64226092583414
2015-04-01,481.7764487688251
2015-04-02,478.1388848841876
2015-04-03,478.1388848841876
2015-04-06,488.0169297376385
2015-04-07,482.8776866733962
2015-04-08,480.40045650503436
2015-04-09,471.45111530490755
2015-04-10,471.39910318299434
2015-04-13,474.401938068699
2015-04-14,478.4945518774385
2015-04-15,479.5792291622087
2015-04-16,482.81701871513053
2015-04-17,483.77064248689175
2015-04-20,480.9205938131024
2015-04-21,477.52583909300705
2015-04-22,465.2534150122807
2015-04-23,470.8787258282459
2015-04-24,475.5973952964199
2015-04-27,474.7699740406813
2015-04-28,468.1526769315959
2015-04-29,462.5984614371335
2015-04-30,462.3394489560482
2015-05-01,457.74841514820855
2015-05-04,456.978382981486
2015-05-05,456.941982072928
2015-05-06,458.00057503329265
2015-05-07,456.3872927566965
2015-05-08,452.7360011479807
2015-05-11,459.8168995724607
2015-05-12,459.4945774901321
2015-05-13,460.18652242937145
2015-05-14,457.37945207385667
2015-05-15,452.5494250924198
2015-05-18,456.8188004252393
2015-05-19,457.0885095316953
2015-05-20,456.8767288434227
2015-05-21,455.41492743020876
2015-05-22,456.0768060747039
2015-05-25,456.0768060747039
2015-05-26,455.06891686369346
2015-05-27,454.9740465495277
2015-05-28,455.0359040945379
2015-05-29,455.3752923377104
2015-06-01,453.7461576881074
2015-06-02,450.7697720905338
2015-06-03,446.5473961944083
2015-06-04,445.28739078997603
2015-06-05,452.674330912084
2015-06-08,450.8894871076044
2015-06-09,454.16039343730574
2015-06-10,458.98615258928214
2015-06-11,448.89475813755155
2015-06-12,450.3408203924823
2015-06-15,446.57529365342
2015-06-16,442.21567373042933
2015-06-17,439.8657585618351
2015-06-18,441.0342443024871
2015-06-19,438.95464392594937
2015-06-22,441.62964397725386
2015-06-23,441.44503733939587
2015-06-24,441.2800151243837
2015-06-25,441.7874651385628
2015-06-26,443.45597440462177
2015-06-29,438.4157701512875
2015-06-30,440.32199199635176
2015-07-01,441.83379144845503
2015-07-02,440.8517177014548
2015-07-03,439.92212881165545
2015-07-06,439.2404629316065
2015-07-07,439.0488981368356
2015-07-08,439.5907513408526
2015-07-09,436.4563893905383
2015-07-10,431.5197524218915
2015-07-13,429.8958208317594
2015-07-14,430.2294863447729
2015-07-15,429.40100277235916
2015-07-16,429.59952814839875
2015-07-17,429.75721049826313
2015-07-20,430.1296960368947
2015-07-21,429.70724893536527
2015-07-22,429.5086087170145
2015-07-23,428.9299113912133
2015-07-24,428.7751526879016
2015-07-27,429.4952574161652
2015-07-28,428.55465056808225
2015-07-29,427.7618185922302
2015-07-30,427.7618185922302
2015-07-31,432.21480893660214
2015-08-03,433.98723237834326
2015-08-04,428.4324464138114
2015-08-05,424.5940251041344
2015-08-06,427.1945975324279
2015-08-07,429.5504983901509
2015-08-10,427.1840696004699
2015-08-11,431.5333381746739
2015-08-12,431.9660633110915
2015-08-13,429.02472982836946
2015-08-14,427.34571693095756
2015-08-17,430.1478903973865
2015-08-18,428.29237278099566
2015-08-19,434.4998081611723
2015-08-20,436.09526518326015
2015-08-21,439.6152405757877
2015-08-24,442.71226385600926
2015-08-25,430.867572301701
2015-08-26,422.923330392711
2015-08-27,423.5397109371189
2015-08-28,423.5241587578561
2015-08-31,423.5163828992198
2015-09-01,423.5163828992198
2015-09-02,423.25462470777023
2015-09-03,424.8089550564888
2015-09-04,427.10499423486095
2015-09-07,426.0517079928718
2015-09-08,423.42144945290744
2015-09-09,424.4682923518132
2015-09-10,422.1081850362301
2015-09-11,425.0948938997104
2015-09-14,425.8989454559943
2015-09-15,419.6867641627954
2015-09-16,418.5038711847465
2015-09-17,422.0870135911322
2015-09-18,422.6509735668516
2015-09-21,421.3762457969472
2015-09-22,425.4250582057141
2015-09-23,423.9073153751835
2015-09-24,425.71643282358843
2015-09-25,423.187324634476
2015-09-28,428.778889166507
2015-09-29,433.0095294915637
2015-09-30,432.6211281881628
2015-10-01,433.27945624868676
2015-10-02,441.7211527379005
2015-10-05,432.7594641649295
2015-10-06,436.3476783199862
2015-10-07,430.77469072494256
2015-10-08,426.099186508336
2015-10-09,425.55120421601595
2015-10-12,430.6599834810904
2015-10-13,432.4509609253391
2015-10-14,440.4222435677257
2015-10-15,433.9923711639355
2015-10-16,431.7229035864888
2015-10-19,430.5778625851474
2015-10-20,423.93052464091784
2015-10-21,429.0356514792222
2015-10-22,429.7961402282236
2015-10-23,423.13229815191545
2015-10-26,425.35833008634876
2015-10-27,427.85378215425897
2015-10-28,420.80198553329194
2015-10-29,420.75066537214764
2015-10-30,420.75066537214764
2015-11-02,416.0639093837983
2015-11-03,414.47471985190685
2015-11-04,415.28984764005725
2015-11-05,415.3496396225958
2015-11-06,421.6304633554962
2015-11-09,422.67218463933114
2015-11-10,418.886101453685
2015-11-11,421.0751521941927
2015-11-12,419.9760092950331
2015-11-13,415.06416570725753
2015-11-16,412.6314147444346
2015-11-17,411.41879698088957
2015-11-18,412.79712042501575
2015-11-19,411.93177528429857
2015-11-20,412.49364020774834
2015-11-23,412.0131774200535
2015-11-24,410.97315065341905
2015-11-25,410.9390387831169
2015-11-26,410.5530366698757
2015-11-27,410.57386048225214
2015-11-30,410.57386048225214
2015-12-01,410.57386048225214
2015-12-02,410.5061175551236
2015-12-03,405.0022234752324
2015-12-04,406.6290283150762
2015-12-07,405.63160241558086
2015-12-08,405.15757278831626
2015-12-09,404.5756592415507
2015-12-10,405.1161156623155
2015-12-11,405.1161156623155
2015-12-14,405.0609514443874
2015-12-15,403.7914048379499
2015-12-16,402.2622779962058
2015-12-17,402.4975292775325
2015-12-18,401.783040603091
2015-12-21,401.3164397266141
2015-12-22,401.81277821445065
2015-12-23,401.81277821445065
2015-12-24,401.80589292349646
2015-12-25,401.80589292349646
2015-12-28,401.7588486210348
2015-12-29,402.07244790142306
2015-12-30,402.0389887086375
2015-12-31,400.97503827413175
2016-01-01,400.97503827413175
2016-01-04,399.33121392979467
2016-01-05,399.4463567597922
2016-01-06,398.12846198883756
2016-01-07,397.6699764061216
2016-01-08,398.79556881725017
2016-01-11,397.1510548191719
2016-01-12,401.1904071395777
2016-01-13,405.40545735524995
2016-01-14,403.0984518566879
2016-01-15,411.98914481059285
2016-01-18,411.14937119501195
2016-01-19,409.6859088829892
2016-01-20,418.88414676986196
2016-01-21,415.16699493067983
2016-01-22,408.8883971799622
2016-01-25,413.8363874223968
2016-01-26,415.9158190527468
2016-01-27,418.6001935487556
2016-01-28,421.5983509177094
2016-01-29,432.72773989227875
2016-02-01,425.8521582401687
2016-02-02,447.1491706488955
2016-02-03,445.0973612589621
2016-02-04,451.6163947095723
2016-02-05,453.3448102582158
2016-02-08,477.574284318257
2016-02-09,480.69145668849103
2016-02-10,491.1996955460272
2016-02-11,509.5190299563156
2016-02-12,475.9192934299738
2016-02-15,463.88361895915403
2016-02-16,464.3345498662678
2016-02-17,454.1716388728171
2016-02-18,468.771189094561
2016-02-19,464.5054051763518
2016-02-22,462.74132578517566
2016-02-23,466.25845907133305
2016-02-24,466.9662821451722
2016-02-25,475.11642245100904
2016-02-26,461.78645170092796
2016-02-29,466.0056562401933
2016-03-01,445.4879512014862
2016-03-02,439.2285010191966
2016-03-03,440.53507446767856
2016-03-04,437.4198670110982
2016-03-07,435.62201838617483
2016-03-08,438.9489596298622
2016-03-09,437.2394808985362
2016-03-10,435.3591427153914
2016-03-11,434.2190628139729
2016-03-14,434.41013154586807
2016-03-15,434.49363312892217
2016-03-16,433.75870438336983
2016-03-17,433.6548467797106
2016-03-18,433.7545417174712
2016-03-21,432.6699610650214
2016-03-22,430.8389080738604
2016-03-23,434.0255041529995
2016-03-24,433.524855242856
2016-03-25,433.524855242856
2016-03-28,434.56689597575223
2016-03-29,438.08948483300395
2016-03-30,437.7991779564518
2016-03-31,442.95489901064906
2016-04-01,441.2165644311556
2016-04-04,444.88668925870434
2016-04-05,451.20017562007126
2016-04-06,446.17997318797114
2016-04-07,459.15174755118545
2016-04-08,454.94387209823606
2016-04-11,454.57969018217153
2016-04-12,443.66140253171
2016-04-13,443.9838797528135
2016-04-14,437.680324008429
2016-04-15,444.4026118467935
2016-04-18,442.1824699453558
2016-04-19,438.98867633333396
2016-04-20,431.1598293085634
2016-04-21,428.1803293984074
2016-04-22,427.29893205136034
2016-04-25,426.4635145144668
2016-04-26,425.3908606504683
2016-04-27,426.9999895980362
2016-04-28,426.9868397365706
2016-04-29,426.84547743083607
2016-05-02,424.92420523375733
2016-05-03,429.51729202955266
2016-05-04,431.11930259074035
2016-05-05,433.4782015026374
2016-05-06,430.5561453231479
2016-05-09,434.53531641307154
2016-05-10,434.5286859137111
2016-05-11,436.3344413202558
2016-05-12,431.2192736152506
2016-05-13,437.31999496067573
2016-05-16,428.99815525041396
2016-05-17,427.5253383179745
2016-05-18,411.9118663176566
2016-05-19,413.9418940605146
2016-05-20,414.2596925888185
2016-05-23,414.32397505039205
2016-05-24,413.80965107534166
2016-05-25,413.6105699847443
2016-05-26,414.1998085056498
2016-05-27,414.0471554374997
2016-05-30,413.99093152987376
2016-05-31,414.1274603710613
2016-06-01,414.1033606463564
2016-06-02,414.3041822716089
2016-06-03,414.82994492928896
2016-06-06,413.6466274528328
2016-06-07,415.5761608702523
2016-06-08,415.93736298789344
2016-06-09,417.7367679401801
2016-06-10,423.3543983925759
2016-06-13,428.63937163159227
2016-06-14,427.0723761188684
2016-06-15,437.3355773624836
2016-06-16,438.03487110943433
2016-06-17,430.4489219272857
2016-06-20,417.70985953662574
2016-06-21,410.34487518299676
2016-06-22,413.8912238204022
2016-06-23,403.55719249138883
2016-06-24,430.9950780363691
2016-06-27,440.2805356502907
2016-06-28,440.38726146164544
2016-06-29,431.71409269987635
2016-06-30,435.0040736484568
2016-07-01,440.72192968557465
2016-07-04,442.24271011281536
2016-07-05,451.69806737040756
2016-07-06,450.4210076330883
2016-07-07,447.94557954540915
2016-07-08,450.8222938380226
2016-07-11,436.3560923852829
2016-07-12,420.4651325858957
2016-07-13,425.93949135082323
2016-07-14,421.00880861940925
2016-07-15,415.0797707683048
2016-07-18,415.5401436349354
2016-07-19,417.5634134214063
2016-07-20,415.67107219108436
2016-07-21,417.66124023532177
2016-07-22,416.7148907805166
2016-07-25,416.0851445073779
2016-07-26,416.71412327724624
2016-07-27,419.7578924096763
2016-07-28,420.03413978929547
2016-07-29,424.6453819068921
2016-08-01,421.1708810595763
2016-08-02,417.3923921718943
2016-08-03,417.8612790273002
2016-08-04,423.493020436722
2016-08-05,409.97217726825477
2016-08-08,409.66659170033995
2016-08-09,412.36987857883855
2016-08-10,415.37204583613646
2016-08-11,410.0370659757439
2016-08-12,414.6140399425099
2016-08-15,411.6896743409483
2016-08-16,409.898760480755
2016-08-17,411.7908014900553
2016-08-18,413.0382915686873
2016-08-19,410.0161753824155
2016-08-22,411.98451905928204
2016-08-23,412.19251277014985
2016-08-24,411.7763563535241
2016-08-25,410.52890148491235
2016-08-26,406.8993600759181
2016-08-29,410.0455269287516
2016-08-30,409.80644308800373
2016-08-31,409.4718826097272
2016-09-01,409.90174951067917
2016-09-02,409.1847001754298
2016-09-05,408.99375591286395
2016-09-06,411.1887914852382
2016-09-07,411.1079623292122
2016-09-08,407.831163801469
2016-09-09,404.36629141024764
2016-09-12,405.3252848505158
2016-09-13,404.70941965960424
2016-09-14,405.1196963403675
2016-09-15,404.9539539400058
2016-09-16,404.97762365659673
2016-09-19,405.1906610915768
2016-09-20,404.9538529691902
2016-09-21,404.6633349227081
2016-09-22,404.41016377008873
2016-09-23,404.49622634106356
2016-09-26,406.0469831162652
2016-09-27,406.6594282455286
2016-09-28,405.67720348465264
2016-09-29,407.4549749031533
2016-09-30,403.47757641855236
2016-10-03,399.86669817517554
2016-10-04,393.49554319503784
2016-10-05,391.4086792893537
2016-10-06,390.2833694310172
2016-10-07,390.1491418596831
2016-10-10,391.6655407673114
2016-10-11,391.35806728594787
2016-10-12,391.35806728594787
2016-10-13,389.5308294732283
2016-10-14,391.6725268521737
2016-10-17,389.52145954719543
2016-10-18,388.1110619073414
2016-10-19,387.9906940087551
2016-10-20,388.23941783193214
2016-10-21,388.11735797747417
2016-10-24,388.2885024228167
2016-10-25,388.2885024228167
2016-10-26,388.2885024228167
2016-10-27,388.27071866921807
2016-10-28,388.0851906676324
2016-10-31,387.15818493663005
2016-11-01,386.7699807580087
2016-11-02,384.44261178750946
2016-11-03,384.4073925536121
2016-11-04,382.71888329716825
2016-11-07,384.3029963586264
2016-11-08,383.92463464272123
2016-11-09,382.40036798592473
2016-11-10,385.03512397952244
2016-11-11,387.59502992743717
2016-11-14,396.5456963939709
2016-11-15,398.24323967602817
2016-11-16,397.57381659134745
2016-11-17,408.290356415623
2016-11-18,421.61390702938934
2016-11-21,417.44424751187853
2016-11-22,414.4317411465959
2016-11-23,426.81025491793594
2016-11-24,426.7906062066296
2016-11-25,429.17762614100343
2016-11-28,415.2701766539852
2016-11-29,415.0238918257483
2016-11-30,433.7128778178168
2016-12-01,445.8715243156039
2016-12-02,432.0267663997643
2016-12-05,432.9777314569412
2016-12-06,430.6393352863762
2016-12-07,421.04974263914966
2016-12-08,431.37323112183867
2016-12-09,443.7276587454215
2016-12-12,443.29953503209623
2016-12-13,442.42015266411886
2016-12-14,469.8140014836711
2016-12-15,481.80490607528156
2016-12-16,477.0522556309484
2016-12-19,460.0292140898355
2016-12-20,465.7082603389652
2016-12-21,459.97162501146533
2016-12-22,460.9899921792458
2016-12-23,458.4918336203226
2016-12-26,458.47783159992713
2016-12-27,463.7571923517702
2016-12-28,450.676263747983
2016-12-29,442.1027342184245
2016-12-30,436.0902891244469
2017-01-02,436.05663868036055
2017-01-03,436.9612342581337
2017-01-04,434.53822666924714
2017-01-05,420.4998873959394
2017-01-06,430.3558762037203
2017-01-09,426.26219178427283
2017-01-10,426.56805798063016
2017-01-11,425.97566891540185
2017-01-12,425.0880849741072
2017-01-13,427.8940244281875
2017-01-16,425.88967680418676
2017-01-17,422.1180617783567
2017-01-18,429.4404599469363
2017-01-19,432.2944749263377
2017-01-20,431.4919462811317
2017-01-23,423.83820765379323
2017-01-24,429.9568424762951
2017-01-25,435.9685404081356
2017-01-26,433.9215891710552
2017-01-27,432.4548992965673
2017-01-30,432.23858949372806
2017-01-31,427.2654851731461
2017-02-01,430.0434269971375
2017-02-02,429.6293305697961
2017-02-03,429.00867119803456
2017-02-06,421.5694867593122
2017-02-07,419.88008600177153
2017-02-08,416.46780826871304
2017-02-09,419.70611391044724
2017-02-10,419.90100370316367
2017-02-13,420.23257868553935
2017-02-14,421.962430434096
2017-02-15,423.1375013946716
2017-02-16,418.35071446228096
2017-02-17,413.9771303090055
2017-02-20,414.58273598598964
2017-02-21,414.7371219905845
2017-02-22,413.3618087427659
2017-02-23,410.45334114658215
2017-02-24,406.34738695697683
2017-02-27,408.89493842205775
2017-02-28,408.9267443557092
2017-03-01,409.3179222775111
2017-03-02,409.46408443010637
2017-03-03,408.6357500210697
2017-03-06,408.7987813442098
2017-03-07,411.2791754032628
2017-03-08,415.28181654581175
2017-03-09,419.3038507927781
2017-03-10,415.6753573539576
2017-03-13,422.61280239586006
2017-03-14,419.9223733377487
2017-03-15,398.6136798179844
2017-03-16,405.8719958120032
2017-03-17,401.88226858029464
2017-03-20,398.24544006675814
2017-03-21,394.9874220131812
2017-03-22,394.66273579317345
2017-03-23,394.8927748687386
2017-03-24,394.86957676991665
2017-03-27,394.7303947014501
2017-03-28,394.9044043698792
2017-03-29,395.05906199624474
2017-03-30,394.9198266350583
2017-03-31,395.0358234694259
2017-04-03,395.3065461853857
2017-04-04,395.2000768117343
2017-04-05,396.08215194855524
2017-04-06,395.6810467677362
2017-04-07,393.4659720899928
2017-04-10,394.46646264603106
2017-04-11,396.6297534201074
2017-04-12,397.73547681382684
2017-04-13,399.1721619116215
2017-04-14,399.1259956802916
2017-04-17,397.3712558517281
2017-04-18,405.5312530180455
2017-04-19,401.14564867011364
2017-04-20,397.38705630508775
2017-04-21,399.3480816591453
2017-04-24,395.7668196359961
2017-04-25,388.8305731832973
2017-04-26,391.6501599454755
2017-04-27,391.92671316044476
2017-04-28,392.13424474255936
2017-05-01,391.2345618263894
2017-05-02,392.33983959049874
2017-05-03,391.0243690815929
2017-05-04,389.9139237752531
2017-05-05,390.18656040802256
2017-05-08,389.85930120847297
2017-05-09,389.802917522792
2017-05-10,389.90100878275706
2017-05-11,389.39996932924527
2017-05-12,386.64709450176827
2017-05-15,387.210821470023
2017-05-16,387.03231927052065
2017-05-17,386.9620002350261
2017-05-18,386.64061366736524
2017-05-19,386.213401888521
2017-05-22,384.9370917085636
2017-05-23,382.3911719770937
2017-05-24,385.22935160527487
2017-05-25,385.22935160527487
2017-05-26,385.805561460306
2017-05-29,385.805561460306
2017-05-30,388.1131378772425
2017-05-31,388.6706359914865
2017-06-01,388.6595698889487
2017-06-02,394.19516657909685
2017-06-05,391.6407314510438
2017-06-06,397.21778099844147
2017-06-07,393.1044094293518
2017-06-08,391.2167441120051
2017-06-09,389.06208897579336
2017-06-12,389.03989158388237
2017-06-13,389.487322036155
2017-06-14,396.76844595144274
2017-06-15,393.50276412154665
2017-06-16,395.0680932014947
2017-06-19,390.1328831473923
2017-06-20,393.9028675688569
2017-06-21,393.03853755061135
2017-06-22,394.3327637116818
2017-06-23,394.5490342958057
2017-06-26,394.9817647008145
2017-06-27,387.40235642883334
2017-06-28,387.5602227014376
2017-06-29,383.9782647459817
2017-06-30,381.53538692237277
2017-07-03,380.6922289198702
2017-07-04,380.6371773024516
2017-07-05,379.3329816531114
2017-07-06,381.8045423397602
2017-07-07,382.96388451976526
2017-07-10,382.9473561784168
2017-07-11,382.9473561784168
2017-07-12,374.8353498051074
2017-07-13,376.7881650114153
2017-07-14,375.9165366472538
2017-07-17,375.5710150919084
2017-07-18,374.0927788158105
2017-07-19,374.19176224842704
2017-07-20,374.5371995740402
2017-07-21,375.4167487706921
2017-07-24,374.5891325426838
2017-07-25,369.54662300941783
2017-07-26,372.4790499617197
2017-07-27,372.1468381297154
2017-07-28,372.5525893187331
2017-07-31,372.40491663457107
2017-08-01,373.17995595092464
2017-08-02,372.8321393622947
2017-08-03,374.132427745541
2017-08-04,373.08939369515946
2017-08-07,373.3111543484541
2017-08-08,372.75649283945194
2017-08-09,374.086120475563
2017-08-10,376.53062703426514
2017-08-11,377.51092109970045
2017-08-14,375.0883844140101
2017-08-15,369.8772586974689
2017-08-16,375.1194038775163
2017-08-17,377.2574411949651
2017-08-18,376.75527142258784
2017-08-21,377.68890538590273
2017-08-22,374.5539944843939
2017-08-23,378.8175655285896
2017-08-24,376.19903196710516
2017-08-25,378.4312149294509
2017-08-28,379.92631247610547
2017-08-29,383.1133231448921
2017-08-30,381.5693262541275
2017-08-31,383.736388222271
2017-09-01,378.1586465853964
2017-09-04,381.93567511490744
2017-09-05,391.2129368608694
2017-09-06,385.78940852844823
2017-09-07,394.26036133966306
2017-09-08,392.5871377506751
2017-09-11,381.4757012212845
2017-09-12,376.5654955283463
2017-09-13,373.8051782670692
2017-09-14,373.90426983808663
2017-09-15,373.0800694903298
2017-09-18,372.12942805204455
2017-09-19,371.8103020783221
2017-09-20,371.7862141104428
2017-09-21,371.9416007657636
2017-09-22,370.86786303934645
2017-09-25,368.88138924214917
2017-09-26,369.95649468156637
2017-09-27,371.9391236435042
2017-09-28,371.8606681951371
2017-09-29,373.311035600024
2017-10-02,373.27823934461026
2017-10-03,371.78993640881373
2017-10-04,371.95211419945434
2017-10-05,373.8989166705271
2017-10-06,374.8763331861601
2017-10-09,374.3819857949961
2017-10-10,373.7000616904158
2017-10-11,372.6786459323959
2017-10-12,371.6594326021042
2017-10-13,367.9165950333337
2017-10-16,370.1973902032233
2017-10-17,370.1973902032233
2017-10-18,371.32880267339976
2017-10-19,370.82884825703786
2017-10-20,374.2497141076554
2017-10-23,373.10170870646397
2017-10-24,376.50212723779157
2017-10-25,377.849249327
2017-10-26,380.12158890265954
2017-10-27,374.4827093381138
2017-10-30,368.2460478639344
2017-10-31,370.6854962650981
2017-11-01,369.9794680207005
2017-11-02,367.6793400963561
2017-11-03,366.3621641366804
2017-11-06,365.67999413224186
2017-11-07,365.5969710631492
2017-11-08,365.9885083709803
2017-11-09,365.9885083709803
2017-11-10,366.73117755619654
2017-11-13,366.7666164264694
2017-11-14,365.8610851810358
2017-11-15,361.9669676387095
2017-11-16,364.9627191711722
2017-11-17,363.97467339293337
2017-11-20,365.70007920961336
2017-11-21,365.8237807931534
2017-11-22,362.60668530705067
2017-11-23,362.7785493906713
2017-11-24,363.72783629300676
2017-11-27,363.0105072962411
2017-11-28,363.3288270200072
2017-11-29,363.3288270200072
2017-11-30,366.9920205586342
2017-12-01,365.14126987310556
2017-12-04,366.9436922938639
2017-12-05,365.58663718813483
2017-12-06,362.87622139597875
2017-12-07,365.4466043124082
2017-12-08,366.0865933933377
2017-12-11,367.0478969922115
2017-12-12,367.8464931096905
2017-12-13,362.4537315933079
2017-12-14,364.48728400926507
2017-12-15,364.48728400926507
2017-12-18,366.44683973867916
2017-12-19,370.5136731226508
2017-12-20,372.7216722025833
2017-12-21,372.4690002086076
2017-12-22,372.45233411697285
2017-12-25,372.4481705737703
2017-12-26,370.49932187015344
2017-12-27,362.4126147755102
2017-12-28,365.2217001320471
2017-12-29,362.9682825220325
2018-01-01,362.9482703778777
2018-01-02,366.3335796050159
2018-01-03,365.38633952144323
2018-01-04,366.8988451248879
2018-01-05,369.076138891529
2018-01-08,369.151015848468
2018-01-09,376.39608636066004
2018-01-10,376.3634084331454
2018-01-11,376.01553570174895
2018-01-12,378.5626093721245
2018-01-15,378.5463045145562
2018-01-16,376.52336027035824
2018-01-17,383.8945809995403
2018-01-18,390.5398465245141
2018-01-19,395.3082933724284
2018-01-22,401.4000312548621
2018-01-23,389.6101845552958
2018-01-24,396.00408458456957
2018-01-25,391.2920457810162
2018-01-26,403.52739272977266
2018-01-29,412.02441748208753
2018-01-30,418.91556977469014
2018-01-31,420.75005451875126
2018-02-01,437.5226723739911
2018-02-02,458.9183081382086
2018-02-05,432.4046208959023
2018-02-06,435.4300651404455
2018-02-07,445.96682675294204
2018-02-08,445.25877602449685
2018-02-09,446.6730409748104
2018-02-12,452.344773774924
2018-02-13,445.8932872181917
2018-02-14,478.1351094945161
2018-02-15,476.4900194830461
2018-02-16,462.87044277275913
2018-02-19,470.60838455704925
2018-02-20,468.1119728746121
2018-02-21,485.1553320608505
2018-02-22,474.18366958470955
2018-02-23,456.2404299101874
2018-02-26,454.76989014848346
2018-02-27,468.9497294273495
2018-02-28,460.03322038648025
2018-03-01,444.5399918952925
2018-03-02,444.4604920862157
2018-03-05,457.36590718769673
2018-03-06,455.9232744907735
2018-03-07,455.53629546179104
2018-03-08,452.02079234207184
2018-03-09,455.51404891861154
2018-03-12,451.21749494650663
2018-03-13,446.56659733289547
2018-03-14,443.10320646794264
2018-03-15,445.3158370137645
2018-03-16,447.258524683126
2018-03-19,449.2081331773096
2018-03-20,455.3992083484977
2018-03-21,451.6391619480781
2018-03-22,440.70119169007637
2018-03-23,437.8807242657481
2018-03-26,443.28275886378714
2018-03-27,433.77531058367083
2018-03-28,435.3223972738358
2018-03-29,432.975820096521
2018-03-30,432.95325324595933
2018-04-02,432.0205850527789
2018-04-03,434.66610598558793
2018-04-04,435.0080794774601
2018-04-05,435.88416944199366
2018-04-06,432.2103293668486
2018-04-09,432.93317960073693
2018-04-10,434.59414077437026
2018-04-11,433.48318732557345
2018-04-12,438.0761441414546
2018-04-13,437.25944147848344
2018-04-16,438.4089222983323
2018-04-17,437.5541493011819
2018-04-18,443.66882774948283
2018-04-19,447.2002779924103
2018-04-20,453.93057217020197
2018-04-23,459.3368878832201
2018-04-24,460.73698285763857
2018-04-25,467.44265610343916
2018-04-26,457.6261569311081
2018-04-27,451.0914754045716
2018-04-30,446.53433316540475
2018-05-01,452.7964414123485
2018-05-02,451.2417014208762
2018-05-03,443.4898649946452
2018-05-04,443.4586892850182
2018-05-07,443.4497923048849
2018-05-08,449.07515693161787
2018-05-09,455.0806664605575
2018-05-10,451.15507677255493
2018-05-11,451.15507677255493
2018-05-14,456.8388635017719
2018-05-15,473.0955525349818
2018-05-16,479.28658590363585
2018-05-17,480.92497947037
2018-05-18,462.2530597320349
2018-05-21,459.2085501409305
2018-05-22,461.06953277315796
2018-05-23,440.8184293246268
2018-05-24,437.3642371374564
2018-05-25,427.694957264811
2018-05-28,427.6270378863962
2018-05-29,417.09098547360225
2018-05-30,421.6339369273221
2018-05-31,421.44488296211546
2018-06-01,419.11467614137854
2018-06-04,417.11601906140726
2018-06-05,417.4216102412391
2018-06-06,417.4216102412391
2018-06-07,417.4216102412391
2018-06-08,418.31092863384123
2018-06-11,418.5317105302475
2018-06-12,419.4950920165983
2018-06-13,420.7147933824837
2018-06-14,417.6495418161093
2018-06-15,416.557624813841
2018-06-18,415.6770721999485
2018-06-19,412.2437794803934
2018-06-20,416.0698209407719
2018-06-21,414.0377960208176
2018-06-22,414.15024178869714
2018-06-25,413.13800850017566
2018-06-26,412.8958477385797
2018-06-27,410.96364106514284
2018-06-28,411.3666980687046
2018-06-29,411.22287618487275
2018-07-02,411.15897332534956
2018-07-03,411.39857909409585
2018-07-04,411.34264487450747
2018-07-05,411.39857297629067
2018-07-06,411.49446020872375
2018-07-09,411.23871297861945
2018-07-10,411.1588319297165
2018-07-11,411.33321898489055
2018-07-12,411.413114800357
2018-07-13,411.2213348823069
2018-07-16,411.41304288288774
2018-07-17,411.47696951324815
2018-07-18,411.5365828529979
2018-07-19,411.08761895557507
2018-07-20,412.31742353868685
2018-07-23,413.9984650846731
2018-07-24,413.7599801781916
2018-07-25,415.03507163566485
2018-07-26,417.4034815823235
2018-07-27,414.2685467789538
2018-07-30,416.1488411531143
2018-07-31,415.2052565528812
2018-08-01,421.1703674139076
2018-08-02,417.668154054109
2018-08-03,411.03553083029067
2018-08-06,409.0325152922088
2018-08-07,413.0704167685737
2018-08-08,411.9160083308445
2018-08-09,409.8043547964797
2018-08-10,401.7663746820438
2018-08-13,403.04511374957286
2018-08-14,402.89095895600775
2018-08-15,403.71601443554505
2018-08-16,403.22143204054396
2018-08-17,403.15852936153885
2018-08-20,404.856689398134
2018-08-21,404.4566110010395
2018-08-22,404.7640142483683
2018-08-23,404.2471287981728
2018-08-24,404.57804097644663
2018-08-27,402.81201783302913
2018-08-28,399.61387426219244
2018-08-29,399.1723302737003
2018-08-30,398.63966935761084
2018-08-31,398.4526794816017
2018-09-03,398.6395992364073
2018-09-04,399.94852818440296
2018-09-05,399.94852818440296
2018-09-06,398.5382461952658
2018-09-07,402.3863382830855
2018-09-10,402.0589314552975
2018-09-11,405.15265037965776
2018-09-12,404.1195774144698
2018-09-13,405.29683408538466
2018-09-14,408.71480598569843
2018-09-17,406.06582052700065
2018-09-18,416.859255605428
2018-09-19,418.09707776336654
2018-09-20,418.0705887173927
2018-09-21,417.6570193662758
2018-09-24,421.8629826486267
2018-09-25,424.3937199659243
2018-09-26,413.56015462825894
2018-09-27,413.525086081641
2018-09-28,415.96723820428076
2018-10-01,418.2890907762
2018-10-02,414.40192259537855
2018-10-03,435.6165071855192
2018-10-04,436.40319393044786
2018-10-05,445.04603379855894
2018-10-08,442.34614823677606
2018-10-09,438.20602993191187
2018-10-10,423.0858042785122
2018-10-11,423.0171447577291
2018-10-12,422.9989715726459
2018-10-15,422.6430900022423
2018-10-16,425.0394918412721
2018-10-17,431.0938534815667
2018-10-18,424.6202759354069
2018-10-19,427.0876306706656
2018-10-22,427.7959046743793
2018-10-23,421.7674858256766
2018-10-24,410.1810239009838
2018-10-25,411.65233772929446
2018-10-26,408.7611274729997
2018-10-29,408.86139348637914
2018-10-30,410.21225771100836
2018-10-31,410.93771576494123
2018-11-01,410.39981487156575
2018-11-02,414.3474384397131
2018-11-05,414.4238356287693
2018-11-06,415.00035268864934
2018-11-07,417.9806406444774
2018-11-08,418.77997678031187
2018-11-09,410.98067310287877
2018-11-12,404.99143069285896
2018-11-13,403.67808798971254
2018-11-14,400.35150918529393
2018-11-15,398.4434353872648
2018-11-16,395.4933277773143
2018-11-19,395.5007998136365
2018-11-20,395.4108284867584
2018-11-21,395.4727548403192
2018-11-22,395.2250184628991
2018-11-23,395.8440497359777
2018-11-26,395.5341472048927
2018-11-27,395.5341472048927
2018-11-28,396.21550665729933
2018-11-29,396.7737491022889
2018-11-30,396.19413696300745
2018-12-03,399.11703055105517
2018-12-04,400.4018439126049
2018-12-05,401.8380039006718
2018-12-06,404.9688277384119
2018-12-07,416.6236313668608
2018-12-10,412.4328188332948
2018-12-11,404.66129809905425
2018-12-12,399.1172686896682
2018-12-13,400.28755563167965
2018-12-14,402.8389736308377
2018-12-17,407.61594388033063
2018-12-18,413.34248624723057
2018-12-19,418.78553758209006
2018-12-20,413.68393785280864
2018-12-21,416.0115681962043
2018-12-24,415.5439327125264
2018-12-25,426.7570132490238
2018-12-26,413.3816745633213
2018-12-27,424.8936929568983
2018-12-28,431.58608754209877
2018-12-31,433.690710728089
2019-01-01,438.61706733627227
2019-01-02,465.3516828164056
2019-01-03,479.33923811383244
2019-01-04,445.3547629025831
2019-01-07,436.80170998050966
2019-01-08,425.8880238001642
2019-01-09,430.2683843494236
2019-01-10,429.17470580670295
2019-01-11,434.35419300085806
2019-01-14,433.2854846148563
2019-01-15,431.1523426763968
2019-01-16,430.35561416238227
2019-01-17,425.84759144200206
2019-01-18,420.0394575554976
2019-01-21,421.0893839924113
2019-01-22,423.16093140370515
2019-01-23,423.03014117085417
2019-01-24,424.7299891296595
2019-01-25,421.95638462211207
2019-01-28,423.5874983240562
2019-01-29,425.7145725359977
2019-01-30,429.6527488910066
2019-01-31,432.9074907947772
2019-02-01,425.37412753458915
2019-02-04,420.9846198228753
2019-02-05,423.11881149200286
2019-02-06,424.38573986358506
2019-02-07,429.4657267185136
2019-02-08,431.25648739755
2019-02-11,428.3078409899727
2019-02-12,422.34786815880454
2019-02-13,421.08533494249417
2019-02-14,426.7101136004775
2019-02-15,424.4754913498928
2019-02-18,424.2378383928749
2019-02-19,428.5136532622668
2019-02-20,428.26524050336695
2019-02-21,422.3710799379736
2019-02-22,425.05569401623563
2019-02-25,426.3273132751812
2019-02-26,429.6415305759609
2019-02-27,424.24959550592234
2019-02-28,417.9586003598513
2019-03-01,410.90403322071165
2019-03-04,413.85567096895954
2019-03-05,413.9038449381129
2019-03-06,414.36154055001094
2019-03-07,414.91358845503186
2019-03-08,415.8016112191264
2019-03-11,412.033450214427
2019-03-12,418.97790388296016
2019-03-13,416.4641046610271
2019-03-14,416.4641046610271
2019-03-15,420.7168637728453
2019-03-18,419.18535984886745
2019-03-19,416.9139238995287
2019-03-20,428.786790589096
2019-03-21,427.9005114250846
2019-03-22,442.6791802557503
2019-03-25,450.2968175919493
2019-03-26,448.94149049422145
2019-03-27,460.0448466743238
2019-03-28,450.9238004679279
2019-03-29,437.2626118531997
2019-04-01,420.4209114632791
2019-04-02,425.2195755935186
2019-04-03,417.4466005349842
2019-04-04,419.0616583300286
2019-04-05,419.8355310050976
2019-04-08,418.0729636577834
2019-04-09,420.0804963919574
2019-04-10,423.85920624855527
2019-04-11,420.5557694287603
2019-04-12,411.9665992331858
2019-04-15,412.43170015847113
2019-04-16,409.9515582456955
2019-04-17,409.3179976712395
2019-04-18,410.44202591199064
2019-04-19,411.0003218778318
2019-04-22,410.1220400746043
2019-04-23,410.91910576222085
2019-04-24,412.83043999374536
2019-04-25,412.4269984924054
2019-04-26,415.05994214723347
2019-04-29,413.4823706275676
2019-04-30,415.22339679047667
2019-05-01,414.71501702942265
2019-05-02,408.08001876302774
2019-05-03,417.22607692519557
2019-05-06,418.35750896846946
2019-05-07,419.01443952246495
2019-05-08,416.8594313932919
2019-05-09,422.09263313614895
2019-05-10,422.9594989688442
2019-05-13,429.63276306531066
2019-05-14,428.87790137272424
2019-05-15,435.74371693423757
2019-05-16,432.09344864439754
2019-05-17,431.4961544186818
2019-05-20,424.9105848803378
2019-05-21,419.89348715340924
2019-05-22,429.2793542599796
2019-05-23,442.9248376119947
2019-05-24,443.31967783864064
2019-05-27,443.2854654906305
2019-05-28,456.6456847980343
2019-05-29,457.17130279349857
2019-05-30,471.1328680760629
2019-05-31,510.93991654472416
2019-06-03,534.7248835326764
2019-06-04,504.6349570227054
2019-06-05,513.8973366578451
2019-06-06,514.6263397451262
2019-06-07,505.13804562531084
2019-06-10,500.8264370502305
2019-06-11,501.52306691723965
2019-06-12,513.1815053795316
2019-06-13,528.357747637675
2019-06-14,526.9268451131313
2019-06-17,524.7171175342381
2019-06-18,533.6136658445125
2019-06-19,551.1354698273418
2019-06-20,551.9392151729098
2019-06-21,540.6669724696661
2019-06-24,555.8828130658208
2019-06-25,561.6217876801467
2019-06-26,540.1070069380808
2019-06-27,549.9486521697537
2019-06-28,537.4574515108662
2019-07-01,552.1296704635442
2019-07-02,567.8215406590733
2019-07-03,571.820715606576
2019-07-04,576.0134993550531
2019-07-05,528.9440081461078
2019-07-08,527.1601086079737
2019-07-09,518.746579591318
2019-07-10,527.5756150540783
2019-07-11,511.1311727658644
2019-07-12,515.1686121375175
2019-07-15,518.1483351025586
2019-07-16,514.555347904775
2019-07-17,523.1879300573748
2019-07-18,525.2892047603555
2019-07-19,522.0298500834522
2019-07-22,524.6831961627144
2019-07-23,519.7228018709726
2019-07-24,525.2809407502529
2019-07-25,518.0706699022264
2019-07-26,519.2585244709448
2019-07-29,520.0519494554233
2019-07-30,520.8463910156629
2019-07-31,524.4259584888626
2019-08-01,555.6154853220921
2019-08-02,560.0010967961056
2019-08-05,599.780728585676
2019-08-06,591.2084146605015
2019-08-07,586.369955757878
2019-08-08,595.9720451539757
2019-08-09,579.8487173082251
2019-08-12,602.6448946104665
2019-08-13,581.6314207310222
2019-08-14,610.0251927487578
2019-08-15,627.7203518492934
2019-08-16,616.8050018581486
2019-08-19,606.1425274555086
2019-08-20,619.1178963975036
2019-08-21,607.7917895292429
2019-08-22,599.7406579233477
2019-08-23,646.2580094069174
2019-08-26,651.9249061658512
2019-08-27,630.9884970597959
2019-08-28,634.6891263261612
2019-08-29,647.7068992832527
2019-08-30,638.8746115354693
2019-09-02,632.0169315471558
2019-09-03,628.9287351171911
2019-09-04,645.5265952494989
2019-09-05,636.265757074134
2019-09-06,614.9255542714385
2019-09-09,614.2619423341313
2019-09-10,595.0947446550156
2019-09-11,576.3067937313839
2019-09-12,571.2947342259101
2019-09-13,559.9290126160241
2019-09-16,560.3913436123767
2019-09-17,560.8262074864754
2019-09-18,560.6919771630797
2019-09-19,560.650683914507
2019-09-20,560.4501374869519
2019-09-23,560.4339504367454
2019-09-24,561.4570380225942
2019-09-25,564.9339104494641
2019-09-26,560.6587653556937
2019-09-27,564.6227179478278
2019-09-30,563.625783870906
2019-10-01,560.6394678434871
2019-10-02,568.0716618567262
2019-10-03,578.0699543294095
2019-10-04,588.8706368221686
2019-10-07,588.7999157415798
2019-10-08,572.7701373225134
2019-10-09,587.2142747699484
2019-10-10,577.625488092299
2019-10-11,533.3281917276462
2019-10-14,538.1156033026649
2019-10-15,539.448683853127
2019-10-16,536.6510958612696
2019-10-17,537.7423464190204
2019-10-18,537.413510521648
2019-10-21,536.6466223918018
2019-10-22,533.5827605215412
2019-10-23,536.2670536155213
2019-10-24,536.0284534704155
2019-10-25,534.7166447851328
2019-10-28,534.4191213578898
2019-10-29,532.9840171535728
2019-10-30,533.7293400937687
2019-10-31,533.5511037168673
2019-11-01,533.2883010656668
2019-11-04,533.1478471899607
2019-11-05,530.6471365744412
2019-11-06,528.282209812287
2019-11-07,529.799586105237
2019-11-08,527.93970920252
2019-11-11,528.2961150561429
2019-11-12,530.0161653994319
2019-11-13,528.4789019328682
2019-11-14,524.77676840117
2019-11-15,522.091949752095
2019-11-18,522.1179880625334
2019-11-19,522.0561396346953
2019-11-20,522.5656541948161
2019-11-21,522.7064525034114
2019-11-22,520.1069962290292
2019-11-25,519.6709834973057
2019-11-26,521.551383716926
2019-11-27,522.5031342732425
2019-11-28,520.5967184245308
2019-11-29,518.0173633135788
2019-12-02,517.0409505256724
2019-12-03,515.5646971407069
2019-12-04,519.3929954316337
2019-12-05,519.1358676586106
2019-12-06,515.6532284030309
2019-12-09,515.930352405743
2019-12-10,516.2229615804858
2019-12-11,515.9918779698932
2019-12-12,516.3114502731128
2019-12-13,516.167002276955
2019-12-16,516.1477470581339
2019-12-17,516.0129647384648
2019-12-18,515.912907373953
2019-12-19,516.2863209445704
2019-12-20,516.2403862289208
2019-12-23,515.5318038573832
2019-12-24,516.3396893499461
2019-12-25,514.9914462794931
2019-12-26,515.395034416114
2019-12-27,512.4334458129864
2019-12-30,512.5293679436085
2019-12-31,513.3678980654464
2020-01-01,514.1154401912137
2020-01-02,513.827573578624
2020-01-03,509.3965057818533
2020-01-06,509.6228708074949
2020-01-07,508.1266124015393
2020-01-08,510.65413863433326
2020-01-09,504.1008242068971
2020-01-10,507.3107584085856
2020-01-13,506.96914610698076
2020-01-14,505.7741756005827
2020-01-15,507.9656185811392
2020-01-16,508.19360568810714
2020-01-17,507.7296293048236
2020-01-20,507.7960997330289
2020-01-21,508.8597429075616
2020-01-22,508.7696711255142
2020-01-23,510.75152617109734
2020-01-24,518.032560177992
2020-01-27,516.5449267223232
2020-01-28,519.9807222803016
2020-01-29,516.3252831781346
2020-01-30,530.5970655167282
2020-01-31,542.1708301629425
2020-02-03,539.1617384605371
2020-02-04,526.4215955148243
2020-02-05,521.4050426898451
2020-02-06,503.1878014452103
2020-02-07,523.7369776868655
2020-02-10,518.5521640598436
2020-02-11,520.1758634905007
2020-02-12,516.1059593863442
2020-02-13,519.3324370652379
2020-02-14,517.9559557116149
2020-02-17,517.9559557116149
2020-02-18,523.4306592567474
2020-02-19,521.8526004005038
2020-02-20,521.5821183462771
2020-02-21,540.3461285438552
2020-02-24,541.398369847707
2020-02-25,545.3156690038467
2020-02-26,559.2476349695913
2020-02-27,571.2891523509827
2020-02-28,638.0674997162652
2020-03-02,639.3472558696841
2020-03-03,626.0621098657757
2020-03-04,680.5167681057089
2020-03-05,664.0413510285108
2020-03-06,794.4894735705191
2020-03-09,796.287500458312
2020-03-10,742.5102504308132
2020-03-11,765.213465502018
2020-03-12,757.3724684709059
2020-03-13,761.2574374686649
2020-03-16,765.1600102321948
2020-03-17,743.5986006021894
2020-03-18,702.2843729760405
2020-03-19,660.8416975365203
2020-03-20,712.2323602998487
2020-03-23,710.9124827143613
2020-03-24,712.1959927264018
2020-03-25,707.3564098031798
2020-03-26,710.8255193765527
2020-03-27,721.1382064511232
2020-03-30,719.9566012545928
2020-03-31,719.9391207816483
2020-04-01,725.8789926234682
2020-04-02,726.2743209274529
2020-04-03,723.6229445082957
2020-04-06,720.1482852111512
2020-04-07,709.3069500660164
2020-04-08,709.0619847741856
2020-04-09,708.6321705947743
2020-04-10,712.2836502401163
2020-04-13,710.7733103279511
2020-04-14,707.7582470801691
2020-04-15,713.5513882584472
2020-04-16,723.9241684587424
2020-04-17,722.7778112486677
2020-04-20,723.7889804779418
2020-04-21,725.3762422240716
2020-04-22,730.4015041637946
2020-04-23,723.2045397987953
2020-04-24,721.8668324216222
2020-04-27,717.1924648122242
2020-04-28,713.8726204239246
2020-04-29,720.8159712169163
2020-04-30,723.4836231233712
2020-05-01,723.8181633452651
2020-05-04,724.4704661516723
2020-05-05,717.1491313251349
2020-05-06,713.5741038755874
2020-05-07,713.2181652051419
2020-05-08,717.1317776251916
2020-05-11,718.2042630833248
2020-05-12,716.772405622929
2020-05-13,723.1876335414709
2020-05-14,729.1047940973868
2020-05-15,727.5433502515457
2020-05-18,729.3365705576946
2020-05-19,713.44139709665
2020-05-20,718.7375131132354
2020-05-21,723.9441719856899
2020-05-22,724.4205147101193
2020-05-25,724.4205147101193
2020-05-26,719.1777154993847
2020-05-27,720.1248897329309
2020-05-28,718.7024856273003
2020-05-29,727.6954207428627
2020-06-01,727.6785834453054
2020-06-02,721.7476966520996
2020-06-03,700.6904119253896
2020-06-04,688.049104630368
2020-06-05,670.1890556981251
2020-06-08,673.7546724530544
2020-06-09,677.6559674077712
2020-06-10,684.2052887582836
2020-06-11,688.880636687425
2020-06-12,683.2954940197549
2020-06-15,683.2954940197549
2020-06-16,675.8381653813049
2020-06-17,678.2384147054531
2020-06-18,685.8627191745205
2020-06-19,684.6470877807976
2020-06-22,682.6083872551104
2020-06-23,683.8556693722983
2020-06-24,687.1713053736628
2020-06-25,688.0006407798201
2020-06-26,697.080217621259
2020-06-29,700.4001631117322
2020-06-30,694.8331619827056
2020-07-01,687.6796635248612
2020-07-02,691.8149817583668
2020-07-03,691.8149817583668
2020-07-06,688.8456755767729
2020-07-07,698.3118236836942
2020-07-08,695.3181543448803
2020-07-09,707.2479266600535
2020-07-10,693.2744167669271
2020-07-13,702.124384478983
2020-07-14,701.4851916101012
2020-07-15,700.8465080980368
2020-07-16,705.3137300260213
2020-07-17,702.1050581329488
2020-07-20,705.3009454739472
2020-07-21,709.7771071293105
2020-07-22,709.0711878436214
2020-07-23,712.5317069304407
2020-07-24,710.3667705196763
2020-07-27,703.7572165476253
2020-07-28,716.8685061425583
2020-07-29,720.5699415610168
2020-07-30,730.1564044603967
2020-07-31,739.0310516467558
2020-08-03,729.7385038996617
2020-08-04,752.6989240622603
2020-08-05,732.1472217417156
2020-08-06,738.2775081985452
2020-08-07,726.1748766739286
2020-08-10,720.1132766182891
2020-08-11,692.7379800001721
2020-08-12,678.5296547431205
2020-08-13,671.0570994130499
2020-08-14,676.0926509041477
2020-08-17,679.0029983450382
2020-08-18,681.0326946782454
2020-08-19,679.4159146690534
2020-08-20,685.0636704672945
2020-08-21,686.9193188129841
2020-08-24,681.088321236228
2020-08-25,674.6443425860291
2020-08-26,675.1467408138839
2020-08-27,661.9056967032557
2020-08-28,672.9090764502995
2020-08-31,674.4790480118392
2020-09-01,679.1683286950641
2020-09-02,681.7738869749606
2020-09-03,684.7454357476338
2020-09-04,663.0207003007282
2020-09-07,662.7968261981393
2020-09-08,671.5570709990087
2020-09-09,671.5570709990087
2020-09-10,673.6667973650216
2020-09-11,677.8977876631114
2020-09-14,676.1359335830529
2020-09-15,675.1750133287346
2020-09-16,672.2681070287518
2020-09-17,672.2681070287518
2020-09-18,670.820104328073
2020-09-21,677.5647802409437
2020-09-22,677.078802253293
2020-09-23,675.1062962526012
2020-09-24,677.1409502802643
2020-09-25,680.1860412243254
2020-09-28,680.6503889736663
2020-09-29,682.3403306039104
2020-09-30,675.1075676971069
2020-10-01,675.7373425958608
2020-10-02,669.4344766872695
2020-10-05,644.3396870051536
2020-10-06,655.6970707166079
2020-10-07,650.4780378219714
2020-10-08,651.3888347610634
2020-10-09,651.5036638062816
2020-10-12,652.4430433860394
2020-10-13,654.4417202200336
2020-10-14,654.4591638917157
2020-10-15,653.1852538298931
2020-10-16,651.8907166748729
2020-10-19,648.7891674685891
2020-10-20,647.7595823633197
2020-10-21,643.0764115001164
2020-10-22,639.9963315253755
2020-10-23,640.0186075879922
2020-10-26,639.3108715262927
2020-10-27,638.4974507644563
2020-10-28,638.408605303779
2020-10-29,635.4477257757759
2020-10-30,632.055479170296
2020-11-02,633.3778066203446
2020-11-03,633.2059211969179
2020-11-04,633.7670028036986
2020-11-05,633.7069305408243
2020-11-06,631.9412188361179
2020-11-09,624.6561163923895
2020-11-10,621.5124256113745
2020-11-11,621.2116742702942
2020-11-12,615.6318159712404
2020-11-13,616.4930891392627
2020-11-16,616.7726578231955
2020-11-17,615.1938477540982
2020-11-18,615.5316749861522
2020-11-19,615.5209307083187
2020-11-20,615.4895864686672
2020-11-23,614.5182739257742
2020-11-24,614.1163573966909
2020-11-25,614.2167800094498
2020-11-26,614.2167800094498
2020-11-27,616.0246412338489
2020-11-30,615.6153155336648
2020-12-01,611.2545347046315
2020-12-02,611.2089407932873
2020-12-03,611.6765592542029
2020-12-04,612.1658368886901
2020-12-07,611.7145117108337
2020-12-08,611.6477884753607
2020-12-09,611.9146563960389
2020-12-10,611.4140914032604
2020-12-11,610.9225177560593
2020-12-14,610.8571867037317
2020-12-15,610.3119978057478
2020-12-16,609.9790390567763
2020-12-17,609.4243679325132
2020-12-18,608.8701301450659
2020-12-21,609.3071842507873
2020-12-22,610.2049011558547
2020-12-23,609.4059206420543
2020-12-24,609.7052012648252
2020-12-25,609.7052012648252
2020-12-28,610.3040150283924
2020-12-29,610.204128526279
2020-12-30,610.304000981853
2020-12-31,611.0032064828196
2021-01-01,610.9801789394572
2021-01-04,611.4134324859984
2021-01-05,609.2228199395395
2021-01-06,601.8757147892284
2021-01-07,597.2741304132713
2021-01-08,598.3315930649893
2021-01-11,600.8867208491849
2021-01-12,600.8404957622242
2021-01-13,591.8429202713048
2021-01-14,596.5706770497424
2021-01-15,588.5056946795258
2021-01-18,588.4427784449654
2021-01-19,586.6356161515473
2021-01-20,585.3885155776244
2021-01-21,586.6509766998934
2021-01-22,585.4493374906685
2021-01-25,580.9882103519894
2021-01-26,581.3942322368512
2021-01-27,581.2283815013586
2021-01-28,581.0569594590783
2021-01-29,580.8441291592474
2021-02-01,580.6845563164756
2021-02-02,580.0828007468868
2021-02-03,579.7035106388539
2021-02-04,579.4881628638789
2021-02-05,580.4325320287946
2021-02-08,581.5002013118532
2021-02-09,580.2000144035939
2021-02-10,575.8637393117709
2021-02-11,577.6161692498781
2021-02-12,581.8459315332276
2021-02-15,581.8070196391726
2021-02-16,591.9275925869416
2021-02-17,590.9279748499049
2021-02-18,590.3242446950046
2021-02-19,604.5621822418389
2021-02-22,611.8009264192391
2021-02-23,607.4198132229714
2021-02-24,613.8750190186311
2021-02-25,698.5523129518574
2021-02-26,690.0638857864554
2021-03-01,666.9545171272016
2021-03-02,655.4232800908585
2021-03-03,673.5470885641375
2021-03-04,690.9518980568306
2021-03-05,697.5972052441643
2021-03-08,712.0033255650219
2021-03-09,689.8951684016938
2021-03-10,682.670839845003
2021-03-11,679.0396845281562
2021-03-12,705.2690654034135
2021-03-15,702.6267762825587
2021-03-16,703.6802239264296
2021-03-17,702.0905069691692
2021-03-18,722.5688802252257
2021-03-19,727.4968068147224
2021-03-22,717.9549116585779
2021-03-23,692.4193817602367
2021-03-24,688.3253056760489
2021-03-25,693.5920430300836
2021-03-26,704.2311363569556
2021-03-29,711.5823115877184
2021-03-30,714.0165890785441
2021-03-31,726.8572160820728
2021-04-01,708.2052922732082
2021-04-02,708.182010370255
2021-04-05,715.266230804907
2021-04-06,697.7252683077452
2021-04-07,698.9197794831298
2021-04-08,685.1009639223827
2021-04-09,694.0856981271764
2021-04-12,696.4679552215579
2021-04-13,685.7156378260669
2021-04-14,690.021855870077
2021-04-15,679.2824962668433
2021-04-16,681.0557676278634
2021-04-19,683.2936885158824
2021-04-20,676.5622583801991
2021-04-21,676.8065403888854
2021-04-22,675.6459169442469
2021-04-23,678.248659112998
2021-04-26,679.2214699368892
2021-04-27,683.7019933890263
2021-04-28,681.6816847762793
2021-04-29,685.4847812947534
2021-04-30,682.9995740965101
2021-05-03,677.3228271843103
2021-05-04,675.9139295600388
2021-05-05,670.6249901365276
2021-05-06,671.8730002306992
2021-05-07,669.7021074175503
2021-05-10,671.6040139561438
2021-05-11,673.4486298020079
2021-05-12,680.4338377399073
2021-05-13,676.4113057348825
2021-05-14,671.6557864872564
2021-05-17,675.1965621320267
2021-05-18,671.9262016355322
2021-05-19,679.0906416944619
2021-05-20,669.5589546249811
2021-05-21,670.5029825665238
2021-05-24,667.7189800366565
2021-05-25,661.8950487463838
2021-05-26,663.4395032512604
2021-05-27,664.6085199906139
2021-05-28,664.357632819992
2021-05-31,664.357632819992
2021-06-01,664.2740312039024
2021-06-02,663.605291426599
2021-06-03,665.5262359878441
2021-06-04,662.2227315506153
2021-06-07,663.0423370947068
2021-06-08,661.532489128625
2021-06-09,659.9799057328406
2021-06-10,660.2198540955142
2021-06-11,658.4727132023572
2021-06-14,652.4997405858887
2021-06-15,652.9561294862415
2021-06-16,642.0153528421382
2021-06-17,645.3383657590084
2021-06-18,643.6613544360506
2021-06-21,644.7071282157264
2021-06-22,643.7297001099432
2021-06-23,644.6982279773414
2021-06-24,644.8727666245236
2021-06-25,645.5128916583417
2021-06-28,644.3327110613766
2021-06-29,644.169888280832
2021-06-30,643.9257075362398
2021-07-01,643.6739861522763
2021-07-02,641.9156904882477
2021-07-05,641.8471774311831
2021-07-06,644.0495362391819
2021-07-07,644.6510141207418
2021-07-08,649.2511458181654
2021-07-09,639.0818795671371
2021-07-12,639.501631983127
2021-07-13,628.5593688294872
2021-07-14,640.483515193971
2021-07-15,644.4404739782888
2021-07-16,645.2863482409276
2021-07-19,658.3914840826066
2021-07-20,657.3263720107041
2021-07-21,643.284679259823
2021-07-22,646.1038504759133
2021-07-23,647.767397261006
2021-07-26,645.3838886822365
2021-07-27,652.9000221015823
2021-07-28,654.841092471063
2021-07-29,648.2244385198713
2021-07-30,657.097912720443
2021-08-02,666.4669993903584
2021-08-03,668.3880643195542
2021-08-04,661.6173604564325
2021-08-05,648.479460988559
2021-08-06,632.2629881968461
2021-08-09,626.3827254268092
2021-08-10,622.7404911777884
2021-08-11,623.6297450352351
2021-08-12,623.3509685123868
2021-08-13,624.598067236121
2021-08-16,624.6684897125757
2021-08-17,624.6162834491988
2021-08-18,624.8882941569552
2021-08-19,625.4170691707063
2021-08-20,623.5659703652691
2021-08-23,624.4704278282256
2021-08-24,620.1688846629955
2021-08-25,615.6529774169106
2021-08-26,614.1628515538349
2021-08-27,616.149345604096
2021-08-30,616.328382940497
2021-08-31,616.1271242228685
2021-09-01,616.9103882649872
2021-09-02,617.4630286711935
2021-09-03,615.8375689011825
2021-09-06,615.8375689011825
2021-09-07,611.9228321962541
2021-09-08,614.0138084214468
2021-09-09,614.3931282571708
2021-09-10,613.8868061676354
2021-09-13,614.5114571230321
2021-09-14,615.9181515542431
2021-09-15,615.1910548190477
2021-09-16,612.6208369657919
2021-09-17,611.0397609498974
2021-09-20,612.9172719731149
2021-09-21,612.9841079673624
2021-09-22,612.9544143393066
2021-09-23,613.6597563278189
2021-09-24,613.5761357224139
2021-09-27,616.3283615493585
2021-09-28,620.5202108315829
2021-09-29,616.3681959447003
2021-09-30,609.708210373027
2021-10-01,603.4906314285311
2021-10-04,606.4126775483862
2021-10-05,612.4834114960677
2021-10-06,611.6484699982207
2021-10-07,618.5981620880469
2021-10-08,623.0429368819807
2021-10-11,628.5840991762774
2021-10-12,620.0854350900545
2021-10-13,613.7396821933233
2021-10-14,606.879353739159
2021-10-15,623.572909682804
2021-10-18,631.4078475954631
2021-10-19,633.9837977450713
2021-10-20,636.2867870163515
2021-10-21,652.4758117408902
2021-10-22,632.6216989914274
2021-10-25,627.8293735125335
2021-10-26,625.469880663326
2021-10-27,612.923879736085
2021-10-28,623.1309595200767
2021-10-29,622.7806929615591
2021-11-01,621.7304022670993
2021-11-02,617.1857561403236
2021-11-03,625.1599629049722
2021-11-04,611.0306742527457
2021-11-05,599.3580275614779
2021-11-08,605.893187101407
2021-11-09,604.7019923481733
2021-11-10,607.5058693112143
2021-11-11,608.013928254672
2021-11-12,606.1692805200872
2021-11-15,610.4466301790354
2021-11-16,612.4225500587526
2021-11-17,607.2499770987158
2021-11-18,605.8686294871949
2021-11-19,603.387060086654
2021-11-22,616.8209236536961
2021-11-23,619.8636134439682
2021-11-24,618.7836177973787
2021-11-25,618.7687248709077
2021-11-26,586.7385935688479
2021-11-29,590.882530349371
2021-11-30,588.6155720466622
2021-12-01,586.8983137577926
2021-12-02,586.5126986091631
2021-12-03,590.631774800818
2021-12-06,586.9982052975064
2021-12-07,584.7684596736663
2021-12-08,583.4306434243803
2021-12-09,583.4915550872355
2021-12-10,583.0109750875648
2021-12-13,581.4101681147034
2021-12-14,582.2922398554647
2021-12-15,582.3775263854466
2021-12-16,581.5458787751643
2021-12-17,581.5288559948111
2021-12-20,581.449637941939
2021-12-21,580.2251581237621
2021-12-22,580.2251581237621
2021-12-23,579.5266991601344
2021-12-24,579.488717821718
2021-12-27,579.4462497768541
2021-12-28,579.4386849552109
2021-12-29,580.0331938045467
2021-12-30,579.6185917935977
2021-12-31,580.1920199804237
2022-01-03,585.5485321377695
2022-01-04,585.95261278712
2022-01-05,592.617905474347
2022-01-06,597.0565393773272
2022-01-07,602.9256505317645
2022-01-10,605.5792975508315
2022-01-11,600.3573405134218
2022-01-12,602.6335018700905
2022-01-13,588.9321485836238
2022-01-14,609.02776796978
2022-01-17,609.02776796978
2022-01-18,637.4442714829438
2022-01-19,634.7312510096614
2022-01-20,611.6589686559895
2022-01-21,596.638969850456
2022-01-24,597.7464454725701
2022-01-25,597.7300891376916
2022-01-26,624.2791377555066
2022-01-27,612.6793546898909
2022-01-28,603.0915902463286
2022-01-31,602.599308571934
2022-02-01,605.7526617195692
2022-02-02,602.2790353376682
2022-02-03,613.8008007611768
2022-02-04,630.1959129036601
2022-02-07,631.3236480543096
2022-02-08,643.072156934797
2022-02-09,637.9937030510384
2022-02-10,674.1438633489291
2022-02-11,645.4989266271023
2022-02-14,662.6163051834154
2022-02-15,675.4843918527653
2022-02-16,671.6849177682234
2022-02-17,644.338333494812
2022-02-18,635.4633127443324
2022-02-21,635.4090858769002
2022-02-22,639.8904849939626
2022-02-23,649.7917035751051
2022-02-24,641.9891836597767
2022-02-25,643.2760711501867
2022-02-28,613.1966176458275
2022-03-01,584.162916602121
2022-03-02,599.8076994320036
2022-03-03,599.151629713786
2022-03-04,597.3163566857874
2022-03-07,598.2457852149349
2022-03-08,598.6930989210882
2022-03-09,599.2434247342177
2022-03-10,600.2603587590098
2022-03-11,600.7289124589525
2022-03-14,616.0721484242364
2022-03-15,617.188056060908
2022-03-16,626.8306719524627
2022-03-17,622.203989511464
2022-03-18,619.3504102594086
2022-03-21,654.6997390135623
2022-03-22,671.6945611311751
2022-03-23,652.3705933211344
2022-03-24,672.0850540242523
2022-03-25,704.2472220559499
2022-03-28,702.0858076466747
2022-03-29,684.8409627822712
2022-03-30,670.6034571917991
2022-03-31,671.6389555874005
2022-04-01,688.2291931325296
2022-04-04,688.7587846216657
2022-04-05,730.0831612266725
2022-04-06,735.2193007867625
2022-04-07,747.8397973830602
2022-04-08,759.7501874288295
2022-04-11,775.8042550176384
2022-04-12,747.4919797111504
2022-04-13,734.7796000154832
2022-04-14,766.0838350160639
2022-04-15,766.0838350160639
2022-04-18,777.7759667887807
2022-04-19,810.0342335682685
2022-04-20,783.4157322363966
2022-04-21,816.5438221952617
2022-04-22,804.8578884622721
2022-04-25,777.7121518084039
2022-04-26,740.8482414324508
2022-04-27,773.4992526443408
2022-04-28,774.5092361552108
2022-04-29,801.8103213714314
2022-05-02,814.7884242796706
2022-05-03,815.9180125967465
2022-05-04,791.975404485035
2022-05-05,820.8252339738477
2022-05-06,839.6014360103458
2022-05-09,811.1931738434704
2022-05-10,798.3795198362966
2022-05-11,782.573522021148
2022-05-12,762.4802523749319
2022-05-13,776.0768034147006
2022-05-16,766.3030715766054
2022-05-17,792.2181642850871
2022-05-18,771.9759646828692
2022-05-19,763.4333251538667
2022-05-20,750.4944415631235
2022-05-23,764.4322806726607
2022-05-24,745.468797515404
2022-05-25,741.9789295682405
2022-05-26,741.3589132884118
2022-05-27,743.3571407074718
2022-05-30,743.3571407074718
2022-05-31,755.1246083114057
2022-06-01,767.4797340993065
2022-06-02,762.9757330772169
2022-06-03,767.6940056123776
2022-06-06,789.3308756369084
2022-06-07,775.2510652935409
2022-06-08,786.4652195676143
2022-06-09,793.2799209430405
2022-06-10,832.7213868025692
2022-06-13,894.87493602177
2022-06-14,934.3279452033834
2022-06-15,864.4461634055798
2022-06-16,835.3229863908821
2022-06-17,848.147476372341
2022-06-20,848.147476372341
2022-06-21,856.0289522696861
2022-06-22,821.4027786546684
2022-06-23,799.3726212277747
2022-06-24,806.6286676930366
2022-06-27,817.5082117053531
2022-06-28,813.7234903320685
2022-06-29,800.360284285962
2022-06-30,785.1667044886366
2022-07-01,763.4952063556464
2022-07-04,763.3554081964431
2022-07-05,758.3776246710606
2022-07-06,766.4920840076583
2022-07-07,767.751205317232
2022-07-08,769.2582768780593
2022-07-11,765.142299390263
2022-07-12,761.7358015864138
2022-07-13,760.0392592270406
2022-07-14,763.6137973982031
2022-07-15,760.2133180709476
2022-07-18,766.6111546241003
2022-07-19,770.0234360454326
2022-07-20,771.1025667210635
2022-07-21,750.9648783452607
2022-07-22,732.9687652935942
2022-07-25,736.2141346286016
2022-07-26,736.5122599663553
2022-07-27,735.6888182104507
2022-07-28,733.2445131708927
2022-07-29,732.875346615075
2022-08-01,734.7809070920528
2022-08-02,724.7002619401428
2022-08-03,727.2195214058235
2022-08-04,728.0282768566271
2022-08-05,725.233681422236
2022-08-08,726.184864715921
2022-08-09,726.9051550776384
2022-08-10,726.3572826088844
2022-08-11,729.6110644091568
2022-08-12,727.9934140664393
2022-08-15,725.1471867055859
2022-08-16,727.282318122151
2022-08-17,733.4869355080672
2022-08-18,732.5284136161375
2022-08-19,738.923199201952
2022-08-22,743.5791810446535
2022-08-23,746.254875381642
2022-08-24,755.4102144368045
2022-08-25,742.699273803868
2022-08-26,750.2835672681026
2022-08-29,762.1875372098561
2022-08-30,763.0335298714186
2022-08-31,783.0260739803795
2022-09-01,794.5325281969143
2022-09-02,772.6266749200777
2022-09-05,772.5936339230309
2022-09-06,814.5872025555766
2022-09-07,790.6235575424306
2022-09-08,806.620680571302
2022-09-09,805.3174133429808
2022-09-12,811.8243822513834
2022-09-13,837.3839594663675
2022-09-14,842.0287067660104
2022-09-15,858.9378225311517
2022-09-16,852.0421529097073
2022-09-19,868.2682064285005
2022-09-20,894.7106642188572
2022-09-21,890.5142286041839
2022-09-22,957.3548308245652
2022-09-23,959.1721594400449
2022-09-26,1052.9254451154802
2022-09-27,1053.8037155921638
2022-09-28,960.0571637003004
2022-09-29,987.238795123712
2022-09-30,1004.0400321296081
2022-10-03,933.5712269538355
2022-10-04,929.8472505213898
2022-10-05,956.2226889073571
2022-10-06,975.1686833896327
2022-10-07,987.7818575672674
2022-10-10,1000.1809496195025
2022-10-11,1000.1362841149516
2022-10-12,984.6948298848682
2022-10-13,1002.3211208704975
2022-10-14,1024.345174948231
2022-10-17,1015.6789435296826
2022-10-18,1011.263314348612
2022-10-19,1054.5678566296344
2022-10-20,1082.4939666618636
2022-10-21,1061.0188088723446
2022-10-24,1065.808011458943
2022-10-25,1020.0991289512344
2022-10-26,992.5341894497002
2022-10-27,959.345652329964
2022-10-28,991.9007614176217
2022-10-31,1001.4207711812317
2022-11-01,1006.1996679527059
2022-11-02,1016.6404531729514
2022-11-03,1032.4489478227883
2022-11-04,1025.632045957493
2022-11-07,1042.5991741943265
2022-11-08,1011.0549158197895
2022-11-09,993.4418981622322
2022-11-10,902.3687083977371
2022-11-11,910.4694086908229
2022-11-14,913.0915631883807
2022-11-15,904.4273333545931
2022-11-16,898.014522759921
2022-11-17,904.6696112797238
2022-11-18,907.6836201135627
2022-11-21,908.0003360151541
2022-11-22,903.4549762975436
2022-11-23,897.9516529119117
2022-11-24,897.9314307192011
2022-11-25,896.8087578596419
2022-11-28,896.7688501892588
2022-11-29,900.9739687759949
2022-11-30,889.4002072620223
2022-12-01,883.6004816679095
2022-12-02,883.1134653733802
2022-12-05,883.0739274130055
2022-12-06,883.5259908801925
2022-12-07,883.5259908801925
2022-12-08,883.5061167875115
2022-12-09,883.0297310121924
2022-12-12,882.8011800853677
2022-12-13,880.9407099649026
2022-12-14,879.7254335640152
2022-12-15,879.5132021879463
2022-12-16,879.9220336631626
2022-12-19,880.5344849342023
2022-12-20,881.1034353230584
2022-12-21,880.4134361192231
2022-12-22,882.0592458165389
2022-12-23,885.6105404781978
2022-12-26,885.5513143359316
2022-12-27,898.3018844651527
2022-12-28,903.1564777499531
2022-12-29,893.8601253648715
2022-12-30,903.7987266185202
2023-01-02,903.7987266185202
2023-01-03,879.7075571796757
2023-01-04,865.8949586587315
2023-01-05,875.948538401256
2023-01-06,850.3298892682232
2023-01-09,846.817027365495
2023-01-10,850.0553102160571
2023-01-11,848.5856934080667
2023-01-12,846.4513755978986
2023-01-13,847.6944348401487
2023-01-16,847.6944348401487
2023-01-17,846.924433111841
2023-01-18,851.9359077317489
2023-01-19,851.1454425920624
2023-01-20,847.192244346289
2023-01-23,845.2238604635069
2023-01-24,847.3192373133445
2023-01-25,847.7188876165861
2023-01-26,846.5638552223033
2023-01-27,846.1900415164163
2023-01-30,845.6013576385285
2023-01-31,845.3383986825473
2023-02-01,842.6796344362527
2023-02-02,841.9351749368358
2023-02-03,843.9201682514845
2023-02-06,841.9856593158494
2023-02-07,842.139048341078
2023-02-08,838.1582992758105
2023-02-09,845.1944865203791
2023-02-10,852.9543475454915
2023-02-13,849.1066390136782
2023-02-14,859.6802801639399
2023-02-15,868.131460674507
2023-02-16,876.687087341743
2023-02-17,868.0744370413066
2023-02-20,868.0744370413066
2023-02-21,901.2914911622864
2023-02-22,896.1068249975783
2023-02-23,886.2822872434284
2023-02-24,909.4753316543871
2023-02-27,898.6234718391024
2023-02-28,901.978222564812
2023-03-01,924.8671625865269
2023-03-02,944.7774532048899
2023-03-03,916.8730857954201
2023-03-06,917.6410912582991
2023-03-07,924.6532744027509
2023-03-08,934.067276361326
2023-03-09,889.7316418873341
2023-03-10,823.5593134801585
2023-03-13,780.5646157090084
2023-03-14,790.7774355721917
2023-03-15,785.814905044017
2023-03-16,786.7187830701619
2023-03-17,792.6764248939147
2023-03-20,790.4602460900268
2023-03-21,783.8931017751128
2023-03-22,793.5611795365481
2023-03-23,795.0271783467255
2023-03-24,796.3002759993257
2023-03-27,788.0842476882551
2023-03-28,784.5782041944548
2023-03-29,783.7305600544966
2023-03-30,783.8046905599479
2023-03-31,784.8542086299877
2023-04-03,785.7114111445981
2023-04-04,786.8098240529295
2023-04-05,787.2358061308662
2023-04-06,787.5323407329091
2023-04-07,787.514249830028
2023-04-10,778.6668421520349
2023-04-11,778.1607043615288
2023-04-12,780.6677262328359
2023-04-13,778.6449425491447
2023-04-14,774.9930745066749
2023-04-17,771.2687472252678
2023-04-18,771.4265525126185
2023-04-19,771.7592903612438
2023-04-20,769.9029932957199
2023-04-21,771.2894011912849
2023-04-24,768.185432699541
2023-04-25,764.5692819501379
2023-04-26,765.5828391785521
2023-04-27,763.9192971595058
2023-04-28,765.7242525486856
2023-05-01,764.0469118093724
2023-05-02,765.9380780411036
2023-05-03,765.1896875974197
2023-05-04,765.0657580807874
2023-05-05,762.002581846151
2023-05-08,758.0023511147713
2023-05-09,757.3287159213178
2023-05-10,760.02214447744
2023-05-11,760.4521555496787
2023-05-12,759.2699296644162
2023-05-15,758.4643641053557
2023-05-16,757.2048026983219
2023-05-17,756.4348398123207
2023-05-18,756.9004930403992
2023-05-19,758.2687242617144
2023-05-22,759.9516193373445
2023-05-23,757.5344035137309
2023-05-24,764.4080777168957
2023-05-25,775.4075841562238
2023-05-26,775.0134070726735
2023-05-29,774.960002709468
2023-05-30,754.863265147235
2023-05-31,747.563125259326
2023-06-01,739.5316414744394
2023-06-02,755.1704676904002
2023-06-05,753.673919371942
2023-06-06,752.3326951066549
2023-06-07,765.3307687070313
2023-06-08,757.0079386452901
2023-06-09,762.3106752656579
2023-06-12,760.8285787925449
2023-06-13,772.9608815749025
2023-06-14,770.2264878537304
2023-06-15,759.7670084604184
2023-06-16,768.818303550022
2023-06-19,768.818303550022
2023-06-20,763.2795868648906
2023-06-21,764.2341742427691
2023-06-22,775.1046197156664
2023-06-23,768.1858238160395
2023-06-26,765.3777852921344
2023-06-27,772.5306735486896
2023-06-28,765.0050964893321
2023-06-29,785.5219361216884
2023-06-30,787.7325466123862
2023-07-03,790.97616654115
2023-07-04,790.9080666830926
2023-07-05,806.5267987271305
2023-07-06,827.4398129827637
2023-07-07,834.2898390581993
2023-07-10,805.3075382435974
2023-07-11,800.037752691777
2023-07-12,762.015575102081
2023-07-13,734.5798606840315
2023-07-14,745.8129143925971
2023-07-17,743.7776770673398
2023-07-18,742.6702188661889
2023-07-19,740.0895413209112
2023-07-20,749.4303130733
2023-07-21,748.4587949180774
2023-07-24,751.8738575592225
2023-07-25,753.607106164222
2023-07-26,750.5183540635729
2023-07-27,766.8908323792966
2023-07-28,759.9557893451928
2023-07-31,761.4069647397129
2023-08-01,767.9482738782051
2023-08-02,774.8567453744055
2023-08-03,788.3241281330078
2023-08-04,757.5484120202759
2023-08-07,767.5695560828814
2023-08-08,756.5893788887074
2023-08-09,758.1314135235461
2023-08-10,773.1058429644125
2023-08-11,782.9964950917438
2023-08-14,789.796086069678
2023-08-15,792.2825417004481
2023-08-16,800.7492287583328
2023-08-17,803.5678836675087
2023-08-18,798.435320285184
2023-08-21,823.366900423098
2023-08-22,824.008618388732
2023-08-23,784.9325297075027
2023-08-24,798.1763507979009
2023-08-25,801.1234919489564
2023-08-28,792.2530575750837
2023-08-29,767.0583440500335
2023-08-30,765.755670082304
2023-08-31,764.1386252926452
2023-09-01,772.8990989869123
2023-09-04,772.8990989869123
2023-09-05,784.833266355874
2023-09-06,788.8344100168347
2023-09-07,781.2139354719761
2023-09-08,787.492584762214
2023-09-11,791.181225817632
2023-09-12,791.6614901046053
2023-09-13,782.489401021247
2023-09-14,791.3832395159142
2023-09-15,803.3612017969093
2023-09-18,797.8500518814423
2023-09-19,814.6286247259766
2023-09-20,832.2962501465419
2023-09-21,851.4793568797586
2023-09-22,830.3431129520737
2023-09-25,861.044435679492
2023-09-26,859.122346808133
2023-09-27,891.7325065996096
2023-09-28,874.8730539874161
2023-09-29,870.9735617714665
2023-10-02,912.7254249276396
2023-10-03,957.2853436244557
2023-10-04,928.7386393465955
2023-10-05,917.4225143137828
2023-10-06,950.9974572861375
2023-10-09,877.4276352761079
2023-10-10,884.9323452361176
2023-10-11,865.7833819678409
2023-10-12,900.8529529209085
2023-10-13,884.0730276320938
2023-10-16,904.5540475196867
2023-10-17,939.9802738517483
2023-10-18,957.3235910059433
2023-10-19,973.1508647064977
2023-10-20,943.5530182303031
2023-10-23,923.1711233429925
2023-10-24,923.1529007868814
2023-10-25,960.7171923470794
2023-10-26,926.4427680693645
2023-10-27,919.5849713186076
2023-10-30,935.9708520141908
2023-10-31,945.0355969693148
2023-11-01,889.4991325474075
2023-11-02,877.1858591193876
2023-11-03,858.041836873339
2023-11-06,868.8871843590969
2023-11-07,863.9821929882789
2023-11-08,860.3496800281791
2023-11-09,870.0529980646987
2023-11-10,872.0814639216112
2023-11-13,870.9293506764593
2023-11-14,850.2031545974654
2023-11-15,858.1796793516974
2023-11-16,853.388780954939
2023-11-17,854.1706624537053
2023-11-20,853.8724841216884
2023-11-21,852.7546648043584
2023-11-22,853.5404854539656
2023-11-23,853.5404854539656
2023-11-24,854.7026129206128
2023-11-27,853.1937770694419
2023-11-28,850.4384513076004
2023-11-29,848.3713846333012
2023-11-30,848.7086509967207
2023-12-01,852.2070141472713
2023-12-04,850.2998932145445
2023-12-05,854.57624273401
2023-12-06,856.9626833408449
2023-12-07,854.8663295525798
2023-12-08,847.8838695177267
2023-12-11,847.466434465854
2023-12-12,849.0782487935562
2023-12-13,856.0480421831338
2023-12-14,858.4168160225418
2023-12-15,857.9589942464402
2023-12-18,855.6520339981596
2023-12-19,855.6520339981596
2023-12-20,866.9406736497627
2023-12-21,862.450554359021
2023-12-22,862.0896354011364
2023-12-25,862.0896354011364
2023-12-26,859.5641501082084
2023-12-27,875.3969585849939
2023-12-28,866.9841598171982
2023-12-29,861.1822548582952
2024-01-01,861.1505211803443
2024-01-02,854.2122158555736
2024-01-03,855.7582861476486
2024-01-04,847.8732802869306
2024-01-05,843.9890934384264
2024-01-08,845.387910622488
2024-01-09,846.0526364971445
2024-01-10,845.6091743237865
2024-01-11,848.1209486930841
2024-01-12,849.1131145864443
2024-01-15,849.0534412842064
2024-01-16,840.6899078328895
2024-01-17,835.1628160453716
2024-01-18,833.5400230811666
2024-01-19,833.5105766047914
2024-01-22,832.8687880833756
2024-01-23,833.3935267766726
2024-01-24,834.5019315897199
2024-01-25,832.8811060423795
2024-01-26,834.2075463650335
2024-01-29,831.6530726054417
2024-01-30,830.3865157954707
2024-01-31,827.231275781406
2024-02-01,827.2161174402962
2024-02-02,814.5088631171202
2024-02-05,798.3585553742993
2024-02-06,801.9619887311892
2024-02-07,802.3425039451852
2024-02-08,803.0894740904852
2024-02-09,803.6111534058408
2024-02-12,803.6672210111182
2024-02-13,812.9718600253536
2024-02-14,808.4624720530996
2024-02-15,805.6785593618725
2024-02-16,812.4003924196364
2024-02-19,812.4003924196364
2024-02-20,810.5043103541393
2024-02-21,815.6401237297306
2024-02-22,817.528587920081
2024-02-23,810.0448982777554
2024-02-26,814.4244893507171
2024-02-27,816.9391566964316
2024-02-28,810.9503978292581
2024-02-29,809.3847018329891
2024-03-01,798.4151562824989
2024-03-04,802.499694045706
2024-03-05,798.6217656728533
2024-03-06,795.4763876211235
2024-03-07,794.2178748604997
2024-03-08,794.050703100194
2024-03-11,793.4224323552381
2024-03-12,791.3284735294055
2024-03-13,789.6158279224879
2024-03-14,787.8097742634557
2024-03-15,788.3245737969816
2024-03-18,789.8945621997825
2024-03-19,785.2512736849002
2024-03-20,779.8567737358828
2024-03-21,780.2009324083082
2024-03-22,769.5289654222051
2024-03-25,775.9191146096857
2024-03-26,775.1526853844023
2024-03-27,772.0896509855569
2024-03-28,773.9712121466123
2024-03-29,773.9712121466123
2024-04-01,773.9712121466123
2024-04-02,773.9712121466123
2024-04-03,773.9712121466123
2024-04-04,773.9712121466123
2024-04-05,773.9712121466123
2024-04-08,773.9712121466123
2024-04-09,773.9712121466123
2024-04-10,773.9712121466123
2024-04-11,773.9712121466123
2024-04-12,773.9712121466123
2024-04-15,773.9712121466123
2024-04-16,773.9712121466123
2024-04-17,773.9712121466123
2024-04-18,773.9712121466123
2024-04-19,773.9712121466123
2024-04-22,773.9712121466123
2024-04-23,773.9712121466123
2024-04-24,773.9712121466123
2024-04-25,773.9712121466123
2024-04-26,773.9712121466123
2024-04-29,773.9712121466123
2024-04-30,773.9712121466123
2024-05-01,773.9712121466123
2024-05-02,773.9712121466123
2024-05-03,773.9712121466123
2024-05-06,773.9712121466123
2024-05-07,773.9712121466123
2024-05-08,773.9712121466123
2024-05-09,773.9712121466123
2024-05-10,773.9712121466123
2024-05-13,773.9712121466123
2024-05-14,773.9712121466123
2024-05-15,773.9712121466123
2024-05-16,773.874161360377
2024-05-17,773.874161360377
2024-05-20,773.874161360377
2024-05-21,773.874161360377
2024-05-22,773.874161360377
2024-05-23,773.874161360377
2024-05-24,773.874161360377
2024-05-27,773.874161360377
2024-05-28,773.874161360377
2024-05-29,773.874161360377
2024-05-30,773.874161360377
2024-05-31,773.874161360377
2024-06-03,773.874161360377
2024-06-04,773.874161360377
2024-06-05,773.874161360377
2024-06-06,773.874161360377
2024-06-07,773.874161360377
2024-06-10,773.874161360377
2024-06-11,773.874161360377
2024-06-12,773.874161360377
2024-06-13,773.874161360377
2024-06-14,773.874161360377
2024-06-17,773.874161360377
2024-06-18,773.874161360377
2024-06-19,773.874161360377
2024-06-20,773.874161360377
2024-06-21,773.874161360377
2024-06-24,773.874161360377
2024-06-25,773.874161360377
2024-06-26,773.874161360377
2024-06-27,773.874161360377
2024-06-28,773.874161360377
2024-07-01,773.874161360377
2024-07-02,773.874161360377
2024-07-03,773.874161360377
2024-07-04,773.874161360377
2024-07-05,773.874161360377
2024-07-08,773.874161360377
2024-07-09,773.874161360377
2024-07-10,773.874161360377
2024-07-11,773.874161360377
2024-07-12,773.874161360377
2024-07-15,773.874161360377
2024-07-16,773.874161360377
2024-07-17,773.874161360377
2024-07-18,773.874161360377
2024-07-19,773.874161360377
2024-07-22,773.874161360377
2024-07-23,773.874161360377
2024-07-24,773.874161360377
2024-07-25,773.874161360377
2024-07-26,773.874161360377
2024-07-29,773.874161360377
2024-07-30,773.874161360377
2024-07-31,773.874161360377
2024-08-01,773.874161360377
2024-08-02,773.874161360377
2024-08-05,773.874161360377
2024-08-06,773.874161360377
2024-08-07,773.874161360377
2024-08-08,773.874161360377
2024-08-09,773.874161360377
2024-08-12,773.874161360377
2024-08-13,773.874161360377
2024-08-14,773.874161360377
2024-08-15,773.8195327145544
2024-08-16,773.8195327145544
2024-08-19,773.8195327145544
2024-08-20,773.8195327145544
2024-08-21,773.8195327145544
2024-08-22,773.8195327145544
2024-08-23,773.8195327145544
2024-08-26,773.8195327145544
2024-08-27,773.8195327145544
2024-08-28,773.8195327145544
2024-08-29,773.8195327145544
2024-08-30,773.8195327145544
2024-09-02,773.8195327145544
2024-09-03,773.8195327145544
2024-09-04,773.8195327145544
2024-09-05,773.8195327145544
2024-09-06,773.8195327145544
2024-09-09,773.8195327145544
2024-09-10,773.8195327145544
2024-09-11,773.8195327145544
2024-09-12,773.8195327145544
2024-09-13,773.8195327145544
2024-09-16,773.8195327145544
2024-09-17,773.8195327145544
2024-09-18,773.8195327145544
2024-09-19,773.8195327145544
2024-09-20,773.8195327145544
2024-09-23,773.8195327145544
2024-09-24,773.8195327145544
2024-09-25,773.8195327145544
2024-09-26,773.8195327145544
2024-09-27,773.8195327145544
2024-09-30,773.8195327145544
2024-10-01,773.8195327145544
2024-10-02,773.8195327145544
2024-10-03,773.8195327145544
2024-10-04,773.8195327145544
2024-10-07,773.8195327145544
2024-10-08,773.8195327145544
2024-10-09,773.8195327145544
2024-10-10,773.8195327145544
2024-10-11,773.8195327145544
2024-10-14,773.8195327145544
2024-10-15,773.8195327145544
2024-10-16,773.8195327145544
2024-10-17,773.8195327145544
2024-10-18,773.8195327145544
2024-10-21,773.8195327145544
2024-10-22,773.8195327145544
2024-10-23,773.8195327145544
2024-10-24,773.8195327145544
2024-10-25,773.8195327145544
2024-10-28,773.8195327145544
2024-10-29,773.8195327145544
2024-10-30,773.8195327145544
2024-10-31,773.8195327145544
2024-11-01,773.8195327145544
2024-11-04,773.8195327145544
2024-11-05,773.8195327145544
2024-11-06,773.8195327145544
2024-11-07,773.8195327145544
2024-11-08,773.8195327145544
2024-11-11,773.8195327145544
2024-11-12,773.8195327145544
2024-11-13,773.8195327145544
2024-11-14,773.8021462806747
2024-11-15,773.8021462806747
2024-11-18,773.8021462806747
2024-11-19,773.8021462806747
2024-11-20,773.8021462806747
2024-11-21,773.8021462806747
2024-11-22,773.8021462806747
2024-11-25,773.8021462806747
2024-11-26,773.8021462806747
2024-11-27,773.8021462806747
2024-11-28,773.8021462806747
2024-11-29,773.8021462806747
2024-12-02,773.8021462806747
2024-12-03,773.8021462806747
2024-12-04,773.8021462806747
2024-12-05,773.8021462806747
2024-12-06,773.8021462806747
2024-12-09,773.8021462806747
2024-12-10,773.8021462806747
2024-12-11,773.8021462806747
2024-12-12,773.8021462806747
2024-12-13,773.8021462806747
2024-12-16,773.8021462806747
2024-12-17,773.8021462806747
2024-12-18,773.8021462806747
2024-12-19,773.8021462806747
2024-12-20,773.8021462806747
2024-12-23,773.8021462806747
2024-12-24,773.8021462806747
2024-12-25,773.8021462806747
2024-12-26,773.8021462806747
2024-12-27,773.8021462806747
2024-12-30,773.8021462806747
2024-12-31,773.8021462806747
2025-01-01,773.8021462806747
2025-01-02,773.8021462806747
2025-01-03,773.8021462806747
2025-01-06,773.8021462806747
2025-01-07,773.8021462806747
2025-01-08,773.8021462806747
2025-01-09,773.8021462806747
2025-01-10,773.8021462806747
2025-01-13,773.8021462806747
2025-01-14,773.8021462806747
2025-01-15,773.8021462806747
2025-01-16,773.8021462806747
2025-01-17,773.8021462806747
2025-01-20,773.8021462806747
2025-01-21,773.8021462806747
2025-01-22,773.8021462806747
2025-01-23,773.8021462806747
2025-01-24,773.8021462806747
2025-01-27,773.8021462806747
2025-01-28,773.8021462806747
2025-01-29,773.8021462806747
2025-01-30,773.8021462806747
2025-01-31,773.8021462806747
2025-02-03,773.8021462806747
2025-02-04,773.8021462806747
2025-02-05,773.8021462806747
2025-02-06,773.8021462806747
2025-02-07,773.8021462806747
2025-02-10,773.8021462806747
2025-02-11,773.8021462806747
2025-02-12,773.8021462806747
2025-02-13,773.8021462806747
2025-02-14,773.8021462806747
2025-02-17,773.8021462806747
2025-02-18,773.8021462806747
2025-02-19,773.8021462806747
2025-02-20,773.8021462806747
2025-02-21,773.8021462806747
2025-02-24,773.8021462806747
2025-02-25,773.8021462806747
2025-02-26,773.8021462806747
2025-02-27,773.8021462806747
2025-02-28,773.8021462806747
2025-03-03,773.8021462806747
2025-03-04,773.8021462806747
2025-03-05,773.8021462806747
2025-03-06,773.8021462806747
2025-03-07,773.8021462806747
2025-03-10,773.8021462806747
2025-03-11,773.8021462806747
2025-03-12,773.8021462806747
2025-03-13,773.8021462806747
2025-03-14,773.8021462806747
2025-03-17,773.8021462806747
2025-03-18,773.8021462806747
2025-03-19,773.8021462806747
2025-03-20,773.8021462806747
2025-03-21,773.8021462806747
2025-03-24,773.8021462806747
2025-03-25,773.8021462806747
2025-03-26,773.8021462806747
2025-03-27,773.8021462806747
2025-03-28,773.8021462806747
2025-03-31,773.8021462806747
2025-04-01,773.8021462806747
2025-04-02,773.8021462806747
2025-04-03,758.5652213549056
2025-04-04,754.3413667297888
2025-04-07,754.337556147831
2025-04-08,753.8262786537164
2025-04-09,753.8122386615362
2025-04-10,753.1035697627241
2025-04-11,759.7017926851076
2025-04-14,751.8214657236803
2025-04-15,748.1603041433075
2025-04-16,745.8167722298994
2025-04-17,747.0688321122985
2025-04-18,747.0688321122985
2025-04-21,747.9820781969195
2025-04-22,748.021827356835
2025-04-23,748.3795865652512
2025-04-24,746.9421924933218
2025-04-25,745.936448639736
2025-04-28,744.597191072763
2025-04-29,744.3626791612458
2025-04-30,744.4976362234061
2025-05-01,742.3673062340027
2025-05-02,737.6289901364364
2025-05-05,736.9646114883052
2025-05-06,737.358919221168
2025-05-07,736.9402397615576
2025-05-08,738.2479588861848
2025-05-09,738.2091879103408
2025-05-12,740.4489977156242
2025-05-13,741.5067900856279
2025-05-14,744.3801114076358
2025-05-15,736.0417420279036
2025-05-16,734.2753774104435
2025-05-19,737.8143965161926
2025-05-20,736.6362200210915
2025-05-21,747.9308089913764
2025-05-22,742.4388613357169
2025-05-23,738.1871777074132
2025-05-26,738.18033822514
2025-05-27,731.579668061617
2025-05-28,736.195421113646
2025-05-29,732.9029016430111
2025-05-30,732.4135490793414
2025-06-02,733.8043115754737
2025-06-03,733.8564243449472
2025-06-04,731.6675512310417
2025-06-05,732.678649740056
2025-06-06,732.678649740056
2025-06-09,732.6343731564755
2025-06-10,732.3928149019338
2025-06-11,729.5704830139069
2025-06-12,727.3928604959954
2025-06-13,729.9647545138338
2025-06-16,729.9647545138338
2025-06-17,729.9647545138338
2025-06-18,729.9647545138338
2025-06-19,729.9647545138338
2025-06-20,729.9647545138338
2025-06-23,729.9571195027013
2025-06-24,730.0721812464243
2025-06-25,730.249109380882
2025-06-26,733.5028587451114
2025-06-27,731.101704428226
2025-06-30,735.7766515156347
2025-07-01,731.7650192769972
2025-07-02,727.8661207491364
2025-07-03,721.3751044974522
2025-07-04,721.3134260962711
2025-07-07,719.5809680880993
2025-07-08,718.5895350969257
2025-07-09,718.5584912989211
2025-07-10,719.164640220366
2025-07-11,719.9710054130829
2025-07-14,720.2400583992342
2025-07-15,721.1777078389014
2025-07-16,719.8907639806897
2025-07-17,719.5576833578226
2025-07-18,716.7276482324777
2025-07-21,714.2234344238631
2025-07-22,712.2091776016115
2025-07-23,713.0757376978526
2025-07-24,712.8470601466252
2025-07-25,712.8978630878843
2025-07-28,712.6946386221123
2025-07-29,713.6104301833519
2025-07-30,713.8915135393024
2025-07-31,713.8406453197061
2025-08-01,715.9006794531718
2025-08-04,716.0458460685259
2025-08-05,713.9976361928337
2025-08-06,712.7893584516099
2025-08-07,712.3067647700294
2025-08-08,707.9660004957896
2025-08-11,707.2296438755454
2025-08-12,707.8477836703718
2025-08-13,712.265701237319
2025-08-14,708.1789894279688
2025-08-15,705.6592083347576
2025-08-18,704.5680285265903
2025-08-19,706.1769989192826
2025-08-20,706.882403793337
2025-08-21,705.1173485350389
2025-08-22,708.6397369348798
2025-08-25,707.4727392078968
2025-08-26,708.9489003092613
2025-08-27,711.0843943172925
2025-08-28,712.2490319592094
2025-08-29,710.6151950389426
2025-09-01,710.6151950389426
2025-09-02,706.435460439523
2025-09-03,711.1394204667009
2025-09-04,717.5271434028762
2025-09-05,726.0669118018619
2025-09-08,729.6778326486301
2025-09-09,719.6236075139988
2025-09-10,727.3242709978964
2025-09-11,730.5818603149506
2025-09-12,719.6804733983167
2025-09-15,726.108593542741
2025-09-16,729.6324630120716
2025-09-17,714.4657445476323
2025-09-18,711.4072630801559
2025-09-19,707.559156099658
2025-09-22,704.9910901441125
2025-09-23,708.7289982745716
2025-09-24,704.6853532831987
2025-09-25,701.43989328188
2025-09-26,700.7266242668953
2025-09-29,701.826021217842
2025-09-30,701.6756788388637
2025-10-01,702.6527210724487
2025-10-02,702.7496191770465
2025-10-03,700.4471008370087
2025-10-06,698.3459271973115
2025-10-07,700.9297898612538
2025-10-08,700.9297898612538
2025-10-09,699.8034823442613
2025-10-10,705.8020084618433
2025-10-13,705.108510009485
2025-10-14,706.7919669053166
2025-10-15,706.7553589349909
2025-10-16,714.9145688739692
2025-10-17,708.7919589543566
2025-10-20,712.9622924927149
2025-10-21,715.4773945851142
2025-10-22,717.579797243029
2025-10-23,707.8650727953457
2025-10-24,707.4047549432223
2025-10-27,709.8656455522704
2025-10-28,709.8656455522704
2025-10-29,692.6180381321494
2025-10-30,690.2882323509468
2025-10-31,691.5822626753627
2025-11-03,691.1369976526079
2025-11-04,691.5357217306946
2025-11-05,690.7194505176598
2025-11-06,691.5437590911368
2025-11-07,691.7106134007502
2025-11-10,692.1001581964022
2025-11-11,691.8031206370785
2025-11-12,691.79038642077
2025-11-13,691.140658890798
2025-11-14,690.3618192220187
2025-11-17,690.5283108150604
2025-11-18,691.1488728009178
2025-11-19,690.8274685713425
2025-11-20,691.4947292479495
2025-11-21,691.7042715553165
2025-11-24,692.7513679452129
2025-11-25,694.7783502228583
2025-11-26,694.7213103469663
2025-11-27,694.6927924558473
2025-11-28,688.9312697105424
2025-12-01,677.8492507813271
2025-12-02,678.7567713100273
2025-12-03,680.3198571363778
2025-12-04,677.905742578362
2025-12-05,675.738297174966
2025-12-08,674.2180804901469
2025-12-09,673.9373667057351
2025-12-10,672.1691961381731
2025-12-11,672.5311504488628
2025-12-12,673.6175223791815
2025-12-15,672.3483061315283
2025-12-16,670.1760765205333
2025-12-17,670.486978893271
2025-12-18,668.953379447419
2025-12-19,670.073583144004
2025-12-22,670.073583144004
2025-12-23,670.073583144004
2025-12-24,670.0497913871153
2025-12-25,670.0497913871153
2025-12-26,669.9054070512302
2025-12-29,669.5005353081328
2025-12-30,669.5896044303134
2025-12-31,668.2067481098527
2026-01-01,668.175430805192
2026-01-02,668.0914116174478
2026-01-05,668.2013324288052
2026-01-06,668.5854330950197
2026-01-07,667.7207744827876
2026-01-08,668.6571727461798
2026-01-09,669.0775321375252
2026-01-12,669.1977005019218
2026-01-13,669.1900657190179
2026-01-14,667.819945914456
2026-01-15,669.4035745529045
2026-01-16,670.99046942542
2026-01-19,670.923359059939
2026-01-20,675.8018584414903
2026-01-21,672.0069480084131
2026-01-22,674.1633490304325
2026-01-23,670.8731547970532
2026-01-26,669.1979764451343
2026-01-27,671.9641140394249
2026-01-28,671.6505036180963
2026-01-29,669.7696055155272
2026-01-30,668.5042908221745
2026-02-02,673.6700082773851
2026-02-03,673.6700082773851
2026-02-04,673.4161478059192
2026-02-05,665.0415010804581
2026-02-06,664.9700814323063
2026-02-09,664.2699574349845
2026-02-10,662.9277985656186
2026-02-11,663.0291760793214
2026-02-12,667.201991886005
2026-02-13,670.0935343478848
2026-02-16,670.0099685341544
2026-02-17,669.2880841886537
2026-02-18,665.293808830578
2026-02-19,665.7003711665193
2026-02-20,665.2935928443371
2026-02-23,677.0770708155916
2026-02-24,674.6729886277558
2026-02-25,671.4774625496663
2026-02-26,677.8421516157011
2026-02-27,689.4733225390795
2026-03-02,670.2763917042449
2026-03-03,668.1495940811416
2026-03-04,664.867108572487
2026-03-05,665.8363965599943
2026-03-06,660.2771106926201
2026-03-09,659.4953703966693
2026-03-10,659.6458859718397
2026-03-11,659.7339787130395
2026-03-12,659.7339787130395
2026-03-13,659.6779607364742
2026-03-16,657.4096545879273
2026-03-17,653.1492252808702
2026-03-18,652.6577465785489
2026-03-19,656.435528518048
2026-03-20,668.8457989077973
2026-03-23,665.4153437158062
2026-03-24,672.8348741508465
2026-03-25,673.087453031672
2026-03-26,673.4228600720795
2026-03-27,678.2855622270463
2026-03-30,664.6429081130516
2026-03-31,661.260535162746
2026-04-01,658.0121427659906
2026-04-02,657.6867297078751
2026-04-03,658.9151558374494
