,US10
1982-08-30,0.0
1982-08-31,0.0
1982-09-01,0.0
1982-09-02,0.0
1982-09-03,0.0
1982-09-06,0.0
1982-09-07,0.0
1982-09-08,0.0
1982-09-09,0.0
1982-09-10,0.0
1982-09-13,0.0
1982-09-14,0.0
1982-09-15,0.0
1982-09-16,0.0
1982-09-17,0.0
1982-09-20,-0.0030292573737211725
1982-09-21,0.2523276480336234
1982-09-22,0.23496523477615217
1982-09-23,0.8296014600838841
1982-09-24,-0.24866727377873543
1982-09-27,-0.09904027468939924
1982-09-28,1.2479571964823188
1982-09-29,1.1024132580123691
1982-09-30,1.9017542128335396
1982-10-01,4.09732234138116
1982-10-04,0.8083751015093288
1982-10-05,1.5185860206144763
1982-10-06,3.113669894247484
1982-10-07,6.413307330863405
1982-10-08,7.153623281844856
1982-10-11,11.000990773957486
1982-10-12,10.772051230486213
1982-10-13,11.685920653137739
1982-10-14,9.300300545620122
1982-10-15,7.496845586617384
1982-10-18,9.585329083973892
1982-10-19,10.448313550510191
1982-10-20,9.433569669764875
1982-10-21,9.64901701005223
1982-10-22,8.065959326969608
1982-10-25,5.147791906306098
1982-10-26,6.80308551814186
1982-10-27,6.472663472320117
1982-10-28,7.281190260563064
1982-10-29,7.975165460061073
1982-11-01,8.54442965817752
1982-11-02,8.536741442227381
1982-11-03,9.503396795697206
1982-11-04,9.749890534195039
1982-11-05,8.767347650620483
1982-11-08,8.124940503559008
1982-11-09,8.548218138439335
1982-11-10,8.683903411112382
1982-11-11,7.325354618473479
1982-11-12,8.05598851021385
1982-11-15,7.347779960976486
1982-11-16,6.373492746784248
1982-11-17,7.612925654520186
1982-11-18,8.298958055567752
1982-11-19,8.416024530932509
1982-11-22,7.984384736538264
1982-11-23,7.336478428119042
1982-11-24,7.175473710476865
1982-11-25,7.173167459017593
1982-11-26,6.5200809698142015
1982-11-29,4.9106730412842525
1982-11-30,4.993146434454454
1982-12-01,5.018169458723665
1982-12-02,5.050987636679505
1982-12-03,5.169169997770773
1982-12-06,5.1589604005480405
1982-12-07,5.081010505068129
1982-12-08,4.177970571040213
1982-12-09,4.390624146338706
1982-12-10,3.70556067537835
1982-12-13,4.180682912837641
1982-12-14,4.473691083530018
1982-12-15,4.389874569808128
1982-12-16,4.0157880562951
1982-12-17,4.152308778118985
1982-12-20,4.015608872847709
1982-12-21,4.764290547696715
1982-12-22,4.622414084319604
1982-12-23,4.986418451235841
1982-12-24,4.979911918565683
1982-12-27,5.491688989168697
1982-12-28,5.480904669219511
1982-12-29,5.030462562852156
1982-12-30,5.089542198043762
1982-12-31,5.089542198043762
1983-01-03,6.626476752690169
1983-01-04,6.015976470368423
1983-01-05,6.092175453456505
1983-01-06,5.787160449027828
1983-01-07,5.939229492173315
1983-01-10,6.091517134568303
1983-01-11,7.159063025734902
1983-01-12,7.388031805876616
1983-01-13,7.623395120660681
1983-01-14,8.073270227423235
1983-01-17,8.067033218411247
1983-01-18,8.064964425417243
1983-01-19,5.945493275171887
1983-01-20,5.372535424768055
1983-01-21,2.690583331923979
1983-01-24,1.295038463241216
1983-01-25,1.7313764475795024
1983-01-26,1.7695257137473552
1983-01-27,1.7599848207116908
1983-01-28,1.7822448173912209
1983-01-31,1.8216575839028248
1983-02-01,1.7929249769804034
1983-02-02,1.791005880336738
1983-02-03,2.0963788979777354
1983-02-04,2.3439530512780804
1983-02-07,2.0657325119335823
1983-02-08,2.0657325119335823
1983-02-09,2.1741773527275132
1983-02-10,0.9800166549175149
1983-02-11,0.42675163229750623
1983-02-14,0.38684801275499225
1983-02-15,0.36516130486841103
1983-02-16,0.4906177564995007
1983-02-17,0.7381653342358518
1983-02-18,1.1182187921750408
1983-02-21,1.0997746528771168
1983-02-22,2.6794586318283242
1983-02-23,1.9388084336599665
1983-02-24,2.936722443426709
1983-02-25,6.722323485913018
1983-02-28,5.388294442339103
1983-03-01,7.232589595080041
1983-03-02,7.092723569277504
1983-03-03,7.808388826771506
1983-03-04,6.136843540687509
1983-03-07,2.2396313169278814
1983-03-08,0.2578825430643139
1983-03-09,0.33692576844850386
1983-03-10,-0.12760672155548436
1983-03-11,-0.43126742550739783
1983-03-14,0.45016087246971814
1983-03-15,0.7891801654142938
1983-03-16,0.40042978856069666
1983-03-17,0.1745288215364349
1983-03-18,0.34357333892278685
1983-03-21,0.06135703890706168
1983-03-22,-0.10749650109609377
1983-03-23,0.6229674307396404
1983-03-24,0.9625699458183812
1983-03-25,0.04682420769430706
1983-03-28,0.18263989613793719
1983-03-29,0.5771090407289625
1983-03-30,0.7751202241529143
1983-03-31,0.4444518609174164
1983-04-01,0.4444518609174164
1983-04-04,0.9058685616535112
1983-04-05,2.294739237211796
1983-04-06,2.4899126928741744
1983-04-07,1.7843663892698203
1983-04-08,1.0782373474442553
1983-04-11,3.415671586103919
1983-04-12,3.1765228455610472
1983-04-13,4.011607827342312
1983-04-14,6.650319502354063
1983-04-15,5.819574951016104
1983-04-18,7.061162209563299
1983-04-19,3.1996703810238447
1983-04-20,3.8494499476417587
1983-04-21,2.28818571234668
1983-04-22,2.3975455922220945
1983-04-25,2.9892780827376786
1983-04-26,3.6426163155750535
1983-04-27,5.0497671672816935
1983-04-28,5.13593485345587
1983-04-29,5.734972046398434
1983-05-02,5.864944488311541
1983-05-03,6.637115559824203
1983-05-04,9.462583134169055
1983-05-05,7.421606277368853
1983-05-06,8.41189921023835
1983-05-09,4.614094866029683
1983-05-10,7.291900217786784
1983-05-11,6.82920389809758
1983-05-12,5.754235033872979
1983-05-13,6.358834838715666
1983-05-16,2.4102630953283466
1983-05-17,1.6383769613418364
1983-05-18,1.4804352595436443
1983-05-19,0.7159467498655259
1983-05-20,0.48071505088413957
1983-05-23,0.4080491980314349
1983-05-24,0.3937067301501562
1983-05-25,0.40625594349141814
1983-05-26,0.5443145454137044
1983-05-27,0.551952442558501
1983-05-30,0.547022807197739
1983-05-31,1.5210720906424724
1983-06-01,1.147347150167688
1983-06-02,1.3021064219968181
1983-06-03,1.5585273788775167
1983-06-06,0.8713640160590064
1983-06-07,2.1070382252557307
1983-06-08,3.5365367604093034
1983-06-09,2.5299186319561073
1983-06-10,2.7477947090490007
1983-06-13,-0.41812171542356946
1983-06-14,0.28774688692772
1983-06-15,0.058942497542879835
1983-06-16,-0.4160886210477499
1983-06-17,-0.2629656706575778
1983-06-20,-0.48737399789859914
1983-06-21,-0.43225982877583835
1983-06-22,-0.411894609577923
1983-06-23,-0.3925785141608906
1983-06-24,0.051462412258285184
1983-06-27,0.5426108341617608
1983-06-28,-0.22408944404385123
1983-06-29,-1.3091524713398695
1983-06-30,-2.11685521834748
1983-07-01,-2.3754709165485277
1983-07-04,-2.380733555974257
1983-07-05,-0.047022967546761496
1983-07-06,-0.40544151093321323
1983-07-07,1.2040098554796597
1983-07-08,2.801933623418229
1983-07-11,0.9977168589748064
1983-07-12,4.709382953542129
1983-07-13,4.228374225599296
1983-07-14,3.2707760374016015
1983-07-15,5.800910050317931
1983-07-18,1.9127266059687509
1983-07-19,0.8034973653312516
1983-07-20,-0.25383391473833283
1983-07-21,0.7042383972599264
1983-07-22,2.1203917497214064
1983-07-25,1.3995468528467114
1983-07-26,2.426217264731778
1983-07-27,2.681306626582969
1983-07-28,4.794910107302908
1983-07-29,6.4073595927396365
1983-08-01,6.5268711777613175
1983-08-02,6.060213827870831
1983-08-03,6.229247293659013
1983-08-04,10.798960506767585
1983-08-05,10.258815574297087
1983-08-08,12.225207305184217
1983-08-09,11.256206038071092
1983-08-10,12.869421025623119
1983-08-11,9.797713529790798
1983-08-12,5.471484378220559
1983-08-15,-0.09530995870085102
1983-08-16,-0.6708255600460178
1983-08-17,-1.852220659773518
1983-08-18,-1.2187835927687019
1983-08-19,-1.0459164640560514
1983-08-22,-1.846826077675101
1983-08-23,-1.7045869473157116
1983-08-24,-1.7168738739473
1983-08-25,-1.6813576650615003
1983-08-26,-1.6813576650615003
1983-08-29,-1.6813576650615003
1983-08-30,-1.6947518899658398
1983-08-31,-1.3341543295463776
1983-09-01,-1.8355471642484855
1983-09-02,-1.3631307349764255
1983-09-05,-1.3644711605073634
1983-09-06,-3.4912997511089228
1983-09-07,-4.750577821788305
1983-09-08,-4.537897448812522
1983-09-09,-4.684073793344023
1983-09-12,-5.041157821606013
1983-09-13,-5.00448944539531
1983-09-14,-5.068146728548739
1983-09-15,-5.124179565193588
1983-09-16,-5.130806152726775
1983-09-19,-5.190099398881321
1983-09-20,-5.3705151281499
1983-09-21,-5.306153007463665
1983-09-22,-5.2588060839674045
1983-09-23,-5.141712170755152
1983-09-26,-5.062137093493623
1983-09-27,-5.30617517416585
1983-09-28,-5.5281138261014
1983-09-29,-5.5281138261014
1983-09-30,-5.218127949593299
1983-10-03,-5.395843959687808
1983-10-04,-5.395843959687808
1983-10-05,-4.420238600522097
1983-10-06,-4.422881581350435
1983-10-07,-4.731497182282107
1983-10-10,-5.38646813915391
1983-10-11,-6.690037529951487
1983-10-12,-6.8643812555915895
1983-10-13,-6.988568806760598
1983-10-14,-7.032825943013499
1983-10-17,-7.311727465184459
1983-10-18,-7.145712182990726
1983-10-19,-7.145712182990726
1983-10-20,-7.149583734185061
1983-10-21,-7.072531281489114
1983-10-24,-7.497288994542151
1983-10-25,-7.639161405473837
1983-10-26,-7.64699776017741
1983-10-27,-7.63227744028856
1983-10-28,-7.587382772274309
1983-10-31,-7.406736105914247
1983-11-01,-7.672301198929398
1983-11-02,-7.591514462478466
1983-11-03,-7.22765605067448
1983-11-04,-6.700013344462685
1983-11-07,-6.831401041894047
1983-11-08,-7.07723874656605
1983-11-09,-6.8217011531191085
1983-11-10,-8.038842681806491
1983-11-11,-9.310913490355466
1983-11-14,-8.73881090701747
1983-11-15,-8.723213634211524
1983-11-16,-8.717508835063658
1983-11-17,-8.717508835063658
1983-11-18,-8.700393367970227
1983-11-21,-8.782764638704577
1983-11-22,-8.94239480058685
1983-11-23,-8.93202393303415
1983-11-24,-8.93450239267175
1983-11-25,-8.775137771858931
1983-11-28,-9.101897945242355
1983-11-29,-8.707947898878244
1983-11-30,-8.959001042156334
1983-12-01,-9.022833561850085
1983-12-02,-9.59392837749754
1983-12-05,-9.609994266153144
1983-12-06,-9.629057002619778
1983-12-07,-9.477790942341413
1983-12-08,-9.05843089498738
1983-12-09,-8.990075335504532
1983-12-12,-9.388791296363486
1983-12-13,-8.437373604975306
1983-12-14,-8.119399768111624
1983-12-15,-8.556349717215273
1983-12-16,-9.756547627176825
1983-12-19,-9.960074630908233
1983-12-20,-9.96618019730352
1983-12-21,-10.248756163387718
1983-12-22,-10.994039362131103
1983-12-23,-10.839137061984506
1983-12-26,-10.840335988923522
1983-12-27,-11.066021388451553
1983-12-28,-10.777760713245776
1983-12-29,-10.765010869906178
1983-12-30,-10.765010869906178
1984-01-02,-10.767391987745933
1984-01-03,-10.728352721740563
1984-01-04,-10.80719516410319
1984-01-05,-10.809570696467652
1984-01-06,-11.007051330221984
1984-01-09,-10.94860635094459
1984-01-10,-10.970869199356848
1984-01-11,-10.964044019358198
1984-01-12,-11.005779623724122
1984-01-13,-10.57471386877653
1984-01-16,-10.544771107990503
1984-01-17,-10.807111269788871
1984-01-18,-11.141584602527166
1984-01-19,-10.941653167882848
1984-01-20,-11.208828208379195
1984-01-23,-11.010219271563448
1984-01-24,-11.074180676462008
1984-01-25,-11.074180676462008
1984-01-26,-10.882434378545625
1984-01-27,-10.946487628836044
1984-01-30,-11.138509264886364
1984-01-31,-11.138509264886364
1984-02-01,-10.94806885946278
1984-02-02,-10.213390427553337
1984-02-03,-10.341567868164558
1984-02-06,-11.000735318890499
1984-02-07,-11.16204648612501
1984-02-08,-11.249440832784686
1984-02-09,-11.508038450709146
1984-02-10,-12.123293330358143
1984-02-13,-12.641320531103538
1984-02-14,-12.710810510948367
1984-02-15,-12.884194313635478
1984-02-16,-12.884194313635478
1984-02-17,-12.123054856381732
1984-02-20,-12.124170706628712
1984-02-21,-12.398782673170505
1984-02-22,-12.234530390682696
1984-02-23,-11.194546309291365
1984-02-24,-11.879697679112677
1984-02-27,-11.0370472881692
1984-02-28,-10.658954739143912
1984-02-29,-11.611602229369378
1984-03-01,-11.202805889680201
1984-03-02,-12.126851690890717
1984-03-05,-10.714322270878295
1984-03-06,-10.401822398826365
1984-03-07,-9.151937764847473
1984-03-08,-8.890756289583134
1984-03-09,-8.422688333237026
1984-03-12,-9.01336861256562
1984-03-13,-8.68922873824789
1984-03-14,-7.550697559077912
1984-03-15,-7.720844011180694
1984-03-16,-6.650277219037292
1984-03-19,-4.0419950948646814
1984-03-20,-4.463648740289317
1984-03-21,-4.69500400248587
1984-03-22,-3.743064803664886
1984-03-23,-3.0165774167790205
1984-03-26,-4.309079028236695
1984-03-27,-3.7767982803312727
1984-03-28,-6.72062685794238
1984-03-29,-8.29108706299978
1984-03-30,-4.385206595564261
1984-04-02,-4.199952933343177
1984-04-03,-2.343827021426703
1984-04-04,-1.7862166825252657
1984-04-05,-3.103660297404409
1984-04-06,-7.463995584021211
1984-04-09,-8.419719415080495
1984-04-10,-7.553314652238175
1984-04-11,-7.917323475794991
1984-04-12,-9.125908605175182
1984-04-13,-6.633483205429968
1984-04-16,-6.108296548460512
1984-04-17,-6.647002000102631
1984-04-18,-4.31317705010521
1984-04-19,-3.2421077005454046
1984-04-20,-3.254009758619425
1984-04-23,-3.254009758619425
1984-04-24,-4.273022380377123
1984-04-25,-5.155505455308029
1984-04-26,-6.031907000741543
1984-04-27,-3.6936814291830045
1984-04-30,-3.0676903584726967
1984-05-01,-2.91220300710493
1984-05-02,-2.7524268116142725
1984-05-03,-2.402943231465393
1984-05-04,1.499876195802874
1984-05-07,3.3533394805203898
1984-05-08,1.3951680841021608
1984-05-09,5.5428641785424615
1984-05-10,6.558714246260933
1984-05-11,16.302176680153412
1984-05-14,17.686548883554853
1984-05-15,14.339837649678767
1984-05-16,11.050778469158985
1984-05-17,15.557542564016803
1984-05-18,13.353509181743695
1984-05-21,12.28726441237782
1984-05-22,14.285028259276956
1984-05-23,14.088600866956313
1984-05-24,19.383025000938492
1984-05-25,20.40897287204031
1984-05-28,20.405217228432914
1984-05-29,23.24226515937786
1984-05-30,26.146161032195693
1984-05-31,24.088401780358005
1984-06-01,14.417261966601359
1984-06-04,9.205048439798503
1984-06-05,8.819681272165102
1984-06-06,10.08670009149224
1984-06-07,10.582090241903952
1984-06-08,9.958840604332476
1984-06-11,10.807585405247156
1984-06-12,10.410366743832844
1984-06-13,9.17860108984696
1984-06-14,8.390468063229628
1984-06-15,6.534929807315781
1984-06-18,6.68151605627052
1984-06-19,6.945825943248152
1984-06-20,7.336846619353143
1984-06-21,7.414958822405904
1984-06-22,7.625698991346619
1984-06-25,7.365144101581689
1984-06-26,7.904093229349973
1984-06-27,7.416053116716004
1984-06-28,7.852430832502666
1984-06-29,8.464608003811458
1984-07-02,8.460990488019515
1984-07-03,6.832861724323225
1984-07-04,6.832861724323225
1984-07-05,6.729367389527785
1984-07-06,6.311010054892319
1984-07-09,3.2599892172538114
1984-07-10,3.5766036619091723
1984-07-11,3.7684286070433393
1984-07-12,3.3014706783116576
1984-07-13,2.936325039358212
1984-07-16,2.9142796231797607
1984-07-17,2.91189374876919
1984-07-18,2.9569177022842785
1984-07-19,3.0212657758482253
1984-07-20,2.9094383462871187
1984-07-23,3.0252114644266914
1984-07-24,2.9994551615605936
1984-07-25,3.514452437368387
1984-07-26,3.7540928045699307
1984-07-27,3.598232308647864
1984-07-30,2.7164038808508373
1984-07-31,3.7564074701444516
1984-08-01,4.456763220567939
1984-08-02,4.866799068967254
1984-08-03,6.170522811020462
1984-08-06,4.704182427485337
1984-08-07,5.322591504947671
1984-08-08,5.4114574415299765
1984-08-09,5.945102944827729
1984-08-10,5.319364680559846
1984-08-13,4.2530061131691665
1984-08-14,4.950362563604771
1984-08-15,4.281777276202603
1984-08-16,4.9232158496507195
1984-08-17,4.9855140090614425
1984-08-20,4.923178860118571
1984-08-21,5.733054646945113
1984-08-22,5.352521911365771
1984-08-23,4.917942758481386
1984-08-24,5.278598186713657
1984-08-27,3.686259389139601
1984-08-28,3.818663318660942
1984-08-29,3.5877430932339527
1984-08-30,3.655160634793164
1984-08-31,3.836557165904053
1984-09-03,3.836557165904053
1984-09-04,3.4990883551148766
1984-09-05,3.340042775197394
1984-09-06,3.6578866480984296
1984-09-07,3.699390575499928
1984-09-10,3.8692753024139437
1984-09-11,4.237431208961984
1984-09-12,4.3704241597917415
1984-09-13,5.832937022246365
1984-09-14,6.612165930543346
1984-09-17,6.7374705963506365
1984-09-18,7.347229816684608
1984-09-19,10.795078211840403
1984-09-20,9.89209026791058
1984-09-21,5.624171267064981
1984-09-24,3.3889515093353584
1984-09-25,2.264628961620918
1984-09-26,3.3090158508880307
1984-09-27,5.326770066725683
1984-09-28,3.184625562358123
1984-10-01,2.6569718129293207
1984-10-02,2.577932540272676
1984-10-03,2.392589977376547
1984-10-04,2.663259447137567
1984-10-05,3.638560411885372
1984-10-08,3.9454668732794795
1984-10-09,3.75361118123545
1984-10-10,3.4396739190419856
1984-10-11,4.196076534574988
1984-10-12,4.701345997992279
1984-10-15,3.688192828265824
1984-10-16,3.9992574067506004
1984-10-17,5.143249238224845
1984-10-18,7.875598279789364
1984-10-19,9.64706014076
1984-10-22,10.30375335061371
1984-10-23,12.239194860241653
1984-10-24,13.534588155097605
1984-10-25,10.899586569524367
1984-10-26,7.094344505357575
1984-10-29,7.487129340370968
1984-10-30,12.858607620203898
1984-10-31,11.672080126071238
1984-11-01,15.116465847459759
1984-11-02,14.609233919819387
1984-11-05,17.13114477217954
1984-11-06,17.664505140429387
1984-11-07,12.686804737056612
1984-11-08,8.528653880421832
1984-11-09,11.256465056349207
1984-11-12,11.033952126236501
1984-11-13,9.701544700721666
1984-11-14,9.341021469048538
1984-11-15,10.528612935045478
1984-11-16,11.012175616636299
1984-11-19,12.079150666274408
1984-11-20,13.188769372325204
1984-11-21,15.58469067807744
1984-11-22,15.575152774145318
1984-11-23,20.39319195541751
1984-11-26,19.687575581204907
1984-11-27,19.68425621715579
1984-11-28,16.121981413965347
1984-11-29,15.294612296390842
1984-11-30,9.542666089655727
1984-12-03,9.701902782957239
1984-12-04,10.537161798086082
1984-12-05,10.31608747448991
1984-12-06,8.992294424796032
1984-12-07,7.136347386539388
1984-12-10,8.125604561612265
1984-12-11,8.936546595824368
1984-12-12,9.411603500283583
1984-12-13,7.679004186014726
1984-12-14,9.397547391391626
1984-12-17,10.375287971202196
1984-12-18,12.645390935399647
1984-12-19,11.537296557457765
1984-12-20,11.425759260900303
1984-12-21,11.758433558950454
1984-12-24,12.333081097287145
1984-12-25,12.328237145326026
1984-12-26,9.600767137141087
1984-12-27,8.959263371237958
1984-12-28,9.499361889094615
1984-12-31,7.613919751566778
1985-01-01,7.603033322202113
1985-01-02,6.1974686994308525
1985-01-03,7.272517071931062
1985-01-04,7.091494699372181
1985-01-07,8.055318151666512
1985-01-08,8.19454385527374
1985-01-09,8.070028792864603
1985-01-10,7.989171254617711
1985-01-11,6.470573533849655
1985-01-14,6.134726717150185
1985-01-15,7.121743449972362
1985-01-16,7.322596718941066
1985-01-17,7.522257287238032
1985-01-18,8.648157538398893
1985-01-21,8.40454091993763
1985-01-22,10.954131906102415
1985-01-23,11.391559777010961
1985-01-24,15.01605458193227
1985-01-25,13.654101577268719
1985-01-28,13.338265985621423
1985-01-29,13.175342228267084
1985-01-30,13.338031782720217
1985-01-31,11.870102451089748
1985-02-01,8.090990552663868
1985-02-04,7.592914201927248
1985-02-05,8.252464363154811
1985-02-06,6.7809074257181745
1985-02-07,6.386152735002293
1985-02-08,7.339147409515934
1985-02-11,6.775616885615987
1985-02-12,6.845688384197168
1985-02-13,6.845688384197168
1985-02-14,7.967568112231227
1985-02-15,6.800595873939441
1985-02-18,6.800595873939441
1985-02-19,7.21778570157201
1985-02-20,4.956160534429466
1985-02-21,3.7055414721391955
1985-02-22,3.1948574931240037
1985-02-25,3.1639658407762283
1985-02-26,2.9984597979408667
1985-02-27,3.7194490165264327
1985-02-28,3.8188899701432577
1985-03-01,3.4577278968505043
1985-03-04,4.04614372426384
1985-03-05,3.4543812818320863
1985-03-06,3.8617329081293006
1985-03-07,4.31612798960237
1985-03-08,2.718787279761581
1985-03-11,2.662280181893739
1985-03-12,2.8090603240433776
1985-03-13,2.860464854205391
1985-03-14,2.859012714593745
1985-03-15,2.8753939690019825
1985-03-18,3.0268410660211797
1985-03-19,2.8665586643717544
1985-03-20,2.480809069380352
1985-03-21,2.2231829160849426
1985-03-22,2.3871759728808506
1985-03-25,2.3007867931537307
1985-03-26,2.1430653906201247
1985-03-27,2.131649028638316
1985-03-28,2.4380439757242245
1985-03-29,2.924624684608923
1985-04-01,2.8373689788800727
1985-04-02,2.545264504635325
1985-04-03,2.4907873328672503
1985-04-04,2.2185461790143135
1985-04-05,2.2185461790143135
1985-04-08,2.164242576356723
1985-04-09,3.0827730275000853
1985-04-10,3.7127613928381598
1985-04-11,4.819616192888154
1985-04-12,4.65759041915641
1985-04-15,5.564444534567703
1985-04-16,7.86795882934983
1985-04-17,6.547473505508883
1985-04-18,9.554110023492468
1985-04-19,9.10948674412122
1985-04-22,10.334003811534709
1985-04-23,7.574583381335276
1985-04-24,7.400633962851999
1985-04-25,4.773090724303275
1985-04-26,6.197925594051612
1985-04-29,4.445659821749759
1985-04-30,5.728111982987727
1985-05-01,6.415344710877147
1985-05-02,6.932655689590361
1985-05-03,8.098204257897068
1985-05-06,8.521734651766732
1985-05-07,8.514320130490338
1985-05-08,5.886648426862706
1985-05-09,8.559599239747051
1985-05-10,11.952086715989152
1985-05-13,11.67064896687091
1985-05-14,15.670573458827342
1985-05-15,14.68973979447119
1985-05-16,17.611118433309514
1985-05-17,16.48162433089153
1985-05-20,25.16314539430329
1985-05-21,23.912157448889438
1985-05-22,22.963454993421383
1985-05-23,23.528318364797407
1985-05-24,25.041540264766194
1985-05-27,25.041540264766194
1985-05-28,29.828286728026775
1985-05-29,29.828286728026775
1985-05-30,32.41081572000801
1985-05-31,34.89163036992229
1985-06-03,43.920938877808965
1985-06-04,43.91675697100874
1985-06-05,52.29091326725932
1985-06-06,48.784006517836545
1985-06-07,38.74108607788258
1985-06-10,40.0921817904875
1985-06-11,42.91817560475026
1985-06-12,41.10043505877734
1985-06-13,39.63210865644695
1985-06-14,45.60360183810219
1985-06-17,45.43979778603433
1985-06-18,48.05771414618296
1985-06-19,43.22272378086662
1985-06-20,40.326940519163415
1985-06-21,34.94830452880442
1985-06-24,32.312194069980734
1985-06-25,31.604900683715552
1985-06-26,31.290161478338895
1985-06-27,32.814311259142606
1985-06-28,33.49913505157256
1985-07-01,34.130917240282585
1985-07-02,33.585808615618774
1985-07-03,33.41668925736179
1985-07-04,33.41668925736179
1985-07-05,37.96953377826926
1985-07-08,36.21975150850454
1985-07-09,36.65395196643788
1985-07-10,35.637588198687496
1985-07-11,32.034714762159865
1985-07-12,32.30020152571675
1985-07-15,32.29804631238762
1985-07-16,33.58795226393339
1985-07-17,34.67335437607784
1985-07-18,30.292050986551345
1985-07-19,30.274999999678887
1985-07-22,28.64227903708507
1985-07-23,28.55936368515335
1985-07-24,28.13732360327461
1985-07-25,28.003080052786512
1985-07-26,27.680970932671343
1985-07-29,27.20994026123531
1985-07-30,27.287155918641147
1985-07-31,27.557641124968256
1985-08-01,27.81275640721819
1985-08-02,27.336812000247267
1985-08-05,27.69284976144437
1985-08-06,27.54919530546274
1985-08-07,28.19491310669664
1985-08-08,28.949944784871295
1985-08-09,29.179051598113226
1985-08-12,29.297649912913883
1985-08-13,27.850922493697517
1985-08-14,29.32120810237504
1985-08-15,29.5071073390222
1985-08-16,31.147353589688652
1985-08-19,31.890681628208473
1985-08-20,32.341481070484626
1985-08-21,33.972688209932535
1985-08-22,34.416111861260035
1985-08-23,33.73747885177243
1985-08-26,32.65704911591612
1985-08-27,35.57550419646627
1985-08-28,34.27058996857528
1985-08-29,35.56294439702281
1985-08-30,30.712164132693907
1985-09-02,30.693053447650477
1985-09-03,31.750850348992387
1985-09-04,33.72696634935208
1985-09-05,31.240480568793828
1985-09-06,25.494366070958073
1985-09-09,25.45301977416856
1985-09-10,25.650680674101366
1985-09-11,25.532883160969398
1985-09-12,25.415196083005974
1985-09-13,26.15984880974882
1985-09-16,26.435823479020137
1985-09-17,25.990909962607024
1985-09-18,25.813735245472103
1985-09-19,25.99066081066106
1985-09-20,26.699358277721032
1985-09-23,26.336845392692652
1985-09-24,27.189619099093342
1985-09-25,27.82318803104904
1985-09-26,28.731528946966666
1985-09-27,27.14200967445166
1985-09-30,27.54727483028896
1985-10-01,28.224869727824874
1985-10-02,26.726241562880926
1985-10-03,27.399474721183736
1985-10-04,26.31657918605368
1985-10-07,24.70198653321598
1985-10-08,25.31147903897486
1985-10-09,24.919880666978056
1985-10-10,25.601031209473746
1985-10-11,25.88363352969507
1985-10-14,26.825752552365433
1985-10-15,27.209945600376283
1985-10-16,28.553377435128535
1985-10-17,29.728170291242463
1985-10-18,30.603548626656043
1985-10-21,30.378869575350276
1985-10-22,33.21046231806177
1985-10-23,32.947978831671
1985-10-24,32.393238905642875
1985-10-25,29.82398261313024
1985-10-28,26.46272720991789
1985-10-29,36.37735378445264
1985-10-30,39.58619740070566
1985-10-31,40.20766814321808
1985-11-01,40.19431429910097
1985-11-04,40.936802586590225
1985-11-05,43.83691235692895
1985-11-06,44.11783271414078
1985-11-07,45.554486799546744
1985-11-08,49.755085770683685
1985-11-11,48.500886927354216
1985-11-12,55.64979627832896
1985-11-13,52.342238107414474
1985-11-14,50.399874571544935
1985-11-15,46.51075998002923
1985-11-18,58.03016848345901
1985-11-19,58.007742561298706
1985-11-20,57.716415785951305
1985-11-21,59.46115363558337
1985-11-22,55.93307561139611
1985-11-25,55.93307561139611
1985-11-26,56.508078827713135
1985-11-27,59.6822583014377
1985-11-28,59.67724811566395
1985-11-29,62.11232614942783
1985-12-02,55.31374047153621
1985-12-03,56.485776510887334
1985-12-04,60.31967803540405
1985-12-05,60.60023747196599
1985-12-06,59.75457331458105
1985-12-09,70.28339816209517
1985-12-10,75.74310961566736
1985-12-11,84.82133962175169
1985-12-12,80.52969492273418
1985-12-13,82.32370876602883
1985-12-16,85.94739247775367
1985-12-17,93.0308259599531
1985-12-18,89.19433829399905
1985-12-19,89.50769141679847
1985-12-20,93.90190101152547
1985-12-23,91.6538508466731
1985-12-24,91.9712775371379
1985-12-25,91.9712775371379
1985-12-26,93.8789921076632
1985-12-27,97.41122499512467
1985-12-30,95.11933813101501
1985-12-31,96.104029861215
1986-01-01,96.10091452554074
1986-01-02,93.69867832260287
1986-01-03,93.69867832260287
1986-01-06,92.67870716374544
1986-01-07,101.94534873640184
1986-01-08,88.27617294380663
1986-01-09,81.1936701631453
1986-01-10,77.92533254164363
1986-01-13,71.10202557850852
1986-01-14,74.06222121236803
1986-01-15,75.80284342449171
1986-01-16,76.15444911134068
1986-01-17,77.02362406195076
1986-01-20,76.79069001397085
1986-01-21,77.44787843720935
1986-01-22,76.0003110899163
1986-01-23,77.54031381195307
1986-01-24,77.69276570508362
1986-01-27,81.55187668633668
1986-01-28,84.70599981868712
1986-01-29,82.46589492666601
1986-01-30,82.23211049879123
1986-01-31,83.63301984825068
1986-02-03,86.92100935719091
1986-02-04,90.4254466605228
1986-02-05,85.66154414952467
1986-02-06,82.47048635945471
1986-02-07,77.61180045590068
1986-02-10,82.95079259464835
1986-02-11,87.07861985256511
1986-02-12,87.74213983344607
1986-02-13,90.93071975881624
1986-02-14,99.76224267657989
1986-02-17,99.76224267657989
1986-02-18,101.5601028606691
1986-02-19,96.72266039201303
1986-02-20,99.67350029789321
1986-02-21,111.0548898148731
1986-02-24,118.64958618898225
1986-02-25,116.07705989199752
1986-02-26,120.1149999487292
1986-02-27,135.6193502576178
1986-02-28,137.29466674139076
1986-03-03,145.50357911897572
1986-03-04,148.33454226569143
1986-03-05,132.10743201951766
1986-03-06,136.5535190892299
1986-03-07,141.20327419882753
1986-03-10,154.03227334527764
1986-03-11,155.1989545976319
1986-03-12,156.03632616740538
1986-03-13,152.39580965471256
1986-03-14,155.156388822811
1986-03-17,152.36561582006146
1986-03-18,147.11715441677055
1986-03-19,149.89722240395923
1986-03-20,152.14629740559485
1986-03-21,147.88736629253006
1986-03-24,156.19933954352646
1986-03-25,156.49557002987368
1986-03-26,161.5332443418462
1986-03-27,169.60808326090068
1986-03-28,169.60808326090068
1986-03-31,176.97175403496405
1986-04-01,176.31394611913103
1986-04-02,177.95456017421336
1986-04-03,171.67886542103804
1986-04-04,166.71223616255966
1986-04-07,166.70806953565284
1986-04-08,181.37701336011372
1986-04-09,185.94938982721558
1986-04-10,184.8770796153635
1986-04-11,179.53563437257546
1986-04-14,188.96996203264985
1986-04-15,184.27420014961928
1986-04-16,203.46270865971854
1986-04-17,196.24056798317443
1986-04-18,190.41758931875515
1986-04-21,191.08917999405475
1986-04-22,175.27030236875282
1986-04-23,166.63000301088874
1986-04-24,161.4283781169312
1986-04-25,159.51886174876387
1986-04-28,163.14320466620248
1986-04-29,165.79108316315617
1986-04-30,165.661048271682
1986-05-01,162.68805081213284
1986-05-02,160.19251432941758
1986-05-05,164.8226373581801
1986-05-06,163.4819727565543
1986-05-07,161.40705222109645
1986-05-08,163.0245083567145
1986-05-09,160.21343392365216
1986-05-12,154.21226160378794
1986-05-13,157.0403698766603
1986-05-14,156.51022411378972
1986-05-15,153.68861164853803
1986-05-16,150.70406668584306
1986-05-19,150.6771419306446
1986-05-20,150.8763076171399
1986-05-21,150.8763076171399
1986-05-22,150.87179627890896
1986-05-23,150.9692082913308
1986-05-26,150.95569028657417
1986-05-27,151.81835047193425
1986-05-28,151.55508852935137
1986-05-29,146.3667648284335
1986-05-30,145.1535337134545
1986-06-02,143.1812311040515
1986-06-03,143.49493486284962
1986-06-04,145.35919295789333
1986-06-05,144.36242123650186
1986-06-06,141.91879702413686
1986-06-09,143.74587852095954
1986-06-10,143.74587852095954
1986-06-11,143.74587852095954
1986-06-12,143.73572646667645
1986-06-13,144.60403499221397
1986-06-16,144.8737271519584
1986-06-17,144.94995654953215
1986-06-18,144.80697200040495
1986-06-19,141.8181300332664
1986-06-20,144.9716451254502
1986-06-23,146.11994971197575
1986-06-24,146.6583371019707
1986-06-25,146.64765535334493
1986-06-26,146.92513396561745
1986-06-27,148.21614112145207
1986-06-30,148.7149528089786
1986-07-01,148.49194100230258
1986-07-02,148.02063609578303
1986-07-03,151.61693531917186
1986-07-04,151.60599931606598
1986-07-07,149.62460207145196
1986-07-08,146.67591145948293
1986-07-09,149.86192843869867
1986-07-10,149.59645013973253
1986-07-11,149.7290482538693
1986-07-14,150.9230652658331
1986-07-15,154.11687449515966
1986-07-16,152.38497456718378
1986-07-17,152.5506022067435
1986-07-18,153.37928387023436
1986-07-21,155.36912773533538
1986-07-22,153.07565460765738
1986-07-23,149.84894001140975
1986-07-24,146.47052379368012
1986-07-25,147.33477850234863
1986-07-28,141.02001243871052
1986-07-29,145.55157143127695
1986-07-30,146.0119806277106
1986-07-31,147.31891927479532
1986-08-01,147.83811929585943
1986-08-04,147.93562081034855
1986-08-05,146.6850000635658
1986-08-06,144.32607475045796
1986-08-07,146.11270917207068
1986-08-08,150.2658611393494
1986-08-11,152.0903860623244
1986-08-12,153.25988802585044
1986-08-13,156.47210963268412
1986-08-14,155.15096846628705
1986-08-15,155.3558895712553
1986-08-18,156.58714817253775
1986-08-19,160.68124936715282
1986-08-20,163.43955999589645
1986-08-21,163.41649686740797
1986-08-22,154.8438725218864
1986-08-25,158.1606766281598
1986-08-26,165.0261371222399
1986-08-27,157.97809828814536
1986-08-28,160.94958885415647
1986-08-29,166.37244749753188
1986-09-01,166.37244749753188
1986-09-02,158.7974810218208
1986-09-03,148.8788159775281
1986-09-04,150.35197131064487
1986-09-05,145.91042368426633
1986-09-08,142.80332157630937
1986-09-09,144.05068760058012
1986-09-10,144.32524462413082
1986-09-11,142.0576009474631
1986-09-12,140.81017518202717
1986-09-15,141.49766698231215
1986-09-16,141.49766698231215
1986-09-17,141.49766698231215
1986-09-18,141.46486621233203
1986-09-19,141.00665611335583
1986-09-22,141.4423142088535
1986-09-23,141.51776493204375
1986-09-24,141.92532616036658
1986-09-25,141.81713491328313
1986-09-26,142.47670232526
1986-09-29,140.9599896360606
1986-09-30,142.94790955055814
1986-10-01,143.49454234704692
1986-10-02,142.9356914738909
1986-10-03,146.33679115452537
1986-10-06,146.96113654810978
1986-10-07,147.35557115464908
1986-10-08,144.79353493575516
1986-10-09,146.44589129657152
1986-10-10,144.59754711184723
1986-10-13,142.76306550850842
1986-10-14,138.01816065196607
1986-10-15,139.4423395556259
1986-10-16,138.7614254025146
1986-10-17,138.56203305265652
1986-10-20,136.85688230455543
1986-10-21,138.62130634176583
1986-10-22,139.2924287658521
1986-10-23,139.94374807848195
1986-10-24,139.3864315675575
1986-10-27,140.6976601763047
1986-10-28,140.16989750968776
1986-10-29,142.56618507698082
1986-10-30,144.9320705179843
1986-10-31,144.3306120951414
1986-11-03,146.1521894361396
1986-11-04,145.39726449831764
1986-11-05,145.39726449831764
1986-11-06,140.5606010054337
1986-11-07,137.02648958693652
1986-11-10,137.72335942122967
1986-11-11,138.10444230601138
1986-11-12,139.40657597487234
1986-11-13,139.78064874983306
1986-11-14,141.59302072929685
1986-11-17,144.7759699836057
1986-11-18,141.98573795613436
1986-11-19,147.58165814637
1986-11-20,146.99856422270457
1986-11-21,149.09523742947434
1986-11-24,152.26552997335267
1986-11-25,146.91744135370882
1986-11-26,149.61284381102527
1986-11-27,149.61284381102527
1986-11-28,150.37728314519651
1986-12-01,148.4603320711161
1986-12-02,159.4935236921491
1986-12-03,159.0961742339955
1986-12-04,165.0472894859326
1986-12-05,152.8491083049946
1986-12-08,159.90926745907794
1986-12-09,159.56813654553787
1986-12-10,161.95291880004996
1986-12-11,157.13953391709902
1986-12-12,157.47157809165083
1986-12-15,156.15203625393107
1986-12-16,159.4286181074413
1986-12-17,160.0771896527099
1986-12-18,161.37757560097344
1986-12-19,162.3413586992822
1986-12-22,162.68297040838226
1986-12-23,164.88298995037894
1986-12-24,164.07216722815204
1986-12-25,164.0668070577802
1986-12-26,163.63769849631132
1986-12-29,155.49788455523773
1986-12-30,151.29497009055095
1986-12-31,150.26054125746225
1987-01-01,150.24568206064936
1987-01-02,156.11081523394583
1987-01-05,159.67185279370693
1987-01-06,158.7007199846874
1987-01-07,160.5903568378374
1987-01-08,160.17597806826504
1987-01-09,162.70249804189461
1987-01-12,158.6973513295606
1987-01-13,155.93252338722593
1987-01-14,152.27552890403805
1987-01-15,155.70507838169596
1987-01-16,161.3385808897927
1987-01-19,164.01046299410683
1987-01-20,163.14511951014978
1987-01-21,163.60700957463865
1987-01-22,162.08954007981208
1987-01-23,155.89767469542656
1987-01-26,149.3242677320917
1987-01-27,150.6101022926754
1987-01-28,153.9683069870322
1987-01-29,153.64291009370507
1987-01-30,150.7133502432484
1987-02-02,148.73898261008284
1987-02-03,147.41456605661708
1987-02-04,148.56674603802875
1987-02-05,152.41176289080448
1987-02-06,152.3890481299868
1987-02-09,146.0684182115393
1987-02-10,141.95712542145964
1987-02-11,139.4843898596431
1987-02-12,141.43078402136484
1987-02-13,141.51215681809376
1987-02-16,141.49705449236342
1987-02-17,141.31593170149412
1987-02-18,142.21712286887646
1987-02-19,143.26943840548907
1987-02-20,143.55243403960154
1987-02-23,144.9463666967009
1987-02-24,147.47348157234606
1987-02-25,145.44876519428271
1987-02-26,145.44876519428271
1987-02-27,147.40468504192467
1987-03-02,148.97132435938397
1987-03-03,146.01262200848618
1987-03-04,152.81640858590836
1987-03-05,152.35027833257809
1987-03-06,145.36038973018162
1987-03-09,144.85693910989417
1987-03-10,144.42974036973789
1987-03-11,144.80467520051081
1987-03-12,145.5390892261123
1987-03-13,147.3806323953082
1987-03-16,145.89634860093634
1987-03-17,147.37172669254193
1987-03-18,146.61930861358644
1987-03-19,147.4054076597922
1987-03-20,146.21219497109843
1987-03-23,144.1347795760298
1987-03-24,142.48686981389162
1987-03-25,143.28861589187366
1987-03-26,145.52383005038024
1987-03-27,139.5084962141459
1987-03-30,122.95382455775594
1987-03-31,125.20882652296068
1987-04-01,125.43532931763876
1987-04-02,125.75436769124661
1987-04-03,125.14580580708036
1987-04-06,123.94971871373026
1987-04-07,126.32918447506367
1987-04-08,125.96847233730655
1987-04-09,131.1304396272619
1987-04-10,135.4148778881137
1987-04-13,138.3434785656116
1987-04-14,143.64372404469586
1987-04-15,139.08355602200345
1987-04-16,133.64440512250283
1987-04-17,133.64440512250283
1987-04-20,141.20864273834388
1987-04-21,141.84181542553205
1987-04-22,143.7427847694387
1987-04-23,148.15704284283404
1987-04-24,156.52122321982907
1987-04-27,149.37871041080197
1987-04-28,143.7209309183569
1987-04-29,146.4708911000341
1987-04-30,140.88678497354894
1987-05-01,148.06863502535256
1987-05-04,153.59591429951124
1987-05-05,150.30718089657017
1987-05-06,153.24046817270184
1987-05-07,149.87711820478316
1987-05-08,147.92495321880827
1987-05-11,153.92552984997087
1987-05-12,153.16375326042095
1987-05-13,152.4042620006397
1987-05-14,154.67590035864544
1987-05-15,164.33444008151258
1987-05-18,160.20009082602405
1987-05-19,166.11964289231614
1987-05-20,167.1965742373103
1987-05-21,166.0569008654975
1987-05-22,160.818905629708
1987-05-25,160.81486926199298
1987-05-26,147.81487812221553
1987-05-27,151.3527328991295
1987-05-28,150.88144652494364
1987-05-29,148.882234997948
1987-06-01,148.17438374663098
1987-06-02,154.01384336386764
1987-06-03,152.61261947219714
1987-06-04,151.85065401965142
1987-06-05,149.39511014295982
1987-06-08,149.9989336806517
1987-06-09,150.56143128143322
1987-06-10,150.1855891345111
1987-06-11,149.62267155895844
1987-06-12,145.12946347089718
1987-06-15,144.08187635111892
1987-06-16,144.18016743384624
1987-06-17,144.2564737361693
1987-06-18,144.1949887474693
1987-06-19,143.98894922571364
1987-06-22,144.42355454152195
1987-06-23,144.4006398332837
1987-06-24,143.91947607361192
1987-06-25,144.14412859877194
1987-06-26,143.8389484380235
1987-06-29,143.96000368954077
1987-06-30,144.14297369230792
1987-07-01,144.11970606212603
1987-07-02,143.56642820864312
1987-07-03,143.56642820864312
1987-07-06,143.4903136998279
1987-07-07,143.29210389924384
1987-07-08,143.49340233811486
1987-07-09,143.70645906516071
1987-07-10,143.43952746782654
1987-07-13,143.77425681809478
1987-07-14,143.46953899707216
1987-07-15,144.01734545981557
1987-07-16,143.769316716804
1987-07-17,143.38842715943403
1987-07-20,143.80675101861428
1987-07-21,144.53055231070078
1987-07-22,144.82006917828616
1987-07-23,145.0793259017234
1987-07-24,145.46545701489237
1987-07-27,145.94428803704486
1987-07-28,146.22827534177594
1987-07-29,145.7354709073061
1987-07-30,144.852359058733
1987-07-31,146.61223538946763
1987-08-03,152.46156934761154
1987-08-04,152.0778659927722
1987-08-05,146.98809743202102
1987-08-06,147.95968436279264
1987-08-07,146.6537867030324
1987-08-10,148.31052156397027
1987-08-11,147.72854377905472
1987-08-12,147.34146792939993
1987-08-13,143.2835219711832
1987-08-14,141.50655239469802
1987-08-17,141.12071771227605
1987-08-18,143.8213972554348
1987-08-19,144.1786727321373
1987-08-20,143.3151675361709
1987-08-21,144.34925699819962
1987-08-24,144.73466075029782
1987-08-25,143.20825919418084
1987-08-26,144.96391881523883
1987-08-27,149.46513082346885
1987-08-28,152.39114536788549
1987-08-31,151.74648661331668
1987-09-01,154.07041809071086
1987-09-02,166.62964016596513
1987-09-03,167.29621426638005
1987-09-04,167.63033453421298
1987-09-07,167.6122045810031
1987-09-08,182.6988426142572
1987-09-09,181.13427530144875
1987-09-10,174.66333641245774
1987-09-11,166.99851268069756
1987-09-14,166.20962396049666
1987-09-15,173.47131372223106
1987-09-16,178.735636511384
1987-09-17,176.04800188211834
1987-09-18,168.28415182918377
1987-09-21,172.420236676383
1987-09-22,167.05696326681672
1987-09-23,168.43583621666963
1987-09-24,175.26417280043117
1987-09-25,175.58244700023167
1987-09-28,174.93082247465344
1987-09-29,181.45564757827853
1987-09-30,183.9603693496454
1987-10-01,186.7309018849012
1987-10-02,179.10460719406527
1987-10-05,186.36132698111098
1987-10-06,189.15334991917678
1987-10-07,188.20856044504154
1987-10-08,202.52386135675496
1987-10-09,209.16047856526876
1987-10-12,219.59464471684655
1987-10-13,202.8758498650965
1987-10-14,224.32575965789664
1987-10-15,226.358280486652
1987-10-16,230.48875247406122
1987-10-19,226.30600420056135
1987-10-20,182.2546936334856
1987-10-21,158.65508572039988
1987-10-22,151.9870620936536
1987-10-23,152.30751428227018
1987-10-26,152.60707389704083
1987-10-27,151.83865325830217
1987-10-28,150.84174606641733
1987-10-29,151.60994891374574
1987-10-30,152.10530600066966
1987-11-02,151.5538256437932
1987-11-03,152.54431883226562
1987-11-04,153.37297987843397
1987-11-05,154.70318802279573
1987-11-06,154.24665317984343
1987-11-09,153.96062569501606
1987-11-10,153.88919926903935
1987-11-11,153.17513589609518
1987-11-12,153.53116343094908
1987-11-13,152.7941646611451
1987-11-16,153.3575987166322
1987-11-17,152.72420471984063
1987-11-18,152.97157413447192
1987-11-19,153.2482617936815
1987-11-20,153.52525208001833
1987-11-23,153.52525208001833
1987-11-24,152.58245504884576
1987-11-25,151.8641736923006
1987-11-26,151.8481259838218
1987-11-27,151.06110059012235
1987-11-30,151.61444250135935
1987-12-01,151.6773461119847
1987-12-02,151.6773461119847
1987-12-03,151.26837042455273
1987-12-04,151.32045155750978
1987-12-07,151.72352403674444
1987-12-08,151.74966209142698
1987-12-09,151.6131424887417
1987-12-10,152.71394998712995
1987-12-11,152.81341104194408
1987-12-14,152.2284414634143
1987-12-15,149.20170016585334
1987-12-16,147.21785104512054
1987-12-17,147.55197264363545
1987-12-18,147.33012603144675
1987-12-21,147.30401496768027
1987-12-22,146.82473951500353
1987-12-23,148.3673941369723
1987-12-24,148.1138318616423
1987-12-25,148.10864228398722
1987-12-28,146.8680990725673
1987-12-29,148.1024395679301
1987-12-30,149.11035572867482
1987-12-31,147.85962490893775
1988-01-01,147.85962490893775
1988-01-04,148.62644062349975
1988-01-05,149.65202469107166
1988-01-06,148.53128293958875
1988-01-07,148.15848601517936
1988-01-08,144.43610872495168
1988-01-11,146.58119536359072
1988-01-12,146.5657840388805
1988-01-13,146.66595138864628
1988-01-14,146.69177744236012
1988-01-15,147.52955464528011
1988-01-18,147.4010625147447
1988-01-19,147.21569655631757
1988-01-20,148.1840173831408
1988-01-21,150.1566185191964
1988-01-22,151.39221847080253
1988-01-25,152.57110876078087
1988-01-26,149.43030082452617
1988-01-27,156.0557931901777
1988-01-28,157.6561418976163
1988-01-29,160.670333458887
1988-02-01,160.64922395846648
1988-02-02,165.53121963796352
1988-02-03,160.6279496874056
1988-02-04,160.6279496874056
1988-02-05,166.99704520789155
1988-02-08,163.5928328814909
1988-02-09,165.2732371911104
1988-02-10,168.3736181507815
1988-02-11,165.23700148864427
1988-02-12,157.34620069435712
1988-02-15,157.26825679223842
1988-02-16,155.80504358173255
1988-02-17,155.56735976099407
1988-02-18,156.6854669599484
1988-02-19,157.64803746104818
1988-02-22,158.6142176015271
1988-02-23,161.19047024887303
1988-02-24,160.44724070555776
1988-02-25,158.46449114359837
1988-02-26,160.72605544110482
1988-02-29,161.86673193365965
1988-03-01,162.31002197931508
1988-03-02,164.33295712978799
1988-03-03,165.40827355314133
1988-03-04,154.04173458639994
1988-03-07,153.32881490186998
1988-03-08,152.17429933111953
1988-03-09,152.82178578446755
1988-03-10,151.82630000294122
1988-03-11,153.66296652063772
1988-03-14,153.52820806967364
1988-03-15,153.52820806967364
1988-03-16,151.50305427730396
1988-03-17,153.48364082973777
1988-03-18,149.6338580346361
1988-03-21,148.4817557564953
1988-03-22,148.4579264553955
1988-03-23,148.28537026588694
1988-03-24,148.12544397554302
1988-03-25,148.368825905876
1988-03-28,147.8798497798738
1988-03-29,147.95385444720813
1988-03-30,147.97710012106256
1988-03-31,147.94136604603304
1988-04-01,147.94136604603304
1988-04-04,148.2667890889685
1988-04-05,148.22872092325431
1988-04-06,147.2931004343484
1988-04-07,146.95307242125116
1988-04-08,145.23152749873663
1988-04-11,145.8237770195565
1988-04-12,146.09264677567162
1988-04-13,146.16955072778902
1988-04-14,145.1216053535767
1988-04-15,144.50362650197343
1988-04-18,144.38679792383886
1988-04-19,144.53732026229926
1988-04-20,144.51858474421422
1988-04-21,144.2494495955255
1988-04-22,143.2342878206441
1988-04-25,142.9454471038571
1988-04-26,143.51327052153206
1988-04-27,143.12517124663836
1988-04-28,145.05798195493784
1988-04-29,145.05798195493784
1988-05-02,146.5190652647438
1988-05-03,145.2384538315696
1988-05-04,145.04686128951369
1988-05-05,145.4297470102785
1988-05-06,148.49761884790698
1988-05-09,149.2648600395699
1988-05-10,150.91937423168616
1988-05-11,151.4091656677865
1988-05-12,151.39064414314674
1988-05-13,148.3411230262349
1988-05-16,148.99066728354015
1988-05-17,157.03941835252752
1988-05-18,162.34085635604836
1988-05-19,161.22520811709776
1988-05-20,163.70891978784786
1988-05-23,165.02475797039756
1988-05-24,163.08891386607368
1988-05-25,159.57832117167325
1988-05-26,160.56796352114026
1988-05-27,162.55479424298892
1988-05-30,162.55479424298892
1988-05-31,159.05132870730907
1988-06-01,141.25037021716884
1988-06-02,144.01777140684732
1988-06-03,142.2245275917269
1988-06-06,142.01840397666706
1988-06-07,142.1867585597715
1988-06-08,142.34569362007633
1988-06-09,142.2687196614253
1988-06-10,142.42770850870312
1988-06-13,142.54134649706657
1988-06-14,143.59662941411878
1988-06-15,143.14060616531808
1988-06-16,138.99822082513876
1988-06-17,135.06842284565897
1988-06-20,135.3480589780214
1988-06-21,135.31300324188527
1988-06-22,134.83379083182152
1988-06-23,134.70352367732903
1988-06-24,134.66869025511917
1988-06-27,134.42544946631486
1988-06-28,134.80639082169762
1988-06-29,134.74768922399218
1988-06-30,135.2171846024402
1988-07-01,135.3239058149749
1988-07-04,135.31678797597925
1988-07-05,134.7873252030333
1988-07-06,133.86285011004634
1988-07-07,133.52699370395933
1988-07-08,132.44371036738957
1988-07-11,132.59363760970447
1988-07-12,132.85182424950807
1988-07-13,133.1033465410151
1988-07-14,133.03853331951808
1988-07-15,132.07379110777725
1988-07-18,133.2051508394277
1988-07-19,132.59298731847417
1988-07-20,132.59298731847417
1988-07-21,133.37798865067398
1988-07-22,132.50282119323393
1988-07-25,131.89250128760168
1988-07-26,131.97257316477703
1988-07-27,133.05648950597532
1988-07-28,133.25313091899602
1988-07-29,132.45546458318196
1988-08-01,131.49658579177634
1988-08-02,130.26396185887137
1988-08-03,130.48838848351977
1988-08-04,130.556980404343
1988-08-05,130.17955150735543
1988-08-08,130.31353030825875
1988-08-09,130.10515291092756
1988-08-10,130.08440798809016
1988-08-11,130.3484245678994
1988-08-12,130.32423590180048
1988-08-15,130.97052564627467
1988-08-16,129.59948493515608
1988-08-17,130.63985760126852
1988-08-18,129.80378811746394
1988-08-19,129.1790090685196
1988-08-22,130.42516993032967
1988-08-23,128.54576463808542
1988-08-24,128.54249001977195
1988-08-25,131.1388799041922
1988-08-26,130.16376275459635
1988-08-29,126.66815060776094
1988-08-30,125.8805561457062
1988-08-31,125.29673420459235
1988-09-01,125.18545557749744
1988-09-02,122.01224246079248
1988-09-05,121.95440673787297
1988-09-06,122.30121049840088
1988-09-07,122.3482840155524
1988-09-08,122.33872047944084
1988-09-09,125.11795448543381
1988-09-12,123.69473134090718
1988-09-13,124.21901586748744
1988-09-14,126.32106914124512
1988-09-15,124.7264893675791
1988-09-16,124.36130882235679
1988-09-19,122.90296031501148
1988-09-20,123.25584499577266
1988-09-21,124.21552615992933
1988-09-22,123.7530816372245
1988-09-23,123.59925139359893
1988-09-26,122.21573102560103
1988-09-27,121.28727913765074
1988-09-28,120.899172056957
1988-09-29,122.23356203105541
1988-09-30,123.79614176408631
1988-10-03,124.13789184080879
1988-10-04,123.23149082677874
1988-10-05,123.02918728821695
1988-10-06,123.43342769017683
1988-10-07,130.72294326856883
1988-10-10,129.45613095557968
1988-10-11,128.2669433178325
1988-10-12,123.52327090200879
1988-10-13,123.99453275525514
1988-10-14,125.61263070285334
1988-10-17,125.99335201716441
1988-10-18,126.37471579869342
1988-10-19,124.65568280059709
1988-10-20,125.22434249768612
1988-10-21,124.46421034175641
1988-10-24,124.46421034175641
1988-10-25,124.84299369670815
1988-10-26,126.55039518009255
1988-10-27,129.41767361909058
1988-10-28,130.16535781769784
1988-10-31,132.21607880572535
1988-11-01,130.95003751543834
1988-11-02,126.70336010269354
1988-11-03,129.88262769023362
1988-11-04,118.74050407937263
1988-11-07,115.12620423783537
1988-11-08,115.48119948536626
1988-11-09,115.11193002652642
1988-11-10,115.19759067502848
1988-11-11,114.84789459018154
1988-11-14,115.0337027774936
1988-11-15,115.04714238391722
1988-11-16,115.23530863350314
1988-11-17,115.36429135219497
1988-11-18,115.2911122914849
1988-11-21,115.21158252633583
1988-11-22,115.8235904641451
1988-11-23,115.7303919257083
1988-11-24,115.72764356503131
1988-11-25,117.7770561788991
1988-11-28,117.40908789242664
1988-11-29,116.3560126229477
1988-11-30,113.42168420174899
1988-12-01,111.73511595203762
1988-12-02,115.35364443079392
1988-12-05,114.73968530345138
1988-12-06,111.84069955185478
1988-12-07,112.51951480013003
1988-12-08,112.46744425997247
1988-12-09,112.26825603097872
1988-12-12,112.20578397733108
1988-12-13,112.01176347511424
1988-12-14,112.0387329250474
1988-12-15,111.91607973105113
1988-12-16,111.54247511909739
1988-12-19,110.94751190782492
1988-12-20,109.46428721472303
1988-12-21,109.14523481792529
1988-12-22,109.17372023099108
1988-12-23,109.12914565205986
1988-12-26,109.12380423962884
1988-12-27,108.88853995985923
1988-12-28,108.66348078241485
1988-12-29,108.50613365534323
1988-12-30,107.7736702399481
1989-01-02,107.7736702399481
1989-01-03,109.23457885882274
1989-01-04,109.03028874741642
1989-01-05,110.32366365904105
1989-01-06,109.71852199489956
1989-01-09,109.56778680721571
1989-01-10,109.11590626691266
1989-01-11,109.26620832454202
1989-01-12,106.40841666710999
1989-01-13,103.70316446701229
1989-01-16,103.66350023604633
1989-01-17,103.58665143814667
1989-01-18,104.47469472520238
1989-01-19,104.31549750838256
1989-01-20,103.62061991870033
1989-01-23,104.38419724339542
1989-01-24,106.17255896927516
1989-01-25,104.61030233520385
1989-01-26,104.44405646455652
1989-01-27,105.60419418699757
1989-01-30,104.31916797332886
1989-01-31,104.1542662682005
1989-02-01,104.4398340256301
1989-02-02,104.8231587144282
1989-02-03,104.31110081764214
1989-02-06,104.43879525565319
1989-02-07,105.58876347896624
1989-02-08,105.33177752461755
1989-02-09,101.6075094547276
1989-02-10,99.30929263037814
1989-02-13,99.23109796809852
1989-02-14,99.7362614144732
1989-02-15,99.43739808013403
1989-02-16,99.09832352694056
1989-02-17,98.4014793945963
1989-02-20,98.4014793945963
1989-02-21,98.74868198353681
1989-02-22,101.35725843457072
1989-02-23,103.99767461726772
1989-02-24,104.89816430214903
1989-02-27,102.88360315402447
1989-02-28,101.13373207682099
1989-03-01,103.72897498437949
1989-03-02,100.71760607289164
1989-03-03,100.97346853849274
1989-03-06,99.11216197438391
1989-03-07,98.86998722153697
1989-03-08,97.99312056574969
1989-03-09,98.29125166220867
1989-03-10,100.76989230798628
1989-03-13,100.6375180134759
1989-03-14,99.90500390238056
1989-03-15,99.73008702396598
1989-03-16,99.55532319782002
1989-03-17,105.66670497075323
1989-03-20,106.92164781139132
1989-03-21,107.4797102423569
1989-03-22,103.57503431037478
1989-03-23,102.1047548942755
1989-03-24,102.09307244034585
1989-03-27,102.33305796386874
1989-03-28,101.36266101910665
1989-03-29,99.00458685023989
1989-03-30,98.18792674977732
1989-03-31,97.17938635038645
1989-04-03,95.39108901029587
1989-04-04,94.5579111510796
1989-04-05,94.53546339104275
1989-04-06,93.9185431791778
1989-04-07,92.64595273956444
1989-04-10,92.6214721953444
1989-04-11,92.57649399313028
1989-04-12,92.56763910979619
1989-04-13,92.83622504253411
1989-04-14,91.66355685589207
1989-04-17,92.1040533176837
1989-04-18,91.94346501585578
1989-04-19,91.8951179438701
1989-04-20,90.30751215069411
1989-04-21,91.13122105570879
1989-04-24,91.13122105570879
1989-04-25,91.48959209518826
1989-04-26,91.60927309024775
1989-04-27,92.32780786433617
1989-04-28,92.61932391773553
1989-05-01,90.83826905140022
1989-05-02,92.07341243545066
1989-05-03,92.49357302515322
1989-05-04,92.32514114875623
1989-05-05,93.6714171367975
1989-05-08,92.72796425939475
1989-05-09,90.21045522625641
1989-05-10,89.62311833627916
1989-05-11,90.14059580509306
1989-05-12,90.8298554648865
1989-05-15,90.78260052875062
1989-05-16,90.48472989075034
1989-05-17,91.16170128396416
1989-05-18,91.58946838177873
1989-05-19,93.17737067682808
1989-05-22,96.21038116593527
1989-05-23,94.9719474896196
1989-05-24,94.42358888730504
1989-05-25,92.96541197065027
1989-05-26,93.50812719181774
1989-05-29,93.50812719181774
1989-05-30,93.8709549303024
1989-05-31,95.14323307203252
1989-06-01,94.96028629102749
1989-06-02,100.99187014815615
1989-06-05,103.24797775873758
1989-06-06,103.23266790142797
1989-06-07,106.8450682204599
1989-06-08,107.10230013889274
1989-06-09,114.21364369540426
1989-06-12,111.69394231741423
1989-06-13,105.0255831344157
1989-06-14,109.62823413469489
1989-06-15,103.28698005212038
1989-06-16,101.3099401518756
1989-06-19,100.39394737459885
1989-06-20,102.79363854558738
1989-06-21,100.89244818422252
1989-06-22,98.63240814215001
1989-06-23,104.02009602989723
1989-06-26,105.93278443017749
1989-06-27,107.69199776824507
1989-06-28,105.79386600729288
1989-06-29,108.49491049863862
1989-06-30,109.85781749696054
1989-07-03,110.33504989299279
1989-07-04,110.32696790912703
1989-07-05,109.47908731974336
1989-07-06,112.01247503201652
1989-07-07,115.42846439153519
1989-07-10,117.78715552597143
1989-07-11,117.11986949296143
1989-07-12,117.47393798209242
1989-07-13,118.21873539781147
1989-07-14,115.16094956576195
1989-07-17,114.01118324151992
1989-07-18,107.91186451913659
1989-07-19,112.32991665295553
1989-07-20,117.00781012921593
1989-07-21,112.54285491678964
1989-07-24,113.49929776391518
1989-07-25,116.38153828372806
1989-07-26,116.38153828372806
1989-07-27,123.51394298781418
1989-07-28,127.42112725280722
1989-07-31,132.09441313237792
1989-08-01,138.28843278284828
1989-08-02,134.20029685791755
1989-08-03,130.1822980149489
1989-08-04,113.0666873042987
1989-08-07,111.75612669702693
1989-08-08,112.21879923847177
1989-08-09,111.18810890352022
1989-08-10,110.78665069435792
1989-08-11,107.8356375846369
1989-08-14,101.26971288082633
1989-08-15,102.41705076370535
1989-08-16,102.89014283691951
1989-08-17,102.6999333280099
1989-08-18,102.7569426842584
1989-08-21,102.52622147817144
1989-08-22,102.14648481289986
1989-08-23,102.33818068049541
1989-08-24,102.33818068049541
1989-08-25,102.33818068049541
1989-08-28,102.33555635739356
1989-08-29,102.3671712880744
1989-08-30,102.39879115858818
1989-08-31,102.37981627191708
1989-09-01,102.50630365708706
1989-09-04,102.482579700081
1989-09-05,101.91309744467452
1989-09-06,102.10239097352888
1989-09-07,101.97347194056672
1989-09-08,102.39004222644414
1989-09-11,102.79964543696435
1989-09-12,102.87796282477694
1989-09-13,101.8456779037931
1989-09-14,102.98105984200193
1989-09-15,103.9959651412119
1989-09-18,103.60037087483845
1989-09-19,103.75681854545063
1989-09-20,101.7675645079954
1989-09-21,99.21394376969108
1989-09-22,98.84462148186857
1989-09-25,96.74388601235773
1989-09-26,97.20620729780254
1989-09-27,97.23702076769283
1989-09-28,97.17538419870291
1989-09-29,97.237001506265
1989-10-02,97.20618322477965
1989-10-03,96.83642163123321
1989-10-04,96.66999185585638
1989-10-05,96.65225531967307
1989-10-06,97.65911681779711
1989-10-09,99.20331601067889
1989-10-10,97.01616093848236
1989-10-11,94.51036164154603
1989-10-12,96.30703310326885
1989-10-13,99.3988688746453
1989-10-16,98.72589769219337
1989-10-17,98.04997831264615
1989-10-18,97.10924091566106
1989-10-19,99.44991315153456
1989-10-20,98.26567929219732
1989-10-23,101.56184621043009
1989-10-24,104.42367950958209
1989-10-25,104.13422946880084
1989-10-26,101.89094128059541
1989-10-27,99.16541357330739
1989-10-30,100.49945176752951
1989-10-31,100.18617137414272
1989-11-01,102.0629167307753
1989-11-02,103.9572565751263
1989-11-03,99.8064892775472
1989-11-06,96.48945719350482
1989-11-07,103.52267606618004
1989-11-08,105.25897889636968
1989-11-09,102.99687371222062
1989-11-10,102.99687371222062
1989-11-13,102.72409666316982
1989-11-14,103.54132817784323
1989-11-15,106.51358762074943
1989-11-16,106.49747500175795
1989-11-17,101.74110516169002
1989-11-20,102.06324142652554
1989-11-21,103.8386855385811
1989-11-22,106.41851890242879
1989-11-23,106.41048392474568
1989-11-24,107.64894682829413
1989-11-27,103.26985395736243
1989-11-28,102.90241327620268
1989-11-29,101.06857826790896
1989-11-30,103.3153042211604
1989-12-01,104.80204738327762
1989-12-04,104.79425581205449
1989-12-05,104.51507474292599
1989-12-06,102.74854015034882
1989-12-07,100.3662448035822
1989-12-08,103.58813415467503
1989-12-11,103.06643956090369
1989-12-12,103.06643956090369
1989-12-13,103.84697618796591
1989-12-14,105.92611794457865
1989-12-15,105.03408970517842
1989-12-18,108.48888279130273
1989-12-19,106.6436167727733
1989-12-20,107.05690400631886
1989-12-21,105.8119616343777
1989-12-22,101.21335061660956
1989-12-25,101.18350267238303
1989-12-26,90.85398720704787
1989-12-27,91.38633355213256
1989-12-28,91.88903042862353
1989-12-29,91.85904776761906
1990-01-01,91.85904776761906
1990-01-02,91.8350653866481
1990-01-03,91.78836469212013
1990-01-04,91.75748001514468
1990-01-05,91.81141180639894
1990-01-08,92.02719964468113
1990-01-09,92.07886875727567
1990-01-10,92.13421623675642
1990-01-11,92.2062665678452
1990-01-12,92.85262899440019
1990-01-15,93.99966280863924
1990-01-16,95.02084072657719
1990-01-17,94.7460813679017
1990-01-18,102.33910587352906
1990-01-19,98.44407808546363
1990-01-22,98.79135522211317
1990-01-23,97.05193086391968
1990-01-24,104.63616419032138
1990-01-25,107.44991144793828
1990-01-26,113.15478401275661
1990-01-29,112.7884242277347
1990-01-30,114.60739463868164
1990-01-31,107.08204826094412
1990-02-01,105.46056349162347
1990-02-02,110.74340617367531
1990-02-05,112.67961121789591
1990-02-06,115.2824833861485
1990-02-07,114.93122210060993
1990-02-08,110.41269780610756
1990-02-09,98.58285903649345
1990-02-12,103.96358284794935
1990-02-13,102.68881045514968
1990-02-14,102.93282989676413
1990-02-15,104.60244892004047
1990-02-16,104.29554524666042
1990-02-19,104.29088095785475
1990-02-20,108.88742577940648
1990-02-21,108.70908184856667
1990-02-22,103.92442319356556
1990-02-23,104.22649980248089
1990-02-26,99.83086681381099
1990-02-27,96.98655057431196
1990-02-28,100.89081848919443
1990-03-01,102.79928126484181
1990-03-02,101.81954840132165
1990-03-05,105.4270728289953
1990-03-06,103.41217840776693
1990-03-07,103.01806731210186
1990-03-08,102.42804605397606
1990-03-09,105.76178293742751
1990-03-12,104.76512430132433
1990-03-13,108.53408237049558
1990-03-14,104.88542121542221
1990-03-15,105.80256134628287
1990-03-16,102.08525258196563
1990-03-19,102.27843176707223
1990-03-20,100.3772647470472
1990-03-21,100.93906221305464
1990-03-22,100.72556445945327
1990-03-23,100.29663894831056
1990-03-26,99.89128693957774
1990-03-27,100.23637054783379
1990-03-28,99.93601599201205
1990-03-29,101.36056010595516
1990-03-30,102.33506220836671
1990-04-02,102.12388066779279
1990-04-03,101.50798170998118
1990-04-04,97.80527254606028
1990-04-05,98.30355115865788
1990-04-06,98.29656790030721
1990-04-09,99.08975417190844
1990-04-10,99.28884392608033
1990-04-11,99.78474654711388
1990-04-12,100.19999938698523
1990-04-13,100.18874385558019
1990-04-16,101.16466398187613
1990-04-17,103.92959105566572
1990-04-18,107.98724371716784
1990-04-19,108.23711770517694
1990-04-20,112.90583435375581
1990-04-23,114.72841902815341
1990-04-24,116.27095957592144
1990-04-25,116.259101576081
1990-04-26,121.38375195050565
1990-04-27,120.89255675086545
1990-04-30,119.41740813433834
1990-05-01,121.91535966753126
1990-05-02,122.95317631925738
1990-05-03,119.24173401321418
1990-05-04,96.79686149361135
1990-05-07,100.04098106420898
1990-05-08,98.68162860567347
1990-05-09,101.38579699158426
1990-05-10,99.2334862862367
1990-05-11,95.20912693489944
1990-05-14,94.4038664223819
1990-05-15,94.51168592521539
1990-05-16,94.41443008225279
1990-05-17,94.29972297360307
1990-05-18,94.03027824660404
1990-05-21,94.03480433462124
1990-05-22,93.66639248125142
1990-05-23,93.48253771359978
1990-05-24,93.5194783442243
1990-05-25,93.43481357244869
1990-05-28,93.43481357244869
1990-05-29,93.48317227584182
1990-05-30,93.5315430689108
1990-05-31,93.54968665107353
1990-06-01,93.7432363377246
1990-06-04,93.72390084444466
1990-06-05,93.13350156390317
1990-06-06,93.2300683146851
1990-06-07,93.32668334884242
1990-06-08,93.23002000716801
1990-06-11,92.94017497715726
1990-06-12,92.94017497715726
1990-06-13,94.4836963769745
1990-06-14,95.06714746610541
1990-06-15,93.30000358530116
1990-06-18,92.15148938747531
1990-06-19,92.0275928378966
1990-06-20,91.42674111822559
1990-06-21,91.74825225777954
1990-06-22,91.77222078931176
1990-06-25,91.55647704092378
1990-06-26,91.65068071871427
1990-06-27,91.48298637308541
1990-06-28,91.21969726682242
1990-06-29,90.96258050019819
1990-07-02,90.89685287435208
1990-07-03,91.39347171176442
1990-07-04,91.3844775399605
1990-07-05,90.73855492826313
1990-07-06,88.48545574817301
1990-07-09,87.50444771377994
1990-07-10,87.34381913782892
1990-07-11,87.24490295125503
1990-07-12,86.54273456518781
1990-07-13,86.16078479986989
1990-07-16,86.0500380818055
1990-07-17,86.08564530643787
1990-07-18,85.24169041717305
1990-07-19,85.16787146023705
1990-07-20,85.62207385238148
1990-07-23,85.58726971353414
1990-07-24,85.1696983566787
1990-07-25,85.50815687660116
1990-07-26,85.53134539621072
1990-07-27,85.7052810325197
1990-07-30,85.91529496285995
1990-07-31,85.40069597138897
1990-08-01,87.34518953205774
1990-08-02,83.96300718921177
1990-08-03,82.47131274556222
1990-08-06,75.24171933280037
1990-08-07,74.05115662905925
1990-08-08,74.07367267156704
1990-08-09,72.38924978019155
1990-08-10,72.777125592197
1990-08-13,72.87209004195698
1990-08-14,72.32106025494825
1990-08-15,71.85889429615035
1990-08-16,73.9357409808844
1990-08-17,74.50103213907227
1990-08-20,74.49196510960452
1990-08-21,74.85822664443698
1990-08-22,76.41100014188204
1990-08-23,78.36986276259697
1990-08-24,79.47067662541205
1990-08-27,74.59064856961966
1990-08-28,75.75294522437497
1990-08-29,72.40579941201051
1990-08-30,73.13934500067829
1990-08-31,73.0342340433609
1990-09-03,73.0342340433609
1990-09-04,74.0075516098548
1990-09-05,73.12663837982991
1990-09-06,72.7371034434753
1990-09-07,72.0546758298831
1990-09-10,72.87050578561806
1990-09-11,72.71924409305566
1990-09-12,72.64367942376495
1990-09-13,72.49261620426917
1990-09-14,73.32273691975224
1990-09-17,73.7777091041666
1990-09-18,73.69020643136908
1990-09-19,73.37623190480645
1990-09-20,74.17267897011914
1990-09-21,75.65397872868263
1990-09-24,76.90024855383166
1990-09-25,75.7229755083711
1990-09-26,75.316616127508
1990-09-27,71.66783905435423
1990-09-28,67.876088269476
1990-10-01,64.75781670712944
1990-10-02,64.4571654353802
1990-10-03,64.42356815238072
1990-10-04,64.66585921166266
1990-10-05,64.91881568042135
1990-10-08,64.47721571369584
1990-10-09,62.0100574779904
1990-10-10,61.24869679909939
1990-10-11,61.176838675571865
1990-10-12,60.29833531410325
1990-10-15,59.70008502869564
1990-10-16,59.449879523496165
1990-10-17,59.114626972155705
1990-10-18,58.70834846991308
1990-10-19,58.33868755560463
1990-10-22,58.30798446701875
1990-10-23,58.004924972867066
1990-10-24,57.856795355705
1990-10-25,58.52275371111189
1990-10-26,58.29983108870562
1990-10-29,57.33519149300883
1990-10-30,57.25542469494896
1990-10-31,57.898077197482564
1990-11-01,58.60861854487123
1990-11-02,58.59444545172947
1990-11-05,59.6985396154103
1990-11-06,59.492641569704844
1990-11-07,57.73917161356859
1990-11-08,57.449297678631986
1990-11-09,60.09827604438889
1990-11-12,62.16954749071317
1990-11-13,62.617400318997454
1990-11-14,63.09091271246756
1990-11-15,62.26507801841841
1990-11-16,64.88160240146539
1990-11-19,63.324467935662845
1990-11-20,64.73314147160795
1990-11-21,67.33798427112777
1990-11-22,67.32758160463766
1990-11-23,66.2608682719081
1990-11-26,67.3207813071415
1990-11-27,65.72077633589196
1990-11-28,64.40018889946532
1990-11-29,63.088092886624516
1990-11-30,65.87905087986937
1990-12-03,67.70372043954791
1990-12-04,68.61985532662538
1990-12-05,70.33884033022204
1990-12-06,68.88901809076546
1990-12-07,79.33902608513156
1990-12-10,82.02686304175204
1990-12-11,85.04508668499247
1990-12-12,86.76605360639537
1990-12-13,80.59809698002141
1990-12-14,74.84153263878322
1990-12-17,77.0378010539584
1990-12-18,79.09033305992774
1990-12-19,77.9038596034057
1990-12-20,74.36802039378803
1990-12-21,71.46463035303718
1990-12-24,66.02239649032052
1990-12-25,65.9824282966131
1990-12-26,67.19617480353209
1990-12-27,67.85450974182096
1990-12-28,67.00474628625301
1990-12-31,68.31990866325728
1991-01-01,68.31354447995783
1991-01-02,70.96448280551715
1991-01-03,71.82078061513938
1991-01-04,68.36680749332244
1991-01-07,62.54945994381074
1991-01-08,60.94503773088904
1991-01-09,58.28986133735794
1991-01-10,60.043669458498904
1991-01-11,59.993655811793126
1991-01-14,59.7436657245872
1991-01-15,59.81854556789561
1991-01-16,59.84351721564061
1991-01-17,60.84253919823836
1991-01-18,60.92475263641395
1991-01-21,60.55848089194733
1991-01-22,60.13498746810135
1991-01-23,60.79554429140725
1991-01-24,61.67788771623823
1991-01-25,60.275239284189986
1991-01-28,60.68093598362812
1991-01-29,61.35880868230903
1991-01-30,60.67807620818053
1991-01-31,61.22036471538313
1991-02-01,64.89316614905545
1991-02-04,65.71957482544768
1991-02-05,66.8286557212154
1991-02-06,67.01408794745183
1991-02-07,65.6298711733563
1991-02-08,68.79236652607257
1991-02-11,68.04651835031201
1991-02-12,68.54856344578283
1991-02-13,68.28627176853404
1991-02-14,66.94524054037853
1991-02-15,67.96373559451891
1991-02-18,67.96373559451891
1991-02-19,66.08989016929256
1991-02-20,63.705470265688824
1991-02-21,62.41225229086675
1991-02-22,60.65626219413649
1991-02-25,61.40745897817945
1991-02-26,58.986347093506765
1991-02-27,58.80764134359622
1991-02-28,57.70992141390814
1991-03-01,55.540358314591586
1991-03-04,55.61819584114076
1991-03-05,55.47427145371995
1991-03-06,55.62974572517365
1991-03-07,55.24067136086073
1991-03-08,55.77820092054642
1991-03-11,55.364415074351214
1991-03-12,55.47799880937614
1991-03-13,55.41773946032653
1991-03-14,55.40211693435842
1991-03-15,54.69501471445029
1991-03-18,54.05107520656867
1991-03-19,53.07837947645293
1991-03-20,53.00051975669522
1991-03-21,52.26420475536613
1991-03-22,52.12712258286783
1991-03-25,52.00533372344203
1991-03-26,51.96348887942182
1991-03-27,51.646233040511326
1991-03-28,51.4413573629168
1991-03-29,51.42416606144218
1991-04-01,51.30113392651725
1991-04-02,51.66612257224343
1991-04-03,51.445219058333834
1991-04-04,52.434345645308596
1991-04-05,52.51529504039709
1991-04-08,53.308399094205726
1991-04-09,51.8232409241691
1991-04-10,49.005022014514196
1991-04-11,49.280976541710245
1991-04-12,50.99211470471416
1991-04-15,51.53886248395909
1991-04-16,51.44715016670749
1991-04-17,51.915110807471265
1991-04-18,49.78122033505543
1991-04-19,47.82705939246856
1991-04-22,46.25406245725729
1991-04-23,46.67394924339652
1991-04-24,46.971880702797165
1991-04-25,46.90298763371772
1991-04-26,46.9914030726978
1991-04-29,46.95414692436519
1991-04-30,47.45759871075166
1991-05-01,47.64845677632079
1991-05-02,48.38577908314727
1991-05-03,46.702785707344695
1991-05-06,46.259357211648734
1991-05-07,46.11397257507377
1991-05-08,46.2248519959151
1991-05-09,46.435050220659235
1991-05-10,43.69854521966068
1991-05-13,45.010052521743525
1991-05-14,44.738158673265275
1991-05-15,44.76606664632592
1991-05-16,44.7508393984668
1991-05-17,44.634298274451
1991-05-20,44.676188452622334
1991-05-21,44.676188452622334
1991-05-22,44.66124024751974
1991-05-23,44.335752456962815
1991-05-24,44.45753574809839
1991-05-27,44.45753574809839
1991-05-28,44.78256520353161
1991-05-29,44.736865197509815
1991-05-30,45.3865195179036
1991-05-31,44.72348715323476
1991-06-03,43.10891574968147
1991-06-04,43.18141725875091
1991-06-05,42.888450381247154
1991-06-06,42.734084285101744
1991-06-07,42.89661430593568
1991-06-10,42.87880943553473
1991-06-11,42.778573332391765
1991-06-12,44.34021397821481
1991-06-13,43.87765983119751
1991-06-14,42.43888323288554
1991-06-17,42.722140266667566
1991-06-18,43.27200999839884
1991-06-19,43.27200999839884
1991-06-20,42.23328792591046
1991-06-21,42.99884778073253
1991-06-24,43.106096916568085
1991-06-25,43.106096916568085
1991-06-26,43.106096916568085
1991-06-27,42.56944905313094
1991-06-28,40.85861566449336
1991-07-01,41.144668566166764
1991-07-02,41.156127634964214
1991-07-03,41.156127634964214
1991-07-04,41.14995331976821
1991-07-05,40.7970784364688
1991-07-08,40.822002938524626
1991-07-09,41.068441443667034
1991-07-10,40.81382939846665
1991-07-11,39.81053086400257
1991-07-12,38.88204584925856
1991-07-15,38.89378896242774
1991-07-16,38.80807238056902
1991-07-17,38.44370119057003
1991-07-18,38.38313207129915
1991-07-19,38.7419080117299
1991-07-22,38.78960054260894
1991-07-23,38.45563806630328
1991-07-24,39.359926452423835
1991-07-25,39.78201914213451
1991-07-26,39.759399546317084
1991-07-29,39.331084866111695
1991-07-30,39.4965405293902
1991-07-31,40.98740980629805
1991-08-01,39.80482176955722
1991-08-02,46.29263927980074
1991-08-05,46.7040873277752
1991-08-06,50.20796972805457
1991-08-07,50.20129450680595
1991-08-08,47.799101377594596
1991-08-09,47.799101377594596
1991-08-12,49.35099194205934
1991-08-13,51.44190582924817
1991-08-14,57.00230366930876
1991-08-15,54.970710206021245
1991-08-16,56.148839303044085
1991-08-19,56.14372531916105
1991-08-20,58.045024202288985
1991-08-21,58.03985650590777
1991-08-22,59.74030024338928
1991-08-23,52.64487219102296
1991-08-26,49.39674470233928
1991-08-27,51.00190646219327
1991-08-28,55.12614603244192
1991-08-29,58.47105355626645
1991-08-30,55.04003532084416
1991-09-02,55.03834661019204
1991-09-03,55.55191113333831
1991-09-04,55.03326918161371
1991-09-05,54.04493209058092
1991-09-06,57.968046838470876
1991-09-09,60.100615470790245
1991-09-10,59.61162133734459
1991-09-11,59.077780404036886
1991-09-12,63.53195825534992
1991-09-13,63.811151650070805
1991-09-16,66.25968789108889
1991-09-17,66.92462298317669
1991-09-18,66.91769040963725
1991-09-19,66.91425934687905
1991-09-20,70.12392379364198
1991-09-23,71.38215933596932
1991-09-24,70.5217326906216
1991-09-25,69.64430972825046
1991-09-26,71.86756361325524
1991-09-27,79.71636528733637
1991-09-30,82.68168531457741
1991-10-01,83.68643458380758
1991-10-02,81.66588380338568
1991-10-03,81.66588380338568
1991-10-04,90.65654712289486
1991-10-07,90.65654712289486
1991-10-08,88.0052295144671
1991-10-09,77.54743862272487
1991-10-10,70.12066739921079
1991-10-11,81.69528470113461
1991-10-14,81.04248771779842
1991-10-15,82.87554290594113
1991-10-16,82.87184858041165
1991-10-17,75.50563206410976
1991-10-18,78.71457730517947
1991-10-21,73.55419388549242
1991-10-22,71.14256526722649
1991-10-23,70.80743860073476
1991-10-24,72.21125731222342
1991-10-25,71.29100340596123
1991-10-28,72.40974777195643
1991-10-29,75.37658468397206
1991-10-30,75.79818702070344
1991-10-31,76.261145594378
1991-11-01,75.84416390985145
1991-11-04,75.14990616522806
1991-11-05,72.09025624190421
1991-11-06,73.01158367393954
1991-11-07,78.11001878033093
1991-11-08,78.33822224189319
1991-11-11,79.24655115365944
1991-11-12,80.96232707995397
1991-11-13,77.07333245458352
1991-11-14,81.25291801641956
1991-11-15,81.77678925412764
1991-11-18,81.77678925412764
1991-11-19,80.59141846924443
1991-11-20,79.37242639457702
1991-11-21,77.85897154687278
1991-11-22,75.15773841650464
1991-11-25,73.66528669261905
1991-11-26,76.40245902533248
1991-11-27,76.62847467595866
1991-11-28,76.62667206014933
1991-11-29,78.71307462385984
1991-12-02,81.74585819331537
1991-12-03,85.4964242506735
1991-12-04,94.3731489042411
1991-12-05,89.48952353802207
1991-12-06,84.33185556922153
1991-12-09,88.56751312260467
1991-12-10,88.56751312260467
1991-12-11,88.20216356592962
1991-12-12,90.02537202547458
1991-12-13,86.34162260174496
1991-12-16,88.17592294923087
1991-12-17,90.76922238737497
1991-12-18,90.39364548079982
1991-12-19,98.259217051281
1991-12-20,109.29767853711655
1991-12-23,115.87093375367287
1991-12-24,117.22687305631312
1991-12-25,117.22687305631312
1991-12-26,120.41060441454472
1991-12-27,122.71802792950947
1991-12-30,129.71276599417064
1991-12-31,134.5223770321736
1992-01-01,134.5223770321736
1992-01-02,124.2107212670402
1992-01-03,119.04686809285869
1992-01-06,122.25727375334468
1992-01-07,128.30683892331854
1992-01-08,124.48269937135295
1992-01-09,121.66263546050034
1992-01-10,113.77283102957816
1992-01-13,106.14539456714618
1992-01-14,96.61167849674206
1992-01-15,96.02198331564968
1992-01-16,92.40917865311428
1992-01-17,94.04974537732701
1992-01-20,95.23617388296013
1992-01-21,96.18581972255029
1992-01-22,95.31032253393099
1992-01-23,91.95342636537904
1992-01-24,91.14666743942794
1992-01-27,91.3152430333413
1992-01-28,92.63053532919552
1992-01-29,91.00082338598294
1992-01-30,90.28021155076871
1992-01-31,90.50720491590107
1992-02-03,90.17977065745187
1992-02-04,90.73779381879692
1992-02-05,90.95237383684307
1992-02-06,90.93471040558173
1992-02-07,91.04524355886635
1992-02-10,90.95510632106905
1992-02-11,90.34425024100135
1992-02-12,89.16649519263515
1992-02-13,86.39773343302816
1992-02-14,86.41323048167946
1992-02-17,86.4045909278027
1992-02-18,86.4045909278027
1992-02-19,86.38944440083547
1992-02-20,86.30789901891012
1992-02-21,86.62961193071432
1992-02-24,86.74625543817103
1992-02-25,86.51282261887332
1992-02-26,85.72597164844993
1992-02-27,85.93183685777426
1992-02-28,86.6210686984312
1992-03-02,85.29896646580364
1992-03-03,84.50827809561055
1992-03-04,84.6851718118908
1992-03-05,84.19235496276016
1992-03-06,84.3861692499204
1992-03-09,84.22483135182672
1992-03-10,84.20883644807624
1992-03-11,84.20206656722738
1992-03-12,83.8048808611918
1992-03-13,83.50646523464931
1992-03-16,83.44818737506093
1992-03-17,81.98178204766093
1992-03-18,81.88510422594813
1992-03-19,80.91207516366967
1992-03-20,81.92977698156527
1992-03-23,81.77627373223709
1992-03-24,80.60040846153167
1992-03-25,80.4299348006852
1992-03-26,80.49416306193658
1992-03-27,80.5956910286589
1992-03-30,80.62955272072678
1992-03-31,80.61261870015922
1992-04-01,80.96819979322515
1992-04-02,80.86745151926442
1992-04-03,81.76950644191143
1992-04-06,81.88071516808839
1992-04-07,81.77491269339718
1992-04-08,80.6990095165562
1992-04-09,84.05323488070728
1992-04-10,83.41824446018005
1992-04-13,84.47059786738717
1992-04-14,84.46138348438814
1992-04-15,83.4929612210951
1992-04-16,80.60294708186284
1992-04-17,80.58480495124918
1992-04-20,77.42457086460233
1992-04-21,77.825190917947
1992-04-22,77.8363049923794
1992-04-23,77.80851806972433
1992-04-24,77.86963974781081
1992-04-27,77.8140554853896
1992-04-28,77.85295231002702
1992-04-29,77.81960488146889
1992-04-30,77.79737743085869
1992-05-01,77.89738845566355
1992-05-04,77.8572782462139
1992-05-05,77.94620688533698
1992-05-06,78.25312323241216
1992-05-07,78.03465346624645
1992-05-08,79.5145665231846
1992-05-11,79.4964754074674
1992-05-12,81.0916556284886
1992-05-13,81.51934241316965
1992-05-14,81.14484333485154
1992-05-15,84.68899937677286
1992-05-18,84.67734617175981
1992-05-19,89.13485816593148
1992-05-20,85.78932381233473
1992-05-21,77.9397248812636
1992-05-22,80.20492094849887
1992-05-25,80.2002937566647
1992-05-26,75.95432433502329
1992-05-27,76.8721616593627
1992-05-28,77.80074050807436
1992-05-29,78.52952345183255
1992-06-01,77.34153060441137
1992-06-02,78.85447553738028
1992-06-03,79.20659528609451
1992-06-04,79.08427900703579
1992-06-05,80.24038415722904
1992-06-08,80.3637632872574
1992-06-09,79.37594469908436
1992-06-10,79.19656875438528
1992-06-11,80.09255159815719
1992-06-12,81.71338456254058
1992-06-15,82.06495309929747
1992-06-16,84.15818598389366
1992-06-17,85.35239256165379
1992-06-18,87.28182803050967
1992-06-19,83.4023776247817
1992-06-22,84.10837217335536
1992-06-23,81.34674659075503
1992-06-24,85.75078476103401
1992-06-25,90.05788108268047
1992-06-26,89.41864262537568
1992-06-29,92.11068663332398
1992-06-30,91.01554567316524
1992-07-01,93.37695642933075
1992-07-02,109.55977871481046
1992-07-03,109.52733426456915
1992-07-06,111.09878927155346
1992-07-07,114.26527111062671
1992-07-08,112.25653419396457
1992-07-09,112.65181591785334
1992-07-10,111.83567226057893
1992-07-13,108.91361556158223
1992-07-14,109.74927002382854
1992-07-15,116.46124666459107
1992-07-16,119.0533161547219
1992-07-17,116.79156145329964
1992-07-20,118.15054489479873
1992-07-21,119.99931585081458
1992-07-22,125.29027852688621
1992-07-23,140.78602549681364
1992-07-24,138.6367480786357
1992-07-27,144.13285068282175
1992-07-28,150.77784171234484
1992-07-29,152.35304003060048
1992-07-30,139.14393559149875
1992-07-31,137.63562142472776
1992-08-03,135.70483200065183
1992-08-04,144.801565360677
1992-08-05,146.29332489959364
1992-08-06,145.29275826718907
1992-08-07,157.74903114794478
1992-08-10,165.0753888679734
1992-08-11,168.2562935343891
1992-08-12,166.110243186114
1992-08-13,154.40139248592496
1992-08-14,158.87930627885777
1992-08-17,155.25499599095377
1992-08-18,164.95134889708808
1992-08-19,165.47297186522925
1992-08-20,167.56357151866794
1992-08-21,158.6085532344025
1992-08-24,140.7853393934207
1992-08-25,135.5662537391972
1992-08-26,138.89033327123565
1992-08-27,140.90597045821173
1992-08-28,141.92229252108226
1992-08-31,143.33516686165498
1992-09-01,146.72574054263598
1992-09-02,148.70305311666093
1992-09-03,148.0148920014939
1992-09-04,160.16094412999294
1992-09-07,160.16094412999294
1992-09-08,169.28283723355082
1992-09-09,165.41667060580784
1992-09-10,166.7070167412867
1992-09-11,160.51916548293934
1992-09-14,164.91542640046393
1992-09-15,157.31209347265468
1992-09-16,156.4241181330451
1992-09-17,156.8499333280628
1992-09-18,157.684695611379
1992-09-21,156.00974508990504
1992-09-22,147.68942837448313
1992-09-23,140.40485818968617
1992-09-24,146.9807503012
1992-09-25,151.23345009544877
1992-09-28,153.9521874722143
1992-09-29,153.4013139685374
1992-09-30,152.74185386236502
1992-10-01,163.16408500496428
1992-10-02,160.9401287273747
1992-10-05,162.43009458760037
1992-10-06,155.58822423821817
1992-10-07,139.37996533685944
1992-10-08,145.16708629128016
1992-10-09,141.3363505679789
1992-10-12,141.69048207861712
1992-10-13,141.69048207861712
1992-10-14,142.09833476712478
1992-10-15,141.82597414051176
1992-10-16,140.8737843673335
1992-10-19,138.5704288043209
1992-10-20,133.1860049643729
1992-10-21,134.65625745348686
1992-10-22,134.5682613569418
1992-10-23,134.71486652028992
1992-10-26,134.72220135986865
1992-10-27,134.6268454655662
1992-10-28,134.65617382124938
1992-10-29,134.56817775606638
1992-10-30,134.67239631007217
1992-11-02,134.38638932706928
1992-11-03,134.51168860570206
1992-11-04,134.4677176640885
1992-11-05,134.493788502615
1992-11-06,134.493788502615
1992-11-09,134.47773688961675
1992-11-10,133.73532441230708
1992-11-11,133.03089969045772
1992-11-12,131.98892171732
1992-11-13,131.9053853437064
1992-11-16,130.916582186718
1992-11-17,131.43295056810706
1992-11-18,132.47439884566353
1992-11-19,132.06120044318516
1992-11-20,131.55356656721565
1992-11-23,131.3364850985589
1992-11-24,131.9148263113053
1992-11-25,131.33503924552704
1992-11-26,131.33503924552704
1992-11-27,130.10607184953517
1992-11-30,129.93714572593248
1992-12-01,130.0315149387552
1992-12-02,130.0315149387552
1992-12-03,130.0315149387552
1992-12-04,130.02213141573864
1992-12-07,130.35732990286033
1992-12-08,131.54239632413916
1992-12-09,130.01938027997593
1992-12-10,129.79654900532972
1992-12-11,127.7930103436895
1992-12-14,126.46896347106681
1992-12-15,126.67603754870514
1992-12-16,128.5855359020653
1992-12-17,128.02835865830403
1992-12-18,129.510542989583
1992-12-21,131.9285649469376
1992-12-22,134.341905378797
1992-12-23,132.26609981906438
1992-12-24,131.0176695325369
1992-12-25,131.0176695325369
1992-12-28,128.53422958506212
1992-12-29,131.282911873854
1992-12-30,132.10685724740458
1992-12-31,130.72872278249812
1993-01-01,130.72872278249812
1993-01-04,137.3044913817993
1993-01-05,136.4085064165159
1993-01-06,134.40751157503752
1993-01-07,122.51133036260438
1993-01-08,126.32130809381646
1993-01-11,128.29856845437297
1993-01-12,127.72068770297284
1993-01-13,128.68138435421974
1993-01-14,131.1804928805087
1993-01-15,134.84315908824854
1993-01-18,134.27480245981377
1993-01-19,135.90946182122678
1993-01-20,133.36494753281744
1993-01-21,134.94016092866397
1993-01-22,139.69769918746942
1993-01-25,146.96559668218535
1993-01-26,145.15520829037757
1993-01-27,148.57753509883506
1993-01-28,153.25180362349062
1993-01-29,159.34232251398882
1993-02-01,163.37023296053422
1993-02-02,154.60148375227735
1993-02-03,155.74719042916257
1993-02-04,163.22779574921555
1993-02-05,175.07304655793027
1993-02-08,168.26498865562147
1993-02-09,162.83262263534516
1993-02-10,153.37064822047273
1993-02-11,160.17138942032892
1993-02-12,161.6348534858183
1993-02-15,161.55879053238817
1993-02-16,163.03005872913286
1993-02-17,170.4277791308897
1993-02-18,185.62481205801126
1993-02-19,186.7673113062433
1993-02-22,195.9438652680431
1993-02-23,216.65993583680617
1993-02-24,204.59630146079735
1993-02-25,200.794163693212
1993-02-26,202.37333305260137
1993-03-01,214.54385970796852
1993-03-02,212.89250444450167
1993-03-03,223.29618021728135
1993-03-04,228.38809505570353
1993-03-05,218.04387006144887
1993-03-08,220.270177151879
1993-03-09,211.86308500164216
1993-03-10,206.40548101411343
1993-03-11,205.85668171635626
1993-03-12,189.13116602592015
1993-03-15,183.98549856951925
1993-03-16,191.3410799075804
1993-03-17,193.3895718756806
1993-03-18,197.27369003426958
1993-03-19,196.20797090479041
1993-03-22,196.1995898031728
1993-03-23,200.18989020725257
1993-03-24,196.96461938224877
1993-03-25,194.62602300461361
1993-03-26,185.3453032799683
1993-03-29,188.67106553135113
1993-03-30,191.4675664786861
1993-03-31,190.90284806863363
1993-04-01,190.33922380050066
1993-04-02,184.9910465545961
1993-04-05,188.11381307006525
1993-04-06,192.29146335958117
1993-04-07,192.54804581184715
1993-04-08,199.9041444390369
1993-04-09,199.87861430789073
1993-04-12,202.50255218308476
1993-04-13,200.20812827594276
1993-04-14,204.0920709355128
1993-04-15,206.7019580051288
1993-04-16,205.2801331463868
1993-04-19,207.76053422820118
1993-04-20,207.74761013557938
1993-04-21,209.85906844665166
1993-04-22,213.6462385113375
1993-04-23,208.51681095492302
1993-04-26,203.22381941697762
1993-04-27,192.80679515198682
1993-04-28,192.21904217554098
1993-04-29,197.43023414689475
1993-04-30,192.85724429688625
1993-05-03,200.7329205693789
1993-05-04,202.61250132293753
1993-05-05,202.59185389758372
1993-05-06,205.13259539037517
1993-05-07,202.36974874509724
1993-05-10,206.30055547878348
1993-05-11,206.78995503377524
1993-05-12,203.67535159270167
1993-05-13,195.172441748106
1993-05-14,194.10354876713222
1993-05-17,188.36217736009604
1993-05-18,183.67742271500305
1993-05-19,187.55752132133824
1993-05-20,188.42019388530224
1993-05-21,185.82053194383033
1993-05-24,185.82053194383033
1993-05-25,185.37393736266807
1993-05-26,187.8263696368785
1993-05-27,188.05123398815732
1993-05-28,185.56033397867546
1993-05-31,185.56033397867546
1993-06-01,192.54763840071618
1993-06-02,193.5494049689721
1993-06-03,197.1508495385927
1993-06-04,186.49994334883777
1993-06-07,190.67234570108397
1993-06-08,187.40228181194678
1993-06-09,191.0243584994994
1993-06-10,190.65148354017194
1993-06-11,199.96141387231808
1993-06-14,200.71013521021692
1993-06-15,202.4113992562933
1993-06-16,203.39371782066723
1993-06-17,205.0317768420898
1993-06-18,200.9460102931808
1993-06-21,206.447679543853
1993-06-22,207.07015139292645
1993-06-23,207.06234226648013
1993-06-24,212.84073283455146
1993-06-25,218.8918982346921
1993-06-28,226.9875613357327
1993-06-29,227.78459351648857
1993-06-30,226.1786493155897
1993-07-01,227.80160402338484
1993-07-02,235.35361989399846
1993-07-05,235.35361989399846
1993-07-06,225.67028411955926
1993-07-07,225.67028411955926
1993-07-08,232.50151223127583
1993-07-09,237.8591180477566
1993-07-12,241.5293094815902
1993-07-13,235.88592713627622
1993-07-14,247.21806719676295
1993-07-15,248.20546857535373
1993-07-16,251.17609647913724
1993-07-19,251.1678211249729
1993-07-20,238.91258950941605
1993-07-21,215.77121425697624
1993-07-22,197.82060726276947
1993-07-23,195.04015356745822
1993-07-26,196.94848550017124
1993-07-27,196.6909275943305
1993-07-28,198.31345610461196
1993-07-29,204.13989079415512
1993-07-30,202.4297472070054
1993-08-02,199.18675043346562
1993-08-03,201.10341555343
1993-08-04,198.4028942951852
1993-08-05,199.93220912844802
1993-08-06,201.08507355728545
1993-08-09,204.17119556124766
1993-08-10,203.3702552214218
1993-08-11,205.5909813614181
1993-08-12,204.6371133811984
1993-08-13,211.83059732308305
1993-08-16,215.97536543981087
1993-08-17,212.8812464665427
1993-08-18,215.65806752893323
1993-08-19,224.04776892611218
1993-08-20,229.3415965938445
1993-08-23,227.66284197936338
1993-08-24,241.41704562957193
1993-08-25,249.6750704207372
1993-08-26,262.8315949453174
1993-08-27,253.08049583116207
1993-08-30,260.67172649153207
1993-08-31,259.70242122658607
1993-09-01,259.70242122658607
1993-09-02,266.4693230259112
1993-09-03,293.0612532779789
1993-09-06,293.0150089035328
1993-09-07,305.1493473034294
1993-09-08,301.3004285040469
1993-09-09,274.6139500085278
1993-09-10,288.8176665122805
1993-09-13,290.48980165497534
1993-09-14,269.74503094205477
1993-09-15,270.46362960877156
1993-09-16,274.74550627870667
1993-09-17,274.1599664251462
1993-09-20,268.89834189729254
1993-09-21,265.4399199420054
1993-09-22,267.13556205216275
1993-09-23,269.77434890441265
1993-09-24,271.900551410613
1993-09-27,287.9343060046789
1993-09-28,288.48549217665624
1993-09-29,279.16553676466435
1993-09-30,272.975825306165
1993-10-01,284.2384252485352
1993-10-04,286.0395428668877
1993-10-05,282.41577565779056
1993-10-06,283.0252508002452
1993-10-07,282.41480430678234
1993-10-08,297.0421705715167
1993-10-11,295.7621656349743
1993-10-12,294.40739167937846
1993-10-13,292.2580463550226
1993-10-14,300.21352985766043
1993-10-15,305.3692044318659
1993-10-18,289.11243932428613
1993-10-19,289.8803326247935
1993-10-20,292.64891014708667
1993-10-21,277.80187323214994
1993-10-22,269.2916814723989
1993-10-25,263.7028930515859
1993-10-26,267.28866865598496
1993-10-27,266.370446984345
1993-10-28,267.74433616053625
1993-10-29,265.9056144797336
1993-11-01,260.4170302625376
1993-11-02,256.54911875960875
1993-11-03,256.9974223577071
1993-11-04,256.8732440811777
1993-11-05,257.1686141341158
1993-11-08,256.0802955215928
1993-11-09,255.41264496748983
1993-11-10,256.17347508885626
1993-11-11,256.9748654078062
1993-11-12,255.3684785134711
1993-11-15,255.28412606398584
1993-11-16,255.26745569741797
1993-11-17,255.24251554263984
1993-11-18,253.45375722461725
1993-11-19,250.57784912167293
1993-11-22,248.95553112242715
1993-11-23,249.1156760725293
1993-11-24,249.46479174860178
1993-11-25,249.46479174860178
1993-11-26,248.2416649774817
1993-11-29,248.20572250732985
1993-11-30,248.06715266371376
1993-12-01,248.2629404370871
1993-12-02,248.29559008775308
1993-12-03,248.23028466461162
1993-12-06,248.91586303754508
1993-12-07,248.91687856313166
1993-12-08,249.14091393694514
1993-12-09,249.9473194919172
1993-12-10,247.17565452714817
1993-12-13,245.2661884272489
1993-12-14,243.3400036579935
1993-12-15,243.15199221164045
1993-12-16,243.23016781502704
1993-12-17,243.80936872321493
1993-12-20,243.4225831834013
1993-12-21,243.16501624601372
1993-12-22,244.7736022596669
1993-12-23,245.13433179809292
1993-12-24,245.10329105461315
1993-12-27,245.10329105461315
1993-12-28,245.31425288572538
1993-12-29,243.96148673501372
1993-12-30,239.48998740745853
1993-12-31,238.35599208199616
1994-01-03,234.71674364314813
1994-01-04,235.92278067614922
1994-01-05,235.97526861062988
1994-01-06,235.82447950733277
1994-01-07,235.04398613318375
1994-01-10,234.90896334559426
1994-01-11,235.18824296063977
1994-01-12,238.44084302620053
1994-01-13,231.30982451857096
1994-01-14,226.71027491768476
1994-01-17,225.53613255252273
1994-01-18,228.36924133862374
1994-01-19,228.36924133862374
1994-01-20,230.5036414073248
1994-01-21,229.82712219423757
1994-01-24,229.82326837324862
1994-01-25,228.30429780137226
1994-01-26,228.9814254155876
1994-01-27,231.46934744529295
1994-01-28,234.19625796605578
1994-01-31,232.41447659495998
1994-02-01,226.94002568353673
1994-02-02,227.55433965150254
1994-02-03,224.61913184633886
1994-02-04,217.53155828446782
1994-02-07,216.6236764263224
1994-02-08,216.5975571849256
1994-02-09,215.88631370111372
1994-02-10,216.24168580402753
1994-02-11,215.29296074661542
1994-02-14,215.99869025760873
1994-02-15,215.53460469656977
1994-02-16,215.5309329704759
1994-02-17,217.69278317734808
1994-02-18,218.8730080423737
1994-02-21,218.83951712047354
1994-02-22,217.2453195348712
1994-02-23,221.21088602905706
1994-02-24,223.8017308283277
1994-02-25,223.0160386828988
1994-02-28,219.45904232108552
1994-03-01,228.35398003071325
1994-03-02,228.35398003071325
1994-03-03,232.07874549168662
1994-03-04,233.09017553944577
1994-03-07,228.84169453225337
1994-03-08,233.36326783207184
1994-03-09,232.94656374728174
1994-03-10,241.27022784096374
1994-03-11,239.1331571376025
1994-03-14,241.73613479828586
1994-03-15,239.48109238450493
1994-03-16,231.84276780585358
1994-03-17,234.147817902179
1994-03-18,242.07974113951192
1994-03-21,245.63950844574495
1994-03-22,234.827609142059
1994-03-23,235.22560604219248
1994-03-24,245.94013344203702
1994-03-25,247.82118291762808
1994-03-28,248.4340449361751
1994-03-29,255.2479271387647
1994-03-30,262.01963041007775
1994-03-31,262.45623346242877
1994-04-01,282.6671739839562
1994-04-04,302.1731932237735
1994-04-05,276.9134221453542
1994-04-06,272.99766203879426
1994-04-07,268.8914126190904
1994-04-08,274.68171851078625
1994-04-11,273.93235507376465
1994-04-12,267.94943739258446
1994-04-13,273.09083407505767
1994-04-14,274.83969735978445
1994-04-15,273.43404849468527
1994-04-18,285.6873532109171
1994-04-19,280.98149377690834
1994-04-20,276.9216597338482
1994-04-21,265.9673739978332
1994-04-22,268.0487236414305
1994-04-25,263.48897690389896
1994-04-26,262.98650096279795
1994-04-27,262.9763598649854
1994-04-28,268.8520396902999
1994-04-29,269.3047407208741
1994-05-02,270.9047132843705
1994-05-03,272.7550860859485
1994-05-04,273.04215489219746
1994-05-05,271.34130083035024
1994-05-06,289.3281450893203
1994-05-09,298.380024462647
1994-05-10,284.848684801243
1994-05-11,292.8232701160332
1994-05-12,290.1594373155588
1994-05-13,284.1119660371677
1994-05-16,279.25736914924073
1994-05-17,268.17905934689816
1994-05-18,264.80967973611035
1994-05-19,261.9147963985043
1994-05-20,263.01857079374133
1994-05-23,265.1172719061427
1994-05-24,264.58718048541624
1994-05-25,264.12590359991526
1994-05-26,263.40903072720295
1994-05-27,263.715657096879
1994-05-30,263.715657096879
1994-05-31,265.04549246813946
1994-06-01,264.0021156087255
1994-06-02,262.0911045017797
1994-06-03,259.23407285242797
1994-06-06,256.97844612632224
1994-06-07,257.3974391738884
1994-06-08,257.3974391738884
1994-06-09,257.3974391738884
1994-06-10,257.3974391738884
1994-06-13,257.3974391738884
1994-06-14,257.3756655730275
1994-06-15,258.3584486533533
1994-06-16,258.08418842775814
1994-06-17,258.9739427065236
1994-06-20,259.15398605962883
1994-06-21,260.8210649308028
1994-06-22,257.42187674519937
1994-06-23,256.4111347653369
1994-06-24,261.31752413103095
1994-06-27,259.42060712934307
1994-06-28,262.88003047296297
1994-06-29,262.07497121386643
1994-06-30,266.5952821165252
1994-07-01,265.9825759763033
1994-07-04,265.971231928032
1994-07-05,263.77540453646384
1994-07-06,263.77540453646384
1994-07-07,262.41124676945213
1994-07-08,269.7500745165336
1994-07-11,272.2458875195202
1994-07-12,268.87259343205494
1994-07-13,267.58153935504276
1994-07-14,254.71618547761628
1994-07-15,255.25296713722813
1994-07-18,253.35998661374774
1994-07-19,251.68127401966075
1994-07-20,253.1699622295031
1994-07-21,253.2472181587408
1994-07-22,253.2746797487264
1994-07-25,252.94885507154757
1994-07-26,253.25768531973517
1994-07-27,254.33953698102684
1994-07-28,253.38146286568835
1994-07-29,247.94822287412836
1994-08-01,248.2839590355505
1994-08-02,248.15845557286625
1994-08-03,248.16910981975474
1994-08-04,248.03299282677247
1994-08-05,246.55385260725868
1994-08-08,246.60698645643978
1994-08-09,246.74188829899163
1994-08-10,246.61679420190868
1994-08-11,247.65106028462225
1994-08-12,245.97198693219812
1994-08-15,246.36120541749688
1994-08-16,242.8189947535607
1994-08-17,241.87456134619302
1994-08-18,243.0487455560308
1994-08-19,243.0431413050987
1994-08-22,243.12841202616826
1994-08-23,242.854239447872
1994-08-24,241.69710638973544
1994-08-25,242.83908275520355
1994-08-26,242.28196924572637
1994-08-29,242.32475449188206
1994-08-30,241.89684854876722
1994-08-31,241.53814171580876
1994-09-01,241.53203181471193
1994-09-02,241.4197079626363
1994-09-05,241.4197079626363
1994-09-06,241.0676188887998
1994-09-07,240.8270099569668
1994-09-08,240.80470262207783
1994-09-09,242.16228650778328
1994-09-12,242.27193367915368
1994-09-13,241.49504219012533
1994-09-14,239.8729407397222
1994-09-15,237.85494515408007
1994-09-16,245.26055495618238
1994-09-19,243.87951273635764
1994-09-20,245.07744293964123
1994-09-21,246.71037171081971
1994-09-22,245.8266317880316
1994-09-23,246.32375757122688
1994-09-26,246.3181178043486
1994-09-27,248.65013733483576
1994-09-28,246.4540597202042
1994-09-29,250.3949746495215
1994-09-30,248.85629982014405
1994-10-03,251.70165901555214
1994-10-04,253.27814650048444
1994-10-05,258.20102401188836
1994-10-06,258.5748827117686
1994-10-07,250.2818777890008
1994-10-10,248.28300109497115
1994-10-11,244.3421453106425
1994-10-12,247.02021071267652
1994-10-13,243.44156478970206
1994-10-14,240.84354405380674
1994-10-17,241.64680229597653
1994-10-18,242.09521372399
1994-10-19,244.3402135640537
1994-10-20,250.43589151446858
1994-10-21,249.9027938631496
1994-10-24,253.26403268233074
1994-10-25,254.81926971811384
1994-10-26,255.72183550759945
1994-10-27,255.70457219797098
1994-10-28,246.24464053786014
1994-10-31,246.76801063023314
1994-11-01,256.99722682949675
1994-11-02,260.8349470179138
1994-11-03,262.26620984101424
1994-11-04,269.6800848937184
1994-11-07,270.262467219029
1994-11-08,264.1927999147473
1994-11-09,254.15473586709706
1994-11-10,260.3671458002009
1994-11-11,269.15109497908077
1994-11-14,254.7542022748966
1994-11-15,249.99261978005322
1994-11-16,256.23076509021325
1994-11-17,260.7727073451135
1994-11-18,260.7551585650542
1994-11-21,261.15473835319347
1994-11-22,258.4285123351646
1994-11-23,238.6813414836991
1994-11-24,238.5250482811406
1994-11-25,238.04899743199522
1994-11-28,240.69832897840672
1994-11-29,241.81624537036708
1994-11-30,240.95457664476862
1994-12-01,242.14791766302534
1994-12-02,238.10070364611735
1994-12-05,239.34646645630818
1994-12-06,236.3135574123549
1994-12-07,238.58147816594558
1994-12-08,238.64496219310166
1994-12-09,238.48622236707365
1994-12-12,238.9622186172774
1994-12-13,238.74489864105556
1994-12-14,238.32146751775426
1994-12-15,238.06772641711592
1994-12-16,238.15224334872022
1994-12-19,238.067705287883
1994-12-20,238.152222214205
1994-12-21,237.8140699919908
1994-12-22,238.5741516494728
1994-12-23,238.5741516494728
1994-12-26,238.56374907698452
1994-12-27,236.44772564525337
1994-12-28,237.57834915459185
1994-12-29,237.73658900575808
1994-12-30,237.94253349959183
1995-01-02,237.92204959370434
1995-01-03,239.18925727968073
1995-01-04,237.44681218126078
1995-01-05,240.24171224090676
1995-01-06,239.69945201202285
1995-01-09,240.96270934919258
1995-01-10,238.9599637722243
1995-01-11,236.94738898732672
1995-01-12,237.722298071018
1995-01-13,233.585199919648
1995-01-16,233.51224006512007
1995-01-17,233.51224006512007
1995-01-18,233.45244925810005
1995-01-19,232.86890747189835
1995-01-20,231.70386629574674
1995-01-23,231.51157455078274
1995-01-24,231.4883939632475
1995-01-25,230.15315242963487
1995-01-26,229.21998915877904
1995-01-27,226.59487044139337
1995-01-30,226.65413765192514
1995-01-31,227.50257829273272
1995-02-01,226.19945081720365
1995-02-02,225.15969006772383
1995-02-03,232.75566830452706
1995-02-06,231.25352445615022
1995-02-07,231.42479270946498
1995-02-08,231.04723387395433
1995-02-09,228.68852233260242
1995-02-10,227.1226158755565
1995-02-13,227.46767488339228
1995-02-14,229.85766727365777
1995-02-15,231.42836167479496
1995-02-16,232.6430778847925
1995-02-17,232.05354607273176
1995-02-20,232.048860599894
1995-02-21,231.01120791051932
1995-02-22,237.73487307120172
1995-02-23,236.66993488149527
1995-02-24,238.08080832958228
1995-02-27,242.9734532716152
1995-02-28,244.9477166009235
1995-03-01,244.5512005614741
1995-03-02,238.6626655099928
1995-03-03,234.31416950037476
1995-03-06,231.4296855277016
1995-03-07,229.74978561524574
1995-03-08,233.3485794318961
1995-03-09,237.18208809536293
1995-03-10,239.58711979017755
1995-03-13,241.56024140851727
1995-03-14,249.51595734051048
1995-03-15,249.0549674866959
1995-03-16,250.50348507871308
1995-03-17,243.9171891438931
1995-03-20,242.20366145119297
1995-03-21,237.7410281026493
1995-03-22,234.09784349188288
1995-03-23,234.07121081511315
1995-03-24,244.38117254843
1995-03-27,247.96488912526206
1995-03-28,239.09008530379938
1995-03-29,239.95302504094207
1995-03-30,236.89344781557358
1995-03-31,233.83888494896036
1995-04-03,239.3143901098367
1995-04-04,240.41716187769367
1995-04-05,240.40350468998025
1995-04-06,243.17082543335297
1995-04-07,241.81874941733304
1995-04-10,240.66511113804953
1995-04-11,243.34784888826167
1995-04-12,244.88398870299596
1995-04-13,250.59520559597453
1995-04-14,250.5683665359088
1995-04-17,248.9579431021345
1995-04-18,252.1595434329178
1995-04-19,251.0410766699008
1995-04-20,255.7801312049445
1995-04-21,256.9583538746985
1995-04-24,258.26107489657704
1995-04-25,256.8548983134525
1995-04-26,255.38287185790952
1995-04-27,250.98500881866786
1995-04-28,246.64156933453683
1995-05-01,244.47541317516314
1995-05-02,250.36837156332044
1995-05-03,263.4743384621109
1995-05-04,277.0615785435511
1995-05-05,302.05577710666944
1995-05-08,301.2012023112623
1995-05-09,314.96741856556747
1995-05-10,306.26607050752074
1995-05-11,300.844957629186
1995-05-12,300.0808469287054
1995-05-15,308.4700421877416
1995-05-16,318.5924404207066
1995-05-17,320.053558149834
1995-05-18,308.03729623497065
1995-05-19,308.8278684964258
1995-05-22,304.86734852036676
1995-05-23,315.0649448612234
1995-05-24,336.77802978927616
1995-05-25,342.7018318182932
1995-05-26,342.7018318182932
1995-05-29,342.7018318182932
1995-05-30,358.1410582029561
1995-05-31,359.91635480349265
1995-06-01,379.51458068996413
1995-06-02,397.4514229738981
1995-06-05,400.3894954408377
1995-06-06,396.4489281642411
1995-06-07,372.01433248115734
1995-06-08,366.4327230160328
1995-06-09,336.6041794780544
1995-06-12,338.983281048875
1995-06-13,366.40214185284617
1995-06-14,364.2388240103349
1995-06-15,360.0606745942419
1995-06-16,357.4728332996493
1995-06-19,366.73665817396727
1995-06-20,362.5297964524438
1995-06-21,366.27339699248074
1995-06-22,377.0434784330285
1995-06-23,372.9545181283869
1995-06-26,366.7406380836353
1995-06-27,361.0959934918114
1995-06-28,367.9053713729848
1995-06-29,345.1827167756843
1995-06-30,353.27197946927174
1995-07-03,353.6544277019489
1995-07-04,353.6544277019489
1995-07-05,355.5682823188165
1995-07-06,369.7905546324571
1995-07-07,369.77758842759823
1995-07-10,370.18387830369176
1995-07-11,363.11819455969953
1995-07-12,365.0864468865783
1995-07-13,364.5922925367613
1995-07-14,357.1878528744567
1995-07-17,347.45996344353944
1995-07-18,342.9357715737082
1995-07-19,331.94191674484046
1995-07-20,332.6384341157875
1995-07-21,330.92273381401264
1995-07-24,331.773903903051
1995-07-25,331.84136857553585
1995-07-26,331.6929231050881
1995-07-27,331.8817887589466
1995-07-28,331.73473209427
1995-07-31,332.2204336678761
1995-08-01,331.6754276037101
1995-08-02,332.80857560116993
1995-08-03,331.3418523421963
1995-08-04,332.191056613995
1995-08-07,332.66376558216655
1995-08-08,332.84711748478867
1995-08-09,332.1859689816369
1995-08-10,331.1055040591828
1995-08-11,328.14165371877596
1995-08-14,328.50202829214584
1995-08-15,328.61093055741406
1995-08-16,328.6068795915805
1995-08-17,328.51312183666977
1995-08-18,328.53990390678456
1995-08-21,328.67382262675545
1995-08-22,328.557012300401
1995-08-23,328.22220213454136
1995-08-24,329.6942159543788
1995-08-25,331.47761223964335
1995-08-28,332.08689064145716
1995-08-29,330.06649870728575
1995-08-30,332.6065789652756
1995-08-31,336.23893815097557
1995-09-01,340.71374542843796
1995-09-04,340.6775174274347
1995-09-05,346.18598639527755
1995-09-06,345.5857510119755
1995-09-07,340.34404740506386
1995-09-08,337.04146704952586
1995-09-11,337.6851180915564
1995-09-12,347.7518758076621
1995-09-13,343.89001587882103
1995-09-14,357.9280376309888
1995-09-15,352.6556142959274
1995-09-18,344.6775590939617
1995-09-19,349.24332422433855
1995-09-20,354.4096224529184
1995-09-21,339.3857043105688
1995-09-22,335.53601903214457
1995-09-25,335.50034421318094
1995-09-26,333.4529869320508
1995-09-27,333.0483301440299
1995-09-28,333.77319387934153
1995-09-29,341.5268897199348
1995-10-02,341.86754875370946
1995-10-03,344.6404772629487
1995-10-04,348.3835845942685
1995-10-05,351.70373431162386
1995-10-06,352.33068546917406
1995-10-09,352.3124336254573
1995-10-10,351.52088686661267
1995-10-11,349.9405637625796
1995-10-12,355.45233566867125
1995-10-13,372.17827902140914
1995-10-16,368.73028657307697
1995-10-17,370.5282270239561
1995-10-18,363.81942318468833
1995-10-19,364.8050394589558
1995-10-20,352.95251095275245
1995-10-23,348.092490822287
1995-10-24,359.825669805229
1995-10-25,362.1966459151622
1995-10-26,355.83541830136227
1995-10-27,359.0262662294718
1995-10-30,360.63285816127495
1995-10-31,363.04518284397983
1995-11-01,372.91886334710983
1995-11-02,382.79260553176994
1995-11-03,380.68458795781277
1995-11-06,374.8765764717008
1995-11-07,366.46235713234285
1995-11-08,382.9805522942161
1995-11-09,373.44168638640525
1995-11-10,364.07901079625253
1995-11-13,372.95874372429773
1995-11-14,371.9537063938835
1995-11-15,364.771718617372
1995-11-16,377.59910235816807
1995-11-17,383.5093912498504
1995-11-20,380.48666922311287
1995-11-21,374.08406850074914
1995-11-22,371.95069019249576
1995-11-23,371.95069019249576
1995-11-24,378.3220245100945
1995-11-27,385.8555963961284
1995-11-28,386.9302824874937
1995-11-29,396.03553498038997
1995-11-30,419.2521229654195
1995-12-01,431.9575733492297
1995-12-04,456.54398744246436
1995-12-05,444.4391557155907
1995-12-06,441.4787678063871
1995-12-07,425.28516840667737
1995-12-08,419.5726922002548
1995-12-11,429.4608099986909
1995-12-12,426.581866844323
1995-12-13,423.71857794335705
1995-12-14,423.71857794335705
1995-12-15,422.29471805957354
1995-12-18,389.63497647091083
1995-12-19,421.35902135249887
1995-12-20,420.52810541221834
1995-12-21,418.86892207621685
1995-12-22,427.13839552180656
1995-12-25,427.1048616371862
1995-12-26,430.79459566864654
1995-12-27,437.26306187716597
1995-12-28,445.4153086589705
1995-12-29,455.64435372831235
1996-01-01,455.62312264590724
1996-01-02,451.6122182293071
1996-01-03,458.2488027298783
1996-01-04,442.1222407722584
1996-01-05,432.8722800390818
1996-01-08,432.8110493225956
1996-01-09,431.6485818015363
1996-01-10,404.92642450432743
1996-01-11,410.9948386025298
1996-01-12,413.4157024508295
1996-01-15,413.4157024508295
1996-01-16,425.2884405700049
1996-01-17,435.5152326964699
1996-01-18,444.15715527757607
1996-01-19,443.0586842683038
1996-01-22,420.46050901387497
1996-01-23,411.9506423069164
1996-01-24,422.63411419498846
1996-01-25,405.32185916227945
1996-01-26,417.78636917114926
1996-01-29,411.4758477968759
1996-01-30,420.1964144372403
1996-01-31,426.37374685868264
1996-02-01,424.4589217118971
1996-02-02,419.4044175273897
1996-02-05,415.75235521665024
1996-02-06,417.92818546522045
1996-02-07,418.65652197603094
1996-02-08,419.3858827100597
1996-02-09,422.30742830030385
1996-02-12,433.3119374882513
1996-02-13,437.175711887401
1996-02-14,428.81375716867956
1996-02-15,408.7883865977236
1996-02-16,394.65429428571446
1996-02-19,394.564684116378
1996-02-20,370.45465576570456
1996-02-21,370.7241451795638
1996-02-22,370.6897352923687
1996-02-23,371.8197851521803
1996-02-26,372.20068891234445
1996-02-27,374.66823882769694
1996-02-28,377.95607202146806
1996-02-29,377.6341439827059
1996-03-01,368.29679996244676
1996-03-04,362.10426750682876
1996-03-05,365.7790492207517
1996-03-06,367.2637199401428
1996-03-07,367.6029113661932
1996-03-08,376.6960356230075
1996-03-11,372.9226980830112
1996-03-12,374.24638838853855
1996-03-13,374.47067128588543
1996-03-14,374.47067128588543
1996-03-15,380.60913559564665
1996-03-18,378.9678267793655
1996-03-19,377.3962135977457
1996-03-20,372.0702620897958
1996-03-21,369.5792529075667
1996-03-22,371.5121363430953
1996-03-25,367.504283184179
1996-03-26,367.7131625977795
1996-03-27,371.9164147867322
1996-03-28,374.51195506805925
1996-03-29,371.87076772926935
1996-04-01,370.9270261938108
1996-04-02,368.57239106284175
1996-04-03,369.491007511818
1996-04-04,371.7797761734381
1996-04-05,381.1711423428907
1996-04-08,383.0929973016028
1996-04-09,379.25558913370503
1996-04-10,383.7336335446731
1996-04-11,386.85619543858667
1996-04-12,373.3256281512466
1996-04-15,370.0845844631443
1996-04-16,370.0584259483343
1996-04-17,372.1671450165177
1996-04-18,374.1591001595561
1996-04-19,371.7142172993584
1996-04-22,369.72417294512667
1996-04-23,370.1580293098913
1996-04-24,372.009276550299
1996-04-25,371.3897643748267
1996-04-26,370.35859926525677
1996-04-29,372.00485436268525
1996-04-30,374.4828798480893
1996-05-01,374.6707257137062
1996-05-02,383.2311644670532
1996-05-03,386.3470388316676
1996-05-06,384.0267910431044
1996-05-07,385.42678060172904
1996-05-08,379.1094866774118
1996-05-09,381.08581330995605
1996-05-10,371.16341841043817
1996-05-13,368.1955262184464
1996-05-14,364.1458434733246
1996-05-15,363.50427270605854
1996-05-16,366.4323411761024
1996-05-17,364.391699683457
1996-05-20,363.1726714717879
1996-05-21,363.9767641939857
1996-05-22,362.65733027080904
1996-05-23,364.7184145290658
1996-05-24,363.3242592854786
1996-05-27,363.3242592854786
1996-05-28,363.84549907717474
1996-05-29,368.02010856886926
1996-05-30,367.630266922623
1996-05-31,372.35203589659267
1996-06-03,372.60134074270957
1996-06-04,371.3853828915088
1996-06-05,367.84999251982254
1996-06-06,361.70946136799984
1996-06-07,378.55151066176694
1996-06-10,381.06390609274126
1996-06-11,381.7582797968844
1996-06-12,385.11014956336896
1996-06-13,382.7329619785162
1996-06-14,374.8131243210562
1996-06-17,369.6063566567582
1996-06-18,371.9877004033002
1996-06-19,374.77537775880717
1996-06-20,375.17596948379116
1996-06-21,373.17132086253133
1996-06-24,371.5743676546203
1996-06-25,368.3912406729516
1996-06-26,367.97617947098865
1996-06-27,360.94988172590064
1996-06-28,353.250647808536
1996-07-01,353.32215746401295
1996-07-02,352.8995709481707
1996-07-03,353.23924562638183
1996-07-04,353.23924562638183
1996-07-05,348.22528647163995
1996-07-08,347.9970129502822
1996-07-09,344.4152929765121
1996-07-10,337.415752112132
1996-07-11,333.93175984937284
1996-07-12,329.01091229706213
1996-07-15,331.8486904831649
1996-07-16,328.40739623087717
1996-07-17,328.5630934654735
1996-07-18,325.87157503363875
1996-07-19,326.99815216038735
1996-07-22,326.2642490863617
1996-07-23,326.8442193010462
1996-07-24,326.44405284545144
1996-07-25,326.4915623148668
1996-07-26,326.36512376016384
1996-07-29,327.1645583672141
1996-07-30,326.59147003991427
1996-07-31,324.5918225241022
1996-08-01,320.0541260938498
1996-08-02,317.74994082055645
1996-08-05,317.4625321029284
1996-08-06,316.5426773758819
1996-08-07,315.67049874457877
1996-08-08,315.04699299646194
1996-08-09,319.09370117817735
1996-08-12,319.408021454061
1996-08-13,313.7394669440244
1996-08-14,314.04332729247153
1996-08-15,311.68437674538205
1996-08-16,314.7462755253089
1996-08-19,313.7094098364956
1996-08-20,313.7094098364956
1996-08-21,312.6751363119044
1996-08-22,312.04967621368934
1996-08-23,308.1737770697581
1996-08-26,304.9528594369173
1996-08-27,305.0038381757358
1996-08-28,305.3709321841966
1996-08-29,307.33448454480714
1996-08-30,311.0450327996271
1996-09-02,311.00005452513767
1996-09-03,308.32855417072426
1996-09-04,310.31277181579793
1996-09-05,312.7233597927491
1996-09-06,308.5896673286129
1996-09-09,304.9123603226554
1996-09-10,308.1136108658203
1996-09-11,308.1136108658203
1996-09-12,304.466095468707
1996-09-13,294.58161167199955
1996-09-16,294.19159908286764
1996-09-17,294.74532689533686
1996-09-18,294.6343047721475
1996-09-19,294.35664563095474
1996-09-20,294.3317586819277
1996-09-23,294.0297849339447
1996-09-24,293.2294119332976
1996-09-25,292.4059462299852
1996-09-26,292.2339859774998
1996-09-27,291.66985242054966
1996-09-30,290.56828096061685
1996-10-01,293.13138530442086
1996-10-02,294.60562799931245
1996-10-03,294.56865456875624
1996-10-04,301.5475158150707
1996-10-07,298.61721792904603
1996-10-08,297.86981064542914
1996-10-09,294.88578706558843
1996-10-10,290.80733533783615
1996-10-11,295.0082633911485
1996-10-14,295.0082633911485
1996-10-15,295.0082633911485
1996-10-16,294.74903921829804
1996-10-17,298.11674195912923
1996-10-18,298.63300718066006
1996-10-21,297.23769276714285
1996-10-22,294.9784033895297
1996-10-23,295.62024329503765
1996-10-24,295.29880184736044
1996-10-25,297.2197214172815
1996-10-28,296.90939350992426
1996-10-29,306.5220428839927
1996-10-30,306.49101625593624
1996-10-31,308.7403778074713
1996-11-01,307.32981138129924
1996-11-04,308.889293053101
1996-11-05,315.8535379327908
1996-11-06,315.2502430834412
1996-11-07,320.3181729165951
1996-11-08,318.2438563505588
1996-11-11,318.2375902627256
1996-11-12,328.6673901699023
1996-11-13,327.0826585182715
1996-11-14,335.79422623257864
1996-11-15,331.2081804423626
1996-11-18,328.33795099129316
1996-11-19,333.0898251351027
1996-11-20,341.73808758076933
1996-11-21,337.79964854239546
1996-11-22,336.7872368551412
1996-11-25,338.80737782559623
1996-11-26,338.80737782559623
1996-11-27,338.79561803169406
1996-11-28,338.78974384291826
1996-11-29,358.8506624442367
1996-12-02,355.45229883290165
1996-12-03,356.73529196005865
1996-12-04,340.79450614559823
1996-12-05,313.27845415380267
1996-12-06,303.8741792241241
1996-12-09,310.8739062455064
1996-12-10,310.41167310098024
1996-12-11,295.6368528693449
1996-12-12,292.37693138044165
1996-12-13,293.99145651864984
1996-12-16,293.8929586545202
1996-12-17,293.7944854148566
1996-12-18,293.67863207144785
1996-12-19,293.64789395478874
1996-12-20,293.4852727434261
1996-12-23,293.42341468442066
1996-12-24,293.40843575075064
1996-12-25,293.39846678991984
1996-12-26,293.22635496069927
1996-12-27,294.0865376121758
1996-12-30,293.97047032357534
1996-12-31,289.95913817677825
1997-01-01,289.9093831460989
1997-01-02,288.5690696415342
1997-01-03,288.7118931779499
1997-01-06,289.25352104674823
1997-01-07,290.4162865370119
1997-01-08,290.60866520724596
1997-01-09,287.6741846445519
1997-01-10,293.2614044590699
1997-01-13,293.2614044590699
1997-01-14,288.81490101858145
1997-01-15,288.7901970826034
1997-01-16,290.5199654094367
1997-01-17,289.78774047429397
1997-01-20,289.78774047429397
1997-01-21,288.61837725287114
1997-01-22,289.46332662838597
1997-01-23,289.90147287084295
1997-01-24,290.63253813247576
1997-01-27,291.17909599793956
1997-01-28,290.11772501243945
1997-01-29,288.8376512272424
1997-01-30,287.561777684153
1997-01-31,282.96900932919334
1997-02-03,280.30632909040816
1997-02-04,280.2009761296301
1997-02-05,279.9347736704678
1997-02-06,279.55007901941207
1997-02-07,282.17134675263986
1997-02-10,282.35052600289094
1997-02-11,282.0685724812032
1997-02-12,281.75337805946043
1997-02-13,286.5849442505255
1997-02-14,290.0623355976671
1997-02-17,290.0151433529415
1997-02-18,288.96697765518053
1997-02-19,286.34420248898704
1997-02-20,280.3679406067355
1997-02-21,279.7871372767331
1997-02-24,277.69185957544033
1997-02-25,277.29866385282673
1997-02-26,266.67314240078224
1997-02-27,265.03809658524983
1997-02-28,264.8263383313642
1997-03-03,265.2916317440531
1997-03-04,266.6410211813017
1997-03-05,266.1874897972962
1997-03-06,268.0298706053389
1997-03-07,264.8421439353254
1997-03-10,264.8421439353254
1997-03-11,265.4217138936771
1997-03-12,266.7349481779825
1997-03-13,273.32471677805563
1997-03-14,271.4250864918425
1997-03-17,272.7208260303867
1997-03-18,273.3836131090663
1997-03-19,274.4952702663586
1997-03-20,274.88040593602335
1997-03-21,275.30536947645453
1997-03-24,273.0141077869106
1997-03-25,276.7442488647797
1997-03-26,279.09890042018463
1997-03-27,289.028999306749
1997-03-28,289.00297339358104
1997-03-31,290.24292037127304
1997-04-01,286.480882818553
1997-04-02,285.0798896183358
1997-04-03,282.9860177185361
1997-04-04,289.91915888742227
1997-04-07,283.0955736068924
1997-04-08,286.4307774739082
1997-04-09,286.4307774739082
1997-04-10,287.0587274873033
1997-04-11,295.2353431054726
1997-04-14,295.2229541648172
1997-04-15,283.6542223450205
1997-04-16,285.7597522580094
1997-04-17,281.22300534062873
1997-04-18,278.9989349884273
1997-04-21,282.12544783324387
1997-04-22,279.4505696984112
1997-04-23,282.48220536778337
1997-04-24,285.81697209583376
1997-04-25,286.5403679302719
1997-04-28,284.2774779896952
1997-04-29,267.8976504903845
1997-04-30,261.7009669603376
1997-05-01,260.8327443530419
1997-05-02,260.86971089153985
1997-05-05,260.963487460308
1997-05-06,260.9558920762874
1997-05-07,258.07952481130457
1997-05-08,259.5824716800063
1997-05-09,261.06574937568627
1997-05-12,261.60734799974983
1997-05-13,259.9611581367249
1997-05-14,261.29976369354586
1997-05-15,261.68364469247024
1997-05-16,260.64981131802836
1997-05-19,260.4582161057657
1997-05-20,261.02519322825907
1997-05-21,260.0098098723046
1997-05-22,259.3198266990658
1997-05-23,259.6685253142995
1997-05-26,259.6685253142995
1997-05-27,259.1627414505762
1997-05-28,259.01429727614567
1997-05-29,258.60353295037885
1997-05-30,256.69845168157997
1997-06-02,256.3024855333421
1997-06-03,256.73769983197633
1997-06-04,256.70897383514824
1997-06-05,256.69823333263173
1997-06-06,263.31581807104766
1997-06-09,259.78187453368827
1997-06-10,258.500151605662
1997-06-11,258.49652334552695
1997-06-12,265.53956246552855
1997-06-13,269.65188254326574
1997-06-16,271.6979205168554
1997-06-17,269.57738570257567
1997-06-18,272.02583588285523
1997-06-19,272.0184362679531
1997-06-20,275.2117828584227
1997-06-23,271.2534444456652
1997-06-24,271.2534444456652
1997-06-25,267.0072331748179
1997-06-26,260.6889451279374
1997-06-27,263.7385473922508
1997-06-30,258.6121072399413
1997-07-01,264.538718540755
1997-07-02,266.1335754343708
1997-07-03,273.15940390254264
1997-07-04,273.12165660536806
1997-07-07,277.22599482802707
1997-07-08,277.17026401895754
1997-07-09,279.2416240852567
1997-07-10,279.22669510908446
1997-07-11,281.60498094468204
1997-07-14,278.3500695444835
1997-07-15,278.3500695444835
1997-07-16,288.42364014610536
1997-07-17,288.4198270663468
1997-07-18,281.4091717788164
1997-07-21,277.7381085004453
1997-07-22,296.79947583190545
1997-07-23,298.53154020164754
1997-07-24,298.53154020164754
1997-07-25,294.2191173095873
1997-07-28,299.6149914777623
1997-07-29,308.73120847084874
1997-07-30,316.162205424595
1997-07-31,324.4482904772007
1997-08-01,281.950405393171
1997-08-04,277.50823734436534
1997-08-05,276.5333244596996
1997-08-06,277.6512732406342
1997-08-07,275.25554797601393
1997-08-08,267.0781493870419
1997-08-11,267.2963121420734
1997-08-12,266.96348102037354
1997-08-13,267.2272987032146
1997-08-14,267.3879606463973
1997-08-15,267.30012804492577
1997-08-18,267.96618969809873
1997-08-19,267.9359678253627
1997-08-20,267.001460949625
1997-08-21,263.69844780107843
1997-08-22,260.41428108556494
1997-08-25,259.4287156615635
1997-08-26,259.6319241341882
1997-08-27,259.6283587624841
1997-08-28,260.16780130062784
1997-08-29,259.88342784653526
1997-09-01,259.88342784653526
1997-09-02,260.3557748455839
1997-09-03,260.10501727835634
1997-09-04,260.10501727835634
1997-09-05,259.48608677990916
1997-09-08,259.9803801492315
1997-09-09,259.85663689355516
1997-09-10,259.4855347367587
1997-09-11,258.8676689739299
1997-09-12,261.2115234369159
1997-09-15,261.32174667594313
1997-09-16,267.2280002277408
1997-09-17,267.9179235831589
1997-09-18,267.19874787942524
1997-09-19,268.0564353986391
1997-09-22,271.43072348130084
1997-09-23,267.8412362787633
1997-09-24,272.8070929685266
1997-09-25,263.30051209782914
1997-09-26,268.18004271905994
1997-09-29,267.2365813595923
1997-09-30,265.3544938801244
1997-10-01,272.84064717016236
1997-10-02,275.1709012149759
1997-10-03,275.6213903790511
1997-10-06,280.89246586233565
1997-10-07,283.726653633409
1997-10-08,265.568463640828
1997-10-09,263.38934774049034
1997-10-10,257.9052319843079
1997-10-13,257.8693937216172
1997-10-14,261.39217056606435
1997-10-15,259.96918889446044
1997-10-16,259.96918889446044
1997-10-17,256.6619719714926
1997-10-20,257.34253461782845
1997-10-21,257.34253461782845
1997-10-22,257.84504755713476
1997-10-23,261.0321050119405
1997-10-24,261.8563645883655
1997-10-27,266.81355624440863
1997-10-28,261.4569187058507
1997-10-29,267.6242773812692
1997-10-30,273.4488245260287
1997-10-31,274.34361943813985
1997-11-03,267.2856779227742
1997-11-04,262.9624022723179
1997-11-05,263.447290391542
1997-11-06,268.19116261612896
1997-11-07,267.33972055257914
1997-11-10,266.9149840006902
1997-11-11,266.9149840006902
1997-11-12,268.1877203514426
1997-11-13,269.4648715064116
1997-11-14,270.2441871064761
1997-11-17,271.65991385086244
1997-11-18,271.6450619236622
1997-11-19,275.4586116335167
1997-11-20,272.56561510508146
1997-11-21,276.3378419580204
1997-11-24,270.6111279343371
1997-11-25,271.27127900597014
1997-11-26,269.94862507451137
1997-11-27,269.9449956449509
1997-11-28,269.9449956449509
1997-12-01,271.2325483609262
1997-12-02,271.2325483609262
1997-12-03,273.7383680623625
1997-12-04,273.7311777090525
1997-12-05,264.56389841495815
1997-12-08,257.13105356372836
1997-12-09,258.6756130021968
1997-12-10,262.370955689448
1997-12-11,267.625334546945
1997-12-12,272.90882880576686
1997-12-15,268.9455187824388
1997-12-16,269.5796438928461
1997-12-17,266.39628597040047
1997-12-18,271.6174330454787
1997-12-19,278.89881212421363
1997-12-22,278.1940992374468
1997-12-23,277.4074396242725
1997-12-24,274.9270204084588
1997-12-25,274.9270204084588
1997-12-26,274.9270204084588
1997-12-29,271.59954310233377
1997-12-30,263.35105141620573
1997-12-31,271.24617729893185
1998-01-01,271.24617729893185
1998-01-02,283.36968527635014
1998-01-05,303.7150033894086
1998-01-06,306.56770372353674
1998-01-07,298.55941297324
1998-01-08,310.93966473872126
1998-01-09,328.2633399803629
1998-01-12,328.2633399803629
1998-01-13,322.56208426687436
1998-01-14,314.12404764667025
1998-01-15,312.2863721852381
1998-01-16,300.3944871375202
1998-01-19,300.35071931650697
1998-01-20,296.5974313229147
1998-01-21,300.272385098782
1998-01-22,300.272385098782
1998-01-23,281.8848724083067
1998-01-26,289.97788669359664
1998-01-27,286.0171737818648
1998-01-28,285.99737005694016
1998-01-29,291.78331527262753
1998-01-30,293.63612561689274
1998-02-02,291.2783211226228
1998-02-03,291.98751307965756
1998-02-04,291.98751307965756
1998-02-05,288.0757929339202
1998-02-06,287.7119718780446
1998-02-09,285.1635821907608
1998-02-10,286.54379352232064
1998-02-11,290.16764158659237
1998-02-12,289.24911765555987
1998-02-13,291.3357846586123
1998-02-16,291.3156909370123
1998-02-17,294.94758969352137
1998-02-18,292.0599460005233
1998-02-19,290.51620996314625
1998-02-20,287.9534473352631
1998-02-23,282.85360544732634
1998-02-24,272.763951622225
1998-02-25,276.18493377030217
1998-02-26,275.40905234440095
1998-02-27,276.0464659257883
1998-03-02,274.24849376058063
1998-03-03,273.06701151079164
1998-03-04,273.10163849394326
1998-03-05,273.3036750858301
1998-03-06,272.4598178500249
1998-03-09,271.41227461232165
1998-03-10,271.2767551368804
1998-03-11,271.1645126129773
1998-03-12,271.736843333864
1998-03-13,271.27233298934857
1998-03-16,273.4884048540874
1998-03-17,272.2046048524495
1998-03-18,270.66926085743313
1998-03-19,269.9047555069147
1998-03-20,271.04914834426415
1998-03-23,271.4317927784942
1998-03-24,271.4317927784942
1998-03-25,266.45228530655754
1998-03-26,263.780226495313
1998-03-27,262.85188201055905
1998-03-30,261.6386019793657
1998-03-31,262.7238174479815
1998-04-01,262.7238174479815
1998-04-02,262.6786787576611
1998-04-03,265.48536352280934
1998-04-06,262.861825094948
1998-04-07,261.0928736976102
1998-04-08,257.1321362392395
1998-04-09,257.1171741362536
1998-04-10,257.1063703305351
1998-04-13,251.74977477557712
1998-04-14,253.79239309573478
1998-04-15,254.51103389421047
1998-04-16,254.79547799173892
1998-04-17,254.93656455437122
1998-04-20,253.32517480470577
1998-04-21,251.13897528560165
1998-04-22,251.10386831099683
1998-04-23,250.83006322306827
1998-04-24,251.2142750406916
1998-04-27,249.37040009672796
1998-04-28,249.2409598744492
1998-04-29,249.347084229357
1998-04-30,243.943238908244
1998-05-01,243.41739369103544
1998-05-04,243.392749382507
1998-05-05,243.38217884713765
1998-05-06,243.63971548127302
1998-05-07,243.6291919224192
1998-05-08,243.17116641884112
1998-05-11,241.9700673363752
1998-05-12,243.39516509115637
1998-05-13,243.39516509115637
1998-05-14,243.38095009435298
1998-05-15,243.3434776191726
1998-05-18,243.72973903149418
1998-05-19,243.6366860544712
1998-05-20,244.1485779200738
1998-05-21,243.37071621208287
1998-05-22,243.97161496545402
1998-05-25,243.97161496545402
1998-05-26,245.32600319938047
1998-05-27,246.3663316467215
1998-05-28,245.92736666490745
1998-05-29,246.50766660682234
1998-06-01,248.31991778177417
1998-06-02,246.99636144031936
1998-06-03,246.23730689966865
1998-06-04,244.34382162756108
1998-06-05,245.47031057213778
1998-06-08,245.47031057213778
1998-06-09,245.10324836715486
1998-06-10,249.8699869852262
1998-06-11,256.1791373176095
1998-06-12,257.7806749773989
1998-06-15,260.5334679422235
1998-06-16,250.02322619512674
1998-06-17,236.00304251854433
1998-06-18,240.24736998614
1998-06-19,242.22173931492358
1998-06-22,242.8634050761391
1998-06-23,244.14914284517457
1998-06-24,243.16455941613432
1998-06-25,242.78922317927294
1998-06-26,243.5390746049776
1998-06-29,242.40853179910022
1998-06-30,244.71978938874415
1998-07-01,245.48213236208167
1998-07-02,247.19308597885941
1998-07-03,247.16994631028442
1998-07-06,249.99070212405545
1998-07-07,247.11441838776605
1998-07-08,245.76935001651344
1998-07-09,250.45884682611242
1998-07-10,249.7798328103868
1998-07-13,242.32515012361543
1998-07-14,238.31416497818861
1998-07-15,239.3701614606536
1998-07-16,237.75504476412584
1998-07-17,237.3459562006138
1998-07-20,239.3005942226785
1998-07-21,240.53055887673574
1998-07-22,239.89148489423582
1998-07-23,241.41476055620384
1998-07-24,240.17340629905055
1998-07-27,239.19540775594078
1998-07-28,237.73262755999326
1998-07-29,234.81968364728831
1998-07-30,236.2206016447853
1998-07-31,236.2206016447853
1998-08-03,239.9190282628779
1998-08-04,241.59055104575322
1998-08-05,242.41259743038734
1998-08-06,241.13364442465786
1998-08-07,250.08525734899766
1998-08-10,249.27622783537012
1998-08-11,255.44239064311617
1998-08-12,252.4738886299803
1998-08-13,245.93109207228628
1998-08-14,251.19337155867183
1998-08-17,251.19337155867183
1998-08-18,250.13979144399582
1998-08-19,250.13979144399582
1998-08-20,258.5431464386518
1998-08-21,272.51339833161495
1998-08-24,279.4711978037079
1998-08-25,292.23037122449347
1998-08-26,304.1933975468405
1998-08-27,330.39018212534506
1998-08-28,341.84102235459414
1998-08-31,359.00378456668045
1998-09-01,357.37036867365566
1998-09-02,344.79268353513015
1998-09-03,358.5534571819982
1998-09-04,363.2822897091875
1998-09-07,363.2822897091875
1998-09-08,356.9121582256862
1998-09-09,393.03677573540455
1998-09-10,469.2207412155478
1998-09-11,435.9657283393885
1998-09-14,432.7898619421935
1998-09-15,427.71170857055705
1998-09-16,434.75336168179535
1998-09-17,452.08271280879603
1998-09-18,473.1308662346314
1998-09-21,474.22339694839116
1998-09-22,459.9934233927638
1998-09-23,476.00573534290066
1998-09-24,490.27987747186694
1998-09-25,498.15642458688217
1998-09-28,495.87595321814473
1998-09-29,499.283618825611
1998-09-30,534.697535175587
1998-10-01,568.5680491579136
1998-10-02,567.2880262452162
1998-10-05,597.6496314393735
1998-10-06,578.1084270742083
1998-10-07,548.9709555983634
1998-10-08,487.6014783958018
1998-10-09,441.59764844647304
1998-10-12,441.5033297118883
1998-10-13,444.1431584442337
1998-10-14,451.6670794951568
1998-10-15,451.6539071967694
1998-10-16,458.01888657539587
1998-10-19,457.36379355695885
1998-10-20,453.16984914258046
1998-10-21,450.68058482143886
1998-10-22,448.82203784766654
1998-10-23,443.2652147144589
1998-10-26,444.4606421725811
1998-10-27,449.70107585349217
1998-10-28,451.6250296189794
1998-10-29,454.25905364021304
1998-10-30,446.2878295897177
1998-11-02,437.0622141474106
1998-11-03,437.34012620699286
1998-11-04,430.99571654348836
1998-11-05,430.2244926400072
1998-11-06,428.0566005576985
1998-11-09,428.8637331408504
1998-11-10,428.5001393243161
1998-11-11,428.4932477577581
1998-11-12,428.3115782038414
1998-11-13,428.162473735916
1998-11-16,427.91489757635236
1998-11-17,427.7169294897612
1998-11-18,427.81587641404053
1998-11-19,427.51897998355764
1998-11-20,427.91461921854534
1998-11-23,427.66715924078665
1998-11-24,427.51875285225015
1998-11-25,427.4692979691702
1998-11-26,427.4692979691702
1998-11-27,427.6670989559086
1998-11-30,428.656474766451
1998-12-01,429.4572890878575
1998-12-02,432.5424637745632
1998-12-03,431.99404821410525
1998-12-04,426.4937695824697
1998-12-07,418.59636303873265
1998-12-08,425.93779489149097
1998-12-09,430.12886169453265
1998-12-10,431.8044449623149
1998-12-11,426.72385587450765
1998-12-14,428.99535250296645
1998-12-15,424.4327675876284
1998-12-16,428.9419543325194
1998-12-17,428.9419543325194
1998-12-18,427.55348170239654
1998-12-21,422.01417014452136
1998-12-22,416.5119352647996
1998-12-23,410.3545736851279
1998-12-24,408.0592297588657
1998-12-25,408.0108037601325
1998-12-28,406.5820233745571
1998-12-29,405.34722969258166
1998-12-30,404.65634868758957
1998-12-31,404.65342381563073
1999-01-01,404.6396391522044
1999-01-04,404.16653949049913
1999-01-05,403.30000325074985
1999-01-06,403.8436831928679
1999-01-07,403.15089812847765
1999-01-08,401.7604252337157
1999-01-11,401.32292570483105
1999-01-12,400.0669295496844
1999-01-13,397.48845944419384
1999-01-14,394.205218853662
1999-01-15,395.712627378475
1999-01-18,395.712627378475
1999-01-19,395.5267351432081
1999-01-20,394.96926756617194
1999-01-21,395.8151555603111
1999-01-22,396.07855736170256
1999-01-25,396.0377252575464
1999-01-26,395.36624824221826
1999-01-27,395.98545605252104
1999-01-28,396.2954469625539
1999-01-29,396.75392922913977
1999-02-01,393.154280005699
1999-02-02,390.52253939843587
1999-02-03,389.0886304316422
1999-02-04,388.74206675191533
1999-02-05,389.29164445809283
1999-02-08,388.18037927659896
1999-02-09,385.7326661100596
1999-02-10,386.6889522964638
1999-02-11,387.327731546353
1999-02-12,397.5616139088263
1999-02-15,397.50490757081695
1999-02-16,397.1473259185005
1999-02-17,393.5459236589686
1999-02-18,398.54307613601566
1999-02-19,401.0669504589542
1999-02-22,397.25488346135575
1999-02-23,402.91115776072866
1999-02-24,411.2720557585007
1999-02-25,423.76165804254003
1999-02-26,419.40315292287477
1999-03-01,433.5743736895703
1999-03-02,428.2309313476566
1999-03-03,433.6376708997613
1999-03-04,439.23315402028163
1999-03-05,426.1669645983697
1999-03-08,423.88259067125375
1999-03-09,410.8935849517568
1999-03-10,413.43742253842765
1999-03-11,413.42993789022006
1999-03-12,409.0978727892713
1999-03-15,406.6817575477418
1999-03-16,402.9544473984514
1999-03-17,405.08669382103335
1999-03-18,403.6661374946617
1999-03-19,407.3491961250915
1999-03-22,409.0614996620136
1999-03-23,409.03173707836515
1999-03-24,406.217169945249
1999-03-25,410.39346159729735
1999-03-26,410.38598434042564
1999-03-29,414.7571412889808
1999-03-30,408.63115737597786
1999-03-31,413.3518903053736
1999-04-01,415.9988609897607
1999-04-02,404.82426065645114
1999-04-05,403.72325305743954
1999-04-06,397.7903226893485
1999-04-07,398.69644847277004
1999-04-08,394.4033122336152
1999-04-09,394.4616189975135
1999-04-12,394.4320621015163
1999-04-13,393.12677642221
1999-04-14,392.75693133989336
1999-04-15,392.10408848832736
1999-04-16,391.5136206964459
1999-04-19,391.1781923222432
1999-04-20,390.10374002653833
1999-04-21,390.2568974452966
1999-04-22,393.32100305432976
1999-04-23,393.1445533362705
1999-04-26,392.1131385476829
1999-04-27,390.80596302341564
1999-04-28,392.37040703055266
1999-04-29,388.9699739069979
1999-04-30,398.0318269495563
1999-05-03,398.2112981256498
1999-05-04,400.90573002576866
1999-05-05,399.1379132343255
1999-05-06,409.6198094122463
1999-05-07,412.7021551621343
1999-05-10,409.4748383086528
1999-05-11,416.48011733539676
1999-05-12,413.2283576654703
1999-05-13,397.36639373637183
1999-05-14,428.0233291842552
1999-05-17,431.5816549958312
1999-05-18,435.0617461577326
1999-05-19,428.8079442093347
1999-05-20,429.96471158729264
1999-05-21,423.588573651008
1999-05-24,420.7091703350692
1999-05-25,421.2222462692398
1999-05-26,426.5973506838913
1999-05-27,435.48368097668197
1999-05-28,435.45924567039987
1999-05-31,435.4348126941577
1999-06-01,454.1081017868665
1999-06-02,453.9893983715479
1999-06-03,449.6190635502873
1999-06-04,449.6190635502873
1999-06-07,448.67440578481023
1999-06-08,452.4465423245807
1999-06-09,457.1941297976826
1999-06-10,467.7037133018164
1999-06-11,488.24904585223
1999-06-14,476.851720588843
1999-06-15,472.38111975427944
1999-06-16,465.72718923713586
1999-06-17,430.65210350443346
1999-06-18,441.76988647844223
1999-06-21,449.0762378909024
1999-06-22,453.88065497244787
1999-06-23,461.7335690346205
1999-06-24,467.6912677410149
1999-06-25,463.73565836048334
1999-06-28,451.6065333360711
1999-06-29,445.00577250824927
1999-06-30,420.27339178947994
1999-07-01,427.4420401031027
1999-07-02,426.6437770556615
1999-07-05,426.6437770556615
1999-07-06,429.6719787737315
1999-07-07,431.9561891821932
1999-07-08,426.3980108788128
1999-07-09,427.2205077708109
1999-07-12,417.9529597826521
1999-07-13,415.85455010420037
1999-07-14,417.06896071731865
1999-07-15,416.8265846419824
1999-07-16,415.2115015649762
1999-07-19,414.8762735475335
1999-07-20,414.4125746759032
1999-07-21,414.59230923536217
1999-07-22,416.1682481823954
1999-07-23,416.9670099831009
1999-07-26,417.4656638991068
1999-07-27,414.9931942823848
1999-07-28,415.21045703622275
1999-07-29,421.51373497152525
1999-07-30,424.56690380504716
1999-08-02,425.28840466384344
1999-08-03,428.2980122225499
1999-08-04,427.2553134667355
1999-08-05,418.344176000382
1999-08-06,441.9313613403656
1999-08-09,456.78500622070806
1999-08-10,459.4499741652828
1999-08-11,452.5633661445934
1999-08-12,452.10577460700495
1999-08-13,431.0739952555693
1999-08-16,429.0724014640963
1999-08-17,416.4711267265844
1999-08-18,415.81928564136035
1999-08-19,417.74970305991246
1999-08-20,416.6737544582411
1999-08-23,417.1339170208054
1999-08-24,412.68171720395446
1999-08-25,405.9514740866341
1999-08-26,407.194027473825
1999-08-27,407.4872490209583
1999-08-30,407.82282774775905
1999-08-31,407.9164170156571
1999-09-01,407.76572745926416
1999-09-02,409.9674618373667
1999-09-03,400.96050706431254
1999-09-06,400.921277228487
1999-09-07,404.37293790438946
1999-09-08,402.55246683164086
1999-09-09,405.514118722263
1999-09-10,399.9850580487382
1999-09-13,401.2088028754574
1999-09-14,403.8401490905535
1999-09-15,401.8247884941913
1999-09-16,400.0684017344617
1999-09-17,398.0616142458025
1999-09-20,400.247093059363
1999-09-21,400.9505655339778
1999-09-22,400.4744468083076
1999-09-23,397.37776116868116
1999-09-24,394.0244337521465
1999-09-27,395.8616511719046
1999-09-28,395.024884635552
1999-09-29,393.84771935887056
1999-09-30,393.5437712588045
1999-10-01,397.2761960289492
1999-10-04,395.2842104929623
1999-10-05,400.1596644400023
1999-10-06,400.60869483659224
1999-10-07,400.86377666306703
1999-10-08,399.9896559903983
1999-10-11,399.9896559903983
1999-10-12,402.6146016843479
1999-10-13,407.3134046170665
1999-10-14,410.98333704107904
1999-10-15,401.496538628512
1999-10-18,405.23921771539386
1999-10-19,409.4074412615459
1999-10-20,410.9834205329488
1999-10-21,412.0306088466101
1999-10-22,413.37083631059375
1999-10-25,414.54473604270953
1999-10-26,415.78563921928134
1999-10-27,406.84412936647317
1999-10-28,395.32535227329805
1999-10-29,379.3683522273535
1999-11-01,382.69303682630994
1999-11-02,381.8042862853387
1999-11-03,381.30363677301864
1999-11-04,380.3825631330443
1999-11-05,380.04511118478143
1999-11-08,379.7682344569234
1999-11-09,379.39341552375396
1999-11-10,378.5694580908225
1999-11-11,378.5694580908225
1999-11-12,380.66319946996987
1999-11-15,380.3651499586001
1999-11-16,379.3743968368106
1999-11-17,376.9026226031208
1999-11-18,376.344200003678
1999-11-19,376.30796927627415
1999-11-22,376.7303628735309
1999-11-23,376.4827700029231
1999-11-24,376.05982148573355
1999-11-25,376.05982148573355
1999-11-26,377.06401017168
1999-11-29,380.959297228673
1999-11-30,378.7339706643193
1999-12-01,381.03787789814135
1999-12-02,383.66246660042344
1999-12-03,377.0569357647544
1999-12-06,374.62506388114275
1999-12-07,370.022111091383
1999-12-08,371.4828364711237
1999-12-09,371.4828364711237
1999-12-10,367.6999234003749
1999-12-13,368.44257470666986
1999-12-14,366.20283364635355
1999-12-15,365.40445454241404
1999-12-16,366.8727947445646
1999-12-17,367.0559719826173
1999-12-20,372.1289265550161
1999-12-21,374.7207679312488
1999-12-22,375.5911424374122
1999-12-23,378.24832113732725
1999-12-24,378.2242113080896
1999-12-27,375.7583677185322
1999-12-28,381.0734807328878
1999-12-29,376.93925550783956
1999-12-30,374.0701677989252
1999-12-31,384.6626731106825
2000-01-03,405.48802234590704
2000-01-04,392.23227946929586
2000-01-05,410.967870606596
2000-01-06,401.57883598419977
2000-01-07,391.03307536012187
2000-01-10,397.39929040635974
2000-01-11,397.39929040635974
2000-01-12,418.733056846445
2000-01-13,403.86885744127704
2000-01-14,415.8881106377774
2000-01-17,415.8881106377774
2000-01-18,428.38227581728603
2000-01-19,422.775736632918
2000-01-20,430.86242380895834
2000-01-21,433.1434732862625
2000-01-24,416.17157947540295
2000-01-25,418.45992106556207
2000-01-26,415.0106927487836
2000-01-27,415.7867266022964
2000-01-28,408.40049949399946
2000-01-31,410.97679363729117
2000-02-01,404.4299034688134
2000-02-02,401.6523394154717
2000-02-03,390.0584159280877
2000-02-04,396.0878817571419
2000-02-07,401.6068594416901
2000-02-08,398.8801318782016
2000-02-09,404.36391582783165
2000-02-10,408.38135001899747
2000-02-11,405.5431782630049
2000-02-14,395.03735908972686
2000-02-15,398.2614930208794
2000-02-16,398.71304249892967
2000-02-17,401.8767533622823
2000-02-18,394.25842108272826
2000-02-21,394.24014072050966
2000-02-22,380.988326947441
2000-02-23,387.7790076688928
2000-02-24,387.1464192683223
2000-02-25,387.1342567015192
2000-02-28,387.1281591080524
2000-02-29,387.17534623507566
2000-03-01,387.16318983851636
2000-03-02,387.2469210117698
2000-03-03,387.05659018324957
2000-03-06,387.27728770067637
2000-03-07,387.1265750264099
2000-03-08,387.1265750264099
2000-03-09,386.7612300951401
2000-03-10,387.1377094840418
2000-03-13,386.863694522457
2000-03-14,386.1562207163541
2000-03-15,385.8811341941207
2000-03-16,386.1984804268958
2000-03-17,387.5583604488685
2000-03-20,387.4559943229997
2000-03-21,389.627984405887
2000-03-22,390.39986340116866
2000-03-23,392.3359411106151
2000-03-24,381.6557450806606
2000-03-27,383.3461707048466
2000-03-28,384.50660865462874
2000-03-29,386.2553746952416
2000-03-30,393.6745680294588
2000-03-31,396.4671922090689
2000-04-03,399.01912287978865
2000-04-04,412.8238385932821
2000-04-05,407.1764458750554
2000-04-06,402.1652057246789
2000-04-07,402.1652057246789
2000-04-10,417.98340970500635
2000-04-11,401.6410367050211
2000-04-12,384.2618260116529
2000-04-13,392.2859927519574
2000-04-14,395.36278020665713
2000-04-17,386.84873242185523
2000-04-18,385.95063469568186
2000-04-19,390.6416396942914
2000-04-20,390.1050004008757
2000-04-21,390.1050004008757
2000-04-24,390.1050004008757
2000-04-25,385.2805293031796
2000-04-26,385.40372654523105
2000-04-27,382.600524292293
2000-04-28,382.87954676030125
2000-05-01,383.31111663715063
2000-05-02,383.9726863184937
2000-05-03,385.8482984270143
2000-05-04,388.2792409891156
2000-05-05,390.9186560348946
2000-05-08,394.5780653232425
2000-05-09,390.7207552488376
2000-05-10,382.13314203198297
2000-05-11,379.46668424320256
2000-05-12,388.3148215122108
2000-05-15,384.88135792345304
2000-05-16,382.06532843694686
2000-05-17,386.09609390237125
2000-05-18,391.69379423371566
2000-05-19,387.4440339516449
2000-05-22,380.1171408163092
2000-05-23,381.4288968302402
2000-05-24,381.42293560380296
2000-05-25,377.57155211897253
2000-05-26,374.04365093478367
2000-05-29,373.99643943118326
2000-05-30,373.5409584776673
2000-05-31,374.31786161266973
2000-06-01,375.05597169897385
2000-06-02,375.87706526629046
2000-06-05,377.3510246498592
2000-06-06,376.28318181943825
2000-06-07,376.81900039898517
2000-06-08,377.80243958730813
2000-06-09,376.72159183959104
2000-06-12,379.7011017885885
2000-06-13,377.15990869033567
2000-06-14,383.6015674576553
2000-06-15,383.07984702310466
2000-06-16,388.6558360474188
2000-06-19,386.21521986263826
2000-06-20,384.0272513732565
2000-06-21,374.4979648618455
2000-06-22,373.10016717018505
2000-06-23,368.7286912729648
2000-06-26,374.2435833731248
2000-06-27,374.2435833731248
2000-06-28,373.7022547577651
2000-06-29,376.7813194136906
2000-06-30,377.37012565659586
2000-07-03,380.7720532425863
2000-07-04,380.73092907001296
2000-07-05,382.29330458949045
2000-07-06,376.23532058780995
2000-07-07,381.73033350407184
2000-07-10,379.09587074272144
2000-07-11,376.999826308222
2000-07-12,373.5971887968263
2000-07-13,381.5051090658645
2000-07-14,371.814818745914
2000-07-17,367.3193364928263
2000-07-18,367.53097500346337
2000-07-19,367.5195926654343
2000-07-20,370.83755419012994
2000-07-21,371.06741458350376
2000-07-24,369.3041623108131
2000-07-25,370.20977268652234
2000-07-26,370.2795694496555
2000-07-27,372.44359028095124
2000-07-28,371.02350277103574
2000-07-31,371.26637426465203
2000-08-01,374.42533167964484
2000-08-02,376.19575518070434
2000-08-03,377.90145677113475
2000-08-04,382.5372897160332
2000-08-07,376.7955954368912
2000-08-08,382.7220156895482
2000-08-09,384.0193311067138
2000-08-10,387.1027621505595
2000-08-11,378.7066554194711
2000-08-14,381.9261189081955
2000-08-15,378.0314648431504
2000-08-16,378.0138099755007
2000-08-17,376.8897306254802
2000-08-18,381.5065141353008
2000-08-21,380.2199889178455
2000-08-22,381.3605113915254
2000-08-23,388.50570648249334
2000-08-24,388.7546604882729
2000-08-25,388.7194189078261
2000-08-28,380.72399592582
2000-08-29,375.13905522184655
2000-08-30,375.6499369621051
2000-08-31,386.46151334476116
2000-09-01,393.6064168220123
2000-09-04,393.54667205986334
2000-09-05,394.12504706618347
2000-09-06,387.5265523381502
2000-09-07,382.40752353859966
2000-09-08,386.3767645710171
2000-09-11,381.1634136257715
2000-09-12,381.14056761699413
2000-09-13,388.2392496311043
2000-09-14,381.86162443279807
2000-09-15,377.05806636423364
2000-09-18,374.55343242068426
2000-09-19,376.1216215479875
2000-09-20,372.88548240152846
2000-09-21,375.0751557848135
2000-09-22,377.67322304301166
2000-09-25,378.40329758890334
2000-09-26,381.71966519565706
2000-09-27,380.64157036553905
2000-09-28,380.6253138409975
2000-09-29,382.73223451923457
2000-10-02,381.96603580661576
2000-10-03,374.03078045252647
2000-10-04,370.9489013493638
2000-10-05,376.42021829987584
2000-10-06,380.845715483927
2000-10-09,380.81334858199807
2000-10-10,384.3443216106471
2000-10-11,388.0031012479213
2000-10-12,399.5823853199359
2000-10-13,399.5269919733194
2000-10-16,395.11785975850904
2000-10-17,414.2998087158719
2000-10-18,414.2998087158719
2000-10-19,416.7077725066295
2000-10-20,427.30460026826427
2000-10-23,443.59538515926624
2000-10-24,430.4726528144059
2000-10-25,412.9711995891306
2000-10-26,411.270274926645
2000-10-27,399.2279596095953
2000-10-30,395.3238002747323
2000-10-31,386.812783985439
2000-11-01,391.7572203679061
2000-11-02,394.50030361277084
2000-11-03,379.1321613645552
2000-11-06,373.47727682349296
2000-11-07,373.70850946618737
2000-11-08,374.2711865589388
2000-11-09,375.975598635635
2000-11-10,376.4568445515208
2000-11-13,378.07778479547125
2000-11-14,379.0672178694039
2000-11-15,383.81333542206653
2000-11-16,388.3886179179039
2000-11-17,384.20740789185004
2000-11-20,389.9271078975725
2000-11-21,391.009360429884
2000-11-22,404.39482769030303
2000-11-23,404.35859469325584
2000-11-24,396.7301709485203
2000-11-27,395.705664970939
2000-11-28,412.7455472043151
2000-11-29,422.61589898799815
2000-11-30,452.0185962101367
2000-12-01,428.09789426196545
2000-12-04,428.04883734724905
2000-12-05,454.5447938905672
2000-12-06,484.31542784534287
2000-12-07,485.8615649799947
2000-12-08,469.72290968218635
2000-12-11,464.61320733597427
2000-12-12,471.1239033830673
2000-12-13,493.44235466995866
2000-12-14,512.8312291014412
2000-12-15,524.6090792857345
2000-12-18,533.0120233055005
2000-12-19,521.251846810028
2000-12-20,547.121161993602
2000-12-21,562.0453937920794
2000-12-22,571.8002188912345
2000-12-25,571.8002188912345
2000-12-26,566.205382693281
2000-12-27,537.183810709705
2000-12-28,527.7890443887308
2000-12-29,535.7036429976584
2001-01-01,535.7036429976584
2001-01-02,599.8699794627345
2001-01-03,524.2402798070427
2001-01-04,561.0756684715152
2001-01-05,576.6935811391547
2001-01-08,584.2429439037384
2001-01-09,572.5382823018072
2001-01-10,552.7194197952257
2001-01-11,546.0945509582597
2001-01-12,527.6451904322175
2001-01-15,527.5691847655145
2001-01-16,529.7264538381459
2001-01-17,536.6326621307526
2001-01-18,542.7751725817798
2001-01-19,536.5309043939088
2001-01-22,530.9363944920092
2001-01-23,524.76090690501
2001-01-24,522.7056369840266
2001-01-25,525.399730121721
2001-01-26,525.4730191525945
2001-01-29,524.3735548611153
2001-01-30,529.129525298534
2001-01-31,533.3112023689888
2001-02-01,539.0514056705401
2001-02-02,531.6381137807165
2001-02-05,531.6381137807165
2001-02-06,525.1638231144641
2001-02-07,528.7448381797485
2001-02-08,528.0080278225065
2001-02-09,536.6922013322396
2001-02-12,532.5069601359826
2001-02-13,529.290069268416
2001-02-14,522.7366031564254
2001-02-15,514.3517806590179
2001-02-16,524.8687880563875
2001-02-19,524.8687880563875
2001-02-20,525.0640595526552
2001-02-21,521.9318431768405
2001-02-22,522.4420216419464
2001-02-23,527.03739437985
2001-02-26,530.7200900314087
2001-02-27,537.3007818617356
2001-02-28,545.3175194631493
2001-03-01,549.9241176141164
2001-03-02,530.680557002135
2001-03-05,530.3687673007967
2001-03-06,529.7048115391337
2001-03-07,539.2094185383024
2001-03-08,543.8237115283758
2001-03-09,535.9931071711842
2001-03-12,539.2724466300355
2001-03-13,534.4379487523958
2001-03-14,550.3583760289013
2001-03-15,557.959439548739
2001-03-16,566.0436126653825
2001-03-19,551.6512009148829
2001-03-20,563.0580522600208
2001-03-21,569.6679122184879
2001-03-22,585.1361178478915
2001-03-23,565.511128090682
2001-03-26,553.6535454846398
2001-03-27,519.0251095125585
2001-03-28,523.0234666695258
2001-03-29,525.3267191259785
2001-03-30,531.2966351476343
2001-04-02,526.03219914838
2001-04-03,528.9373798225529
2001-04-04,532.2540417864609
2001-04-05,526.4914858068638
2001-04-06,540.9056844451545
2001-04-09,536.5524019238964
2001-04-10,515.5388937940434
2001-04-11,509.7201431688598
2001-04-12,505.81270535313826
2001-04-13,505.7640514472349
2001-04-16,503.7574580268159
2001-04-17,505.2762576069314
2001-04-18,503.0064716409053
2001-04-19,507.1016045887521
2001-04-20,507.1205765138954
2001-04-23,506.7787389640908
2001-04-24,506.89250997764657
2001-04-25,507.6744430204495
2001-04-26,507.3706057989393
2001-04-27,507.93052557616016
2001-04-30,507.9345568831263
2001-05-01,507.363876874285
2001-05-02,507.34015172284455
2001-05-03,505.2761441759739
2001-05-04,504.87644582943386
2001-05-07,504.860686099668
2001-05-08,504.44406356828716
2001-05-09,506.1960069087859
2001-05-10,502.7510998447528
2001-05-11,493.3520411006921
2001-05-14,495.17239360294775
2001-05-15,496.6153603307655
2001-05-16,495.67067561041443
2001-05-17,495.5575965710643
2001-05-18,495.09696999246637
2001-05-21,493.51159447084586
2001-05-22,493.5038644881582
2001-05-23,493.2179428286162
2001-05-24,496.5887460393655
2001-05-25,496.4395988528556
2001-05-28,496.4240197654391
2001-05-29,496.936571657425
2001-05-30,496.5090619643816
2001-05-31,491.3315497156127
2001-06-01,489.8696860754664
2001-06-04,488.7169624663373
2001-06-05,488.67800722764133
2001-06-06,488.6312699713653
2001-06-07,486.7361993412291
2001-06-08,484.04087992550535
2001-06-11,487.27540464109796
2001-06-12,489.34463282463804
2001-06-13,488.8731278138666
2001-06-14,491.3173909235087
2001-06-15,490.44512783366497
2001-06-18,491.27544129468106
2001-06-19,492.1822016812312
2001-06-20,494.6276923164385
2001-06-21,495.083881803614
2001-06-22,502.8552373897462
2001-06-25,501.281016829185
2001-06-26,490.4136920868008
2001-06-27,487.46825502205127
2001-06-28,475.03669819245545
2001-06-29,467.73186907779854
2001-07-02,470.47799379218327
2001-07-03,470.87911113156844
2001-07-04,470.87911113156844
2001-07-05,471.09319079824274
2001-07-06,470.5981098502888
2001-07-09,469.92944019030796
2001-07-10,468.39453967051173
2001-07-11,468.32814675292127
2001-07-12,469.7268210731661
2001-07-13,469.8273624680759
2001-07-16,473.66385104338195
2001-07-17,473.617134972401
2001-07-18,485.1286506020969
2001-07-19,481.36869458266796
2001-07-20,480.2479621153555
2001-07-23,483.02227268421956
2001-07-24,485.9658448550271
2001-07-25,475.27071422256546
2001-07-26,479.01432971790643
2001-07-27,486.9938709493313
2001-07-30,489.80043539480783
2001-07-31,497.0667208642455
2001-08-01,491.04673442520095
2001-08-02,478.7271040545256
2001-08-03,475.9674048116336
2001-08-06,477.1560566133802
2001-08-07,476.0829070706147
2001-08-08,491.37710010083237
2001-08-09,485.12605934742277
2001-08-10,490.10420214921453
2001-08-13,494.4998439469963
2001-08-14,492.5000736983269
2001-08-15,487.37587384220154
2001-08-16,496.6836243251639
2001-08-17,510.8186809735241
2001-08-20,501.3481743457027
2001-08-21,503.60322999949904
2001-08-22,502.24512273200014
2001-08-23,506.31027731044117
2001-08-24,501.5272708748921
2001-08-27,500.3759100829831
2001-08-28,518.3027595231172
2001-08-29,530.3656531578881
2001-08-30,527.5877750571126
2001-08-31,519.5907533512461
2001-09-03,519.5907533512461
2001-09-04,476.3742983049967
2001-09-05,482.266710525247
2001-09-06,497.2145887345123
2001-09-07,506.4629648321156
2001-09-10,501.2221130126626
2001-09-11,525.0925097183684
2001-09-12,525.0756138309272
2001-09-13,549.3558947056723
2001-09-14,563.7594393331511
2001-09-17,546.0453592959476
2001-09-18,522.0205474971297
2001-09-19,527.6932111958016
2001-09-20,514.179472627633
2001-09-21,525.389223582636
2001-09-24,520.4642834469228
2001-09-25,525.9612092080853
2001-09-26,539.9279686885407
2001-09-27,551.8793665358166
2001-09-28,547.7846142538289
2001-10-01,556.800810380918
2001-10-02,566.5561130568279
2001-10-03,572.1779809223466
2001-10-04,570.9206917634975
2001-10-05,573.7893488442087
2001-10-08,573.7713519417631
2001-10-09,551.5368973276849
2001-10-10,554.7945818143232
2001-10-11,530.5671822871933
2001-10-12,532.6566378638834
2001-10-15,548.4645991085584
2001-10-16,555.4153290302535
2001-10-17,556.3839658648094
2001-10-18,558.2426830925857
2001-10-19,542.1099603806857
2001-10-22,544.532330411561
2001-10-23,539.2753635916417
2001-10-24,553.7419106995618
2001-10-25,567.7565029101837
2001-10-26,571.2180454349227
2001-10-29,584.5995272986078
2001-10-30,610.7222528258029
2001-10-31,655.6643302818345
2001-11-01,658.9667357710678
2001-11-02,621.3978823503999
2001-11-05,640.3487734033041
2001-11-06,650.3434818442488
2001-11-07,678.1061906724859
2001-11-08,639.9682948734394
2001-11-09,635.5675838047708
2001-11-12,635.5374908637534
2001-11-13,611.626776024034
2001-11-14,570.6281399892031
2001-11-15,520.5987698681552
2001-11-16,505.71427080732684
2001-11-19,508.5995170496498
2001-11-20,509.92607380946896
2001-11-21,511.2565026889434
2001-11-22,511.2288572612815
2001-11-23,513.0768695094074
2001-11-26,513.049192101073
2001-11-27,508.56626988383385
2001-11-28,508.79448223504033
2001-11-29,498.78764898922225
2001-11-30,497.6755204787204
2001-12-03,497.48464208748146
2001-12-04,498.21347783690896
2001-12-05,491.65128099917024
2001-12-06,487.3926617119447
2001-12-07,485.4588705305891
2001-12-10,485.0816566351477
2001-12-11,483.0243526758176
2001-12-12,478.92496269606573
2001-12-13,483.69955102121776
2001-12-14,485.58745425655195
2001-12-17,486.8130266336239
2001-12-18,483.6809356051663
2001-12-19,480.35669027660254
2001-12-20,480.7361681458433
2001-12-21,481.8155020720214
2001-12-24,482.83822463425736
2001-12-25,482.83822463425736
2001-12-26,483.794443596548
2001-12-27,481.83718472213224
2001-12-28,482.1871961535666
2001-12-31,479.6943808771151
2002-01-01,479.6662349146258
2002-01-02,481.10634321699195
2002-01-03,480.6296544198217
2002-01-04,480.6840884499236
2002-01-07,479.3639394675882
2002-01-08,479.3995187621176
2002-01-09,479.3720439309017
2002-01-10,479.36266997079196
2002-01-11,479.6780775090734
2002-01-14,479.88007836210693
2002-01-15,481.5827486472214
2002-01-16,481.06372837426363
2002-01-17,475.4706679649633
2002-01-18,478.482799441262
2002-01-21,478.482799441262
2002-01-22,478.0082627698453
2002-01-23,472.2416144633264
2002-01-24,470.4973578462333
2002-01-25,469.2935853578896
2002-01-28,469.3554882525869
2002-01-29,470.2540023824855
2002-01-30,470.28945839366025
2002-01-31,469.5361786191945
2002-02-01,470.6040589541056
2002-02-04,472.4094858593901
2002-02-05,472.5425912655582
2002-02-06,471.3968565088155
2002-02-07,469.9460441778361
2002-02-08,472.84030143342665
2002-02-11,471.96761503671166
2002-02-12,468.07555415626655
2002-02-13,466.7485651664796
2002-02-14,468.7846186933599
2002-02-15,472.1832412668333
2002-02-18,472.15584108901584
2002-02-19,471.2439677172802
2002-02-20,471.6097355987587
2002-02-21,472.0070069260514
2002-02-22,474.6255422666722
2002-02-25,473.24209516765563
2002-02-26,467.88138588706437
2002-02-27,476.38602250953915
2002-02-28,473.3870139861692
2002-03-01,465.646289297356
2002-03-04,463.6730937766389
2002-03-05,463.4429444134982
2002-03-06,462.7160498553299
2002-03-07,459.19346608043077
2002-03-08,458.31503193578556
2002-03-11,458.26028044763757
2002-03-12,457.2425184286121
2002-03-13,452.8494760147631
2002-03-14,464.5111446494495
2002-03-15,460.54192566363304
2002-03-18,456.6881999246956
2002-03-19,458.5926100725243
2002-03-20,464.1479881398862
2002-03-21,462.05447021514834
2002-03-22,462.63847993810634
2002-03-25,463.55716308113034
2002-03-26,458.45432908104414
2002-03-27,457.6161707324668
2002-03-28,462.30264344033543
2002-03-29,462.30264344033543
2002-04-01,462.0917799490453
2002-04-02,456.611385094542
2002-04-03,451.63454146041124
2002-04-04,451.40623853166267
2002-04-05,450.12086747778153
2002-04-08,450.1906564994596
2002-04-09,450.81391935252543
2002-04-10,450.47289479757814
2002-04-11,451.0749745262629
2002-04-12,452.61195707240256
2002-04-15,453.3820798996132
2002-04-16,451.4257742545572
2002-04-17,448.9443582704117
2002-04-18,449.82733799673736
2002-04-19,450.78476704215814
2002-04-22,452.35106122343433
2002-04-23,452.5323014153982
2002-04-24,456.5813271867079
2002-04-25,457.6128198691747
2002-04-26,460.951833320497
2002-04-29,457.13637326881303
2002-04-30,459.0863505752539
2002-05-01,463.55904137985596
2002-05-02,456.34580391969416
2002-05-03,464.7035407636845
2002-05-06,462.45355009345417
2002-05-07,464.54517423286416
2002-05-08,445.5005956208524
2002-05-09,451.2692105294633
2002-05-10,455.66213705087
2002-05-13,450.38768785933246
2002-05-14,445.33856348923547
2002-05-15,447.18667986896924
2002-05-16,448.0587586400104
2002-05-17,447.2712986814369
2002-05-20,448.2461256822133
2002-05-21,448.99914741740724
2002-05-22,450.1803887610679
2002-05-23,448.3124718046005
2002-05-24,450.51000538300485
2002-05-27,450.5010976612332
2002-05-28,451.3612556263288
2002-05-29,455.7371373310164
2002-05-30,460.0861678698961
2002-05-31,458.38710805384875
2002-06-03,459.4949022920676
2002-06-04,462.80353567278365
2002-06-05,459.78657289073726
2002-06-06,464.9645986899765
2002-06-07,459.23064756531824
2002-06-10,462.8088499118494
2002-06-11,470.6969676988952
2002-06-12,476.58159217017015
2002-06-13,484.09371880802394
2002-06-14,506.80727032201867
2002-06-17,492.97835178032045
2002-06-18,495.5726320693594
2002-06-19,525.2768170938186
2002-06-20,497.9209563459641
2002-06-21,517.4421258919552
2002-06-24,503.2409569964402
2002-06-25,504.5021077226669
2002-06-26,527.1042603567332
2002-06-27,508.6242816843457
2002-06-28,506.02925460428463
2002-07-01,507.6762958423285
2002-07-02,520.2665890968117
2002-07-03,518.6190059695233
2002-07-04,518.6087197981027
2002-07-05,501.01703432884415
2002-07-08,508.9992224713394
2002-07-09,518.0580859056006
2002-07-10,530.4655412193216
2002-07-11,533.9142421128241
2002-07-12,538.2593947209791
2002-07-15,535.913353288937
2002-07-16,518.9914550949146
2002-07-17,530.9964989333951
2002-07-18,541.595268251417
2002-07-19,550.0011687581172
2002-07-22,569.3811732459131
2002-07-23,579.377519851207
2002-07-24,586.0014506697563
2002-07-25,592.1217167743704
2002-07-26,599.837786459761
2002-07-29,557.1257481317163
2002-07-30,549.291628228399
2002-07-31,577.3176625499125
2002-08-01,590.0597010766327
2002-08-02,622.2713229514644
2002-08-05,630.2163075039305
2002-08-06,597.82409104599
2002-08-07,619.8812320852162
2002-08-08,600.2925888715223
2002-08-09,631.0548384871558
2002-08-12,637.1317318320803
2002-08-13,654.4197744802046
2002-08-14,652.1568967830431
2002-08-15,630.9909425829617
2002-08-16,600.5346037562467
2002-08-19,605.7912520031534
2002-08-20,626.7279984935801
2002-08-21,624.343422248523
2002-08-22,611.508962235557
2002-08-23,621.9370154633219
2002-08-26,626.3588796830347
2002-08-27,615.5542913477495
2002-08-28,623.0676114069009
2002-08-29,631.7670186066402
2002-08-30,634.6261952352601
2002-09-02,634.5929065576253
2002-09-03,665.4630256542929
2002-09-04,671.0801797370091
2002-09-05,682.4538518178196
2002-09-06,653.5276229141733
2002-09-09,651.4554219511593
2002-09-10,662.8211852081707
2002-09-11,646.0391191335909
2002-09-12,667.5695052382626
2002-09-13,682.5251173168895
2002-09-16,690.1366169021713
2002-09-17,694.7418551717252
2002-09-18,696.9648736409036
2002-09-19,715.2828762534897
2002-09-20,719.4739397892303
2002-09-23,744.4361473938986
2002-09-24,751.0860820546256
2002-09-25,717.8805787934646
2002-09-26,718.5067686116035
2002-09-27,741.38019604382
2002-09-30,767.4695554039599
2002-10-01,738.246674756289
2002-10-02,740.17202258737
2002-10-03,743.0666777589405
2002-10-04,745.0030965344181
2002-10-07,759.2361174416699
2002-10-08,753.3022695722703
2002-10-09,777.6215926276589
2002-10-10,757.340306135529
2002-10-11,718.0567053895534
2002-10-14,717.9299634834564
2002-10-15,667.6272707292238
2002-10-16,661.7513863387985
2002-10-17,651.6982925180547
2002-10-18,653.423110526723
2002-10-21,648.3839143093204
2002-10-22,647.7048139523702
2002-10-23,648.0897804890762
2002-10-24,650.3398942819535
2002-10-25,651.8159900274709
2002-10-28,653.2647423855587
2002-10-29,665.5263348189791
2002-10-30,663.4535971877071
2002-10-31,673.7822836693484
2002-11-01,661.3998235427773
2002-11-04,648.5155109037644
2002-11-05,643.3559130976032
2002-11-06,648.6511552994965
2002-11-07,670.4088295003882
2002-11-08,676.9268038031734
2002-11-11,676.8515609899725
2002-11-12,677.774072218648
2002-11-13,683.2906217566788
2002-11-14,641.8977540993274
2002-11-15,634.6400028787036
2002-11-18,638.0249131323123
2002-11-19,641.7035060587062
2002-11-20,628.5730361780107
2002-11-21,621.0012784034084
2002-11-22,618.4538303284535
2002-11-25,618.4193373828448
2002-11-26,623.509677533299
2002-11-27,615.9009707057519
2002-11-28,615.8540544812597
2002-11-29,617.0564655883962
2002-12-02,616.5802952792164
2002-12-03,616.3283725191574
2002-12-04,618.0352487193007
2002-12-05,619.6339990777773
2002-12-06,620.9923565238782
2002-12-09,623.3158731259315
2002-12-10,623.7314118417255
2002-12-11,629.5089327204333
2002-12-12,628.9825328973232
2002-12-13,623.1211905423129
2002-12-16,613.3590544699917
2002-12-17,617.8265973915426
2002-12-18,626.7265255951393
2002-12-19,639.654309179359
2002-12-20,639.9799556165569
2002-12-23,638.7576581551755
2002-12-24,648.2685466610463
2002-12-25,648.2193509746751
2002-12-26,651.5512652719841
2002-12-27,674.2843272962932
2002-12-30,681.7467998751233
2002-12-31,674.3417412515992
2003-01-01,674.3417412515992
2003-01-02,614.6327335472766
2003-01-03,615.4631367423708
2003-01-06,611.062136467877
2003-01-07,616.7253819934072
2003-01-08,621.966436349234
2003-01-09,600.417807696319
2003-01-10,599.7154729660116
2003-01-13,602.631088275949
2003-01-14,605.8587998377166
2003-01-15,606.7731585341297
2003-01-16,606.5215444580537
2003-01-17,612.1495530951227
2003-01-20,612.0889756355904
2003-01-21,616.1834872454949
2003-01-22,624.2180377647383
2003-01-23,620.2187865420194
2003-01-24,628.2537273793787
2003-01-27,618.7380993947421
2003-01-28,614.7906549894725
2003-01-29,602.8067429144146
2003-01-30,611.6503647584854
2003-01-31,613.4239309019068
2003-02-03,610.0295936056626
2003-02-04,619.6815583937396
2003-02-05,608.7325339702517
2003-02-06,618.0014266410814
2003-02-07,623.3920467270352
2003-02-10,614.0819514697481
2003-02-11,619.2367305569204
2003-02-12,629.2498544151425
2003-02-13,642.5611106208592
2003-02-14,628.0847539844434
2003-02-17,628.0847539844434
2003-02-18,629.7968907887348
2003-02-19,645.4624703116393
2003-02-20,655.252489160029
2003-02-21,643.5888248157851
2003-02-24,656.1368862345515
2003-02-25,662.2509618380886
2003-02-26,672.6633408783813
2003-02-27,676.9575367346283
2003-02-28,694.2654352917481
2003-03-03,703.2469709525362
2003-03-04,714.1526470401363
2003-03-05,729.2708847046459
2003-03-06,718.8272545003969
2003-03-07,731.9021480171623
2003-03-10,750.3137040735422
2003-03-11,737.1338416604024
2003-03-12,730.8415021666018
2003-03-13,665.417228357736
2003-03-14,681.511509084996
2003-03-17,658.4682190287322
2003-03-18,642.197729556079
2003-03-19,632.9937364408875
2003-03-20,629.425863173514
2003-03-21,623.4956137676816
2003-03-24,628.2931475048171
2003-03-25,628.3272862461063
2003-03-26,628.4335387011936
2003-03-27,628.7940891677309
2003-03-28,630.8970524954373
2003-03-31,635.1570868281287
2003-04-01,634.8626975621528
2003-04-02,620.616026480864
2003-04-03,624.3381134913293
2003-04-04,621.8651779007378
2003-04-07,614.5893018287983
2003-04-08,623.3602725963859
2003-04-09,626.7962338912188
2003-04-10,624.5673707939192
2003-04-11,621.1709612433227
2003-04-14,616.1002279220805
2003-04-15,621.1119362588433
2003-04-16,623.7485017757898
2003-04-17,622.3119267616507
2003-04-18,622.3119267616507
2003-04-21,619.524254169305
2003-04-22,620.0582760766963
2003-04-23,618.8825559227898
2003-04-24,627.6327045331625
2003-04-25,630.7193205736085
2003-04-28,629.1948483657463
2003-04-29,624.227304703517
2003-04-30,637.733012331074
2003-05-01,639.8542332045155
2003-05-02,628.7338931193727
2003-05-05,635.8732079785266
2003-05-06,655.3163578955842
2003-05-07,676.1584183843771
2003-05-08,683.4050601554287
2003-05-09,684.4581806416569
2003-05-12,694.9138535564836
2003-05-13,698.4294726414257
2003-05-14,721.958746143772
2003-05-15,714.9078812745076
2003-05-16,744.9457896380377
2003-05-19,753.4018486733996
2003-05-20,781.4641016504804
2003-05-21,765.9214104205965
2003-05-22,785.3166970118141
2003-05-23,785.3166970118141
2003-05-26,785.3166970118141
2003-05-27,771.393708643964
2003-05-28,767.2409730012077
2003-05-29,801.1049068952552
2003-05-30,797.5568063243552
2003-06-02,765.7496370002358
2003-06-03,808.3607519463411
2003-06-04,826.6774794068066
2003-06-05,804.234509202423
2003-06-06,792.8468058521551
2003-06-09,825.7147288925875
2003-06-10,867.4152845706708
2003-06-11,860.3572535868695
2003-06-12,871.1612726897217
2003-06-13,899.84087902384
2003-06-16,863.7528722965733
2003-06-17,820.3839930432275
2003-06-18,783.5853963113562
2003-06-19,793.6192287573587
2003-06-20,782.9939652676817
2003-06-23,806.1670278223479
2003-06-24,817.8480871653704
2003-06-25,792.6965442184875
2003-06-26,750.2256762678714
2003-06-27,746.266818811554
2003-06-30,751.0749890124708
2003-07-01,749.8316216457106
2003-07-02,750.854075315503
2003-07-03,744.2001305546372
2003-07-04,744.1745175374001
2003-07-07,741.3254285407113
2003-07-08,739.7116195887744
2003-07-09,740.2177903947594
2003-07-10,740.4475374468203
2003-07-11,740.8026529356689
2003-07-14,739.7022208401753
2003-07-15,730.1506080781182
2003-07-16,728.0899366162762
2003-07-17,728.1819851621726
2003-07-18,729.0884134561409
2003-07-21,740.7992552949244
2003-07-22,738.2766412102665
2003-07-23,734.386462908251
2003-07-24,739.9273105135011
2003-07-25,741.1543918187044
2003-07-28,753.430090950827
2003-07-29,765.7514909311051
2003-07-30,758.1831849830584
2003-07-31,785.2159553100248
2003-08-01,786.8617343375513
2003-08-04,762.2509450141598
2003-08-05,780.613438542139
2003-08-06,751.718310089975
2003-08-07,746.1652550760247
2003-08-08,745.0336926478669
2003-08-11,749.8389922760933
2003-08-12,748.3783315081189
2003-08-13,763.0923931952127
2003-08-14,764.8842851264739
2003-08-15,760.2591773618146
2003-08-18,755.2051546948139
2003-08-19,742.6977793074021
2003-08-20,751.0538942463512
2003-08-21,757.4899893215891
2003-08-22,752.6264132884057
2003-08-25,757.1693133967079
2003-08-26,753.2651750395963
2003-08-27,757.0782037905547
2003-08-28,747.8567442453315
2003-08-29,749.4971381014525
2003-09-01,749.4826985995915
2003-09-02,759.6964007335348
2003-09-03,757.6877278820926
2003-09-04,748.0253395726711
2003-09-05,730.0940356402393
2003-09-08,731.3626430649473
2003-09-09,730.9240448214928
2003-09-10,730.1998473905968
2003-09-11,729.772460146703
2003-09-12,732.203434151039
2003-09-15,733.1966748419051
2003-09-16,731.4100891432087
2003-09-17,735.4112501972105
2003-09-18,734.8891181658373
2003-09-19,736.1270821515361
2003-09-22,732.8204199655769
2003-09-23,734.1867659670829
2003-09-24,739.5307749365594
2003-09-25,741.1704834813573
2003-09-26,747.1726517835116
2003-09-29,743.5001161681912
2003-09-30,759.6320558899079
2003-10-01,759.5868671139856
2003-10-02,749.0653064830869
2003-10-03,719.0097212981269
2003-10-06,728.0748177289303
2003-10-07,722.7032347556735
2003-10-08,723.6722157537398
2003-10-09,722.1535701059439
2003-10-10,723.6247670690584
2003-10-13,723.6247670690584
2003-10-14,722.9877447882785
2003-10-15,722.6171063034748
2003-10-16,723.0992107283253
2003-10-17,720.7755777640571
2003-10-20,719.5957128710212
2003-10-21,719.3758764472186
2003-10-22,714.7902995884353
2003-10-23,715.7704476986119
2003-10-24,715.7704476986119
2003-10-27,715.6804689455571
2003-10-28,719.3127960338302
2003-10-29,715.9027956971177
2003-10-30,711.7722877939009
2003-10-31,714.0609330050164
2003-11-03,711.8985836517219
2003-11-04,713.6927064302922
2003-11-05,713.0061532092416
2003-11-06,712.3582889309029
2003-11-07,711.8686288470642
2003-11-10,711.8613287458253
2003-11-11,711.8311065929971
2003-11-12,709.738104521312
2003-11-13,704.3103287894427
2003-11-14,701.1243618396416
2003-11-17,701.9536265548996
2003-11-18,702.8516522159359
2003-11-19,697.1950328750451
2003-11-20,704.1082085507585
2003-11-21,704.4851342735166
2003-11-24,697.0373617413751
2003-11-25,700.3998631112214
2003-11-26,695.0534421505956
2003-11-27,695.0089504269636
2003-11-28,687.6302736058133
2003-12-01,682.7579498868491
2003-12-02,682.9541881961105
2003-12-03,683.6148057924011
2003-12-04,682.4652537023761
2003-12-05,677.1469351811177
2003-12-08,678.5786203784902
2003-12-09,675.8266507731414
2003-12-10,677.863195731421
2003-12-11,681.5458917987119
2003-12-12,681.0399283566521
2003-12-15,679.5118359327207
2003-12-16,681.9234506751375
2003-12-17,684.4376594586413
2003-12-18,686.3541294185283
2003-12-19,687.1080590297219
2003-12-22,684.716922545826
2003-12-23,673.5714900052924
2003-12-24,683.0705962251949
2003-12-25,683.0705962251949
2003-12-26,686.8880653817926
2003-12-29,680.3045929857865
2003-12-30,677.3634834307827
2003-12-31,679.0192289592796
2004-01-01,679.0192289592796
2004-01-02,671.0525401256257
2004-01-05,670.6390601164258
2004-01-06,671.3165049110697
2004-01-07,671.2717856262227
2004-01-08,671.2663970070856
2004-01-09,678.7288642458254
2004-01-12,679.0632379503014
2004-01-13,684.8453159386618
2004-01-14,688.3405271015113
2004-01-15,687.7032475274565
2004-01-16,680.6940030133801
2004-01-19,680.6940030133801
2004-01-20,674.3264675513022
2004-01-21,677.9503387204237
2004-01-22,688.8902653586797
2004-01-23,674.0985728832044
2004-01-26,664.84564150938
2004-01-27,673.1393807201863
2004-01-28,658.4557726379146
2004-01-29,659.8472026075842
2004-01-30,662.8241053898918
2004-02-02,662.4426933371968
2004-02-03,665.2065481005442
2004-02-04,664.3154489119712
2004-02-05,660.7773547883903
2004-02-06,667.38066448503
2004-02-09,669.0800989651982
2004-02-10,666.4390023273073
2004-02-11,674.7919898917339
2004-02-12,672.460885910091
2004-02-13,677.6181505727023
2004-02-16,677.5721751004022
2004-02-17,677.1712394476161
2004-02-18,676.6216845028376
2004-02-19,677.1798813385741
2004-02-20,671.1749524116691
2004-02-23,678.519188872527
2004-02-24,681.4568823742883
2004-02-25,682.9711347978075
2004-02-26,679.1176321958892
2004-02-27,688.3209592262032
2004-03-01,686.7786198785308
2004-03-02,676.6213246848278
2004-03-03,674.9285328911787
2004-03-04,682.218512766809
2004-03-05,718.7261174173474
2004-03-08,729.1137050320799
2004-03-09,737.8618935788277
2004-03-10,734.4421037820089
2004-03-11,733.3928271693704
2004-03-12,730.9741810173581
2004-03-15,727.4295567764558
2004-03-16,748.335081671886
2004-03-17,748.3186474689219
2004-03-18,730.0304094243266
2004-03-19,720.4689655863568
2004-03-22,739.7154062583417
2004-03-23,740.7650505161646
2004-03-24,742.6042240641686
2004-03-25,737.8325269578635
2004-03-26,709.5164057733346
2004-03-29,698.7392676251762
2004-03-30,696.8520118987192
2004-03-31,708.6228068557621
2004-04-01,698.7424469344933
2004-04-02,663.148486642975
2004-04-05,653.4980421842431
2004-04-06,653.7255070806491
2004-04-07,653.6022147527351
2004-04-08,654.6266427634147
2004-04-09,654.6266427634147
2004-04-12,655.5463439842827
2004-04-13,659.3924811415079
2004-04-14,660.9416521186317
2004-04-15,661.684023016461
2004-04-16,656.4035376489445
2004-04-19,658.9563995885095
2004-04-20,662.9409206863492
2004-04-21,664.3714349126361
2004-04-22,659.3074741563398
2004-04-23,668.0395101091378
2004-04-26,666.3114212113923
2004-04-27,662.8630198159411
2004-04-28,668.9659239744686
2004-04-29,674.1564439612963
2004-04-30,669.9537951973595
2004-05-03,669.9537951973595
2004-05-04,672.8110456092246
2004-05-05,676.4818980758685
2004-05-06,679.7969775287164
2004-05-07,701.8877475996738
2004-05-10,700.3409532906958
2004-05-11,697.4144150035821
2004-05-12,700.6975196653545
2004-05-13,709.4097973283887
2004-05-14,694.3920868886237
2004-05-17,673.742745626175
2004-05-18,681.8161595583894
2004-05-19,690.3721036239652
2004-05-20,680.9987844575497
2004-05-21,686.4889259895532
2004-05-24,683.5211591828895
2004-05-25,681.2073232596775
2004-05-26,672.8764795389787
2004-05-27,662.9060557368475
2004-05-28,668.9560677236188
2004-05-31,668.9560677236188
2004-06-01,670.1095018252043
2004-06-02,671.2381556925056
2004-06-03,670.1378829944905
2004-06-04,674.3736413509603
2004-06-07,672.7899277662787
2004-06-08,672.7899277662787
2004-06-09,676.3992960653512
2004-06-10,673.739640468994
2004-06-11,673.739640468994
2004-06-14,682.2386868322706
2004-06-15,660.3306583826949
2004-06-16,666.3508604897456
2004-06-17,664.578674124863
2004-06-18,665.257116789519
2004-06-21,664.5396882425289
2004-06-22,664.9152272358649
2004-06-23,664.6044804248003
2004-06-24,663.3142103640834
2004-06-25,663.2526814660889
2004-06-28,663.7700526243634
2004-06-29,664.0072958034249
2004-06-30,663.4581655595662
2004-07-01,663.1637792420721
2004-07-02,664.3766268341504
2004-07-05,664.27579685445
2004-07-06,662.9323433052919
2004-07-07,663.2650950806001
2004-07-08,664.0636823960266
2004-07-09,665.4604863154069
2004-07-12,667.170412880591
2004-07-13,663.2862288045036
2004-07-14,662.8091749115008
2004-07-15,662.4516081107611
2004-07-16,676.9858418903724
2004-07-19,676.8644378525771
2004-07-20,665.1607668837031
2004-07-21,660.6633868073275
2004-07-22,663.098186067258
2004-07-23,665.6915275589708
2004-07-26,662.8201843306248
2004-07-27,653.433920343744
2004-07-28,655.2431599159596
2004-07-29,655.6558902645806
2004-07-30,657.3561160176761
2004-08-02,657.6625090288295
2004-08-03,658.6790399080826
2004-08-04,658.0614672762997
2004-08-05,660.6077881354067
2004-08-06,679.8650706983058
2004-08-09,676.0368672716834
2004-08-10,669.4637790276557
2004-08-11,671.9645363094955
2004-08-12,675.7278634240043
2004-08-13,682.3983449210178
2004-08-16,677.2754505607976
2004-08-17,686.6088284319848
2004-08-18,682.3192173328681
2004-08-19,685.4362704644287
2004-08-20,681.5581295411916
2004-08-23,673.4189343327666
2004-08-24,674.156057909224
2004-08-25,676.6841363934477
2004-08-26,683.0189663809068
2004-08-27,683.0189663809068
2004-08-30,689.7357357808748
2004-08-31,700.0148174815802
2004-09-01,703.6593113845091
2004-09-02,689.1688087055321
2004-09-03,662.2076086608641
2004-09-06,662.0064507212311
2004-09-07,668.7394920944007
2004-09-08,684.2284015979335
2004-09-09,680.625852378093
2004-09-10,684.1997976238
2004-09-13,688.7828822458862
2004-09-14,692.6905922650434
2004-09-15,684.4055117866675
2004-09-16,706.3933787889374
2004-09-17,694.845573606749
2004-09-20,711.3137803349136
2004-09-21,714.0207248154434
2004-09-22,723.1293802062314
2004-09-23,710.0639269198449
2004-09-24,709.1526050020601
2004-09-27,718.2555718083332
2004-09-28,715.8008050929081
2004-09-29,692.2445568458505
2004-09-30,686.4922397394836
2004-10-01,672.0551290685154
2004-10-04,674.8106452496863
2004-10-05,675.9612971037807
2004-10-06,668.9897698251139
2004-10-07,666.0315218153971
2004-10-08,677.0816903150524
2004-10-11,677.0587057945113
2004-10-12,680.1669406176894
2004-10-13,683.2699183673495
2004-10-14,692.1102721515335
2004-10-15,684.3059431614868
2004-10-18,684.5449113785437
2004-10-19,685.9791575446577
2004-10-20,696.7556686500552
2004-10-21,695.2643512475607
2004-10-22,700.1876942475573
2004-10-25,705.7791567742694
2004-10-26,702.6989772612877
2004-10-27,672.1211630962405
2004-10-28,676.1078273490375
2004-10-29,686.9142378932679
2004-11-01,674.7416582758565
2004-11-02,677.5516203573059
2004-11-03,679.6169918488799
2004-11-04,678.5815630315806
2004-11-05,656.0391937144319
2004-11-08,652.033932855881
2004-11-09,652.056354557961
2004-11-10,650.0953075419031
2004-11-11,650.0511750494344
2004-11-12,650.9475594907179
2004-11-15,651.1352963805907
2004-11-16,650.6809600951356
2004-11-17,653.3083434554686
2004-11-18,653.634880396609
2004-11-19,647.0457715425403
2004-11-22,648.6480053520148
2004-11-23,647.5436701318555
2004-11-24,646.5986481146793
2004-11-25,646.5881085692475
2004-11-26,644.4649986355038
2004-11-29,637.4700902901586
2004-11-30,637.2134981948337
2004-12-01,637.6901383487235
2004-12-02,638.5337507002787
2004-12-03,629.7783158872558
2004-12-06,627.847617304679
2004-12-07,627.7649139271988
2004-12-08,630.974625775206
2004-12-09,629.8429240783323
2004-12-10,631.5568077392714
2004-12-13,632.1277559488377
2004-12-14,635.0008033217654
2004-12-15,640.4168595473017
2004-12-16,625.6052813214684
2004-12-17,621.4897899296311
2004-12-20,621.2797143045076
2004-12-21,624.1007063951567
2004-12-22,621.6285813272295
2004-12-23,620.9858808719849
2004-12-24,620.9858808719849
2004-12-27,614.6716217121607
2004-12-28,614.3372330061885
2004-12-29,613.323291434417
2004-12-30,614.6974177741469
2004-12-31,614.6974177741469
2005-01-03,614.6228166451682
2005-01-04,611.9242743838146
2005-01-05,611.9057291782202
2005-01-06,612.287697598417
2005-01-07,611.8536472826929
2005-01-10,611.8777905500112
2005-01-11,612.5729837048451
2005-01-12,612.767827880077
2005-01-13,614.0671959620473
2005-01-14,613.2326645735224
2005-01-17,613.2326645735224
2005-01-18,614.179926706159
2005-01-19,614.2658609091826
2005-01-20,616.3662823447296
2005-01-21,619.4056285824113
2005-01-24,620.2792421476669
2005-01-25,610.6912870429765
2005-01-26,608.7989359199785
2005-01-27,606.2663974284496
2005-01-28,615.1179072539227
2005-01-31,615.3438445609091
2005-02-01,615.423236035561
2005-02-02,614.944489585478
2005-02-03,610.0851012578266
2005-02-04,623.5656231020182
2005-02-07,625.9310933725428
2005-02-08,627.2588974249472
2005-02-09,643.1149371110238
2005-02-10,624.3485978842258
2005-02-11,614.8052579444492
2005-02-14,619.0943344143426
2005-02-15,614.6337532204806
2005-02-16,602.8243070736274
2005-02-17,600.1594604507698
2005-02-18,593.5112774126413
2005-02-21,593.385052918097
2005-02-22,593.6288211007635
2005-02-23,593.4347603414657
2005-02-24,594.4207378913261
2005-02-25,593.9270481479815
2005-02-28,599.0013896875637
2005-03-01,599.5752560632046
2005-03-02,599.534562605039
2005-03-03,600.9392715701927
2005-03-04,592.4897808711346
2005-03-07,591.1436010335157
2005-03-08,598.8711427665181
2005-03-09,609.386969492833
2005-03-10,605.4059851355581
2005-03-11,615.6343719200237
2005-03-14,613.3233918159954
2005-03-15,615.9678745986187
2005-03-16,610.4615632539588
2005-03-17,602.0248321903181
2005-03-18,607.1785420846252
2005-03-21,607.8636212972696
2005-03-22,621.2356075183384
2005-03-23,622.4415918449197
2005-03-24,620.3508784976653
2005-03-25,620.3426941348068
2005-03-28,626.4881177441445
2005-03-29,618.26542514339
2005-03-30,611.0266564056167
2005-03-31,595.1975561109394
2005-04-01,588.7908291627107
2005-04-04,588.3256130774723
2005-04-05,588.7682651577686
2005-04-06,588.1225449091831
2005-04-07,588.7370446656379
2005-04-08,588.7370446656379
2005-04-11,588.7219031421921
2005-04-12,587.9040458822108
2005-04-13,587.8018726348693
2005-04-14,588.8384930936562
2005-04-15,594.6142952617373
2005-04-18,596.8204199583671
2005-04-19,603.6357949382723
2005-04-20,602.2061417855026
2005-04-21,583.973828951373
2005-04-22,592.7429553763412
2005-04-25,592.1746896707591
2005-04-26,590.8425297155953
2005-04-27,596.3403977827127
2005-04-28,606.9323880521107
2005-04-29,601.0626983240579
2005-05-02,603.3521061982724
2005-05-03,600.0111836938306
2005-05-04,605.4143950179673
2005-05-05,612.115831770638
2005-05-06,590.0832068643891
2005-05-09,586.8583668218212
2005-05-10,594.7215734726957
2005-05-11,596.2846970130092
2005-05-12,598.220613549661
2005-05-13,602.7657282150732
2005-05-16,602.8489598119312
2005-05-17,605.1409817579909
2005-05-18,614.4876434090494
2005-05-19,605.2808361518684
2005-05-20,602.6360330162989
2005-05-23,618.7088322715467
2005-05-24,635.1492968097583
2005-05-25,625.1858686326992
2005-05-26,618.5798786106233
2005-05-27,621.5552484204954
2005-05-30,621.5552484204954
2005-05-31,638.2863107432456
2005-06-01,663.6204513523293
2005-06-02,668.0867595192254
2005-06-03,637.5225100547382
2005-06-06,646.5576158083335
2005-06-07,662.2682413926187
2005-06-08,653.2639477911684
2005-06-09,646.590500003706
2005-06-10,622.9600393313133
2005-06-13,612.6446776397157
2005-06-14,605.1644007114292
2005-06-15,604.5465869907076
2005-06-16,608.2231318935169
2005-06-17,607.07226930419
2005-06-20,605.2769686204098
2005-06-21,609.1449719951873
2005-06-22,616.7643189579773
2005-06-23,615.2455773927546
2005-06-24,621.5444441836072
2005-06-27,624.0241241275965
2005-06-28,610.2291591737282
2005-06-29,604.949974764165
2005-06-30,610.497059962358
2005-07-01,593.1342880595279
2005-07-04,593.0224223863025
2005-07-05,585.204263183757
2005-07-06,588.3266672082834
2005-07-07,588.4772386667353
2005-07-08,588.093301596661
2005-07-11,588.1578103436857
2005-07-12,587.806334325203
2005-07-13,587.7015277562945
2005-07-14,587.9694613344524
2005-07-15,587.6252049808006
2005-07-18,588.7855725142058
2005-07-19,587.3181078192656
2005-07-20,586.3139790211234
2005-07-21,592.3152117366889
2005-07-22,590.2484337122937
2005-07-25,591.4132279441833
2005-07-26,591.1539479837041
2005-07-27,592.3850659535501
2005-07-28,588.4106345612823
2005-07-29,594.71319679851
2005-08-01,596.9221676664553
2005-08-02,597.6481929009088
2005-08-03,594.5767704929419
2005-08-04,597.0837585239398
2005-08-05,605.5903587646773
2005-08-08,608.091561890345
2005-08-09,603.244047196782
2005-08-10,603.244047196782
2005-08-11,592.7832919947299
2005-08-12,580.0269863883344
2005-08-15,583.7861960500686
2005-08-16,580.7807329750094
2005-08-17,583.3293573838096
2005-08-18,582.4645186658706
2005-08-19,582.4281402087172
2005-08-22,582.4223095898992
2005-08-23,582.9588417518005
2005-08-24,583.0864544520432
2005-08-25,583.8264087783677
2005-08-26,581.6964413034362
2005-08-29,583.011902405014
2005-08-30,589.2550580754348
2005-08-31,593.6835329217184
2005-09-01,596.311427929152
2005-09-02,594.7414219553066
2005-09-05,594.726611747285
2005-09-06,585.1741208357598
2005-09-07,575.7309545074454
2005-09-08,575.6588529693712
2005-09-09,576.7774386777324
2005-09-12,570.9402332691369
2005-09-13,575.6635363286201
2005-09-14,573.0453401253468
2005-09-15,569.5118520896888
2005-09-16,565.8485958178484
2005-09-19,566.5054058326394
2005-09-20,566.5991331553347
2005-09-21,565.8179622961683
2005-09-22,565.5767409373875
2005-09-23,566.2823325845569
2005-09-26,565.4558562805505
2005-09-27,565.2589442245005
2005-09-28,564.3081265798825
2005-09-29,565.927377638421
2005-09-30,568.8283703515341
2005-10-03,572.1350816397913
2005-10-04,571.2534538370329
2005-10-05,570.0641867483598
2005-10-06,570.0641867483598
2005-10-07,568.6403003515195
2005-10-10,568.6403003515195
2005-10-11,570.9491988886708
2005-10-12,580.0384638173658
2005-10-13,585.2326891796722
2005-10-14,587.5294348981299
2005-10-17,588.5239067309845
2005-10-18,585.0806748596907
2005-10-19,579.9853873404218
2005-10-20,579.3904001264989
2005-10-21,563.035375828284
2005-10-24,577.1323606448635
2005-10-25,587.2047045094558
2005-10-26,598.843134805647
2005-10-27,591.9908450406176
2005-10-28,593.9208507568637
2005-10-31,592.8075421078022
2005-11-01,595.9035258115964
2005-11-02,604.3700468283648
2005-11-03,618.5884403927271
2005-11-04,620.5481284647125
2005-11-07,613.9872731306815
2005-11-08,588.886158059681
2005-11-09,610.557615954948
2005-11-10,591.8832736106319
2005-11-11,591.7795667053039
2005-11-14,601.5293349735567
2005-11-15,591.5082840986105
2005-11-16,576.4962575644425
2005-11-17,571.2218663139892
2005-11-18,575.5423057457624
2005-11-21,573.0037444249522
2005-11-22,570.741034800954
2005-11-23,573.3324866500678
2005-11-24,573.3324866500678
2005-11-25,572.2541025894172
2005-11-28,571.7672301130824
2005-11-29,572.8481157392185
2005-11-30,572.8197424952974
2005-12-01,573.2604666851788
2005-12-02,573.2107414323424
2005-12-05,577.1865969651666
2005-12-06,568.8546899805054
2005-12-07,571.4039252157861
2005-12-08,563.798177625451
2005-12-09,573.047892784795
2005-12-12,573.8681699041265
2005-12-13,572.6074935942205
2005-12-14,566.1756844367258
2005-12-15,566.8334572945678
2005-12-16,565.66586486798
2005-12-19,565.6373477960605
2005-12-20,565.8798975459474
2005-12-21,566.0879850139305
2005-12-22,565.58841902517
2005-12-23,565.006029158523
2005-12-26,564.9284232503148
2005-12-27,566.3310066431085
2005-12-28,564.7469227760238
2005-12-29,564.7469227760238
2005-12-30,562.347601851629
2006-01-02,562.3128770655762
2006-01-03,564.9621285738385
2006-01-04,566.2920528309861
2006-01-05,566.2920528309861
2006-01-06,564.2931766724931
2006-01-09,564.2931766724931
2006-01-10,560.4734909066262
2006-01-11,557.9207785173933
2006-01-12,558.975814585156
2006-01-13,557.3077820544872
2006-01-16,557.2331067105207
2006-01-17,557.5411847292912
2006-01-18,557.1654720048343
2006-01-19,554.547078327315
2006-01-20,555.3007104245585
2006-01-23,555.6933183905977
2006-01-24,554.2180084242189
2006-01-25,549.4002840162773
2006-01-26,548.0012144534951
2006-01-27,547.1346738906615
2006-01-30,549.7908352529187
2006-01-31,550.5496980300677
2006-02-01,555.5716021444708
2006-02-02,555.5249450407833
2006-02-03,552.1453784815495
2006-02-06,553.4904283246677
2006-02-07,556.186076341507
2006-02-08,561.5996114713245
2006-02-09,559.2791598109708
2006-02-10,567.1596060180863
2006-02-13,566.0568469984272
2006-02-14,572.5625105349027
2006-02-15,571.816706943326
2006-02-16,568.3328968000676
2006-02-17,553.2014223084535
2006-02-20,553.1125091653059
2006-02-21,559.2864633535094
2006-02-22,551.9209973957319
2006-02-23,563.0562565605518
2006-02-24,563.5121077369372
2006-02-27,567.5982773537287
2006-02-28,555.7801095185999
2006-03-01,562.4869767199177
2006-03-02,572.9625520393015
2006-03-03,581.6498791033255
2006-03-06,592.0035258291026
2006-03-07,590.5780025205662
2006-03-08,588.9204401606451
2006-03-09,585.4263029437411
2006-03-10,591.5737200982678
2006-03-13,597.763478242699
2006-03-14,565.6712420431677
2006-03-15,574.8417434939289
2006-03-16,550.5727681337547
2006-03-17,555.6862811382612
2006-03-20,553.2767792858172
2006-03-21,560.3507577164731
2006-03-22,559.9463826003526
2006-03-23,563.6030373034587
2006-03-24,555.5110667287024
2006-03-27,559.3047375074431
2006-03-28,569.1118954778663
2006-03-29,572.3066657825445
2006-03-30,578.6373532416169
2006-03-31,576.4007828829139
2006-04-03,582.3110719055798
2006-04-04,581.128087398059
2006-04-05,570.4408917002966
2006-04-06,581.9369618393482
2006-04-07,598.5591752841824
2006-04-10,597.8915465587642
2006-04-11,589.0642624595436
2006-04-12,603.7068780368088
2006-04-13,603.7068780368088
2006-04-14,603.7068780368088
2006-04-17,609.6883865001216
2006-04-18,594.5754357130976
2006-04-19,606.4214540025382
2006-04-20,609.3795938411739
2006-04-21,605.6664350296614
2006-04-24,597.540244988773
2006-04-25,621.6380806398695
2006-04-26,632.9700536249173
2006-04-27,619.1260544170606
2006-04-28,610.2268694936495
2006-05-01,632.56766260871
2006-05-02,627.1993152061555
2006-05-03,638.6186169527521
2006-05-04,640.9318168233189
2006-05-05,625.934919996798
2006-05-08,630.1188994208894
2006-05-09,630.940283182738
2006-05-10,633.4072066384796
2006-05-11,640.8329546056942
2006-05-12,655.8221517377367
2006-05-15,642.6550130345458
2006-05-16,622.4292679139331
2006-05-17,637.1152106897664
2006-05-18,611.6847359209694
2006-05-19,608.4797764194207
2006-05-22,603.760412385393
2006-05-23,609.1281187331041
2006-05-24,604.2307026631036
2006-05-25,610.5907861965298
2006-05-26,607.1932740000277
2006-05-29,607.1932740000277
2006-05-30,612.4530239754029
2006-05-31,619.6078045976823
2006-06-01,617.741156303417
2006-06-02,586.265126690344
2006-06-05,594.1744337241325
2006-06-06,592.795684327484
2006-06-07,594.8403620835929
2006-06-08,592.4409914582731
2006-06-09,591.8892025432048
2006-06-12,592.2507923368371
2006-06-13,590.1740399598267
2006-06-14,597.0515468747028
2006-06-15,599.634794536567
2006-06-16,601.7908812249531
2006-06-19,604.2729940800149
2006-06-20,606.7983160814753
2006-06-21,606.7611320765521
2006-06-22,617.8691661561485
2006-06-23,625.8449411681581
2006-06-26,626.4906830151821
2006-06-27,616.7937016832818
2006-06-28,628.5535983515231
2006-06-29,610.624349642091
2006-06-30,586.4364683030201
2006-07-03,589.9916605625225
2006-07-04,589.9735509935441
2006-07-05,605.3685858500876
2006-07-06,597.9065979848306
2006-07-07,585.1152786186399
2006-07-10,584.4908619421459
2006-07-11,579.189326234694
2006-07-12,579.1414662343428
2006-07-13,575.4048757767266
2006-07-14,573.7803754567439
2006-07-17,574.5088136007669
2006-07-18,578.4820920808838
2006-07-19,573.6166503893843
2006-07-20,570.6400850632009
2006-07-21,571.2159533091956
2006-07-24,571.2100976777525
2006-07-25,571.6296039888011
2006-07-26,570.9474801722502
2006-07-27,570.9474801722502
2006-07-28,569.7418714188155
2006-07-31,569.5681961305263
2006-08-01,569.5395305223548
2006-08-02,570.538126001914
2006-08-03,570.6514390859442
2006-08-04,574.915376102653
2006-08-07,572.647888237365
2006-08-08,573.5937993301989
2006-08-09,572.6465580498907
2006-08-10,572.3312549758048
2006-08-11,566.3433047361766
2006-08-14,561.2725389790056
2006-08-15,566.4473326835271
2006-08-16,566.3314784486021
2006-08-17,566.1737275131452
2006-08-18,568.7170442690143
2006-08-21,569.9264047873496
2006-08-22,570.5629377028662
2006-08-23,568.9483889731453
2006-08-24,569.8263837336726
2006-08-25,572.4638251196238
2006-08-28,569.8049950897738
2006-08-29,570.7259769580222
2006-08-30,575.3372180496086
2006-08-31,582.2851288457184
2006-09-01,583.7277081478563
2006-09-04,583.6835567231137
2006-09-05,569.5825833656995
2006-09-06,563.3194005773237
2006-09-07,565.022124813036
2006-09-08,570.0459863864387
2006-09-11,564.1935534740946
2006-09-12,569.096996929718
2006-09-13,570.8533765466585
2006-09-14,565.1301586779948
2006-09-15,563.3841920114652
2006-09-18,560.2992757545079
2006-09-19,572.8840263556656
2006-09-20,573.1140596826986
2006-09-21,584.796271917247
2006-09-22,594.8190626999449
2006-09-25,603.9626762819862
2006-09-26,595.4572772655886
2006-09-27,593.0163436270908
2006-09-28,582.7510390371144
2006-09-29,577.6832137601804
2006-10-02,584.976745165594
2006-10-03,584.976745165594
2006-10-04,602.7005184467538
2006-10-05,586.7852315583825
2006-10-06,555.9701653488271
2006-10-09,555.7642595524687
2006-10-10,548.9299664099453
2006-10-11,543.7963722577334
2006-10-12,543.8984643524623
2006-10-13,544.662446663298
2006-10-16,543.8250854897799
2006-10-17,543.0404236668392
2006-10-18,542.6485709086671
2006-10-19,543.6715018938492
2006-10-20,543.762018198803
2006-10-23,545.2104827397504
2006-10-24,545.2851373972027
2006-10-25,542.7281693995106
2006-10-26,538.945986353835
2006-10-27,536.6823280962324
2006-10-30,536.5968595279725
2006-10-31,543.7208809753779
2006-11-01,549.891431233675
2006-11-02,543.7289044263923
2006-11-03,515.4796880156902
2006-11-06,516.8425893591365
2006-11-07,521.4752553982808
2006-11-08,523.3396811644755
2006-11-09,523.4793239819503
2006-11-10,526.0544889547065
2006-11-13,524.2950834994551
2006-11-14,528.5383391451155
2006-11-15,521.8473483060599
2006-11-16,516.0704118569979
2006-11-17,524.3225655043152
2006-11-20,524.9078679094755
2006-11-21,526.4593104162236
2006-11-22,527.508926571196
2006-11-23,527.4875273147529
2006-11-24,529.0072236699683
2006-11-27,530.8138495966851
2006-11-28,534.9322419321248
2006-11-29,531.7993592249477
2006-11-30,543.6061097504639
2006-12-01,552.8307935358309
2006-12-04,551.7353337109298
2006-12-05,550.4712775357993
2006-12-06,537.2531515030342
2006-12-07,537.2266759219103
2006-12-08,517.7751948875506
2006-12-11,525.4833666797548
2006-12-12,530.6436044548628
2006-12-13,518.2869313300754
2006-12-14,515.0356951928637
2006-12-15,514.9940997903805
2006-12-18,515.2283437289301
2006-12-19,515.0360848715148
2006-12-20,515.0360848715148
2006-12-21,517.1502714132606
2006-12-22,513.8558310687848
2006-12-25,513.8348545558497
2006-12-26,514.5254187672251
2006-12-27,512.2785602048574
2006-12-28,510.66565165172227
2006-12-29,510.84219424201336
2007-01-01,510.8107453446068
2007-01-02,509.3600698244133
2007-01-03,507.5510321171221
2007-01-04,503.9385475044772
2007-01-05,505.91536228660254
2007-01-08,506.14258054746006
2007-01-09,506.14258054746006
2007-01-10,506.59718748287065
2007-01-11,507.9620311547072
2007-01-12,508.5947312382789
2007-01-15,508.54343792798284
2007-01-16,506.5656717547169
2007-01-17,510.50834862112254
2007-01-18,507.5062989770166
2007-01-19,509.8603858855526
2007-01-22,508.08797913907273
2007-01-23,512.8006609774005
2007-01-24,513.3943116177223
2007-01-25,520.5045377763165
2007-01-26,521.8100880794073
2007-01-29,523.5226128418208
2007-01-30,520.45696180738
2007-01-31,510.5102611384054
2007-02-01,512.6445641934982
2007-02-02,511.6962645901713
2007-02-05,508.09745996368576
2007-02-06,500.1947493283076
2007-02-07,495.72109197317974
2007-02-08,495.2422801566744
2007-02-09,496.8503412766898
2007-02-12,496.9899246194108
2007-02-13,497.08620660661165
2007-02-14,492.28920137908307
2007-02-15,489.5896433625217
2007-02-16,489.19547343359085
2007-02-19,489.1618306356346
2007-02-20,489.76940377347756
2007-02-21,489.12346586135556
2007-02-22,486.3251293985141
2007-02-23,490.1216869908587
2007-02-26,492.3346433170743
2007-02-27,498.2731278619114
2007-02-28,494.6287739061937
2007-03-01,494.614009299346
2007-03-02,500.96402195031027
2007-03-05,500.2067095235945
2007-03-06,497.7209199211517
2007-03-07,503.73548667785826
2007-03-08,502.8626440275885
2007-03-09,486.0339996859749
2007-03-12,493.8624713840949
2007-03-13,502.49203542139503
2007-03-14,499.5687129914466
2007-03-15,497.77000685247225
2007-03-16,496.27558183534114
2007-03-19,492.99606613524685
2007-03-20,495.9512530521179
2007-03-21,500.4208874500089
2007-03-22,491.9774687202431
2007-03-23,489.1778262935544
2007-03-26,491.43986958790134
2007-03-27,490.183059865027
2007-03-28,489.8646925710115
2007-03-29,488.6801381331855
2007-03-30,487.55708956823787
2007-04-02,487.73020733943423
2007-04-03,487.2710431149503
2007-04-04,487.6092649962809
2007-04-05,487.7010789439366
2007-04-06,488.0268023655793
2007-04-09,487.90255038698706
2007-04-10,486.0361654129666
2007-04-11,487.46462856616074
2007-04-12,487.46462856616074
2007-04-13,490.3285186304208
2007-04-16,487.9157274533963
2007-04-17,482.0549425453453
2007-04-18,478.304623404331
2007-04-19,478.5399258139999
2007-04-20,478.5208191470163
2007-04-23,478.655920077778
2007-04-24,479.1338653185447
2007-04-25,478.17724141703104
2007-04-26,474.76238208491174
2007-04-27,473.9752682909889
2007-04-30,477.95531982521754
2007-05-01,477.4980620262059
2007-05-02,477.2900395024215
2007-05-03,475.6483709525865
2007-05-04,477.51446782147343
2007-05-07,477.7310357469065
2007-05-08,477.94768488531156
2007-05-09,475.7659988333302
2007-05-10,477.37102517869454
2007-05-11,476.0719403720425
2007-05-14,475.18869192276327
2007-05-15,474.43160949883145
2007-05-16,474.38409534739276
2007-05-17,476.10561250085135
2007-05-18,478.55886842065416
2007-05-21,476.9631269439276
2007-05-22,484.0886123622105
2007-05-23,488.33414129017603
2007-05-24,489.31471024381466
2007-05-25,490.5007169591724
2007-05-28,490.48596740034964
2007-05-29,497.40572483082246
2007-05-30,497.3713414520846
2007-05-31,503.4847142477367
2007-06-01,525.6382714564018
2007-06-04,518.6679073134123
2007-06-05,536.2612759276375
2007-06-06,529.0082823616794
2007-06-07,575.2010780976152
2007-06-08,583.0896360345012
2007-06-11,588.5970462250293
2007-06-12,629.3103465830843
2007-06-13,617.5378858392475
2007-06-14,623.1884966902317
2007-06-15,602.3064288483013
2007-06-18,591.239241987933
2007-06-19,566.0980889896413
2007-06-20,580.2354752349148
2007-06-21,588.8659628269577
2007-06-22,580.1259759235907
2007-06-25,562.8677792845295
2007-06-26,567.5893722437514
2007-06-27,561.3041946035653
2007-06-28,569.0820934311643
2007-06-29,557.0386157494033
2007-07-02,551.8079464001198
2007-07-03,557.5828056254768
2007-07-04,557.5828056254768
2007-07-05,564.9189638007359
2007-07-06,568.3242612789817
2007-07-09,562.5644275571132
2007-07-10,537.2006330646924
2007-07-11,542.9256538953969
2007-07-12,548.1380631055149
2007-07-13,547.6519595581857
2007-07-16,540.3658750131561
2007-07-17,544.6717138575494
2007-07-18,537.9026608620452
2007-07-19,539.11394092935
2007-07-20,534.9540690903235
2007-07-23,535.3743615947624
2007-07-24,535.164629434992
2007-07-25,535.147904403911
2007-07-26,536.899742839527
2007-07-27,536.1201740465114
2007-07-30,533.711795491915
2007-07-31,537.0387824182475
2007-08-01,537.5165615050612
2007-08-02,537.5108109418014
2007-08-03,543.9855301154291
2007-08-06,540.9376004857206
2007-08-07,538.534084483899
2007-08-08,525.3643189914187
2007-08-09,534.6521898017404
2007-08-10,535.7628311338933
2007-08-13,536.0409773725145
2007-08-14,539.0960302530027
2007-08-15,542.056246064497
2007-08-16,551.1281142652222
2007-08-17,545.9455646412433
2007-08-20,550.426811995942
2007-08-21,557.9351720924557
2007-08-22,551.489766808104
2007-08-23,550.5939683787429
2007-08-24,546.1211348461391
2007-08-27,551.4456290202342
2007-08-28,569.8286103641489
2007-08-29,564.4281171930879
2007-08-30,576.921379959377
2007-08-31,565.720287672067
2007-09-03,565.720287672067
2007-09-04,565.720287672067
2007-09-05,587.102065422585
2007-09-06,580.3384044660814
2007-09-07,612.8670844296159
2007-09-10,619.88436979197
2007-09-11,608.7202133266361
2007-09-12,598.9531628867284
2007-09-13,581.8079396894524
2007-09-14,587.6206890070972
2007-09-17,586.0667002001156
2007-09-18,588.3178565601472
2007-09-19,581.5422276596332
2007-09-20,559.1582647514282
2007-09-21,564.3036966922313
2007-09-24,564.5667893855658
2007-09-25,565.5636395696442
2007-09-26,565.5636395696442
2007-09-27,568.0595032180303
2007-09-28,567.2874896715213
2007-10-01,567.9062648388343
2007-10-02,570.7312432440048
2007-10-03,568.9992300872691
2007-10-04,571.4034460703953
2007-10-05,558.1118058549399
2007-10-08,558.036588804869
2007-10-09,557.1112248518621
2007-10-10,557.3647282442192
2007-10-11,557.1490304427641
2007-10-12,556.286522340308
2007-10-15,556.9838908759316
2007-10-16,557.4355673009087
2007-10-17,559.4489637257677
2007-10-18,560.2309553475544
2007-10-19,567.2581785410937
2007-10-22,566.6592542040554
2007-10-23,566.2696431820053
2007-10-24,579.6537442808177
2007-10-25,574.8281759578067
2007-10-26,568.0377174372312
2007-10-29,568.5178695466393
2007-10-30,568.5178695466393
2007-10-31,548.8174835784367
2007-11-01,548.7128879225359
2007-11-02,575.4216138549715
2007-11-05,571.3748468818048
2007-11-06,562.500110624586
2007-11-07,571.7440574806446
2007-11-08,586.0501067048028
2007-11-09,597.6227064915879
2007-11-12,597.5685575812136
2007-11-13,587.1922252871931
2007-11-14,582.3818797101827
2007-11-15,612.0828983069212
2007-11-16,615.198260987014
2007-11-19,637.727006208105
2007-11-20,643.4954103963086
2007-11-21,654.1167655393015
2007-11-22,654.1083439422292
2007-11-23,657.0776455465017
2007-11-26,711.4807719819447
2007-11-27,678.6828353032322
2007-11-28,652.5635256821997
2007-11-29,675.934345582777
2007-11-30,673.6550384426276
2007-12-03,698.6537668723049
2007-12-04,700.4133009524455
2007-12-05,700.3944332905686
2007-12-06,678.9273664540453
2007-12-07,646.0016955316049
2007-12-10,639.152695888304
2007-12-11,669.2157322518228
2007-12-12,655.0813931716956
2007-12-13,643.1698198788835
2007-12-14,634.6601843309855
2007-12-17,639.8942609170005
2007-12-18,645.6168805912805
2007-12-19,649.8015216168824
2007-12-20,653.5029272437071
2007-12-21,636.3942397966658
2007-12-24,629.7552249640652
2007-12-25,629.7078314046506
2007-12-26,624.2350226691158
2007-12-27,630.9581675831732
2007-12-28,634.9784375048807
2007-12-31,637.7776978820127
2008-01-01,637.7189713979195
2008-01-02,651.7356318544798
2008-01-03,650.9447947259038
2008-01-04,665.8377716632984
2008-01-07,670.1505273098063
2008-01-08,670.1193863282751
2008-01-09,679.4948249060892
2008-01-10,659.0013083405688
2008-01-11,679.3683753267137
2008-01-14,681.3167962650305
2008-01-15,699.8730701763249
2008-01-16,697.8514778576516
2008-01-17,715.1080242655758
2008-01-18,719.5575488294983
2008-01-21,719.546303230346
2008-01-22,765.0311230596303
2008-01-23,780.6016832747038
2008-01-24,715.8646780732196
2008-01-25,730.7615092384086
2008-01-28,729.1528362463403
2008-01-29,713.6062205667214
2008-01-30,696.2695526139846
2008-01-31,716.8028156285806
2008-02-01,724.8432183449243
2008-02-04,719.0313924400771
2008-02-05,734.9001256686036
2008-02-06,731.6278469161324
2008-02-07,709.5253172098735
2008-02-08,724.9838922298285
2008-02-11,731.5837633676671
2008-02-12,719.9415906805197
2008-02-13,722.4014154525611
2008-02-14,702.6637814816995
2008-02-15,707.5491261994541
2008-02-18,707.5491261994541
2008-02-19,690.4896509084906
2008-02-20,683.6390346175239
2008-02-21,699.4109361295493
2008-02-22,699.5489522742175
2008-02-25,689.0178990304942
2008-02-26,693.6537336632307
2008-02-27,694.4473873968939
2008-02-28,708.3502166763395
2008-02-29,727.9139908994873
2008-03-03,726.619045395942
2008-03-04,726.5663419272571
2008-03-05,707.7619576484119
2008-03-06,716.217480826524
2008-03-07,731.4705449994696
2008-03-10,747.6707459704619
2008-03-11,716.8600712896325
2008-03-12,742.4964904704217
2008-03-13,740.5218893208817
2008-03-14,767.4448560881912
2008-03-17,783.3706014929353
2008-03-18,763.296616863729
2008-03-19,780.8997744419662
2008-03-20,786.0888246757883
2008-03-21,786.0888246757883
2008-03-24,744.733397811623
2008-03-25,752.3000280200768
2008-03-26,754.7503906006344
2008-03-27,748.9140480898145
2008-03-28,755.6257747825246
2008-03-31,760.5456229875241
2008-04-01,736.114194909894
2008-04-02,730.3455572264915
2008-04-03,730.3015281195353
2008-04-04,742.1185581696755
2008-04-07,731.6578667049114
2008-04-08,731.4629468924024
2008-04-09,740.4271567885862
2008-04-10,732.3511770788208
2008-04-11,740.5446339781904
2008-04-14,736.9985863035948
2008-04-15,730.524925362653
2008-04-16,720.4029028347956
2008-04-17,717.4440804884894
2008-04-18,715.6112960315354
2008-04-21,717.008922622402
2008-04-22,716.4344632236831
2008-04-23,715.7328398568502
2008-04-24,712.6101125792733
2008-04-25,711.5350751163535
2008-04-28,711.7189078180606
2008-04-29,711.6428091704528
2008-04-30,710.9579855502151
2008-05-01,711.055114101697
2008-05-02,711.0253575962121
2008-05-05,711.1878938220068
2008-05-06,710.9829332749248
2008-05-07,710.9680992229551
2008-05-08,710.4105586547395
2008-05-09,710.1359302490168
2008-05-12,709.9857984946993
2008-05-13,702.7821609519798
2008-05-14,700.1114074944031
2008-05-15,702.337459851754
2008-05-16,702.2530945381801
2008-05-19,702.0879179907039
2008-05-20,702.0583819141697
2008-05-21,701.4581719257321
2008-05-22,696.3739216475783
2008-05-23,700.6698258542191
2008-05-26,700.6698258542191
2008-05-27,698.9809129403079
2008-05-28,697.303031628094
2008-05-29,696.8424810095792
2008-05-30,695.9713245172285
2008-06-02,689.5911168691451
2008-06-03,683.5355506112334
2008-06-04,684.2741698078771
2008-06-05,682.663634235534
2008-06-06,685.5986228639172
2008-06-09,682.7753778130001
2008-06-10,678.907559124285
2008-06-11,679.6450028410528
2008-06-12,681.3109233585303
2008-06-13,681.989189061636
2008-06-16,680.5141467117227
2008-06-17,676.8554866490115
2008-06-18,670.7377496916505
2008-06-19,675.7355615622813
2008-06-20,671.8568837544699
2008-06-23,673.2739086924281
2008-06-24,670.0841538190718
2008-06-25,670.730817198631
2008-06-26,670.0564277335823
2008-06-27,669.8335604304802
2008-06-30,670.1491766794404
2008-07-01,669.8301951713926
2008-07-02,672.4764864672943
2008-07-03,673.5174425215115
2008-07-04,673.4871915866674
2008-07-07,679.1070594630394
2008-07-08,683.5957742793317
2008-07-09,687.7127003663479
2008-07-10,690.780454831965
2008-07-11,665.0337291736053
2008-07-14,677.0019569187039
2008-07-15,683.3393791298221
2008-07-16,675.6283821165129
2008-07-17,661.8852167208859
2008-07-18,657.8926636944773
2008-07-21,658.8835528531907
2008-07-22,657.9823786341776
2008-07-23,656.5785195465442
2008-07-24,658.2442298168028
2008-07-25,659.3038931895263
2008-07-28,659.3038931895263
2008-07-29,659.2582294304112
2008-07-30,659.2582294304112
2008-07-31,660.8801090016909
2008-08-01,661.4370959408353
2008-08-04,660.2342278618275
2008-08-05,658.9513326023107
2008-08-06,656.9590853542297
2008-08-07,667.0361031780079
2008-08-08,664.4320345428611
2008-08-11,660.0690842068445
2008-08-12,669.0474002640378
2008-08-13,665.6828178878826
2008-08-14,670.03763891462
2008-08-15,672.9607154610469
2008-08-18,676.5860605975447
2008-08-19,674.6957440264375
2008-08-20,681.3380566360622
2008-08-21,675.1146025945702
2008-08-22,669.1316867557933
2008-08-25,685.0519971695795
2008-08-26,684.4386752967908
2008-08-27,688.4221529447824
2008-08-28,686.2198965888249
2008-08-29,682.0922421317335
2008-09-01,682.0922421317335
2008-09-02,697.8318485046346
2008-09-03,706.4649992733948
2008-09-04,715.3994917077645
2008-09-05,705.6376473992029
2008-09-08,698.6009060727006
2008-09-09,715.7708255532636
2008-09-10,701.52032894438
2008-09-11,707.4286208119714
2008-09-12,683.5842443536179
2008-09-15,750.7918557944051
2008-09-16,741.756713938579
2008-09-17,760.5647155156441
2008-09-18,758.7995104262111
2008-09-19,692.8234829577917
2008-09-22,680.9915527668544
2008-09-23,678.9320610914549
2008-09-24,680.0674760043727
2008-09-25,678.6779808127399
2008-09-26,679.3748471768513
2008-09-29,679.3748471768513
2008-09-30,679.3232272031689
2008-10-01,680.4019365035028
2008-10-02,681.036013076912
2008-10-03,681.8170490899888
2008-10-06,684.8780041970628
2008-10-07,682.8577923849244
2008-10-08,670.7846573679882
2008-10-09,663.1435686476148
2008-10-10,663.1204473737833
2008-10-13,663.0850509977349
2008-10-14,665.2312277036661
2008-10-15,665.4226446133711
2008-10-16,663.897856038518
2008-10-17,665.9030879106192
2008-10-20,660.0391423938036
2008-10-21,652.1238288988965
2008-10-22,648.6676860786582
2008-10-23,647.7074847480291
2008-10-24,646.5970237173441
2008-10-27,646.5970237173441
2008-10-28,644.3105703322096
2008-10-29,643.4089759023506
2008-10-30,642.3111150656355
2008-10-31,641.5336175981969
2008-11-03,641.4985206878605
2008-11-04,639.5289152422833
2008-11-05,638.9906037261992
2008-11-06,638.9555201320919
2008-11-07,638.0722188695754
2008-11-10,639.456104279956
2008-11-11,639.4387345505
2008-11-12,643.5980774323466
2008-11-13,642.5810006448137
2008-11-14,646.2643676025077
2008-11-17,650.2113691522309
2008-11-18,658.5575635207482
2008-11-19,666.2085913201215
2008-11-20,684.1421881547847
2008-11-21,680.4481764979267
2008-11-24,662.4855926783789
2008-11-25,693.7055416273315
2008-11-26,714.4410989023456
2008-11-27,714.4410989023456
2008-11-28,725.0797357567574
2008-12-01,753.4221490503351
2008-12-02,758.3293264073743
2008-12-03,771.8811214248536
2008-12-04,790.4966547828417
2008-12-05,761.2772332977797
2008-12-08,755.2213777511547
2008-12-09,767.5819992264643
2008-12-10,755.72052658079
2008-12-11,780.7904638829616
2008-12-12,789.0478744818643
2008-12-15,797.3612853907538
2008-12-16,841.8147602414718
2008-12-17,865.2571182581072
2008-12-18,877.0664358142963
2008-12-19,850.2734421447011
2008-12-22,848.669855711082
2008-12-23,854.2729370463755
2008-12-24,843.4031718728316
2008-12-25,843.4031718728316
2008-12-26,858.9251021850519
2008-12-29,869.8478584271286
2008-12-30,857.9823760341841
2008-12-31,817.947829537416
2009-01-01,817.8568780154383
2009-01-02,785.8466193946498
2009-01-05,783.0115810304897
2009-01-06,785.660615773581
2009-01-07,787.4319370051282
2009-01-08,799.1904101704462
2009-01-09,802.5173885154039
2009-01-12,815.1637805105961
2009-01-13,813.093042190949
2009-01-14,828.7980322939458
2009-01-15,829.8398944349783
2009-01-16,817.6326400717146
2009-01-19,817.6326400717146
2009-01-20,810.5640011411621
2009-01-21,770.5188887854066
2009-01-22,755.4459083764451
2009-01-23,751.7721879711249
2009-01-26,748.5350036278675
2009-01-27,760.2338797558086
2009-01-28,751.2014240183728
2009-01-29,740.8274066631488
2009-01-30,739.1867465415787
2009-02-02,747.0506108198227
2009-02-03,740.1021487779414
2009-02-04,737.5293359473088
2009-02-05,739.0437816892337
2009-02-06,736.7495213486771
2009-02-09,735.6168374174122
2009-02-10,740.7134892016236
2009-02-11,742.1283015070628
2009-02-12,744.081241731814
2009-02-13,732.7251938222652
2009-02-16,732.6821343256095
2009-02-17,747.1239650928192
2009-02-18,740.571775195586
2009-02-19,728.1076718415139
2009-02-20,736.4314159699843
2009-02-23,735.3728074591472
2009-02-24,733.0233214381684
2009-02-25,723.6518090719889
2009-02-26,725.628291114845
2009-02-27,725.4734858102609
2009-03-02,729.858813703628
2009-03-03,728.6958218992842
2009-03-04,725.566247585032
2009-03-05,733.4607248275638
2009-03-06,733.5947474536747
2009-03-09,732.091427257483
2009-03-10,726.0067586956627
2009-03-11,730.4207323124426
2009-03-12,733.45695811496
2009-03-13,734.6290069623091
2009-03-16,731.2028810833854
2009-03-17,726.2676139769527
2009-03-18,762.5459264031283
2009-03-19,755.6725135521035
2009-03-20,756.073610042831
2009-03-23,753.5321415130163
2009-03-24,752.7319551303478
2009-03-25,744.0713962110552
2009-03-26,748.1355709095947
2009-03-27,745.6309205517522
2009-03-30,748.9605923014248
2009-03-31,751.3482939672725
2009-04-01,752.9046650671814
2009-04-02,745.9481613927272
2009-04-03,735.2416299751004
2009-04-06,734.2296747546748
2009-04-07,735.9021222679553
2009-04-08,737.7829020430584
2009-04-09,736.3691433958606
2009-04-10,736.3691433958606
2009-04-13,738.9827969689728
2009-04-14,740.5597927785516
2009-04-15,741.5356133950019
2009-04-16,737.6192347548603
2009-04-17,730.5518224616161
2009-04-20,736.1099350377123
2009-04-21,732.4519540719223
2009-04-22,729.6294216651471
2009-04-23,730.4887821428252
2009-04-24,728.2827963152582
2009-04-27,731.3648091776694
2009-04-28,729.2863971547253
2009-04-29,727.4723331609491
2009-04-30,726.8035786066063
2009-05-01,726.4694772146321
2009-05-04,726.5746201916677
2009-05-05,726.5746201916677
2009-05-06,726.5746201916677
2009-05-07,726.5746201916677
2009-05-08,726.5505606211121
2009-05-11,725.8014991755493
2009-05-12,725.7516310674359
2009-05-13,725.7035044055439
2009-05-14,725.5521790694445
2009-05-15,724.9204177067478
2009-05-18,722.0847537708809
2009-05-19,721.378274685609
2009-05-20,722.5496323869104
2009-05-21,720.0048694617134
2009-05-22,718.0638510354622
2009-05-25,717.9222823597677
2009-05-26,720.4271693494943
2009-05-27,727.3077213243631
2009-05-28,727.5461356840673
2009-05-29,714.2871838723102
2009-06-01,737.3486012607199
2009-06-02,735.1898118980946
2009-06-03,727.9471502480409
2009-06-04,742.3068586351553
2009-06-05,762.6406726443946
2009-06-08,764.6134309188022
2009-06-09,758.110162165514
2009-06-10,763.4733506790486
2009-06-11,752.140262951386
2009-06-12,746.8143863079398
2009-06-15,738.8286975693663
2009-06-16,734.7486855645618
2009-06-17,731.3776384801889
2009-06-18,745.6870211650049
2009-06-19,742.3439146594619
2009-06-22,735.2497995031893
2009-06-23,732.0915111988178
2009-06-24,734.7418157306244
2009-06-25,727.959538477813
2009-06-26,726.5249591916362
2009-06-29,726.3256955881573
2009-06-30,726.613620048693
2009-07-01,726.613620048693
2009-07-02,726.1357340496023
2009-07-03,726.0920580812973
2009-07-06,726.0920580812973
2009-07-07,726.4316842648682
2009-07-08,728.6088258935079
2009-07-09,725.93896456974
2009-07-10,732.9078245832973
2009-07-13,729.7844202411097
2009-07-14,725.2465366929162
2009-07-15,716.3493474691958
2009-07-16,718.7484187356458
2009-07-17,717.1914602838693
2009-07-20,718.1220814320978
2009-07-21,717.4829235559791
2009-07-22,717.8864702695478
2009-07-23,716.9024506100047
2009-07-24,717.11766825967
2009-07-27,717.6539017294655
2009-07-28,717.5592413357381
2009-07-29,717.8147285986554
2009-07-30,717.1798389027367
2009-07-31,712.7108866587374
2009-08-03,717.0693989195893
2009-08-04,717.1842993038124
2009-08-05,717.5972184616995
2009-08-06,717.1290642619196
2009-08-07,721.1125684501964
2009-08-10,717.5850437394148
2009-08-11,714.2508297329149
2009-08-12,713.6364252221059
2009-08-13,708.789048482615
2009-08-14,707.5821574221173
2009-08-17,707.5202848828505
2009-08-18,706.8701224981336
2009-08-19,709.4294136679323
2009-08-20,710.1851940981542
2009-08-21,703.1941429613371
2009-08-24,706.7221704235967
2009-08-25,708.7389758496556
2009-08-26,709.5477148255052
2009-08-27,708.6369736463265
2009-08-28,709.9510087285017
2009-08-31,713.1707564373496
2009-09-01,715.3973744108871
2009-09-02,720.3618045103734
2009-09-03,716.3837223103911
2009-09-04,704.6482063021791
2009-09-07,704.5883920892173
2009-09-08,704.3746732975686
2009-09-09,703.2276342843344
2009-09-10,713.3235299214665
2009-09-11,714.066230781691
2009-09-14,709.3767528013215
2009-09-15,704.7228364727138
2009-09-16,700.8611787233159
2009-09-17,706.5644971036196
2009-09-18,702.0275718074117
2009-09-21,701.7574777772584
2009-09-22,703.316478594321
2009-09-23,705.9272571497527
2009-09-24,707.6203263595072
2009-09-25,709.5863953206059
2009-09-28,711.645778589285
2009-09-29,713.0763203309887
2009-09-30,713.5709934853503
2009-10-01,731.0745770158569
2009-10-02,730.0209219212537
2009-10-05,729.1891032475086
2009-10-06,727.4591377954016
2009-10-07,744.1634691396463
2009-10-08,727.9588527999736
2009-10-09,701.1339922180614
2009-10-12,700.8688206509096
2009-10-13,711.8807669348595
2009-10-14,698.4847342804344
2009-10-15,691.4909913525303
2009-10-16,695.6644195775625
2009-10-19,696.5346775364754
2009-10-20,699.7705996639673
2009-10-21,694.7162128302808
2009-10-22,694.2319326380873
2009-10-23,690.3418058139528
2009-10-26,685.3606437436626
2009-10-27,689.8922225769555
2009-10-28,690.1335263868822
2009-10-29,689.2051301650249
2009-10-30,694.1253308983975
2009-11-02,693.3768161439374
2009-11-03,690.7556792115828
2009-11-04,687.9015454319284
2009-11-05,690.0506878948808
2009-11-06,692.7664871345195
2009-11-09,693.6335754798228
2009-11-10,693.9530225425531
2009-11-11,698.612413139284
2009-11-12,697.3029892314529
2009-11-13,697.6142838550549
2009-11-16,709.3119023403725
2009-11-17,710.2690103744015
2009-11-18,703.3623177445058
2009-11-19,708.8101184617108
2009-11-20,706.4595140549313
2009-11-23,708.0220293634127
2009-11-24,719.7635994775999
2009-11-25,729.2322977255603
2009-11-26,729.1401702619776
2009-11-27,749.8557192033667
2009-11-30,751.8599213872246
2009-12-01,734.4773426694455
2009-12-02,713.6521681784305
2009-12-03,696.4154896383359
2009-12-04,663.6396398183396
2009-12-07,673.250294279652
2009-12-08,680.8355315441859
2009-12-09,679.0641508662959
2009-12-10,672.8415923947688
2009-12-11,665.8860180632158
2009-12-14,664.2667684759681
2009-12-15,661.0008058061561
2009-12-16,661.4868137057742
2009-12-17,661.4868137057742
2009-12-18,661.4312146802301
2009-12-21,658.5282581742617
2009-12-22,657.2124440832714
2009-12-23,657.2812160582778
2009-12-24,659.994749920115
2009-12-25,659.9397116594408
2009-12-28,662.5638784762649
2009-12-29,660.6861158415533
2009-12-30,657.6909142604271
2009-12-31,663.9063475414697
2010-01-01,663.9063475414697
2010-01-04,662.6530636900345
2010-01-05,651.8925056195328
2010-01-06,655.4729772084778
2010-01-07,656.6061866742905
2010-01-08,654.9038227542733
2010-01-11,654.8904135606325
2010-01-12,648.9085849211475
2010-01-13,651.4795306160513
2010-01-14,651.2094676597361
2010-01-15,650.7702489437091
2010-01-18,650.6773882526779
2010-01-19,649.3050561522786
2010-01-20,651.5178476462281
2010-01-21,654.2124074095218
2010-01-22,655.0649046140016
2010-01-25,652.6757378667357
2010-01-26,654.2281315760861
2010-01-27,651.376206453564
2010-01-28,652.1510631664693
2010-01-29,659.64906907741
2010-02-01,654.6744271586077
2010-02-02,657.386538381209
2010-02-03,649.7653363387482
2010-02-04,661.3258219681186
2010-02-05,671.0684133461169
2010-02-08,664.9067224474005
2010-02-09,659.5523753902687
2010-02-10,652.5739879413707
2010-02-11,649.5248143567804
2010-02-12,654.3961810752357
2010-02-15,654.2541829607608
2010-02-16,657.2594144709949
2010-02-17,648.9883935003525
2010-02-18,642.258485251813
2010-02-19,641.9905595727622
2010-02-22,641.9554702073813
2010-02-23,643.2189191169809
2010-02-24,643.183148944059
2010-02-25,645.145905067913
2010-02-26,647.8824021735702
2010-03-01,646.5395001437444
2010-03-02,646.8080869659846
2010-03-03,647.111643573364
2010-03-04,649.072811637744
2010-03-05,639.2183797804759
2010-03-08,636.4237537260724
2010-03-09,639.2672663609259
2010-03-10,636.0791762747443
2010-03-11,634.4808165943072
2010-03-12,634.6998005852935
2010-03-15,635.5722565984885
2010-03-16,642.5601930361742
2010-03-17,642.5271036026046
2010-03-18,638.1332237107013
2010-03-19,635.6420240806776
2010-03-22,641.8382700687343
2010-03-23,641.8382700687343
2010-03-24,618.9340134803622
2010-03-25,608.4908684732436
2010-03-26,609.795792091972
2010-03-29,609.8845165659834
2010-03-30,609.8845165659834
2010-03-31,608.1098052745685
2010-04-01,609.329153483361
2010-04-02,612.2551362414798
2010-04-05,613.6839904957038
2010-04-06,612.052320606236
2010-04-07,602.4062368255234
2010-04-08,604.7516999896395
2010-04-09,604.1373440021442
2010-04-12,602.423661304493
2010-04-13,601.2132702079451
2010-04-14,600.9474138431748
2010-04-15,601.4840767068986
2010-04-16,604.8599688260506
2010-04-19,603.3958107047843
2010-04-20,603.0660939185163
2010-04-21,607.5151840440944
2010-04-22,603.6632118277015
2010-04-23,598.6496114434291
2010-04-26,600.2620549063594
2010-04-27,610.8220758525986
2010-04-28,604.7286356521508
2010-04-29,609.6617361017159
2010-04-30,614.9841991224788
2010-05-03,610.1191875277755
2010-05-04,619.4395018640776
2010-05-05,627.0736777101172
2010-05-06,646.087902819069
2010-05-07,641.1707365639425
2010-05-10,624.4629711216666
2010-05-11,626.3000497932582
2010-05-12,621.5234836652882
2010-05-13,622.8109662817661
2010-05-14,640.497247112973
2010-05-17,636.6425567013879
2010-05-18,649.0733998457239
2010-05-19,649.9895690549199
2010-05-20,665.7779542784273
2010-05-21,674.8163659259828
2010-05-24,670.7303779428046
2010-05-25,686.9048594308442
2010-05-26,669.4243504359788
2010-05-27,639.5610678346824
2010-05-28,652.1820348886476
2010-05-31,652.1713592468441
2010-06-01,652.5474449264674
2010-06-02,644.2587472534129
2010-06-03,639.1800653005652
2010-06-04,668.263729485487
2010-06-07,670.7605866063149
2010-06-08,674.182453625598
2010-06-09,670.4228262813388
2010-06-10,646.1665451101372
2010-06-11,664.8834784760909
2010-06-14,656.2785393432349
2010-06-15,650.8788331391561
2010-06-16,653.8138686870153
2010-06-17,663.7076757135325
2010-06-18,659.4118200376439
2010-06-21,657.2759742937881
2010-06-22,666.5052752304936
2010-06-23,673.4182806704665
2010-06-24,672.8062818029451
2010-06-25,676.1649144456643
2010-06-28,691.4230457714267
2010-06-29,701.2697212819502
2010-06-30,701.6624541215812
2010-07-01,703.6819123636155
2010-07-02,693.1605780335244
2010-07-05,693.1605780335244
2010-07-06,708.5528505009876
2010-07-07,697.5110506363334
2010-07-08,687.1932514187258
2010-07-09,678.6841180475228
2010-07-12,685.0753150878297
2010-07-13,670.4900877497137
2010-07-14,688.6985595509034
2010-07-15,704.2260624420619
2010-07-16,716.4059447477541
2010-07-19,710.8521731265421
2010-07-20,718.4170333608633
2010-07-21,728.5995788706865
2010-07-22,714.9582002606094
2010-07-23,692.954328853573
2010-07-26,695.5630404807013
2010-07-27,680.0382393884737
2010-07-28,699.4369666459061
2010-07-29,706.9316882082113
2010-07-30,730.1078085901843
2010-08-02,716.4291099564505
2010-08-03,738.0134545509239
2010-08-04,723.834711094722
2010-08-05,734.5574347563141
2010-08-06,762.6715883396676
2010-08-09,759.9922454128499
2010-08-10,780.9296936923705
2010-08-11,810.661070854488
2010-08-12,797.5987761194189
2010-08-13,808.9590106296804
2010-08-16,839.3303031805456
2010-08-17,811.884245884489
2010-08-18,808.7496437892611
2010-08-19,825.9306917421517
2010-08-20,804.4462061603222
2010-08-23,810.6642738276744
2010-08-24,848.216129241937
2010-08-25,822.4957667362496
2010-08-26,837.8322588582396
2010-08-27,783.6724459091762
2010-08-30,829.8867627776854
2010-08-31,843.2986163125273
2010-09-01,811.2706804805409
2010-09-02,801.8639372862369
2010-09-03,784.576268509253
2010-09-06,784.4988165420714
2010-09-07,804.2756572681918
2010-09-08,794.343539298387
2010-09-09,773.9972237793486
2010-09-10,768.1575031119676
2010-09-13,777.0714854815772
2010-09-14,784.9925373348327
2010-09-15,781.1917505040645
2010-09-16,776.2218990038826
2010-09-17,780.5345536630424
2010-09-20,785.4462854701941
2010-09-21,803.406417517924
2010-09-22,807.5734838216079
2010-09-23,807.9310226834059
2010-09-24,796.4702273559981
2010-09-27,821.4873496381515
2010-09-28,838.4484761674287
2010-09-29,828.3480742255744
2010-09-30,823.9819371889823
2010-10-01,825.2235379170801
2010-10-04,840.7644020305311
2010-10-05,847.6747084328629
2010-10-06,867.3706088561776
2010-10-07,869.6086922346511
2010-10-08,878.2599674936831
2010-10-11,884.7262331378699
2010-10-12,865.5867114672176
2010-10-13,873.190706820022
2010-10-14,843.3721238046334
2010-10-15,819.8043026970673
2010-10-18,852.2614997869691
2010-10-19,858.153617816901
2010-10-20,858.7979830253206
2010-10-21,841.2411363761023
2010-10-22,831.5640009427354
2010-10-25,831.5079817269135
2010-10-26,803.3303113295148
2010-10-27,784.1965799017838
2010-10-28,801.0560327456192
2010-10-29,808.6586930219104
2010-11-01,809.157797779958
2010-11-02,814.0751273236258
2010-11-03,815.2490456518769
2010-11-04,851.6741578850658
2010-11-05,840.0766865119518
2010-11-08,837.7121559632516
2010-11-09,805.8738979178119
2010-11-10,822.0111257468634
2010-11-11,807.2733541587534
2010-11-12,790.8435996572457
2010-11-15,760.1458322154358
2010-11-16,765.2639673639836
2010-11-17,764.2092658005776
2010-11-18,762.1563882831097
2010-11-19,762.2231752877237
2010-11-22,762.721648060937
2010-11-23,762.991248575956
2010-11-24,761.9368255205649
2010-11-25,761.8812514676279
2010-11-26,762.6892651408788
2010-11-29,763.3767206490379
2010-11-30,763.8623700544031
2010-12-01,760.5139604346439
2010-12-02,758.7638263171307
2010-12-03,758.6946122527262
2010-12-06,755.6757640065251
2010-12-07,763.9506362739562
2010-12-08,765.9731618583231
2010-12-09,766.0620155320955
2010-12-10,771.2425683285746
2010-12-13,766.2430832128346
2010-12-14,785.3004310435169
2010-12-15,790.5969831138142
2010-12-16,785.8196501889286
2010-12-17,767.5496199037818
2010-12-20,770.4714519635763
2010-12-21,768.280140993404
2010-12-22,771.3175998766297
2010-12-23,776.2732187259281
2010-12-24,776.2732187259281
2010-12-27,772.0561538608097
2010-12-28,783.1203663129188
2010-12-29,768.0521250627045
2010-12-30,771.2341081143023
2010-12-31,766.89155060667
2011-01-03,769.3784343374003
2011-01-04,768.4003835987708
2011-01-05,775.8903369073103
2011-01-06,771.8238589437495
2011-01-07,765.0808462847316
2011-01-10,763.4533441572033
2011-01-11,765.1227201866908
2011-01-12,765.0686500166792
2011-01-13,763.1763123447677
2011-01-14,764.0093965364739
2011-01-17,764.0093965364739
2011-01-18,764.468401528384
2011-01-19,764.1442258778108
2011-01-20,765.7915008083904
2011-01-21,765.1781832442424
2011-01-24,764.8402230164127
2011-01-25,761.8673347497937
2011-01-26,764.7476131681362
2011-01-27,763.288351570915
2011-01-28,761.6157303897463
2011-01-31,762.8091862915813
2011-02-01,763.240590884727
2011-02-02,763.5762277554093
2011-02-03,764.2989145763897
2011-02-04,768.6951028649172
2011-02-07,768.3326449538603
2011-02-08,776.9703159917754
2011-02-09,767.0153735988777
2011-02-10,776.0512994456034
2011-02-11,768.4953569878852
2011-02-14,765.998432836545
2011-02-15,765.5786683098969
2011-02-16,766.4307223115145
2011-02-17,758.754687631036
2011-02-18,757.850989072695
2011-02-21,757.8219076774012
2011-02-22,744.5524750430163
2011-02-23,747.9273267790805
2011-02-24,747.529860844653
2011-02-25,747.2650077631389
2011-02-28,747.050771331692
2011-03-01,747.0219902211927
2011-03-02,746.3193997307627
2011-03-03,744.0581400846071
2011-03-04,745.9304937953024
2011-03-07,746.0230174430613
2011-03-08,747.5815888140096
2011-03-09,744.641540177811
2011-03-10,741.0490002645645
2011-03-11,740.7225030674978
2011-03-14,742.3457062320435
2011-03-15,743.3258084531818
2011-03-16,753.2171713913341
2011-03-17,748.8618959632169
2011-03-18,744.1931555354191
2011-03-21,735.1972222217448
2011-03-22,732.2680083065073
2011-03-23,731.0398000638054
2011-03-24,725.5572507694186
2011-03-25,722.3755049303835
2011-03-28,721.7502607240837
2011-03-29,721.7074914188347
2011-03-30,720.7645303692725
2011-03-31,721.3031570923274
2011-04-01,721.6624772235554
2011-04-04,720.2245678884142
2011-04-05,722.8262176896852
2011-04-06,725.0761331286803
2011-04-07,724.4633737342584
2011-04-08,725.3767221505681
2011-04-11,724.5101116425703
2011-04-12,716.587084788505
2011-04-13,712.8665564204356
2011-04-14,714.1266107563913
2011-04-15,713.6305023529616
2011-04-18,713.2135800403347
2011-04-19,713.4578663213584
2011-04-20,709.2078827559884
2011-04-21,710.4090507069543
2011-04-22,710.4090507069543
2011-04-25,715.7020348193842
2011-04-26,721.0157315672939
2011-04-27,716.8269199603202
2011-04-28,728.1093417922721
2011-04-29,732.1322932852718
2011-05-02,734.1678838584777
2011-05-03,739.5335620578527
2011-05-04,745.6159859332471
2011-05-05,759.8143405984946
2011-05-06,768.191951792868
2011-05-09,776.4221931988156
2011-05-10,757.9447899811738
2011-05-11,775.1170911681407
2011-05-12,761.7715555278266
2011-05-13,778.9921611938563
2011-05-16,791.9572955714658
2011-05-17,801.6498237543926
2011-05-18,779.5986054524049
2011-05-19,784.0368544804754
2011-05-20,795.3497636026552
2011-05-23,805.9260826852116
2011-05-24,810.3703693843338
2011-05-25,813.9387062550549
2011-05-26,852.3227695273094
2011-05-27,859.8069653823
2011-05-30,859.7760561401669
2011-05-31,869.8986942322701
2011-06-01,921.045695685925
2011-06-02,894.7218613440223
2011-06-03,921.5327240130601
2011-06-06,922.7298326740131
2011-06-07,916.737275060689
2011-06-08,951.2904558928294
2011-06-09,915.5630068058466
2011-06-10,934.588600490887
2011-06-13,921.4299267283936
2011-06-14,860.016452383849
2011-06-15,941.7359436913039
2011-06-16,963.853679019321
2011-06-17,953.1146661588128
2011-06-20,948.7533822401911
2011-06-21,940.6419302994271
2011-06-22,941.373631656669
2011-06-23,973.5911283860472
2011-06-24,992.4453291221644
2011-06-27,975.8496538453263
2011-06-28,915.5348326266227
2011-06-29,889.6205435382262
2011-06-30,873.1445143147754
2011-07-01,865.3056399862454
2011-07-04,865.2097847150667
2011-07-05,870.3977873079101
2011-07-06,872.9290558605918
2011-07-07,868.3338414221378
2011-07-08,885.2796836470253
2011-07-11,896.6695328009283
2011-07-12,897.7809407044749
2011-07-13,901.8294795304877
2011-07-14,891.6818899746002
2011-07-15,905.0695954892573
2011-07-18,907.0797346802358
2011-07-19,907.0464571763006
2011-07-20,895.7949700565562
2011-07-21,875.1011058350684
2011-07-22,886.1869592511596
2011-07-25,880.5780209204187
2011-07-26,891.7320959083885
2011-07-27,883.4883228611501
2011-07-28,890.8030172624299
2011-07-29,923.7472175864057
2011-08-01,936.702275169038
2011-08-02,961.851604233563
2011-08-03,965.4655554774816
2011-08-04,1007.0141403166119
2011-08-05,958.4784891021055
2011-08-08,1032.980933313608
2011-08-09,1093.8002371884104
2011-08-10,1104.6920315527127
2011-08-11,1066.066593291054
2011-08-12,1095.1453789612497
2011-08-15,1080.953027586085
2011-08-16,1103.578337058485
2011-08-17,1116.4415805357976
2011-08-18,1135.942659623762
2011-08-19,1136.6765005779137
2011-08-22,1127.130903839078
2011-08-23,1114.725025425992
2011-08-24,1079.1943184322818
2011-08-25,1097.8582948005123
2011-08-26,1111.3716336887303
2011-08-29,1085.4785650186338
2011-08-30,1115.7263696458672
2011-08-31,1098.1553244595793
2011-09-01,1123.0919321498943
2011-09-02,1157.739833290328
2011-09-05,1157.6791490839105
2011-09-06,1154.5349512112007
2011-09-07,1137.2850956320467
2011-09-08,1155.8443720665273
2011-09-09,1184.1008704380242
2011-09-12,1168.8320130103068
2011-09-13,1147.6780532091223
2011-09-14,1138.671377262519
2011-09-15,1111.033522157349
2011-09-16,1114.895368414393
2011-09-19,1157.9482230325782
2011-09-20,1154.4102436552992
2011-09-21,1167.0916586497497
2011-09-22,1213.9145214564305
2011-09-23,1172.813217045303
2011-09-26,1139.4018700978638
2011-09-27,1098.6150497707297
2011-09-28,1103.16207380044
2011-09-29,1113.294743149309
2011-09-30,1116.7450500751397
2011-10-03,1144.9203026409423
2011-10-04,1143.8101643843186
2011-10-05,1111.2371960188448
2011-10-06,1087.4658446536712
2011-10-07,1064.3255133274224
2011-10-10,1027.7534049689584
2011-10-11,1040.7136017980204
2011-10-12,1038.2182907940871
2011-10-13,1042.3079719937055
2011-10-14,1040.1661445462173
2011-10-17,1044.227986436163
2011-10-18,1044.92347914909
2011-10-19,1045.0476375196986
2011-10-20,1043.2396439468216
2011-10-21,1042.5429822887913
2011-10-24,1037.9014014232432
2011-10-25,1049.4582125314482
2011-10-26,1041.2489815010356
2011-10-27,1019.5830828678519
2011-10-28,1032.535616482466
2011-10-31,1039.1184797532703
2011-11-01,1047.1579832479592
2011-11-02,1047.7592326337954
2011-11-03,1042.803988243318
2011-11-04,1047.4466294455565
2011-11-07,1054.240270185843
2011-11-08,1042.0817322687844
2011-11-09,1062.193077772955
2011-11-10,1049.6631836532154
2011-11-11,1034.5828361113893
2011-11-14,1052.2812644176418
2011-11-15,1048.9439364213486
2011-11-16,1053.090905941869
2011-11-17,1061.0364229656248
2011-11-18,1048.0250111870039
2011-11-21,1055.7741800125161
2011-11-22,1061.8419944575817
2011-11-23,1073.6056446514647
2011-11-24,1073.527390652858
2011-11-25,1055.0443342500755
2011-11-28,1057.065661835013
2011-11-29,1047.9537697480623
2011-11-30,1035.3788361757292
2011-12-01,1029.0762567596544
2011-12-02,1042.8156321659906
2011-12-05,1040.3157229706273
2011-12-06,1034.9704930192026
2011-12-07,1049.512302461011
2011-12-08,1058.8136141321306
2011-12-09,1045.1531705948187
2011-12-12,1056.6762743739291
2011-12-13,1065.7851000346238
2011-12-14,1076.43722501419
2011-12-15,1072.9394294455544
2011-12-16,1091.5218586594283
2011-12-19,1098.144291302252
2011-12-20,1064.3658880909127
2011-12-21,1053.8810172211065
2011-12-22,1055.226384307853
2011-12-23,1031.2193360089555
2011-12-26,1031.0480486169504
2011-12-27,1033.8049782354544
2011-12-28,1055.875907565974
2011-12-29,1059.7574815706378
2011-12-30,1067.8337059491196
2012-01-02,1067.7351922393616
2012-01-03,1044.7818973669066
2012-01-04,1038.6614904369656
2012-01-05,1042.608346615404
2012-01-06,1051.1779092150193
2012-01-09,1054.955211729631
2012-01-10,1050.0437158177238
2012-01-11,1067.8693934128985
2012-01-12,1059.011582223789
2012-01-13,1083.8035643497947
2012-01-16,1083.743334354316
2012-01-17,1085.9628531062303
2012-01-18,1070.33681980271
2012-01-19,1042.0292979737317
2012-01-20,1020.3698773725595
2012-01-23,1009.4845214571986
2012-01-24,1012.3859496094714
2012-01-25,1025.838867187561
2012-01-26,1039.4159055329542
2012-01-27,1045.649386573027
2012-01-30,1055.874696936806
2012-01-31,1065.1111247597175
2012-02-01,1051.7033530243577
2012-02-02,1062.0686832015767
2012-02-03,1015.0049015319129
2012-02-06,1033.1905671034906
2012-02-07,1011.5714158154693
2012-02-08,1008.8665828591805
2012-02-09,998.4326831125143
2012-02-10,1017.0796921143378
2012-02-13,1010.2550333703268
2012-02-14,1020.6289788383808
2012-02-15,1021.4358053933154
2012-02-16,1004.0653221632838
2012-02-17,1002.00680465769
2012-02-20,1001.9686282959993
2012-02-21,994.5303400550014
2012-02-22,1005.0716705655741
2012-02-23,1008.007017190514
2012-02-24,1007.6374879329765
2012-02-27,1017.7762611291683
2012-02-28,1018.8674525751727
2012-02-29,1004.5956139998445
2012-03-01,989.2175719361906
2012-03-02,1009.2693191038455
2012-03-05,1003.4456551785503
2012-03-06,1017.9283794027688
2012-03-07,1012.4222015176227
2012-03-08,1003.0361391923179
2012-03-09,997.452018737657
2012-03-12,998.3412820233222
2012-03-13,981.1613117064859
2012-03-14,945.6852199946651
2012-03-15,946.4445064635548
2012-03-16,947.3377561625105
2012-03-19,953.4709634599816
2012-03-20,953.777781241499
2012-03-21,942.2483232360559
2012-03-22,938.6480943969417
2012-03-23,932.3939915691376
2012-03-26,932.081550707763
2012-03-27,927.0948253226658
2012-03-28,927.0703418046904
2012-03-29,927.3557711641208
2012-03-30,925.5359960606704
2012-04-02,927.555020052915
2012-04-03,920.3300238181679
2012-04-04,924.3877920075942
2012-04-05,926.2124827621077
2012-04-06,929.4623859524556
2012-04-09,929.9646053022906
2012-04-10,937.8122288281301
2012-04-11,931.6604503526441
2012-04-12,926.4376693227339
2012-04-13,937.263379116372
2012-04-16,941.6393339970192
2012-04-17,934.1195156777818
2012-04-18,938.4822073845473
2012-04-19,944.8104583357969
2012-04-20,941.8556742494161
2012-04-23,951.9486510937074
2012-04-24,945.2593825124043
2012-04-25,941.8296251635354
2012-04-26,950.3758838074551
2012-04-27,958.9922484793133
2012-04-30,963.5597603379895
2012-05-01,950.5317392456586
2012-05-02,960.4133034179382
2012-05-03,960.4133034179382
2012-05-04,981.0747938767222
2012-05-07,980.9920914810343
2012-05-08,995.5196338499891
2012-05-09,994.5462941988438
2012-05-10,986.6979351610202
2012-05-11,1006.0547421310758
2012-05-14,1028.8171340362053
2012-05-15,1025.381567511976
2012-05-16,1028.6825758714622
2012-05-17,1056.9715203598741
2012-05-18,1061.0389983611392
2012-05-21,1044.6945168099505
2012-05-22,1017.4909127562747
2012-05-23,1059.1698316429815
2012-05-24,1036.855812383854
2012-05-25,1055.9707565854183
2012-05-28,1055.9707565854183
2012-05-29,1061.3893695069123
2012-05-30,1136.2445437134124
2012-05-31,1157.9209180208884
2012-06-01,1230.0941306923369
2012-06-04,1168.6458909806693
2012-06-05,1155.3093739111337
2012-06-06,1103.841689580777
2012-06-07,1113.2082315338907
2012-06-08,1116.905933271958
2012-06-11,1134.2468428210836
2012-06-12,1100.9221780649143
2012-06-13,1129.6575628552587
2012-06-14,1118.9172725796948
2012-06-15,1132.839593302441
2012-06-18,1130.354650997191
2012-06-19,1117.0942873451263
2012-06-20,1101.6904377709145
2012-06-21,1110.0901245539687
2012-06-22,1091.825326736482
2012-06-25,1119.9000464951068
2012-06-26,1114.2580087800668
2012-06-27,1119.1719591593487
2012-06-28,1136.0542965866302
2012-06-29,1109.5714435905231
2012-07-02,1145.1654301977292
2012-07-03,1125.0871376357911
2012-07-04,1125.0702592150915
2012-07-05,1141.1493063672897
2012-07-06,1162.3264164071816
2012-07-09,1172.2175571343062
2012-07-10,1176.592442471904
2012-07-11,1174.4924750465093
2012-07-12,1178.8572477876
2012-07-13,1170.9915495454773
2012-07-16,1190.5727631056625
2012-07-17,1170.657010574031
2012-07-18,1186.143142890402
2012-07-19,1164.4394773541264
2012-07-20,1197.6310136346724
2012-07-23,1209.7963043874972
2012-07-24,1225.7106252057265
2012-07-25,1223.001828690748
2012-07-26,1204.4262824812308
2012-07-27,1120.494603867829
2012-07-30,1157.9303232800312
2012-07-31,1162.6475619923312
2012-08-01,1137.3946107524846
2012-08-02,1160.501853576608
2012-08-03,1129.6983395298296
2012-08-06,1138.0503217026837
2012-08-07,1121.60746586757
2012-08-08,1118.6200151366306
2012-08-09,1117.9261664679939
2012-08-10,1122.7217507484613
2012-08-13,1120.849458067628
2012-08-14,1112.5705726801068
2012-08-15,1102.5190846542798
2012-08-16,1099.4578173464524
2012-08-17,1099.367079556793
2012-08-20,1099.2546388930846
2012-08-21,1098.580058158707
2012-08-22,1093.52354853835
2012-08-23,1090.6564820991644
2012-08-24,1089.724598695796
2012-08-27,1094.1409231112602
2012-08-28,1097.256748965897
2012-08-29,1093.59005771938
2012-08-30,1107.1111950919822
2012-08-31,1127.2735707207144
2012-09-03,1127.1505935771404
2012-09-04,1111.0442420364402
2012-09-05,1108.659998684931
2012-09-06,1076.9326737194515
2012-09-07,1090.658244752232
2012-09-10,1085.0770342299559
2012-09-11,1082.2847557141129
2012-09-12,1067.2549737467994
2012-09-13,1080.4190910740451
2012-09-14,1061.8274903896288
2012-09-17,1064.6058511881715
2012-09-18,1065.9922090169707
2012-09-19,1067.1946384825196
2012-09-20,1067.413487477235
2012-09-21,1069.229951447035
2012-09-24,1071.7870275596774
2012-09-25,1075.7847855902571
2012-09-26,1087.254919770847
2012-09-27,1082.4608298462404
2012-09-28,1081.7661228540026
2012-10-01,1085.961414331338
2012-10-02,1088.8225927824028
2012-10-03,1093.3479767995918
2012-10-04,1076.8953891805495
2012-10-05,1049.2383475348067
2012-10-08,1067.5781684577166
2012-10-09,1059.66070997748
2012-10-10,1065.8108817826178
2012-10-11,1067.395655950041
2012-10-12,1068.982584419848
2012-10-15,1068.968403864212
2012-10-16,1053.5973789398201
2012-10-17,1024.1239932752944
2012-10-18,1020.8425935757415
2012-10-19,1022.5682176523368
2012-10-22,1023.5153845859809
2012-10-23,1022.620083263889
2012-10-24,1022.620083263889
2012-10-25,1024.1578541647013
2012-10-26,1024.1440851162854
2012-10-29,1023.8568399459767
2012-10-30,1023.5009577138765
2012-10-31,1027.5247982925218
2012-11-01,1024.9088875167497
2012-11-02,1023.9597456429076
2012-11-05,1031.2303602475351
2012-11-06,1022.2663676840833
2012-11-07,1043.8699952620018
2012-11-08,1050.9476908576853
2012-11-09,1052.0213496996557
2012-11-12,1051.4104004856688
2012-11-13,1057.693304921885
2012-11-14,1057.4558203127146
2012-11-15,1056.718312203684
2012-11-16,1064.1144587520087
2012-11-19,1050.3207610705763
2012-11-20,1034.9531946531492
2012-11-21,1023.6886005791348
2012-11-22,1023.5840510891231
2012-11-23,1021.4773309933311
2012-11-26,1028.7596911954206
2012-11-27,1033.4158249216016
2012-11-28,1040.6025422093992
2012-11-29,1041.9420133134424
2012-11-30,1046.2484752188675
2012-12-03,1038.3026689077774
2012-12-04,1043.9052523563078
2012-12-05,1055.16556968419
2012-12-06,1059.1482164229997
2012-12-07,1040.5957055827841
2012-12-10,1044.6461998137854
2012-12-11,1030.6242838660664
2012-12-12,1008.7592117177676
2012-12-13,991.1122141950644
2012-12-14,993.1866047512674
2012-12-17,985.1690513418071
2012-12-18,977.1489952173109
2012-12-19,977.704579018178
2012-12-20,977.6929479113555
2012-12-21,973.8031499274879
2012-12-24,975.6024307132469
2012-12-25,975.6024307132469
2012-12-26,974.308346538795
2012-12-27,971.0429622590049
2012-12-28,970.9029882704405
2012-12-31,967.8887255497232
2013-01-01,967.8887255497232
2013-01-02,952.8381688240067
2013-01-03,940.6413359864849
2013-01-04,940.4477396792155
2013-01-07,939.2625839146973
2013-01-08,932.2475614732731
2013-01-09,927.2040727435088
2013-01-10,935.2015090583618
2013-01-11,932.8723056629805
2013-01-14,931.322997204486
2013-01-15,928.377369540195
2013-01-16,928.0080181943948
2013-01-17,927.0842854076511
2013-01-18,928.9602546919223
2013-01-21,928.9602546919223
2013-01-22,929.4747348192683
2013-01-23,929.580915729362
2013-01-24,929.1611586462122
2013-01-25,921.4906918856773
2013-01-28,919.5856499452715
2013-01-29,919.461561628002
2013-01-30,919.9901548874726
2013-01-31,917.8640174922133
2013-02-01,921.681007557809
2013-02-04,912.4858784897887
2013-02-05,919.2866306439088
2013-02-06,910.925295001908
2013-02-07,907.863031667384
2013-02-08,907.9973903386351
2013-02-11,908.2595923205392
2013-02-12,909.2678519128597
2013-02-13,910.4032782462617
2013-02-14,908.6550453073226
2013-02-15,908.951462894654
2013-02-18,908.9302828033393
2013-02-19,911.0112015116213
2013-02-20,909.6210611095428
2013-02-21,905.9769600921005
2013-02-22,904.6729630802216
2013-02-25,903.4064186456997
2013-02-26,904.1689993374652
2013-02-27,901.9827981263205
2013-02-28,905.5888922215915
2013-03-01,913.570826504013
2013-03-04,907.6379791346997
2013-03-05,903.4814724707688
2013-03-06,888.9934879460469
2013-03-07,867.7825353944999
2013-03-08,852.5715723459197
2013-03-11,852.376765341057
2013-03-12,849.7789281690489
2013-03-13,850.0312939280525
2013-03-14,849.7788611129431
2013-03-15,843.2099473721327
2013-03-18,838.3688880152414
2013-03-19,837.2227687355174
2013-03-20,835.3164084170425
2013-03-21,835.6818833036322
2013-03-22,838.2306900970633
2013-03-25,839.7265495167604
2013-03-26,843.1042923630832
2013-03-27,855.778380409666
2013-03-28,850.5733756808953
2013-03-29,850.5733756808953
2013-04-01,856.9895178291316
2013-04-02,850.4911726663548
2013-04-03,871.3423256390188
2013-04-04,893.4303983014954
2013-04-05,909.7843917948924
2013-04-08,890.8177424458861
2013-04-09,887.5198254065108
2013-04-10,860.1319308182892
2013-04-11,868.4912877830062
2013-04-12,891.3623959149124
2013-04-15,894.6462838513806
2013-04-16,889.6649847004259
2013-04-17,895.8352093939399
2013-04-18,900.230834267911
2013-04-19,891.6122555192155
2013-04-22,897.6548927012857
2013-04-23,896.6413252130438
2013-04-24,898.6664007217453
2013-04-25,895.594841498153
2013-04-26,920.9825099563559
2013-04-29,922.0086198228588
2013-04-30,914.8510459941672
2013-05-01,935.4017796755493
2013-05-02,937.973404829388
2013-05-03,868.166081863411
2013-05-06,850.8401181058326
2013-05-07,848.7163001803767
2013-05-08,853.4146209502777
2013-05-09,851.8057337774242
2013-05-10,835.3423404822179
2013-05-13,832.4109737509054
2013-05-14,830.4662985711212
2013-05-15,830.270267623654
2013-05-16,824.4560784510062
2013-05-17,829.7821685763782
2013-05-20,829.6860606597793
2013-05-21,829.7464256665285
2013-05-22,830.9957631285537
2013-05-23,830.8479023312069
2013-05-24,829.9489636217199
2013-05-27,829.9489636217199
2013-05-28,843.244397457172
2013-05-29,842.1870282440743
2013-05-30,842.1415341753359
2013-05-31,851.8926179674654
2013-06-03,845.3118212632081
2013-06-04,848.5611226801991
2013-06-05,838.7788774191118
2013-06-06,829.0889282933332
2013-06-07,857.0800211396222
2013-06-10,867.6075951065503
2013-06-11,864.1454718814095
2013-06-12,872.5723127892725
2013-06-13,856.9484775949288
2013-06-14,830.7831275885509
2013-06-17,842.482358990795
2013-06-18,844.175773594135
2013-06-19,873.0175015083577
2013-06-20,891.1802917476542
2013-06-21,911.6160407341246
2013-06-24,922.0157645258944
2013-06-25,931.1701774638822
2013-06-26,912.447255978955
2013-06-27,891.3493036127484
2013-06-28,894.7568487470704
2013-07-01,896.1141061818619
2013-07-02,892.7675711918744
2013-07-03,903.429315413058
2013-07-04,903.429315413058
2013-07-05,975.2060793513547
2013-07-08,946.8240824345812
2013-07-09,934.2294801927901
2013-07-10,946.6725536263596
2013-07-11,887.3065947253644
2013-07-12,898.9565197788065
2013-07-15,884.7294561605354
2013-07-16,881.6261068188899
2013-07-17,869.9972657818616
2013-07-18,876.3723402433062
2013-07-19,869.9954083960922
2013-07-22,869.6852159336809
2013-07-23,872.2611071349914
2013-07-24,881.0416749744162
2013-07-25,883.0926148917099
2013-07-26,875.3557098034421
2013-07-29,879.1656930448618
2013-07-30,881.8429768410697
2013-07-31,881.4595671586133
2013-08-01,907.5180488149208
2013-08-02,875.9405795584507
2013-08-05,882.9009172374198
2013-08-06,882.5936624106914
2013-08-07,877.0667695783638
2013-08-08,873.672415182569
2013-08-09,873.6487798330065
2013-08-12,876.3753484574341
2013-08-13,888.9767611447372
2013-08-14,887.834073281585
2013-08-15,893.0762626938374
2013-08-16,904.0820043926007
2013-08-19,913.80956548637
2013-08-20,896.0553637316407
2013-08-21,912.7550387094465
2013-08-22,929.7346972649917
2013-08-23,907.0993445229848
2013-08-26,899.9110825042342
2013-08-27,874.4251725186316
2013-08-28,890.881907653685
2013-08-29,884.4721403135502
2013-08-30,886.5823992557148
2013-09-02,886.5823992557148
2013-09-03,902.1827334439457
2013-09-04,912.4533404004026
2013-09-05,931.1686237090025
2013-09-06,913.0106482331872
2013-09-09,896.343259874399
2013-09-10,912.6713589226417
2013-09-11,897.0700629533708
2013-09-12,895.9715324946005
2013-09-13,892.0862939743924
2013-09-16,879.9359630638461
2013-09-17,875.1436698491702
2013-09-18,844.2652860849557
2013-09-19,850.7638006580511
2013-09-20,850.6618327044514
2013-09-23,850.6490075890694
2013-09-24,851.0966172957369
2013-09-25,851.6988996233531
2013-09-26,850.5767263051139
2013-09-27,852.9531681208766
2013-09-30,853.3869233621718
2013-10-01,849.7690626390646
2013-10-02,854.2211051201851
2013-10-03,856.3681026067056
2013-10-04,851.1678510487817
2013-10-07,853.1296347415699
2013-10-08,852.0573639024857
2013-10-09,850.8077886123637
2013-10-10,849.5213657954135
2013-10-11,849.896329186807
2013-10-14,847.8184309667107
2013-10-15,847.9619808902356
2013-10-16,848.884381679267
2013-10-17,848.8715149921572
2013-10-18,848.7873216705864
2013-10-21,847.1051119524361
2013-10-22,857.0941111800595
2013-10-23,857.6886911459028
2013-10-24,854.8083617199662
2013-10-25,858.5380818829348
2013-10-28,857.4017389268012
2013-10-29,862.0690724040692
2013-10-30,855.0077064556293
2013-10-31,849.9939159967372
2013-11-01,837.4863099188606
2013-11-04,841.727912106232
2013-11-05,836.5631230882744
2013-11-06,841.2168198365031
2013-11-07,842.5404059893982
2013-11-08,837.4202056658264
2013-11-11,836.5998504517208
2013-11-12,836.6957061710378
2013-11-13,832.0635777757237
2013-11-14,829.4351494084898
2013-11-15,829.817470426393
2013-11-18,830.080519170615
2013-11-19,829.4181527032263
2013-11-20,826.8041641487486
2013-11-21,827.2734944082789
2013-11-22,827.5952650978398
2013-11-25,827.5952650978398
2013-11-26,827.5952650978398
2013-11-27,827.5303565115939
2013-11-28,827.1318083115302
2013-11-29,827.0231600527436
2013-12-02,824.6331784682328
2013-12-03,825.6127668238058
2013-12-04,826.9577978755967
2013-12-05,827.561736477811
2013-12-06,828.7878136301117
2013-12-09,826.8649012751123
2013-12-10,816.5245647202618
2013-12-11,823.3767792292573
2013-12-12,827.3011305409817
2013-12-13,827.0693052583464
2013-12-16,827.5068091214918
2013-12-17,822.2765383338658
2013-12-18,826.6573518909518
2013-12-19,837.9365093459993
2013-12-20,836.4782397452609
2013-12-23,843.1110600123521
2013-12-24,852.9780482619321
2013-12-25,852.8704520637762
2013-12-26,855.3121825971896
2013-12-27,855.2582709883214
2013-12-30,845.1697925492042
2013-12-31,852.6425412215464
2014-01-01,852.6425412215464
2014-01-02,845.1107111300134
2014-01-03,847.1086383903952
2014-01-06,835.0182046784428
2014-01-07,826.1174698888444
2014-01-08,844.7649589346298
2014-01-09,838.9782735611552
2014-01-10,813.5084878908091
2014-01-13,806.0663499029637
2014-01-14,809.249278912616
2014-01-15,809.0645876528368
2014-01-16,809.3083657194015
2014-01-17,809.1662862872578
2014-01-20,809.1662862872578
2014-01-21,809.2089034569275
2014-01-22,809.5782695739568
2014-01-23,808.8131217014986
2014-01-24,807.9943211144277
2014-01-27,807.6763515309663
2014-01-28,809.6051637779694
2014-01-29,813.5716762473126
2014-01-30,812.0539237535743
2014-01-31,816.6569459000181
2014-02-03,827.0739913794195
2014-02-04,821.5059805935257
2014-02-05,814.6522798628613
2014-02-06,807.8495535313813
2014-02-07,816.9069351537818
2014-02-10,816.2765616358636
2014-02-11,809.03225007043
2014-02-12,802.4311188423196
2014-02-13,810.9005155415846
2014-02-14,809.6747432643175
2014-02-17,809.6747432643175
2014-02-18,812.8017501942885
2014-02-19,810.5532682057874
2014-02-20,807.3521043722513
2014-02-21,808.8278818518029
2014-02-24,807.0386269594072
2014-02-25,811.576454901294
2014-02-26,814.140263680704
2014-02-27,816.6488455013687
2014-02-28,813.1657352284085
2014-03-03,822.6826343752421
2014-03-04,808.705629648924
2014-03-05,808.631614376442
2014-03-06,802.631789920987
2014-03-07,795.2984822332307
2014-03-10,795.9461786266337
2014-03-11,795.9218186515368
2014-03-12,795.277874844381
2014-03-13,794.2461998778508
2014-03-14,794.1067477536759
2014-03-17,790.3607103570126
2014-03-18,792.193601350599
2014-03-19,777.0855573589785
2014-03-20,776.1940723349591
2014-03-21,776.126230177017
2014-03-24,776.126230177017
2014-03-25,776.7833248496497
2014-03-26,774.5414008684863
2014-03-27,774.202208498011
2014-03-28,776.2720493157069
2014-03-31,776.2172823126245
2014-04-01,776.7101545339254
2014-04-02,778.2766893866658
2014-04-03,777.7748451909241
2014-04-04,777.763614302363
2014-04-07,765.8315151704402
2014-04-08,765.6629501646935
2014-04-09,765.6629501646935
2014-04-10,765.6629501646935
2014-04-11,765.3922880604408
2014-04-14,760.6055664091874
2014-04-15,759.3953398314245
2014-04-16,753.744815033906
2014-04-17,736.6586750767361
2014-04-18,736.4687456693038
2014-04-21,736.8608403938362
2014-04-22,736.2859314623547
2014-04-23,736.2547707030059
2014-04-24,736.3331695877592
2014-04-25,735.9803415318394
2014-04-28,736.35065912514
2014-04-29,736.35065912514
2014-04-30,736.7623004651781
2014-05-01,736.846266645667
2014-05-02,737.2460998012268
2014-05-05,735.7243676224116
2014-05-06,737.1607688792626
2014-05-07,741.1896050794941
2014-05-08,744.3102398833389
2014-05-09,743.14175728476
2014-05-12,735.9649964039897
2014-05-13,746.0227002669752
2014-05-14,761.7534348500643
2014-05-15,771.1082882797516
2014-05-16,765.1956147516958
2014-05-19,763.7626345147632
2014-05-20,773.0615791269612
2014-05-21,765.0682984331615
2014-05-22,760.4455897134093
2014-05-23,765.8099301867787
2014-05-26,765.8099301867787
2014-05-27,771.207713970287
2014-05-28,797.5889725589499
2014-05-29,793.5623771853766
2014-05-30,780.1295033300308
2014-06-02,755.8709338944968
2014-06-03,730.4070594288783
2014-06-04,730.21511732453
2014-06-05,731.9274360040118
2014-06-06,729.0219733819564
2014-06-09,726.3429898077052
2014-06-10,724.4422190341608
2014-06-11,725.019335878768
2014-06-12,725.1675815406836
2014-06-13,725.1740281624144
2014-06-16,725.160017828785
2014-06-17,723.7405355247375
2014-06-18,726.5064052422471
2014-06-19,726.2907085206431
2014-06-20,726.2725735839559
2014-06-23,726.0827829812213
2014-06-24,727.941469242929
2014-06-25,729.3090691326332
2014-06-26,732.7438146994082
2014-06-27,733.3472357101047
2014-06-30,735.2813382860857
2014-07-01,725.1349283746657
2014-07-02,708.4170671441632
2014-07-03,708.2257930566379
2014-07-04,703.6479516506531
2014-07-07,707.4161773147729
2014-07-08,709.3590224914365
2014-07-09,710.3514914867294
2014-07-10,712.3445932780772
2014-07-11,715.8963727848026
2014-07-14,708.6784746574587
2014-07-15,704.7867094981698
2014-07-16,705.3143096917115
2014-07-17,724.3941485559216
2014-07-18,715.6349607275148
2014-07-21,716.6545044284242
2014-07-22,719.7169588200306
2014-07-23,720.7332546203983
2014-07-24,707.0377473720398
2014-07-25,719.1780089604084
2014-07-28,713.6485573999256
2014-07-29,720.0560397894501
2014-07-30,698.837089759898
2014-07-31,698.6642122044365
2014-08-01,698.6642122044365
2014-08-04,698.6642122044365
2014-08-05,698.6642122044365
2014-08-06,709.3338669143552
2014-08-07,712.1216214146652
2014-08-08,722.9579359378905
2014-08-11,712.6085539928198
2014-08-12,710.8182757723044
2014-08-13,722.7103141416485
2014-08-14,727.9165278483263
2014-08-15,740.5374849032793
2014-08-18,730.3897416456784
2014-08-19,725.3944283560912
2014-08-20,709.7893149449839
2014-08-21,713.864511226047
2014-08-22,711.1220339892542
2014-08-25,712.7021859192117
2014-08-26,713.7180636516108
2014-08-27,720.8380967085624
2014-08-28,726.9860422227837
2014-08-29,725.3210474433256
2014-09-01,725.2959664808429
2014-09-02,702.0587269246167
2014-09-03,703.920814201057
2014-09-04,695.5550132282774
2014-09-05,697.2973795780049
2014-09-08,694.8058252668235
2014-09-09,689.1848922895725
2014-09-10,686.2315796032194
2014-09-11,685.5615746186146
2014-09-12,686.17596336522
2014-09-15,684.7854800460631
2014-09-16,684.5157100372973
2014-09-17,688.560869167177
2014-09-18,692.068719137045
2014-09-19,686.9486596994748
2014-09-22,679.2390220489814
2014-09-23,673.4831865473672
2014-09-24,676.4625615211331
2014-09-25,676.1107269229437
2014-09-26,676.2442333193519
2014-09-29,678.669996548475
2014-09-30,678.1523132877071
2014-10-01,686.6555116816147
2014-10-02,684.7027999421213
2014-10-03,680.7682746257547
2014-10-06,687.0144208227606
2014-10-07,701.967694818393
2014-10-08,711.118772717041
2014-10-09,712.6053570911257
2014-10-10,721.4369690352619
2014-10-13,746.2706941292682
2014-10-14,763.4870135629607
2014-10-15,799.4223018008748
2014-10-16,789.219480064821
2014-10-17,769.0276404002278
2014-10-20,779.1844009474055
2014-10-21,763.3041327052929
2014-10-22,754.1315262952992
2014-10-23,727.7966944065573
2014-10-24,733.6413296100746
2014-10-27,736.8894937519245
2014-10-28,725.9968539348098
2014-10-29,710.1457572822956
2014-10-30,714.4971810312088
2014-10-31,708.9738720223409
2014-11-03,706.1908065971111
2014-11-04,708.1319787536465
2014-11-05,707.2607114640527
2014-11-06,701.4585251004048
2014-11-07,714.0753948325959
2014-11-10,708.7594508304921
2014-11-11,707.7990489826309
2014-11-12,708.7583103532976
2014-11-13,711.8796119573174
2014-11-14,714.1264242586017
2014-11-17,711.661626654033
2014-11-18,714.1980692373269
2014-11-19,708.7753450798784
2014-11-20,712.8697702643453
2014-11-21,715.9561351733178
2014-11-24,719.3747728442614
2014-11-25,725.8485970670785
2014-11-26,731.9857807466212
2014-11-27,731.9079033281109
2014-11-28,754.473405205886
2014-12-01,741.6096282874337
2014-12-02,710.0492672266549
2014-12-03,703.2274811625389
2014-12-04,715.5661584168259
2014-12-05,690.8952821247169
2014-12-08,702.1533226246307
2014-12-09,709.6484427329045
2014-12-10,717.7720219792816
2014-12-11,711.7047267894305
2014-12-12,737.045133728888
2014-12-15,725.898771203594
2014-12-16,740.4939510509577
2014-12-17,717.9414990082752
2014-12-18,697.9731637165585
2014-12-19,704.6454218070613
2014-12-22,704.6454218070613
2014-12-23,693.0786438685848
2014-12-24,693.2390304985474
2014-12-25,693.2155449213021
2014-12-26,693.3642728359748
2014-12-29,694.9927331448046
2014-12-30,695.8001476394047
2014-12-31,696.2582246691043
2015-01-01,696.2267707212908
2015-01-02,701.6261835102446
2015-01-05,708.7272460078733
2015-01-06,719.0868411882528
2015-01-07,722.3997334323315
2015-01-08,710.7675943464461
2015-01-09,727.667031391105
2015-01-12,747.893144470725
2015-01-13,753.961416344421
2015-01-14,771.570676086724
2015-01-15,809.0301057950794
2015-01-16,776.3476327726657
2015-01-19,785.2251371738726
2015-01-20,773.1916079654153
2015-01-21,751.8073794108902
2015-01-22,742.0466293383062
2015-01-23,765.3689599464652
2015-01-26,757.810502936933
2015-01-27,762.9975758218796
2015-01-28,793.7283801234119
2015-01-29,778.1064184621047
2015-01-30,809.4987229221248
2015-02-02,808.8734425501159
2015-02-03,775.7157751610647
2015-02-04,773.6579424326945
2015-02-05,768.3049836918851
2015-02-06,728.2343615015867
2015-02-09,727.6040093891589
2015-02-10,724.3074108169205
2015-02-11,723.8926959217512
2015-02-12,724.7749521847292
2015-02-13,723.8095592337709
2015-02-16,724.0026395992164
2015-02-17,720.140127226095
2015-02-18,723.2118467829883
2015-02-19,724.0093332595594
2015-02-20,724.2153355928742
2015-02-23,723.442633715756
2015-02-24,722.2332023474859
2015-02-25,721.9746315630105
2015-02-26,718.6113625894748
2015-02-27,719.9480014549529
2015-03-02,715.0859660400755
2015-03-03,713.0750636707072
2015-03-04,713.1117374641883
2015-03-05,713.4829965585769
2015-03-06,712.5805388592697
2015-03-09,712.875004171951
2015-03-10,711.033334240624
2015-03-11,710.6430277100634
2015-03-12,710.3694413252223
2015-03-13,710.374536427607
2015-03-16,710.364411282711
2015-03-17,710.4505974630356
2015-03-18,715.5480150771416
2015-03-19,711.8957429000895
2015-03-20,717.7819870361152
2015-03-23,720.214171928013
2015-03-24,724.1039651399145
2015-03-25,716.7707914898676
2015-03-26,708.5009872260325
2015-03-27,713.0173672742287
2015-03-30,714.3512238924131
2015-03-31,719.1609858085277
2015-04-01,727.4933889610487
2015-04-02,722.5629689221822
2015-04-03,722.5629689221822
2015-04-06,735.576172141459
2015-04-07,728.8085627676604
2015-04-08,725.4933285165897
2015-04-09,713.5236752530993
2015-04-10,713.4496302622972
2015-04-13,717.5592648817336
2015-04-14,723.1416617372541
2015-04-15,724.6101660127406
2015-04-16,729.2168082911546
2015-04-17,730.5735992477291
2015-04-20,726.5186245492137
2015-04-21,721.6886563370041
2015-04-22,704.2277723898428
2015-04-23,712.231317466038
2015-04-24,718.9449169494683
2015-04-27,717.7676836313534
2015-04-28,708.342177543849
2015-04-29,700.1010231547525
2015-04-30,699.7326678083891
2015-05-01,693.2139571933054
2015-05-04,692.0093275249865
2015-05-05,691.9575663436028
2015-05-06,693.4628590520433
2015-05-07,691.1688120117343
2015-05-08,685.9767666829073
2015-05-11,696.0456271105327
2015-05-12,695.587293172499
2015-05-13,696.5712215667711
2015-05-14,692.5796377414065
2015-05-15,685.7253205482707
2015-05-18,692.301410727106
2015-05-19,692.685181722927
2015-05-20,692.383837483194
2015-05-21,690.3038299098006
2015-05-22,691.2456217159737
2015-05-25,691.2456217159737
2015-05-26,689.8114890266135
2015-05-27,689.6764973853609
2015-05-28,689.7645149238101
2015-05-29,690.2474328562586
2015-06-01,687.9186003280777
2015-06-02,683.1433825025558
2015-06-03,677.1395567498499
2015-06-04,675.3587300353295
2015-06-05,685.24455384328
2015-06-08,682.8558654100298
2015-06-09,687.2716617758582
2015-06-10,693.7829773734485
2015-06-11,680.0952317965213
2015-06-12,681.9528976415484
2015-06-15,676.8347834203256
2015-06-16,670.928607102401
2015-06-17,667.5874701425097
2015-06-18,669.2488368792222
2015-06-19,666.2920366624676
2015-06-22,670.1062412623327
2015-06-23,670.0953305701979
2015-06-24,669.8606200669017
2015-06-25,670.5823643982144
2015-06-26,672.9554791304483
2015-06-29,665.7868147362086
2015-06-30,668.4980272151857
2015-07-01,670.64825414227
2015-07-02,669.2514541816372
2015-07-03,667.9293032447625
2015-07-06,666.959772313582
2015-07-07,666.687310394493
2015-07-08,667.4691680374518
2015-07-09,663.5627298129818
2015-07-10,657.1207930470168
2015-07-13,655.0199226361789
2015-07-14,655.4953445963416
2015-07-15,654.3148831204098
2015-07-16,654.5865459826852
2015-07-17,654.7634022043998
2015-07-20,655.2940952215748
2015-07-21,654.6922202394451
2015-07-22,654.4092106568553
2015-07-23,653.5847205813781
2015-07-24,653.3642305094781
2015-07-27,654.3901885972151
2015-07-28,653.0500735204839
2015-07-29,651.9204984102032
2015-07-30,651.9204984102032
2015-07-31,658.2648276155394
2015-08-03,660.801364159283
2015-08-04,653.3987938476125
2015-08-05,647.9262646632008
2015-08-06,651.6339630531959
2015-08-07,654.9928273255898
2015-08-10,651.6189531284786
2015-08-11,657.8198094917885
2015-08-12,658.4367560817586
2015-08-13,654.2546836398774
2015-08-14,651.9922124304021
2015-08-17,655.7761362306323
2015-08-18,653.1309197538252
2015-08-19,661.9802080609326
2015-08-20,664.2546834771636
2015-08-21,669.2727424942376
2015-08-24,673.6993198385694
2015-08-25,657.3936118113896
2015-08-26,646.3908490602437
2015-08-27,647.2467429482996
2015-08-28,647.2245453669947
2015-08-31,647.213446906041
2015-09-01,647.213446906041
2015-09-02,646.839840182588
2015-09-03,649.0693455896406
2015-09-04,652.580608147092
2015-09-07,650.9709341731229
2015-09-08,646.9814010853282
2015-09-09,648.5687365626345
2015-09-10,644.9896422909444
2015-09-11,649.5080740321957
2015-09-14,650.6557582705575
2015-09-15,641.7775456967723
2015-09-16,639.962272992997
2015-09-17,645.0758128271905
2015-09-18,645.880645980233
2015-09-21,644.0614687079199
2015-09-22,649.8395710508547
2015-09-23,647.67358445536
2015-09-24,650.2553948016825
2015-09-25,646.646078173082
2015-09-28,654.6258581335567
2015-09-29,660.663448988938
2015-09-30,660.1091574449978
2015-10-01,661.0486642743823
2015-10-02,673.0958972252237
2015-10-05,660.3065781577326
2015-10-06,665.4273559372591
2015-10-07,657.4740873169735
2015-10-08,650.8127671909191
2015-10-09,650.0072614532182
2015-10-12,657.5791863604956
2015-10-13,660.242550687544
2015-10-14,672.0992354050138
2015-10-15,662.5742983798661
2015-10-16,659.3333576117517
2015-10-19,657.708971057109
2015-10-20,647.9308363598375
2015-10-21,655.698760873541
2015-10-22,656.8323090148514
2015-10-23,646.8988849590314
2015-10-26,650.2171317490917
2015-10-27,653.9682174078371
2015-10-28,643.3655393505394
2015-10-29,643.2922876342858
2015-10-30,643.2922876342858
2015-11-02,636.0451878298516
2015-11-03,633.5957266658278
2015-11-04,634.7477135107744
2015-11-05,634.8444508582465
2015-11-06,644.3974287194037
2015-11-09,645.9991592578299
2015-11-10,640.5848790751755
2015-11-11,643.8249379211294
2015-11-12,642.1978208694269
2015-11-13,634.9290888087719
2015-11-16,631.331555948687
2015-11-17,629.5216186668298
2015-11-18,631.6031238081138
2015-11-19,630.3685435366875
2015-11-20,631.1902081481664
2015-11-23,630.3676191639996
2015-11-24,628.5773311935033
2015-11-25,628.5286923650345
2015-11-26,627.8604845853215
2015-11-27,627.8901716679135
2015-11-30,627.8805398943605
2015-12-01,628.2672264311793
2015-12-02,627.9009327990742
2015-12-03,617.6989462878122
2015-12-04,620.7219727138305
2015-12-07,619.2932993264164
2015-12-08,618.5065722802782
2015-12-09,617.5344925774393
2015-12-10,618.2933846511756
2015-12-11,618.8769980262048
2015-12-14,618.2803771370656
2015-12-15,616.4748714596675
2015-12-16,614.3001996672089
2015-12-17,614.6347659776513
2015-12-18,613.6186446697769
2015-12-21,612.9550608932645
2015-12-22,613.6609364815699
2015-12-23,613.6609364815699
2015-12-24,613.6511444567278
2015-12-25,613.6511444567278
2015-12-28,613.584239661935
2015-12-29,614.0302298117238
2015-12-30,613.9826452943621
2015-12-31,612.46953144708
2016-01-01,612.46953144708
2016-01-04,610.1317407970193
2016-01-05,610.2954929839955
2016-01-06,608.4212282038714
2016-01-07,607.759461351419
2016-01-08,609.6366868511832
2016-01-11,607.1085387792594
2016-01-12,613.1410585007201
2016-01-13,619.4394865254491
2016-01-14,616.0093517067185
2016-01-15,629.0988976676069
2016-01-18,627.8631442143682
2016-01-19,625.7166619675288
2016-01-20,639.187777505301
2016-01-21,633.7523266536712
2016-01-22,624.8097201725795
2016-01-25,631.8766149442622
2016-01-26,634.9985261298838
2016-01-27,639.0295336716274
2016-01-28,643.5329948924389
2016-01-29,660.2575325212929
2016-02-01,649.9804012011074
2016-02-02,680.9874034132657
2016-02-03,677.9976860095744
2016-02-04,687.5070961181748
2016-02-05,689.9746433532681
2016-02-08,724.5654984121353
2016-02-09,729.0490733097513
2016-02-10,743.3022170605343
2016-02-11,768.5900773587068
2016-02-12,722.2290819796859
2016-02-15,705.5824453644263
2016-02-16,706.2122160166865
2016-02-17,691.9938702901404
2016-02-18,712.8692899724128
2016-02-19,706.62035730575
2016-02-22,704.0366514737551
2016-02-23,709.1875112722588
2016-02-24,710.2242827710764
2016-02-25,722.1624311875315
2016-02-26,702.6311487635863
2016-02-29,708.8075972092613
2016-03-01,678.0223580404837
2016-03-02,668.6363575461986
2016-03-03,670.4987959269771
2016-03-04,666.068427850397
2016-03-07,663.3380960920017
2016-03-08,668.5467184447076
2016-03-09,666.1089843221408
2016-03-10,663.4276028770133
2016-03-11,661.8018372987632
2016-03-14,662.0743032610247
2016-03-15,662.1933773709094
2016-03-16,661.1453614770244
2016-03-17,660.9972594739467
2016-03-18,661.1394254729571
2016-03-21,659.5831764225679
2016-03-22,656.7347395109832
2016-03-23,661.6816184790961
2016-03-24,660.9675419617719
2016-03-25,660.9578937590632
2016-03-28,662.5927642339362
2016-03-29,668.124364527644
2016-03-30,667.6859466983025
2016-03-31,675.3813865560203
2016-04-01,672.8118897625152
2016-04-04,678.0426811290466
2016-04-05,687.3494624627989
2016-04-06,679.969327792678
2016-04-07,698.956706116131
2016-04-08,692.804554759633
2016-04-11,692.284276770572
2016-04-12,676.6761560613627
2016-04-13,677.1587838388324
2016-04-14,667.6675285556378
2016-04-15,677.8169666141584
2016-04-18,674.4261707753247
2016-04-19,669.549705981224
2016-04-20,657.6120401097262
2016-04-21,652.8816567289476
2016-04-22,651.5547079086168
2016-04-25,650.2489228583574
2016-04-26,648.7203128333931
2016-04-27,651.0134389976372
2016-04-28,650.9853297294876
2016-04-29,650.7158646213447
2016-05-02,647.4855364612972
2016-05-03,654.9603918259102
2016-05-04,657.5840890133493
2016-05-05,661.1406604189036
2016-05-06,656.605396698962
2016-05-09,662.8473912217286
2016-05-10,662.8284661517314
2016-05-11,665.7297428403602
2016-05-12,657.2901395530703
2016-05-13,667.2295726347043
2016-05-16,653.6621065897648
2016-05-17,651.2600086276954
2016-05-18,626.1603536360807
2016-05-19,629.4570829124076
2016-05-20,629.9081463304506
2016-05-23,629.9993848487419
2016-05-24,629.2693854638931
2016-05-25,628.9868221755361
2016-05-26,629.8231505962519
2016-05-27,629.6064843484187
2016-05-30,629.526683639193
2016-05-31,629.7204641645346
2016-06-01,629.6862585177769
2016-06-02,629.9624128274971
2016-06-03,631.5093581982592
2016-06-06,629.4484603516781
2016-06-07,632.305022831257
2016-06-08,632.8728775325384
2016-06-09,635.5114284132407
2016-06-10,644.0345645538455
2016-06-13,652.2895620185218
2016-06-14,649.9328506423334
2016-06-15,665.5458390686464
2016-06-16,666.656600008968
2016-06-17,655.4065651182012
2016-06-20,636.2381235283268
2016-06-21,625.1867256120772
2016-06-22,630.7156812487094
2016-06-23,614.6856059913158
2016-06-24,657.1693333173114
2016-06-27,671.7448429836696
2016-06-28,671.949662259945
2016-06-29,660.7641651197897
2016-06-30,664.9483680279486
2016-07-01,672.2153775242142
2016-07-04,674.1459159680246
2016-07-05,686.1350500371329
2016-07-06,684.4729057367805
2016-07-07,681.2779071963205
2016-07-08,685.0866369939025
2016-07-11,665.9400074459177
2016-07-12,644.8367487647553
2016-07-13,652.261823230866
2016-07-14,645.4914668217881
2016-07-15,637.345635405889
2016-07-18,637.9796459182654
2016-07-19,640.8758935510672
2016-07-20,638.167066065271
2016-07-21,641.0159295858666
2016-07-22,639.6612598395925
2016-07-25,638.759797679163
2016-07-26,639.6601611825845
2016-07-27,644.0172218195505
2016-07-28,644.4126613326791
2016-07-29,651.0038187192279
2016-08-01,645.8072889856348
2016-08-02,640.2137343182426
2016-08-03,640.9076846941659
2016-08-04,649.2428961469753
2016-08-05,629.2240625155482
2016-08-08,628.7757026898449
2016-08-09,632.8478571501569
2016-08-10,637.141887563146
2016-08-11,629.5112115181912
2016-08-12,636.057704011232
2016-08-15,631.873067928211
2016-08-16,629.3115121904623
2016-08-17,632.0177107470505
2016-08-18,633.8020039169965
2016-08-19,629.4794514876728
2016-08-22,632.2947862457581
2016-08-23,632.5922810026703
2016-08-24,631.9970497743557
2016-08-25,630.2128069655307
2016-08-26,625.0214502910102
2016-08-29,629.5214331952246
2016-08-30,629.1794700234143
2016-08-31,628.7009459962114
2016-09-01,629.3157874193957
2016-09-02,628.2901870933372
2016-09-05,628.017078273177
2016-09-06,631.1566519232301
2016-09-07,631.0316285496102
2016-09-08,625.922234998938
2016-09-09,620.6309795954384
2016-09-12,622.0105336407998
2016-09-13,620.8278581574467
2016-09-14,621.4138168289652
2016-09-15,621.1771029203181
2016-09-16,621.2109080970175
2016-09-19,621.515168948871
2016-09-20,621.1769587134262
2016-09-21,620.7620397659197
2016-09-22,620.4004597902319
2016-09-23,620.5050030817644
2016-09-26,623.2826377001978
2016-09-27,624.3069669760102
2016-09-28,622.68987559305
2016-09-29,625.6279048778767
2016-09-30,618.7974600896754
2016-10-03,612.4967511035768
2016-10-04,601.3933674292703
2016-10-05,597.8305682875017
2016-10-06,596.005548868021
2016-10-07,595.7972687783277
2016-10-10,598.4282522008958
2016-10-11,597.8953895300257
2016-10-12,597.8866152365237
2016-10-13,594.5498448574241
2016-10-14,598.4479375589535
2016-10-17,594.7374328906716
2016-10-18,592.3124162237293
2016-10-19,592.0833739301773
2016-10-20,592.4275432410635
2016-10-21,592.3409897981584
2016-10-24,592.4623646199614
2016-10-25,592.4623646199614
2016-10-26,592.4623646199614
2016-10-27,592.4203314776433
2016-10-28,592.0238390089416
2016-10-31,590.2685859200494
2016-11-01,589.5243901008544
2016-11-02,585.0640292023894
2016-11-03,584.9893224269363
2016-11-04,581.9512051371129
2016-11-07,584.8167385902576
2016-11-08,583.7221881944563
2016-11-09,582.5685764443228
2016-11-10,587.8666662739842
2016-11-11,591.5143216011559
2016-11-14,603.3930333275657
2016-11-15,605.7493841820407
2016-11-16,604.8673267316049
2016-11-17,619.0484692250318
2016-11-18,637.1190463026561
2016-11-21,631.5906534553861
2016-11-22,627.7223453169177
2016-11-23,643.95060121713
2016-11-24,643.9321028799482
2016-11-25,647.0705664389728
2016-11-28,628.7906835164192
2016-11-29,628.4832249468108
2016-11-30,653.9824543009962
2016-12-01,670.8410307401325
2016-12-02,651.6807811095741
2016-12-05,652.9492424276966
2016-12-06,649.7633875773599
2016-12-07,636.7245336652725
2016-12-08,651.3211577796712
2016-12-09,668.7893746980486
2016-12-12,668.1936212032178
2016-12-13,666.974232253296
2016-12-14,704.9680374264192
2016-12-15,721.9478319658826
2016-12-16,715.6855275845911
2016-12-19,692.8360355912537
2016-12-20,700.6033511274368
2016-12-21,692.7599401718601
2016-12-22,694.1620768201865
2016-12-23,690.6876177340981
2016-12-26,690.6876177340981
2016-12-27,698.2979860547888
2016-12-28,679.4381961342444
2016-12-29,667.0936103111227
2016-12-30,658.2262230585812
2017-01-02,658.1786291184533
2017-01-03,659.5291348015705
2017-01-04,655.9024679980201
2017-01-05,635.4931013620735
2017-01-06,650.2382642358593
2017-01-09,644.1425783389429
2017-01-10,644.5983321523216
2017-01-11,643.7141216328907
2017-01-12,642.3893808537322
2017-01-13,646.5769209551104
2017-01-16,643.5847806390949
2017-01-17,637.955611479413
2017-01-18,648.8721625388448
2017-01-19,652.899536733278
2017-01-20,651.6842767356375
2017-01-23,639.9200577249769
2017-01-24,649.2468270010575
2017-01-25,658.1324260900232
2017-01-26,655.1066907424536
2017-01-27,652.9498125883412
2017-01-30,652.6321618861555
2017-01-31,645.3292779403538
2017-02-01,649.416943199058
2017-02-02,648.7846226532337
2017-02-03,647.8369421151882
2017-02-06,636.4791685568138
2017-02-07,633.9002056528939
2017-02-08,628.7850414677482
2017-02-09,633.7666321462593
2017-02-10,634.0417946333141
2017-02-13,634.509941248506
2017-02-14,636.9431438369897
2017-02-15,638.7557134298524
2017-02-16,631.3264900157697
2017-02-17,624.6988437000017
2017-02-20,625.6206777226865
2017-02-21,625.8610553426216
2017-02-22,623.7174969135629
2017-02-23,619.1875452359538
2017-02-24,612.7193602613274
2017-02-27,616.6214838516696
2017-02-28,616.6214838516696
2017-03-01,616.603400713878
2017-03-02,616.8000600592202
2017-03-03,615.5477393319326
2017-03-06,615.7994523328204
2017-03-07,619.5714523292934
2017-03-08,625.9130752384634
2017-03-09,632.1832737443611
2017-03-10,626.4724447277447
2017-03-13,637.1992644194277
2017-03-14,633.0270463526796
2017-03-15,599.4910589820446
2017-03-16,610.8427715669416
2017-03-17,605.0116394564316
2017-03-20,599.4539246085061
2017-03-21,594.6288416060053
2017-03-22,594.1406401842427
2017-03-23,594.5421239650744
2017-03-24,594.5095673030136
2017-03-27,594.3142364872097
2017-03-28,594.5584450326531
2017-03-29,594.7754945467257
2017-03-30,594.5800889388845
2017-03-31,594.7428811472295
2017-04-03,595.1228186603569
2017-04-04,594.9733974752675
2017-04-05,596.2031818795119
2017-04-06,595.5532442664156
2017-04-07,592.1624222006169
2017-04-10,593.6955455513996
2017-04-11,597.1098283146605
2017-04-12,598.857973549683
2017-04-13,601.0744434683369
2017-04-14,601.0096041856077
2017-04-17,598.3479583447155
2017-04-18,610.7218112316359
2017-04-19,604.0840559371672
2017-04-20,598.8034255176385
2017-04-21,601.5745953128704
2017-04-24,596.170278508351
2017-04-25,585.7122726258899
2017-04-26,590.0452924512294
2017-04-27,590.4765707590116
2017-04-28,590.8002316515549
2017-05-01,589.3970436810126
2017-05-02,591.1205362902151
2017-05-03,589.0687721981036
2017-05-04,587.3381848237892
2017-05-05,587.7665389459461
2017-05-08,587.3073710592846
2017-05-09,587.2204452826411
2017-05-10,587.3824728908211
2017-05-11,586.5076163940813
2017-05-12,581.8736899834212
2017-05-15,582.8184171780356
2017-05-16,582.5682491112443
2017-05-17,582.4557720532207
2017-05-18,581.9122573193916
2017-05-19,581.2419335532621
2017-05-22,579.1982077526023
2017-05-23,575.1230185060867
2017-05-24,579.6647834528142
2017-05-25,579.6647834528142
2017-05-26,580.5993225300617
2017-05-29,580.5993225300617
2017-05-30,584.3426188039771
2017-05-31,585.2370368542793
2017-06-01,585.2137607371338
2017-06-02,594.8310751085985
2017-06-05,590.2594966235663
2017-06-06,599.513288000176
2017-06-07,592.6611685272554
2017-06-08,589.4034964690258
2017-06-09,585.6901187241328
2017-06-12,585.6512163724736
2017-06-13,586.4285158875505
2017-06-14,599.1917961048346
2017-06-15,593.4483017571072
2017-06-16,596.1787544452758
2017-06-19,587.5556434674684
2017-06-20,594.2973979010005
2017-06-21,592.778622343092
2017-06-22,595.0518021976552
2017-06-23,595.431908651982
2017-06-26,596.1925373020699
2017-06-27,582.8511585661312
2017-06-28,583.1373246719631
2017-06-29,576.7231106013033
2017-06-30,572.3882423809525
2017-07-03,571.1955040265002
2017-07-04,571.1109479728227
2017-07-05,568.9599627780543
2017-07-06,573.1932250425093
2017-07-07,575.1658824951671
2017-07-10,575.1350744712676
2017-07-11,575.1350744712676
2017-07-12,560.166063991975
2017-07-13,563.7431857911588
2017-07-14,562.2601346104067
2017-07-17,561.6682681698817
2017-07-18,559.3145158707448
2017-07-19,559.423558945965
2017-07-20,560.1512170274113
2017-07-21,561.8557121594793
2017-07-24,560.1309812594336
2017-07-25,549.8164346772551
2017-07-26,555.7749471593809
2017-07-27,555.2216370477151
2017-07-28,555.8973343609207
2017-07-31,555.6513728605354
2017-08-01,556.9421865008546
2017-08-02,556.3459300506212
2017-08-03,559.0533570120799
2017-08-04,556.8962251604454
2017-08-07,557.3067853011707
2017-08-08,556.2797434491376
2017-08-09,558.740792487072
2017-08-10,563.2696354354206
2017-08-11,565.079656438943
2017-08-14,560.3614547032932
2017-08-15,550.4353965872843
2017-08-16,560.3816518357808
2017-08-17,564.2820309669358
2017-08-18,563.361616058904
2017-08-21,565.0890874953812
2017-08-22,559.1377819673684
2017-08-23,567.1848838962474
2017-08-24,562.3686430156213
2017-08-25,566.4670489942805
2017-08-28,569.2162255713818
2017-08-29,575.0687624783518
2017-08-30,572.0537723160679
2017-08-31,576.2121050322736
2017-09-01,565.4919660198412
2017-09-04,572.6952778315247
2017-09-05,590.0960127135573
2017-09-06,579.8742617923762
2017-09-07,595.0227101879376
2017-09-08,592.0254247502521
2017-09-11,572.6198717325062
2017-09-12,564.1242363168104
2017-09-13,559.596110954456
2017-09-14,559.7616939988973
2017-09-15,558.4080803638977
2017-09-18,556.7902708075989
2017-09-19,556.2508485610942
2017-09-20,556.4019146523215
2017-09-21,556.649279576435
2017-09-22,554.6150830690199
2017-09-25,550.9328732267566
2017-09-26,552.9140947764864
2017-09-27,556.2194723812923
2017-09-28,556.0833191629905
2017-09-29,558.6403640668098
2017-10-02,558.5882064284319
2017-10-03,555.8932621675588
2017-10-04,556.1904638019784
2017-10-05,559.7584994489016
2017-10-06,561.5522178692784
2017-10-09,560.627113499162
2017-10-10,559.2645700775699
2017-10-11,557.2249703138925
2017-10-12,555.1916805619838
2017-10-13,547.733826832818
2017-10-16,552.3109577096171
2017-10-17,552.3109577096171
2017-10-18,554.5532766267439
2017-10-19,553.5515920593539
2017-10-20,560.8325652646399
2017-10-23,558.4005078423794
2017-10-24,564.9845129208031
2017-10-25,567.5934930912671
2017-10-26,572.1323261447759
2017-10-27,560.9844831766183
2017-10-30,548.5903994558898
2017-10-31,553.215272634642
2017-11-01,551.8617673785146
2017-11-02,547.6122133752593
2017-11-03,545.1283731119524
2017-11-06,543.8096792642734
2017-11-07,543.6364768124091
2017-11-08,544.2824250203015
2017-11-09,544.2824250203015
2017-11-10,545.3092501351776
2017-11-13,545.3102502999033
2017-11-14,543.3950537452321
2017-11-15,535.338286615273
2017-11-16,541.5094663999147
2017-11-17,539.5849380007149
2017-11-20,542.9427589252188
2017-11-21,543.1838624598157
2017-11-22,536.9012196895188
2017-11-23,537.2493177859377
2017-11-24,539.0237480071221
2017-11-27,537.6758072886696
2017-11-28,538.2736283580027
2017-11-29,538.2736283580027
2017-11-30,545.1550159137374
2017-12-01,541.6348216867194
2017-12-04,545.4613428738296
2017-12-05,542.798814834475
2017-12-06,537.4899350271828
2017-12-07,542.5666453199707
2017-12-08,543.8517786106106
2017-12-11,545.7833339464424
2017-12-12,547.3691535835914
2017-12-13,535.3581569162968
2017-12-14,539.9517233168382
2017-12-15,539.9517233168382
2017-12-18,543.7014404456478
2017-12-19,551.4962625760443
2017-12-20,555.7303443016525
2017-12-21,555.2177448991661
2017-12-22,555.1830762151707
2017-12-25,555.1657545754214
2017-12-26,551.111916468986
2017-12-27,534.3254373725199
2017-12-28,540.0918390639441
2017-12-29,535.6912076703795
2018-01-01,535.6527381630881
2018-01-02,542.2674994695977
2018-01-03,540.4054519452966
2018-01-04,543.4473778420368
2018-01-05,547.8188708806084
2018-01-08,547.9815760439847
2018-01-09,563.4500855128163
2018-01-10,563.398888208246
2018-01-11,562.6900942252006
2018-01-12,567.8917717015973
2018-01-15,567.8633274604589
2018-01-16,563.6721118830919
2018-01-17,579.1647077448628
2018-01-18,593.2399330312785
2018-01-19,603.4224402343908
2018-01-22,616.1445443505245
2018-01-23,591.7387197230271
2018-01-24,603.7360631432233
2018-01-25,593.9717252671112
2018-01-26,619.224525054685
2018-01-29,637.2613275970721
2018-01-30,652.0465343523992
2018-01-31,655.8537699325582
2018-02-01,686.447061451141
2018-02-02,724.638896872862
2018-02-05,677.4272665230003
2018-02-06,682.6710937277331
2018-02-07,701.1983860245695
2018-02-08,699.9339948216244
2018-02-09,702.4587864927801
2018-02-12,712.5898286722515
2018-02-13,701.048513761891
2018-02-14,757.9287031141947
2018-02-15,754.8834129234368
2018-02-16,732.0419967343888
2018-02-19,745.0101512928661
2018-02-20,740.6200594912274
2018-02-21,770.5671491106024
2018-02-22,751.1834274311866
2018-02-23,719.5965424288573
2018-02-26,717.0525075514115
2018-02-27,743.2470944271936
2018-02-28,726.4480312179018
2018-03-01,697.386119827079
2018-03-02,697.2354664969002
2018-03-05,721.2023577084634
2018-03-06,718.505195735584
2018-03-07,717.7749229334656
2018-03-08,711.0979460119736
2018-03-09,717.8275242827918
2018-03-12,709.5272966765353
2018-03-13,700.4201145889244
2018-03-14,693.646144660528
2018-03-15,697.8467563303755
2018-03-16,701.6614611340799
2018-03-19,705.4944049951272
2018-03-20,717.662643480935
2018-03-21,709.8511683004334
2018-03-22,686.9602188714415
2018-03-23,681.0873834588004
2018-03-26,691.6160137131114
2018-03-27,673.000668390639
2018-03-28,676.0055510365147
2018-03-29,671.5854358135713
2018-03-30,671.5331640141567
2018-04-02,669.8936560406266
2018-04-03,674.5456125688966
2018-04-04,675.1797934355071
2018-04-05,676.8722968170171
2018-04-06,669.766650152191
2018-04-09,671.1776402486773
2018-04-10,674.183606307619
2018-04-11,672.1513743410616
2018-04-12,680.5485205370206
2018-04-13,679.0458340457075
2018-04-16,681.2108437294985
2018-04-17,679.5181021433746
2018-04-18,691.8685920742087
2018-04-19,699.0471597296038
2018-04-20,712.1577113479372
2018-04-23,722.5647265097732
2018-04-24,725.2020817626708
2018-04-25,737.3640099943367
2018-04-26,718.9005154479673
2018-04-27,706.8729141273254
2018-04-30,698.5372042187203
2018-05-01,710.5689437083969
2018-05-02,707.491314750254
2018-05-03,692.161596821792
2018-05-04,692.1096653502079
2018-05-07,692.0966976967414
2018-05-08,703.5202172588366
2018-05-09,715.999890633138
2018-05-10,707.7926314447641
2018-05-11,707.7926314447641
2018-05-14,719.9095209164354
2018-05-15,754.7028778930778
2018-05-16,768.791761062973
2018-05-17,772.1355665951428
2018-05-18,736.3368128305394
2018-05-21,730.913391720059
2018-05-22,734.6523038805773
2018-05-23,693.1153103202703
2018-05-24,686.1149029215461
2018-05-25,667.4859309090893
2018-05-28,667.3501046061348
2018-05-29,647.7706870932938
2018-05-30,656.1968973422554
2018-05-31,656.0097177121949
2018-06-01,652.6312992861684
2018-06-04,649.7335737082528
2018-06-05,650.1636925487222
2018-06-06,650.1636925487222
2018-06-07,650.1636925487222
2018-06-08,651.710905164604
2018-06-11,652.0887149679021
2018-06-12,653.8492083550269
2018-06-13,656.2552004742366
2018-06-14,650.5916451022312
2018-06-15,648.5978860449283
2018-06-18,646.994273230258
2018-06-19,640.625538555783
2018-06-20,647.6027240597475
2018-06-21,643.8179852691951
2018-06-22,644.0271840775521
2018-06-25,642.1374633352026
2018-06-26,641.7176574635192
2018-06-27,638.088989555973
2018-06-28,638.8815872135362
2018-06-29,638.4659663207285
2018-07-02,638.2813498291484
2018-07-03,638.9608960136596
2018-07-04,638.8800721656582
2018-07-05,638.9608871735514
2018-07-06,639.0994423398965
2018-07-09,638.7236466525306
2018-07-10,638.5505082978465
2018-07-11,638.9159581726617
2018-07-12,639.2045972188229
2018-07-13,638.5115929089302
2018-07-16,639.2039475272824
2018-07-17,639.4349487608846
2018-07-18,639.6535277526714
2018-07-19,638.1596935233913
2018-07-20,641.4459066889981
2018-07-23,645.2626870474944
2018-07-24,644.7169173917796
2018-07-25,647.2731680869481
2018-07-26,652.3666436842137
2018-07-27,645.6730256565503
2018-07-30,649.6577158874024
2018-07-31,647.6547241777658
2018-08-01,660.3064439634614
2018-08-02,652.8386842293019
2018-08-03,638.7229589000025
2018-08-06,634.474350113899
2018-08-07,642.675217171026
2018-08-08,640.2383141146835
2018-08-09,635.7853180063373
2018-08-10,618.8667140924181
2018-08-13,621.5309127730329
2018-08-14,621.2022799475207
2018-08-15,622.8587914342752
2018-08-16,621.8628427551484
2018-08-17,621.7274934721319
2018-08-20,625.3812389078346
2018-08-21,624.5282259667504
2018-08-22,625.133463191888
2018-08-23,624.0510100155635
2018-08-24,624.7298078374531
2018-08-27,621.1061587982659
2018-08-28,614.5469550018867
2018-08-29,613.695004203964
2018-08-30,612.3861872824551
2018-08-31,612.0077321204614
2018-09-03,612.3859862281504
2018-09-04,615.0351716144364
2018-09-05,615.0351716144364
2018-09-06,612.1682823532398
2018-09-07,620.6252807061846
2018-09-10,619.9252922388084
2018-09-11,625.8341550470576
2018-09-12,623.7930868650296
2018-09-13,626.0426685939667
2018-09-14,632.6947098670901
2018-09-17,627.4931648079395
2018-09-18,648.5790995066696
2018-09-19,651.046009626142
2018-09-20,650.9884108870311
2018-09-21,650.2182298632586
2018-09-24,658.0656810632712
2018-09-25,662.8660418852165
2018-09-26,641.9434258340524
2018-09-27,641.8737631929762
2018-09-28,646.5778984199081
2018-10-01,651.0573658104275
2018-10-02,643.5467921523233
2018-10-03,684.441865720701
2018-10-04,685.9902040800507
2018-10-05,702.464571478081
2018-10-08,697.744251918161
2018-10-09,690.7431221974574
2018-10-10,664.5868223585197
2018-10-11,664.4797731733123
2018-10-12,664.4465691174094
2018-10-15,663.8188910356976
2018-10-16,668.079568287256
2018-10-17,679.0967095948764
2018-10-18,667.2805213505803
2018-10-19,671.8122719298071
2018-10-22,673.1147051386888
2018-10-23,662.0253410868556
2018-10-24,640.7815578612118
2018-10-25,643.5100333989823
2018-10-26,638.4722086463122
2018-10-29,638.6512454754668
2018-10-30,641.0507024287269
2018-10-31,642.4054357441046
2018-11-01,641.3960087506757
2018-11-02,649.041655090917
2018-11-05,649.1985708652719
2018-11-06,650.2776422976154
2018-11-07,655.7321144167471
2018-11-08,657.2398530141742
2018-11-09,642.4415561223797
2018-11-12,631.1569048288108
2018-11-13,628.7861213433971
2018-11-14,622.6001936021701
2018-11-15,619.0036286626246
2018-11-16,613.6124864109819
2018-11-19,613.6214125995572
2018-11-20,613.4412098222066
2018-11-21,613.5638325301446
2018-11-22,613.0732573952802
2018-11-23,614.2988520564284
2018-11-26,613.6850014804423
2018-11-27,613.6850014804423
2018-11-28,615.0343121863663
2018-11-29,616.1344113266034
2018-11-30,614.8780935746191
2018-12-03,621.3566762976391
2018-12-04,624.2332598905135
2018-12-05,627.1085237954147
2018-12-06,633.251255137387
2018-12-07,656.436615012573
2018-12-10,648.6358624202559
2018-12-11,635.2881561721284
2018-12-12,626.0281209553358
2018-12-13,628.0707744922042
2018-12-14,632.6939532776568
2018-12-17,641.4862807169886
2018-12-18,652.0462242040842
2018-12-19,662.3405889908167
2018-12-20,652.972961148326
2018-12-21,657.2084340547854
2018-12-24,656.3565745664737
2018-12-25,676.7782020797684
2018-12-26,652.2965946650629
2018-12-27,673.1028515437043
2018-12-28,685.2792214555176
2018-12-31,689.1310560613223
2019-01-01,697.9006212194867
2019-01-02,745.4271919371907
2019-01-03,770.4583210059864
2019-01-04,711.811191628208
2019-01-07,697.9773318300116
2019-01-08,681.4544568795226
2019-01-09,688.1171052348785
2019-01-10,686.386014513493
2019-01-11,694.3235983474887
2019-01-14,692.6356607010001
2019-01-15,689.2669591430209
2019-01-16,688.0090649268868
2019-01-17,680.8923580592658
2019-01-18,671.7373915776479
2019-01-21,673.4693765045906
2019-01-22,676.9068033095276
2019-01-23,676.6882982710969
2019-01-24,679.5280648616505
2019-01-25,674.8821461396949
2019-01-28,677.7879541877187
2019-01-29,681.5796704643839
2019-01-30,688.6069253747792
2019-01-31,694.3823796735421
2019-02-01,681.3458378219575
2019-02-04,673.8584149155097
2019-02-05,677.4450872473436
2019-02-06,679.5709136577855
2019-02-07,688.0974705259175
2019-02-08,691.0944945745839
2019-02-11,685.8812110972015
2019-02-12,675.3823292926998
2019-02-13,673.168973092291
2019-02-14,683.2841758116475
2019-02-15,679.2753553823236
2019-02-18,678.8491891723489
2019-02-19,686.5159858782641
2019-02-20,686.0592812768059
2019-02-21,675.0221802025603
2019-02-22,680.0819674183974
2019-02-25,682.3978357591708
2019-02-26,688.4369690539369
2019-02-27,678.5794240479494
2019-02-28,666.3101795079685
2019-03-01,652.9372325676493
2019-03-04,658.4900847752024
2019-03-05,658.5611932206501
2019-03-06,659.2367867833623
2019-03-07,660.0320131849097
2019-03-08,661.7927999874034
2019-03-11,654.9050232393931
2019-03-12,667.455319250748
2019-03-13,662.8985532926965
2019-03-14,662.8985532926965
2019-03-15,670.5990605649948
2019-03-18,667.826911174487
2019-03-19,663.795819890821
2019-03-20,684.8479421765617
2019-03-21,683.2888666712657
2019-03-22,708.0179949904186
2019-03-25,721.2453370570591
2019-03-26,719.1146223376503
2019-03-27,736.2384438472159
2019-03-28,721.9996373502223
2019-03-29,701.0258028534579
2019-04-01,675.2117166873503
2019-04-02,682.9513048293013
2019-04-03,670.5637518729176
2019-04-04,673.2026280911671
2019-04-05,674.4711636528791
2019-04-08,671.5063912295204
2019-04-09,674.8817316911496
2019-04-10,681.2381833964287
2019-04-11,675.6698682580104
2019-04-12,660.8715415526506
2019-04-15,661.6677186070292
2019-04-16,657.4744749868036
2019-04-17,656.4387092045952
2019-04-18,658.3612203005428
2019-04-19,659.2736236437169
2019-04-22,657.8312746036962
2019-04-23,659.2522082435783
2019-04-24,662.6551346060755
2019-04-25,661.8984043253913
2019-04-26,666.6991447537731
2019-04-29,663.7620295797219
2019-04-30,667.0199519871479
2019-05-01,666.0644746782982
2019-05-02,653.4893068516297
2019-05-03,671.1530331217812
2019-05-06,673.2616546967236
2019-05-07,674.495359663861
2019-05-08,670.5878809117054
2019-05-09,680.3406337794942
2019-05-10,681.9584350647946
2019-05-13,694.4882833132464
2019-05-14,693.0580018854785
2019-05-15,705.7181478409756
2019-05-16,698.811108464702
2019-05-17,697.7025875957868
2019-05-20,685.3880538997769
2019-05-21,676.0545665408752
2019-05-22,694.1739296579848
2019-05-23,720.7911652691781
2019-05-24,721.6026185278334
2019-05-27,721.5361013628886
2019-05-28,746.2097104021334
2019-05-29,747.2561727501455
2019-05-30,772.5337478102537
2019-05-31,847.6534501607928
2019-06-03,888.3330491898515
2019-06-04,841.4613662177067
2019-06-05,855.5481146630109
2019-06-06,856.6828280491732
2019-06-07,841.9140368911642
2019-06-10,835.2028993783146
2019-06-11,836.3134528213262
2019-06-12,855.2152806501567
2019-06-13,880.1702798571421
2019-06-14,877.8334853094586
2019-06-17,874.2863744877324
2019-06-18,888.700304036224
2019-06-19,917.4717997099789
2019-06-20,918.7754354533572
2019-06-21,900.4919028914749
2019-06-24,925.1355463784556
2019-06-25,934.5539792108076
2019-06-26,899.240385893788
2019-06-27,915.1657795439702
2019-06-28,894.9417737796176
2019-07-01,918.7271005590367
2019-07-02,945.7870391676361
2019-07-03,952.7317187246085
2019-07-04,959.7129633975724
2019-07-05,881.373778555502
2019-07-08,878.4277718106384
2019-07-09,864.3937290353671
2019-07-10,879.5110608521519
2019-07-11,850.8603623222264
2019-07-12,857.8672942726184
2019-07-15,862.9559642734417
2019-07-16,856.8171200011985
2019-07-17,871.558083756217
2019-07-18,875.1527908287883
2019-07-19,869.6034988490904
2019-07-22,874.163665304615
2019-07-23,865.6275110711515
2019-07-24,875.3441379013051
2019-07-25,862.7164360267067
2019-07-26,864.8374206748281
2019-07-29,866.2545256364442
2019-07-30,867.6737119709726
2019-07-31,874.0694304110308
2019-08-01,929.8175413505693
2019-08-02,938.1747009687726
2019-08-05,1007.6247759610383
2019-08-06,994.2415405770225
2019-08-07,987.402530948416
2019-08-08,1000.9613650128234
2019-08-09,977.2448610847316
2019-08-12,1010.8750990917207
2019-08-13,979.9441705513857
2019-08-14,1021.8135831604368
2019-08-15,1047.2296721539155
2019-08-16,1031.5144660880974
2019-08-19,1016.1859810553102
2019-08-20,1034.8646558320324
2019-08-21,1018.5864409249418
2019-08-22,1006.9985845134852
2019-08-23,1074.0168197044784
2019-08-26,1082.0677963267149
2019-08-27,1054.01753840628
2019-08-28,1059.1024281848825
2019-08-29,1076.977960944546
2019-08-30,1064.877156283585
2019-09-02,1055.4671330054814
2019-09-03,1051.2244021264771
2019-09-04,1074.0510234748913
2019-09-05,1061.1181176694256
2019-09-06,1031.2737535512035
2019-09-09,1030.3674805462156
2019-09-10,1002.1005563500412
2019-09-11,974.4296072057343
2019-09-12,967.2465651408029
2019-09-13,950.1655459191353
2019-09-16,950.7817506903251
2019-09-17,951.2391317188312
2019-09-18,951.0255987702008
2019-09-19,950.9599096702777
2019-09-20,950.6526042899395
2019-09-23,950.5823041351713
2019-09-24,952.2214994664298
2019-09-25,957.1933874237469
2019-09-26,950.8541412151674
2019-09-27,956.6338389918508
2019-09-30,955.180967463237
2019-10-01,950.8164919909736
2019-10-02,962.1456072952514
2019-10-03,977.3898030058998
2019-10-04,993.2839701666202
2019-10-07,993.1842020732572
2019-10-08,970.0108251646792
2019-10-09,990.7511243308397
2019-10-10,976.5031877692682
2019-10-11,910.6217524188999
2019-10-14,917.7521707993454
2019-10-15,919.6239080406555
2019-10-16,915.800318385503
2019-10-17,917.2996721825282
2019-10-18,916.8228129611925
2019-10-21,915.7106630095162
2019-10-22,911.2669288588496
2019-10-23,915.1684989874745
2019-10-24,914.7878108003542
2019-10-25,912.6948109405786
2019-10-28,912.2201102479503
2019-10-29,909.9303915320298
2019-10-30,911.1195594547755
2019-10-31,910.8351820786788
2019-11-01,910.4281016054134
2019-11-04,910.3303072739664
2019-11-05,906.7818785242846
2019-11-06,903.3839896842651
2019-11-07,905.5686023027735
2019-11-08,902.5990325240981
2019-11-11,903.1804417399801
2019-11-12,905.5819481887568
2019-11-13,903.39539759657
2019-11-14,897.9394351221388
2019-11-15,893.9809023931568
2019-11-18,894.0192473603241
2019-11-19,893.9204260292105
2019-11-20,894.7345276775934
2019-11-21,894.9717646173017
2019-11-22,891.1914202267841
2019-11-25,890.5409508572603
2019-11-26,893.3578016862606
2019-11-27,894.8788808200927
2019-11-28,891.8320642475812
2019-11-29,887.7097622305523
2019-12-02,886.1492681411776
2019-12-03,883.7899333289022
2019-12-04,889.9082850438206
2019-12-05,889.4973457618012
2019-12-06,883.9314231918911
2019-12-09,884.3743202674028
2019-12-10,884.841965604845
2019-12-11,884.4726498677431
2019-12-12,884.9833874333291
2019-12-13,884.7525319518993
2019-12-16,884.7217584352759
2019-12-17,884.5063505506181
2019-12-18,884.3464397753261
2019-12-19,884.9432259676598
2019-12-20,884.8698135204282
2019-12-23,883.7373635808998
2019-12-24,885.0285188705998
2019-12-25,882.8737689855703
2019-12-26,883.5187798964672
2019-12-27,878.7855957682154
2019-12-30,878.9388976500936
2019-12-31,880.279028909227
2020-01-01,881.4737439757101
2020-01-02,881.0136781582214
2020-01-03,873.9319856690167
2020-01-06,874.293760206313
2020-01-07,871.9024535503671
2020-01-08,875.9419231229358
2020-01-09,865.4684752569399
2020-01-10,870.5985630753897
2020-01-13,870.0526013836597
2020-01-14,868.1428103246857
2020-01-15,871.6451546822325
2020-01-16,872.0095216152383
2020-01-17,871.267998754527
2020-01-20,871.3742311918909
2020-01-21,873.0741360964765
2020-01-22,872.9176768807788
2020-01-23,876.416779605745
2020-01-24,888.0570677959056
2020-01-27,885.7046298470781
2020-01-28,890.8279878636755
2020-01-29,885.3266108066018
2020-01-30,906.9422133311715
2020-01-31,924.4610524671334
2020-02-03,920.0102453847257
2020-02-04,901.3363254809807
2020-02-05,893.9695711410378
2020-02-06,866.0547123567893
2020-02-07,898.1960778465069
2020-02-10,890.1949124100187
2020-02-11,892.7013432820565
2020-02-12,886.4194050940998
2020-02-13,891.4002190384379
2020-02-14,889.2778387981862
2020-02-17,889.2778387981862
2020-02-18,897.7176153604332
2020-02-19,895.2725973213211
2020-02-20,894.8396918764204
2020-02-21,924.8714150749398
2020-02-24,926.6102315601861
2020-02-25,932.1606935937034
2020-02-26,952.8615845552599
2020-02-27,970.4616918913463
2020-02-28,1067.0956311402106
2020-03-02,1068.8346032498755
2020-03-03,1052.0326058281585
2020-03-04,1121.1210294360017
2020-03-05,1099.4486471179725
2020-03-06,1266.62180231004
2020-03-09,1268.7923259957786
2020-03-10,1209.7631569372106
2020-03-11,1235.1345645811639
2020-03-12,1226.3727440011
2020-03-13,1230.7249045673534
2020-03-16,1235.0913456604649
2020-03-17,1210.9971190317488
2020-03-18,1164.4910717928362
2020-03-19,1118.52718177675
2020-03-20,1176.608048329717
2020-03-23,1175.311493280632
2020-03-24,1176.5529098078991
2020-03-25,1171.24723677651
2020-03-26,1174.7233034395708
2020-03-27,1185.0405951767848
2020-03-30,1183.8613694889884
2020-03-31,1183.8339991331677
2020-04-01,1190.0525700664691
2020-04-02,1190.4282021813542
2020-04-03,1187.7391651359885
2020-04-06,1184.1173987340437
2020-04-07,1172.8011141576999
2020-04-08,1172.5624639487953
2020-04-09,1172.0852530248146
2020-04-10,1176.1400247688312
2020-04-13,1174.465090986322
2020-04-14,1171.1196201224827
2020-04-15,1177.5546631993527
2020-04-16,1189.0526551681469
2020-04-17,1187.817006568322
2020-04-20,1188.8362750672509
2020-04-21,1190.500827711868
2020-04-22,1195.6156631514095
2020-04-23,1188.1387630415043
2020-04-24,1186.7701156057726
2020-04-27,1181.9849392383637
2020-04-28,1178.5796667435118
2020-04-29,1185.7117439470653
2020-04-30,1188.4438814029527
2020-05-01,1188.7594571734874
2020-05-04,1189.457712655148
2020-05-05,1181.3920966588835
2020-05-06,1177.3877463568244
2020-05-07,1176.9885626860878
2020-05-08,1181.3782108703213
2020-05-11,1182.5795029430121
2020-05-12,1180.949794749524
2020-05-13,1188.5154044747633
2020-05-14,1195.200359896398
2020-05-15,1193.3449293551253
2020-05-18,1195.5008319935757
2020-05-19,1176.1769717063612
2020-05-20,1182.757259216722
2020-05-21,1189.371476334558
2020-05-22,1189.97586921409
2020-05-25,1189.97586921409
2020-05-26,1183.298189624602
2020-05-27,1184.5413847458008
2020-05-28,1182.6747855460922
2020-05-29,1194.479401931821
2020-06-01,1194.4267363393192
2020-06-02,1186.3648028040648
2020-06-03,1157.5220919911924
2020-06-04,1140.2012901352582
2020-06-05,1113.8378669540832
2020-06-08,1118.9890791408552
2020-06-09,1124.6459503362432
2020-06-10,1134.9597654492313
2020-06-11,1142.3731206869654
2020-06-12,1134.404706098104
2020-06-15,1134.3794214939576
2020-06-16,1123.752186162033
2020-06-17,1127.079262418161
2020-06-18,1137.6436479430427
2020-06-19,1135.9363326509156
2020-06-22,1132.9898880624337
2020-06-23,1134.8393728945273
2020-06-24,1139.7539178425207
2020-06-25,1140.982593409098
2020-06-26,1154.505948391333
2020-06-29,1159.4567099255937
2020-06-30,1151.0651508184058
2020-07-01,1140.0401391768187
2020-07-02,1146.4147205172744
2020-07-03,1146.4147205172744
2020-07-06,1141.838041465375
2020-07-07,1156.4296384525933
2020-07-08,1151.8161858739002
2020-07-09,1170.202236103923
2020-07-10,1148.6205796151307
2020-07-13,1162.8236387082527
2020-07-14,1161.7975945018022
2020-07-15,1160.7723839562696
2020-07-16,1167.943026890021
2020-07-17,1162.76692375899
2020-07-20,1167.9955680526798
2020-07-21,1175.2958846284973
2020-07-22,1174.099187057743
2020-07-23,1179.9217255906012
2020-07-24,1176.1862423992864
2020-07-27,1164.7005662176928
2020-07-28,1187.4651764096113
2020-07-29,1193.8771274821993
2020-07-30,1210.7818116066328
2020-07-31,1226.7963168992371
2020-08-03,1210.0023624221312
2020-08-04,1251.4311871337313
2020-08-05,1214.186869274181
2020-08-06,1225.3467197128425
2020-08-07,1203.2299963276344
2020-08-10,1192.202135105794
2020-08-11,1141.799924054747
2020-08-12,1115.4631265502842
2020-08-13,1101.9971223312377
2020-08-14,1110.8459853530283
2020-08-17,1115.7650471685251
2020-08-18,1119.1512755925794
2020-08-19,1116.1990634742933
2020-08-20,1126.7220904699154
2020-08-21,1130.125046511008
2020-08-24,1118.8622081097342
2020-08-25,1106.064154924582
2020-08-26,1107.0255168813947
2020-08-27,1081.5035853290076
2020-08-28,1102.697612383419
2020-08-31,1105.6103956634101
2020-09-01,1114.275882501035
2020-09-02,1119.3042442543365
2020-09-03,1125.3345242463192
2020-09-04,1080.3749529889492
2020-09-07,1079.820828293324
2020-09-08,1096.0802340832413
2020-09-09,1096.0802340832413
2020-09-10,1100.0048723513269
2020-09-11,1107.8566851582757
2020-09-14,1104.4469841150371
2020-09-15,1102.5417508282947
2020-09-16,1096.792098082147
2020-09-17,1096.792098082147
2020-09-18,1093.9310169726693
2020-09-21,1107.2508098807707
2020-09-22,1106.2424312923981
2020-09-23,1102.1542095364312
2020-09-24,1106.4368839079045
2020-09-25,1112.8143813302306
2020-09-28,1113.7886062231412
2020-09-29,1117.507592039226
2020-09-30,1101.1594262097394
2020-10-01,1102.6045711443978
2020-10-02,1088.1357348978167
2020-10-05,1030.7070979892828
2020-10-06,1055.3444924495063
2020-10-07,1046.4266771484117
2020-10-08,1047.931500952469
2020-10-09,1048.0889941700173
2020-10-12,1049.3805942884587
2020-10-13,1052.1283322716795
2020-10-14,1052.027410861864
2020-10-15,1049.6065281396122
2020-10-16,1047.0917638593069
2020-10-19,1041.0695320990453
2020-10-20,1039.0081174575348
2020-10-21,1030.8705822664501
2020-10-22,1025.8503578124198
2020-10-23,1025.6937453977102
2020-10-26,1022.1122065399659
2020-10-27,1018.1103610512624
2020-10-28,1018.1986652358543
2020-10-29,1013.270788345701
2020-10-30,1006.9773659294983
2020-11-02,1008.8731765795085
2020-11-03,1009.9127451825518
2020-11-04,1005.9511524162186
2020-11-05,1005.9153481367471
2020-11-06,1002.4877015140975
2020-11-09,988.1381350240781
2020-11-10,981.9574263958569
2020-11-11,981.3686064600564
2020-11-12,971.6986664342348
2020-11-13,973.2286675253306
2020-11-16,973.6807361392943
2020-11-17,971.3320595289895
2020-11-18,971.9224533124197
2020-11-19,971.9063575432777
2020-11-20,971.8433107793945
2020-11-23,970.1376693444362
2020-11-24,969.4019496967618
2020-11-25,969.585753156866
2020-11-26,969.585753156866
2020-11-27,972.8947840806949
2020-11-30,972.1375043326086
2020-12-01,963.6441650404738
2020-12-02,963.5467602931549
2020-12-03,964.2460401680751
2020-12-04,964.9777093206906
2020-12-07,964.2934908151283
2020-12-08,964.1604541287765
2020-12-09,964.6833208653442
2020-12-10,963.9347154053607
2020-12-11,963.1995566915319
2020-12-14,963.0834301664255
2020-12-15,962.0687747049299
2020-12-16,961.4713610191584
2020-12-17,960.4762316182029
2020-12-18,959.4820351510608
2020-12-21,960.2676943934733
2020-12-22,961.9077959832383
2020-12-23,960.4476727637614
2020-12-24,960.9944660950302
2020-12-25,960.9944660950302
2020-12-28,962.0886166381908
2020-12-29,961.8887184585342
2020-12-30,962.1044146044712
2020-12-31,963.5973919065539
2021-01-01,963.5457211795326
2021-01-04,964.5926489988188
2021-01-05,959.3097879113543
2021-01-06,942.508999721037
2021-01-07,932.8603490580587
2021-01-08,935.0703958256797
2021-01-11,940.0220725285101
2021-01-12,939.9363327268532
2021-01-13,923.8469139573274
2021-01-14,932.3001952083049
2021-01-15,916.9769891856814
2021-01-18,916.8671601982285
2021-01-19,913.3399022362909
2021-01-20,910.8958560788866
2021-01-21,913.2317475081367
2021-01-22,910.9044808380789
2021-01-25,902.2717860892401
2021-01-26,903.0630636113108
2021-01-27,902.8106774449476
2021-01-28,902.3224791159565
2021-01-29,901.8213178763986
2021-02-01,901.4291584659891
2021-02-02,900.3634947131789
2021-02-03,899.7808377682348
2021-02-04,899.2987570869133
2021-02-05,901.2415052526956
2021-02-08,903.4449450763155
2021-02-09,900.5733406844845
2021-02-10,891.0053581141891
2021-02-11,894.8437688698174
2021-02-12,903.5408137131747
2021-02-15,903.449326561009
2021-02-16,926.1837253659069
2021-02-17,923.9878697668665
2021-02-18,922.7655793677784
2021-02-19,951.5398730185611
2021-02-22,967.6170717428645
2021-02-23,958.5518633217848
2021-02-24,971.3706032623136
2021-02-25,1143.6905487057568
2021-02-26,1125.0884140931419
2021-03-01,1089.2545779809175
2021-03-02,1071.3948885323052
2021-03-03,1100.7797320216216
2021-03-04,1129.298250657135
2021-03-05,1140.235673015009
2021-03-08,1162.0858829130818
2021-03-09,1129.194286166116
2021-03-10,1118.608429117355
2021-03-11,1113.0801474705188
2021-03-12,1153.911873763217
2021-03-15,1149.8954372925693
2021-03-16,1151.4968658216003
2021-03-17,1149.0800105812773
2021-03-18,1180.2289433451479
2021-03-19,1187.7425203005726
2021-03-22,1173.7989593871184
2021-03-23,1136.2417931939387
2021-03-24,1130.2257664038104
2021-03-25,1138.264217306703
2021-03-26,1154.864696969971
2021-03-29,1166.334944590712
2021-03-30,1170.1452353252166
2021-03-31,1189.7245616870607
2021-04-01,1161.236014529278
2021-04-02,1161.2117929816322
2021-04-05,1172.267102604487
2021-04-06,1144.8934807250123
2021-04-07,1146.769575061923
2021-04-08,1124.6663032357162
2021-04-09,1138.6814448923608
2021-04-12,1142.3974892270378
2021-04-13,1125.6251231224728
2021-04-14,1132.3423230435346
2021-04-15,1115.5901695896614
2021-04-16,1118.356266922525
2021-04-19,1121.8590411899272
2021-04-20,1110.8814013667366
2021-04-21,1111.2694480560845
2021-04-22,1109.4596953749542
2021-04-23,1113.5298781824786
2021-04-26,1115.1415975519394
2021-04-27,1122.5535328929718
2021-04-28,1119.019859100964
2021-04-29,1125.4459530125644
2021-04-30,1121.2504624075088
2021-05-03,1111.4804587082488
2021-05-04,1109.0574977908323
2021-05-05,1099.9659601553215
2021-05-06,1102.1226114426006
2021-05-07,1098.4035446134499
2021-05-10,1101.6643580458713
2021-05-11,1104.8750550025252
2021-05-12,1117.0367625889571
2021-05-13,1110.0056333771206
2021-05-14,1101.2709052111795
2021-05-17,1107.792322559426
2021-05-18,1101.753360946629
2021-05-19,1114.9610287250425
2021-05-20,1097.8946230246704
2021-05-21,1099.5770479913206
2021-05-24,1094.6920838805718
2021-05-25,1083.9000648922404
2021-05-26,1086.7207622703231
2021-05-27,1088.7975236042962
2021-05-28,1088.3517245329444
2021-05-31,1088.3517245329444
2021-06-01,1088.2031805673778
2021-06-02,1087.0149773868104
2021-06-03,1090.4276454467974
2021-06-04,1084.541459095095
2021-06-07,1086.1247728024562
2021-06-08,1083.4323381464794
2021-06-09,1081.0196014287812
2021-06-10,1081.3687277055653
2021-06-11,1078.1249622674884
2021-06-14,1067.5218376070811
2021-06-15,1068.3277738498693
2021-06-16,1049.2338743413943
2021-06-17,1055.1714562284842
2021-06-18,1052.1391311558846
2021-06-21,1054.0293594179373
2021-06-22,1052.2622519613285
2021-06-23,1054.0030503331293
2021-06-24,1054.273519798051
2021-06-25,1055.2654736041277
2021-06-28,1053.4247685792366
2021-06-29,1053.136412387092
2021-06-30,1052.7039862324466
2021-07-01,1052.248105681012
2021-07-02,1049.5356637168297
2021-07-05,1049.4059184822381
2021-07-06,1053.500677066831
2021-07-07,1054.643548360698
2021-07-08,1062.6304714407936
2021-07-09,1044.8886449863592
2021-07-12,1045.6222861696467
2021-07-13,1026.2541869416432
2021-07-14,1047.567838730893
2021-07-15,1054.6684147330404
2021-07-16,1056.196912900852
2021-07-19,1079.0747578449136
2021-07-20,1077.2650601185967
2021-07-21,1054.247853579605
2021-07-22,1058.938631822243
2021-07-23,1061.6793160256877
2021-07-26,1057.6497408982236
2021-07-27,1070.3540192466671
2021-07-28,1073.6456399257986
2021-07-29,1062.4107106985657
2021-07-30,1077.8671406173858
2021-08-02,1094.210047193452
2021-08-03,1097.5763934962376
2021-08-04,1085.9759880386957
2021-08-05,1063.7389382629701
2021-08-06,1036.3555210531483
2021-08-09,1025.952114711792
2021-08-10,1019.7670148605195
2021-08-11,1021.2557485710821
2021-08-12,1020.8352776653679
2021-08-13,1023.4040809991017
2021-08-16,1023.4866008108124
2021-08-17,1023.3941005245791
2021-08-18,1023.8860189179935
2021-08-19,1024.7996661638992
2021-08-20,1021.4549092590905
2021-08-23,1023.0670006911504
2021-08-24,1015.3985588270561
2021-08-25,1007.3586293258666
2021-08-26,1004.6667057229138
2021-08-27,1008.1767364689354
2021-08-30,1008.442275854182
2021-08-31,1007.9115059841216
2021-09-01,1009.3656398357258
2021-09-02,1010.3826263696851
2021-09-03,1007.1787973359897
2021-09-06,1007.1787973359897
2021-09-07,999.393946417221
2021-09-08,1003.5389660355415
2021-09-09,1004.125221111248
2021-09-10,1003.3194944729858
2021-09-13,1004.5607289042678
2021-09-14,1007.3566482493069
2021-09-15,1005.9090258821918
2021-09-16,1000.7423571518984
2021-09-17,997.5663628043485
2021-09-20,1001.2876375068714
2021-09-21,1001.4425060808959
2021-09-22,1001.3679726331089
2021-09-23,1002.4458213404668
2021-09-24,1002.1780621640163
2021-09-27,1007.2212957749144
2021-09-28,1014.3580062428637
2021-09-29,1007.4837837336569
2021-09-30,996.5874021050859
2021-10-01,986.1698217850876
2021-10-04,991.2128346443451
2021-10-05,1001.7157581777969
2021-10-06,1000.2697562451885
2021-10-07,1012.3039567041203
2021-10-08,1020.0061774116259
2021-10-11,1029.709541067662
2021-10-12,1015.1903669580946
2021-10-13,1004.5263590740578
2021-10-14,993.0243899108098
2021-10-15,1021.9966122738634
2021-10-18,1035.9865075331531
2021-10-19,1040.6334292912168
2021-10-20,1044.4672356485264
2021-10-21,1071.7769591469078
2021-10-22,1038.4686048983226
2021-10-25,1030.797564669656
2021-10-26,1026.8490215177965
2021-10-27,1005.6837369282341
2021-10-28,1023.3902527518821
2021-10-29,1022.7934516801078
2021-11-01,1021.0039996164927
2021-11-02,1013.2620657441413
2021-11-03,1026.852558473321
2021-11-04,1001.8681244034206
2021-11-05,981.2657013494338
2021-11-08,991.8990263629048
2021-11-09,990.0564467559175
2021-11-10,994.3935767664184
2021-11-11,995.1794592141221
2021-11-12,992.3376382060408
2021-11-15,998.5621380224599
2021-11-16,1001.4344000526224
2021-11-17,993.4373907012246
2021-11-18,991.3017707975113
2021-11-19,987.4651630095514
2021-11-22,1008.2458306147871
2021-11-23,1013.1983041703469
2021-11-24,1011.5977719776234
2021-11-25,1011.5747400894815
2021-11-26,963.6380794231226
2021-11-29,969.8519019784069
2021-11-30,966.3414504250403
2021-12-01,963.6822254977486
2021-12-02,963.0850891075952
2021-12-03,969.4635996422408
2021-12-06,963.8369104826191
2021-12-07,960.3840838560911
2021-12-08,958.3124360781793
2021-12-09,958.4067595781894
2021-12-10,957.6625673253609
2021-12-13,955.1836706831921
2021-12-14,956.549584696183
2021-12-15,956.6816533942701
2021-12-16,955.3938226291958
2021-12-17,955.3674623535516
2021-12-20,955.2447908706104
2021-12-21,953.3486478870147
2021-12-22,953.3486478870147
2021-12-23,952.2670636554478
2021-12-24,952.2082484367102
2021-12-27,952.142485421183
2021-12-28,952.1307710725526
2021-12-29,953.051385497241
2021-12-30,952.4093620989166
2021-12-31,953.2973324981876
2022-01-03,961.5920489916109
2022-01-04,962.2177797522969
2022-01-05,972.5513261023256
2022-01-06,979.1688899856275
2022-01-07,987.7281017401228
2022-01-10,991.5285106985282
2022-01-11,983.9743039230214
2022-01-12,987.2262268347903
2022-01-13,967.6561547517641
2022-01-14,996.4459126450786
2022-01-17,996.4459126450786
2022-01-18,1040.389408987807
2022-01-19,1036.220581271587
2022-01-20,1001.7478278462006
2022-01-21,979.2436440817416
2022-01-24,980.9720195454121
2022-01-25,980.9466797669572
2022-01-26,1023.056957565081
2022-01-27,1004.631804355029
2022-01-28,989.4085973012614
2022-01-31,988.6158339597731
2022-02-01,993.5016773198527
2022-02-02,988.1195987517941
2022-02-03,1005.9715609188156
2022-02-04,1031.3743452086696
2022-02-07,1033.1488802898853
2022-02-08,1050.4890754633532
2022-02-09,1042.8018300270703
2022-02-10,1096.7316837312853
2022-02-11,1053.3127623309097
2022-02-14,1077.5696853904683
2022-02-15,1096.2855462368373
2022-02-16,1090.7901095088118
2022-02-17,1052.4841032934444
2022-02-18,1039.7794278769015
2022-02-21,1039.6953901460365
2022-02-22,1046.2842541203183
2022-02-23,1060.8496614653018
2022-02-24,1049.0960586429655
2022-02-25,1051.0351582419257
2022-02-28,1005.7131488861498
2022-03-01,961.9097670988049
2022-03-02,984.8319315113228
2022-03-03,984.1397479549777
2022-03-04,981.2938811165958
2022-03-07,982.7350998286865
2022-03-08,983.4287270020143
2022-03-09,984.2967070983864
2022-03-10,985.4647444989758
2022-03-11,986.0699938130712
2022-03-14,1005.8797563082891
2022-03-15,1007.3742593062814
2022-03-16,1019.4945052812614
2022-03-17,1013.5360411109568
2022-03-18,1009.988777977075
2022-03-21,1054.2148933495992
2022-03-22,1075.3153843686464
2022-03-23,1052.6607939566666
2022-03-24,1076.542484781456
2022-03-25,1115.2948528739455
2022-03-28,1112.6777608273208
2022-03-29,1090.8322208671452
2022-03-30,1072.244074169547
2022-03-31,1073.5659508201336
2022-04-01,1094.086525121288
2022-04-04,1094.7208835877586
2022-04-05,1144.2271302014267
2022-04-06,1150.15793343249
2022-04-07,1165.1441340940228
2022-04-08,1180.149281449561
2022-04-11,1200.4130134966829
2022-04-12,1164.6516556255242
2022-04-13,1148.843509930205
2022-04-14,1187.869869615524
2022-04-15,1187.869869615524
2022-04-18,1202.3584056486986
2022-04-19,1242.24313182169
2022-04-20,1209.525955483536
2022-04-21,1250.4486415923968
2022-04-22,1236.1001247754775
2022-04-25,1202.6976216560906
2022-04-26,1157.1032048981274
2022-04-27,1197.7852765168852
2022-04-28,1199.0425060035109
2022-04-29,1233.0205865511655
2022-05-02,1249.121337050293
2022-05-03,1250.4290777347287
2022-05-04,1220.7198184507424
2022-05-05,1257.7412458616898
2022-05-06,1281.7350794409017
2022-05-09,1245.5293024374268
2022-05-10,1229.1306640639707
2022-05-11,1208.840259821414
2022-05-12,1183.8078607390316
2022-05-13,1201.4386869115367
2022-05-16,1189.054684406394
2022-05-17,1221.9423798461025
2022-05-18,1196.494989034065
2022-05-19,1185.7178744377193
2022-05-20,1169.3638474904321
2022-05-23,1186.8148585535257
2022-05-24,1162.9283577416259
2022-05-25,1158.5046591601315
2022-05-26,1157.7557399812736
2022-05-27,1160.271251461236
2022-05-30,1160.271251461236
2022-05-31,1175.0794386659054
2022-06-01,1190.5944552492263
2022-06-02,1184.9842381037915
2022-06-03,1190.684679021328
2022-06-06,1217.1821906069679
2022-06-07,1199.8078573484868
2022-06-08,1213.6183158328147
2022-06-09,1221.9926325962488
2022-06-10,1270.3863668361842
2022-06-13,1347.188726861458
2022-06-14,1394.8102809047427
2022-06-15,1311.0074795315204
2022-06-16,1275.6556664206848
2022-06-17,1291.3339205680297
2022-06-20,1291.3339205680297
2022-06-21,1300.4645494217575
2022-06-22,1260.4200162117293
2022-06-23,1234.743513702338
2022-06-24,1243.2832938726663
2022-06-27,1256.0444851644568
2022-06-28,1251.6161523925914
2022-06-29,1235.966971628171
2022-06-30,1218.119287866576
2022-07-01,1192.5651215166786
2022-07-04,1192.4023608405646
2022-07-05,1186.6067440036702
2022-07-06,1196.0353214584982
2022-07-07,1196.639468524753
2022-07-08,1198.1249690964562
2022-07-11,1193.5268629068316
2022-07-12,1189.8888186049062
2022-07-13,1188.0749124537429
2022-07-14,1191.8988848500899
2022-07-15,1188.265419236449
2022-07-18,1195.1093292761425
2022-07-19,1198.7282719733566
2022-07-20,1199.9973048310155
2022-07-21,1176.6309616897063
2022-07-22,1156.0868643845054
2022-07-25,1160.2189270297008
2022-07-26,1160.5500721567003
2022-07-27,1159.7228361718473
2022-07-28,1157.2821231767643
2022-07-29,1156.771983569715
2022-08-01,1158.4691661371498
2022-08-02,1147.071402073546
2022-08-03,1149.9344399006975
2022-08-04,1150.9262968508708
2022-08-05,1146.7044205989991
2022-08-08,1148.164880768752
2022-08-09,1148.8825157987444
2022-08-10,1148.2736494732467
2022-08-11,1151.550367803114
2022-08-12,1149.9156333605408
2022-08-15,1146.908023867767
2022-08-16,1149.1372649575505
2022-08-17,1155.6952355985775
2022-08-18,1154.663193124548
2022-08-19,1162.0891756719911
2022-08-22,1167.2005737790867
2022-08-23,1170.3724951038796
2022-08-24,1181.2618883943865
2022-08-25,1166.4512065176448
2022-08-26,1175.355941563472
2022-08-29,1189.3051471743227
2022-08-30,1190.2881991931472
2022-08-31,1213.851962588443
2022-09-01,1227.0556042812516
2022-09-02,1201.8861881993869
2022-09-05,1201.8861881993869
2022-09-06,1251.7240188413946
2022-09-07,1223.5299664981528
2022-09-08,1242.8612539970748
2022-09-09,1241.2666062579533
2022-09-12,1249.2303767326098
2022-09-13,1280.473492643824
2022-09-14,1286.1584622475175
2022-09-15,1306.0051965270907
2022-09-16,1297.396005955768
2022-09-19,1318.9198090670866
2022-09-20,1354.0109687736824
2022-09-21,1348.4448330338455
2022-09-22,1437.1341368148217
2022-09-23,1439.4767124139182
2022-09-26,1558.4012884478934
2022-09-27,1559.450858656237
2022-09-28,1446.1933375529486
2022-09-29,1479.4930947607481
2022-09-30,1499.896314616461
2022-10-03,1416.7767013961527
2022-10-04,1412.321304228796
2022-10-05,1443.5697262140409
2022-10-06,1466.313261398726
2022-10-07,1481.4796160136689
2022-10-10,1494.9914738260738
2022-10-11,1494.8943428509954
2022-10-12,1477.0938121222098
2022-10-13,1497.5960316797984
2022-10-14,1523.1251497107646
2022-10-17,1512.983198591741
2022-10-18,1507.5393802964938
2022-10-19,1559.9853525786666
2022-10-20,1593.566315537989
2022-10-21,1567.0964623196735
2022-10-24,1573.035493466687
2022-10-25,1516.3795706052792
2022-10-26,1481.8721646586114
2022-10-27,1441.2908301266332
2022-10-28,1481.1745986530407
2022-10-31,1492.7369379056913
2022-11-01,1498.5603823349088
2022-11-02,1510.8008427155703
2022-11-03,1529.678934426385
2022-11-04,1521.3967255872692
2022-11-07,1542.3735457245546
2022-11-08,1504.3968063954128
2022-11-09,1482.8557596187843
2022-11-10,1369.0397608702406
2022-11-11,1379.6565083001515
2022-11-14,1382.832824310514
2022-11-15,1371.980475746803
2022-11-16,1363.8865097546493
2022-11-17,1371.2376561851943
2022-11-18,1375.0996550326806
2022-11-21,1375.5239806580898
2022-11-22,1370.069287316625
2022-11-23,1363.2472470301711
2022-11-24,1363.2472470301711
2022-11-25,1361.7382733066713
2022-11-28,1361.6797519817555
2022-11-29,1367.2295672900611
2022-11-30,1351.961209605449
2022-12-01,1344.2894312039482
2022-12-02,1343.6934977769436
2022-12-05,1343.6644672029972
2022-12-06,1344.0253833197983
2022-12-07,1345.214663027662
2022-12-08,1345.214663027662
2022-12-09,1345.214663027662
2022-12-12,1345.156255684668
2022-12-13,1342.449628349168
2022-12-14,1340.955591326312
2022-12-15,1340.7174750287531
2022-12-16,1341.3188050050826
2022-12-19,1342.219629258211
2022-12-20,1343.0854972143295
2022-12-21,1342.3025493855712
2022-12-22,1344.2730079202884
2022-12-23,1348.683343251067
2022-12-26,1348.5962906859186
2022-12-27,1365.2551480288068
2022-12-28,1371.6147667768855
2022-12-29,1359.9379439975676
2022-12-30,1372.2561704000473
2023-01-02,1372.2561704000473
2023-01-03,1342.4429829494463
2023-01-04,1325.290235116204
2023-01-05,1337.926605970881
2023-01-06,1305.8428685751558
2023-01-09,1301.4551213079337
2023-01-10,1306.2483474054743
2023-01-11,1304.0730569930818
2023-01-12,1300.9138926148473
2023-01-13,1302.7818034831694
2023-01-16,1302.7818034831694
2023-01-17,1301.9269833216717
2023-01-18,1307.5127861458438
2023-01-19,1306.3723034176069
2023-01-20,1301.3621020866815
2023-01-23,1298.8659258423397
2023-01-24,1301.5359375933624
2023-01-25,1302.1272105670346
2023-01-26,1300.4183680291562
2023-01-27,1299.8653196774183
2023-01-30,1299.02221587468
2023-01-31,1298.93920281658
2023-02-01,1295.988315435639
2023-02-02,1295.1753428389122
2023-02-03,1298.1434283374406
2023-02-06,1296.710721925187
2023-02-07,1296.7261729153483
2023-02-08,1291.9002330459937
2023-02-09,1300.3821250911178
2023-02-10,1309.712771095127
2023-02-13,1304.9741901906555
2023-02-14,1317.9043432847538
2023-02-15,1328.2006434871582
2023-02-16,1338.9155107067156
2023-02-17,1328.6836226356138
2023-02-20,1328.6836226356138
2023-02-21,1368.1733308925266
2023-02-22,1361.9598792354764
2023-02-23,1349.2819459077314
2023-02-24,1378.6072602819581
2023-02-27,1364.93014312435
2023-02-28,1369.164706819319
2023-03-01,1398.0429755877362
2023-03-02,1423.101493445682
2023-03-03,1388.6147543772227
2023-03-06,1389.6097751765867
2023-03-07,1398.6172592858577
2023-03-08,1410.69986093885
2023-03-09,1353.8597786710257
2023-03-10,1268.5981198181598
2023-03-13,1210.1992467446423
2023-03-14,1224.2895037889396
2023-03-15,1219.379858976774
2023-03-16,1220.7261430095627
2023-03-17,1229.5997717829084
2023-03-20,1226.3527239359248
2023-03-21,1219.0163354316542
2023-03-22,1229.8437555881942
2023-03-23,1231.5891755174039
2023-03-24,1233.1154317416658
2023-03-27,1223.9641925678002
2023-03-28,1220.3164245434705
2023-03-29,1219.367532906602
2023-03-30,1219.4640997946635
2023-03-31,1221.0039705431093
2023-04-03,1221.6438318413414
2023-04-04,1222.4361872287275
2023-04-05,1222.912614727354
2023-04-06,1223.2307394764678
2023-04-07,1223.2037675705453
2023-04-10,1212.4113868412983
2023-04-11,1211.804863148662
2023-04-12,1215.052020815681
2023-04-13,1212.8945135940305
2023-04-14,1208.9968580067982
2023-04-17,1205.032109896412
2023-04-18,1205.2684789475916
2023-04-19,1205.8191390871477
2023-04-20,1204.1142450714103
2023-04-21,1205.8462718031458
2023-04-24,1201.9695406837302
2023-04-25,1197.4678622083156
2023-04-26,1199.0148993579655
2023-04-27,1197.3505365181632
2023-04-28,1199.1749357101419
2023-05-01,1196.6577842722036
2023-05-02,1199.5223009733459
2023-05-03,1199.5223009733459
2023-05-04,1199.362749665444
2023-05-05,1195.4380407131644
2023-05-08,1190.7623190349655
2023-05-09,1189.9770559122182
2023-05-10,1193.2297563596296
2023-05-11,1193.8763712378095
2023-05-12,1192.12514503346
2023-05-15,1191.156051174685
2023-05-16,1189.6510140904559
2023-05-17,1188.5293391830965
2023-05-18,1189.2561127826245
2023-05-19,1190.8977346714655
2023-05-22,1192.9710992780847
2023-05-23,1190.0034083914761
2023-05-24,1198.7109313981186
2023-05-25,1212.6191840449712
2023-05-26,1212.1431160114096
2023-05-29,1212.0897269875165
2023-05-30,1187.9800782541208
2023-05-31,1179.207356673652
2023-06-01,1169.030268234522
2023-06-02,1189.1264588530014
2023-06-05,1187.192769164722
2023-06-06,1185.4776683941473
2023-06-07,1201.4055401290937
2023-06-08,1191.2322459025568
2023-06-09,1197.7691091474385
2023-06-12,1195.9441213376997
2023-06-13,1210.8879769868752
2023-06-14,1207.5192295054799
2023-06-15,1194.418852922251
2023-06-16,1205.886594947359
2023-06-19,1205.886594947359
2023-06-20,1198.6021962849184
2023-06-21,1199.8555337598111
2023-06-22,1214.0727036603091
2023-06-23,1205.0384538226444
2023-06-26,1201.3680331712683
2023-06-27,1210.7216159096868
2023-06-28,1200.891203790364
2023-06-29,1227.7220848685402
2023-06-30,1230.6009417702517
2023-07-03,1234.86460034144
2023-07-04,1234.7880797004657
2023-07-05,1254.64305238601
2023-07-06,1281.1314153108888
2023-07-07,1290.0900801729888
2023-07-10,1253.559335969462
2023-07-11,1247.1159404564555
2023-07-12,1196.5215097022087
2023-07-13,1160.1934652226594
2023-07-14,1175.801068682779
2023-07-17,1172.950450669941
2023-07-18,1171.3990423081868
2023-07-19,1167.7835012816229
2023-07-20,1180.8694435943905
2023-07-21,1179.5485469806838
2023-07-24,1183.8990361571205
2023-07-25,1186.150199799989
2023-07-26,1181.9786096159755
2023-07-27,1204.4132352842553
2023-07-28,1194.9400348275506
2023-07-31,1196.882444879792
2023-08-01,1205.6364013827306
2023-08-02,1214.8658378741795
2023-08-03,1233.0727060420957
2023-08-04,1190.9757226626282
2023-08-07,1204.5776294294694
2023-08-08,1189.1673061818337
2023-08-09,1191.3269229177702
2023-08-10,1212.1254117569101
2023-08-11,1225.8002187825643
2023-08-14,1235.205762179873
2023-08-15,1238.5862368161938
2023-08-16,1249.9113739429602
2023-08-17,1253.7386515541752
2023-08-18,1246.8950564976083
2023-08-21,1280.3780257927285
2023-08-22,1281.229513553624
2023-08-23,1228.5368233450029
2023-08-24,1246.6249291427537
2023-08-25,1250.8331320463249
2023-08-28,1238.1690714333904
2023-08-29,1202.1811101842898
2023-08-30,1200.3300901286698
2023-08-31,1197.982624720093
2023-09-01,1210.6343022371307
2023-09-04,1210.6343022371307
2023-09-05,1227.836377453993
2023-09-06,1233.591775629849
2023-09-07,1222.4670208414557
2023-09-08,1231.889598364951
2023-09-11,1237.4252645081556
2023-09-12,1238.1460130746996
2023-09-13,1224.3811543534575
2023-09-14,1237.728433174676
2023-09-15,1255.7041589954606
2023-09-18,1247.3847318518856
2023-09-19,1273.6587341229974
2023-09-20,1301.3523403823442
2023-09-21,1331.3504058401072
2023-09-22,1299.0430114839787
2023-09-25,1345.2114308629498
2023-09-26,1342.321008001224
2023-09-27,1391.3599222732657
2023-09-28,1366.0068035946201
2023-09-29,1360.1427763802417
2023-10-02,1422.9032445946305
2023-10-03,1490.957983337453
2023-10-04,1447.302837917815
2023-10-05,1430.2825067007188
2023-10-06,1480.7818294218425
2023-10-09,1370.1271013623134
2023-10-10,1381.3621737529952
2023-10-11,1353.8379777785879
2023-10-12,1405.451905878938
2023-10-13,1380.2120637694366
2023-10-16,1410.9928183041623
2023-10-17,1462.8387593822238
2023-10-18,1488.2769032082654
2023-10-19,1509.7689678508737
2023-10-20,1468.9643120280195
2023-10-23,1440.15910786188
2023-10-24,1440.1042477605292
2023-10-25,1492.0552368888339
2023-10-26,1443.8955659729468
2023-10-27,1434.20423591781
2023-10-30,1456.5868725493838
2023-10-31,1469.1854975490803
2023-11-01,1392.046289366333
2023-11-02,1374.8352629582498
2023-11-03,1348.154057336235
2023-11-06,1362.9901134431789
2023-11-07,1356.2009249479815
2023-11-08,1351.1686781468106
2023-11-09,1364.4934070388663
2023-11-10,1367.212550492902
2023-11-13,1365.6609190982194
2023-11-14,1338.5417800733985
2023-11-15,1349.0476822190756
2023-11-16,1342.708098609367
2023-11-17,1343.7334784594648
2023-11-20,1343.3725450898498
2023-11-21,1342.019383328828
2023-11-22,1342.9858341192482
2023-11-23,1342.9858341192482
2023-11-24,1344.7444731045812
2023-11-27,1342.4853984287736
2023-11-28,1339.149650944907
2023-11-29,1336.6504082971471
2023-11-30,1337.1613198098337
2023-12-01,1342.4608521766327
2023-12-04,1339.6189570825259
2023-12-05,1344.4776710626793
2023-12-06,1347.162379818791
2023-12-07,1344.4003263410489
2023-12-08,1335.598511852408
2023-12-11,1335.0794859819573
2023-12-12,1337.230247802912
2023-12-13,1347.7849074352146
2023-12-14,1351.4205220530434
2023-12-15,1350.8665125265002
2023-12-18,1348.0979639003833
2023-12-19,1348.0979639003833
2023-12-20,1361.9454006801807
2023-12-21,1356.4601720569701
2023-12-22,1356.0277854433907
2023-12-25,1356.0277854433907
2023-12-26,1353.0019777017662
2023-12-27,1371.9818160354955
2023-12-28,1361.930940197878
2023-12-29,1354.986768231938
2024-01-01,1354.986768231938
2024-01-02,1345.915835098742
2024-01-03,1347.9434408630118
2024-01-04,1337.4910991492818
2024-01-05,1332.342735241141
2024-01-08,1334.264512336181
2024-01-09,1335.2729795714176
2024-01-10,1334.6001953622433
2024-01-11,1338.4108521311744
2024-01-12,1339.938760892361
2024-01-15,1339.8482280574835
2024-01-16,1328.2169540902066
2024-01-17,1320.53967468257
2024-01-18,1318.0746046970062
2024-01-19,1318.0521150991958
2024-01-22,1317.298687255784
2024-01-23,1318.0959177673653
2024-01-24,1319.779906669714
2024-01-25,1317.3396105683196
2024-01-26,1319.0669932186997
2024-01-29,1315.7410549533433
2024-01-30,1314.1040122561394
2024-01-31,1309.3083305821576
2024-02-01,1309.3073966129214
2024-02-02,1291.4685761080275
2024-02-05,1268.2002127734413
2024-02-06,1273.7100934716689
2024-02-07,1274.0964494354578
2024-02-08,1274.8255785758947
2024-02-09,1275.6197613087706
2024-02-12,1275.705116281978
2024-02-13,1289.8701088803798
2024-02-14,1283.0492439164334
2024-02-15,1279.261529790947
2024-02-16,1288.4206883872148
2024-02-19,1288.4206883872148
2024-02-20,1285.839093669745
2024-02-21,1292.8332503456093
2024-02-22,1295.379391093386
2024-02-23,1284.5650531469357
2024-02-26,1290.9253988598293
2024-02-27,1294.5765780318366
2024-02-28,1285.8822646781693
2024-02-29,1283.6085515876816
2024-03-01,1267.6752934953545
2024-03-04,1273.5941627889974
2024-03-05,1267.6920003707635
2024-03-06,1262.883324123618
2024-03-07,1261.2445575056124
2024-03-08,1260.9900762932791
2024-03-11,1260.0336761180479
2024-03-12,1256.8460971896461
2024-03-13,1254.2389814330793
2024-03-14,1251.4896730340447
2024-03-15,1252.2733389424543
2024-03-18,1254.6632913564486
2024-03-19,1247.5740906932347
2024-03-20,1239.0464734005666
2024-03-21,1239.5911681318576
2024-03-22,1222.7004750104384
2024-03-25,1232.8343155246116
2024-03-26,1231.5847833538073
2024-03-27,1226.5913404162304
2024-03-28,1229.6409055534862
2024-03-29,1229.6409055534862
2024-04-01,1229.6409055534862
2024-04-02,1229.6409055534862
2024-04-03,1229.6409055534862
2024-04-04,1229.6409055534862
2024-04-05,1229.6409055534862
2024-04-08,1229.6409055534862
2024-04-09,1229.6409055534862
2024-04-10,1229.6409055534862
2024-04-11,1229.6409055534862
2024-04-12,1229.6409055534862
2024-04-15,1229.6409055534862
2024-04-16,1229.6409055534862
2024-04-17,1229.6409055534862
2024-04-18,1229.6409055534862
2024-04-19,1229.6409055534862
2024-04-22,1229.6409055534862
2024-04-23,1229.6409055534862
2024-04-24,1229.6409055534862
2024-04-25,1229.6409055534862
2024-04-26,1229.6409055534862
2024-04-29,1229.6409055534862
2024-04-30,1229.6409055534862
2024-05-01,1229.6409055534862
2024-05-02,1229.6409055534862
2024-05-03,1229.6409055534862
2024-05-06,1229.6409055534862
2024-05-07,1229.6409055534862
2024-05-08,1229.6409055534862
2024-05-09,1229.6409055534862
2024-05-10,1229.6409055534862
2024-05-13,1229.6409055534862
2024-05-14,1229.6409055534862
2024-05-15,1229.6409055534862
2024-05-16,1229.4950413410809
2024-05-17,1229.4950413410809
2024-05-20,1229.4950413410809
2024-05-21,1229.4950413410809
2024-05-22,1229.4950413410809
2024-05-23,1229.4950413410809
2024-05-24,1229.4950413410809
2024-05-27,1229.4950413410809
2024-05-28,1229.4950413410809
2024-05-29,1229.4950413410809
2024-05-30,1229.4950413410809
2024-05-31,1229.4950413410809
2024-06-03,1229.4950413410809
2024-06-04,1229.4950413410809
2024-06-05,1229.4950413410809
2024-06-06,1229.4950413410809
2024-06-07,1229.4950413410809
2024-06-10,1229.4950413410809
2024-06-11,1229.4950413410809
2024-06-12,1229.4950413410809
2024-06-13,1229.4950413410809
2024-06-14,1229.4950413410809
2024-06-17,1229.4950413410809
2024-06-18,1229.4950413410809
2024-06-19,1229.4950413410809
2024-06-20,1229.4950413410809
2024-06-21,1229.4950413410809
2024-06-24,1229.4950413410809
2024-06-25,1229.4950413410809
2024-06-26,1229.4950413410809
2024-06-27,1229.4950413410809
2024-06-28,1229.4950413410809
2024-07-01,1229.4950413410809
2024-07-02,1229.4950413410809
2024-07-03,1229.4950413410809
2024-07-04,1229.4950413410809
2024-07-05,1229.4950413410809
2024-07-08,1229.4950413410809
2024-07-09,1229.4950413410809
2024-07-10,1229.4950413410809
2024-07-11,1229.4950413410809
2024-07-12,1229.4950413410809
2024-07-15,1229.4950413410809
2024-07-16,1229.4950413410809
2024-07-17,1229.4950413410809
2024-07-18,1229.4950413410809
2024-07-19,1229.4950413410809
2024-07-22,1229.4950413410809
2024-07-23,1229.4950413410809
2024-07-24,1229.4950413410809
2024-07-25,1229.4950413410809
2024-07-26,1229.4950413410809
2024-07-29,1229.4950413410809
2024-07-30,1229.4950413410809
2024-07-31,1229.4950413410809
2024-08-01,1229.4950413410809
2024-08-02,1229.4950413410809
2024-08-05,1229.4950413410809
2024-08-06,1229.4950413410809
2024-08-07,1229.4950413410809
2024-08-08,1229.4950413410809
2024-08-09,1229.4950413410809
2024-08-12,1229.4950413410809
2024-08-13,1229.4950413410809
2024-08-14,1229.4950413410809
2024-08-15,1229.4119303887865
2024-08-16,1229.4119303887865
2024-08-19,1229.4119303887865
2024-08-20,1229.4119303887865
2024-08-21,1229.4119303887865
2024-08-22,1229.4119303887865
2024-08-23,1229.4119303887865
2024-08-26,1229.4119303887865
2024-08-27,1229.4119303887865
2024-08-28,1229.4119303887865
2024-08-29,1229.4119303887865
2024-08-30,1229.4119303887865
2024-09-02,1229.4119303887865
2024-09-03,1229.4119303887865
2024-09-04,1229.4119303887865
2024-09-05,1229.4119303887865
2024-09-06,1229.4119303887865
2024-09-09,1229.4119303887865
2024-09-10,1229.4119303887865
2024-09-11,1229.4119303887865
2024-09-12,1229.4119303887865
2024-09-13,1229.4119303887865
2024-09-16,1229.4119303887865
2024-09-17,1229.4119303887865
2024-09-18,1229.4119303887865
2024-09-19,1229.4119303887865
2024-09-20,1229.4119303887865
2024-09-23,1229.4119303887865
2024-09-24,1229.4119303887865
2024-09-25,1229.4119303887865
2024-09-26,1229.4119303887865
2024-09-27,1229.4119303887865
2024-09-30,1229.4119303887865
2024-10-01,1229.4119303887865
2024-10-02,1229.4119303887865
2024-10-03,1229.4119303887865
2024-10-04,1229.4119303887865
2024-10-07,1229.4119303887865
2024-10-08,1229.4119303887865
2024-10-09,1229.4119303887865
2024-10-10,1229.4119303887865
2024-10-11,1229.4119303887865
2024-10-14,1229.4119303887865
2024-10-15,1229.4119303887865
2024-10-16,1229.4119303887865
2024-10-17,1229.4119303887865
2024-10-18,1229.4119303887865
2024-10-21,1229.4119303887865
2024-10-22,1229.4119303887865
2024-10-23,1229.4119303887865
2024-10-24,1229.4119303887865
2024-10-25,1229.4119303887865
2024-10-28,1229.4119303887865
2024-10-29,1229.4119303887865
2024-10-30,1229.4119303887865
2024-10-31,1229.4119303887865
2024-11-01,1229.4119303887865
2024-11-04,1229.4119303887865
2024-11-05,1229.4119303887865
2024-11-06,1229.4119303887865
2024-11-07,1229.4119303887865
2024-11-08,1229.4119303887865
2024-11-11,1229.4119303887865
2024-11-12,1229.4119303887865
2024-11-13,1229.4119303887865
2024-11-14,1229.3854790086548
2024-11-15,1229.3854790086548
2024-11-18,1229.3854790086548
2024-11-19,1229.3854790086548
2024-11-20,1229.3854790086548
2024-11-21,1229.3854790086548
2024-11-22,1229.3854790086548
2024-11-25,1229.3854790086548
2024-11-26,1229.3854790086548
2024-11-27,1229.3854790086548
2024-11-28,1229.3854790086548
2024-11-29,1229.3854790086548
2024-12-02,1229.3854790086548
2024-12-03,1229.3854790086548
2024-12-04,1229.3854790086548
2024-12-05,1229.3854790086548
2024-12-06,1229.3854790086548
2024-12-09,1229.3854790086548
2024-12-10,1229.3854790086548
2024-12-11,1229.3854790086548
2024-12-12,1229.3854790086548
2024-12-13,1229.3854790086548
2024-12-16,1229.3854790086548
2024-12-17,1229.3854790086548
2024-12-18,1229.3854790086548
2024-12-19,1229.3854790086548
2024-12-20,1229.3854790086548
2024-12-23,1229.3854790086548
2024-12-24,1229.3854790086548
2024-12-25,1229.3854790086548
2024-12-26,1229.3854790086548
2024-12-27,1229.3854790086548
2024-12-30,1229.3854790086548
2024-12-31,1229.3854790086548
2025-01-01,1229.3854790086548
2025-01-02,1229.3854790086548
2025-01-03,1229.3854790086548
2025-01-06,1229.3854790086548
2025-01-07,1229.3854790086548
2025-01-08,1229.3854790086548
2025-01-09,1229.3854790086548
2025-01-10,1229.3854790086548
2025-01-13,1229.3854790086548
2025-01-14,1229.3854790086548
2025-01-15,1229.3854790086548
2025-01-16,1229.3854790086548
2025-01-17,1229.3854790086548
2025-01-20,1229.3854790086548
2025-01-21,1229.3854790086548
2025-01-22,1229.3854790086548
2025-01-23,1229.3854790086548
2025-01-24,1229.3854790086548
2025-01-27,1229.3854790086548
2025-01-28,1229.3854790086548
2025-01-29,1229.3854790086548
2025-01-30,1229.3854790086548
2025-01-31,1229.3854790086548
2025-02-03,1229.3854790086548
2025-02-04,1229.3854790086548
2025-02-05,1229.3854790086548
2025-02-06,1229.3854790086548
2025-02-07,1229.3854790086548
2025-02-10,1229.3854790086548
2025-02-11,1229.3854790086548
2025-02-12,1229.3854790086548
2025-02-13,1229.3854790086548
2025-02-14,1229.3854790086548
2025-02-17,1229.3854790086548
2025-02-18,1229.3854790086548
2025-02-19,1229.3854790086548
2025-02-20,1229.3854790086548
2025-02-21,1229.3854790086548
2025-02-24,1229.3854790086548
2025-02-25,1229.3854790086548
2025-02-26,1229.3854790086548
2025-02-27,1229.3854790086548
2025-02-28,1229.3854790086548
2025-03-03,1229.3854790086548
2025-03-04,1229.3854790086548
2025-03-05,1229.3854790086548
2025-03-06,1229.3854790086548
2025-03-07,1229.3854790086548
2025-03-10,1229.3854790086548
2025-03-11,1229.3854790086548
2025-03-12,1229.3854790086548
2025-03-13,1229.3854790086548
2025-03-14,1229.3854790086548
2025-03-17,1229.3854790086548
2025-03-18,1229.3854790086548
2025-03-19,1229.3854790086548
2025-03-20,1229.3854790086548
2025-03-21,1229.3854790086548
2025-03-24,1229.3854790086548
2025-03-25,1229.3854790086548
2025-03-26,1229.3854790086548
2025-03-27,1229.3854790086548
2025-03-28,1229.3854790086548
2025-03-31,1229.3854790086548
2025-04-01,1229.3854790086548
2025-04-02,1229.3854790086548
2025-04-03,1206.2043197184412
2025-04-04,1199.778229981795
2025-04-07,1199.772432637004
2025-04-08,1198.9884773782533
2025-04-09,1200.427415972641
2025-04-10,1197.9663498673951
2025-04-11,1212.46706768232
2025-04-14,1195.113079165849
2025-04-15,1188.288547897007
2025-04-16,1182.4893922724657
2025-04-17,1185.020678906305
2025-04-18,1185.020678906305
2025-04-21,1186.8678961322328
2025-04-22,1186.948325375741
2025-04-23,1187.672233808765
2025-04-24,1184.7662385791348
2025-04-25,1182.859163693744
2025-04-28,1180.3182311520127
2025-04-29,1179.9538825914585
2025-04-30,1180.2473117468749
2025-05-01,1177.0088293883985
2025-05-02,1168.927757889925
2025-05-05,1167.7931968006558
2025-05-06,1168.3904749344115
2025-05-07,1167.7562796969444
2025-05-08,1169.7371488839708
2025-05-09,1169.6784204995997
2025-05-12,1173.0711752162138
2025-05-13,1174.6832694799577
2025-05-14,1178.6970822876976
2025-05-15,1166.7690607347936
2025-05-16,1164.2088259884774
2025-05-19,1169.324786244534
2025-05-20,1167.5397982638776
2025-05-21,1184.65158554044
2025-05-22,1176.3414955964752
2025-05-23,1170.2389878206545
2025-05-26,1170.2389878206545
2025-05-27,1160.235855791567
2025-05-28,1167.2309011504865
2025-05-29,1162.2411794772065
2025-05-30,1161.4995792787581
2025-06-02,1163.6072411563046
2025-06-03,1163.6862166088767
2025-06-04,1160.3690402902785
2025-06-05,1161.9013319560518
2025-06-06,1161.9013319560518
2025-06-09,1161.8342320252295
2025-06-10,1161.4681572096374
2025-06-11,1157.1909917390985
2025-06-12,1153.8908653857834
2025-06-13,1157.7884992302122
2025-06-16,1157.7884992302122
2025-06-17,1157.7884992302122
2025-06-18,1157.7884992302122
2025-06-19,1157.7884992302122
2025-06-20,1157.7884992302122
2025-06-23,1157.776928583216
2025-06-24,1157.9513014552795
2025-06-25,1158.2194311216308
2025-06-26,1163.1503977770797
2025-06-27,1159.5115152001626
2025-06-30,1166.5962674731634
2025-07-01,1160.5167504027609
2025-07-02,1154.608078135248
2025-07-03,1144.7828998812236
2025-07-04,1144.6777429973654
2025-07-07,1142.0522508832305
2025-07-08,1140.549761652472
2025-07-09,1140.5027156366555
2025-07-10,1141.421317533924
2025-07-11,1142.6433416433715
2025-07-14,1143.0510839898484
2025-07-15,1144.4720657383568
2025-07-16,1142.509792309345
2025-07-17,1141.9661942752095
2025-07-18,1137.3476324902488
2025-07-21,1133.2518009177793
2025-07-22,1130.200935825312
2025-07-23,1131.5015497173436
2025-07-24,1130.9820100010566
2025-07-25,1131.097414564494
2025-07-28,1130.6238216442432
2025-07-29,1132.0105601033931
2025-07-30,1132.4361909089398
2025-07-31,1132.359163647008
2025-08-01,1135.4785727799897
2025-08-04,1135.6983914996813
2025-08-05,1132.5841030620281
2025-08-06,1130.6581904009936
2025-08-07,1129.889029031993
2025-08-08,1122.970903243688
2025-08-11,1121.7989965121335
2025-08-12,1122.7918665143604
2025-08-13,1129.956662607218
2025-08-14,1123.326427472851
2025-08-15,1119.2430584851395
2025-08-18,1117.477419252453
2025-08-19,1120.1466578894842
2025-08-20,1121.2142862151377
2025-08-21,1118.542879964042
2025-08-22,1123.8740050638846
2025-08-25,1122.0947312417436
2025-08-26,1124.5771111645784
2025-08-27,1128.1733426273042
2025-08-28,1130.077280168717
2025-08-29,1127.3207576639456
2025-09-01,1127.3207576639456
2025-09-02,1120.1294250995086
2025-09-03,1128.2187639370125
2025-09-04,1139.2727328124454
2025-09-05,1154.076902759329
2025-09-08,1160.1917932683307
2025-09-09,1143.2014392088233
2025-09-10,1155.7111536908621
2025-09-11,1161.1264080411538
2025-09-12,1142.9977159255623
2025-09-15,1153.6914131850826
2025-09-16,1159.724803111036
2025-09-17,1133.7429790468707
2025-09-18,1128.5317108395827
2025-09-19,1121.7455966357224
2025-09-22,1117.0833648979838
2025-09-23,1123.862390733513
2025-09-24,1116.5957077885328
2025-09-25,1110.7764826112739
2025-09-26,1109.4584874908774
2025-09-29,1111.6591962243797
2025-09-30,1111.4320101250878
2025-10-01,1112.9084428874278
2025-10-02,1113.0143704161665
2025-10-03,1108.3708235991696
2025-10-06,1104.0660025400975
2025-10-07,1109.3470723837047
2025-10-08,1109.3470723837047
2025-10-09,1107.1362347670033
2025-10-10,1118.9058130559818
2025-10-13,1117.5572808547854
2025-10-14,1120.6843107959112
2025-10-15,1120.6150755146064
2025-10-16,1136.5506290802434
2025-10-17,1124.3233785868586
2025-10-20,1132.1667002309305
2025-10-21,1136.902840984943
2025-10-22,1140.85066628552
2025-10-23,1122.0789158431191
2025-10-24,1121.1776256859882
2025-10-27,1125.9300240983346
2025-10-28,1125.9300240983346
2025-10-29,1091.7189143633402
2025-10-30,1087.113617874048
2025-10-31,1089.4516933025186
2025-11-03,1088.5596045325417
2025-11-04,1089.3352478221066
2025-11-05,1088.7219968349482
2025-11-06,1089.2925586579045
2025-11-07,1089.5990049379727
2025-11-10,1090.3747500695767
2025-11-11,1089.9283595383006
2025-11-12,1089.881061277343
2025-11-13,1088.2725440997676
2025-11-14,1086.6660538570738
2025-11-17,1086.9991269845405
2025-11-18,1087.945016913856
2025-11-19,1087.2211129191742
2025-11-20,1088.7236896402126
2025-11-21,1089.1957481938787
2025-11-24,1091.5905008117797
2025-11-25,1095.5769341572257
2025-11-26,1095.4482274053537
2025-11-27,1095.391030562563
2025-11-28,1083.7359680145778
2025-12-01,1061.3459477299725
2025-12-02,1063.0804613014043
2025-12-03,1066.1278577662683
2025-12-04,1061.5362293263136
2025-12-05,1057.4147006000776
2025-12-08,1054.5619577209782
2025-12-09,1054.422036142129
2025-12-10,1050.6742872911332
2025-12-11,1051.3934587206902
2025-12-12,1053.5523214557916
2025-12-15,1051.028925752607
2025-12-16,1046.699661236836
2025-12-17,1047.2810219206106
2025-12-18,1044.4955053259434
2025-12-19,1046.6391635893374
2025-12-22,1046.6391635893374
2025-12-23,1046.6273314844125
2025-12-24,1046.3292726915993
2025-12-25,1046.3292726915993
2025-12-26,1045.9710447938833
2025-12-29,1044.9392545869607
2025-12-30,1044.9409709154086
2025-12-31,1041.6492656240268
2026-01-01,1041.5678182644176
2026-01-02,1041.442959284295
2026-01-05,1041.5600101121129
2026-01-06,1042.416180119697
2026-01-07,1040.488352815745
2026-01-08,1042.5691966799575
2026-01-09,1043.4439762211657
2026-01-12,1043.694104590964
2026-01-13,1043.6600488877634
2026-01-14,1040.2420871952108
2026-01-15,1044.9009864951986
2026-01-16,1048.0494642080605
2026-01-19,1047.871808703728
2026-01-20,1059.494010766853
2026-01-21,1050.4935416169062
2026-01-22,1055.066460318275
2026-01-23,1047.8472949412858
2026-01-26,1044.1829888256093
2026-01-27,1050.2779222723127
2026-01-28,1049.5949447559638
2026-01-29,1045.4995127652705
2026-01-30,1042.7682079714157
2026-02-02,1054.6063931308897
2026-02-03,1054.6063931308897
2026-02-04,1053.9860819838684
2026-02-05,1032.5544413218743
2026-02-06,1032.321838767483
2026-02-09,1030.9105704828874
2026-02-10,1028.1153346036472
2026-02-11,1027.9383822881987
2026-02-12,1038.424684436034
2026-02-13,1045.78562112674
2026-02-16,1045.6612875185228
2026-02-17,1044.3008147395947
2026-02-18,1036.7448909559978
2026-02-19,1037.5619263463725
2026-02-20,1036.744303711811
2026-02-23,1060.4383177923041
2026-02-24,1055.4339275468246
2026-02-25,1048.7901824634303
2026-02-26,1062.0012695617597
2026-02-27,1086.2217335241878
2026-03-02,1046.0419340513818
2026-03-03,1041.8020493566032
2026-03-04,1035.6636432872874
2026-03-05,1037.508152480214
2026-03-06,1027.199484848362
2026-03-09,1025.6473051919359
2026-03-10,1025.9027765838882
2026-03-11,1025.9027765838882
2026-03-12,1025.9027765838882
2026-03-13,1025.7990054002885
2026-03-16,1021.6075337340217
2026-03-17,1014.0366828813169
2026-03-18,1013.170447128265
2026-03-19,1020.069376319071
2026-03-20,1042.3832584254276
2026-03-23,1036.2372018370866
2026-03-24,1047.7306327839678
2026-03-25,1048.123668866676
2026-03-26,1048.6286635028534
2026-03-27,1056.3170083897187
2026-03-30,1034.7830773159974
2026-03-31,1029.4797056372297
2026-04-01,1024.3424105537547
2026-04-02,1023.8245969627353
2026-04-03,1025.8222345176976
