start,end,days,sign,bin,trade_return_pp
1982-09-17,1982-10-01,14,1,1,3.145439365338581
1982-09-21,1982-10-08,17,1,1,3.8142521407114627
1982-09-24,1982-10-08,14,1,1,3.7153952433767365
1982-09-28,1982-10-11,13,1,1,3.6718702370307286
1982-10-01,1982-10-11,10,1,1,3.839618572964706
1982-10-04,1982-10-11,7,1,1,4.417922277107504
1982-10-06,1982-10-13,7,1,1,4.500558700319649
1982-10-07,1983-03-24,168,1,1,4.5625
1982-10-11,1983-03-28,168,1,1,1.6875
1982-10-14,1983-03-31,168,1,1,2.5
1982-10-18,1983-04-04,168,1,1,2.59375
1982-10-22,1983-04-08,168,1,1,3.59375
1982-10-25,1983-04-11,168,1,1,5.5
1982-10-26,1983-04-12,168,1,1,4.5
1982-10-28,1983-04-14,168,1,1,4.90625
1982-11-01,1983-04-18,168,1,1,3.65625
1982-11-08,1983-04-25,168,1,1,2.875
1982-11-15,1983-05-02,168,1,1,4.1875
1982-11-17,1983-05-04,168,1,1,4.625
1982-11-23,1983-05-10,168,1,1,4.3125
1982-11-29,1983-04-14,136,1,1,4.984479541821775
1982-12-03,1983-05-20,168,1,1,2.3125
1982-12-08,1983-05-03,146,1,1,4.806476728019416
1982-12-10,1983-04-14,125,1,1,4.7259657457111865
1982-12-14,1983-05-04,141,1,1,4.6730699371233495
1982-12-16,1983-04-14,119,1,1,4.572828673820455
1982-12-21,1983-06-07,168,1,1,0.90625
1983-01-04,1983-02-04,31,1,0,-2.049497410849012
1983-01-11,1983-01-31,20,1,0,-1.849456056060068
1983-01-19,1983-01-31,12,1,0,-1.6805705199223884
1983-01-21,1983-04-18,87,1,1,3.5665114753047225
1983-01-24,1983-04-14,80,1,1,3.603765932785626
1983-01-25,1983-04-18,83,1,1,3.6246065239403493
1983-01-28,1983-04-14,76,1,1,3.442378016317507
1983-02-03,1983-02-25,22,1,1,3.2526997533357833
1983-02-10,1983-02-25,15,1,1,3.177552384621352
1983-02-16,1983-03-01,13,1,1,2.999531396507076
1983-02-17,1983-04-14,56,1,1,3.1300685565495376
1983-02-18,1983-05-04,75,1,1,3.2688817216695223
1983-02-25,1983-05-31,95,1,0,-1.7753656535021505
1983-03-03,1983-03-10,7,1,0,-1.6711410235990933
1983-03-07,1983-06-27,112,1,0,-1.7602581648673392
1983-03-10,1983-07-05,117,1,0,-1.6777263272093295
1983-03-14,1983-06-27,105,1,0,-1.6855004947144643
1983-03-17,1983-06-27,102,1,0,-1.6060999139369283
1983-03-23,1983-06-27,96,1,0,-1.5044705225425985
1983-03-25,1983-05-04,40,1,1,3.0129492041935513
1983-04-05,1983-05-31,56,1,0,-1.475675449780096
1983-04-08,1983-06-08,61,1,0,-1.3920751243162586
1983-04-11,1983-05-31,50,1,0,-1.4674738478600293
1983-04-14,1983-05-26,42,1,0,-1.5045437784589493
1983-04-19,1983-05-31,42,1,0,-1.5696118723960664
1983-04-26,1983-05-31,35,1,0,-1.4417665623570837
1983-04-27,1983-05-26,29,1,0,-1.4664711143811917
1983-05-03,1983-05-19,16,1,0,-1.337982239542027
1983-05-04,1983-05-17,13,1,0,-1.3879725860633572
1983-05-09,1983-05-20,11,1,0,-1.4274473041408258
1983-05-10,1983-05-19,9,1,0,-1.4452856173760138
1983-05-16,1983-05-31,15,1,0,-1.5242589335554702
1983-05-19,1983-05-31,12,1,0,-1.4793147988957493
1983-05-26,1983-06-08,13,1,0,-1.3496538086763339
1983-06-01,1983-06-27,26,1,0,-1.3191093857345038
1983-06-07,1983-07-05,28,1,0,-1.275512152558076
1983-06-08,1983-07-07,29,1,0,-1.3212057707855993
1983-06-09,1983-07-05,26,1,0,-1.3239473948459248
1983-06-13,1983-06-27,14,1,0,-1.497309295252046
1983-06-16,1983-06-24,8,1,0,-1.4694311676555685
1983-06-20,1983-07-05,15,1,0,-1.5039765351298007
1983-06-24,1983-07-08,14,1,0,-1.5347762422886444
1983-06-27,1983-08-04,38,-1,1,3.1565083292771265
1983-06-29,1983-07-29,30,-1,1,3.1415918276565273
1983-07-06,1983-08-04,29,-1,1,2.973051261434962
1983-07-07,1983-08-10,34,-1,1,3.001596593975283
1983-07-08,1983-09-26,80,-1,0,-1.5072514726577495
1983-07-11,1983-08-10,30,-1,1,3.026713003730289
1983-07-12,1983-09-23,73,-1,0,-1.620412140984704
1983-07-15,1983-09-23,70,-1,0,-1.5761676411916297
1983-07-18,1983-10-05,79,-1,0,-1.6763320707671876
1983-07-20,1983-08-08,19,-1,1,3.2470010476518496
1983-07-22,1983-09-26,66,-1,0,-1.6450263495317956
1983-07-27,1983-09-23,58,-1,0,-1.5783440971155154
1983-07-28,1983-09-20,54,-1,0,-1.6567246555944117
1983-07-29,1983-08-22,24,-1,0,-1.6683168180030137
1983-08-04,1983-08-15,11,-1,0,-1.6865019238385865
1983-08-10,1983-08-15,5,-1,0,-1.573718053974245
1983-08-11,1983-08-16,5,-1,0,-1.5901384649565147
1983-08-12,1983-08-22,10,-1,0,-1.6573003864259332
1983-08-15,1983-09-23,39,-1,0,-1.8073028501900756
1983-08-17,1983-10-05,49,-1,0,-1.7924494670855902
1983-08-19,1983-09-23,35,-1,0,-1.7592863668487895
1983-08-22,1984-02-06,168,-1,0,-0.6875
1983-08-26,1983-10-05,40,-1,0,-1.8487345054155162
1983-08-29,1983-09-23,25,-1,0,-2.024280009766005
1983-08-31,1983-09-12,12,-1,0,-1.964225770129105
1983-09-07,1983-10-05,28,-1,0,-1.9171338443139652
1983-09-12,1984-02-27,168,-1,1,0.84375
1983-09-14,1983-10-05,21,-1,0,-1.8567887251269404
1983-09-16,1984-03-02,168,-1,1,0.125
1983-09-20,1984-03-06,168,-1,1,1.1875
1983-09-23,1984-03-09,168,-1,1,2.53125
1983-10-05,1984-03-14,161,-1,1,3.2699609747464344
1983-10-10,1984-03-19,161,-1,1,3.106864386344477
1983-10-11,1984-03-27,168,-1,1,2.78125
1983-10-14,1984-03-30,168,-1,1,2.875
1983-10-17,1984-03-19,154,-1,1,3.194882766056382
1983-10-21,1983-10-31,10,1,0,-1.5099623086717933
1983-10-24,1984-03-14,142,1,0,-1.7828311375250827
1983-10-31,1984-04-16,168,-1,1,2.25
1983-11-04,1983-11-22,18,-1,0,-1.5166211332501278
1983-11-10,1984-04-19,161,-1,1,2.956142113224437
1983-11-11,1984-04-03,144,-1,1,3.090604695508646
1983-11-14,1984-04-18,156,-1,1,3.0987691935194346
1983-11-21,1984-04-03,134,-1,1,2.848289770803852
1983-11-22,1984-03-19,118,-1,1,2.884374609433138
1983-11-28,1984-03-23,116,-1,1,2.855687188900944
1983-12-02,1984-04-19,139,-1,1,2.8900799085437074
1983-12-08,1984-01-13,36,-1,0,-1.3798581598713122
1983-12-13,1984-01-13,31,-1,0,-1.332099240166243
1983-12-16,1984-01-13,28,-1,0,-1.2898596501743664
1983-12-22,1984-02-02,42,-1,0,-1.2100456515164948
1983-12-28,1984-01-13,16,-1,0,-1.2020724191235679
1984-01-04,1984-01-16,12,-1,0,-1.1770979007414477
1984-01-10,1984-03-19,69,-1,1,2.2088688163859773
1984-01-13,1984-03-14,61,-1,1,2.698809212686412
1984-01-18,1984-03-16,58,-1,1,2.5406957002682726
1984-02-02,1984-02-13,11,1,0,-1.0327166204990053
1984-02-06,1984-02-17,11,1,0,-1.0142827591332877
1984-02-10,1984-02-23,13,1,0,-0.9735141627957384
1984-02-13,1984-03-07,23,1,0,-1.0160583565453774
1984-02-14,1984-03-06,21,1,0,-1.021781338991082
1984-02-17,1984-03-07,19,1,0,-1.0269381752452709
1984-02-23,1984-03-16,22,1,0,-1.111781254262063
1984-02-24,1984-03-09,14,1,0,-1.1264039814658415
1984-02-28,1984-04-18,50,-1,1,2.2069857170716305
1984-02-29,1984-04-03,34,-1,1,2.2225540842891247
1984-03-02,1984-04-03,32,-1,1,2.1814551011825154
1984-03-05,1984-04-18,44,-1,1,2.2656807013680145
1984-03-07,1984-05-04,58,-1,1,2.341006494885841
1984-03-14,1984-05-04,51,-1,1,2.1251969880942347
1984-03-19,1984-05-09,51,-1,1,2.143477810470835
1984-03-28,1984-05-04,37,-1,1,1.93531966594896
1984-03-30,1984-05-09,40,-1,1,2.121238940805924
1984-04-03,1984-05-11,38,-1,1,2.091986392451507
1984-04-06,1984-05-07,31,-1,1,2.212912068041831
1984-04-12,1984-05-04,22,-1,1,2.1147669895841608
1984-04-13,1984-05-10,27,-1,1,2.3720776650909032
1984-04-18,1984-05-11,23,-1,1,2.506520123827588
1984-04-25,1984-05-11,16,-1,1,2.4043229328217817
1984-04-27,1984-05-11,14,-1,1,2.4297865257418585
1984-05-04,1984-05-25,21,-1,1,2.4504124609841833
1984-05-09,1984-05-30,21,-1,1,2.553461464594298
1984-05-11,1984-06-15,35,-1,0,-1.6158936629369502
1984-05-15,1984-06-15,31,-1,0,-1.5900341396500308
1984-05-16,1984-07-25,70,-1,0,-1.5984126929519746
1984-05-17,1984-06-15,29,-1,0,-1.6551969611319628
1984-05-21,1984-07-25,65,-1,0,-1.6019701852958397
1984-05-24,1984-06-14,21,-1,0,-1.6855473824221834
1984-05-30,1984-06-04,5,-1,0,-1.6474992791194132
1984-06-01,1984-07-19,48,-1,0,-1.9885327654871157
1984-06-04,1984-07-25,51,-1,0,-2.060298687434675
1984-06-06,1984-07-25,49,-1,0,-2.0157928037137527
1984-06-13,1984-07-25,42,-1,0,-1.9035659589588698
1984-06-15,1984-08-01,47,-1,0,-1.971850810785788
1984-06-19,1984-07-26,37,-1,0,-1.9276348810256843
1984-06-20,1984-07-25,35,-1,0,-2.172157607730056
1984-06-26,1984-07-13,17,-1,0,-1.991255455242869
1984-07-03,1984-07-13,10,-1,0,-1.8282012724177743
1984-07-09,1984-07-26,17,-1,0,-1.979002181999519
1984-07-12,1984-07-26,14,-1,0,-1.9102332336584387
1984-07-16,1984-08-01,16,-1,0,-1.8545793010257854
1984-07-19,1984-08-01,13,-1,0,-1.7631018018125817
1984-07-20,1984-07-26,6,-1,0,-1.7829421794822833
1984-07-25,1984-09-11,48,-1,0,-2.0088739960382993
1984-07-26,1984-09-13,49,-1,0,-2.0287501682959737
1984-07-30,1984-09-11,43,-1,0,-1.9832016479516774
1984-07-31,1984-09-13,44,-1,0,-1.997388128936471
1984-08-02,1984-09-19,48,-1,0,-1.935389767514219
1984-08-03,1984-10-18,76,-1,0,-1.9755956379251312
1984-08-06,1984-10-23,78,1,1,4.010151726984587
1984-08-13,1984-10-19,67,1,1,3.642501477414835
1984-08-21,1984-10-23,63,1,1,3.2961993088914334
1984-08-27,1984-10-18,52,1,1,3.261021003271513
1984-09-06,1984-10-18,42,1,1,3.060059969040945
1984-09-07,1984-10-19,42,1,1,3.083548064068489
1984-09-10,1984-10-23,43,1,1,3.105697221277293
1984-09-13,1984-11-01,49,1,1,3.035314111098745
1984-09-18,1984-11-01,44,1,1,2.844340503395914
1984-09-19,1984-10-03,14,1,0,-1.5053142740218401
1984-09-21,1984-11-01,41,1,1,3.14761803424459
1984-09-25,1984-10-23,28,1,1,3.0933829554026047
1984-09-27,1984-11-21,55,1,1,3.2993997701354343
1984-09-28,1984-11-01,34,1,1,3.5290560920749434
1984-10-05,1984-11-05,31,1,1,3.310421259841653
1984-10-12,1984-11-05,24,1,1,2.998936264015603
1984-10-17,1984-11-05,19,1,1,2.9080930880581244
1984-10-18,1984-11-23,36,1,1,3.1853814745444335
1984-10-19,1985-01-22,95,1,1,3.230994023741351
1984-10-23,1985-01-24,93,1,1,3.1536815310460127
1984-10-25,1985-01-24,91,1,1,3.1063796447525216
1984-10-26,1984-11-23,28,1,1,3.190550857213557
1984-10-30,1985-04-16,168,1,1,3.0
1984-11-01,1985-04-18,168,1,1,2.90625
1984-11-05,1985-03-18,133,1,0,-1.7467063033048857
1984-11-07,1985-04-24,168,1,1,2.84375
1984-11-08,1985-01-24,77,1,1,3.7247454547072363
1984-11-09,1985-04-26,168,1,1,2.71875
1984-11-14,1985-01-24,71,1,1,3.554607879412076
1984-11-16,1985-04-22,157,1,1,3.450931258614335
1984-11-20,1985-05-07,168,1,1,2.875
1984-11-21,1985-02-27,98,1,0,-1.7436235591970495
1984-11-28,1984-12-07,9,1,0,-1.6825043833183557
1984-11-30,1985-05-10,161,1,1,3.56605717979768
1984-12-06,1985-05-10,155,1,1,3.3106847044164565
1984-12-07,1985-01-24,48,1,1,3.363885632933175
1984-12-11,1985-05-10,150,1,1,3.3104860991533314
1984-12-13,1985-04-22,130,1,1,3.440385652357947
1984-12-14,1985-05-10,147,1,1,3.5174658157689174
1984-12-18,1985-01-02,15,1,0,-1.9026599376271476
1984-12-31,1985-05-10,130,1,1,3.4291093663512817
1985-01-03,1985-05-10,127,1,1,3.447569382171785
1985-01-07,1985-03-04,56,1,0,-1.873082387203759
1985-01-11,1985-05-10,119,1,1,3.5389701791512436
1985-01-16,1985-02-28,43,1,0,-1.6817400940178981
1985-01-18,1985-02-27,40,1,0,-1.6610764826774727
1985-01-22,1985-02-21,30,1,0,-1.7392412708928593
1985-01-24,1985-02-07,14,1,0,-1.8436194913905772
1985-01-31,1985-02-20,20,1,0,-1.6580048905486484
1985-02-01,1985-02-22,21,1,0,-1.7391987972135543
1985-02-06,1985-02-27,21,1,0,-1.6739905264918322
1985-02-14,1985-02-21,7,1,0,-1.55073695087008
1985-02-15,1985-02-22,7,1,0,-1.5762442184681094
1985-02-20,1985-03-04,12,1,0,-1.7249076789831101
1985-02-21,1985-05-10,78,1,1,3.4654422089910284
1985-02-22,1985-05-10,77,1,1,3.4671782790424532
1985-02-27,1985-04-18,50,1,1,3.614545608973812
1985-03-07,1985-04-16,40,1,1,3.3733598088548264
1985-03-08,1985-05-10,63,1,1,3.8260558777933733
1985-03-13,1985-04-18,36,1,1,3.6801737451376013
1985-03-18,1985-04-16,29,1,1,3.47688515144645
1985-03-20,1985-04-18,29,1,1,3.398540737817452
1985-03-26,1985-04-11,16,-1,0,-1.637153524635386
1985-03-27,1985-04-11,15,-1,0,-1.6571837798098208
1985-03-29,1985-04-16,18,-1,0,-1.693341125484895
1985-04-04,1985-05-10,36,1,1,3.090115391681549
1985-04-09,1985-05-10,31,1,1,3.165114754639793
1985-04-10,1985-05-14,34,1,1,3.1826960017470394
1985-04-11,1985-05-20,39,1,1,3.358005531198506
1985-04-16,1985-05-20,34,1,1,3.342107562435573
1985-04-18,1985-05-28,40,1,1,3.428649715324878
1985-04-23,1985-05-20,27,1,1,3.3462663804615054
1985-04-25,1985-05-20,25,1,1,3.318408702500156
1985-04-29,1985-05-20,21,1,1,3.321905669331681
1985-05-01,1985-05-20,19,1,1,3.2537116023910313
1985-05-03,1985-05-20,17,1,1,3.1920905172565903
1985-05-08,1985-05-20,12,1,1,3.1295043894520154
1985-05-09,1985-05-28,19,1,1,3.2119476704048995
1985-05-10,1985-05-30,20,1,1,3.428396483131507
1985-05-14,1985-06-03,20,1,1,3.6152139573070237
1985-05-16,1985-06-03,18,1,1,3.5784730250889876
1985-05-20,1985-10-30,163,1,1,4.241690222675249
1985-05-30,1985-11-05,159,1,1,3.746489366869337
1985-06-03,1985-06-25,22,1,0,-2.1568295467478804
1985-06-05,1985-06-21,16,1,0,-2.3079161831805144
1985-06-07,1985-11-22,168,1,1,4.34375
1985-06-11,1985-06-26,15,1,0,-2.525036194224628
1985-06-13,1985-11-28,168,1,0,
1985-06-14,1985-06-24,10,1,0,-2.584844499740951
1985-06-19,1985-06-26,7,1,0,-2.5644141111202616
1985-06-21,1985-11-18,150,1,1,5.311367242740698
1985-06-25,1985-11-08,136,1,1,5.1814656559221905
1985-06-27,1985-11-18,144,1,1,5.2256378007866
1985-07-01,1985-12-09,161,1,1,5.091689145909377
1985-07-08,1985-07-26,18,1,0,-2.426051671630529
1985-07-11,1985-11-21,133,1,1,4.723248492952524
1985-07-17,1985-07-25,8,1,0,-2.1749482342632462
1985-07-18,1985-11-12,117,1,1,4.793278556745298
1985-07-22,1985-11-08,109,1,1,4.6888597962196785
1985-07-26,1985-10-30,96,1,1,4.279853828845401
1985-07-31,1985-10-30,91,1,1,4.136561617057436
1985-08-02,1985-10-30,89,1,1,4.339462024902492
1985-08-07,1985-11-05,90,1,1,4.175358007631655
1985-08-08,1985-11-08,92,1,1,4.235570654268336
1985-08-13,1985-11-07,86,1,1,4.049430717472897
1985-08-15,1985-11-08,85,1,1,3.9460860285719552
1985-08-16,1985-11-12,88,1,1,3.9756150716142336
1985-08-21,1985-11-21,92,1,1,3.772168287945535
1985-08-27,1985-09-06,10,1,0,-1.7724227526092606
1985-08-30,1985-11-12,74,1,1,3.6290326536419846
1985-09-05,1985-11-12,68,1,1,3.6439012019800545
1985-09-06,1985-11-08,63,1,1,4.196917341490312
1985-09-13,1985-11-08,56,1,1,3.853902160535879
1985-09-20,1985-11-08,49,1,1,3.5275553853231094
1985-09-25,1985-11-12,48,1,1,3.383936774474829
1985-09-27,1985-11-12,46,1,1,3.353196662069332
1985-10-04,1985-11-08,35,1,1,3.0668720235940086
1985-10-14,1985-11-08,25,1,1,2.801102332630381
1985-10-16,1985-11-08,23,1,1,2.739853515386415
1985-10-18,1985-11-12,25,1,1,2.653866905180477
1985-10-22,1985-11-18,27,1,1,2.6094606471926363
1985-10-25,1985-11-12,18,1,1,2.4710181964669253
1985-10-28,1985-11-08,11,1,1,2.5001268729620754
1985-10-29,1985-12-09,41,1,1,3.1962834138827194
1985-10-30,1985-12-09,40,1,1,3.2121513474256913
1985-11-05,1985-12-10,35,1,1,2.9720304032611837
1985-11-08,1985-12-11,33,1,1,2.8744916398412235
1985-11-12,1985-12-11,29,1,1,3.026171463125342
1985-11-14,1985-12-11,27,1,1,2.9452014593438833
1985-11-15,1985-12-10,25,1,1,2.9479655788891557
1985-11-18,1985-12-17,29,1,1,3.540353231190288
1985-11-27,1985-12-17,20,1,1,3.102079781530071
1985-12-02,1985-12-16,14,1,1,3.280173002745839
1985-12-04,1985-12-17,13,1,1,3.2203230074742883
1985-12-09,1986-02-13,66,1,1,3.6330503142824027
1985-12-10,1986-02-14,66,1,1,3.6812500399731194
1985-12-11,1986-02-21,72,1,1,3.9372765668621743
1985-12-16,1986-02-21,67,1,1,3.784793375370961
1985-12-17,1986-01-13,27,1,0,-1.953301874361674
1985-12-27,1986-01-10,14,1,0,-1.7738857632582752
1986-01-07,1986-01-09,2,1,0,-1.7421171261386386
1986-01-08,1986-01-13,5,1,0,-2.0028351098196455
1986-01-09,1986-02-21,43,1,1,4.07691663062661
1986-01-13,1986-02-14,32,1,1,4.421809150653672
1986-01-14,1986-02-14,31,1,1,4.452502257895477
1986-01-15,1986-02-21,37,1,1,4.4814660033002705
1986-01-21,1986-02-21,31,1,1,4.095493480328123
1986-01-27,1986-02-24,28,1,1,4.001836761586282
1986-01-28,1986-02-24,27,1,1,4.028208360184985
1986-02-03,1986-02-24,21,1,1,3.7766314927216564
1986-02-05,1986-02-24,19,1,1,3.7891038851178056
1986-02-07,1986-02-21,14,1,1,3.7709169239886338
1986-02-10,1986-02-24,14,1,1,3.8583608858222043
1986-02-11,1986-02-27,16,1,1,3.9077776662676924
1986-02-13,1986-02-27,14,1,1,3.7975056584296176
1986-02-14,1986-03-03,17,1,1,4.160828855470352
1986-02-21,1986-03-10,17,1,1,4.513161981409049
1986-02-24,1986-03-27,31,1,1,4.59893460672298
1986-02-27,1986-04-09,41,1,1,5.130204290358656
1986-03-03,1986-04-16,44,1,1,5.109328497452964
1986-03-05,1986-04-14,40,1,1,5.650537210711357
1986-03-07,1986-04-16,40,1,1,5.512406812781001
1986-03-10,1986-06-02,84,1,0,-2.978246020148213
1986-03-18,1986-04-16,29,1,1,5.319994438529602
1986-03-24,1986-05-29,66,1,0,-2.588288861868767
1986-03-27,1986-05-15,49,1,0,-2.546975167245909
1986-04-04,1986-05-15,41,1,0,-2.391583604785442
1986-04-08,1986-05-12,34,1,0,-2.583506165109225
1986-04-14,1986-04-24,10,1,0,-2.508484551057687
1986-04-16,1986-04-23,7,1,0,-2.8429792811349883
1986-04-18,1986-04-24,6,1,0,-2.7907338352392084
1986-04-22,1986-05-15,23,1,0,-2.9593236209617086
1986-04-23,1986-05-16,23,1,0,-2.981484148692195
1986-04-25,1986-05-30,35,1,0,-2.9171380688672923
1986-04-28,1986-05-16,18,1,0,-2.9490184447020766
1986-05-02,1986-05-16,14,1,0,-2.8223875094410165
1986-05-05,1986-05-16,11,1,0,-2.8758829410767452
1986-05-07,1986-05-16,9,1,0,-2.770839469533655
1986-05-12,1986-06-02,21,1,0,-2.872118728915192
1986-05-15,1986-06-02,18,1,0,-2.8602959559695695
1986-05-16,1986-08-13,89,1,1,5.872992272410745
1986-05-20,1986-06-02,13,1,0,-2.882774900343252
1986-05-29,1986-08-13,76,1,1,6.118671745805334
1986-06-02,1986-07-03,31,1,1,6.519043250313433
1986-06-03,1986-08-13,71,1,1,6.833824233508224
1986-06-04,1986-07-15,41,1,1,7.202028948272845
1986-06-06,1986-11-21,168,1,1,6.84375
1986-06-09,1986-08-20,72,1,1,8.126563208433366
1986-06-11,1986-11-26,168,1,1,7.21875
1986-06-13,1986-11-28,168,1,1,5.53125
1986-06-19,1986-12-04,168,1,1,7.34375
1986-06-20,1986-12-05,168,1,1,5.21875
1986-06-27,1986-12-12,168,1,1,4.3125
1986-07-03,1986-12-18,168,1,1,3.8124999999999996
1986-07-14,1986-12-29,168,1,1,3.5624999999999996
1986-07-15,1986-12-30,168,1,1,2.4999999999999996
1986-07-23,1987-01-07,168,1,1,4.46875
1986-07-28,1986-12-04,129,1,1,5.577944731980772
1986-07-29,1987-01-13,168,1,1,4.90625
1986-07-31,1987-01-15,168,1,1,4.1875
1986-08-06,1987-01-09,156,1,1,5.12218175596684
1986-08-08,1987-01-23,168,1,1,3.6249999999999996
1986-08-12,1986-09-12,31,1,0,-2.503137766914337
1986-08-19,1986-09-08,20,1,0,-2.2968569558374834
1986-08-22,1986-09-11,20,1,0,-2.2631303766739936
1986-08-26,1986-09-05,10,1,0,-2.2605060471931226
1986-08-27,1986-09-11,15,1,0,-2.295141490175898
1986-08-29,1986-09-05,7,1,0,-2.2606030611507135
1986-09-03,1987-02-18,168,1,1,2.53125
1986-09-05,1987-02-20,168,1,1,3.5937499999999996
1986-09-08,1987-01-19,133,1,1,4.867550546364882
1986-09-11,1987-01-05,116,1,1,4.916358134287509
1986-09-17,1987-03-04,168,1,1,4.75
1986-09-18,1987-01-05,109,1,1,5.074764966641336
1986-09-24,1987-03-11,168,1,1,4.1875
1986-09-29,1987-01-09,102,1,1,4.745675140340618
1986-09-30,1987-03-17,168,1,1,4.21875
1986-10-03,1987-03-20,168,1,1,3.125
1986-10-13,1987-03-30,168,1,1,1.7187499999999996
1986-10-14,1987-01-09,87,1,1,4.436393711258332
1986-10-20,1986-12-02,43,1,1,4.18640606501328
1986-10-21,1987-01-07,78,1,1,4.261712795827632
1986-10-23,1987-04-09,168,1,0,-0.3125
1986-10-29,1987-04-13,166,1,0,-1.9866863586071184
1986-11-03,1987-04-10,158,1,0,-1.897186101783218
1986-11-06,1987-04-10,155,1,0,-1.8290526211955707
1986-11-13,1987-03-04,111,1,1,3.313314871471267
1986-11-17,1987-04-10,144,1,0,-1.6664104410645035
1986-11-19,1987-04-09,141,1,0,-1.7104235416045748
1986-11-24,1987-04-09,136,1,0,-1.6203718121236772
1986-11-25,1987-04-09,135,1,0,-1.6340458436190588
1986-12-02,1987-04-09,128,1,0,-1.72882205552548
1986-12-04,1987-04-01,118,1,0,-1.6952694863806728
1986-12-05,1987-04-09,125,1,0,-1.8529346183502322
1986-12-08,1987-04-09,122,1,0,-1.8674794817846554
1986-12-15,1987-04-09,115,1,0,-1.6980696292100983
1986-12-18,1987-04-02,105,1,0,-1.5994268760193444
1986-12-29,1987-04-09,101,1,0,-1.5212521670871433
1986-12-31,1987-04-09,99,1,0,-1.473031860032316
1987-01-05,1987-03-30,84,1,0,-1.4979926413775688
1987-01-13,1987-03-30,76,1,0,-1.3361050607818064
1987-01-16,1987-02-10,25,1,0,-1.3412576754072691
1987-01-23,1987-02-11,19,1,0,-1.2432838525731433
1987-01-26,1987-03-30,63,1,0,-1.265107999803045
1987-01-28,1987-02-11,14,1,0,-1.236630243515421
1987-01-30,1987-03-30,59,1,0,-1.2017385309031456
1987-02-03,1987-04-01,57,1,0,-1.158700623859834
1987-02-05,1987-02-11,6,1,0,-1.1829375046887238
1987-02-09,1987-04-02,52,1,0,-1.2678472419220164
1987-02-10,1987-04-09,58,1,0,-1.2804549181469844
1987-02-12,1987-04-07,54,1,0,-1.3065416103820184
1987-02-18,1987-04-01,42,1,0,-1.274786319258536
1987-02-19,1987-03-30,39,1,0,-1.2799833599622652
1987-02-24,1987-03-30,34,1,0,-1.223726681024556
1987-03-04,1987-03-30,26,1,0,-1.167365892182026
1987-03-06,1987-03-30,24,1,0,-1.1859169907386093
1987-03-19,1987-03-30,11,1,0,-0.9666638247729675
1987-03-23,1987-03-30,7,1,0,-0.9324924074691139
1987-03-26,1987-03-30,4,1,0,-0.8876365525388589
1987-03-27,1987-03-30,3,1,0,-0.9739115549848031
1987-03-30,1987-04-09,10,1,0,-1.5757886219560897
1987-04-01,1987-04-10,9,1,0,-1.5940535051968492
1987-04-06,1987-04-09,3,1,0,-1.5291215457982257
1987-04-07,1987-04-10,3,1,0,-1.5917920928102194
1987-04-09,1987-04-14,5,1,0,-1.9333823477850047
1987-04-10,1987-05-15,35,-1,1,4.246457435364365
1987-04-13,1987-05-15,32,-1,1,4.273044080376803
1987-04-14,1987-09-02,141,-1,1,4.5109960571032515
1987-04-15,1987-05-20,35,-1,1,4.5809121532551815
1987-04-16,1987-05-15,29,-1,1,4.695531742843293
1987-04-23,1987-09-02,132,-1,1,4.507804464525951
1987-04-24,1987-09-29,158,-1,1,4.832627239492003
1987-04-27,1987-09-08,134,-1,1,4.946180014322779
1987-04-28,1987-09-03,128,-1,1,4.975335355268204
1987-04-30,1987-09-02,125,-1,1,4.96515804002119
1987-05-01,1987-09-08,130,-1,1,5.179119581962528
1987-05-04,1987-10-01,150,-1,1,5.337156608350023
1987-05-08,1987-09-08,123,-1,1,5.086702055555975
1987-05-11,1987-10-01,143,-1,1,5.252041118641162
1987-05-15,1987-06-12,28,-1,0,-2.788857604371366
1987-05-19,1987-06-12,24,-1,0,-2.8158077669751616
1987-05-22,1987-06-12,21,-1,0,-2.6792993426977527
1987-05-29,1987-09-08,102,-1,1,5.121837549522466
1987-06-02,1987-06-12,10,-1,0,-2.928090501719411
1987-06-04,1987-10-08,126,-1,1,5.648991723342896
1987-06-05,1987-10-01,118,-1,1,5.667058506480829
1987-06-12,1987-09-08,88,-1,1,5.691264241377147
1987-06-24,1987-09-02,70,-1,1,4.979234602409444
1987-06-26,1987-09-04,70,-1,1,4.89104860396142
1987-07-02,1987-09-02,62,-1,1,4.596033685377501
1987-07-09,1987-09-02,55,-1,1,4.352488262353904
1987-07-15,1987-09-02,49,-1,1,4.2255273639573945
1987-07-17,1987-09-02,47,-1,1,4.076360025434006
1987-07-21,1987-09-02,43,-1,1,4.060040083410888
1987-07-24,1987-09-02,40,-1,1,3.796169860197846
1987-08-03,1987-09-08,36,-1,1,3.7995830966030826
1987-08-05,1987-09-08,34,-1,1,3.833306746982644
1987-08-13,1987-09-02,20,-1,1,3.5381910531448413
1987-08-18,1987-09-08,21,-1,1,3.8779461989233632
1987-08-27,1987-09-30,34,-1,1,3.7674634916551426
1987-08-28,1987-10-08,41,-1,1,3.807439047825538
1987-09-02,1987-10-14,42,-1,1,4.329534295594572
1987-09-10,1987-10-16,36,-1,1,4.00644438520942
1987-09-11,1987-10-14,33,-1,1,4.04686814477409
1987-09-15,1987-10-16,31,-1,1,3.990033891776049
1987-09-18,1987-10-14,26,-1,1,3.949427505476904
1987-09-24,1987-10-22,28,-1,0,-1.9508597780244163
1987-09-29,1987-10-22,23,-1,0,-1.8838123693533324
1987-10-02,1987-10-22,20,-1,0,-1.8273768019502497
1987-10-05,1987-10-21,16,-1,0,-1.8363933885446837
1987-10-08,1987-10-21,13,-1,0,-1.9033751997080148
1987-10-12,1987-10-20,8,-1,0,-1.925497394481315
1987-10-13,1987-10-21,8,-1,0,-2.0671101701038133
1987-10-14,1987-10-20,6,-1,0,-2.3318280881272715
1987-10-20,1987-10-22,2,-1,0,-3.4288132196796295
1987-10-21,1987-12-30,70,-1,0,-3.726721527117005
1987-10-22,1988-01-22,92,-1,0,-4.036683282553071
1987-10-26,1988-01-28,94,-1,0,-4.005729952029742
1987-10-28,1988-01-21,85,-1,0,-3.9055641250465793
1987-11-03,1988-01-22,80,-1,0,-3.5971871814350456
1987-11-05,1988-01-29,85,-1,0,-3.506440022729356
1987-11-13,1988-01-22,70,-1,0,-3.039725013201649
1987-11-25,1988-01-29,65,1,1,5.142432370347298
1987-12-03,1988-01-29,57,1,1,4.798848277840726
1987-12-07,1988-01-27,51,1,1,4.786230006627946
1987-12-10,1988-01-21,42,1,1,4.868674820498586
1987-12-15,1988-01-27,43,1,1,4.874252485365126
1987-12-16,1988-01-29,44,1,1,4.893725107373084
1987-12-18,1988-02-02,46,1,1,4.916343890275239
1987-12-23,1988-02-10,49,1,1,4.807809780454047
1987-12-30,1988-02-10,42,1,1,4.595907437288814
1988-01-07,1988-02-02,26,1,1,4.335133434846838
1988-01-08,1988-01-28,20,1,1,4.780555700233039
1988-01-11,1988-02-02,22,1,1,4.848817089031002
1988-01-15,1988-05-18,124,1,0,-2.6989745074789413
1988-01-21,1988-05-11,111,1,0,-2.495593742712586
1988-01-27,1988-05-02,96,1,0,-2.515638373773034
1988-01-29,1988-04-15,77,1,0,-2.436122970194339
1988-02-02,1988-03-28,55,1,0,-2.380874282933144
1988-02-04,1988-04-04,60,1,0,-2.3203032580671437
1988-02-05,1988-03-28,52,1,0,-2.351148251158814
1988-02-12,1988-04-15,63,1,0,-2.2761254225146113
1988-02-22,1988-04-04,42,1,0,-2.0705579765506297
1988-02-29,1988-03-23,23,1,0,-1.9083609190418904
1988-03-04,1988-04-04,31,1,0,-2.038162622683993
1988-03-16,1988-04-04,19,1,0,-1.763325080438081
1988-03-18,1988-04-18,31,1,0,-1.8764746451044905
1988-03-24,1988-04-28,35,1,0,-1.7117397283368736
1988-03-28,1988-05-06,39,1,0,-1.742528045700852
1988-04-06,1988-05-02,26,1,0,-1.57376355951985
1988-04-08,1988-04-18,10,1,0,-1.5998829321230075
1988-04-11,1988-05-02,21,1,0,-1.6077217192890025
1988-04-14,1988-05-09,25,1,0,-1.680227739952762
1988-04-18,1988-05-17,29,1,0,-1.6529496613452441
1988-04-28,1988-05-17,19,1,0,-1.4322620696471606
1988-05-02,1988-05-18,16,1,0,-1.401379894648609
1988-05-06,1988-06-14,39,-1,0,-1.3629051333957185
1988-05-10,1988-06-14,35,-1,0,-1.3184377643178127
1988-05-17,1988-06-08,22,-1,0,-1.3494269701273869
1988-05-18,1988-06-03,16,-1,0,-1.3804661315373952
1988-05-25,1988-06-03,9,-1,0,-1.2493705193327755
1988-06-01,1988-06-14,13,-1,0,-1.5689429117896967
1988-06-03,1988-06-14,11,-1,0,-1.5846355469194666
1988-06-08,1988-10-03,117,-1,0,-1.6146687110592621
1988-06-14,1988-11-29,168,-1,1,1.5000000000000004
1988-06-16,1988-10-07,113,-1,0,-2.129354372971455
1988-06-17,1988-10-03,108,-1,0,-2.22810991501946
1988-06-22,1988-10-07,107,-1,0,-2.252637710801097
1988-06-30,1988-10-31,123,-1,0,-2.058915817076316
1988-07-07,1988-10-07,92,-1,0,-1.9509154028956321
1988-07-08,1988-10-03,87,-1,0,-1.9900499023372895
1988-07-13,1988-09-09,58,-1,0,-1.8949934265058752
1988-07-21,1988-09-09,50,-1,0,-1.715512134435763
1988-07-25,1988-09-14,51,-1,0,-1.6638933709120913
1988-07-27,1988-09-09,44,-1,0,-1.6355830230113955
1988-08-01,1988-09-14,44,-1,0,-1.5815634991122578
1988-08-02,1988-10-03,62,-1,0,-1.5904090500993755
1988-08-05,1988-09-14,40,-1,0,-1.6579421249696125
1988-08-09,1988-09-09,31,-1,0,-1.6249835379160769
1988-08-10,1988-09-02,23,-1,0,-1.7544441209606358
1988-08-23,1988-09-02,10,-1,0,-1.458469115317579
1988-08-25,1988-09-02,8,-1,0,-1.4323993942691249
1988-08-29,1988-09-02,4,-1,0,-1.4571891880583168
1988-09-02,1988-10-07,35,-1,0,-1.8260051245462925
1988-09-09,1988-10-31,52,-1,0,-1.7766989039934655
1988-09-14,1988-10-31,47,-1,0,-1.7018014003476725
1988-09-19,1989-02-23,157,1,0,-1.6103253793759866
1988-09-26,1989-02-23,150,1,0,-1.450364265121423
1988-09-29,1989-02-22,146,1,0,-1.4182314710613675
1988-09-30,1988-11-25,56,1,0,-1.54890049074608
1988-10-07,1988-11-16,40,1,0,-1.7086742551553593
1988-10-12,1988-11-25,44,1,0,-1.682002709735946
1988-10-18,1988-11-17,30,1,0,-1.535657726050903
1988-10-26,1988-11-16,21,1,0,-1.3657183197891123
1988-10-27,1988-11-11,15,1,0,-1.3956032575761694
1988-10-31,1988-11-07,7,1,0,-1.3489558474734773
1988-11-02,1988-11-11,9,1,0,-1.3291493126378544
1988-11-04,1988-11-25,21,1,0,-1.5828105186646086
1988-11-09,1988-11-25,16,1,0,-1.5060183980661537
1988-11-11,1989-01-05,55,1,0,-1.4771433587572513
1988-11-16,1989-01-05,50,1,0,-1.4428201697724392
1988-11-22,1989-02-23,93,1,0,-1.3432826590643094
1988-11-30,1989-02-23,85,1,0,-1.2810718348729917
1988-12-02,1989-03-17,105,1,0,-1.4783993554211363
1988-12-06,1989-01-05,30,1,0,-1.7490800725907156
1988-12-08,1989-02-23,77,1,0,-1.6909759402639009
1988-12-13,1989-03-17,94,1,0,-1.637647782108226
1988-12-20,1989-05-18,149,-1,0,-1.5240854380755577
1988-12-28,1989-01-24,27,-1,0,-1.4544954765268232
1988-12-30,1989-05-12,133,-1,0,-1.4063587601822602
1989-01-05,1989-01-13,8,-1,0,-1.3686555219693282
1989-01-12,1989-05-12,120,-1,0,-1.3248236192433396
1989-01-13,1989-03-20,66,-1,1,2.77165996543571
1989-01-18,1989-03-17,58,-1,1,2.6852959984438796
1989-01-24,1989-02-23,30,-1,1,2.589377723737398
1989-01-25,1989-03-17,51,-1,1,2.6114427327395284
1989-02-07,1989-02-10,3,1,0,-1.1058962480619503
1989-02-09,1989-02-23,14,1,0,-1.3280675346564432
1989-02-10,1989-03-17,35,1,0,-1.3788968263717272
1989-02-22,1989-04-27,64,-1,0,-1.2764658814242926
1989-02-23,1989-04-18,54,-1,0,-1.312889233377394
1989-02-28,1989-04-18,49,-1,0,-1.2534314890138736
1989-03-02,1989-04-18,47,-1,0,-1.2540165914494559
1989-03-08,1989-04-28,51,-1,0,-1.1605715251016948
1989-03-10,1989-04-18,39,-1,0,-1.2373640143673885
1989-03-17,1989-04-03,17,-1,0,-1.4698887730302204
1989-03-22,1989-04-04,13,-1,0,-1.4385517181720338
1989-03-29,1989-04-18,20,-1,0,-1.374735095941037
1989-03-31,1989-04-18,18,-1,0,-1.3250614767137563
1989-04-03,1989-05-05,32,-1,0,-1.366747424075604
1989-04-04,1989-05-12,38,-1,0,-1.3671612359763694
1989-04-07,1989-04-27,20,-1,0,-1.3621180248021818
1989-04-13,1989-04-18,5,-1,0,-1.2559093794031784
1989-04-14,1989-05-12,28,-1,0,-1.5160616579840127
1989-04-18,1989-05-18,30,-1,0,-1.6214772625927671
1989-04-20,1989-05-12,22,-1,0,-1.662180084430554
1989-04-25,1989-05-12,17,-1,0,-1.5708039390817925
1989-04-27,1989-05-18,21,-1,0,-1.530463925111917
1989-05-01,1989-05-12,11,-1,0,-1.5738581831052156
1989-05-03,1989-05-19,16,-1,0,-1.5312919819308932
1989-05-05,1989-06-02,28,1,1,3.045784305145769
1989-05-09,1989-05-22,13,1,1,3.2006300294174497
1989-05-12,1989-07-07,56,1,1,4.43428238278116
1989-05-19,1989-07-10,52,1,1,4.008240490413442
1989-05-22,1989-07-28,67,1,1,4.130701179889475
1989-05-25,1989-07-10,46,1,1,3.877672563169963
1989-06-02,1989-07-31,59,1,1,3.970362322462323
1989-06-07,1989-11-22,168,1,1,2.625
1989-06-09,1989-11-24,168,1,1,1.9375
1989-06-13,1989-11-28,168,1,1,2.375
1989-06-15,1989-11-30,168,1,1,2.65625
1989-06-22,1989-07-28,36,1,1,3.6951648656879477
1989-06-23,1989-12-08,168,1,1,2.46875
1989-06-27,1989-12-12,168,1,1,1.6875
1989-06-30,1989-12-15,168,1,1,1.6875
1989-07-07,1989-08-22,46,1,0,-1.7542658094147763
1989-07-18,1989-09-25,69,1,0,-1.563134691160258
1989-07-20,1989-08-14,25,1,0,-1.5772811358773613
1989-07-21,1989-08-22,32,1,0,-1.5863637642466655
1989-07-26,1989-08-14,19,1,0,-1.491338305166678
1989-07-27,1989-08-14,18,1,0,-1.5782935225852472
1989-07-31,1989-08-10,10,1,0,-1.565388645895862
1989-08-01,1989-08-04,3,1,0,-1.5751331791517493
1989-08-03,1989-08-11,8,1,0,-1.5370559936737467
1989-08-04,1989-08-14,10,1,0,-1.852753443203917
1989-08-11,1989-09-25,45,1,0,-1.6985747557704844
1989-08-14,1990-01-29,168,1,0,-1.5937499999999996
1989-08-16,1990-01-25,162,1,0,-1.9165960673239384
1989-08-21,1990-01-26,158,1,0,-1.827325312736706
1989-08-22,1990-02-06,168,1,0,-1.6874999999999996
1989-08-24,1990-01-26,155,1,0,-1.7627535138732515
1989-08-28,1990-02-06,162,1,0,-1.713800350969134
1989-09-01,1990-01-25,146,1,0,-1.6570600581301507
1989-09-11,1990-01-24,135,1,0,-1.512878806258296
1989-09-15,1989-09-25,10,1,0,-1.4255322177676686
1989-09-20,1990-01-24,126,1,0,-1.3645129999200378
1989-09-21,1989-12-18,88,1,1,2.7889655362540733
1989-09-25,1989-10-24,29,1,1,2.9718372613717774
1989-10-03,1989-11-15,43,1,1,2.676858730103298
1989-10-05,1990-01-24,111,1,0,-1.3220389627852827
1989-10-06,1990-01-18,104,1,0,-1.4527207812123661
1989-10-09,1990-01-16,99,1,0,-1.4767054664888166
1989-10-10,1990-01-18,100,1,0,-1.477878913517632
1989-10-13,1990-01-16,95,1,0,-1.4692020125068985
1989-10-23,1990-01-15,84,1,0,-1.3604441479077916
1989-10-24,1990-01-12,80,1,0,-1.367760163770582
1989-10-27,1990-01-15,80,1,0,-1.3003929653731032
1989-11-02,1990-01-10,69,1,0,-1.2015048452082149
1989-11-03,1990-01-15,73,1,0,-1.226158410812353
1989-11-06,1990-01-15,70,1,0,-1.2273614895317442
1989-11-07,1990-01-12,66,1,0,-1.358078298437282
1989-11-15,1990-01-03,49,1,0,-1.2405106288300678
1989-11-17,1990-01-12,56,1,0,-1.2508430656029292
1989-11-22,1989-12-26,34,1,0,-1.196729369339952
1989-11-27,1990-01-09,43,1,0,-1.2336933930124578
1989-12-01,1990-01-03,33,1,0,-1.1581690941785894
1989-12-07,1990-01-12,36,1,0,-1.0816498458842778
1989-12-08,1990-01-03,26,1,0,-1.0981800032992806
1989-12-14,1989-12-26,12,1,0,-1.0206140150530694
1989-12-18,1989-12-26,8,1,0,-1.012371715759473
1989-12-22,1990-01-03,12,1,0,-0.976445706893247
1989-12-28,1990-01-12,15,1,0,-0.9534851518082466
1990-01-03,1990-01-15,12,1,0,-0.9363381688387783
1990-01-10,1990-01-16,6,1,0,-0.8333163625415211
1990-01-12,1990-01-18,6,1,0,-0.8311040981559935
1990-01-15,1990-01-18,3,1,0,-0.9121285933864276
1990-01-18,1990-03-13,54,-1,1,2.2243110329513964
1990-01-19,1990-03-05,45,-1,1,2.2535098386170502
1990-01-24,1990-04-18,84,-1,1,2.43794015050693
1990-01-26,1990-04-20,84,-1,1,2.520725260743822
1990-01-31,1990-04-18,77,-1,1,2.5793357068149017
1990-02-02,1990-04-20,77,-1,1,2.5990253656565994
1990-02-06,1990-02-09,3,-1,0,-1.2652274398623053
1990-02-08,1990-04-20,71,-1,1,2.4963690558961207
1990-02-09,1990-04-18,68,-1,1,2.9872044690770507
1990-02-12,1990-04-20,67,-1,1,3.0458530846168874
1990-02-15,1990-04-20,64,-1,1,3.0250766297866023
1990-02-22,1990-04-26,63,-1,1,2.9555717824352477
1990-02-26,1990-04-23,56,-1,1,2.9473159597195444
1990-02-28,1990-04-26,57,-1,1,3.1163182857647627
1990-03-01,1990-07-30,151,-1,0,-1.5831825285861891
1990-03-05,1990-06-13,100,-1,0,-1.6394241044450806
1990-03-07,1990-07-30,145,-1,0,-1.5923754372941037
1990-03-09,1990-06-13,96,-1,0,-1.5877322401151501
1990-03-13,1990-06-01,80,-1,0,-1.6048964051728443
1990-03-14,1990-06-14,92,-1,0,-1.6431776677431698
1990-03-16,1990-07-30,136,-1,0,-1.6353702623908506
1990-03-23,1990-04-26,34,-1,1,2.9619375649810546
1990-03-29,1990-06-14,77,-1,0,-1.4499433150819512
1990-03-30,1990-06-01,63,-1,0,-1.4591950130477067
1990-04-04,1990-04-26,22,-1,1,2.956208622592671
1990-04-10,1990-04-26,16,-1,1,2.7101147179614196
1990-04-17,1990-06-01,45,-1,0,-1.357943141949361
1990-04-18,1990-05-14,26,-1,0,-1.4367703706330173
1990-04-20,1990-05-11,21,-1,0,-1.4281324862844016
1990-04-26,1990-05-04,8,-1,0,-1.3355876707333576
1990-05-04,1990-06-01,28,-1,0,-1.6588075343900435
1990-05-09,1990-05-14,5,-1,0,-1.65023316892444
1990-05-10,1990-06-01,22,-1,0,-1.6852985006305203
1990-05-11,1990-07-30,80,-1,0,-1.8977208657798195
1990-05-17,1990-06-13,27,-1,0,-1.7480140274547844
1990-05-22,1990-07-30,69,-1,0,-1.7373288198980095
1990-05-25,1990-06-13,19,-1,0,-1.66412178745
1990-06-01,1990-08-24,84,-1,1,3.5877482390957995
1990-06-13,1990-08-23,71,-1,1,3.085730459461254
1990-06-15,1990-08-23,69,-1,1,3.1165266809018948
1990-06-20,1990-07-30,40,-1,0,-1.4842505077634365
1990-06-25,1990-07-30,35,-1,0,-1.4762924284432475
1990-06-27,1990-08-01,35,-1,0,-1.4371299303426506
1990-06-29,1990-08-06,38,1,0,-1.4254477319809804
1990-07-06,1990-08-08,33,1,0,-1.466771849463507
1990-07-10,1990-08-22,43,1,0,-1.419251009929774
1990-07-12,1990-08-07,26,1,0,-1.4185265973329444
1990-07-16,1990-08-06,21,1,0,-1.3696811602979853
1990-07-18,1990-08-07,20,1,0,-1.3769831694650083
1990-07-24,1990-08-07,14,1,0,-1.3051468039410659
1990-07-26,1990-08-06,11,1,0,-1.270696514634165
1990-07-27,1990-08-06,10,1,0,-1.3075616240499888
1990-07-30,1990-08-06,7,1,0,-1.3916650209924197
1990-08-01,1990-08-06,5,1,0,-1.391902436924041
1990-08-02,1990-08-06,4,1,0,-1.5012674725775315
1990-08-06,1990-12-07,123,1,1,4.21655754466031
1990-08-09,1990-08-24,15,1,0,-2.075793717026202
1990-08-16,1990-11-09,85,-1,0,-1.9791597878198652
1990-08-22,1990-10-19,58,-1,0,-1.8495961233579308
1990-08-23,1990-10-01,39,-1,0,-1.864332797159255
1990-08-27,1990-11-01,66,-1,0,-1.9485513702886297
1990-08-29,1990-11-05,68,-1,0,-1.9488225495141833
1990-09-07,1990-11-05,59,-1,0,-1.747154139617799
1990-09-14,1990-10-19,35,-1,0,-1.5856955832430832
1990-09-21,1990-10-01,10,-1,0,-1.464220041291624
1990-09-27,1990-10-04,7,-1,0,-1.4504750248998548
1990-09-28,1990-11-01,34,-1,0,-1.5102036809534412
1990-10-01,1990-11-12,42,-1,0,-1.5846799834878516
1990-10-05,1990-11-12,38,-1,0,-1.4509253149442878
1990-10-09,1990-11-01,23,-1,0,-1.624629493381623
1990-10-11,1990-10-19,8,-1,0,-1.5875514579583867
1990-10-12,1990-11-01,20,-1,0,-1.6359507633429893
1990-10-17,1990-11-05,19,-1,0,-1.5375227317289464
1990-10-19,1990-11-14,26,-1,0,-1.5687039956286768
1990-10-29,1990-11-12,14,-1,0,-1.4226567461975863
1990-11-01,1990-11-16,15,-1,0,-1.4233045345622108
1990-11-05,1990-12-10,35,1,1,2.8152482716734446
1990-11-07,1990-12-07,30,1,1,2.773603180904252
1990-11-09,1990-12-10,31,1,1,2.864383761147024
1990-11-12,1991-02-01,81,1,1,2.9676522057961296
1990-11-16,1991-02-05,81,1,1,2.7819193396038844
1990-11-21,1991-02-08,79,1,1,2.694157553381345
1990-11-28,1991-02-01,65,1,1,2.534667557288781
1990-11-30,1991-02-04,66,1,1,2.5000981505612896
1990-12-04,1991-02-06,64,1,1,2.4250913205696154
1990-12-07,1991-01-09,33,1,0,-1.4712086582548292
1990-12-11,1990-12-24,13,1,0,-1.4367330342836444
1990-12-13,1990-12-24,11,1,0,-1.4427393467467378
1990-12-14,1991-05-31,168,1,1,0.4375
1990-12-18,1990-12-24,6,1,0,-1.417132991799138
1990-12-20,1991-06-06,168,1,0,-0.46875
1990-12-24,1991-06-10,168,1,1,0.125
1990-12-31,1991-06-17,168,1,0,-0.6875
1991-01-04,1991-01-09,5,1,0,-1.4704686445749657
1991-01-07,1991-06-24,168,1,0,-0.5625
1991-01-09,1991-02-08,30,1,1,3.2297169508222656
1991-01-10,1991-06-27,168,1,0,-0.15625
1991-01-17,1991-07-04,168,1,0,
1991-01-24,1991-03-19,54,1,0,-1.6768544194086283
1991-02-01,1991-03-01,28,1,0,-1.6659884422454743
1991-02-05,1991-03-01,24,1,0,-1.6030921790247092
1991-02-08,1991-02-28,20,1,0,-1.5371489772787905
1991-02-20,1991-03-01,9,1,0,-1.354716574705383
1991-02-22,1991-03-01,7,1,0,-1.3133446341298962
1991-02-26,1991-03-19,21,1,0,-1.3207403796802786
1991-02-28,1991-03-19,19,1,0,-1.2857479188559866
1991-03-01,1991-08-14,166,1,1,2.8169285225581255
1991-03-07,1991-08-14,160,1,1,2.6404715273257553
1991-03-08,1991-08-14,159,1,1,2.689978697366785
1991-03-11,1991-08-20,162,1,1,2.7887830899287867
1991-03-13,1991-03-19,6,1,0,-1.373248160221975
1991-03-15,1991-08-14,152,1,1,2.797006379950978
1991-03-19,1991-08-06,140,1,1,2.9886781496610744
1991-03-21,1991-08-14,146,1,1,2.9662521161797835
1991-03-27,1991-08-14,140,1,1,2.751299496766607
1991-04-02,1991-06-12,71,1,0,-1.342960199625462
1991-04-04,1991-06-07,64,1,0,-1.3148793407551507
1991-04-09,1991-06-07,59,1,0,-1.2704037698320512
1991-04-10,1991-08-14,126,1,1,2.6730914323930732
1991-04-12,1991-06-07,56,1,0,-1.4242313339003922
1991-04-17,1991-06-06,50,1,0,-1.3451702054205097
1991-04-18,1991-06-07,50,1,0,-1.3852829088216974
1991-04-19,1991-06-12,54,1,0,-1.3982451682733712
1991-04-22,1991-08-14,114,1,1,2.8070162614917904
1991-04-24,1991-06-12,49,1,0,-1.3915912307303202
1991-04-30,1991-06-07,38,1,0,-1.2999599073581427
1991-05-02,1991-05-10,8,1,0,-1.265024574491175
1991-05-03,1991-06-07,35,1,0,-1.3023264050779473
1991-05-10,1991-08-14,96,1,1,2.720713108110831
1991-05-13,1991-06-12,30,1,0,-1.3747991513139102
1991-05-14,1991-08-14,92,1,1,2.808095668691347
1991-05-17,1991-06-12,26,1,0,-1.3394841289016823
1991-05-21,1991-06-07,17,1,0,-1.3303636496276112
1991-05-23,1991-06-12,20,1,0,-1.2880917532637473
1991-05-30,1991-06-06,7,1,0,-1.238760077697568
1991-05-31,1991-06-07,7,1,0,-1.2459259422583755
1991-06-03,1991-08-14,72,1,1,2.6080614493625722
1991-06-06,1991-08-06,61,1,1,2.4949292161232646
1991-06-07,1991-08-06,60,1,1,2.5380234836959596
1991-06-12,1991-07-24,42,-1,0,-1.2387800452311253
1991-06-14,1991-07-25,41,-1,0,-1.2144771881009964
1991-06-28,1991-08-02,35,-1,0,-1.0821646988186593
1991-07-11,1991-07-31,20,-1,0,-0.9856896781512432
1991-07-12,1991-08-02,21,-1,0,-1.0087299859393526
1991-07-17,1991-07-31,14,-1,0,-0.950899003227555
1991-07-24,1991-08-02,9,-1,0,-1.0215249100932504
1991-07-25,1991-08-02,8,-1,0,-1.026946315463458
1991-07-31,1991-08-06,6,-1,0,-0.9640345904180555
1991-08-02,1991-09-16,45,1,1,2.627468946799611
1991-08-06,1991-09-27,52,1,1,2.6731054491775335
1991-08-13,1991-09-23,41,1,1,2.4705972477583678
1991-08-14,1991-10-04,51,1,1,2.678951888817651
1991-08-20,1991-09-30,41,1,1,2.476781245200626
1991-08-23,1991-09-27,35,1,1,2.5658797361622754
1991-08-28,1991-10-04,37,1,1,2.6661167235666494
1991-08-29,1991-11-11,74,1,1,2.730548381643819
1991-08-30,1991-10-04,35,1,1,2.7903807520252135
1991-09-06,1991-11-07,62,1,1,2.738572815059638
1991-09-12,1991-12-02,81,1,1,2.6737235920402553
1991-09-17,1991-12-03,77,1,1,2.5168474062319834
1991-09-23,1991-12-03,71,1,1,2.318972150829213
1991-09-27,1991-12-04,68,1,1,2.3193656305944543
1991-10-04,1991-10-10,6,1,0,-1.1535266973405862
1991-10-09,1991-12-04,56,1,1,2.426436319862324
1991-10-10,1991-12-04,55,1,1,2.5092505960205864
1991-10-11,1991-12-20,70,1,1,2.9037082542755885
1991-10-17,1991-12-04,48,1,1,2.9381797934852387
1991-10-21,1991-12-04,44,1,1,3.076717845400773
1991-10-23,1991-12-04,42,1,1,2.975334252136612
1991-10-24,1991-12-04,41,1,1,2.9765723939357613
1991-10-29,1991-12-20,52,1,1,3.288178397321215
1991-11-05,1991-12-19,44,1,1,2.9995289874506876
1991-11-07,1991-12-23,46,1,1,3.133779613704136
1991-11-12,1991-12-23,41,1,1,2.9365558938744205
1991-11-13,1991-12-20,37,1,1,2.9672702087872223
1991-11-14,1991-12-23,39,1,1,2.996157183353096
1991-11-21,1991-12-20,29,1,1,2.669668556699042
1991-11-25,1991-12-19,24,1,1,2.5982357009846817
1991-11-26,1991-12-20,24,1,1,2.606033829400108
1991-12-02,1991-12-23,21,1,1,2.5848226737897315
1991-12-03,1991-12-26,23,1,1,2.622092264240643
1991-12-04,1992-02-18,76,1,0,-1.4700424696314978
1991-12-05,1991-12-30,25,1,1,2.9431096611538345
1991-12-06,1991-12-30,24,1,1,2.9592101570686373
1991-12-12,1991-12-30,18,1,1,2.7455160925665476
1991-12-17,1991-12-30,13,1,1,2.640482253233838
1991-12-19,1992-02-03,46,1,0,-1.3850501789648877
1991-12-20,1992-01-16,27,1,0,-1.5466017743227034
1991-12-23,1992-01-16,24,1,0,-1.5646595303519637
1991-12-30,1992-01-13,14,1,0,-1.5133589114728387
1992-01-07,1992-01-13,6,1,0,-1.4779882457431255
1992-01-09,1992-01-14,5,1,0,-1.4307656873980954
1992-01-10,1992-01-16,6,1,0,-1.4732675180102077
1992-01-13,1992-01-24,11,1,0,-1.51253845261625
1992-01-14,1992-02-18,35,1,0,-1.631461060556035
1992-01-16,1992-03-12,56,1,0,-1.6582077179532835
1992-01-20,1992-02-13,24,1,0,-1.6557661925469889
1992-01-23,1992-03-12,49,1,0,-1.736253927035626
1992-01-28,1992-02-18,21,1,0,-1.729479724456417
1992-01-29,1992-03-13,44,1,0,-1.8469099494670964
1992-02-03,1992-07-02,150,1,1,3.5222070682400792
1992-02-04,1992-03-12,37,1,0,-1.796786750005573
1992-02-05,1992-03-05,29,1,0,-1.8221266404248115
1992-02-12,1992-03-12,29,1,0,-1.6412494227834575
1992-02-13,1992-06-29,137,1,1,3.5140516128239674
1992-02-20,1992-06-29,130,1,1,3.3191727851550232
1992-02-26,1992-03-12,15,1,0,-1.7071954635836752
1992-02-28,1992-03-12,13,1,0,-1.7040047701429166
1992-03-02,1992-07-02,122,1,1,3.67202976231747
1992-03-05,1992-06-18,105,1,1,3.5663656985139185
1992-03-09,1992-07-02,115,1,1,3.511671115967702
1992-03-11,1992-06-25,106,1,1,3.484960395630984
1992-03-12,1992-06-16,96,1,1,3.6319177456490728
1992-03-13,1992-05-19,67,1,1,3.651203251751758
1992-03-17,1992-04-09,23,-1,0,-1.7984422863972003
1992-03-24,1992-05-13,50,-1,0,-1.7633634979306971
1992-04-01,1992-05-15,44,-1,0,-1.664608192272336
1992-04-03,1992-05-19,46,-1,0,-1.6490331649140981
1992-04-09,1992-06-18,70,-1,0,-1.687580549744059
1992-04-16,1992-07-02,77,1,1,3.3300839954269974
1992-04-30,1992-05-12,12,-1,0,-1.4401869856687632
1992-05-01,1992-05-15,14,-1,0,-1.4911594904654548
1992-05-06,1992-05-19,13,-1,0,-1.4480347629532946
1992-05-08,1992-07-02,55,1,1,2.9672318540591913
1992-05-12,1992-07-02,51,1,1,2.9110401148659135
1992-05-15,1992-07-02,48,1,1,2.8645961443305863
1992-05-19,1992-05-26,7,1,0,-1.4507183342035748
1992-05-20,1992-07-07,48,1,1,2.906444219959967
1992-05-21,1992-07-02,42,1,1,3.1839514920224157
1992-05-27,1992-07-02,36,1,1,3.0680522250645805
1992-05-28,1992-07-02,35,1,1,3.0910835046852965
1992-06-01,1992-07-02,31,1,1,3.1121613474764005
1992-06-02,1992-07-02,30,1,1,3.119197948205567
1992-06-08,1992-07-06,28,1,1,2.862722734539997
1992-06-12,1992-07-06,24,1,1,2.6648912294615656
1992-06-16,1992-07-15,29,1,1,2.5949200086972257
1992-06-18,1992-07-16,28,1,1,2.510861732754779
1992-06-19,1992-07-07,18,1,1,2.5375589271900103
1992-06-24,1992-07-16,22,1,1,2.500043979967362
1992-06-25,1992-07-22,27,1,1,2.5593375913861967
1992-07-01,1992-07-23,22,1,1,2.3802567153142453
1992-07-02,1992-08-10,39,1,1,3.2221640134013407
1992-07-13,1992-08-07,25,1,1,2.8991082273454234
1992-07-15,1992-08-10,26,1,1,2.8977979111318968
1992-07-22,1992-08-11,20,1,1,2.6659408854351585
1992-07-23,1992-09-08,47,1,1,3.123300139980636
1992-07-28,1992-11-06,101,1,0,-1.5244806576753502
1992-07-30,1992-10-01,63,1,1,3.2201914158960845
1992-08-04,1992-10-01,58,1,1,3.1767391608105644
1992-08-07,1992-11-06,91,1,0,-1.6311598505902192
1992-08-10,1992-08-25,15,1,0,-1.6373067321881478
1992-08-13,1992-11-06,85,1,0,-1.647364820197986
1992-08-18,1992-08-25,7,1,0,-1.643856241844734
1992-08-21,1992-11-06,77,1,0,-1.5985037887224467
1992-08-24,1993-01-27,156,1,1,3.6793939144549426
1992-08-27,1993-01-28,154,1,1,3.5724735839407686
1992-09-01,1992-11-06,66,1,0,-1.7154287277261457
1992-09-04,1992-10-20,46,1,0,-1.833169746908683
1992-09-11,1992-10-20,39,1,0,-1.757408487582989
1992-09-15,1992-10-20,35,1,0,-1.7570877452439384
1992-09-22,1992-10-20,28,1,0,-1.649044792952641
1992-09-23,1992-11-06,44,1,0,-1.684193068714513
1992-09-24,1992-10-20,26,1,0,-1.7529420920471697
1992-09-25,1992-10-20,25,1,0,-1.7891889025944614
1992-10-01,1992-10-09,8,1,0,-1.847366681600453
1992-10-06,1992-10-19,13,1,0,-1.7857931857607334
1992-10-07,1992-11-02,26,1,0,-2.053749178257656
1992-10-09,1992-11-06,28,1,0,-2.0758472565900847
1992-10-19,1992-11-09,21,1,0,-1.8550014690462386
1992-10-20,1993-01-28,100,1,1,4.251578025936026
1992-10-22,1993-02-01,102,1,1,4.186109641282275
1992-10-23,1993-01-28,97,1,1,4.2305245812303935
1992-10-29,1993-01-29,92,1,1,3.943894770150993
1992-10-30,1993-01-28,90,1,1,3.946718974049601
1992-11-06,1993-01-15,70,1,1,3.7737270668167135
1992-11-10,1993-01-25,76,1,1,3.761650823412459
1992-11-12,1993-01-29,78,1,1,3.801038051354507
1992-11-16,1993-01-25,70,1,1,3.7660077956278837
1992-11-18,1993-01-29,72,1,1,3.7419901498866643
1992-11-23,1993-01-25,63,1,1,3.509583190052649
1992-12-03,1993-01-22,50,1,1,3.1099142877675083
1992-12-04,1993-01-27,54,1,1,3.2711601204156096
1992-12-07,1993-01-29,53,1,1,3.3269489185630117
1992-12-11,1993-01-28,48,1,1,3.1548019336380757
1992-12-18,1993-01-28,41,1,1,2.8817232702517535
1992-12-21,1993-02-01,42,1,1,2.901247586124793
1992-12-22,1993-02-05,45,1,1,2.9062649015867756
1992-12-24,1993-01-29,36,1,1,2.804078110461825
1992-12-30,1993-01-29,30,1,1,2.7113172351399935
1993-01-06,1993-02-01,26,1,1,2.53901714507632
1993-01-07,1993-01-29,22,1,1,2.9584459873119084
1993-01-11,1993-02-05,25,1,1,2.9169193339047528
1993-01-14,1993-02-05,22,1,1,2.814716999741712
1993-01-15,1993-02-18,34,1,1,2.9033816833484423
1993-01-22,1993-02-18,27,1,1,2.6898963459421816
1993-01-25,1993-02-22,28,1,1,2.808249496451027
1993-01-28,1993-02-23,26,1,1,2.684251367750964
1993-01-29,1993-02-23,25,1,1,2.687577000759099
1993-02-02,1993-02-23,21,1,1,2.714298168375367
1993-02-04,1993-02-23,19,1,1,2.6812481475104835
1993-02-05,1993-03-03,26,1,1,2.84247023680143
1993-02-09,1993-02-23,14,1,1,2.8114437901209293
1993-02-10,1993-02-23,13,1,1,2.8825345402542983
1993-02-11,1993-02-23,12,1,1,2.888521266491058
1993-02-17,1993-03-03,14,1,1,2.8794231206772594
1993-02-18,1993-06-15,117,1,1,3.26940722952896
1993-02-22,1993-06-24,122,1,1,3.23399425298312
1993-02-23,1993-08-10,168,1,1,2.78125
1993-02-24,1993-07-09,135,1,1,3.7687978842816556
1993-03-01,1993-08-16,168,1,1,3.5625
1993-03-03,1993-03-12,9,1,0,-1.8564941889891229
1993-03-05,1993-03-15,10,1,0,-1.850343811446867
1993-03-09,1993-07-14,127,1,1,3.6208345331181024
1993-03-12,1993-06-25,105,1,1,3.863766403888779
1993-03-16,1993-07-02,108,1,1,3.9931018292171334
1993-03-18,1993-08-19,154,1,1,3.9412982508551337
1993-03-25,1993-07-09,106,1,1,3.5804471892135035
1993-03-26,1993-06-28,94,1,1,3.738799536082342
1993-03-30,1993-07-02,94,1,1,3.628866913905235
1993-04-02,1993-06-25,84,1,1,3.5272899010029075
1993-04-06,1993-07-02,87,1,1,3.5196476849621874
1993-04-08,1993-08-20,134,1,1,3.6463085981852066
1993-04-15,1993-08-24,131,1,1,3.435535808759465
1993-04-22,1993-05-18,26,1,0,-1.534876160068479
1993-04-26,1993-08-19,115,1,1,2.999698913983715
1993-04-27,1993-07-12,76,1,1,3.092051729164201
1993-04-29,1993-07-16,78,1,1,3.0264998291729945
1993-05-03,1993-08-20,109,1,1,3.1736816707769715
1993-05-10,1993-05-18,8,1,0,-1.4375116291922394
1993-05-13,1993-07-14,62,1,1,2.8278172163337936
1993-05-17,1993-07-02,46,1,1,2.7851187701096176
1993-05-18,1993-06-28,41,1,1,2.796255037623726
1993-05-19,1993-07-02,44,1,1,2.820676359255748
1993-05-21,1993-06-28,38,1,1,2.770917564473363
1993-05-26,1993-06-29,34,1,1,2.6406271338151113
1993-05-28,1993-06-25,28,1,1,2.583436959363659
1993-06-03,1993-07-16,43,1,1,2.5092886218661112
1993-06-04,1993-07-09,35,1,1,2.7375541854793286
1993-06-11,1993-08-24,74,1,1,2.8840573282343356
1993-06-17,1993-08-24,68,1,1,2.621208007475237
1993-06-23,1993-08-24,62,1,1,2.441096739536507
1993-06-25,1993-08-26,62,1,1,2.4231279569654647
1993-06-28,1993-08-26,59,1,1,2.440511553145415
1993-07-02,1993-07-22,20,1,0,-1.1325014885865523
1993-07-09,1993-07-22,13,1,0,-1.0813656246009855
1993-07-14,1993-07-22,8,1,0,-1.073812292773804
1993-07-20,1993-07-22,2,1,0,-1.0289317578539081
1993-07-21,1993-08-26,36,1,1,2.3824750023488743
1993-07-22,1993-08-24,33,1,1,2.5535275169804628
1993-07-28,1993-08-24,27,1,1,2.3739413828711435
1993-07-29,1993-09-03,36,1,1,2.7031357355565317
1993-08-02,1993-08-26,24,1,1,2.6444488331920097
1993-08-09,1993-08-26,17,1,1,2.424437568645243
1993-08-13,1993-09-03,21,1,1,2.343754311007884
1993-08-19,1993-09-03,15,1,1,2.283356243146579
1993-08-24,1993-10-08,45,1,1,2.328127968815444
1993-08-26,1993-11-04,70,1,0,-1.1984032141625585
1993-08-27,1993-11-05,70,1,0,-1.2010356991069806
1993-09-03,1993-11-01,59,1,0,-1.3796366597733092
1993-09-09,1993-11-04,56,1,0,-1.5278004019616294
1993-09-10,1993-11-02,53,1,0,-1.554820042584482
1993-09-14,1993-11-05,52,1,0,-1.634935011476672
1993-09-21,1993-11-05,45,1,0,-1.4801118529249102
1993-09-24,1993-11-04,41,1,0,-1.384080367991725
1993-09-27,1993-11-01,35,1,0,-1.5884015681832804
1993-09-29,1993-11-02,34,1,0,-1.566380724466728
1993-10-01,1993-11-02,32,1,0,-1.5812103040132812
1993-10-08,1993-10-25,17,1,0,-1.5543214508451442
1993-10-15,1993-10-22,7,1,0,-1.417407978202872
1993-10-18,1993-11-01,14,1,0,-1.5010410913227843
1993-10-21,1993-11-02,12,1,0,-1.523967707803429
1993-10-22,1993-11-04,13,1,0,-1.5291778659483195
1993-10-28,1993-11-02,5,1,0,-1.4582175056584175
1993-11-01,1994-02-18,109,1,0,-1.5545335185071802
1993-11-02,1994-02-23,113,1,0,-1.5879316695482202
1993-11-05,1994-02-24,111,1,0,-1.549360900697875
1993-11-08,1994-02-23,107,1,0,-1.5749581710574931
1993-11-11,1994-02-24,105,1,0,-1.5168925117301266
1993-11-12,1994-02-18,98,1,0,-1.6235500446662514
1993-11-18,1994-02-23,97,1,0,-1.5550391226762819
1993-11-19,1994-03-01,102,1,0,-1.615468767695968
1993-11-23,1994-02-24,93,1,0,-1.6478136283601734
1993-11-30,1994-02-24,86,1,0,-1.5618049074233855
1993-12-06,1994-02-18,74,1,0,-1.53593312079199
1993-12-10,1994-02-18,70,1,0,-1.447986126580213
1993-12-14,1994-02-23,71,1,0,-1.4105811213995507
1993-12-22,1994-03-01,69,-1,1,2.8591444527965724
1993-12-30,1994-02-23,55,1,0,-1.378027617071133
1994-01-03,1994-01-07,4,-1,0,-1.4169395725835303
1994-01-06,1994-01-11,5,-1,0,-1.401268892084536
1994-01-07,1994-03-01,53,-1,1,3.4263146571951806
1994-01-12,1994-02-04,23,1,0,-1.6388610687039271
1994-01-13,1994-02-17,35,1,0,-1.7325046384895222
1994-01-17,1994-02-18,32,1,0,-1.6872607114654536
1994-01-18,1994-02-17,30,1,0,-1.6904529786516285
1994-01-27,1994-02-04,8,1,0,-1.49789681039667
1994-01-28,1994-02-04,7,1,0,-1.4980020400075202
1994-02-01,1994-02-08,7,1,0,-1.5124045634219996
1994-02-04,1994-02-24,20,1,0,-1.6464470883454625
1994-02-08,1994-03-01,21,1,0,-1.5900698477695656
1994-02-11,1994-02-23,12,1,0,-1.5148952697493103
1994-02-17,1994-03-21,32,-1,1,3.021745567734343
1994-02-18,1994-03-28,38,-1,1,3.062274312062203
1994-02-23,1994-03-29,34,-1,1,3.199747649367735
1994-02-24,1994-03-30,34,-1,1,3.2022789960671183
1994-02-28,1994-03-29,29,-1,1,3.1079916214026375
1994-03-01,1994-04-01,31,-1,1,3.3844876012143326
1994-03-04,1994-04-01,28,-1,1,3.1950532784662555
1994-03-10,1994-04-01,22,-1,1,3.1989371590431257
1994-03-16,1994-04-01,16,-1,1,3.0623090833736546
1994-03-18,1994-04-04,17,-1,1,3.128518231081097
1994-03-22,1994-04-01,10,-1,1,3.369262012042346
1994-03-24,1994-05-06,43,-1,1,3.667162720888856
1994-03-29,1994-05-09,41,-1,1,3.5737348693088307
1994-03-30,1994-05-09,40,-1,1,3.6105576951917158
1994-04-01,1994-09-16,168,-1,1,0.96875
1994-04-04,1994-04-25,21,-1,0,-2.1602398355235017
1994-04-05,1994-09-20,168,-1,1,1.21875
1994-04-12,1994-09-27,168,-1,1,2.34375
1994-04-14,1994-09-29,168,-1,1,1.90625
1994-04-18,1994-06-06,49,-1,0,-2.255453259853505
1994-04-20,1994-10-05,168,-1,1,2.40625
1994-04-21,1994-10-06,168,-1,1,3.375
1994-04-25,1994-10-10,168,-1,1,3.0625
1994-05-03,1994-06-06,34,-1,0,-2.041269227431493
1994-05-06,1994-05-19,13,-1,0,-2.3547564244713364
1994-05-09,1994-05-17,8,-1,0,-2.391157445184148
1994-05-10,1994-06-03,24,-1,0,-2.5276042968147925
1994-05-13,1994-06-03,21,-1,0,-2.4430480199710622
1994-05-17,1994-11-01,168,-1,1,3.15625
1994-05-19,1994-11-03,168,-1,1,4.4375
1994-05-23,1994-11-07,168,-1,1,3.4375
1994-05-26,1994-11-10,168,-1,1,3.65625
1994-06-02,1994-11-17,168,-1,1,4.1875
1994-06-03,1994-11-04,154,-1,1,4.598179887403784
1994-06-10,1994-11-02,145,-1,1,4.212931021207018
1994-06-14,1994-10-25,133,-1,1,4.142689311302163
1994-06-15,1994-11-04,142,-1,1,4.2209336637145025
1994-06-20,1994-11-04,137,-1,1,4.020558439667739
1994-06-22,1994-11-04,135,-1,1,4.112165746358249
1994-06-24,1994-12-09,168,-1,1,2.03125
1994-06-28,1994-12-13,168,-1,1,2.0
1994-06-30,1994-07-29,29,-1,0,-2.1207089285225105
1994-07-08,1994-07-19,11,-1,0,-2.058535081664116
1994-07-13,1994-07-19,6,-1,0,-1.951837611709441
1994-07-14,1994-12-29,168,-1,1,2.25
1994-07-19,1994-11-04,108,-1,1,4.232611523081604
1994-07-20,1995-01-04,168,-1,1,2.34375
1994-07-27,1995-01-11,168,-1,1,1.5625
1994-07-29,1994-11-03,97,-1,1,4.426269573112823
1994-08-05,1995-01-20,168,-1,1,2.25
1994-08-11,1995-01-26,168,-1,1,1.0625
1994-08-12,1995-01-27,168,-1,1,0.71875
1994-08-16,1994-11-02,78,-1,1,4.105705163648715
1994-08-18,1995-02-02,168,-1,1,1.25
1994-08-24,1994-11-02,70,-1,1,3.9950459860847816
1994-08-25,1994-11-04,71,-1,1,4.021799697820059
1994-08-30,1994-11-01,63,-1,1,3.828842271163296
1994-09-09,1995-02-24,168,-1,0,-1.8903673335733806
1994-09-15,1994-11-04,50,-1,1,3.498519238523987
1994-09-16,1995-02-22,159,-1,0,-1.9941025562396697
1994-09-21,1995-02-16,148,-1,0,-1.8852262393388648
1994-09-29,1995-02-03,127,-1,0,-1.6915773907326042
1994-10-04,1995-02-03,122,-1,0,-1.5970589924591843
1994-10-05,1995-01-27,114,-1,0,-1.605052196697979
1994-10-07,1995-02-03,119,-1,0,-1.6058894630695537
1994-10-11,1995-02-03,115,-1,0,-1.5500310717069616
1994-10-14,1995-02-15,124,-1,0,-1.4947506609055228
1994-10-19,1995-02-03,107,-1,0,-1.415293210700761
1994-10-20,1995-01-27,99,-1,0,-1.572397334849842
1994-10-25,1995-01-27,94,-1,0,-1.4863854246170285
1994-10-28,1995-01-27,91,-1,0,-1.456995484880407
1994-11-01,1995-01-13,73,-1,0,-1.5037063495819616
1994-11-04,1994-11-23,19,-1,0,-1.464093033144485
1994-11-09,1994-12-06,27,-1,0,-1.4324067965816971
1994-11-11,1994-11-23,12,-1,0,-1.4448661593314893
1994-11-14,1995-01-13,60,-1,0,-1.5598898382457214
1994-11-16,1994-12-06,20,-1,0,-1.5481081414050806
1994-11-21,1994-11-23,2,-1,0,-1.4687173676854708
1994-11-23,1995-02-03,72,-1,0,-1.8129562769940697
1994-11-28,1995-01-27,60,-1,0,-1.8315357133870107
1994-11-29,1995-01-27,59,-1,0,-1.833733395546218
1994-12-02,1995-02-03,63,-1,0,-1.8934983913774688
1994-12-06,1995-02-03,59,-1,0,-1.952278382487889
1994-12-07,1995-02-03,58,-1,0,-1.9832602800926187
1994-12-19,1995-02-03,46,-1,0,-1.676163542492754
1994-12-28,1995-01-31,34,-1,0,-1.5279248763226294
1995-01-04,1995-01-27,23,-1,0,-1.4931087136657974
1995-01-05,1995-01-27,22,-1,0,-1.506993679244706
1995-01-11,1995-01-27,16,-1,0,-1.4346689587575037
1995-01-13,1995-02-03,21,-1,0,-1.5754263571024707
1995-01-20,1995-01-27,7,-1,0,-1.5398175560697909
1995-01-25,1995-02-03,9,-1,0,-1.4952220934079459
1995-01-27,1995-02-22,26,-1,0,-1.6402215118773604
1995-02-02,1995-02-28,26,1,1,3.0582298960528584
1995-02-03,1995-05-03,89,1,1,3.864599797166054
1995-02-09,1995-03-27,46,1,1,3.584198151029026
1995-02-14,1995-04-13,58,1,1,3.4955861727769597
1995-02-16,1995-05-03,76,1,1,3.4412173687383945
1995-02-22,1995-05-04,71,1,1,3.603426746661718
1995-02-27,1995-05-05,67,1,1,3.4716116527663132
1995-03-02,1995-05-04,63,1,1,3.3241778671655258
1995-03-06,1995-05-03,58,1,1,3.228431204088018
1995-03-08,1995-05-04,57,1,1,3.1636832815051372
1995-03-09,1995-05-04,56,1,1,3.2106770797436726
1995-03-13,1995-05-05,53,1,1,3.1230391764478718
1995-03-14,1995-05-09,56,1,1,3.2830176686619876
1995-03-20,1995-05-05,46,1,1,3.0434523909597453
1995-03-22,1995-05-05,44,1,1,2.9500209688364634
1995-03-24,1995-05-05,42,1,1,3.1569950751004954
1995-03-28,1995-05-05,38,1,1,3.2783900635141676
1995-03-31,1995-05-05,35,1,1,3.101001737770266
1995-04-03,1995-05-05,32,1,1,3.1683633296658855
1995-04-06,1995-05-05,29,1,1,2.98412992195346
1995-04-12,1995-05-05,23,1,1,2.741700938650218
1995-04-13,1995-05-09,26,1,1,2.7845247054292246
1995-04-20,1995-05-09,19,1,1,2.6335866307792646
1995-04-27,1995-05-05,8,1,1,2.3501761610582097
1995-05-03,1995-05-17,14,1,1,2.4978423523175075
1995-05-04,1995-05-25,21,1,1,2.702846757805464
1995-05-05,1995-06-02,28,1,1,3.315133717720981
1995-05-09,1995-07-06,58,1,1,3.3066666657904014
1995-05-11,1995-06-02,22,1,1,3.221850222446893
1995-05-16,1995-07-06,51,1,1,3.1288959620864754
1995-05-18,1995-06-02,15,1,1,3.090382811604227
1995-05-23,1995-06-02,10,1,1,2.965382737960933
1995-05-24,1995-10-13,142,1,1,3.260666349608136
1995-06-01,1995-07-19,48,1,0,-1.6022973481859755
1995-06-02,1995-06-09,7,1,0,-1.6495515155349405
1995-06-07,1995-07-21,44,1,0,-1.6850628027349017
1995-06-09,1995-11-02,146,1,1,3.7094967722685106
1995-06-13,1995-07-21,38,1,0,-2.250441586604845
1995-06-16,1995-08-11,56,1,0,-2.10249312213049
1995-06-19,1995-07-21,32,1,0,-2.1101133766164595
1995-06-22,1995-07-19,27,1,0,-2.052199221934338
1995-06-26,1995-07-19,23,1,0,-1.9787345636727989
1995-06-29,1995-12-01,155,1,1,4.277104241338638
1995-07-06,1995-07-19,13,1,0,-2.2840658266143286
1995-07-14,1995-07-21,7,1,0,-2.0430599682496564
1995-07-17,1995-08-11,25,1,0,-2.06830590875022
1995-07-19,1995-11-29,133,1,1,4.375292046153898
1995-07-21,1995-11-02,104,1,1,4.279712506868499
1995-07-25,1995-11-28,126,1,1,4.13642101642901
1995-07-31,1995-11-27,119,1,1,3.9446211303915986
1995-08-03,1995-11-01,90,1,1,3.9257857251723265
1995-08-08,1995-11-02,86,1,1,3.6781585835818094
1995-08-11,1995-10-06,56,1,1,3.661055790889308
1995-08-16,1995-10-13,58,1,1,3.426920074351829
1995-08-24,1995-10-13,50,1,1,3.2793701539518794
1995-08-25,1995-11-29,96,1,1,3.5347814891869707
1995-08-31,1995-11-30,91,1,1,3.292437027449654
1995-09-08,1995-11-30,83,1,1,3.0619621846579617
1995-09-12,1995-12-01,80,1,1,3.043757375235173
1995-09-14,1995-12-04,81,1,1,3.1592007234056694
1995-09-18,1995-11-30,73,1,1,3.106033751058918
1995-09-20,1995-12-04,75,1,1,3.0087021222783443
1995-09-21,1995-11-30,70,1,1,3.201999225104857
1995-09-27,1995-11-28,62,1,1,2.9197204204506404
1995-09-29,1995-12-01,63,1,1,3.0361122374791756
1995-10-04,1995-12-04,61,1,1,2.8725515726414113
1995-10-12,1995-12-04,53,1,1,2.6362446290724053
1995-10-13,1996-01-17,96,1,1,2.8249639744778072
1995-10-20,1995-12-04,45,1,1,2.611073449602286
1995-10-24,1995-12-04,41,1,1,2.6152814599377687
1995-11-01,1995-12-29,58,1,1,2.3965263345538523
1995-11-02,1996-01-18,77,1,1,2.41542885397182
1995-11-07,1995-12-28,51,1,1,2.289280455373609
1995-11-08,1996-01-17,70,1,1,2.3645855351811274
1995-11-10,1995-12-04,24,1,1,2.3315480779413504
1995-11-16,1995-12-29,43,1,1,2.2968761129860176
1995-11-21,1995-12-29,38,1,1,2.1826478737414643
1995-11-29,1996-01-18,50,1,1,2.0555660658056323
1995-11-30,1996-02-27,89,1,0,-1.1338219942242986
1995-12-04,1995-12-18,14,1,0,-1.2025428896361894
1995-12-06,1996-02-20,76,1,0,-1.1643619432017849
1995-12-07,1996-02-20,75,1,0,-1.1757903929007947
1995-12-18,1996-02-13,57,1,1,2.386208281114539
1995-12-19,1996-02-27,70,1,0,-1.342506095220486
1995-12-27,1996-02-20,55,1,0,-1.256819944721002
1995-12-29,1996-01-10,12,1,0,-1.2395027136062564
1996-01-04,1996-02-20,47,1,0,-1.2296627183831201
1996-01-10,1996-02-27,48,1,0,-1.3096390213559146
1996-01-17,1996-02-20,34,1,0,-1.322314834721034
1996-01-22,1996-02-20,29,1,0,-1.3610347545729602
1996-01-24,1996-02-20,27,1,0,-1.342647950636286
1996-01-25,1996-02-20,26,1,0,-1.4230489602892895
1996-01-26,1996-02-20,25,1,0,-1.4489983354757199
1996-01-30,1996-02-20,21,1,0,-1.4567873211388116
1996-02-05,1996-02-20,15,1,0,-1.3630097543648398
1996-02-12,1996-02-20,8,1,0,-1.2776090807088232
1996-02-15,1996-02-20,5,1,0,-1.3263693719590826
1996-02-16,1996-02-20,4,1,0,-1.350710155928197
1996-02-22,1996-02-28,6,1,0,-1.3385192844414693
1996-02-23,1996-03-08,14,1,0,-1.3542833643963208
1996-02-27,1996-03-08,10,1,0,-1.3472434761579875
1996-02-28,1996-03-08,9,1,0,-1.3871956368327234
1996-03-01,1996-03-08,7,1,0,-1.5051772414569953
1996-03-04,1996-03-08,4,1,0,-1.5257987586146755
1996-03-05,1996-03-08,3,1,0,-1.5309114962010641
1996-03-06,1996-03-08,2,1,0,-1.5659778921621315
1996-03-08,1996-06-10,94,1,0,-2.641626165785642
1996-03-15,1996-08-30,168,-1,1,1.78125
1996-03-20,1996-09-04,168,-1,1,2.59375
1996-03-25,1996-09-09,168,-1,1,2.75
1996-03-27,1996-09-11,168,-1,1,2.21875
1996-04-01,1996-09-16,168,-1,1,1.03125
1996-04-05,1996-09-20,168,-1,1,0.03125
1996-04-11,1996-08-02,113,-1,0,-2.2733690971485876
1996-04-12,1996-09-27,168,-1,0,-0.5
1996-04-18,1996-10-03,168,-1,0,-1.3125
1996-04-22,1996-10-07,168,-1,0,-1.21875
1996-04-30,1996-08-09,101,-1,0,-1.9213130576396167
1996-05-02,1996-08-01,91,-1,0,-2.0580075986435244
1996-05-08,1996-08-01,85,-1,0,-1.9222118520214917
1996-05-10,1996-08-02,84,-1,0,-1.9128567143560005
1996-05-14,1996-08-09,87,-1,0,-1.850274650076386
1996-05-20,1996-08-12,84,-1,0,-1.7357006244221265
1996-05-29,1996-08-02,65,-1,0,-1.7289940947324893
1996-05-31,1996-08-01,62,-1,0,-1.7187337848273327
1996-06-06,1996-08-02,57,-1,0,-1.6167032235542502
1996-06-07,1996-07-18,41,-1,0,-1.9160699615092789
1996-06-12,1996-06-28,16,-1,0,-1.7986714753205364
1996-06-14,1996-06-28,14,-1,0,-1.7646872679624876
1996-06-25,1996-08-01,37,-1,0,-1.5357737475965056
1996-06-27,1996-08-02,36,-1,0,-1.5626514625582606
1996-06-28,1996-08-12,45,-1,0,-1.6531989788781318
1996-07-02,1996-08-02,31,-1,0,-1.6187835037603817
1996-07-09,1996-07-18,9,-1,0,-1.519588104305606
1996-07-10,1996-07-18,8,-1,0,-1.5319319849163509
1996-07-12,1996-08-01,20,-1,0,-1.505612258280597
1996-07-16,1996-08-02,17,-1,0,-1.5270059113300878
1996-07-18,1996-10-04,78,-1,0,-1.610411485629192
1996-07-19,1996-08-02,14,-1,0,-1.6246646255132473
1996-07-24,1996-08-02,9,-1,0,-1.6075709427292055
1996-07-29,1996-08-01,3,-1,0,-1.5506474206354879
1996-07-31,1996-08-02,2,-1,0,-1.555656758211448
1996-08-01,1996-10-29,89,-1,0,-1.789466275709186
1996-08-02,1996-11-12,102,-1,0,-1.9116956018952074
1996-08-12,1996-11-07,87,-1,0,-1.683481879256532
1996-08-13,1996-08-29,16,1,0,-1.7162548400210995
1996-08-22,1996-08-29,7,1,0,-1.4933856706405764
1996-08-23,1996-08-30,7,1,0,-1.559227604684728
1996-08-26,1996-11-05,71,1,1,3.2197282102999503
1996-08-29,1996-10-29,61,1,1,3.084389386955562
1996-08-30,1996-10-04,35,1,1,3.227368896771161
1996-09-05,1996-09-13,8,-1,0,-1.5508678085564678
1996-09-09,1996-09-26,17,-1,0,-1.5243919373160266
1996-09-13,1996-10-04,21,-1,0,-1.6518245246392511
1996-09-17,1996-10-04,17,-1,0,-1.6319421963814216
1996-09-24,1996-10-04,10,-1,0,-1.5047939457439554
1996-09-25,1996-10-29,34,-1,0,-1.5110313789562015
1996-09-30,1996-10-04,4,-1,0,-1.443233776349016
1996-10-01,1996-10-29,28,-1,0,-1.4601036081507741
1996-10-04,1997-03-13,160,1,0,-1.5628487437482133
1996-10-09,1996-11-29,51,1,1,2.9783295575905284
1996-10-11,1996-11-29,49,1,1,2.96897240230348
1996-10-17,1996-11-29,43,1,1,2.905857867184741
1996-10-22,1996-11-20,29,1,1,2.734649525254853
1996-10-29,1997-01-10,73,1,0,-1.492234718488846
1996-11-05,1997-01-02,58,1,0,-1.3755719538180111
1996-11-14,1996-12-11,27,1,0,-1.2598651983741045
1996-11-20,1996-12-11,21,1,0,-1.1822692990779178
1996-12-04,1996-12-11,7,1,0,-1.0267498210185193
1996-12-05,1996-12-17,12,1,0,-1.1601877801517664
1996-12-09,1996-12-12,3,1,0,-1.164829796968282
1996-12-11,1997-01-10,30,1,0,-1.4231232796052544
1996-12-13,1997-01-07,25,1,0,-1.428272914828031
1996-12-17,1997-01-27,41,1,0,-1.392324342998535
1996-12-19,1997-01-10,22,1,0,-1.4567683321949094
1996-12-27,1997-01-02,6,1,0,-1.344880452834786
1996-12-31,1997-03-13,72,1,0,-1.4564952060533642
1997-01-09,1997-03-13,63,1,0,-1.3373619713964475
1997-01-10,1997-03-27,76,1,0,-1.4412616661836681
1997-01-14,1997-03-21,66,1,0,-1.4685829936866004
1997-01-23,1997-03-26,62,1,0,-1.33751368079577
1997-01-27,1997-03-27,59,1,0,-1.3186127819796278
1997-01-29,1997-02-07,9,-1,0,-1.2710084779780377
1997-01-31,1997-02-14,14,-1,0,-1.3151557473776911
1997-02-03,1997-03-27,52,-1,1,2.65002106245784
1997-02-07,1997-02-27,20,1,0,-1.2531918750390099
1997-02-13,1997-02-26,13,1,0,-1.2070924401774825
1997-02-14,1997-02-26,12,1,0,-1.216038568951227
1997-02-20,1997-02-26,6,1,0,-1.200991891901158
1997-02-26,1997-03-26,28,1,0,-1.4853847082025973
1997-03-04,1997-03-27,23,1,0,-1.3684007525183415
1997-03-07,1997-06-16,101,-1,0,-1.3255715243386936
1997-03-13,1997-06-06,85,-1,0,-1.3931466732161568
1997-03-20,1997-06-03,75,-1,0,-1.2465863023663275
1997-03-26,1997-05-09,44,-1,0,-1.16234777047772
1997-03-27,1997-04-30,34,-1,0,-1.2759431697994237
1997-04-03,1997-05-01,28,-1,0,-1.194281223107666
1997-04-04,1997-04-30,26,-1,0,-1.19712875576279
1997-04-07,1997-05-01,24,-1,0,-1.199827652198622
1997-04-11,1997-04-29,18,-1,0,-1.1498135323152625
1997-04-15,1997-05-01,16,-1,0,-1.1911970748299836
1997-04-18,1997-05-02,14,-1,0,-1.1326598621255297
1997-04-24,1997-04-30,6,-1,0,-1.1059369285665064
1997-04-29,1997-06-06,38,-1,0,-1.3493734112859783
1997-04-30,1997-06-06,37,-1,0,-1.357301798765212
1997-05-06,1997-06-12,37,-1,0,-1.2376350445622524
1997-05-07,1997-06-06,30,-1,0,-1.2770805488896062
1997-05-09,1997-06-13,35,-1,0,-1.270413256518461
1997-05-13,1997-06-06,24,-1,0,-1.2573642005043333
1997-05-21,1997-06-06,16,-1,0,-1.116501840131865
1997-05-30,1997-06-13,14,-1,0,-1.113900355850112
1997-06-03,1997-06-13,10,-1,0,-1.0745246507147301
1997-06-06,1997-07-07,31,-1,0,-1.1696379525429648
1997-06-09,1997-07-22,43,1,1,2.3615092996026537
1997-06-12,1997-07-29,47,1,1,2.3895299567723884
1997-06-13,1997-07-31,48,1,1,2.3951744703877043
1997-06-20,1997-07-31,41,1,1,2.16074652267884
1997-06-25,1997-07-29,34,1,1,2.053525150394073
1997-06-26,1997-07-23,27,1,1,2.063793174263339
1997-06-30,1997-07-22,22,1,1,2.0727541810807413
1997-07-01,1997-07-29,28,1,1,2.1470024220825437
1997-07-03,1997-10-07,96,1,1,2.397269333822662
1997-07-16,1997-08-12,27,1,0,-1.064508591363656
1997-07-21,1997-10-07,78,1,1,2.0313138129442203
1997-07-22,1997-08-08,17,1,0,-1.1508745605326725
1997-07-29,1997-08-08,10,1,0,-1.0723331426611298
1997-07-31,1997-08-01,1,1,0,-1.0654967282383692
1997-08-01,1997-12-12,133,1,1,2.892071308935751
1997-08-08,1997-10-30,83,1,1,2.9144908618696403
1997-08-14,1997-11-19,97,1,1,2.7723283895284347
1997-08-18,1997-12-12,116,1,1,2.694589716672142
1997-08-21,1997-10-30,70,1,1,2.5928247494493877
1997-08-22,1997-10-06,45,1,1,2.6146898807104098
1997-08-28,1997-10-30,63,1,1,2.534286095254353
1997-09-03,1997-10-07,34,1,1,2.4464740226985278
1997-09-11,1997-10-01,20,1,1,2.1479906729144185
1997-09-12,1997-10-30,48,1,1,2.347614903339338
1997-09-16,1998-01-05,111,1,1,2.9673284533867883
1997-09-24,1998-01-05,103,1,1,2.6555531077170915
1997-09-25,1998-01-02,99,1,1,2.757261175969844
1997-10-01,1998-01-05,96,1,1,2.6959375474465914
1997-10-06,1997-10-17,11,1,0,-1.2862198507460745
1997-10-08,1998-01-05,89,1,1,2.9148694277919636
1997-10-10,1998-01-02,84,1,1,2.8675603415484243
1997-10-17,1997-12-19,63,1,1,2.781479594440679
1997-10-23,1998-01-05,74,1,1,2.7350484236816905
1997-10-27,1998-01-08,73,1,1,2.864172806692194
1997-10-28,1998-01-05,69,1,1,2.9314350706207515
1997-10-29,1998-01-09,72,1,1,2.9624560747126742
1997-10-30,1998-01-09,71,1,1,2.9774928538741996
1997-11-03,1998-01-09,67,1,1,2.936912662069118
1997-11-06,1998-01-09,64,1,1,2.820787846473962
1997-11-19,1998-01-09,51,1,1,2.398483555337545
1997-11-26,1998-01-05,40,1,1,2.2034858133200945
1997-12-05,1998-01-05,31,1,1,2.0989611280319638
1997-12-08,1998-01-05,28,1,1,2.1362305414303377
1997-12-10,1998-01-05,26,1,1,2.126825165790815
1997-12-11,1998-01-09,29,1,1,2.25770149079746
1997-12-12,1998-05-29,168,1,1,0.78125
1997-12-17,1998-01-09,23,1,1,2.2581426122262194
1997-12-19,1998-06-05,168,1,1,0.5
1997-12-29,1998-01-09,11,1,1,2.0677650368558798
1997-12-30,1998-01-08,9,1,1,2.0914993749129875
1997-12-31,1998-01-09,9,1,1,2.113800168771482
1998-01-05,1998-03-02,56,1,0,-1.3721900963871054
1998-01-08,1998-02-24,47,1,0,-1.3542319341241067
1998-01-09,1998-01-23,14,1,0,-1.4227713009586056
1998-01-14,1998-01-23,9,1,0,-1.3511348933937384
1998-01-16,1998-03-02,45,1,0,-1.335130279741218
1998-01-23,1998-07-10,168,1,1,1.34375
1998-01-26,1998-04-27,91,1,0,-1.5111799566381239
1998-01-27,1998-07-14,168,1,1,0.78125
1998-01-29,1998-03-03,33,1,0,-1.5896903357636984
1998-02-05,1998-04-27,81,1,0,-1.4655259574472483
1998-02-11,1998-03-03,20,1,0,-1.3816521824460608
1998-02-20,1998-03-03,11,1,0,-1.2537187692196945
1998-02-24,1998-08-11,168,1,1,2.125
1998-03-02,1998-08-17,168,1,1,2.25
1998-03-03,1998-08-11,161,1,1,2.710034834895871
1998-03-09,1998-08-21,165,1,1,2.5634035742692514
1998-03-12,1998-04-27,46,1,0,-1.2604353334055527
1998-03-19,1998-04-27,39,1,0,-1.1420072805674397
1998-03-25,1998-08-21,149,1,1,2.191828478176623
1998-03-27,1998-08-11,137,1,1,2.1235123969889624
1998-03-31,1998-08-20,142,1,1,2.143184878259373
1998-04-01,1998-04-27,26,1,0,-1.0743258759891783
1998-04-02,1998-04-27,25,1,0,-1.0837860874863265
1998-04-03,1998-04-21,18,1,0,-1.2084675913145018
1998-04-07,1998-04-27,20,1,0,-1.1792466661516876
1998-04-15,1998-04-27,12,1,0,-1.1088404601639406
1998-04-21,1998-08-20,121,1,1,2.1124613003134063
1998-04-27,1998-06-15,49,1,1,2.4786103932736734
1998-04-30,1998-08-24,116,1,1,2.7176424533637165
1998-05-11,1998-08-11,92,1,1,2.481912975687691
1998-05-12,1998-08-21,101,1,1,2.599042596407874
1998-05-20,1998-08-24,96,1,1,2.3537790984222946
1998-05-21,1998-08-21,92,1,1,2.361305198817211
1998-05-27,1998-08-25,90,1,1,2.284970557199755
1998-06-04,1998-08-21,78,1,1,2.0222300871442407
1998-06-10,1998-08-25,76,1,1,1.9713094915853526
1998-06-11,1998-08-27,77,1,1,2.1435678333175687
1998-06-15,1998-08-27,73,1,1,2.067004343989263
1998-06-16,1998-08-27,72,1,1,2.182202238603691
1998-06-17,1998-08-25,69,1,1,2.352956922610062
1998-06-19,1998-08-27,69,1,1,2.2922860679661903
1998-07-01,1998-08-26,56,1,1,1.926462930159285
1998-07-13,1998-08-26,44,1,1,1.8308675394950638
1998-07-16,1998-08-24,39,1,1,1.742811626427432
1998-07-21,1998-08-25,35,1,1,1.6624919824235136
1998-07-28,1998-08-24,27,1,1,1.5023548955449066
1998-08-03,1998-08-25,22,1,1,1.5291698109724705
1998-08-05,1998-08-25,20,1,1,1.4822580512473518
1998-08-07,1998-08-27,20,1,1,1.5635689174977407
1998-08-11,1998-08-27,16,1,1,1.5370356544947041
1998-08-13,1998-08-26,13,1,1,1.5071017515009189
1998-08-20,1998-08-27,7,1,1,1.422668390034533
1998-08-21,1998-08-31,10,1,1,1.5655385912213335
1998-08-25,1998-09-09,15,1,1,1.6221350900108347
1998-08-26,1998-09-09,14,1,1,1.6430934659148992
1998-08-27,1998-09-10,14,1,1,1.8622280555414326
1998-08-31,1998-09-10,10,1,1,1.9113784243545746
1998-09-02,1998-09-10,8,1,1,1.8708642125183963
1998-09-03,1998-09-10,7,1,1,1.8916266165916507
1998-09-09,1998-09-24,15,1,1,2.249549509494772
1998-09-10,1998-10-05,25,1,1,3.337000801001517
1998-09-11,1998-10-01,20,1,1,3.439301619310311
1998-09-17,1998-10-05,18,1,1,3.282962565097973
1998-09-18,1998-11-06,49,1,0,-1.6947677601697326
1998-09-23,1998-11-06,44,1,0,-1.6626788222281053
1998-09-25,1998-10-09,14,1,0,-1.6305437648103684
1998-09-30,1998-10-09,9,1,0,-1.7434910343227374
1998-10-01,1998-10-08,7,1,0,-1.870901637560238
1998-10-05,1998-10-08,3,1,0,-1.9203810854949044
1998-10-06,1998-10-08,2,1,0,-1.9244402661164253
1998-10-07,1998-10-09,2,1,0,-2.001643842185154
1998-10-08,1999-01-08,92,1,0,-2.4838539444600722
1998-10-09,1999-02-18,132,1,0,-2.767860888220246
1998-10-14,1999-01-11,89,1,0,-2.901311479947158
1998-10-16,1998-11-06,21,1,0,-2.9438788602904564
1998-10-21,1998-11-06,16,1,0,-2.7665343104356683
1998-10-23,1999-02-04,104,1,0,-2.680917550385134
1998-10-27,1998-11-06,10,1,0,-2.6223186911675387
1998-10-30,1998-11-06,7,1,0,-2.5690946952789093
1998-11-02,1999-02-04,94,1,0,-2.6152947110497355
1998-11-04,1999-02-12,100,1,0,-2.6135536414323624
1998-11-06,1999-02-24,110,1,0,-2.5893383381805353
1998-11-10,1999-02-12,94,1,0,-2.5219022278209575
1998-11-19,1999-02-12,85,1,0,-2.231404640958507
1998-11-30,1999-02-04,66,1,0,-2.0592951807553135
1998-12-01,1999-01-11,41,1,0,-2.062630131508787
1998-12-02,1998-12-24,22,1,0,-2.0943381189381904
1998-12-04,1999-01-08,35,1,0,-2.0340458626060762
1998-12-07,1999-02-04,59,1,0,-2.059848402826201
1998-12-08,1999-01-08,31,1,0,-2.076742141069605
1998-12-10,1998-12-23,13,1,0,-2.0217496038694227
1998-12-15,1999-01-08,24,1,0,-1.9555599181966392
1998-12-21,1999-01-08,18,1,0,-1.850182795124589
1998-12-22,1999-02-04,44,1,0,-1.8579605907032273
1998-12-23,1999-02-12,51,1,0,-1.9036669689774972
1998-12-30,1999-02-04,36,1,0,-1.8450899107230805
1999-01-07,1999-02-12,36,1,0,-1.7272985468641655
1999-01-08,1999-02-19,42,1,0,-1.7923468571956447
1999-01-13,1999-02-12,30,1,0,-1.760868918046122
1999-01-14,1999-02-04,21,1,0,-1.796568292387983
1999-01-15,1999-02-12,28,1,0,-1.8144023803316562
1999-01-22,1999-02-04,13,1,0,-1.8004314350686816
1999-02-01,1999-02-12,11,1,0,-1.6644807022451849
1999-02-03,1999-02-18,15,1,0,-1.644362288199388
1999-02-04,1999-03-04,28,-1,1,3.3948378271191166
1999-02-09,1999-03-01,20,-1,1,3.2149495105105856
1999-02-12,1999-05-14,91,-1,1,3.4783617378705047
1999-02-19,1999-05-17,87,-1,1,3.34192594957299
1999-02-24,1999-06-01,97,-1,1,3.3813984113568454
1999-02-25,1999-04-08,42,-1,0,-1.8242918116018523
1999-03-01,1999-04-08,38,-1,0,-1.8612731943550105
1999-03-04,1999-03-16,12,-1,0,-1.7643303858583317
1999-03-05,1999-04-08,34,-1,0,-1.7917431805199815
1999-03-09,1999-06-01,84,-1,1,3.553668419539574
1999-03-15,1999-06-01,78,-1,1,3.2630511681927414
1999-03-19,1999-06-01,74,-1,1,3.0973142764650214
1999-03-29,1999-04-08,10,-1,0,-1.4168544532616951
1999-03-30,1999-04-08,9,-1,0,-1.435349335402752
1999-04-01,1999-04-08,7,-1,0,-1.3924812206861579
1999-04-02,1999-05-27,55,-1,1,2.957421175595679
1999-04-06,1999-05-14,38,-1,1,2.9340367855397123
1999-04-08,1999-05-14,36,-1,1,3.122351654227537
1999-04-13,1999-05-14,31,-1,1,2.968406584545347
1999-04-16,1999-05-18,32,-1,1,2.8468066177163736
1999-04-20,1999-05-14,24,-1,1,2.7762801815744473
1999-04-22,1999-05-18,26,-1,1,2.8651695518868077
1999-04-27,1999-05-14,17,-1,1,2.6820745634747323
1999-04-29,1999-05-14,15,-1,1,2.6696732716840934
1999-04-30,1999-06-01,32,-1,1,3.2555986559567245
1999-05-06,1999-06-11,36,-1,1,3.2940923738415058
1999-05-13,1999-06-10,28,-1,1,3.268961449413085
1999-05-14,1999-10-29,168,-1,1,1.71875
1999-05-21,1999-11-05,168,-1,1,1.1875
1999-05-27,1999-11-11,168,-1,0,
1999-06-10,1999-07-13,33,-1,0,-1.504086822163037
1999-06-11,1999-06-17,6,-1,0,-1.5689688684528698
1999-06-15,1999-07-12,27,-1,0,-1.5193320530523557
1999-06-17,1999-12-02,168,-1,1,1.6328125
1999-06-21,1999-07-20,29,-1,0,-1.6818442436802508
1999-06-23,1999-07-12,19,-1,0,-1.6529799769357028
1999-06-28,1999-07-13,15,-1,0,-1.600215997868229
1999-06-30,1999-12-15,168,-1,1,1.4765625
1999-07-07,1999-12-22,168,-1,1,1.890625
1999-07-08,1999-12-23,168,-1,1,2.4609375
1999-07-12,1999-12-27,168,-1,1,3.0078125
1999-07-19,1999-08-09,21,-1,1,3.0397153949235896
1999-07-22,2000-01-03,165,-1,1,3.137552923353788
1999-07-23,2000-01-03,164,-1,1,3.1432708170794967
1999-07-29,2000-01-03,158,-1,1,2.98273071071139
1999-08-03,1999-08-25,22,-1,0,-1.4009633428565165
1999-08-05,2000-01-03,151,-1,1,2.7462739315807543
1999-08-06,1999-08-25,19,-1,0,-1.5943685648177475
1999-08-09,1999-08-24,15,-1,0,-1.6468093019396794
1999-08-13,1999-08-25,12,-1,0,-1.637540659723083
1999-08-17,2000-01-12,148,-1,1,3.2985623426288577
1999-08-24,2000-01-03,132,-1,1,3.0333130050267036
1999-08-25,1999-12-31,128,-1,1,3.2020990611067806
1999-08-27,2000-01-03,129,-1,1,3.229571860699137
1999-08-30,2000-01-18,141,-1,1,3.3795158948063406
1999-09-03,2000-01-12,131,-1,1,3.3700677062779967
1999-09-10,2000-01-05,117,-1,1,3.3131134302053318
1999-09-14,2000-01-12,120,-1,1,3.2091309715824567
1999-09-16,2000-01-03,109,-1,1,3.1044388764275435
1999-09-21,2000-01-03,104,-1,1,2.962211577064066
1999-09-23,2000-01-03,102,-1,1,2.993055826096695
1999-09-24,1999-10-26,32,-1,1,3.1142808590788342
1999-09-27,2000-01-03,98,-1,1,3.156673764544503
1999-09-28,2000-01-03,97,-1,1,3.1679474495286986
1999-09-29,2000-01-12,105,-1,1,3.2563211974291812
1999-09-30,2000-01-03,95,-1,1,3.290019392615382
1999-10-01,2000-01-18,109,-1,1,3.4344601065663904
1999-10-05,2000-03-21,168,-1,0,-0.1484375
1999-10-14,1999-11-04,21,-1,0,-1.6086069962712204
1999-10-15,1999-11-05,21,-1,0,-1.6509447166789328
1999-10-19,1999-11-04,16,-1,0,-1.5941229813900493
1999-10-26,1999-10-29,3,-1,0,-1.4089927708162158
1999-10-27,1999-11-04,8,-1,0,-1.4242122065555185
1999-10-28,1999-11-05,8,-1,0,-1.4627565420590851
1999-10-29,2000-01-12,75,-1,1,3.1755031829742006
1999-11-04,2000-01-03,60,-1,1,3.003926130088543
1999-11-10,2000-01-03,54,-1,1,2.788529464642093
1999-11-17,2000-01-03,47,-1,1,2.729108674813161
1999-11-29,1999-12-10,11,-1,0,-1.2857280798452946
1999-12-02,1999-12-10,8,-1,0,-1.231022960441894
1999-12-03,2000-01-05,33,-1,1,2.541989695241402
1999-12-07,2000-01-03,27,-1,1,2.49539525186771
1999-12-14,2000-01-12,29,-1,1,2.732266057390033
1999-12-16,2000-01-20,35,-1,1,2.764525053047091
1999-12-20,2000-03-30,101,-1,0,-1.3591077393785629
1999-12-23,2000-03-21,89,-1,0,-1.2711454059613319
1999-12-31,2000-03-17,77,-1,0,-1.2243185655193094
2000-01-03,2000-03-14,71,-1,0,-1.382855524768042
2000-01-04,2000-03-16,72,-1,0,-1.4136351670029372
2000-01-05,2000-03-14,69,-1,0,-1.5059967610333866
2000-01-07,2000-03-17,70,-1,0,-1.4970704249648226
2000-01-13,2000-03-14,61,-1,0,-1.5521712797489717
2000-01-14,2000-02-24,41,-1,0,-1.5558936813271282
2000-01-24,2000-02-22,29,-1,0,-1.5244456071419648
2000-01-28,2000-03-14,46,-1,0,-1.4088260153244805
2000-02-02,2000-03-14,41,-1,0,-1.341147735005833
2000-02-03,2000-03-17,43,-1,0,-1.4272574039940071
2000-02-04,2000-03-16,41,-1,0,-1.4343224271037969
2000-02-07,2000-03-14,36,-1,0,-1.5300929258621128
2000-02-09,2000-02-24,15,-1,0,-1.5549525338717372
2000-02-14,2000-03-14,29,-1,0,-1.5786773194384784
2000-02-17,2000-02-22,5,-1,0,-1.4843633169351804
2000-02-18,2000-03-14,25,-1,0,-1.520643675209505
2000-02-23,2000-03-17,23,-1,0,-1.5672287299690857
2000-02-24,2000-03-30,35,-1,0,-1.6339438639572315
2000-02-28,2000-03-17,18,-1,0,-1.6233456122722443
2000-03-03,2000-03-21,18,-1,0,-1.4873105667764694
2000-03-09,2000-03-22,13,-1,0,-1.3794489147404039
2000-03-14,2000-03-30,16,-1,0,-1.3761847947873171
2000-03-16,2000-03-31,15,-1,0,-1.3328957997648159
2000-03-21,2000-04-04,14,-1,0,-1.2758774526277
2000-03-24,2000-03-31,7,-1,0,-1.3253100010452645
2000-03-29,2000-05-04,36,1,0,-1.2429211392404356
2000-03-30,2000-05-03,34,1,0,-1.3747453449920117
2000-04-03,2000-04-27,24,1,0,-1.338135206022612
2000-04-04,2000-04-25,21,1,0,-1.466654539459555
2000-04-06,2000-04-27,21,1,0,-1.4237720755622651
2000-04-11,2000-04-27,16,1,0,-1.5149670504856838
2000-04-12,2000-05-03,21,1,0,-1.59158792059359
2000-04-14,2000-04-27,13,1,0,-1.565929939438203
2000-04-17,2000-05-03,16,1,0,-1.6454952891052248
2000-04-19,2000-05-02,13,1,0,-1.6370358688894564
2000-04-25,2000-05-04,9,1,0,-1.6870383286749553
2000-04-27,2000-05-08,11,1,0,-1.7269344128979953
2000-05-02,2000-08-04,94,1,1,3.2675123374061092
2000-05-03,2000-08-01,90,1,1,3.304239752779159
2000-05-05,2000-06-16,42,1,1,3.253420555403357
2000-05-10,2000-07-03,54,1,1,3.2103596369749283
2000-05-12,2000-06-16,35,1,1,3.2549497974381736
2000-05-16,2000-07-03,48,1,1,3.1569671638169017
2000-05-18,2000-05-26,8,-1,0,-1.5980102936648177
2000-05-22,2000-06-02,11,-1,0,-1.6395142300128083
2000-05-26,2000-06-14,19,-1,0,-1.6133694044165132
2000-05-31,2000-06-16,16,-1,0,-1.6502146983011567
2000-06-01,2000-07-27,56,-1,0,-1.6771491802951575
2000-06-05,2000-10-17,134,1,1,3.255885232279792
2000-06-14,2000-10-17,125,1,1,2.931831062705488
2000-06-16,2000-10-20,126,1,1,2.8757965174966613
2000-06-21,2000-10-12,113,1,1,2.858834316324465
2000-06-23,2000-09-01,70,1,1,2.7975118619043284
2000-06-26,2000-10-12,108,1,1,2.9262422980027902
2000-06-29,2000-10-17,110,1,1,2.8588404386488375
2000-07-03,2000-10-20,109,1,1,2.7965591146617346
2000-07-06,2000-10-19,105,1,1,2.815655107286114
2000-07-12,2000-10-12,92,1,1,2.641080081030452
2000-07-13,2000-10-20,99,1,1,2.7297864581675673
2000-07-14,2000-10-17,95,1,1,2.9550418612661447
2000-07-20,2000-11-29,132,1,1,3.2750142374674556
2000-08-01,2000-11-28,119,1,1,2.812391964133787
2000-08-04,2000-11-30,118,1,1,2.6877409007733792
2000-08-09,2000-11-30,113,1,1,2.6021314805300566
2000-08-11,2000-11-29,110,1,1,2.581892873503644
2000-08-23,2000-11-30,99,1,1,2.3809340249577002
2000-08-28,2000-11-28,92,1,1,2.2780151321986852
2000-08-31,2000-11-30,91,1,1,2.3608593829310114
2000-09-01,2000-11-30,90,1,1,2.392993833501191
2000-09-07,2000-11-30,84,1,1,2.342907352889651
2000-09-13,2000-11-30,78,1,1,2.2392360332814083
2000-09-14,2000-11-29,76,1,1,2.2462191260223396
2000-09-18,2000-10-23,35,1,1,2.1802647341958217
2000-09-22,2000-11-28,67,1,1,2.066760700667873
2000-09-26,2000-11-29,64,1,1,2.016656530975764
2000-10-03,2000-10-23,20,1,1,1.8661445966330377
2000-10-05,2000-10-23,18,1,1,1.8331616475374644
2000-10-11,2000-11-30,50,1,1,1.8073937450793551
2000-10-12,2000-11-30,49,1,1,1.8951569307749632
2000-10-17,2000-11-06,20,1,0,-0.968284890849882
2000-10-20,2000-11-03,14,1,0,-0.918916810630768
2000-10-23,2000-10-31,8,1,0,-0.9382498066169968
2000-10-25,2000-11-06,12,1,0,-0.958285101837752
2000-10-27,2000-11-30,34,1,1,1.8756516372767968
2000-10-31,2000-11-30,30,1,1,1.8366517776958327
2000-11-02,2000-11-30,28,1,1,1.7767650383894937
2000-11-03,2000-11-30,27,1,1,2.0462967897059947
2000-11-09,2000-11-30,21,1,1,1.9982552071334303
2000-11-13,2000-11-30,17,1,1,1.9396240731735546
2000-11-15,2000-12-06,21,1,1,1.9020472960599635
2000-11-21,2000-12-06,15,1,1,1.7870171082776154
2000-11-22,2000-12-13,21,1,1,1.8566205557445081
2000-11-28,2000-12-14,16,1,1,1.8932408987885008
2000-11-30,2000-12-21,21,1,1,2.1664800699551927
2000-12-01,2000-12-20,19,1,1,2.251988920673768
2000-12-05,2001-01-02,28,1,1,2.3701914768011374
2000-12-06,2001-01-08,33,1,1,2.560441869554105
2000-12-08,2001-01-02,25,1,1,2.506145951365874
2000-12-13,2001-03-01,78,1,1,2.4912641146154777
2000-12-14,2001-03-16,92,1,1,2.5306293400718127
2000-12-18,2001-03-22,94,1,1,2.456178247459078
2000-12-20,2001-05-11,142,1,0,-1.267463282337526
2000-12-22,2001-01-23,32,1,0,-1.2392660240729665
2000-12-27,2001-03-22,85,1,1,2.6076669022186834
2001-01-03,2001-06-20,168,1,1,0.9453125
2001-01-04,2001-05-11,127,1,0,-1.8969471074051372
2001-01-05,2001-01-24,19,1,0,-1.9161453263983086
2001-01-10,2001-05-11,121,1,0,-1.911188377646934
2001-01-12,2001-06-29,168,1,0,-0.0703125
2001-01-17,2001-07-04,168,1,0,
2001-01-18,2001-05-11,113,1,0,-1.9522799349876943
2001-01-19,2001-07-06,168,1,0,-0.359375
2001-01-23,2001-07-10,168,1,1,1.015625
2001-01-30,2001-07-17,168,1,1,1.3046875
2001-01-31,2001-05-11,100,1,0,-1.7643187326748275
2001-02-01,2001-05-11,99,1,0,-1.7786169877376479
2001-02-02,2001-05-11,98,1,0,-1.7819301817805593
2001-02-09,2001-05-11,91,1,0,-1.649782659494153
2001-02-14,2001-05-29,104,1,0,-1.5744450204992935
2001-02-15,2001-08-02,168,1,1,2.2734375
2001-02-16,2001-05-11,84,1,0,-1.629257967603337
2001-02-23,2001-05-11,77,1,0,-1.5535207008300518
2001-02-27,2001-04-16,48,1,0,-1.5464021679487243
2001-02-28,2001-04-16,47,1,0,-1.55376140198059
2001-03-02,2001-04-27,56,1,0,-1.5975967671195013
2001-03-08,2001-04-16,39,1,0,-1.483611286622434
2001-03-14,2001-04-16,33,1,0,-1.46379470831695
2001-03-16,2001-04-11,26,1,0,-1.4320218181062312
2001-03-19,2001-04-12,24,1,0,-1.444060374873801
2001-03-21,2001-04-11,21,1,0,-1.4044955820305374
2001-03-22,2001-03-27,5,1,0,-1.4145597905607006
2001-03-23,2001-04-11,19,1,0,-1.4452078547799194
2001-03-27,2001-04-16,20,1,0,-1.5948102683762615
2001-03-30,2001-04-16,17,1,0,-1.520925009364772
2001-04-04,2001-04-12,8,1,0,-1.4526998716261659
2001-04-06,2001-04-12,6,1,0,-1.5591734793494654
2001-04-10,2001-05-11,31,1,0,-1.7553192693019732
2001-04-12,2001-05-11,29,1,0,-1.7145635504210652
2001-04-17,2001-08-29,134,1,1,3.5589508208054332
2001-04-18,2001-05-11,23,1,0,-1.7843730970333869
2001-04-19,2001-08-28,131,1,1,3.8029505883961705
2001-04-23,2001-09-07,137,1,1,3.739678797095943
2001-04-25,2001-08-28,125,1,1,3.639507624482697
2001-04-26,2001-05-29,33,1,0,-1.829188000263662
2001-04-27,2001-08-17,112,1,1,3.928620682017111
2001-05-03,2001-05-29,26,1,0,-1.8921171887209587
2001-05-10,2001-08-29,111,1,1,3.7097695116073623
2001-05-11,2001-08-17,98,1,1,4.412811252511142
2001-05-21,2001-06-22,32,-1,0,-1.9676888422621515
2001-05-24,2001-06-14,21,-1,0,-1.9083016646735254
2001-05-31,2001-06-22,22,-1,0,-1.8995770885103496
2001-06-04,2001-07-18,44,-1,0,-1.8360465609461252
2001-06-05,2001-07-30,55,-1,0,-1.8380138397911994
2001-06-08,2001-06-22,14,-1,0,-1.7453085111659234
2001-06-12,2001-07-27,45,-1,0,-1.718091617849587
2001-06-20,2001-07-31,41,-1,0,-1.5149797589242187
2001-06-22,2001-06-29,7,1,0,-1.5138475264119897
2001-06-26,2001-08-29,64,1,1,3.042517205035586
2001-06-28,2001-08-17,50,1,1,3.1617258836751083
2001-06-29,2001-08-13,45,1,1,3.2088448132195624
2001-07-02,2001-08-17,46,1,1,3.252975681366183
2001-07-06,2001-08-17,42,1,1,3.233351327197609
2001-07-10,2001-08-29,50,1,1,3.1880570765701814
2001-07-13,2001-08-29,47,1,1,3.018055723543829
2001-07-16,2001-09-11,57,1,1,3.0267532349689295
2001-07-18,2001-09-13,57,1,1,3.190967334715114
2001-07-25,2001-09-11,48,1,1,2.9829564857418265
2001-07-27,2001-09-13,48,1,1,2.929375874501406
2001-07-31,2001-09-13,44,1,1,2.8594264926922084
2001-08-02,2001-09-13,42,1,1,2.8681282973512245
2001-08-08,2001-09-13,36,1,1,2.9494766914975674
2001-08-13,2001-09-13,31,1,1,2.849787088731194
2001-08-16,2001-09-13,28,1,1,2.75897004430748
2001-08-17,2001-10-02,46,1,1,2.881119777120819
2001-08-20,2001-09-14,25,1,1,2.8839649658258475
2001-08-28,2001-10-02,35,1,1,2.731244471804698
2001-08-29,2001-09-04,6,1,0,-1.3779259195458895
2001-09-06,2001-10-02,26,1,1,2.933227044120375
2001-09-07,2001-10-29,52,1,1,2.99560175052379
2001-09-11,2001-10-31,50,1,1,3.3425683893656433
2001-09-14,2001-11-16,63,1,0,-1.693113314143832
2001-09-17,2001-11-07,51,1,1,3.408806543604113
2001-09-18,2001-10-31,43,1,1,3.5284694644608035
2001-09-26,2001-11-07,42,1,1,3.3454940150526715
2001-09-27,2001-11-16,50,1,0,-1.678338762513068
2001-10-02,2001-11-16,45,1,0,-1.5967011989970905
2001-10-11,2001-10-31,20,1,1,3.0020742051261724
2001-10-15,2001-11-16,32,1,0,-1.4952280344886573
2001-10-19,2001-11-07,19,1,1,2.8278468484105517
2001-10-24,2001-11-07,14,1,1,2.723208697403928
2001-10-25,2001-11-15,21,1,0,-1.3705854261624464
2001-10-29,2001-11-15,17,1,0,-1.3372220198583433
2001-10-30,2001-11-15,16,1,0,-1.3996284049701644
2001-10-31,2001-11-14,14,1,0,-1.57974111831634
2001-11-02,2001-11-15,13,1,0,-1.6447587986728245
2001-11-06,2001-11-14,8,1,0,-1.6117440840867958
2001-11-07,2001-11-14,7,1,0,-1.653848800664482
2001-11-08,2001-11-15,7,1,0,-1.751399547558003
2001-11-14,2001-11-16,2,1,0,-1.9119606056850602
2001-11-15,2001-12-07,22,1,0,-2.371947301755881
2001-11-16,2002-05-03,168,1,1,1.5
2001-11-19,2001-12-07,18,1,0,-2.57852042413999
2001-11-20,2002-05-07,168,1,1,1.2421875
2001-11-21,2002-05-08,168,1,1,0.9921875
2001-11-29,2001-12-07,8,1,0,-2.703226302992884
2001-12-04,2001-12-06,2,1,0,-2.5454737192116093
2001-12-05,2002-05-22,168,1,1,1.515625
2001-12-06,2002-05-23,168,1,1,2.03125
2001-12-07,2002-05-24,168,1,1,3.3125
2001-12-12,2002-05-29,168,1,1,2.296875
2001-12-13,2002-05-30,168,1,1,3.578125
2001-12-17,2002-06-03,168,1,1,4.421875
2001-12-18,2002-06-04,168,1,1,3.84375
2001-12-24,2002-01-15,22,-1,0,-2.7047898317680845
2001-12-31,2002-05-30,150,-1,0,-2.6253248869628623
2002-01-07,2002-05-30,143,-1,0,-2.5292731332864227
2002-01-10,2002-06-11,152,-1,0,-2.4288983567705604
2002-01-11,2002-06-13,153,-1,0,-2.429329162268175
2002-01-17,2002-06-12,146,-1,0,-2.2820384076331983
2002-01-23,2002-06-04,132,-1,0,-2.268232660189288
2002-01-29,2002-06-11,133,-1,0,-2.183548159276829
2002-02-04,2002-03-08,32,1,0,-2.1083303605037553
2002-02-12,2002-03-08,24,1,0,-1.9133112765976965
2002-02-15,2002-03-07,20,1,0,-1.8929357584962723
2002-02-26,2002-03-07,9,1,0,-1.746999563987857
2002-02-27,2002-03-07,8,1,0,-1.843231620244747
2002-03-01,2002-03-08,7,1,0,-1.8920226479264177
2002-03-07,2002-06-13,98,1,1,4.098541036342779
2002-03-08,2002-06-11,95,1,1,4.183922442846719
2002-03-13,2002-04-25,43,-1,0,-1.974772627269415
2002-03-14,2002-04-12,29,-1,0,-2.143509543031456
2002-03-18,2002-04-24,37,-1,0,-2.082095286804052
2002-03-20,2002-04-12,23,-1,0,-2.0381577789653114
2002-03-26,2002-04-15,20,-1,0,-1.8971442982598559
2002-03-28,2002-04-12,15,-1,0,-1.8516637525949313
2002-04-02,2002-04-24,22,-1,0,-1.8886823762694966
2002-04-03,2002-04-26,23,-1,0,-1.9065433749680187
2002-04-05,2002-05-29,54,-1,0,-1.8817881666825134
2002-04-12,2002-05-29,47,-1,0,-1.721680293205592
2002-04-17,2002-05-22,35,-1,0,-1.6432669342230353
2002-04-22,2002-05-29,37,-1,0,-1.5382081791192672
2002-04-24,2002-06-04,41,-1,0,-1.5346003084445128
2002-04-26,2002-06-11,46,-1,0,-1.485685293484757
2002-05-01,2002-06-14,44,1,1,2.828095753455908
2002-05-02,2002-06-14,43,1,1,2.8471436780885457
2002-05-03,2002-06-19,47,1,1,2.8795374767478883
2002-05-08,2002-06-14,37,1,1,3.214863973190386
2002-05-10,2002-06-19,40,1,1,3.2469497997807144
2002-05-13,2002-06-14,32,1,1,3.3611001420191604
2002-05-14,2002-06-14,31,1,1,3.452596951056865
2002-05-16,2002-06-19,34,1,1,3.447985516492719
2002-05-20,2002-06-19,30,1,1,3.4503753737896496
2002-05-22,2002-06-26,35,1,1,3.401481492743095
2002-05-29,2002-07-10,42,1,1,3.2826468781429536
2002-06-04,2002-07-10,36,1,1,3.0464756022017174
2002-06-11,2002-07-11,30,1,1,2.850897630357862
2002-06-13,2002-07-19,36,1,1,2.8039555630660438
2002-06-14,2002-07-23,39,1,1,3.0954092556020063
2002-06-17,2002-07-22,35,1,1,3.1066241081249655
2002-06-19,2002-08-02,44,1,1,3.356630115925476
2002-06-20,2002-07-24,34,1,1,3.557631578505703
2002-06-21,2002-08-02,42,1,1,3.6225044014413474
2002-06-24,2002-07-25,31,1,1,3.642308503070386
2002-06-26,2002-08-02,37,1,1,3.81023582917958
2002-06-27,2002-08-02,36,1,1,3.9300289083244175
2002-07-02,2002-08-02,31,1,1,3.8051138535865756
2002-07-09,2002-08-02,24,1,1,3.7092824456516564
2002-07-10,2002-08-12,33,1,1,3.8371815761752215
2002-07-16,2002-08-02,17,1,1,3.6434677662777046
2002-07-18,2002-08-13,26,1,1,3.6041699727952543
2002-07-22,2002-09-03,43,1,1,3.6814126753022465
2002-07-24,2002-09-03,41,1,1,3.555386948772683
2002-07-29,2002-09-03,36,1,1,3.872563105076468
2002-07-31,2002-09-04,35,1,1,4.020419300197624
2002-08-02,2002-09-23,52,1,1,4.352391463935074
2002-08-06,2002-09-19,44,1,1,4.531725267592878
2002-08-07,2002-09-23,47,1,1,4.5925742733126
2002-08-08,2002-09-23,46,1,1,4.617206606336576
2002-08-09,2002-10-09,61,1,1,4.858438516212614
2002-08-13,2003-01-28,168,1,1,3.5703125
2002-08-15,2002-09-30,46,1,1,4.696586118559447
2002-08-16,2002-09-23,38,1,1,4.919880122837651
2002-08-20,2002-12-30,132,1,1,5.030292659909705
2002-08-22,2002-09-30,39,1,1,4.915273419647494
2002-08-26,2002-10-09,44,1,1,4.7739256607904546
2002-08-29,2002-12-27,120,1,1,4.62312457742319
2002-09-05,2003-02-20,168,1,1,3.4375
2002-09-06,2003-02-21,168,1,1,3.921875
2002-09-12,2003-02-27,168,1,1,4.3590547368688775
2002-09-16,2003-03-03,168,1,1,4.235228833795719
2002-09-19,2002-10-17,28,1,0,-2.0150491468636678
2002-09-23,2002-10-15,22,1,0,-2.002498580650954
2002-09-25,2002-10-17,22,1,0,-2.04147178607511
2002-09-27,2002-10-16,19,1,0,-2.005406689586923
2002-09-30,2002-10-15,15,1,0,-2.0349286275525693
2002-10-01,2002-10-16,15,1,0,-2.0765386568208486
2002-10-07,2002-10-15,8,1,0,-1.9009048120762015
2002-10-09,2002-10-15,6,1,0,-1.8805220463686272
2002-10-11,2002-10-17,6,1,0,-1.9983404697668015
2002-10-17,2002-12-30,74,1,1,3.9354273342680703
2002-10-21,2002-12-27,67,1,1,3.8750150713393516
2002-10-24,2002-12-30,67,1,1,3.751268151135055
2002-10-28,2003-02-20,115,1,1,3.655949679892011
2002-10-29,2002-11-27,29,1,0,-2.00308683481941
2002-11-04,2003-02-28,116,1,1,3.8736993123151984
2002-11-07,2002-11-22,15,1,0,-1.9941408279146349
2002-11-14,2003-03-04,110,1,1,4.4130880475855045
2002-11-20,2003-02-27,99,1,1,4.279654015859969
2002-11-22,2003-02-20,90,1,1,4.162893614081243
2002-11-26,2003-02-27,93,1,1,4.199097752916447
2002-11-27,2003-02-20,85,1,1,4.718400241779046
2002-12-05,2003-02-27,84,1,1,4.407808456501393
2002-12-09,2003-03-03,84,1,1,4.292992230223308
2002-12-16,2003-02-26,72,1,1,3.983637493451165
2002-12-18,2003-03-03,75,1,1,3.926700820091208
2002-12-19,2003-03-10,81,1,1,4.069679124510889
2002-12-27,2003-01-09,13,1,0,-2.0080174304497462
2003-01-08,2003-03-05,56,1,1,3.571724718490465
2003-01-09,2003-02-28,50,1,1,4.130018390266804
2003-01-14,2003-03-04,49,1,1,3.9161874637384604
2003-01-17,2003-03-10,52,1,1,3.7397020242023435
2003-01-22,2003-05-12,110,1,1,3.750873044634184
2003-01-28,2003-03-10,41,1,1,3.5189100604846875
2003-01-29,2003-03-05,35,1,1,3.52429040561236
2003-01-31,2003-03-10,38,1,1,3.4047707259725914
2003-02-04,2003-03-10,34,1,1,3.353677035421275
2003-02-05,2003-03-05,28,1,1,3.4002279317005253
2003-02-07,2003-05-08,90,1,1,3.3411149132787368
2003-02-12,2003-05-12,89,1,1,3.283452471534319
2003-02-13,2003-05-14,90,1,1,3.3506085176701244
2003-02-14,2003-05-12,87,1,1,3.4012311839610976
2003-02-19,2003-05-14,84,1,1,3.436942529167357
2003-02-25,2003-03-21,24,1,0,-1.6461966961995995
2003-02-27,2003-03-20,21,1,0,-1.5897429485834573
2003-02-28,2003-03-19,19,1,0,-1.596440912958348
2003-03-04,2003-03-18,14,1,0,-1.5403099245547869
2003-03-10,2003-03-13,3,1,0,-1.4748957276551917
2003-03-12,2003-03-17,5,1,0,-1.4208405698995128
2003-03-13,2003-03-21,8,1,0,-1.7581081400027005
2003-03-17,2003-03-21,4,1,0,-1.8113073989657276
2003-03-18,2003-05-16,59,1,1,3.6565415457071397
2003-03-20,2003-05-12,53,1,1,3.584489811412892
2003-03-21,2003-05-07,47,1,1,3.694681325597201
2003-03-24,2003-05-14,51,1,1,3.904646154625391
2003-03-28,2003-05-16,49,1,1,3.6323348698179916
2003-03-31,2003-05-20,50,1,1,3.6693387127207133
2003-04-02,2003-05-16,44,1,1,3.7505069052430082
2003-04-07,2003-05-14,37,1,1,3.5834493702019077
2003-04-08,2003-05-16,38,1,1,3.63477013294657
2003-04-14,2003-05-14,30,1,1,3.41565967750006
2003-04-16,2003-05-16,30,1,1,3.322196326032837
2003-04-24,2003-05-16,22,1,1,3.2116400324418755
2003-04-30,2003-05-20,20,1,1,3.1428560059448967
2003-05-02,2003-05-16,14,1,1,3.098101571346359
2003-05-06,2003-05-29,23,1,1,3.226691254905224
2003-05-07,2003-06-10,34,1,1,3.4029718547554513
2003-05-12,2003-06-10,29,1,1,3.21148688512062
2003-05-14,2003-06-13,30,1,1,3.1822353809083364
2003-05-16,2003-07-15,60,1,0,-1.6114957966205734
2003-05-20,2003-07-07,48,1,0,-1.6114112991794687
2003-05-29,2003-07-03,35,1,0,-1.5741688431866676
2003-06-02,2003-07-08,36,1,0,-1.5787639345515958
2003-06-03,2003-07-03,30,1,0,-1.6900153943052691
2003-06-06,2003-07-03,27,1,0,-1.634577997272256
2003-06-09,2003-06-26,17,1,0,-1.6793701848336628
2003-06-10,2003-06-26,16,1,0,-1.761131585074732
2003-06-13,2003-06-18,5,1,0,-1.6998981485976126
2003-06-16,2003-06-26,10,1,0,-1.7420312807037397
2003-06-17,2003-06-27,10,1,0,-1.8256339539466273
2003-06-18,2003-07-07,19,1,0,-1.8759199263928235
2003-06-23,2003-07-03,10,1,0,-1.8795724351838168
2003-06-25,2003-07-07,12,1,0,-1.9628919674590597
2003-06-26,2003-07-16,20,1,0,-2.2159191393459134
2003-07-03,2003-07-18,15,1,0,-2.0827090388717484
2003-07-11,2003-07-15,4,1,0,-1.9461104520510504
2003-07-14,2003-07-21,7,1,0,-1.9735878266505462
2003-07-15,2003-07-28,13,1,0,-2.3060093834431954
2003-07-21,2003-07-31,10,1,0,-2.4507351251092775
2003-07-28,2004-01-09,165,1,1,4.672171314896183
2003-07-29,2003-09-15,48,-1,0,-2.387980101908923
2003-07-31,2003-09-10,41,-1,0,-2.5797064727965053
2003-08-04,2003-09-19,46,-1,0,-2.6448521953596646
2003-08-05,2003-09-10,36,-1,0,-2.6802632439107352
2003-08-06,2003-09-26,51,-1,0,-2.884437871050606
2003-08-13,2003-09-10,28,-1,0,-3.0135950562739913
2003-08-18,2003-09-15,28,-1,0,-2.8384426321861502
2003-08-19,2003-09-25,37,-1,0,-2.884844354644848
2003-08-21,2003-09-10,20,-1,0,-2.8611011993374054
2003-08-28,2003-09-24,27,-1,0,-2.771356126795706
2003-09-04,2003-09-15,11,-1,0,-2.6719491946352307
2003-09-05,2003-09-30,25,-1,0,-2.932770993770442
2003-09-10,2004-01-09,121,-1,0,-2.8227955778434612
2003-09-15,2004-01-09,116,-1,0,-2.698654846529689
2003-09-19,2004-01-09,112,-1,0,-2.512100598034821
2003-09-24,2004-01-12,110,-1,0,-2.428490314959407
2003-09-26,2004-02-23,150,-1,0,-2.4010051126788245
2003-09-30,2004-03-05,157,-1,0,-2.50939857969029
2003-10-03,2004-01-09,98,-1,0,-2.7524802489887312
2003-10-07,2004-01-09,94,-1,0,-2.726694569343474
2003-10-16,2003-10-28,12,-1,0,-2.5509432641850727
2003-10-17,2003-11-21,35,-1,0,-2.5612635475945527
2003-10-22,2004-01-09,79,-1,0,-2.4812300346885805
2003-10-24,2004-01-13,81,-1,0,-2.5022028062038113
2003-10-28,2004-01-13,77,-1,0,-2.4983902456559886
2003-10-29,2004-01-09,72,-1,0,-2.511569455262892
2003-10-30,2004-01-09,71,-1,0,-2.512557143689286
2003-11-06,2003-11-20,14,-1,0,-2.3607367076730346
2003-11-13,2004-01-09,57,-1,0,-2.430701830329955
2003-11-14,2004-01-13,60,-1,0,-2.4326183725968864
2003-11-21,2004-03-08,108,1,1,4.539224208444371
2003-11-24,2004-03-05,102,1,1,4.5599642439717725
2003-12-01,2004-02-13,74,1,1,4.409119729393014
2003-12-05,2004-03-08,94,1,1,4.769430891718071
2003-12-09,2004-03-05,87,1,1,4.755348841606088
2003-12-11,2004-03-08,88,1,1,4.794037913266991
2003-12-17,2004-03-08,82,1,1,4.437322271290892
2003-12-23,2004-03-05,73,1,1,4.28087006321273
2003-12-24,2004-03-08,75,1,1,4.349948973632383
2003-12-29,2004-03-08,70,1,1,4.396216118446991
2004-01-06,2004-03-05,59,1,1,4.2993160822876275
2004-01-09,2004-05-06,118,1,0,-2.360736416357891
2004-01-14,2004-04-23,100,1,0,-2.23347987329779
2004-01-22,2004-04-20,89,1,0,-2.0964095241221665
2004-01-23,2004-04-29,97,1,0,-2.150624618149021
2004-01-28,2004-03-09,41,1,1,4.604599917291309
2004-02-03,2004-04-29,86,1,0,-2.15225485719995
2004-02-05,2004-03-09,33,1,1,4.178785170708133
2004-02-06,2004-04-29,83,1,0,-2.1553141325734684
2004-02-11,2004-04-21,70,1,0,-2.120154008596028
2004-02-24,2004-04-13,49,1,0,-1.859761751600009
2004-03-02,2004-04-13,42,1,0,-1.7311619731715782
2004-03-05,2004-04-02,28,1,0,-2.1715615990771653
2004-03-09,2004-04-02,24,1,0,-2.123495014898642
2004-03-16,2004-04-02,17,1,0,-1.9492783472129651
2004-03-18,2004-04-02,15,1,0,-1.905050309731809
2004-03-22,2004-04-02,11,1,0,-1.8820354696922845
2004-03-26,2004-04-02,7,1,0,-1.8495685929597174
2004-03-31,2004-04-02,2,1,0,-1.8076138317545192
2004-04-01,2004-04-02,1,1,0,-1.8247946806456727
2004-04-02,2004-04-29,27,1,0,-2.48324522453726
2004-04-13,2004-05-07,24,1,0,-2.3908062632225016
2004-04-21,2004-05-07,16,1,0,-2.1294828534822
2004-04-23,2004-05-07,14,1,0,-2.1531711002551934
2004-04-29,2004-07-16,78,-1,0,-2.0443159737321204
2004-05-06,2004-07-02,57,-1,0,-1.8502566324867717
2004-05-07,2004-06-30,54,-1,0,-2.171095133540496
2004-05-14,2004-06-30,47,-1,0,-2.0075570006068375
2004-05-17,2004-07-02,46,-1,0,-2.0662634593091576
2004-05-19,2004-06-30,42,-1,0,-2.027087079970126
2004-05-20,2004-07-02,43,-1,0,-2.033740059943188
2004-05-26,2004-07-02,37,-1,0,-1.9193465980370545
2004-05-27,2004-07-16,50,-1,0,-1.948529473148044
2004-05-28,2004-07-02,35,-1,0,-1.9594385561852314
2004-06-04,2004-07-01,27,-1,0,-1.8831627548716279
2004-06-15,2004-07-12,27,-1,0,-2.180815505730615
2004-06-24,2004-07-16,22,-1,0,-1.9044770319526618
2004-06-28,2004-07-02,4,-1,0,-1.9177562828650925
2004-06-30,2004-07-16,16,-1,0,-1.9550679412293719
2004-07-02,2004-08-06,35,-1,0,-2.0234672129963895
2004-07-16,2004-08-31,46,-1,0,-1.8701518401164963
2004-07-20,2004-08-06,17,-1,0,-1.8990816651907005
2004-07-27,2004-08-31,35,1,1,3.7257064422367328
2004-07-30,2004-09-21,53,1,1,3.7210963993065085
2004-08-05,2004-09-22,48,1,1,3.4085930830509943
2004-08-06,2005-01-21,168,1,1,1.4140625
2004-08-10,2005-01-25,168,1,1,1.6484375
2004-08-13,2005-01-28,168,1,1,1.3046875
2004-08-23,2005-02-07,168,1,1,2.2109375
2004-08-26,2005-02-10,168,1,1,1.8515625
2004-08-31,2005-02-15,168,1,1,0.859375
2004-09-02,2005-02-17,168,1,1,0.609375
2004-09-03,2005-02-18,168,1,1,0.8125
2004-09-08,2005-02-23,168,1,0,-0.25
2004-09-14,2005-03-01,168,1,0,-1.296875
2004-09-16,2004-11-29,74,1,0,-1.6675959897717076
2004-09-20,2004-11-29,70,1,0,-1.6846336246418447
2004-09-29,2004-12-02,64,1,0,-1.5658373599786346
2004-10-01,2005-03-09,159,1,0,-1.5509089096971125
2004-10-06,2005-03-09,154,1,0,-1.4818691481784128
2004-10-08,2005-03-09,152,1,0,-1.5875473273623282
2004-10-14,2004-11-29,46,1,0,-1.5719901013302813
2004-10-20,2004-11-10,21,1,0,-1.475478082374795
2004-10-27,2004-11-29,33,1,0,-1.4617250626373524
2004-10-29,2004-11-10,12,1,0,-1.4296917244142389
2004-11-01,2004-11-29,28,1,0,-1.445518102149064
2004-11-05,2005-03-09,124,1,0,-1.514825924513107
2004-11-10,2005-03-09,119,1,0,-1.4270756388655905
2004-11-17,2004-11-29,12,1,0,-1.3981556057780162
2004-11-19,2005-03-09,110,1,0,-1.4269771442779187
2004-11-29,2005-03-22,113,1,0,-1.4340546254990714
2004-12-03,2005-03-09,96,1,0,-1.5719308774594027
2004-12-08,2005-02-28,82,1,0,-1.6058183596596303
2004-12-15,2004-12-29,14,1,0,-1.453961410187527
2004-12-16,2005-03-09,83,1,0,-1.5448069760325325
2004-12-29,2005-03-09,70,1,0,-1.3281187924492848
2004-12-30,2005-03-09,69,1,0,-1.3426490619812383
2005-01-04,2005-03-09,64,1,0,-1.3335396628907914
2005-01-13,2005-02-28,46,1,0,-1.1787165379579119
2005-01-21,2005-02-28,38,1,0,-1.0987700615950877
2005-01-25,2005-02-28,34,1,0,-1.108609703591079
2005-01-28,2005-02-28,31,1,0,-1.1198587902820727
2005-02-04,2005-02-18,14,1,0,-1.1534106732925082
2005-02-09,2005-02-16,7,1,0,-1.17960921514008
2005-02-10,2005-02-18,8,1,0,-1.2494646125125857
2005-02-16,2005-02-28,12,1,0,-1.2262307979427995
2005-02-18,2005-03-09,19,1,0,-1.2590941695384226
2005-02-28,2005-03-22,22,1,0,-1.2452349121102315
2005-03-04,2005-04-19,46,-1,0,-1.191098761770946
2005-03-08,2005-04-18,41,-1,0,-1.207949264213437
2005-03-09,2005-04-14,36,-1,0,-1.3947105638063744
2005-03-11,2005-04-12,32,-1,0,-1.4234159772267974
2005-03-17,2005-04-15,29,-1,0,-1.3347720700323085
2005-03-22,2005-04-12,21,-1,0,-1.3612009561000045
2005-03-29,2005-04-12,14,-1,0,-1.2889792118685806
2005-03-31,2005-04-15,15,-1,0,-1.3243555775028795
2005-04-06,2005-04-15,9,-1,0,-1.23467810363087
2005-04-08,2005-04-15,7,-1,0,-1.1965188956618835
2005-04-12,2005-04-28,16,-1,0,-1.2796896235205941
2005-04-15,2005-05-18,33,-1,0,-1.2945137304600824
2005-04-19,2005-05-24,35,-1,0,-1.2723867291351854
2005-04-21,2005-05-18,27,-1,0,-1.3297097002527847
2005-04-27,2005-05-23,26,-1,0,-1.2413790092473402
2005-04-28,2005-05-24,26,-1,0,-1.2782571945797578
2005-05-05,2005-08-01,88,1,0,-1.1843742150529388
2005-05-06,2005-06-02,27,1,1,2.7281716714445605
2005-05-10,2005-08-05,87,1,0,-1.3627615471931
2005-05-13,2005-08-01,80,1,0,-1.3039203847288414
2005-05-18,2005-07-21,64,1,0,-1.252565322181994
2005-05-20,2005-07-29,70,1,0,-1.222723092083987
2005-05-23,2005-07-21,59,1,0,-1.2656968930374504
2005-05-24,2005-07-12,49,1,0,-1.3052121080182417
2005-05-26,2005-07-21,56,1,0,-1.2732751976077181
2005-06-01,2005-06-14,13,1,0,-1.3530066222172412
2005-06-03,2005-07-12,39,1,0,-1.4100710843980515
2005-06-07,2005-06-14,7,1,0,-1.3914798130951582
2005-06-09,2005-07-05,26,1,0,-1.3436276991885925
2005-06-10,2005-07-18,38,1,0,-1.410576771200522
2005-06-14,2005-07-29,45,1,0,-1.3855898820174266
2005-06-21,2005-07-21,30,1,0,-1.3201101318566524
2005-06-22,2005-07-08,16,1,0,-1.4846511491657086
2005-06-27,2005-07-05,8,1,0,-1.412072424364298
2005-06-28,2005-07-12,14,1,0,-1.4471527580278325
2005-07-01,2005-07-21,20,1,0,-1.503837034509907
2005-07-07,2005-07-21,14,1,0,-1.4562593901156256
2005-07-08,2005-08-05,28,1,0,-1.501304317330413
2005-07-13,2005-08-05,23,1,0,-1.4110658432895873
2005-07-20,2005-08-02,13,1,0,-1.2802323342078217
2005-07-21,2005-10-25,96,1,0,-1.4370291926657743
2005-07-28,2005-08-05,8,1,0,-1.3714074378727632
2005-07-29,2005-10-26,89,1,0,-1.4598807117775412
2005-08-02,2005-10-26,85,1,0,-1.4125190348039174
2005-08-05,2005-08-18,13,-1,0,-1.421123172012936
2005-08-11,2005-08-30,19,-1,0,-1.3634167865687477
2005-08-12,2005-08-31,19,-1,0,-1.4136586470317285
2005-08-16,2005-08-31,15,-1,0,-1.3989950985781325
2005-08-17,2005-08-30,13,-1,0,-1.4059033571616353
2005-08-18,2005-09-01,14,-1,0,-1.4825981806677895
2005-08-30,2005-10-25,56,-1,1,2.7910027572623277
2005-08-31,2005-10-13,43,-1,1,2.8636011544022013
2005-09-07,2005-09-30,23,1,0,-1.3724187027197248
2005-09-12,2005-10-03,21,1,0,-1.3119387372581555
2005-09-15,2005-10-03,18,1,0,-1.2923015279886672
2005-09-16,2005-10-12,26,1,0,-1.2949224997677473
2005-09-21,2005-10-03,12,1,0,-1.2565963571935197
2005-09-23,2005-10-12,19,1,0,-1.2994770340994302
2005-09-27,2005-10-13,16,1,0,-1.2655368649552632
2005-09-30,2006-03-03,154,-1,1,2.4588519827045814
2005-10-03,2006-03-13,161,-1,1,2.4813175268811807
2005-10-12,2006-03-29,168,-1,1,2.3046875
2005-10-14,2006-01-17,95,-1,0,-1.1165232658193072
2005-10-21,2006-03-03,133,-1,1,2.1278203817113113
2005-10-24,2006-03-29,156,-1,1,2.1884971665471187
2005-10-25,2005-12-27,63,-1,0,-1.1360616021573753
2005-10-26,2005-12-23,58,-1,0,-1.1941960331962098
2005-11-02,2005-11-22,20,-1,0,-1.0927151915547897
2005-11-03,2005-11-17,14,-1,0,-1.1166132568449514
2005-11-08,2005-12-23,45,-1,0,-1.1223948341168317
2005-11-09,2005-11-22,13,-1,0,-1.157222739134322
2005-11-10,2005-12-23,43,-1,0,-1.1985257849003774
2005-11-15,2005-12-23,38,-1,0,-1.2032322951030052
2005-11-16,2006-04-07,142,-1,1,2.5053370123038565
2005-11-22,2006-03-30,128,-1,1,2.436867791596565
2005-11-23,2006-04-07,135,-1,1,2.446618002883712
2005-11-29,2006-04-07,129,-1,1,2.5291443359840224
2005-12-01,2005-12-23,22,-1,0,-1.2206170716789781
2005-12-06,2006-01-17,42,-1,0,-1.253064986028712
2005-12-08,2006-04-03,116,-1,1,2.5244507643747385
2005-12-09,2005-12-27,18,-1,0,-1.3291641244278858
2005-12-14,2006-04-07,114,-1,1,2.675223298403342
2005-12-22,2006-03-30,98,-1,1,2.432474548087648
2005-12-23,2006-03-06,73,-1,1,2.4967150029067193
2005-12-30,2006-03-06,66,-1,1,2.368388304757286
2006-01-10,2006-03-06,55,-1,1,2.2083289779684825
2006-01-12,2006-03-06,53,-1,1,2.2240400551989006
2006-01-13,2006-03-03,49,-1,1,2.295336077521693
2006-01-19,2006-03-03,43,-1,1,2.2326136111391763
2006-01-25,2006-03-30,64,-1,1,2.319095882604323
2006-01-30,2006-04-07,67,-1,1,2.229457977387492
2006-02-01,2006-04-07,65,-1,1,2.1662272457721037
2006-02-08,2006-04-07,58,-1,1,1.954336607457345
2006-02-14,2006-04-17,62,-1,1,1.83952142501263
2006-02-17,2006-04-07,49,-1,1,1.8069338783993703
2006-02-23,2006-04-07,43,-1,1,1.838905578327185
2006-02-28,2006-04-07,38,-1,1,1.8466453473682176
2006-03-02,2006-04-25,54,-1,1,1.8874889092809017
2006-03-03,2006-04-26,54,-1,1,1.9072515994292645
2006-03-06,2006-05-12,67,-1,1,1.9411924763786856
2006-03-13,2006-03-16,3,-1,0,-0.8670261658681111
2006-03-14,2006-04-26,43,-1,1,1.95284967796803
2006-03-16,2006-04-25,40,-1,1,2.1689383884582116
2006-03-21,2006-05-03,43,-1,1,2.1926248208240944
2006-03-24,2006-04-26,33,-1,1,2.256105691395219
2006-03-28,2006-06-23,87,-1,1,2.3636129804598247
2006-03-30,2006-08-31,154,-1,0,-1.16337894649184
2006-04-05,2006-06-23,79,-1,1,2.1772427200819173
2006-04-06,2006-08-31,147,-1,0,-1.0904691156839588
2006-04-07,2006-08-18,133,-1,0,-1.1232533096534936
2006-04-12,2006-08-16,126,-1,0,-1.0915159239055097
2006-04-18,2006-08-18,122,-1,0,-1.1013036479465321
2006-04-20,2006-08-04,106,-1,0,-1.0674680199751916
2006-04-25,2006-08-04,101,-1,0,-1.102960436317349
2006-04-27,2006-08-04,99,-1,0,-1.0967862840400697
2006-05-01,2006-08-02,93,-1,0,-1.123044816483175
2006-05-04,2006-06-13,40,-1,0,-1.0646548013336357
2006-05-05,2006-08-03,90,-1,0,-1.071131722153081
2006-05-11,2006-06-02,22,-1,0,-0.977933941999798
2006-05-12,2006-05-22,10,-1,0,-0.985808452575601
2006-05-16,2006-08-02,78,-1,0,-1.0024703884856023
2006-05-18,2006-08-04,78,-1,0,-1.0744601244396663
2006-05-25,2006-08-04,71,-1,0,-1.0112356244307843
2006-05-31,2006-06-13,13,-1,0,-1.0052808891321436
2006-06-02,2006-08-30,89,-1,0,-1.2271292662609015
2006-06-13,2006-08-30,78,-1,0,-1.0769547271052524
2006-06-14,2006-08-04,51,-1,0,-1.1892602364590483
2006-06-15,2006-08-04,50,-1,0,-1.1923707118683768
2006-06-19,2006-07-28,39,-1,0,-1.1499331471244985
2006-06-22,2006-07-20,28,-1,0,-1.1002727505456842
2006-06-29,2006-07-20,21,-1,0,-1.0543598238998002
2006-06-30,2006-07-28,28,-1,0,-1.104693948042315
2006-07-07,2006-07-28,21,-1,0,-1.0957770260945547
2006-07-13,2006-08-04,22,-1,0,-1.02027677731736
2006-07-18,2006-07-28,10,-1,0,-1.0325063570205464
2006-07-19,2006-08-04,16,-1,0,-1.118938658248721
2006-07-28,2006-08-25,28,-1,0,-1.0240704138699848
2006-08-04,2006-09-21,48,-1,0,-0.9675137410578009
2006-08-11,2006-08-22,11,-1,0,-0.9040791005099161
2006-08-14,2006-08-18,4,-1,0,-0.9091155421506543
2006-08-15,2006-08-31,16,-1,0,-0.9802794323716499
2006-08-16,2006-11-28,104,1,1,2.054539549148996
2006-08-21,2006-11-30,101,1,1,1.941751873924037
2006-08-30,2006-11-30,92,1,1,1.6667681808911525
2006-08-31,2006-11-30,91,1,1,1.6777936733667944
2006-09-08,2006-11-28,81,1,1,1.5654577436260855
2006-09-11,2006-09-25,14,1,1,1.568488539876824
2006-09-13,2006-11-28,76,1,1,1.524006478989427
2006-09-14,2006-09-25,11,1,1,1.5292145731066205
2006-09-19,2006-12-01,73,1,1,1.7348339209963592
2006-09-21,2006-10-11,20,1,0,-0.9655892202988341
2006-09-22,2006-10-10,18,1,0,-0.9945173340568001
2006-09-25,2006-10-10,15,1,0,-0.9947921850077395
2006-09-28,2006-10-11,13,1,0,-0.9506029069876265
2006-10-04,2006-10-06,2,1,0,-0.9321112983778636
2006-10-05,2006-10-10,5,1,0,-0.9547369854758342
2006-10-06,2007-01-25,111,1,0,-1.0928251865525929
2006-10-13,2006-11-30,48,1,1,2.0987395791682935
2006-10-18,2006-12-01,44,1,1,1.9665573208779068
2006-10-23,2006-11-28,36,1,1,1.8872292967771345
2006-10-25,2006-11-30,36,1,1,1.8867030768775093
2006-10-26,2007-01-25,91,1,0,-0.9836090846068
2006-10-27,2007-01-24,89,1,0,-0.9911577774274768
2006-10-31,2007-01-11,72,1,0,-1.0307238234022078
2006-11-01,2006-11-03,2,1,0,-1.0427833044896828
2006-11-03,2007-04-20,168,1,1,0.40625
2006-11-07,2007-01-25,79,1,0,-1.2364126256391266
2006-11-10,2007-01-12,63,1,0,-1.172404642144749
2006-11-15,2007-01-17,63,1,0,-1.1553525590985105
2006-11-17,2007-01-17,61,1,0,-1.1862515252143906
2006-11-27,2006-12-28,31,1,0,-1.079394129699632
2006-11-30,2006-12-27,27,1,0,-1.0808374289590656
2006-12-01,2006-12-14,13,1,0,-1.0899192953824155
2006-12-06,2006-12-27,21,1,0,-1.047887716086228
2006-12-08,2006-12-29,21,1,0,-1.091332658100078
2006-12-12,2006-12-27,15,1,0,-1.0776135571246275
2006-12-13,2007-01-11,29,1,0,-1.1769535588007938
2006-12-21,2006-12-28,7,1,0,-1.0626771920334968
2006-12-22,2007-01-17,26,1,0,-1.1395612856467123
2006-12-27,2007-01-25,29,1,0,-1.1715591685352085
2006-12-29,2007-06-01,154,1,0,-1.1451394507021688
2007-01-04,2007-01-23,19,1,0,-1.1294704874634085
2007-01-10,2007-01-25,15,1,0,-1.0385097616791035
2007-01-11,2007-06-01,141,1,0,-1.0663383135045128
2007-01-17,2007-06-01,135,1,0,-1.0499419463061757
2007-01-23,2007-03-07,43,1,1,1.9899431690804819
2007-01-25,2007-02-15,21,-1,0,-1.0033387848944006
2007-01-31,2007-02-26,26,-1,0,-0.9462635990561217
2007-02-06,2007-02-27,21,-1,0,-0.8988112010013222
2007-02-08,2007-02-27,19,-1,0,-0.8698247360695767
2007-02-09,2007-02-26,17,-1,0,-0.9018295669939989
2007-02-14,2007-02-27,13,-1,0,-0.9681587653413011
2007-02-16,2007-02-27,11,-1,0,-0.9358340311741934
2007-02-22,2007-02-27,5,-1,0,-0.9184287124015295
2007-02-23,2007-02-27,4,-1,0,-0.9465025011986786
2007-02-26,2007-03-07,9,-1,0,-0.9639494984368149
2007-02-27,2007-05-31,93,-1,1,2.4102032725558713
2007-03-07,2007-04-06,30,1,0,-1.0982543832035871
2007-03-09,2007-05-18,70,1,0,-1.1710402492779088
2007-03-13,2007-04-06,24,1,0,-1.2138898280114025
2007-03-16,2007-04-06,21,1,0,-1.136906312449237
2007-03-21,2007-04-06,16,1,0,-1.0945722771038808
2007-03-22,2007-04-13,22,1,0,-1.1462832530898095
2007-03-29,2007-05-18,50,1,0,-1.0362908216270639
2007-04-03,2007-05-22,49,1,0,-0.9758527333103396
2007-04-06,2007-06-01,56,1,0,-1.04853676099198
2007-04-13,2007-06-01,49,1,0,-0.9500368973704423
2007-04-17,2007-05-23,36,1,0,-0.9631487208602023
2007-04-23,2007-05-18,25,1,0,-0.8953254344841617
2007-04-26,2007-05-22,26,1,0,-0.8964725932855769
2007-04-30,2007-05-17,17,1,0,-0.9634701382176986
2007-05-03,2007-05-22,19,1,0,-0.9198827178600113
2007-05-04,2007-05-18,14,1,0,-0.9240535719787274
2007-05-09,2007-05-18,9,1,0,-0.900923607794974
2007-05-14,2007-05-22,8,1,0,-0.8720673280800615
2007-05-17,2007-05-29,12,1,0,-0.8647467040302553
2007-05-18,2007-06-07,20,-1,1,1.7759758095476759
2007-05-22,2007-06-07,16,-1,1,1.7681657285670134
2007-05-25,2007-06-08,14,-1,1,1.660453966148779
2007-06-01,2007-06-12,11,-1,1,1.7352736624132497
2007-06-05,2007-07-26,51,-1,0,-0.8771523744235158
2007-06-07,2007-07-20,43,-1,0,-1.0929484891251842
2007-06-12,2007-06-25,13,-1,0,-1.1917430861339167
2007-06-15,2007-07-02,17,-1,0,-1.1594317363575075
2007-06-19,2007-07-25,36,-1,0,-1.1802788700234657
2007-06-21,2007-07-02,11,-1,0,-1.1643167408179964
2007-06-25,2007-07-26,31,-1,0,-1.1886763213072387
2007-06-29,2007-07-26,27,-1,0,-1.206748087545436
2007-07-03,2007-07-26,23,-1,0,-1.2021463687846405
2007-07-06,2007-07-18,12,-1,0,-1.2048327779177062
2007-07-10,2007-07-26,16,-1,0,-1.3545247554132296
2007-07-12,2007-07-25,13,-1,0,-1.3269115173993744
2007-07-16,2007-07-26,10,-1,0,-1.328739978492375
2007-07-18,2007-07-26,8,-1,0,-1.3614426171255383
2007-07-20,2007-08-03,14,-1,0,-1.370943799815436
2007-07-25,2007-08-15,21,-1,0,-1.2972278453759152
2007-07-26,2007-08-21,26,-1,0,-1.5171634976750883
2007-08-03,2007-08-28,25,-1,0,-1.374831447902382
2007-08-08,2007-08-16,8,-1,0,-1.426870714976465
2007-08-09,2007-08-16,7,-1,0,-1.4608771458937182
2007-08-14,2007-09-07,24,1,1,2.7830428401994998
2007-08-16,2007-11-08,84,1,1,2.9664006850007794
2007-08-21,2007-11-09,80,1,1,2.8622229016847953
2007-08-24,2007-11-02,70,1,1,2.69916358482386
2007-08-28,2007-11-15,79,1,1,2.8390402184575283
2007-08-30,2007-11-15,77,1,1,2.8273061028517024
2007-08-31,2007-11-09,70,1,1,2.8361905453021587
2007-09-05,2007-11-19,75,1,1,3.0198552421021176
2007-09-07,2007-09-20,13,1,0,-1.7312091640768459
2007-09-12,2007-10-12,30,1,0,-1.6605001243806812
2007-09-13,2007-11-19,67,1,1,3.358212399426126
2007-09-20,2007-11-15,56,1,1,3.4506644676305673
2007-09-25,2007-11-15,51,1,1,3.2314557063026044
2007-10-02,2007-11-19,48,1,1,2.934454985556211
2007-10-05,2007-11-09,35,1,1,3.142847402953488
2007-10-17,2007-11-19,33,1,1,3.0598681310833467
2007-10-19,2007-11-26,38,1,1,3.1971481982552192
2007-10-24,2007-11-26,33,1,1,3.1013258965001493
2007-10-26,2007-11-26,31,1,1,2.987201922864098
2007-10-31,2007-11-19,19,1,1,2.9941050833157554
2007-11-06,2007-11-26,20,1,1,2.901387989043126
2007-11-08,2007-11-26,18,1,1,2.9192898288496045
2007-11-15,2008-01-04,50,1,1,3.1054736091359234
2007-11-19,2008-01-14,56,1,1,3.1200535743282245
2007-11-26,2007-12-14,18,1,0,-1.8105693358755477
2007-11-27,2008-01-22,56,1,1,3.710834712844096
2007-11-28,2008-01-17,50,1,1,3.761822803209408
2007-11-29,2008-01-22,54,1,1,3.7948355053426193
2007-12-03,2007-12-14,11,1,0,-1.905326468261384
2007-12-06,2008-01-22,47,1,1,3.6624287459832647
2007-12-07,2008-01-17,41,1,1,3.864873394230958
2007-12-11,2008-01-23,43,1,1,4.296919953172793
2007-12-12,2008-01-22,41,1,1,4.349536760366069
2007-12-13,2008-01-22,40,1,1,4.35718332507217
2007-12-18,2008-01-22,35,1,1,4.251292033569329
2007-12-20,2008-01-22,33,1,1,4.129324311447062
2007-12-21,2008-01-22,32,1,1,4.462990539498417
2007-12-27,2008-01-18,22,1,1,4.428832903099111
2007-12-28,2008-01-22,25,1,1,4.488466646795389
2008-01-04,2008-03-10,66,1,1,4.37889748464412
2008-01-10,2008-03-10,60,1,1,4.168212673743572
2008-01-11,2008-03-14,63,1,1,4.213703483739536
2008-01-15,2008-03-14,59,1,1,4.142964589109233
2008-01-17,2008-03-17,60,1,1,4.043922188534079
2008-01-23,2008-01-30,7,1,0,-1.9508168862981436
2008-01-24,2008-06-12,140,1,0,-2.3433274307430207
2008-01-30,2008-03-17,47,1,1,4.4557458584650895
2008-01-31,2008-06-12,133,1,0,-2.2646253883074876
2008-02-05,2008-05-29,114,1,0,-2.197511031194074
2008-02-07,2008-03-17,39,1,1,4.408345787629744
2008-02-11,2008-05-29,108,1,0,-2.1591621519665853
2008-02-14,2008-03-17,32,1,1,4.285763003270739
2008-02-21,2008-03-17,25,1,1,4.5447978437099765
2008-02-25,2008-03-14,18,1,1,4.592608066477287
2008-02-28,2008-06-12,105,1,0,-2.3576860922227283
2008-02-29,2008-05-14,75,1,0,-2.668041385827337
2008-03-07,2008-05-06,60,1,0,-2.5701820162761826
2008-03-10,2008-04-24,45,1,0,-2.5933653458296284
2008-03-11,2008-05-29,79,1,0,-2.7988922587521174
2008-03-12,2008-05-02,51,1,0,-2.875291862541506
2008-03-14,2008-04-23,40,1,0,-2.963309325914974
2008-03-18,2008-04-24,37,1,0,-2.998656240256097
2008-03-20,2008-04-16,27,1,0,-2.919583087531028
2008-03-31,2008-04-18,18,1,0,-2.6162052456034375
2008-04-01,2008-05-06,35,1,0,-2.7787134982338135
2008-04-04,2008-04-24,20,1,0,-2.7052188861456976
2008-04-07,2008-05-14,37,1,0,-2.738782863492723
2008-04-09,2008-04-24,15,1,0,-2.6801226729076535
2008-04-15,2008-05-14,29,1,0,-2.591503587299821
2008-04-16,2008-05-29,43,1,0,-2.6283495393190095
2008-04-24,2008-06-13,50,1,0,-2.385771339794171
2008-04-30,2008-06-12,43,1,0,-2.209100476749759
2008-05-02,2008-06-13,42,1,0,-2.20859609738955
2008-05-08,2008-05-29,21,1,0,-2.1101401385984513
2008-05-13,2008-06-13,31,1,0,-2.203152443088146
2008-05-15,2008-06-12,28,1,0,-2.211800819994977
2008-05-20,2008-05-29,9,1,0,-2.1158914110552662
2008-05-22,2008-09-03,104,1,1,4.372343412895718
2008-05-23,2008-06-12,20,1,0,-2.2424675345630956
2008-05-28,2008-09-02,97,1,1,4.5467726355322355
2008-06-02,2008-09-04,94,1,1,4.596791917771058
2008-06-03,2008-06-12,9,1,0,-2.363900174421556
2008-06-05,2008-09-04,91,1,1,4.6650580666284585
2008-06-06,2008-06-12,6,1,0,-2.3703706686278245
2008-06-09,2008-09-04,87,1,1,4.796250828034983
2008-06-10,2008-07-07,27,-1,0,-2.4977290763388926
2008-06-12,2008-07-02,20,-1,0,-2.571748037936811
2008-06-18,2008-07-08,20,-1,0,-2.4395058529654903
2008-06-20,2008-07-08,18,-1,0,-2.4312019290629125
2008-06-24,2008-07-09,15,-1,0,-2.3988160500163414
2008-06-26,2008-08-15,50,-1,0,-2.413364266172627
2008-07-02,2008-08-20,49,-1,0,-2.206073404791999
2008-07-09,2008-09-03,56,-1,0,-2.0853468050569934
2008-07-11,2008-09-15,66,1,1,4.559441640264156
2008-07-15,2008-07-23,8,1,0,-2.254320267372998
2008-07-17,2008-09-15,60,1,1,4.7281958568335645
2008-07-23,2008-09-03,42,1,1,4.406978555903265
2008-07-24,2008-09-15,53,1,1,4.75538308052902
2008-07-25,2008-09-15,52,1,1,4.81000102187646
2008-07-28,2008-09-15,49,1,1,4.916689494866435
2008-07-31,2008-09-17,48,1,1,4.738108810544437
2008-08-06,2008-09-15,40,1,1,4.325895792820637
2008-08-07,2008-10-15,69,1,0,-2.330020758481892
2008-08-11,2008-09-17,37,1,1,4.522349717037933
2008-08-12,2008-10-14,63,1,0,-2.3295487553941334
2008-08-15,2008-10-14,60,1,0,-2.216307554029296
2008-08-20,2008-10-14,55,1,0,-2.0997669043563074
2008-08-22,2008-10-14,53,1,0,-2.03456481833306
2008-08-25,2008-10-14,50,1,0,-2.1072468086341254
2008-09-04,2008-09-23,19,1,0,-1.8765173737275493
2008-09-08,2008-09-25,17,1,0,-1.8125163625870964
2008-09-09,2008-09-23,14,1,0,-1.8223487005547705
2008-09-12,2008-10-09,27,1,0,-1.839679536631696
2008-09-15,2008-09-22,7,1,0,-2.5626075724008825
2008-09-17,2008-09-19,2,1,0,-2.568915275250242
2008-09-19,2008-10-15,26,1,0,-3.5256292145340757
2008-09-25,2008-11-25,61,1,1,6.661649737086415
2008-09-29,2008-10-14,15,1,0,-3.560003983168776
2008-09-30,2008-11-28,59,1,1,7.769608678606324
2008-10-03,2008-10-14,11,1,0,-3.6637852870575065
2008-10-06,2008-10-09,3,1,0,-3.9815747824417542
2008-10-08,2008-12-01,54,1,1,8.651354877036068
2008-10-09,2008-11-26,48,1,1,8.79953232552702
2008-10-20,2008-11-25,36,1,1,8.015600008349118
2008-10-21,2008-11-28,38,1,1,8.25155334280486
2008-10-23,2008-12-01,39,1,1,8.017958882637247
2008-10-28,2008-11-26,29,1,1,7.647637742228596
2008-10-31,2008-11-20,20,1,1,7.205034413444779
2008-11-04,2008-11-28,24,1,1,7.352961995772759
2008-11-17,2008-12-01,14,1,1,6.38050596946617
2008-11-18,2008-12-03,15,1,1,6.478896113928187
2008-11-20,2008-12-16,26,1,1,6.829496274009092
2008-11-24,2008-12-04,10,1,1,6.78892772512165
2008-11-25,2008-12-16,21,1,1,7.344262228030748
2008-11-26,2008-12-18,22,1,1,7.466845270284848
2008-12-01,2009-05-18,168,1,1,0.109375
2008-12-04,2009-05-21,168,1,0,-2.625000000000014
2008-12-05,2009-05-22,168,1,0,-2.062500000000014
2008-12-11,2009-05-27,167,1,0,-3.7031597264287486
2008-12-16,2009-01-30,45,1,0,-3.8565472810829333
2008-12-18,2009-01-05,18,1,0,-3.772663530558804
2008-12-19,2009-01-29,41,1,0,-3.7876821304813846
2008-12-31,2009-02-04,35,1,0,-3.5855432317597087
2009-01-08,2009-02-06,29,1,0,-3.318558891075821
2009-01-12,2009-01-29,17,1,0,-3.235600590592632
2009-01-15,2009-01-23,8,1,0,-3.068199670664252
2009-01-21,2009-05-22,121,1,0,-3.263892322313135
2009-01-23,2009-05-26,123,1,0,-3.1528540046429843
2009-01-27,2009-02-09,13,1,0,-3.1499072618206485
2009-01-28,2009-05-26,118,1,0,-3.1683307861028234
2009-01-29,2009-05-27,118,1,0,-3.2189438150049448
2009-02-02,2009-05-27,114,1,0,-3.2010398082424913
2009-02-03,2009-06-01,118,1,0,-3.291345602296342
2009-02-09,2009-06-04,115,1,0,-3.047864488609902
2009-02-10,2009-05-27,106,1,0,-3.2712054802294017
2009-02-12,2009-05-26,103,1,0,-3.1779187705327354
2009-02-13,2009-05-27,103,1,0,-3.3590872478992084
2009-02-19,2009-06-01,102,1,0,-3.4147346312020868
2009-02-25,2009-06-05,100,1,0,-3.3547899576986437
2009-03-02,2009-05-27,86,1,0,-3.334567462839653
2009-03-04,2009-06-01,89,1,0,-3.251923920653213
2009-03-05,2009-05-27,83,1,0,-3.4753834286925427
2009-03-10,2009-05-27,78,1,0,-3.3063505480616087
2009-03-12,2009-05-27,76,1,0,-3.204067629493366
2009-03-17,2009-05-27,71,1,0,-3.0426234087293995
2009-03-18,2009-05-07,50,1,0,-4.921051682260685
2009-03-24,2009-05-22,59,1,0,-4.498427197169123
2009-04-01,2009-05-07,36,1,0,-3.9982341870970632
2009-04-03,2009-05-27,54,1,0,-4.078414469180606
2009-04-14,2009-05-21,37,1,0,-3.6689042639933183
2009-04-17,2009-05-26,39,1,0,-3.5394818515819044
2009-04-22,2009-05-27,35,1,0,-3.410546997240529
2009-04-29,2009-05-27,28,1,0,-3.1862570979056346
2009-05-07,2009-06-01,25,1,0,-2.8522276749251745
2009-05-11,2009-05-27,16,1,0,-2.8298663382388196
2009-05-18,2009-05-27,9,1,0,-2.593833197988462
2009-05-21,2009-06-01,11,1,0,-2.5898814893553133
2009-05-22,2009-06-05,14,1,0,-2.6119172694517014
2009-05-27,2009-09-01,97,-1,0,-2.7849178303820876
2009-05-29,2009-10-01,125,-1,0,-2.811307026204541
2009-06-01,2009-07-08,37,-1,0,-3.082313684281285
2009-06-03,2009-09-02,91,-1,0,-2.977276861827377
2009-06-04,2009-07-08,34,-1,0,-3.0806654940733242
2009-06-05,2009-07-02,27,-1,0,-3.3298716498620995
2009-06-11,2009-07-07,26,-1,0,-3.099189093514883
2009-06-15,2009-07-08,23,-1,0,-2.9863837941930442
2009-06-18,2009-07-07,19,-1,0,-3.0269103960008676
2009-06-22,2009-07-08,16,-1,0,-2.972536453370229
2009-06-25,2009-09-02,69,-1,0,-2.9245913406408452
2009-07-07,2009-10-01,86,-1,0,-2.5934243881156904
2009-07-08,2009-11-24,139,-1,0,-2.7989442302464003
2009-07-09,2009-10-07,90,-1,0,-2.8127086013890863
2009-07-10,2009-11-25,138,-1,0,-2.8434652173908797
2009-07-14,2009-10-01,79,-1,0,-2.764617703565336
2009-07-15,2009-09-29,76,-1,0,-2.861964064593322
2009-07-21,2009-10-01,72,-1,0,-2.791236412875141
2009-07-23,2009-09-02,41,-1,0,-2.901151646753488
2009-07-31,2009-10-01,62,-1,0,-2.7053950940406244
2009-08-03,2009-09-02,30,-1,0,-2.8125141304740366
2009-08-07,2009-08-17,10,-1,0,-2.688892152883899
2009-08-10,2009-08-31,21,-1,0,-2.6952071853289086
2009-08-13,2009-09-30,48,-1,0,-2.636381260230569
2009-08-17,2009-10-01,45,-1,0,-2.5510835172997903
2009-08-21,2009-09-30,40,-1,0,-2.4957035391946665
2009-08-25,2009-10-01,37,-1,0,-2.41346401835262
2009-08-31,2009-10-07,37,-1,0,-2.2362234738505746
2009-09-02,2009-11-25,84,-1,0,-2.190899742928188
2009-09-04,2010-02-19,168,1,1,1.3593750000000142
2009-09-10,2010-02-25,168,1,1,1.828125
2009-09-15,2010-03-02,168,1,1,2.812500000000014
2009-09-18,2009-11-27,70,1,1,4.227046321876788
2009-09-23,2010-03-10,168,1,1,2.03125
2009-09-25,2010-03-12,168,1,1,1.40625
2009-10-01,2009-10-26,25,1,0,-1.9431011232512083
2009-10-07,2009-10-15,8,1,0,-1.8337110375311945
2009-10-08,2009-10-26,18,1,0,-1.8567434827421754
2009-10-09,2010-03-26,168,1,1,0.265625
2009-10-14,2010-03-31,168,1,1,0.6875
2009-10-20,2009-12-31,72,1,0,-1.9326092046604522
2009-10-21,2010-04-07,168,1,1,0.59375
2009-10-26,2009-11-27,32,1,1,3.811167603581151
2009-10-27,2010-04-13,168,1,1,1.25
2009-10-29,2010-04-15,168,1,1,1.265625
2009-10-30,2010-04-16,168,1,1,1.0625
2009-11-04,2010-04-21,168,1,1,1.953125
2009-11-06,2010-04-23,168,1,1,0.625
2009-11-11,2009-12-24,43,1,0,-1.8264774187015527
2009-11-16,2009-12-21,35,1,0,-1.8168777200575459
2009-11-24,2009-12-15,21,1,0,-1.646371649597138
2009-11-30,2009-12-04,4,1,0,-1.59463598014124
2009-12-02,2009-12-15,13,1,0,-1.6012577790264795
2009-12-04,2009-12-24,20,1,0,-1.7479929079063123
2009-12-08,2009-12-21,13,1,0,-1.7672314768789956
2009-12-10,2009-12-22,12,1,0,-1.734766467912008
2009-12-11,2009-12-24,13,1,0,-1.748983694401497
2009-12-15,2010-05-06,142,1,1,3.4130171615374474
2009-12-17,2009-12-22,5,1,0,-1.7735090698468812
2009-12-18,2009-12-24,6,1,0,-1.7754789529272634
2009-12-21,2010-05-06,136,1,1,3.858220858983222
2009-12-23,2010-05-05,133,1,1,3.7382477242039007
2009-12-31,2010-04-27,117,1,1,3.5255676465502392
2010-01-05,2010-05-05,120,1,1,3.6519438928642534
2010-01-12,2010-02-05,24,-1,0,-1.7507412476845248
2010-01-15,2010-04-27,102,-1,0,-1.7450266137817665
2010-01-21,2010-05-06,105,1,1,3.438408904168421
2010-01-29,2010-04-05,66,1,0,-1.5461756323148537
2010-02-03,2010-05-06,92,1,1,3.023246150818579
2010-02-04,2010-04-05,60,1,0,-1.591190409254765
2010-02-05,2010-02-18,13,1,0,-1.6438865183093174
2010-02-09,2010-04-05,55,1,0,-1.6111354703388272
2010-02-11,2010-05-06,84,1,1,3.1243032065022
2010-02-17,2010-05-06,78,1,1,3.241116682316906
2010-02-18,2010-05-06,77,1,1,3.26844312800044
2010-02-23,2010-05-18,84,1,1,3.394566806015089
2010-02-25,2010-04-02,36,1,0,-1.6627975771234742
2010-03-04,2010-03-25,21,1,0,-1.493265357859559
2010-03-05,2010-04-02,28,1,0,-1.514638771303001
2010-03-16,2010-03-25,9,1,0,-1.3621998737348517
2010-03-19,2010-03-25,6,1,0,-1.2872677396857977
2010-03-24,2010-05-06,43,1,1,3.2368831400367113
2010-03-25,2010-05-06,42,1,1,3.3031156639060075
2010-03-31,2010-05-06,36,1,1,3.106885292730862
2010-04-02,2010-05-05,33,1,1,3.2201806145811243
2010-04-07,2010-05-06,29,1,1,3.3777747190977037
2010-04-12,2010-05-06,24,1,1,3.2103120943757055
2010-04-16,2010-05-20,34,1,1,3.2393176415961227
2010-04-21,2010-05-20,29,1,1,3.130101351667109
2010-04-23,2010-05-06,13,1,1,3.112055919840887
2010-04-27,2010-05-21,24,1,1,3.536615094057534
2010-04-28,2010-05-20,22,1,1,3.6414817049299866
2010-04-30,2010-05-25,25,1,1,3.640398478068599
2010-05-04,2010-06-23,50,1,1,3.7255284070061214
2010-05-05,2010-06-28,54,1,1,3.7534928820818467
2010-05-06,2010-07-21,76,1,1,4.287688581864026
2010-05-10,2010-06-29,50,1,1,4.307992445267289
2010-05-14,2010-07-16,63,1,1,4.232162404896452
2010-05-18,2010-07-30,73,1,1,4.18589676841541
2010-05-20,2010-08-06,78,1,1,4.171579298915112
2010-05-25,2010-08-10,77,1,1,4.019105196472737
2010-05-26,2010-08-06,72,1,1,4.024466113821616
2010-05-27,2010-07-30,64,1,1,4.202931848868541
2010-06-03,2010-07-21,48,1,1,4.002099884370471
2010-06-04,2010-08-11,68,1,1,4.641560977758909
2010-06-10,2010-08-06,57,1,1,4.589832646173389
2010-06-11,2010-08-11,61,1,1,4.7038001162767396
2010-06-15,2010-08-06,52,1,1,4.573672082619312
2010-06-17,2010-08-11,55,1,1,4.510748781044724
2010-06-22,2010-08-11,50,1,1,4.349911284527997
2010-06-25,2010-08-11,47,1,1,4.110605935169532
2010-06-28,2010-08-24,57,1,1,4.174967316822784
2010-07-07,2010-08-24,48,1,1,3.7946780371205002
2010-07-09,2010-08-11,33,1,1,3.6622223059745753
2010-07-13,2010-08-11,29,1,1,3.587216320085242
2010-07-14,2010-08-16,33,1,1,3.646127552723795
2010-07-15,2010-08-31,47,1,1,3.6859958049616703
2010-07-20,2010-09-27,69,1,1,3.519178756629587
2010-07-23,2010-08-16,24,1,1,3.4567810293088033
2010-07-28,2010-08-24,27,1,1,3.414847898245205
2010-07-30,2010-10-05,67,1,1,3.513450967959436
2010-08-03,2010-10-06,64,1,1,3.55206024239317
2010-08-06,2010-10-11,66,1,1,3.5941051785698925
2010-08-10,2010-11-04,86,1,1,3.5175455663355923
2010-08-11,2010-12-07,118,1,0,-1.8030855824589154
2010-08-16,2010-09-10,25,1,0,-1.7867895536008431
2010-08-17,2010-12-07,112,1,0,-1.8052056152732978
2010-08-24,2010-09-09,16,1,0,-1.7876077807084199
2010-08-25,2010-12-07,104,1,0,-1.7953996243919674
2010-08-27,2010-12-07,102,1,0,-1.95625564575372
2010-08-30,2010-12-07,99,1,0,-2.0829580754220998
2010-09-01,2010-12-07,97,1,0,-2.1340401110169975
2010-09-03,2010-12-08,96,1,0,-2.093652560449099
2010-09-09,2010-12-10,92,1,0,-2.145018831967383
2010-09-14,2010-12-07,84,1,0,-2.1005655232994473
2010-09-16,2010-12-08,83,1,0,-2.023104088943779
2010-09-20,2010-12-07,78,1,0,-1.9473265966428657
2010-09-21,2010-12-07,77,1,0,-2.086446280231785
2010-09-27,2010-12-01,65,1,0,-2.024758125071472
2010-10-04,2010-11-18,45,1,0,-1.8737160898160383
2010-10-06,2010-10-27,21,1,0,-1.8317250888302103
2010-10-14,2010-11-15,32,1,0,-1.6867877092086654
2010-10-15,2010-11-18,34,1,0,-1.6900044784380146
2010-10-18,2010-11-15,28,1,0,-1.7486682447747253
2010-10-22,2010-11-15,24,1,0,-1.6334262922858815
2010-10-26,2010-12-01,36,1,0,-1.6743510155366315
2010-10-27,2010-12-02,36,1,0,-1.6921225597063356
2010-10-28,2010-12-01,34,1,0,-1.7459768416888481
2010-11-01,2010-11-18,17,1,0,-1.6991932286372475
2010-11-04,2010-11-15,11,1,0,-1.900082648601895
2010-11-09,2010-11-18,9,1,0,-1.9299558162945047
2010-11-11,2010-11-18,7,1,0,-1.922168669419053
2010-11-12,2010-12-01,19,1,0,-1.936298940378629
2010-11-15,2010-12-07,22,1,0,-2.1588014544385117
2010-11-18,2010-12-07,19,1,0,-2.0487468362795926
2010-11-22,2010-12-07,15,1,0,-2.0140123257435616
2010-11-24,2010-12-08,14,1,0,-2.1788713701232822
2010-12-01,2010-12-10,9,1,0,-2.3333761932036796
2010-12-06,2010-12-08,2,1,0,-2.2804598357731902
2010-12-07,2011-02-08,63,1,0,-2.8184387893736407
2010-12-10,2011-05-27,168,1,1,4.90625
2010-12-14,2011-03-16,92,-1,0,-2.8724360848707824
2010-12-17,2011-05-05,139,-1,0,-2.8461618469875214
2010-12-23,2011-03-16,83,-1,0,-2.6095379110595576
2010-12-28,2011-03-16,78,-1,0,-2.675546320193724
2010-12-29,2011-05-05,127,-1,0,-2.826464568312695
2011-01-05,2011-03-16,70,-1,0,-2.713727998670044
2011-01-07,2011-05-06,119,-1,0,-2.736993326479088
2011-01-20,2011-03-16,55,-1,0,-2.5097670664519263
2011-01-25,2011-05-06,101,-1,0,-2.420959369329403
2011-01-26,2011-05-03,97,-1,0,-2.4349794387317996
2011-01-28,2011-05-06,98,-1,0,-2.382014730618722
2011-02-01,2011-05-03,91,-1,0,-2.3278603999194916
2011-02-03,2011-03-16,41,-1,0,-2.276021852370004
2011-02-04,2011-03-11,35,-1,0,-2.3477823603014176
2011-02-08,2011-02-28,20,-1,0,-2.2995426072888066
2011-02-09,2011-03-10,29,-1,0,-2.303374186405624
2011-02-17,2011-03-14,25,-1,0,-2.067300590069213
2011-02-28,2011-03-16,16,-1,0,-1.848829112340639
2011-03-03,2011-03-14,11,-1,0,-1.9222537446803796
2011-03-04,2011-03-16,12,-1,0,-2.004573345749877
2011-03-09,2011-03-16,7,-1,0,-1.940717483451635
2011-03-10,2011-05-04,55,-1,0,-1.9933822878580276
2011-03-14,2011-05-06,53,-1,0,-1.9465657793548512
2011-03-16,2011-05-26,71,-1,0,-2.0236761681042776
2011-03-18,2011-05-16,59,-1,0,-1.9545320726714295
2011-03-22,2011-05-05,44,-1,0,-1.909337148521418
2011-03-24,2011-05-03,40,-1,0,-1.8629399761649108
2011-03-29,2011-04-26,28,-1,0,-1.7701083110761673
2011-04-04,2011-04-28,24,-1,0,-1.6431608701543874
2011-04-05,2011-04-26,21,-1,0,-1.6520401252530756
2011-04-12,2011-04-28,16,-1,0,-1.5989344495467914
2011-04-15,2011-05-03,18,-1,0,-1.6060447977934764
2011-04-19,2011-05-05,16,-1,0,-1.5613745076050263
2011-04-26,2011-05-06,10,-1,0,-1.5075169243599678
2011-04-28,2011-06-01,34,1,1,3.0491371354543193
2011-05-03,2011-06-01,29,1,1,2.8690590888055585
2011-05-05,2011-06-08,34,1,1,2.8502438031139805
2011-05-09,2011-06-16,38,1,1,2.754955396701307
2011-05-10,2011-06-08,29,1,1,2.767722940599903
2011-05-13,2011-06-16,34,1,1,2.7227214470901093
2011-05-17,2011-06-23,37,1,1,2.6444137158916954
2011-05-18,2011-06-16,29,1,1,2.6779474800220258
2011-05-23,2011-06-16,24,1,1,2.530639847049126
2011-05-26,2011-07-29,64,1,1,2.590083213197698
2011-06-01,2011-08-01,61,1,1,2.7931376569842654
2011-06-03,2011-08-01,59,1,1,2.7952567357408076
2011-06-08,2011-06-30,22,1,0,-1.357880376785511
2011-06-09,2011-08-01,53,1,1,2.768324384371314
2011-06-14,2011-07-29,45,1,1,2.992223386844679
2011-06-15,2011-08-04,50,1,1,3.575451825565719
2011-06-16,2011-06-30,14,1,0,-1.7889727652408638
2011-06-21,2011-08-03,43,1,1,3.3549582947066368
2011-06-23,2011-06-30,7,1,0,-1.708182674196237
2011-06-28,2011-08-04,37,1,1,3.807152062591646
2011-06-29,2011-08-02,34,1,1,3.810573150631153
2011-06-30,2011-08-02,33,1,1,3.8269080991703315
2011-07-07,2011-08-02,26,1,1,3.746986871472873
2011-07-08,2011-08-08,31,1,1,4.282279192701075
2011-07-11,2011-08-09,29,1,1,4.428944635015044
2011-07-21,2011-08-04,14,1,1,3.917436454129972
2011-07-26,2011-08-08,13,1,1,3.757929653571768
2011-07-29,2011-08-09,11,1,1,4.13393340413688
2011-08-02,2011-09-02,31,1,1,4.261439668918176
2011-08-04,2011-09-22,49,1,1,4.395796960367493
2011-08-05,2011-09-09,35,1,1,4.6112808004867025
2011-08-08,2012-01-23,168,1,1,3.078125
2011-08-09,2012-01-24,168,1,1,1.9375
2011-08-11,2012-01-26,168,1,1,3.890625
2011-08-16,2012-01-31,168,1,1,3.84375
2011-08-18,2012-02-02,168,1,1,3.0625
2011-08-24,2012-02-08,168,1,1,3.1875
2011-08-26,2012-02-10,168,1,1,2.78125
2011-08-30,2012-02-14,168,1,1,2.8125
2011-09-02,2011-10-10,38,1,0,-2.3792418510083757
2011-09-09,2011-10-10,31,1,0,-2.2981229372732135
2011-09-13,2011-10-10,27,1,0,-2.228328796609959
2011-09-15,2012-03-01,168,1,1,2.03125
2011-09-19,2011-10-10,21,1,0,-2.2468318080332397
2011-09-22,2011-10-07,15,1,0,-2.2787650143197973
2011-09-23,2011-10-10,17,1,0,-2.3283927376977256
2011-09-26,2011-10-10,14,1,0,-2.3372723640849675
2011-09-27,2012-03-13,168,1,1,1.546875
2011-10-03,2011-10-10,7,1,0,-2.3123854529510384
2011-10-05,2011-10-10,5,1,0,-2.3229410428216144
2011-10-06,2012-03-22,168,1,1,0.203125
2011-10-07,2012-03-23,168,1,1,1.140625
2011-10-10,2012-01-30,112,1,1,5.114535565498995
2011-10-11,2012-03-27,168,1,1,2.34375
2011-10-17,2012-04-02,168,1,1,1.96875
2011-10-25,2012-04-10,168,1,1,3.453125
2011-10-27,2012-01-13,78,1,1,4.892382738893912
2011-10-28,2012-04-13,168,1,1,4.421875
2011-10-31,2012-04-16,168,1,1,3.609375
2011-11-01,2012-04-17,168,1,1,2.15625
2011-11-09,2012-04-25,168,1,1,1.859375
2011-11-11,2012-04-27,168,1,1,3.3671875
2011-11-14,2012-04-30,168,1,1,2.8125
2011-11-23,2012-03-19,117,1,0,-2.193067102351272
2011-11-30,2012-05-14,166,1,1,4.140880768307908
2011-12-02,2012-05-17,167,1,1,4.062465520463086
2011-12-07,2012-05-17,162,1,1,3.957855315364335
2011-12-09,2012-05-17,160,1,1,3.942354895790756
2011-12-13,2012-03-19,97,1,0,-1.9152378119139488
2011-12-16,2012-03-14,89,1,0,-1.8421835848050825
2011-12-20,2012-03-19,90,1,0,-1.8646240706944357
2011-12-23,2012-05-14,143,1,1,3.6296027571150793
2011-12-28,2012-03-19,82,1,0,-1.8994617256231172
2012-01-06,2012-03-16,70,1,0,-1.7094052810001816
2012-01-11,2012-03-14,63,1,0,-1.6482319341401437
2012-01-13,2012-03-14,61,1,0,-1.6616028973537031
2012-01-19,2012-03-16,57,1,0,-1.6797770357147197
2012-01-20,2012-03-19,59,1,0,-1.683357759131672
2012-01-25,2012-03-14,49,1,0,-1.690228910344852
2012-01-26,2012-03-14,48,1,0,-1.7536142373387793
2012-01-30,2012-03-14,44,1,0,-1.7069202379698458
2012-02-03,2012-03-14,40,1,0,-1.747323585449949
2012-02-07,2012-03-14,36,1,0,-1.748701972985498
2012-02-10,2012-03-14,33,1,0,-1.7308745250244173
2012-02-15,2012-03-14,28,1,0,-1.6573358083187737
2012-02-16,2012-03-14,27,1,0,-1.7004279262758717
2012-02-23,2012-03-14,20,1,0,-1.6205900838928384
2012-02-27,2012-03-14,16,1,0,-1.5885708436943085
2012-02-29,2012-03-14,14,1,0,-1.5595850114952603
2012-03-01,2012-03-14,13,1,0,-1.5662288945670226
2012-03-02,2012-03-14,12,1,0,-1.6073407549949719
2012-03-06,2012-03-14,8,1,0,-1.6147054632835347
2012-03-08,2012-03-14,6,1,0,-1.569250447203957
2012-03-13,2012-03-19,6,1,0,-1.5652319971866677
2012-03-14,2012-05-08,55,1,1,3.9016785912046203
2012-03-19,2012-04-23,35,1,1,3.8229106616646362
2012-03-21,2012-05-04,44,1,1,3.8086701024346943
2012-03-23,2012-05-08,46,1,1,3.6734099637305477
2012-03-27,2012-05-14,48,1,1,3.6169253136988413
2012-04-03,2012-04-06,3,-1,0,-1.8049474937965735
2012-04-04,2012-04-10,6,-1,0,-1.8053258695023469
2012-04-05,2012-04-23,18,-1,0,-1.838007799314161
2012-04-06,2012-06-01,56,1,1,4.069025362084981
2012-04-10,2012-06-01,52,1,1,3.953025812723078
2012-04-16,2012-06-01,46,1,1,3.683057663443139
2012-04-23,2012-06-01,39,1,1,3.3455649200728517
2012-04-27,2012-06-01,35,1,1,3.0980584036997243
2012-05-04,2012-06-01,28,1,1,2.9207198759205744
2012-05-11,2012-07-16,66,1,1,2.6735890848961206
2012-05-14,2012-07-24,71,1,1,2.6774614217821875
2012-05-17,2012-11-01,168,1,1,1.125
2012-05-22,2012-07-16,55,1,1,2.4557707076681194
2012-05-23,2012-11-07,168,1,1,1.84375
2012-05-30,2012-11-14,168,1,1,1.421875
2012-06-01,2012-06-22,21,1,0,-1.5675948349400357
2012-06-04,2012-08-16,73,1,0,-1.6318107122776662
2012-06-06,2012-11-21,168,1,1,1.171875
2012-06-11,2012-11-26,168,1,1,0.84375
2012-06-12,2012-11-27,168,1,1,1.578125
2012-06-13,2012-11-28,168,1,1,1.34375
2012-06-20,2012-12-05,168,1,1,2.171875
2012-06-25,2012-12-10,168,1,1,1.640625
2012-06-28,2012-08-16,49,1,0,-1.4462103366355235
2012-06-29,2012-12-14,168,1,1,1.0
2012-07-02,2012-08-16,45,1,0,-1.5630789964783511
2012-07-06,2012-08-15,40,1,0,-1.5636385549457068
2012-07-16,2012-08-14,29,1,0,-1.3755149038077705
2012-07-19,2012-08-15,27,1,0,-1.329574907117726
2012-07-20,2012-08-08,19,1,0,-1.3537008391647154
2012-07-24,2012-08-03,10,1,0,-1.3059093118071474
2012-07-27,2012-08-15,19,1,0,-1.4667175357421673
2012-07-30,2012-08-15,16,1,0,-1.4821681123175257
2012-08-01,2012-08-15,14,1,0,-1.4796323276870964
2012-08-02,2012-08-15,13,1,0,-1.5018746565142838
2012-08-03,2013-01-18,168,1,0,-0.1875
2012-08-07,2013-01-22,168,1,1,0.265625
2012-08-14,2013-01-29,168,1,0,-0.34375
2012-08-15,2013-01-30,168,1,1,0.1875
2012-08-22,2013-02-06,168,1,0,-0.125
2012-08-27,2013-02-11,168,1,0,-0.546875
2012-08-30,2013-01-28,151,1,0,-1.4021844188257677
2012-08-31,2012-09-14,14,1,0,-1.4612316379266732
2012-09-06,2013-02-21,168,1,0,-0.4375
2012-09-12,2013-02-27,168,1,1,0.75
2012-09-13,2013-02-28,168,1,1,0.4375
2012-09-14,2013-03-01,168,1,1,1.546875
2012-09-19,2013-03-06,168,1,1,0.48436999999997
2012-09-24,2013-03-11,168,1,0,-1.046875
2012-09-26,2012-10-17,21,1,0,-1.4442050335357866
2012-10-05,2013-03-22,168,1,1,0.24999499999997
2012-10-08,2012-10-25,17,1,0,-1.3281403858844512
2012-10-16,2013-02-01,108,1,0,-1.2254623423290407
2012-10-17,2013-04-03,168,1,1,1.984375
2012-10-19,2013-04-05,168,1,1,2.421875
2012-10-25,2013-04-05,162,1,1,2.6952742665953697
2012-10-26,2013-04-12,168,1,1,2.0781299999999874
2012-10-31,2013-02-01,93,1,0,-1.3862176120341394
2012-11-05,2013-01-28,84,1,0,-1.3350321934259488
2012-11-06,2013-04-23,168,1,1,2.03124499999997
2012-11-07,2013-01-04,58,1,0,-1.5383446912603949
2012-11-13,2012-12-18,35,1,0,-1.4153066695109024
2012-11-20,2013-01-03,44,1,0,-1.3032170058927406
2012-11-27,2012-12-18,21,1,0,-1.243541769548993
2012-11-29,2012-12-18,19,1,0,-1.2045760121545959
2012-12-05,2012-12-17,12,1,0,-1.1219439913404563
2012-12-07,2012-12-17,10,1,0,-1.1039896083789562
2012-12-12,2012-12-18,6,1,0,-1.0856709657539214
2012-12-13,2013-01-03,21,1,0,-1.0981257605971184
2012-12-17,2013-01-28,42,1,0,-1.1060320374851342
2012-12-18,2013-04-05,108,1,1,2.303388232188696
2012-12-21,2013-01-28,38,1,0,-1.1215628703844946
2012-12-27,2013-01-03,7,1,0,-1.1421605168256344
2013-01-03,2013-04-04,91,1,1,2.3408562039599596
2013-01-08,2013-04-05,87,1,1,2.2355374158994383
2013-01-10,2013-03-01,50,-1,0,-1.1195884891827912
2013-01-14,2013-03-27,72,-1,0,-1.0818886229932916
2013-01-16,2013-04-03,77,-1,0,-1.0482796371495986
2013-01-17,2013-03-27,69,-1,0,-1.0891870823138556
2013-01-23,2013-04-03,70,-1,0,-1.0578776590767085
2013-01-25,2013-02-26,32,-1,0,-1.2496375285538561
2013-02-01,2013-02-25,24,-1,0,-1.1216753704504248
2013-02-04,2013-02-26,22,-1,0,-1.1435680368221834
2013-02-06,2013-03-01,23,-1,0,-1.167231741769522
2013-02-12,2013-02-26,14,-1,0,-1.0840285200740445
2013-02-13,2013-02-25,12,-1,0,-1.086113801918209
2013-02-14,2013-02-26,12,-1,0,-1.1192373658797161
2013-02-21,2013-03-01,8,-1,0,-1.080822828950815
2013-02-25,2013-04-04,38,-1,0,-1.1599153765111798
2013-03-01,2013-04-05,35,-1,0,-1.0859724633025158
2013-03-06,2013-04-03,28,-1,0,-1.0590445906323553
2013-03-07,2013-03-27,20,-1,0,-1.1194588470418407
2013-03-08,2013-03-19,11,-1,0,-1.179206811678611
2013-03-15,2013-03-27,12,-1,0,-1.1210477351924253
2013-03-18,2013-04-03,16,-1,0,-1.1278455671549463
2013-03-19,2013-04-04,16,-1,0,-1.1453196190162496
2013-03-26,2013-04-04,9,-1,0,-1.0288515482179317
2013-03-27,2013-05-28,62,1,0,-1.0714452484270642
2013-04-02,2013-05-28,56,1,0,-1.030960963420918
2013-04-03,2013-05-22,49,1,0,-1.0733666289823374
2013-04-04,2013-05-14,40,1,0,-1.116975883447025
2013-04-05,2013-05-13,38,1,0,-1.1240010533767966
2013-04-08,2013-05-14,36,1,0,-1.1272599022020373
2013-04-10,2013-05-22,42,1,0,-1.127190157552434
2013-04-12,2013-05-14,32,1,0,-1.1452852397036208
2013-04-26,2013-05-10,14,1,0,-0.9670931525045678
2013-05-01,2013-05-06,5,1,0,-0.9266773009992708
2013-05-03,2013-05-14,11,1,0,-1.1242842291320332
2013-05-10,2013-05-28,18,1,0,-1.1625004465523676
2013-05-14,2013-05-28,14,1,0,-1.1308121167000245
2013-05-16,2013-05-22,6,1,0,-1.2159088284309065
2013-05-17,2013-05-28,11,1,0,-1.3044454770604332
2013-05-22,2013-06-10,19,1,0,-1.3521406469950041
2013-06-05,2013-06-20,15,-1,1,2.307805482647362
2013-06-07,2013-06-21,14,-1,1,2.5604146654758666
2013-06-10,2013-06-24,14,-1,1,2.57022179909529
2013-06-13,2013-06-21,8,-1,1,2.5163737395907835
2013-06-14,2013-06-21,7,-1,1,2.67276878119996
2013-06-18,2013-06-21,3,-1,1,2.595120489887092
2013-06-19,2013-08-22,64,-1,1,3.4702293280502903
2013-06-20,2013-12-05,168,-1,1,0.34375
2013-06-21,2013-10-22,123,-1,0,-1.9409908171722177
2013-06-25,2013-10-03,100,-1,0,-1.8773220769204875
2013-06-27,2013-10-22,117,-1,0,-1.8773531929445189
2013-07-08,2013-07-19,11,-1,0,-1.7644132122454732
2013-07-11,2013-10-22,103,-1,0,-1.8949505698746039
2013-07-16,2013-10-22,98,-1,0,-1.8015838049649813
2013-07-19,2013-09-05,48,-1,1,3.4982483413232024
2013-07-24,2013-10-22,90,-1,0,-1.693395875323881
2013-08-01,2013-09-25,55,-1,0,-1.773620887763919
2013-08-02,2013-10-23,82,-1,0,-2.0362815837591928
2013-08-08,2013-10-29,82,-1,0,-1.8705354773793952
2013-08-13,2013-10-03,51,-1,0,-1.9252222919066295
2013-08-16,2013-09-24,39,-1,0,-1.8587790928693306
2013-08-20,2013-09-24,35,-1,0,-1.864990990264977
2013-08-22,2013-09-18,27,-1,0,-1.8599401968990863
2013-08-23,2013-09-24,32,-1,0,-1.8890339883969702
2013-08-27,2013-10-03,37,-1,0,-1.9040402679329989
2013-08-28,2013-09-25,28,-1,0,-1.9122762123539707
2013-09-04,2013-09-18,14,-1,0,-1.8372745903669696
2013-09-05,2013-09-18,13,-1,0,-1.8933895595961518
2013-09-06,2013-09-18,12,-1,0,-1.9056387572591833
2013-09-12,2013-09-18,6,-1,0,-1.8344621096388358
2013-09-16,2013-09-24,8,-1,0,-1.7864472211990372
2013-09-18,2014-03-03,166,-1,0,-2.1344338023340317
2013-09-24,2014-03-11,168,-1,0,-0.640625
2013-10-02,2014-03-19,168,-1,1,0.1875
2013-10-04,2014-03-21,168,-1,0,-0.140625
2013-10-14,2013-10-22,8,-1,0,-1.566896039026972
2013-10-16,2014-04-02,168,-1,1,0.5625
2013-10-17,2014-04-03,168,-1,1,1.078125
2013-10-22,2014-04-08,168,-1,0,
2013-10-31,2013-12-05,35,1,0,-1.4064922606121664
2013-11-01,2013-12-19,48,1,0,-1.433558755406916
2013-11-05,2013-12-19,44,1,0,-1.4226106016568458
2013-11-06,2013-12-19,43,1,0,-1.4299301347440476
2013-11-08,2013-12-24,46,1,0,-1.6838473570071133
2013-11-13,2013-12-19,36,1,0,-1.728546544099233
2013-11-18,2013-12-19,31,1,0,-1.6390400714271087
2013-11-20,2013-12-24,34,1,0,-1.6377211829043927
2013-11-26,2013-12-06,10,1,0,-1.5312653025814977
2013-11-28,2013-12-19,21,1,0,-1.4819868322266667
2013-12-02,2013-12-24,22,1,0,-1.4816409751353026
2013-12-04,2013-12-24,20,1,0,-1.4868306865957877
2013-12-06,2014-05-14,159,1,1,2.86945703419244
2013-12-10,2013-12-24,14,1,0,-1.447550928564045
2013-12-12,2014-05-14,153,1,1,2.860560392867057
2013-12-19,2014-01-29,41,-1,0,-1.4248093945503109
2013-12-24,2014-01-13,20,-1,0,-1.3906835963618365
2014-01-07,2014-01-24,17,-1,0,-1.252677112681315
2014-01-08,2014-01-13,5,-1,0,-1.3259422173321944
2014-01-10,2014-02-03,24,-1,0,-1.5407317195873833
2014-01-14,2014-01-31,17,-1,0,-1.5279240431539072
2014-01-17,2014-02-03,17,-1,0,-1.455297097565998
2014-01-22,2014-01-29,7,-1,0,-1.4651602151129683
2014-01-23,2014-02-03,11,-1,0,-1.6023372719725353
2014-01-29,2014-05-15,106,-1,0,-1.5759105250698566
2014-02-03,2014-07-21,168,-1,0,-1.171875
2014-02-05,2014-07-23,168,1,1,1.84375
2014-02-11,2014-07-29,168,1,1,2.109375
2014-02-13,2014-07-31,168,1,0,
2014-02-20,2014-08-07,168,1,1,2.6015625
2014-02-25,2014-08-12,168,1,1,2.3125
2014-02-27,2014-03-20,21,1,0,-1.3377812208160738
2014-03-03,2014-03-07,4,1,0,-1.3475132213741914
2014-03-04,2014-08-15,164,1,1,2.877174682002703
2014-03-07,2014-05-28,82,1,1,2.833533232557117
2014-03-12,2014-08-08,149,1,1,2.7119668617653754
2014-03-13,2014-04-02,20,1,0,-1.414171669772438
2014-03-17,2014-04-02,16,1,0,-1.3784652704030074
2014-03-19,2014-08-08,142,1,1,3.1747799193025767
2014-03-26,2014-08-08,135,1,1,3.0439122175189586
2014-04-01,2014-05-28,57,1,1,2.8209993211844373
2014-04-02,2014-05-15,43,1,1,2.866560057214379
2014-04-16,2014-08-08,114,1,1,2.57865635193997
2014-04-17,2014-08-07,112,1,1,2.7981235055533804
2014-04-25,2014-08-08,105,1,1,2.6014120645895504
2014-05-07,2014-08-15,100,1,1,2.3184185134555895
2014-05-12,2014-08-14,94,1,1,2.213693742053006
2014-05-13,2014-08-15,94,1,1,2.243555879496744
2014-05-14,2014-10-13,152,1,1,2.3843218816265535
2014-05-15,2014-06-17,33,1,0,-1.1951193761966867
2014-05-28,2014-06-03,6,1,0,-1.1480602822849464
2014-05-30,2014-06-09,10,1,0,-1.1154245597477994
2014-06-02,2014-10-10,130,1,1,2.3109204668825307
2014-06-03,2014-10-08,127,1,1,2.403426873038526
2014-06-09,2014-08-15,67,1,1,2.319383942854636
2014-06-12,2014-08-15,64,1,1,2.199383247109203
2014-06-17,2014-08-08,52,1,1,2.172053950462604
2014-06-18,2014-10-08,112,1,1,2.2875114634760187
2014-06-24,2014-10-08,106,1,1,2.128117683409907
2014-06-26,2014-10-10,106,1,1,2.105418568642316
2014-07-01,2014-10-08,99,1,1,2.0170228967482027
2014-07-02,2014-08-15,44,1,1,2.105823721897487
2014-07-08,2014-10-08,92,1,1,2.11814969378866
2014-07-10,2014-10-10,92,1,1,2.0616801299135954
2014-07-15,2014-10-08,85,1,1,1.9894445302795707
2014-07-17,2014-09-18,63,1,0,-1.0772962390286411
2014-07-24,2014-10-10,78,1,1,2.082103542436668
2014-07-25,2014-10-13,80,1,1,2.1205005077471584
2014-07-30,2014-10-10,72,1,1,2.3990270727062075
2014-08-08,2014-09-12,35,1,0,-1.2118785224343462
2014-08-11,2014-09-12,32,1,0,-1.2154411353931427
2014-08-13,2014-09-12,30,1,0,-1.1887201533599945
2014-08-15,2014-09-09,25,1,0,-1.1767936219177508
2014-08-19,2014-09-10,22,1,0,-1.1431934771940986
2014-08-20,2014-09-12,23,1,0,-1.1558884072366924
2014-08-27,2014-09-10,14,1,0,-1.041323656149922
2014-09-04,2014-09-12,8,1,0,-0.9844553603916615
2014-09-09,2014-10-10,31,1,1,1.9067286794331784
2014-09-11,2014-10-08,27,1,1,1.8436571141126339
2014-09-12,2014-10-07,25,1,1,1.949012372125231
2014-09-18,2014-10-07,19,1,1,1.8726858640189237
2014-09-19,2014-10-07,18,1,1,1.886103384767518
2014-09-22,2014-10-08,16,1,1,1.9135171619637785
2014-09-24,2014-10-08,14,1,1,1.9105014409938945
2014-09-25,2014-10-13,18,1,1,2.0308978847391024
2014-09-26,2014-10-10,14,1,1,2.042411297296867
2014-09-29,2014-10-13,14,1,1,2.0676972002591625
2014-10-01,2014-10-15,14,1,1,2.4131976649341267
2014-10-03,2014-10-15,12,1,1,2.329051197475976
2014-10-07,2015-01-06,91,1,1,2.492732984320425
2014-10-08,2015-01-06,90,1,1,2.5132276249005105
2014-10-13,2015-01-12,91,1,1,2.5436958136884225
2014-10-14,2014-11-06,23,1,0,-1.2739113217711826
2014-10-15,2014-10-29,14,1,0,-1.3794347992746745
2014-10-17,2014-11-03,17,1,0,-1.3543617875935479
2014-10-22,2014-11-06,15,1,0,-1.2911863986280376
2014-10-23,2015-01-12,81,1,1,2.6442859245565256
2014-10-29,2015-01-07,70,1,1,2.5393801441054444
2014-11-03,2015-01-06,64,1,1,2.3995033066799434
2014-11-06,2014-12-16,40,1,1,2.2980423450904244
2014-11-07,2015-01-12,66,1,1,2.555278593194344
2014-11-10,2015-01-06,57,1,1,2.594436596719103
2014-11-14,2015-01-07,54,1,1,2.3891582547181534
2014-11-19,2015-01-06,48,1,1,2.2886134935315328
2014-11-21,2015-01-06,46,1,1,2.2129679572474794
2014-11-25,2015-01-12,48,1,1,2.1724979930423833
2014-12-02,2015-01-12,41,1,1,2.2759082233844716
2014-12-04,2015-01-12,39,1,1,2.2345313267540754
2014-12-05,2015-01-07,33,1,1,2.5011944621986237
2014-12-08,2015-01-12,35,1,1,2.5075299202295493
2014-12-09,2015-01-13,35,1,1,2.5497933221741893
2014-12-10,2015-01-14,35,1,1,2.605546715473335
2014-12-12,2014-12-23,11,1,0,-1.4701659984572135
2014-12-16,2014-12-23,7,1,0,-1.4876373335763913
2014-12-17,2015-01-15,29,1,1,3.1499438689841837
2014-12-18,2015-01-15,28,1,1,3.248717294389202
2014-12-23,2015-01-14,22,1,1,3.2988636543464613
2014-12-30,2015-01-15,16,1,1,3.1319125536834225
2015-01-05,2015-06-10,156,1,0,-1.6046444684090153
2015-01-06,2015-03-06,59,1,0,-1.6305934468762804
2015-01-09,2015-03-06,56,1,0,-1.5952938283245295
2015-01-12,2015-02-17,36,1,0,-1.6258829997130226
2015-01-14,2015-02-17,34,1,0,-1.5958358984250618
2015-01-15,2015-02-06,22,1,0,-1.710954533722921
2015-01-16,2015-02-17,32,1,0,-1.7544422071255774
2015-01-21,2015-02-17,27,1,0,-1.68656976125572
2015-01-23,2015-02-17,25,1,0,-1.692902044389431
2015-01-28,2015-02-06,9,1,0,-1.7466017097759363
2015-01-30,2015-02-06,7,1,0,-1.8457348159105855
2015-02-03,2015-02-17,14,1,0,-1.90352265852017
2015-02-06,2015-06-05,119,1,0,-2.1071387382131017
2015-02-17,2015-08-04,168,1,1,1.046875
2015-02-18,2015-06-10,112,1,0,-2.0425830758861343
2015-02-20,2015-08-07,168,1,1,1.234375
2015-02-24,2015-06-03,99,1,0,-2.041784196113657
2015-02-26,2015-06-10,104,1,0,-2.0328898763295795
2015-03-02,2015-08-17,168,1,1,1.140625
2015-03-06,2015-08-21,168,1,1,3.3125
2015-03-10,2015-08-25,168,1,1,1.9375
2015-03-16,2015-06-10,86,1,0,-1.8713748780840376
2015-03-18,2015-06-03,77,1,0,-2.112011991141966
2015-03-19,2015-06-03,76,1,0,-2.1158503564030893
2015-03-23,2015-06-03,72,1,0,-2.055359442122885
2015-03-26,2015-06-03,69,1,0,-1.9876043759383508
2015-03-31,2015-05-11,41,1,0,-1.8694120761988517
2015-04-01,2015-05-05,34,1,0,-1.8728752621587474
2015-04-07,2015-05-05,28,1,0,-1.8162901128313114
2015-04-09,2015-05-11,32,1,0,-1.7757812037260734
2015-04-14,2015-05-05,21,1,0,-1.6749658510314953
2015-04-22,2015-05-06,14,1,0,-1.5675259083920856
2015-04-24,2015-05-01,7,1,0,-1.5452732134451472
2015-04-28,2015-05-06,8,1,0,-1.5355848387609394
2015-04-29,2015-05-19,20,1,0,-1.5401788880454235
2015-05-01,2015-06-03,33,1,0,-1.5663817640842561
2015-05-06,2015-06-10,35,1,0,-1.5045545232659105
2015-05-08,2015-06-03,26,1,0,-1.5067577253545508
2015-05-11,2015-06-10,30,1,0,-1.657595612105027
2015-05-14,2015-06-05,22,1,0,-1.5920730440143847
2015-05-15,2015-06-03,19,1,0,-1.6590638922607432
2015-05-18,2015-06-09,22,1,0,-1.7202905564680633
2015-05-19,2015-06-10,22,1,0,-1.7317981785530145
2015-05-21,2015-06-05,15,1,0,-1.7129080537039003
2015-06-01,2015-06-03,2,1,0,-1.5764891481039442
2015-06-02,2015-06-10,8,1,0,-1.64990452599083
2015-06-03,2015-07-08,35,-1,0,-1.8136153665098822
2015-06-04,2015-08-03,60,-1,0,-1.8304430919202967
2015-06-05,2015-07-08,33,-1,0,-1.9211984878249304
2015-06-10,2015-06-19,9,-1,0,-1.8466359877683345
2015-06-11,2015-07-08,27,-1,0,-1.9307621546309313
2015-06-16,2015-08-03,48,-1,0,-1.8365204597315976
2015-06-19,2015-08-21,63,-1,0,-1.8156440945580619
2015-06-22,2015-08-03,42,-1,0,-1.9238676030845745
2015-06-26,2015-07-07,11,-1,0,-1.8310100512331435
2015-06-29,2015-08-21,53,-1,0,-2.136139723269749
2015-07-01,2015-08-03,33,-1,0,-2.1050970394238817
2015-07-03,2015-08-21,49,-1,0,-2.0743960023861283
2015-07-07,2015-08-24,48,-1,0,-2.006147229367659
2015-07-09,2015-08-21,43,-1,0,-2.035598474392563
2015-07-10,2015-08-19,40,-1,0,-2.0989100514319006
2015-07-15,2015-08-20,36,-1,0,-2.012030416000799
2015-07-23,2015-08-21,29,-1,0,-1.7857996376529288
2015-07-27,2015-09-29,64,-1,0,-1.7501480105970473
2015-07-31,2015-09-29,60,-1,0,-1.7192708271632233
2015-08-04,2015-08-24,20,-1,0,-1.762366272193127
2015-08-07,2015-09-29,53,-1,0,-1.7147634840131374
2015-08-11,2016-01-26,168,1,1,2.109375
2015-08-14,2016-01-29,168,1,1,3.4132691235836266
2015-08-19,2016-02-03,168,1,1,3.109375
2015-08-21,2015-11-06,77,1,0,-1.6976850232654368
2015-08-25,2016-02-08,167,1,1,3.5240598050364236
2015-09-04,2015-11-06,63,1,0,-1.6176517511251438
2015-09-08,2016-02-02,147,1,1,3.1335690571431263
2015-09-14,2015-11-06,53,1,0,-1.4747929597974248
2015-09-15,2016-01-29,136,1,1,3.2470262152034723
2015-09-17,2016-02-05,141,1,1,3.4697893331011143
2015-09-18,2015-11-06,49,1,0,-1.764225475619341
2015-09-21,2016-02-08,140,1,1,3.536573288090083
2015-09-22,2015-11-06,45,1,0,-1.7934989129792278
2015-09-28,2015-11-06,39,1,0,-1.7295386241095354
2015-10-01,2015-11-03,33,1,0,-1.6418494537062658
2015-10-02,2015-11-02,31,1,0,-1.6733630687043937
2015-10-05,2015-11-04,30,1,0,-1.6987989909693837
2015-10-08,2015-11-06,29,1,0,-1.6176152786346423
2015-10-13,2015-11-02,20,1,0,-1.5384653752588093
2015-10-14,2015-11-02,19,1,0,-1.6003224441738977
2015-10-15,2015-11-02,18,1,0,-1.611594906159852
2015-10-20,2015-11-04,15,1,0,-1.5372466829108244
2015-10-22,2015-11-02,11,1,0,-1.4891855552595183
2015-10-23,2015-11-06,14,1,0,-1.5316813472762276
2015-10-27,2015-11-03,7,1,0,-1.4812247783535464
2015-10-28,2015-11-06,9,1,0,-1.5747486511529667
2015-11-04,2016-01-29,86,1,1,3.0409370736766257
2015-11-06,2016-01-20,75,1,1,3.234026730048782
2015-11-13,2016-01-28,76,1,1,2.979862406790168
2015-11-24,2016-01-28,65,1,1,2.5720492194072175
2015-12-01,2016-01-15,45,-1,0,-1.2333698185858413
2015-12-02,2016-01-13,42,-1,0,-1.2408353250647515
2015-12-03,2015-12-11,8,-1,0,-1.546793942718978
2015-12-07,2016-01-13,37,-1,0,-1.5281470085898117
2015-12-11,2016-01-20,40,-1,0,-1.5913619032527895
2015-12-14,2016-01-13,30,-1,0,-1.6844157397353314
2015-12-16,2016-01-08,23,-1,0,-1.6665009598863068
2015-12-17,2016-01-13,27,-1,0,-1.7046251756139479
2015-12-23,2016-01-12,20,-1,0,-1.5873776825241566
2015-12-29,2016-01-08,10,-1,0,-1.6171937636946343
2016-01-06,2016-01-15,9,-1,0,-1.5898280994580518
2016-01-08,2016-01-29,21,-1,0,-1.5674215419226976
2016-01-12,2016-01-29,17,-1,0,-1.5501372789773178
2016-01-13,2016-02-09,27,1,1,3.1145864039974507
2016-01-15,2016-02-11,27,1,1,3.1730972534479793
2016-01-20,2016-02-11,22,1,1,3.084540388752562
2016-01-22,2016-02-10,19,1,1,3.0041082087511164
2016-01-27,2016-02-11,15,1,1,2.831549321592487
2016-01-29,2016-06-15,138,1,1,2.8947709034483737
2016-02-02,2016-06-27,146,1,1,3.183972043150632
2016-02-08,2016-03-04,25,1,0,-1.6200581720879357
2016-02-11,2016-03-01,19,1,0,-1.5885794515395086
2016-02-12,2016-03-07,24,1,0,-1.7349079053831324
2016-02-17,2016-03-11,23,1,0,-1.6618839909615206
2016-02-18,2016-03-07,18,1,0,-1.6961398761433215
2016-02-25,2016-03-02,6,1,0,-1.5410603022082034
2016-02-26,2016-03-10,13,1,0,-1.5885547912457842
2016-03-01,2016-06-27,118,1,1,3.4391550590212816
2016-03-04,2016-06-24,112,1,1,3.289216179419173
2016-03-08,2016-06-27,111,1,1,3.3405934914540194
2016-03-09,2016-06-24,107,1,1,3.3553863982241614
2016-03-10,2016-06-15,97,1,1,3.3905290129002474
2016-03-16,2016-06-24,100,1,1,3.345636181327581
2016-03-22,2016-06-13,83,1,1,3.1550036447463317
2016-03-23,2016-06-24,93,1,1,3.22697642514545
2016-03-29,2016-06-27,90,1,1,3.3059547539884817
2016-03-31,2016-07-05,96,1,1,3.237158513876898
2016-04-05,2016-04-25,20,1,0,-1.5512248202867858
2016-04-07,2016-04-21,14,1,0,-1.5834578117995686
2016-04-12,2016-07-05,84,1,1,3.0666457750086593
2016-04-20,2016-06-27,68,1,1,2.9163422986204326
2016-04-25,2016-06-15,51,1,1,2.7388277614536807
2016-04-27,2016-06-27,61,1,1,2.8652770721146177
2016-04-28,2016-06-27,60,1,1,2.8657640019698816
2016-05-02,2016-06-24,53,1,1,2.788361603034164
2016-05-03,2016-06-27,55,1,1,2.9387433381994237
2016-05-05,2016-07-05,61,1,1,2.8575219505805847
2016-05-11,2016-05-18,7,1,0,-1.3247911959275396
2016-05-16,2016-06-27,42,1,1,2.6857692249515814
2016-05-18,2016-06-27,40,1,1,3.071748691714796
2016-05-26,2016-06-27,32,1,1,2.7780571243533694
2016-05-30,2016-06-15,16,1,1,2.696543377830011
2016-06-02,2016-06-27,25,1,1,2.633058858819221
2016-06-03,2016-11-09,159,1,0,-1.6220843270547052
2016-06-10,2016-11-09,152,1,0,-1.4923997075843936
2016-06-15,2016-10-27,134,1,0,-1.4684092485807971
2016-06-20,2016-11-09,142,1,0,-1.4400604521823712
2016-06-23,2016-07-05,12,1,1,2.9315289205370614
2016-06-24,2016-11-09,138,1,0,-2.058050881377082
2016-06-27,2016-09-13,78,1,0,-2.1532056935695056
2016-07-04,2016-09-09,67,1,0,-1.965499702230726
2016-07-11,2016-09-13,64,1,0,-1.864894789709206
2016-07-12,2016-10-27,107,1,0,-1.918871008653348
2016-07-15,2016-11-09,117,1,0,-1.8668571002257153
2016-07-27,2016-10-06,71,1,0,-1.6300645454826803
2016-07-29,2016-08-26,28,1,0,-1.6048343615858895
2016-08-02,2016-10-06,65,1,0,-1.562486848107666
2016-08-04,2016-09-09,36,1,0,-1.5220296435466554
2016-08-05,2016-11-09,96,1,0,-1.683839611288148
2016-08-10,2016-09-13,34,1,0,-1.6186901863118597
2016-08-11,2016-11-09,90,1,0,-1.693302992172165
2016-08-12,2016-10-10,59,1,0,-1.709944815523076
2016-08-16,2016-11-09,85,1,0,-1.6634048997767072
2016-08-18,2016-10-10,53,1,0,-1.6021905664019949
2016-08-19,2016-11-09,82,1,0,-1.6133572738281399
2016-08-26,2016-11-09,75,1,0,-1.5300284118386227
2016-08-29,2016-11-08,71,1,0,-1.552943304335914
2016-09-06,2016-10-10,34,1,0,-1.5012726881748228
2016-09-08,2016-11-09,62,1,0,-1.517115890240209
2016-09-09,2016-11-09,61,1,0,-1.5332372307305793
2016-09-13,2016-11-09,57,1,0,-1.5073810877289073
2016-09-15,2016-11-09,55,1,0,-1.4584962111752682
2016-09-21,2016-11-09,49,1,0,-1.3393101923890511
2016-09-26,2016-10-06,10,1,0,-1.3035243590679337
2016-09-30,2016-10-06,6,1,0,-1.2213495071918758
2016-10-04,2016-11-09,36,1,0,-1.2552524408531731
2016-10-06,2016-11-09,34,1,0,-1.237543692094034
2016-10-10,2016-11-09,30,1,0,-1.2244076766776515
2016-10-13,2016-11-10,28,-1,1,2.31915507831758
2016-10-14,2016-11-10,27,-1,1,2.328530923870651
2016-10-17,2016-11-10,24,-1,1,2.3374031424319623
2016-10-26,2016-11-10,15,-1,1,2.0771024275915084
2016-10-27,2016-11-11,15,-1,1,2.1605943672913734
2016-11-02,2016-11-09,7,-1,1,2.030745508744369
2016-11-04,2016-11-09,5,-1,1,2.008567750278814
2016-11-07,2016-11-10,3,-1,1,2.140889636830234
2016-11-08,2016-11-11,3,-1,1,2.200572485793807
2016-11-09,2016-12-14,35,-1,1,3.4351700543016945
2016-11-10,2016-12-14,34,-1,1,3.4961226575840487
2016-11-14,2017-05-01,168,-1,0,-0.09375
2016-11-17,2017-05-04,168,-1,0,-0.328125
2016-11-18,2017-04-18,151,-1,0,-1.7061671476652973
2016-11-23,2017-04-13,141,-1,0,-1.6357468652370413
2016-11-28,2017-04-18,141,-1,0,-1.645980881924879
2016-11-30,2017-04-12,133,-1,0,-1.6677902235589726
2016-12-01,2017-04-05,125,-1,0,-1.6687812411484446
2016-12-02,2017-04-12,131,-1,0,-1.6796935849340189
2016-12-07,2017-04-13,127,-1,0,-1.5844396891662764
2016-12-09,2017-02-24,77,-1,0,-1.6000783265410188
2016-12-14,2017-01-05,22,-1,0,-1.70961140949902
2016-12-19,2017-01-17,29,-1,0,-1.6825898748839019
2016-12-28,2017-01-17,20,-1,0,-1.5428608514979396
2016-12-30,2017-04-05,96,-1,0,-1.5007968534729024
2017-01-05,2017-04-13,98,-1,0,-1.5763720508317063
2017-01-06,2017-04-12,96,-1,0,-1.6167332496460856
2017-01-09,2017-04-13,94,-1,0,-1.6171475908171253
2017-01-17,2017-04-18,91,-1,0,-1.468338176445722
2017-01-18,2017-04-12,84,-1,0,-1.592638502732981
2017-01-23,2017-04-13,80,-1,0,-1.6084637789482632
2017-01-24,2017-04-11,77,-1,0,-1.6228306109323611
2017-01-25,2017-02-24,30,-1,0,-1.6476029693740375
2017-01-31,2017-04-12,71,-1,0,-1.5308364662483431
2017-02-06,2017-04-13,66,-1,0,-1.4807306045119373
2017-02-08,2017-04-18,69,-1,0,-1.4569469683664893
2017-02-09,2017-04-13,63,-1,0,-1.5112718344826945
2017-02-14,2017-04-05,50,-1,0,-1.4592377934759735
2017-02-16,2017-04-11,54,-1,0,-1.4568410625262238
2017-02-22,2017-04-12,49,-1,0,-1.346577614693726
2017-02-24,2017-04-18,53,-1,0,-1.3708541115708872
2017-02-27,2017-04-13,45,-1,0,-1.4003785900428019
2017-03-01,2017-04-11,41,-1,0,-1.5036977177590798
2017-03-08,2017-03-27,19,-1,0,-1.3808162542074323
2017-03-13,2017-03-20,7,-1,0,-1.3451091520650165
2017-03-15,2017-04-11,27,-1,0,-1.5399814534433798
2017-03-20,2017-04-12,23,-1,0,-1.509492364712273
2017-03-22,2017-04-13,22,-1,0,-1.4684410122933085
2017-03-28,2017-04-12,15,-1,0,-1.393289671474859
2017-04-03,2017-04-18,15,-1,0,-1.4093490847592567
2017-04-07,2017-04-18,11,-1,0,-1.3572436350169377
2017-04-11,2017-06-02,52,-1,0,-1.3886976253045789
2017-04-13,2017-08-29,138,-1,0,-1.3678739663471322
2017-04-18,2017-05-08,20,1,0,-1.4654952352364286
2017-04-20,2017-10-05,168,1,0,-0.1875
2017-04-25,2017-09-07,135,1,1,2.866429475492079
2017-04-28,2017-10-13,168,1,1,0.625
2017-05-04,2017-09-05,124,1,1,2.5886155489856497
2017-05-08,2017-08-29,113,1,1,2.5319312151115745
2017-05-12,2017-09-05,116,1,1,2.5087665350912296
2017-05-17,2017-10-26,162,1,0,-1.389757318628023
2017-05-23,2017-11-07,168,1,1,0.09375
2017-05-26,2017-10-26,153,1,0,-1.2135162180202315
2017-06-02,2017-07-03,31,1,0,-1.1929675352105034
2017-06-06,2017-06-30,24,1,0,-1.187560940240444
2017-06-08,2017-07-03,25,1,0,-1.1531985748661209
2017-06-14,2017-06-30,16,1,0,-1.1490977199292585
2017-06-19,2017-07-03,14,1,0,-1.129328811480179
2017-06-22,2017-06-30,8,1,0,-1.0744411934081537
2017-06-27,2017-07-03,6,1,0,-1.109031307948819
2017-06-29,2017-10-26,119,1,0,-1.1145613804495595
2017-06-30,2017-09-07,69,1,1,2.2505710650856123
2017-07-03,2017-09-05,64,1,1,2.310831368371686
2017-07-07,2017-08-29,53,1,1,2.150627133760002
2017-07-17,2017-09-05,50,1,1,2.0436398097027197
2017-07-18,2017-10-24,98,1,0,-1.0700631392833415
2017-07-21,2017-10-20,91,1,0,-1.0125050035932524
2017-07-25,2017-09-07,44,1,1,2.2385191148632066
2017-07-26,2017-10-26,92,1,0,-1.1413171597136746
2017-08-01,2017-10-20,80,1,0,-1.0885650716393316
2017-08-03,2017-10-20,78,1,0,-1.0858174364674809
2017-08-08,2017-10-24,77,1,0,-1.0331561331277082
2017-08-10,2017-09-29,50,1,0,-1.0414360109320242
2017-08-15,2017-10-24,70,1,0,-1.0600511996046433
2017-08-16,2017-10-06,51,1,0,-1.0999572405298677
2017-08-17,2017-09-29,43,1,0,-1.1012229040681896
2017-08-22,2017-10-05,44,1,0,-1.0581774505844934
2017-08-23,2017-09-27,35,1,0,-1.080311461375479
2017-08-28,2017-09-20,23,1,0,-1.0365262495289185
2017-08-29,2017-09-20,22,1,0,-1.0378403755705217
2017-09-01,2017-09-21,20,1,0,-1.0262165042147755
2017-09-05,2017-09-15,10,1,0,-1.1309086022080088
2017-09-06,2017-09-19,13,1,0,-1.1443503848125665
2017-09-07,2017-09-15,8,1,0,-1.1965601637860235
2017-09-11,2017-09-21,10,1,0,-1.2632933125634644
2017-09-13,2017-10-05,22,1,0,-1.2356939866203658
2017-09-18,2017-10-20,32,1,0,-1.16883363704003
2017-09-20,2017-10-25,35,1,0,-1.1437335984162975
2017-09-25,2017-10-20,25,1,0,-1.1048078592876127
2017-09-27,2017-10-26,29,1,0,-1.123623320496762
2017-09-29,2017-12-19,81,1,0,-1.0967677739697965
2017-10-06,2017-12-19,74,1,0,-0.9906829041281415
2017-10-12,2018-01-09,89,-1,1,1.8082451656079894
2017-10-13,2017-12-20,68,-1,1,1.8666515609500967
2017-10-16,2018-01-09,85,-1,1,1.8735444076662717
2017-10-20,2018-01-18,90,-1,1,1.9919694475138652
2017-10-24,2018-01-19,87,-1,1,1.9919303847136314
2017-10-26,2017-11-06,11,-1,0,-0.96474850459002
2017-10-27,2018-01-18,83,-1,1,1.978619663556638
2017-10-30,2018-01-17,79,-1,1,2.015867117238221
2017-11-02,2018-01-12,71,-1,1,1.9196743770914397
2017-11-07,2018-01-09,63,-1,1,1.7978265311462613
2017-11-10,2018-01-18,69,-1,1,1.9389765297820338
2017-11-15,2018-01-12,58,-1,1,1.9318887148885422
2017-11-16,2018-01-18,63,-1,1,1.9564292873441702
2017-11-21,2018-01-18,58,-1,1,1.863619297938719
2017-11-22,2018-01-17,56,-1,1,1.9564120331022103
2017-12-01,2018-01-18,48,-1,1,1.8688665854354094
2017-12-06,2018-01-17,42,-1,1,1.7829372119063427
2017-12-08,2018-01-18,41,-1,1,1.7286702271382843
2017-12-13,2018-01-17,35,-1,1,1.8455437841263378
2017-12-18,2018-01-19,32,-1,1,1.7836317636620855
2017-12-19,2018-01-30,42,-1,1,1.9424356887493357
2017-12-20,2018-02-01,43,-1,1,1.9519694758578452
2017-12-27,2018-01-29,33,-1,1,1.9462868456101445
2018-01-03,2018-01-29,26,-1,1,1.8391478387910827
2018-01-05,2018-01-30,25,-1,1,1.7898309333758995
2018-01-09,2018-02-02,24,-1,1,1.8959073228569197
2018-01-17,2018-02-02,16,-1,1,1.7167991055499192
2018-01-18,2018-02-14,27,-1,1,1.732059239857619
2018-01-22,2018-02-14,23,-1,1,1.7058226900426896
2018-01-23,2018-02-14,22,-1,1,1.7540922146145153
2018-01-26,2018-02-14,19,-1,1,1.7608362577362722
2018-01-29,2018-04-23,84,-1,1,1.7667196609056983
2018-01-31,2018-04-23,82,-1,1,1.711980730063352
2018-02-01,2018-05-15,103,-1,1,1.7984254555312644
2018-02-02,2018-04-02,59,-1,0,-0.9598329819749494
2018-02-05,2018-05-16,100,-1,1,2.0860591536412167
2018-02-07,2018-07-25,168,-1,1,0.6875
2018-02-14,2018-03-27,41,-1,0,-1.1039370858102702
2018-02-16,2018-04-02,45,-1,0,-1.078832475738524
2018-02-21,2018-03-23,30,-1,0,-1.0639961750553573
2018-02-23,2018-08-10,168,-1,0,-0.484375
2018-02-27,2018-03-27,28,-1,0,-1.0966823354047104
2018-03-01,2018-08-16,168,-1,0,-0.015625
2018-03-13,2018-08-28,168,-1,1,0.21875
2018-03-19,2018-09-03,168,-1,0,-0.109375
2018-03-20,2018-03-27,7,-1,0,-0.9535096385584614
2018-03-22,2018-05-16,55,-1,1,1.9853155957615993
2018-03-26,2018-09-10,168,-1,1,0.5625
2018-03-27,2018-05-15,49,-1,1,2.141354005890212
2018-04-03,2018-05-15,42,-1,1,2.1297148682522655
2018-04-05,2018-05-16,41,-1,1,2.057346553597479
2018-04-06,2018-05-15,39,-1,1,2.162885191016725
2018-04-12,2018-09-27,168,-1,1,1.46875
2018-04-18,2018-10-03,168,-1,1,2.0
2018-04-20,2018-05-29,39,-1,0,-1.0536652945786529
2018-04-24,2018-05-29,35,-1,0,-1.0198480397010459
2018-04-27,2018-05-29,32,-1,0,-0.9920490143623758
2018-05-03,2018-05-29,26,-1,0,-0.9363517933670182
2018-05-09,2018-05-29,20,-1,0,-0.8853026822611092
2018-05-15,2018-05-25,10,-1,0,-0.9510215783454
2018-05-17,2018-05-23,6,-1,0,-0.9190949384241622
2018-05-18,2018-05-25,7,-1,0,-0.9667109084649189
2018-05-23,2018-05-29,6,-1,0,-1.0222478608169492
2018-05-25,2018-05-29,4,-1,0,-1.0501946411369218
2018-05-30,2018-10-03,126,-1,1,2.247265114904567
2018-06-01,2018-10-05,126,-1,1,2.2566813323422514
2018-06-04,2018-08-20,77,-1,0,-1.1419396989284176
2018-06-13,2018-06-27,14,-1,0,-1.058429613217479
2018-06-14,2018-08-20,67,-1,0,-1.058633504253912
2018-06-19,2018-10-03,106,-1,1,2.0245346737176475
2018-06-20,2018-08-20,61,-1,0,-1.0293608287222187
2018-06-21,2018-10-04,105,-1,1,2.068705662893886
2018-06-27,2018-09-25,90,-1,1,1.9991159347259297
2018-06-29,2018-10-03,96,-1,1,1.9252162650540854
2018-07-05,2018-09-24,81,-1,1,1.7907972555033358
2018-07-09,2018-09-25,78,-1,1,1.7666339367034267
2018-07-13,2018-09-18,67,-1,1,1.6707488909174053
2018-07-17,2018-09-24,69,-1,1,1.6243814747444087
2018-07-19,2018-09-18,61,-1,1,1.626760644926681
2018-07-20,2018-10-03,75,-1,1,1.7006344951482542
2018-07-23,2018-08-20,28,-1,0,-0.928799601876496
2018-07-26,2018-08-10,15,-1,0,-0.8797395138341153
2018-08-01,2018-08-10,9,-1,0,-0.8561643473351717
2018-08-03,2018-08-20,17,-1,0,-0.8729973459479669
2018-08-07,2018-08-10,3,-1,0,-0.8628423539929267
2018-08-09,2018-08-20,11,-1,0,-0.8379862632401917
2018-08-10,2018-09-25,46,-1,1,2.0116074950251077
2018-08-14,2018-10-03,50,-1,1,1.9397953253944533
2018-08-15,2018-09-24,40,-1,1,1.9796961532520754
2018-08-20,2018-09-18,29,-1,1,2.0039484269268293
2018-08-27,2018-09-11,15,1,0,-0.9165969302444735
2018-08-28,2018-09-18,21,1,0,-0.9810200040809121
2018-08-30,2018-09-14,15,1,0,-0.959966131791762
2018-09-04,2018-09-18,14,1,0,-0.9109498142701296
2018-09-06,2018-09-11,5,1,0,-0.8904305105493646
2018-09-07,2018-09-24,17,1,0,-1.0174745301044847
2018-09-11,2018-12-06,86,-1,0,-1.0151444652825214
2018-09-14,2018-12-04,81,-1,0,-0.965818947805154
2018-09-18,2018-12-03,76,-1,0,-1.0486515777632521
2018-09-25,2018-11-28,64,-1,0,-0.9376626922248827
2018-09-26,2018-12-03,68,-1,0,-0.9735249139959874
2018-10-03,2018-11-16,44,-1,0,-1.1640878795295315
2018-10-05,2018-10-24,19,-1,0,-1.1481514364921441
2018-10-10,2018-11-28,49,-1,0,-1.1457375724917902
2018-10-17,2018-10-26,9,-1,0,-1.0432175413941567
2018-10-18,2018-11-16,29,-1,0,-1.0509022358139912
2018-10-23,2018-11-16,24,-1,0,-1.0063328508823037
2018-10-24,2018-12-03,40,-1,0,-1.083866148990114
2018-10-26,2018-12-04,39,-1,0,-1.062142213868421
2018-10-30,2018-12-03,34,-1,0,-1.043477454866363
2018-11-02,2018-11-16,14,-1,0,-1.0913582420496633
2018-11-08,2018-11-15,7,-1,0,-1.0001792585588853
2018-11-09,2018-11-16,7,-1,0,-1.0309416190012077
2018-11-12,2018-11-29,17,-1,0,-1.0325424461974384
2018-11-14,2018-12-03,19,-1,0,-1.0045441429511444
2018-11-16,2018-12-06,20,-1,0,-1.0253515562779179
2018-11-28,2018-12-06,8,-1,0,-0.8635256772358423
2018-12-03,2018-12-07,4,-1,0,-0.9126277511970385
2018-12-05,2018-12-19,14,-1,0,-0.8937899243866563
2018-12-07,2019-01-03,27,1,1,2.04880381831832
2018-12-11,2019-01-02,22,1,1,2.039648819668485
2018-12-17,2019-01-02,16,1,1,1.9379185403827726
2018-12-18,2019-01-03,16,1,1,1.9620864164713363
2018-12-19,2019-03-22,93,1,1,1.9774779266571507
2018-12-25,2019-03-22,87,1,1,1.9407807987576127
2018-12-26,2019-01-03,8,1,1,2.04714401139366
2018-12-27,2019-03-22,85,1,1,2.105055503595019
2018-12-31,2019-03-25,84,1,1,2.0515219234941533
2019-01-02,2019-01-18,16,1,0,-1.2331591315931087
2019-01-03,2019-01-08,5,1,0,-1.2478571118681403
2019-01-04,2019-05-30,146,1,1,2.8926043649679447
2019-01-08,2019-05-23,135,1,1,2.8542653452401767
2019-01-11,2019-05-28,137,1,1,2.7166756225225592
2019-01-17,2019-03-25,67,1,1,2.509905403754895
2019-01-18,2019-03-22,63,1,1,2.5224529488194865
2019-01-22,2019-03-25,62,1,1,2.436541575841633
2019-01-25,2019-03-22,56,1,1,2.3581081523827083
2019-01-29,2019-03-25,55,1,1,2.285773028462416
2019-01-30,2019-05-23,113,1,1,2.3266973204015886
2019-01-31,2019-03-01,29,1,0,-1.164568122709631
2019-02-01,2019-03-27,54,1,1,2.4105317084078046
2019-02-07,2019-05-23,105,1,1,2.282898428364644
2019-02-12,2019-03-27,43,1,1,2.207872720702609
2019-02-14,2019-03-27,41,1,1,2.180785354090935
2019-02-19,2019-03-01,10,1,0,-1.0474377988405148
2019-02-21,2019-03-25,32,1,1,2.0915659419936787
2019-02-26,2019-03-01,3,1,0,-0.9964697255703902
2019-02-27,2019-03-25,26,1,1,2.029223625704582
2019-02-28,2019-03-22,22,1,1,2.0885069061321695
2019-03-01,2019-03-22,21,1,1,2.1710134251343725
2019-03-04,2019-03-22,18,1,1,2.195942981388177
2019-03-06,2019-03-25,19,1,1,2.153370482221061
2019-03-07,2019-05-23,77,1,1,2.203441447376335
2019-03-11,2019-03-27,16,1,1,2.2102785715480224
2019-03-12,2019-05-28,77,1,1,2.29206561765848
2019-03-20,2019-05-31,72,1,1,2.359426100902043
2019-03-22,2019-06-03,73,1,1,2.58532866177012
2019-03-25,2019-04-12,18,1,0,-1.293663337667646
2019-03-27,2019-04-12,16,1,0,-1.2675146673928148
2019-03-29,2019-05-31,63,1,1,2.5304314927936433
2019-04-01,2019-05-31,60,1,1,2.596143411434694
2019-04-03,2019-05-31,58,1,1,2.556395549009197
2019-04-10,2019-05-31,51,1,1,2.310096894572303
2019-04-12,2019-05-30,48,1,1,2.4067499252596063
2019-04-19,2019-05-28,39,1,1,2.1806608507050234
2019-04-24,2019-05-30,36,1,1,2.1648540112275887
2019-05-02,2019-05-28,26,1,1,2.041222965442176
2019-05-03,2019-05-31,28,1,1,2.217045981687372
2019-05-09,2019-05-31,22,1,1,2.080205058146543
2019-05-13,2019-05-31,18,1,1,2.063142468603286
2019-05-20,2019-05-31,11,1,1,1.909335307420145
2019-05-22,2019-05-31,9,1,1,1.917508236706029
2019-05-23,2019-06-03,11,1,1,2.084173024473662
2019-05-28,2019-06-19,22,1,1,2.0526159654200353
2019-05-30,2019-07-02,33,1,1,2.0448250144208537
2019-05-31,2019-08-05,66,1,1,2.569118306466478
2019-06-03,2019-08-05,63,1,1,2.6319919602821975
2019-06-04,2019-08-05,62,1,1,2.7659616492353285
2019-06-13,2019-08-05,53,1,1,2.4801086009014592
2019-06-19,2019-08-05,47,1,1,2.3535418504727854
2019-06-24,2019-08-12,49,1,1,2.2753772727115047
2019-06-26,2019-08-05,40,1,1,2.2884586737994135
2019-07-01,2019-08-05,35,1,1,2.2386956619445955
2019-07-02,2019-07-11,9,1,0,-1.1262404664933987
2019-07-05,2019-08-05,31,1,1,2.597980178894856
2019-07-11,2019-08-05,25,1,1,2.662251421629772
2019-07-17,2019-08-05,19,1,1,2.5834621800029907
2019-07-25,2019-08-05,11,1,1,2.355851166713482
2019-08-01,2020-01-16,168,1,0,-0.140625
2019-08-05,2019-09-13,39,1,0,-1.8585342393887356
2019-08-09,2019-11-08,91,1,0,-1.742716344779801
2019-08-12,2019-09-13,32,1,0,-1.7755534511651674
2019-08-13,2019-11-08,87,1,0,-1.790992983667806
2019-08-14,2019-09-13,30,1,0,-1.8602565210663675
2019-08-19,2019-09-13,25,1,0,-1.79591308220678
2019-08-22,2019-09-13,22,1,0,-1.7135211430889739
2019-08-23,2019-09-11,19,1,0,-1.9792604609859454
2019-08-27,2019-09-13,17,1,0,-1.9399080041296088
2019-09-03,2019-09-12,9,1,0,-1.7473933947929254
2019-09-06,2019-09-13,7,1,0,-1.7399428660186018
2019-09-10,2019-09-13,3,1,0,-1.7405417035008515
2019-09-11,2019-11-12,62,1,0,-1.7906232052121864
2019-09-13,2020-02-26,166,1,1,3.81501622134037
2019-09-18,2020-02-27,162,1,1,3.57614869145547
2019-09-24,2019-11-08,45,1,0,-1.6495834453874154
2019-09-25,2019-11-08,44,1,0,-1.6765591299239657
2019-09-26,2019-11-08,43,1,0,-1.6771078685716179
2019-10-02,2019-11-08,37,1,0,-1.5934689519153946
2019-10-03,2019-10-22,19,1,0,-1.6506623324236938
2019-10-04,2019-10-11,7,1,0,-1.6942500048394002
2019-10-08,2019-10-22,14,1,0,-1.6743077050547555
2019-10-09,2019-10-11,2,1,0,-1.674969787532132
2019-10-11,2020-02-28,140,1,1,4.072364401218907
2019-10-22,2020-02-27,128,1,1,3.5555765753706297
2019-10-28,2020-02-26,121,1,1,3.3325307254421994
2019-10-31,2020-02-26,118,1,1,3.220411754458502
2019-11-05,2020-02-26,113,1,1,3.161100191969513
2019-11-08,2020-02-21,105,1,1,3.502038349160929
2019-11-14,2020-02-25,103,1,1,3.3693943643929463
2019-11-20,2020-02-26,98,1,1,3.177574946957647
2019-11-25,2020-02-25,92,1,1,3.0181217025472176
2019-11-29,2020-02-21,84,1,1,2.827478433460526
2019-12-03,2020-01-24,52,-1,0,-1.362654200975541
2019-12-04,2019-12-19,15,1,0,-1.6250362950914283
2019-12-06,2020-01-24,49,-1,0,-1.6913321690619911
2019-12-17,2020-01-24,38,-1,0,-1.4695656194877327
2019-12-19,2020-01-23,35,-1,0,-1.4307577255626749
2019-12-27,2020-01-24,28,-1,0,-1.2768580121809578
2020-01-01,2020-01-03,2,-1,0,-1.2039826192217113
2020-01-03,2020-01-30,27,-1,0,-1.5719055799864845
2020-01-09,2020-01-24,15,-1,0,-1.6141409713973291
2020-01-15,2020-01-28,13,-1,0,-1.5433597079194146
2020-01-23,2020-01-30,7,-1,0,-1.3766514053689396
2020-01-24,2020-02-25,32,-1,0,-1.6125788778565417
2020-01-30,2020-02-28,29,1,1,3.1455824268518002
2020-01-31,2020-02-28,28,1,1,3.1860219104571326
2020-02-04,2020-02-28,24,1,1,3.1185783746855567
2020-02-06,2020-02-28,22,1,1,3.1685630495302455
2020-02-07,2020-02-28,21,1,1,3.4014457894998107
2020-02-12,2020-02-28,16,1,1,3.221291536783736
2020-02-18,2020-02-28,10,1,1,2.9850486604032507
2020-02-21,2020-03-04,12,1,1,3.3742124238225055
2020-02-26,2020-03-04,7,1,1,3.273124944733912
2020-02-28,2020-07-09,132,1,1,4.583752585842199
2020-03-04,2020-08-19,168,1,1,3.359375
2020-03-06,2020-03-19,13,1,0,-3.9529882790792907
2020-03-10,2020-08-25,168,1,1,2.0625
2020-03-18,2020-09-02,168,1,1,4.171875
2020-03-19,2020-09-03,168,1,1,6.1875
2020-03-20,2020-09-04,168,1,1,1.5625
2020-03-27,2020-09-11,168,1,1,1.171875
2020-04-07,2020-09-22,168,1,1,1.90625
2020-04-16,2020-10-01,168,1,1,0.828125
2020-04-28,2020-10-13,168,1,1,0.921875
2020-05-14,2020-10-29,168,1,0,-0.484375
2020-05-29,2020-06-05,7,1,0,-1.7782281454226552
2020-06-03,2020-11-18,168,1,1,0.171875
2020-06-05,2020-11-20,168,1,1,1.546875
2020-06-09,2020-11-24,168,1,1,0.640625
2020-06-10,2020-11-25,168,1,0,-0.109375
2020-06-11,2020-11-26,168,1,0,
2020-06-16,2020-12-01,168,1,0,-0.453125
2020-06-24,2020-12-09,168,1,0,-0.78125
2020-06-29,2020-11-10,134,1,0,-1.4662048644342727
2020-07-07,2020-11-09,125,1,0,-1.3592762286413222
2020-07-10,2020-11-10,123,1,0,-1.328931590292789
2020-07-20,2020-10-30,102,1,0,-1.160311297752053
2020-07-28,2020-10-21,85,1,0,-1.0398646033042176
2020-07-30,2020-08-13,14,1,0,-1.006745416797388
2020-08-04,2020-08-12,8,1,0,-1.0060737188956153
2020-08-05,2020-08-13,8,1,0,-1.0196568596639906
2020-08-10,2020-08-27,17,1,0,-0.9651469246637386
2020-08-11,2020-10-30,80,1,0,-1.0299099023111096
2020-08-12,2020-11-09,89,1,0,-1.0315638608610496
2020-08-17,2020-10-30,74,1,0,-0.9990201709442615
2020-08-20,2020-10-22,63,1,0,-0.95546682447306
2020-08-25,2020-10-30,66,1,0,-0.9175851866927776
2020-08-27,2020-11-09,74,1,0,-0.9445041136312285
2020-08-28,2020-10-30,63,1,0,-0.9750917557507073
2020-09-01,2020-10-22,51,1,0,-0.9521998388600105
2020-09-03,2020-10-07,34,1,0,-0.9163667953638103
2020-09-04,2020-11-09,66,1,0,-1.0611606904531814
2020-09-18,2020-10-22,34,1,0,-0.8792381910646804
2020-09-25,2020-10-05,10,1,0,-0.8014655451826115
2020-10-02,2020-10-21,19,1,0,-0.7374290993335894
2020-10-05,2020-11-09,35,1,0,-0.9105556505325479
2020-10-06,2020-10-30,24,1,0,-0.9392482435868135
2020-10-07,2020-11-10,34,1,0,-0.9849411911007014
2020-10-13,2020-10-30,17,1,0,-0.9288934003404583
2020-10-19,2020-11-09,21,1,0,-0.8614335760482696
2020-10-21,2020-11-10,20,1,0,-0.8578847211973397
2020-10-22,2021-01-07,77,1,0,-0.8587485866775243
2020-10-26,2020-11-10,15,1,0,-0.8627948956422856
2020-10-27,2020-11-09,13,1,0,-0.8738647451688752
2020-10-29,2020-11-10,12,1,0,-0.8918933765009581
2020-10-30,2021-01-08,70,1,0,-0.9175145327426514
2020-11-03,2021-02-16,105,-1,1,1.8135646757797794
2020-11-04,2021-02-16,104,-1,1,2.342615470275565
2020-11-06,2021-02-16,102,-1,1,2.302234161748301
2020-11-09,2021-02-25,108,-1,1,2.628887460266198
2020-11-12,2021-02-25,105,-1,1,2.7151214177019547
2020-11-19,2021-02-19,92,-1,1,2.500036457754349
2020-11-30,2021-02-16,78,-1,1,2.229155682236699
2020-12-01,2021-02-25,86,-1,1,2.4308351554282237
2020-12-04,2021-02-25,83,-1,1,2.368820673697838
2020-12-07,2021-02-22,77,-1,1,2.3755516864365136
2020-12-11,2021-02-16,67,-1,1,2.2280889728471207
2020-12-18,2021-02-16,60,-1,1,1.977987264728641
2020-12-31,2021-02-16,47,-1,1,1.691645428187641
2021-01-05,2021-02-16,42,-1,1,1.7022632326941818
2021-01-06,2021-02-25,50,-1,1,1.985219473436961
2021-01-07,2021-02-25,49,-1,1,2.047935921807042
2021-01-08,2021-02-25,48,-1,1,2.080593836585189
2021-01-13,2021-02-25,43,-1,1,2.0390017232503754
2021-01-15,2021-02-25,41,-1,1,2.026923541908956
2021-01-25,2021-02-22,28,-1,1,1.9824329860309997
2021-01-29,2021-02-22,24,-1,1,1.8437973267199637
2021-02-03,2021-02-25,22,-1,1,1.7918908033510654
2021-02-10,2021-02-24,14,-1,1,1.67099836374336
2021-02-12,2021-02-25,13,-1,1,1.6937708684467243
2021-02-19,2021-02-25,6,-1,1,1.6845692737647107
2021-02-24,2021-02-25,1,-1,1,1.6109219025456873
2021-02-25,2021-07-06,131,-1,0,-1.651916758442776
2021-03-01,2021-07-19,140,-1,0,-1.6657934328597708
2021-03-03,2021-07-19,138,-1,0,-1.6786288204261424
2021-03-04,2021-07-06,124,-1,0,-1.7289895838110187
2021-03-08,2021-06-09,93,-1,0,-1.704096198769781
2021-03-09,2021-07-06,119,-1,0,-1.7395773838575093
2021-03-12,2021-06-10,90,-1,0,-1.7582608940141435
2021-03-18,2021-06-04,78,-1,0,-1.675298048153484
2021-03-23,2021-06-10,79,-1,0,-1.6521917436282705
2021-03-26,2021-06-08,74,-1,0,-1.5683878280481354
2021-03-31,2021-04-20,20,-1,0,-1.5022068013415266
2021-04-01,2021-05-25,54,-1,0,-1.5230151871524142
2021-04-06,2021-06-08,63,-1,0,-1.5325386258784486
2021-04-08,2021-06-09,62,-1,0,-1.504261899546747
2021-04-12,2021-06-08,57,-1,0,-1.4523528921516486
2021-04-13,2021-06-09,57,-1,0,-1.4650069247871136
2021-04-15,2021-06-10,56,-1,0,-1.4572904165971727
2021-04-20,2021-06-10,51,-1,0,-1.3996983098542426
2021-04-27,2021-06-09,43,-1,0,-1.2859410373678197
2021-05-03,2021-06-09,37,-1,0,-1.2063638820416096
2021-05-05,2021-06-10,36,-1,0,-1.1663339064542317
2021-05-12,2021-06-04,23,-1,0,-1.1492615854359551
2021-05-13,2021-06-09,27,-1,0,-1.151203672106212
2021-05-19,2021-06-08,20,-1,0,-1.1165467073285515
2021-05-20,2021-06-10,21,-1,0,-1.1612926137128052
2021-05-25,2021-07-06,42,-1,0,-1.1312461311265234
2021-05-27,2021-06-10,14,-1,0,-1.0977711841694637
2021-06-03,2021-06-09,6,-1,0,-1.07035425760942
2021-06-04,2021-07-07,33,-1,0,-1.1770495475737128
2021-06-09,2021-07-19,40,-1,0,-1.1577746570590088
2021-06-10,2021-07-19,39,-1,0,-1.1855173126958964
2021-06-14,2021-07-08,24,-1,0,-1.1904986285495185
2021-06-16,2021-07-06,20,-1,0,-1.3917165448042579
2021-06-17,2021-07-07,20,-1,0,-1.3940414292723897
2021-06-18,2021-07-08,20,-1,0,-1.3995298965014704
2021-06-25,2021-07-06,11,-1,0,-1.2822086294591144
2021-06-29,2021-07-07,8,-1,0,-1.2485043932390172
2021-07-02,2021-07-19,17,-1,0,-1.2090373343490448
2021-07-08,2021-09-27,81,1,0,-1.1818287188412577
2021-07-09,2021-09-28,81,1,0,-1.2121328215769385
2021-07-13,2021-10-08,87,1,0,-1.2118501985590149
2021-07-14,2021-09-28,76,1,0,-1.268009136820452
2021-07-16,2021-09-27,73,1,0,-1.2305788310310652
2021-07-19,2021-09-23,66,1,0,-1.3674989429292785
2021-07-21,2021-09-27,68,1,0,-1.3745519554726575
2021-07-27,2021-09-23,58,1,0,-1.2747386796695679
2021-07-30,2021-09-23,55,1,0,-1.2468155694842233
2021-08-02,2021-08-10,8,1,0,-1.2606829938937285
2021-08-05,2021-09-23,49,1,0,-1.2312264381875442
2021-08-06,2021-09-24,49,1,0,-1.2711820738931883
2021-08-10,2021-09-28,49,1,0,-1.2404296586873103
2021-08-13,2021-09-23,41,1,0,-1.2656671143229423
2021-08-24,2021-09-23,30,1,0,-1.1035226523503365
2021-08-25,2021-09-27,33,1,0,-1.1113051480299214
2021-08-27,2021-09-23,27,1,0,-1.1205845633146652
2021-09-08,2021-09-24,16,1,0,-1.0321294302653623
2021-09-09,2021-09-23,14,1,0,-1.0336691517496814
2021-09-10,2021-09-27,17,1,0,-1.049371779692479
2021-09-14,2021-09-23,9,1,0,-1.0339111285035585
2021-09-16,2021-09-27,11,1,0,-1.0407194816127256
2021-09-20,2021-09-24,4,1,0,-1.065801378337425
2021-09-23,2021-10-11,18,1,0,-1.332550999690274
2021-09-27,2021-10-21,24,1,0,-1.3086489905681098
2021-09-30,2021-10-18,18,1,0,-1.2726916494875105
2021-10-05,2021-10-20,15,1,0,-1.2410718318170322
2021-10-07,2022-01-18,103,-1,1,2.460751304102907
2021-10-11,2021-12-03,53,-1,0,-1.2098456022393262
2021-10-13,2022-01-18,97,-1,1,2.3800172108286937
2021-10-15,2022-01-18,95,-1,1,2.5114051592218885
2021-10-18,2021-12-03,46,-1,0,-1.2586033261196716
2021-10-21,2021-11-04,14,-1,0,-1.2438688511053553
2021-10-22,2021-11-05,14,-1,0,-1.2971293479497905
2021-10-27,2022-01-18,83,-1,1,2.5033398383509033
2021-10-28,2021-12-03,36,-1,0,-1.2581235858373563
2021-11-03,2021-11-05,2,-1,0,-1.1940239368838474
2021-11-04,2022-01-18,75,-1,1,2.619573489145912
2021-11-05,2022-01-10,66,-1,1,2.74436823363489
2021-11-08,2022-01-18,71,-1,1,2.820457259327833
2021-11-09,2022-01-18,70,-1,1,2.850747523740101
2021-11-10,2022-02-08,90,-1,1,3.304606386834112
2021-11-15,2021-12-03,18,-1,0,-1.6185311100355688
2021-11-18,2021-12-03,15,-1,0,-1.5356857852249277
2021-11-22,2021-12-01,9,-1,0,-1.616282210599395
2021-11-30,2022-01-18,49,-1,1,3.0709289740323142
2021-12-02,2022-01-18,47,-1,1,3.101793158659185
2021-12-03,2022-01-18,46,-1,1,3.3075768712381692
2021-12-06,2022-02-04,60,-1,1,3.4309162801199613
2021-12-08,2022-02-08,62,-1,1,3.3454288623248223
2021-12-13,2022-01-18,36,-1,1,3.229458213417077
2021-12-16,2022-01-18,33,-1,1,3.216493580764385
2021-12-21,2022-01-18,28,-1,1,3.047492722428155
2021-12-29,2022-01-18,20,-1,1,2.8731287547743687
2022-01-03,2022-02-10,38,-1,1,3.123780482222745
2022-01-05,2022-02-10,36,-1,1,3.1106164983419244
2022-01-07,2022-03-14,66,-1,1,3.020352849797631
2022-01-13,2022-02-10,28,-1,1,2.826102488306282
2022-01-14,2022-03-14,59,-1,1,2.9325777927772716
2022-01-20,2022-03-14,53,-1,1,2.9399634745139265
2022-01-26,2022-03-21,54,-1,1,3.156965170090359
2022-01-28,2022-03-15,46,-1,1,3.130990368375507
2022-02-03,2022-03-16,41,-1,1,2.9654213512662357
2022-02-04,2022-03-01,25,-1,0,-1.5598207109327007
2022-02-08,2022-03-01,21,-1,0,-1.51986483238799
2022-02-10,2022-02-28,18,-1,0,-1.653591479176045
2022-02-11,2022-03-01,18,-1,0,-1.7201102736462681
2022-02-15,2022-02-28,13,-1,0,-1.694815027049222
2022-02-17,2022-03-01,12,-1,0,-1.7156777409410104
2022-02-28,2022-03-21,21,-1,1,3.6886709775084436
2022-03-01,2022-03-16,15,-1,1,4.093177726571062
2022-03-02,2022-03-22,20,-1,1,4.601035069007036
2022-03-04,2022-03-21,17,-1,1,4.67465187419073
2022-03-08,2022-03-22,14,-1,1,4.6539472486535125
2022-03-09,2022-03-25,16,-1,1,4.771875416813302
2022-03-14,2022-04-11,28,-1,1,4.972804458829219
2022-03-21,2022-05-06,46,-1,1,5.063252588633762
2022-03-23,2022-05-06,44,-1,1,5.057579841496978
2022-03-25,2022-06-13,80,-1,1,5.21700512170898
2022-03-30,2022-06-10,72,-1,1,4.967505410106929
2022-04-05,2022-06-13,69,-1,1,5.057409643741319
2022-04-08,2022-06-14,67,-1,1,4.760067941247059
2022-04-12,2022-06-14,63,-1,1,4.739544966742318
2022-04-14,2022-06-14,61,-1,1,4.745852511280205
2022-04-19,2022-07-28,100,-1,0,-2.4160537764970553
2022-04-20,2022-08-01,103,-1,0,-2.4171306069137843
2022-04-21,2022-07-28,98,-1,0,-2.4573716858333476
2022-04-25,2022-09-19,147,-1,1,4.823288412683913
2022-04-26,2022-06-14,49,-1,1,4.954887037696658
2022-04-27,2022-09-20,146,-1,1,5.043397691885663
2022-04-29,2022-07-28,90,-1,0,-2.5118199403700383
2022-05-05,2022-07-28,84,-1,0,-2.4342331409110423
2022-05-09,2022-07-28,80,-1,0,-2.421762446590179
2022-05-11,2022-07-29,79,-1,0,-2.342945028977908
2022-05-17,2022-07-28,72,-1,0,-2.342873863917689
2022-05-18,2022-08-01,75,-1,0,-2.364895356060638
2022-05-20,2022-06-14,25,-1,1,4.595075233374638
2022-05-24,2022-06-13,20,-1,1,4.710851865781455
2022-06-01,2022-07-28,57,-1,0,-2.2451305506725583
2022-06-06,2022-07-28,52,-1,0,-2.1921177098431675
2022-06-10,2022-07-01,21,-1,0,-2.2522004816017147
2022-06-13,2022-06-30,17,-1,0,-2.580015885873699
2022-06-14,2022-06-23,9,-1,0,-2.62548835891394
2022-06-15,2022-07-01,16,-1,0,-2.8638531154116453
2022-06-22,2022-07-05,13,-1,0,-2.8585245980597245
2022-06-27,2022-07-05,8,-1,0,-2.747344028289643
2022-06-29,2022-07-28,29,-1,0,-2.670486944585263
2022-06-30,2022-07-28,28,-1,0,-2.677766477428589
2022-07-01,2022-09-22,83,-1,1,5.5270632182953365
2022-07-06,2022-09-22,78,-1,1,5.731173668644234
2022-07-08,2022-07-28,20,-1,0,-2.8082626201396885
2022-07-12,2022-08-01,20,-1,0,-2.7266675298871017
2022-07-19,2022-07-28,9,-1,0,-2.4821489723406684
2022-07-21,2022-09-20,61,-1,1,5.246073108566018
2022-07-22,2022-09-15,55,-1,1,5.417122751738099
2022-07-28,2022-09-06,40,-1,1,5.246485146762001
2022-08-02,2022-09-15,44,-1,1,5.615892034715386
2022-08-05,2022-09-20,46,-1,1,5.605292022191298
2022-08-11,2022-09-20,40,-1,1,5.271280103819855
2022-08-15,2022-09-15,31,-1,1,5.074664572606418
2022-08-17,2022-09-22,36,-1,1,5.028105783824677
2022-08-22,2022-09-22,31,-1,1,4.8199887772467696
2022-08-24,2022-09-26,33,-1,1,4.659826101748679
2022-08-29,2022-09-26,28,-1,1,4.509291790759305
2022-08-31,2022-09-26,26,-1,1,4.464994455755108
2022-09-02,2022-09-26,24,-1,1,4.428112422879107
2022-09-07,2022-09-26,19,-1,1,4.446456400932194
2022-09-13,2022-10-14,31,-1,1,4.213635174290919
2022-09-19,2022-10-19,30,-1,1,3.9079134694884208
2022-09-20,2022-10-19,29,-1,1,3.9190533998350388
2022-09-22,2023-01-12,112,-1,0,-2.172558039044045
2022-09-26,2022-11-30,65,-1,0,-2.5164697714846396
2022-09-28,2023-01-18,112,-1,0,-2.7978340188203354
2022-09-30,2022-12-02,63,-1,0,-2.714781432187255
2022-10-03,2023-03-20,168,-1,0,-0.9375
2022-10-05,2023-01-18,105,-1,0,-2.9091219511527324
2022-10-07,2022-12-01,55,-1,0,-2.8446680051813615
2022-10-14,2022-11-16,33,-1,0,-2.6008406211201436
2022-10-19,2022-11-10,22,-1,0,-2.547292118903872
2022-10-25,2022-11-16,22,-1,0,-2.504367766374005
2022-10-27,2022-12-01,35,-1,0,-2.499755887577013
2022-10-28,2022-11-30,33,-1,0,-2.542531321852721
2022-11-02,2022-11-15,13,-1,0,-2.38434887651556
2022-11-07,2022-11-10,3,-1,0,-2.261705681585537
2022-11-08,2022-11-15,7,-1,0,-2.277689020281409
2022-11-10,2023-01-18,69,-1,0,-2.7625034323928386
2022-11-16,2023-05-03,168,-1,0,-2.453125
2022-11-18,2022-12-07,19,-1,0,-2.5270115116609384
2022-11-23,2023-01-18,56,-1,0,-2.396750552162471
2022-11-30,2023-05-17,168,-1,1,0.078125
2022-12-02,2023-05-19,168,-1,1,1.6875
2022-12-05,2023-05-22,168,-1,1,1.078125
2022-12-07,2023-03-02,85,-1,1,4.906610266680684
2022-12-09,2023-05-26,168,-1,1,2.015625
2022-12-13,2023-05-30,168,-1,1,1.984375
2022-12-19,2023-06-05,168,-1,1,1.53125
2022-12-20,2023-01-18,29,-1,0,-2.305388772019525
2022-12-28,2023-01-06,9,-1,0,-2.113351036689786
2023-01-06,2023-06-23,168,-1,1,2.578125
2023-01-12,2023-03-01,48,-1,1,4.51869478570104
2023-01-18,2023-02-24,37,-1,1,5.025825217181382
2023-01-20,2023-03-02,41,-1,1,4.910631273072211
2023-01-30,2023-02-15,16,1,0,-2.182692880726743
2023-02-01,2023-02-10,9,1,0,-2.1752054525829565
2023-02-03,2023-02-15,12,1,0,-2.292148704110257
2023-02-06,2023-02-21,15,1,0,-2.4013420643812102
2023-02-10,2023-03-17,35,-1,0,-2.2799748627607896
2023-02-15,2023-03-15,28,-1,0,-2.189020239910363
2023-02-23,2023-03-13,18,-1,0,-2.0198802581561095
2023-02-24,2023-03-13,17,-1,0,-2.0285902141448755
2023-03-01,2023-03-10,9,-1,0,-1.9503322485939454
2023-03-03,2023-03-13,10,-1,0,-1.96376004542045
2023-03-09,2023-03-13,4,-1,0,-1.9479959135144624
2023-03-10,2023-03-15,5,-1,0,-2.2546117154879672
2023-03-13,2023-08-14,154,-1,1,4.956769729666616
2023-03-14,2023-03-24,10,-1,0,-2.530771268076804
2023-03-15,2023-08-14,152,-1,1,5.93433881768034
2023-03-16,2023-08-31,168,-1,1,4.46875
2023-03-17,2023-08-15,151,-1,1,6.443292839320009
2023-03-21,2023-09-05,168,-1,1,5.34375
2023-03-22,2023-08-16,147,-1,1,6.701189047747064
2023-03-27,2023-08-21,147,-1,1,6.575969594994647
2023-04-03,2023-05-25,52,1,0,-2.9881746074938933
2023-04-05,2023-05-22,47,1,0,-2.8959137270421804
2023-04-14,2023-06-13,60,1,0,-2.629543063318502
2023-04-24,2023-05-25,31,1,0,-2.40657959394779
2023-04-25,2023-05-24,29,1,0,-2.424905993003773
2023-04-27,2023-06-07,41,1,0,-2.391024691314859
2023-04-28,2023-05-25,27,1,0,-2.413846915869656
2023-05-01,2023-06-22,52,1,0,-2.5072106685699107
2023-05-02,2023-05-25,23,1,0,-2.642782637630503
2023-05-03,2023-05-19,16,1,0,-2.6841416349129528
2023-05-05,2023-05-25,20,1,0,-2.59490339845466
2023-05-10,2023-05-24,14,1,0,-2.509595852128383
2023-05-12,2023-05-25,13,1,0,-2.464962603219476
2023-05-17,2023-06-13,27,1,0,-2.3197151015081734
2023-05-18,2023-06-29,42,1,0,-2.3290608073978705
2023-05-24,2023-07-05,42,1,0,-2.1655425250527425
2023-05-25,2023-07-06,42,1,0,-2.1945907406441907
2023-06-01,2023-07-07,36,-1,1,4.140559328779549
2023-06-02,2023-08-21,80,-1,1,4.370299758298757
2023-06-07,2023-09-20,105,-1,1,4.400451610699915
2023-06-08,2023-08-21,74,-1,1,4.418585821188257
2023-06-13,2023-09-20,99,-1,1,4.277801488812526
2023-06-15,2023-08-21,67,-1,1,4.16839215661893
2023-06-22,2023-09-20,90,-1,1,4.03644754074945
2023-06-28,2023-08-21,54,-1,1,3.80717735920212
2023-06-29,2023-09-21,84,-1,1,4.14403118620024
2023-07-06,2023-07-13,7,-1,0,-2.030781837870234
2023-07-10,2023-10-02,84,-1,1,4.05454270437681
2023-07-12,2023-09-21,71,-1,1,4.205395387630958
2023-07-13,2023-09-20,69,-1,1,4.312897268425524
2023-07-14,2023-09-21,69,-1,1,4.316023627784343
2023-07-20,2023-09-21,63,-1,1,4.178109955730431
2023-07-27,2023-10-02,67,-1,1,4.051223331999529
2023-08-02,2023-10-02,61,-1,1,3.7757289600708064
2023-08-03,2023-10-03,61,-1,1,3.7939562426208218
2023-08-04,2023-10-02,59,-1,1,4.120094661822156
2023-08-10,2023-10-03,54,-1,1,4.004822713828125
2023-08-14,2023-10-17,64,-1,1,3.925750969202872
2023-08-21,2023-10-18,58,-1,1,3.643663857253911
2023-08-23,2023-10-17,55,-1,1,3.7652518942899755
2023-08-29,2023-10-03,35,-1,1,3.659716897927066
2023-09-06,2023-10-17,41,-1,1,3.383747315733146
2023-09-15,2023-10-17,32,-1,1,2.986920764462816
2023-09-19,2023-10-18,29,-1,1,2.9394000262798814
2023-09-20,2023-10-19,29,-1,1,2.962701493362006
2023-09-21,2023-11-29,69,-1,0,-1.4888624123664842
2023-09-22,2023-10-19,27,-1,1,2.978842539517562
2023-09-25,2023-11-29,65,-1,0,-1.523204597343826
2023-09-27,2023-11-28,62,-1,0,-1.523305891456425
2023-10-02,2023-11-21,50,-1,0,-1.550660687843234
2023-10-03,2023-11-08,36,-1,0,-1.6317003831529024
2023-10-04,2023-11-14,41,-1,0,-1.6345356055657714
2023-10-06,2023-11-08,33,-1,0,-1.6267641907374566
2023-10-09,2023-11-29,51,-1,0,-1.8630820957897718
2023-10-12,2023-11-28,47,-1,0,-1.916035117902327
2023-10-16,2023-11-28,43,-1,0,-1.9293572541235264
2023-10-17,2023-11-08,22,-1,0,-2.06471699170543
2023-10-19,2023-11-02,14,-1,0,-2.0265175807942057
2023-10-20,2023-11-03,14,-1,0,-2.038273737750796
2023-10-25,2023-11-03,9,-1,0,-2.0303162786328253
2023-10-26,2023-11-08,13,-1,0,-2.072245154830232
2023-10-31,2023-11-03,3,-1,0,-1.9598912702892934
2023-11-01,2023-11-28,27,-1,0,-2.2494994808375424
2023-11-03,2023-12-05,32,-1,0,-2.2547408198106176
2023-11-08,2023-12-06,28,-1,0,-2.188170474782942
2023-11-09,2023-11-29,20,-1,0,-2.2866062927133335
2023-11-14,2023-12-13,29,-1,0,-2.4797134980865976
2023-11-16,2023-12-13,27,-1,0,-2.4703081441219163
2023-11-27,2023-12-13,16,-1,0,-2.2367772111504896
2023-11-28,2023-12-14,16,-1,0,-2.240624129613455
2023-12-01,2023-12-27,26,-1,0,-2.293079695861368
2023-12-06,2024-05-22,168,-1,0,
2023-12-08,2023-12-20,12,-1,0,-2.2044975306725476
2023-12-13,2024-05-29,168,-1,0,
2023-12-20,2024-02-09,51,1,0,-2.2419805987125945
2023-12-27,2024-01-24,28,1,0,-2.1766243924724322
2023-12-29,2024-02-13,46,1,0,-2.1033123644754124
2024-01-04,2024-02-13,40,1,0,-2.0466917613431996
2024-01-11,2024-02-13,33,1,0,-1.8829596789912573
2024-01-17,2024-02-22,36,1,0,-1.8508599981723317
2024-01-24,2024-07-10,168,1,0,
2024-01-25,2024-02-13,19,1,0,-1.6700507211317888
2024-01-30,2024-02-13,14,1,0,-1.6016116052412297
2024-01-31,2024-02-05,5,1,0,-1.7278699487638587
2024-02-02,2024-02-13,11,1,0,-1.8956935207547925
2024-02-05,2024-07-22,168,1,0,
2024-02-09,2024-07-26,168,1,0,
2024-02-13,2024-07-30,168,1,0,
2024-02-15,2024-08-01,168,1,0,
2024-02-21,2024-08-07,168,1,0,
2024-02-29,2024-08-15,168,-1,0,
2024-03-01,2024-08-16,168,-1,0,
2024-03-06,2024-08-21,168,-1,0,
2024-03-12,2024-08-27,168,1,0,
2024-03-14,2024-08-29,168,-1,0,
2024-03-20,2024-09-04,168,-1,0,
2024-03-22,2024-09-06,168,-1,0,
2025-04-04,2025-04-09,5,1,0,-1.624995000456676
2025-04-07,2025-04-11,4,1,0,-1.812118546462602
2025-04-08,2025-05-21,43,1,0,-1.8443470918219398
2025-04-09,2025-08-28,141,-1,0,-2.0669677544307374
2025-04-11,2025-04-28,17,-1,0,-2.1213779429159816
2025-04-14,2025-09-05,144,-1,0,-2.2584125996717077
2025-04-16,2025-10-01,168,-1,0,-1.328125
2025-04-24,2025-09-05,134,-1,0,-2.0452380758709525
2025-04-28,2025-10-13,168,-1,0,-1.171875
2025-05-02,2025-09-05,126,-1,0,-1.94119146207047
2025-05-07,2025-09-08,124,-1,0,-1.8260961107878626
2025-05-08,2025-09-04,119,-1,0,-1.9121132041651798
2025-05-12,2025-08-01,81,-1,0,-1.9133786913800948
2025-05-14,2025-06-24,41,-1,0,-1.8430630103190264
2025-05-15,2025-08-01,78,-1,0,-1.8617988638695429
2025-05-21,2025-06-23,33,-1,0,-1.8203778701718447
2025-05-23,2025-06-26,34,-1,0,-1.7734943133657837
2025-05-29,2025-08-27,90,-1,0,-1.7487956483766731
2025-06-04,2025-09-04,92,-1,0,-1.7016170727210196
2025-06-06,2025-06-26,20,-1,0,-1.8226295317791616
2025-06-11,2025-08-27,77,-1,0,-1.7557538192315245
2025-06-13,2025-08-04,52,-1,0,-1.7473533751236017
2025-06-23,2025-09-05,74,-1,0,-1.6650273920950667
2025-06-26,2025-10-16,112,-1,0,-1.5791070789659143
2025-07-02,2025-09-05,65,-1,0,-1.4924516948224402
2025-07-03,2025-09-04,63,-1,0,-1.496032008617949
2025-07-09,2025-09-04,57,-1,0,-1.4825357163148507
2025-07-11,2025-08-04,24,-1,0,-1.4479182566739195
2025-07-15,2025-08-01,17,-1,0,-1.4224007268624064
2025-07-18,2025-08-01,14,-1,0,-1.355350150087336
2025-07-22,2025-09-04,44,-1,0,-1.3182937299236244
2025-07-24,2025-08-01,8,-1,0,-1.2823380086452392
2025-07-29,2025-09-04,37,-1,0,-1.2999317003965523
2025-07-30,2025-08-04,5,-1,0,-1.3106606366298936
2025-08-01,2026-01-16,168,-1,1,0.375
2025-08-08,2025-09-05,28,-1,0,-1.5170279847451906
2025-08-13,2026-01-28,168,1,0,-0.421875
2025-08-15,2026-01-30,168,1,1,0.3125
2025-08-22,2026-02-06,168,1,1,0.015625
2025-08-27,2026-02-11,168,1,0,-0.09375
2025-09-04,2026-01-20,138,1,0,-1.299532395993439
2025-09-05,2026-01-16,133,1,0,-1.3432591804356395
2025-09-09,2026-01-16,129,1,0,-1.3211373842949587
2025-09-17,2026-01-20,125,1,0,-1.2631780940987316
2025-09-22,2026-01-20,120,1,0,-1.1855142946386912
2025-09-24,2026-03-11,168,1,1,0.21875
2025-09-26,2026-03-13,168,1,0,-0.640625
2025-10-01,2026-01-20,111,1,0,-1.1367914474461895
2025-10-03,2026-01-20,109,1,0,-1.1168660629079878
2025-10-10,2026-01-16,98,1,0,-1.2209919525731687
2025-10-16,2025-11-05,20,1,0,-1.171381137652885
2025-10-17,2025-12-09,53,1,0,-1.1721923449957004
2025-10-22,2025-10-30,8,1,0,-1.0987504812660296
2025-10-23,2025-12-09,47,1,0,-1.1181280345193993
2025-10-29,2026-01-20,83,1,0,-1.2067570493390658
2025-11-05,2026-03-20,135,1,0,-1.1888425875473052
2025-11-06,2026-01-20,75,1,0,-1.2632515042808632
2025-11-11,2026-01-20,70,1,0,-1.2266785901129764
2025-11-14,2026-03-20,126,1,0,-1.1696528145589642
2025-11-18,2026-01-20,63,1,0,-1.1370199600651918
2025-11-20,2026-01-16,57,1,0,-1.1578018919387514
2025-11-24,2025-12-09,15,1,0,-1.1279654081272612
2025-12-01,2026-01-20,50,1,0,-1.1495509558157926
2025-12-04,2026-01-20,47,1,0,-1.1029122700246048
2025-12-08,2026-03-20,102,1,0,-1.0905321082032253
2025-12-10,2026-03-20,100,1,0,-1.0977501759018349
2025-12-16,2026-01-20,35,1,0,-1.0127968793274162
2025-12-22,2026-01-20,29,1,0,-0.9589430378655279
2025-12-29,2026-01-16,18,1,0,-0.9215227381927257
2025-12-31,2026-03-20,79,1,0,-0.9361659851212885
2026-01-05,2026-01-20,15,1,0,-0.9362395441736996
2026-01-09,2026-03-20,70,1,0,-0.8712250510562802
2026-01-14,2026-02-23,40,-1,0,-0.8496992914028627
2026-01-15,2026-02-13,29,-1,0,-0.8834142242006299
2026-01-16,2026-02-12,27,-1,0,-0.9142925718521401
2026-01-21,2026-02-12,22,-1,0,-0.9359315021162915
2026-01-30,2026-02-12,13,-1,0,-0.8051248491799341
2026-02-02,2026-02-10,8,-1,0,-0.8240727951028727
2026-02-05,2026-02-13,8,-1,0,-0.8916954457942036
2026-02-10,2026-02-23,13,-1,0,-0.8836778770468199
2026-02-11,2026-02-13,2,-1,0,-0.886446599273118
2026-02-12,2026-02-27,15,-1,0,-0.9928524599328604
2026-02-13,2026-03-20,35,-1,1,2.057706023060627
2026-02-23,2026-03-12,17,1,0,-1.0220098832893396
2026-02-26,2026-03-12,14,1,0,-0.9817089654889026
2026-02-27,2026-03-06,7,1,0,-1.0391451682874857
2026-03-02,2026-03-13,11,1,0,-1.2071772277658597
2026-03-06,2026-03-20,14,1,0,-1.1723881278520658
2026-03-12,2026-03-20,8,1,0,-1.1969732350724493
2026-03-13,2026-04-03,21,1,0,-0.390625
2026-03-16,2026-03-25,9,1,0,-1.2793910104989499
2026-03-18,2026-03-20,2,1,0,-1.240220852455455
2026-03-20,2026-04-03,14,-1,0,-0.40625
2026-03-24,2026-04-03,10,-1,0,-0.515625
2026-03-30,2026-04-03,4,-1,0,-0.203125
