index,US10
1982-11-09,0.6348156952954875
1982-11-10,0.8535540588061163
1982-11-11,-1.3999063290600189
1982-11-12,-0.19061166605617297
1982-11-15,-1.547390315489261
1982-11-16,-3.4609302773510264
1982-11-17,-0.7187701385277245
1982-11-18,1.165247681672077
1982-11-19,1.506556927945213
1982-11-22,0.4543431883715199
1982-11-23,-0.9547873326975709
1982-11-24,-1.303896298732754
1982-11-30,-0.9859715466117414
1982-12-01,-0.6673426122767334
1982-12-02,0.39846131203549184
1982-12-03,4.26922696075025
1982-12-06,4.3735601424591986
1982-12-07,4.053515660736928
1982-12-08,1.3452779408392734
1982-12-09,1.9550158996187061
1982-12-10,-0.20627578652184786
1982-12-13,1.2555163277169878
1982-12-14,3.0174836464326837
1982-12-15,2.523780973883838
1982-12-16,0.6376865613790805
1982-12-17,1.207142337525191
1982-12-20,0.6334075308531251
1982-12-21,3.765209437372463
1982-12-22,3.1234412728888827
1982-12-23,4.414720086604373
1982-12-29,3.6499163656498856
1982-12-30,3.745681950655233
1983-01-05,3.8405348219870294
1983-01-06,3.458222812166567
1983-01-07,3.649056524842953
1983-01-10,3.8411358330742162
1983-01-11,5.196439529412977
1983-01-12,5.4892441038137285
1983-01-13,5.788433406836768
1983-01-14,6.298839961277003
1983-01-17,6.298839961277003
1983-01-18,6.298839961277003
1983-01-19,4.211988308972758
1983-01-20,3.6995308399739635
1983-01-21,0.8591663648216397
1983-01-24,-0.6019736546744259
1983-01-25,0.6429205567057839
1983-01-26,-0.24413228706507972
1983-01-27,-0.0380043896970772
1983-01-28,-0.4988151568222632
1983-01-31,-1.3003127144569637
1983-02-01,-1.1342308917301147
1983-02-02,-1.1342308917301147
1983-02-03,-1.703381940633697
1983-02-04,-2.1157828636842457
1983-02-07,-1.8724308911671428
1983-02-08,-1.8724308911671428
1983-02-09,-1.9226702298257736
1983-02-10,-1.4757257529654733
1983-02-11,-1.306591056240114
1983-02-14,-1.2907012911955285
1983-02-15,-1.4125774432084293
1983-02-16,-1.2774206573826663
1983-02-17,-1.0177890509034837
1983-02-18,-0.7215732876717174
1983-02-24,-0.48964563715746534
1983-02-25,0.40548285574113496
1983-02-28,0.093005496008991
1983-03-01,0.5897571839744487
1983-03-02,0.5492651447652319
1983-03-03,0.7791103429026336
1983-03-04,0.21001709400203517
1983-03-07,-1.1660721987898248
1983-03-08,-1.8361850245698141
1983-03-09,-1.7855644072708454
1983-03-10,-2.1443006378761176
1983-03-11,-2.397632018873108
1983-03-14,-1.4507234315862538
1983-03-15,-1.0090711093102667
1983-03-16,-1.517481157035061
1983-03-17,-1.7211252528943954
1983-03-18,-1.567151999871208
1983-03-21,-1.8284950261538313
1983-03-22,-1.985335578624725
1983-03-23,-1.3076102213110063
1983-03-24,-0.9928122436574149
1983-03-25,-1.8645990615907215
1983-03-28,-1.7611493939006517
1983-03-29,-1.4483908786899757
1983-03-30,-1.2892363509232507
1983-03-31,-1.561816584671516
1983-04-06,-1.4057533707948378
1983-04-07,-1.7949548088128764
1983-04-08,-2.1393983479255363
1983-04-11,-0.9700674383008812
1983-04-12,-1.0876785056713856
1983-04-13,-0.650649453515395
1983-04-14,0.8155347346300745
1983-04-15,0.4039340630994648
1983-04-18,0.9942893519953921
1983-04-19,-0.9276097632374136
1983-04-20,-0.6312820081987747
1983-04-21,-1.5616538637276967
1983-04-22,-1.4848155156406029
1983-04-25,-1.0117196235002068
1983-04-26,-0.44234322008195326
1983-04-27,0.8248995311622487
1983-04-28,0.91203152710011
1983-04-29,1.3737252426430535
1983-05-02,1.4717126905128053
1983-05-03,1.9904848029371536
1983-05-04,3.8605511938145654
1983-05-05,2.6104974340176668
1983-05-06,3.189539041705136
1983-05-09,0.8574475931494963
1983-05-10,2.465195201226389
1983-05-11,2.1127611697646875
1983-05-12,1.2623985110278957
1983-05-13,1.7533043523302982
1983-05-16,-1.6717192643131873
1983-05-17,-2.2034127346389876
1983-05-18,-2.412553168676679
1983-05-19,-3.962410825011764
1983-05-20,-4.436761117649446
1983-05-23,-4.800032982061064
1983-05-24,-4.5400661135222675
1983-05-25,-4.623737418339246
1983-05-26,-5.508838768406821
1983-05-27,-5.582014881148267
1983-06-02,-5.688422120040737
1983-06-03,-5.840286730843703
1983-06-06,-5.459774817266528
1983-06-07,-6.09682887057107
1983-06-08,-6.72823672390872
1983-06-09,-6.3839738522729395
1983-06-10,-6.43756687738658
1983-06-13,-5.7761134042398465
1983-06-14,-5.914719270979274
1983-06-15,-5.799068430363718
1983-06-16,-5.505645932467962
1983-06-17,-5.694155776209997
1983-06-20,-6.082690845175332
1983-06-21,-5.987088690446329
1983-06-22,-6.1166679531895145
1983-06-23,-6.184574096145878
1983-06-24,-6.547575876426171
1983-06-27,-6.714164463656425
1983-06-28,-6.678702852424756
1983-06-29,-6.696044137333712
1983-06-30,-6.735086311019456
1983-07-01,-6.753626417988235
1983-07-07,-6.604799468492573
1983-07-08,-6.443936190779198
1983-07-11,-6.644673354028086
1983-07-12,-6.242223075521968
1983-07-13,-6.300356819339914
1983-07-14,-6.438276145317867
1983-07-15,-6.026404682802333
1983-07-18,-6.726480136018886
1983-07-19,-6.923661996230079
1983-07-20,-7.183436923666497
1983-07-21,-6.898205262425838
1983-07-22,-6.372507292917151
1983-07-25,-6.648051690857104
1983-07-26,-6.265602220387878
1983-07-27,-6.163352106270425
1983-07-28,-5.347751207517993
1983-07-29,-4.7541160802413
1983-08-01,-4.709591794681622
1983-08-02,-4.860980468126474
1983-08-03,-4.805201807660309
1983-08-04,-3.15179279801473
1983-08-05,-3.341375366953403
1983-08-08,-2.5715935505902454
1983-08-09,-2.9570060389008668
1983-08-10,-2.2886635817117584
1983-08-11,-3.6529053131707845
1983-08-12,-5.587051402297794
1983-08-15,-8.121907832662789
1983-08-16,-8.426779196362377
1983-08-17,-9.789264493038608
1983-08-18,-8.807864772085495
1983-08-19,-8.257535706935148
1983-08-22,-10.807390512387183
1983-08-23,-10.421631375999285
1983-08-24,-10.63478478575297
1983-08-25,-10.021725854695207
1983-08-26,-9.97222493705231
1983-08-29,-8.371998856149265
1983-08-30,-8.0106815102309
1983-08-31,-7.449816783996999
1983-09-01,-7.936981741557858
1983-09-02,-7.589801730180512
1983-09-08,-7.332629877356489
1983-09-09,-7.698779231947039
1983-09-12,-8.585325794760855
1983-09-13,-8.438228000146818
1983-09-14,-7.421610295757386
1983-09-15,-6.9952977826931555
1983-09-16,-8.017790871258246
1983-09-19,-8.200456093942975
1983-09-20,-8.742146261374828
1983-09-21,-8.398975431526479
1983-09-22,-8.736153351701692
1983-09-23,-9.545763505313687
1983-09-26,-9.9011424078567
1983-09-27,-9.647388183924733
1983-09-28,-9.502254758307549
1983-09-29,-9.502254758307549
1983-09-30,-9.676764996764364
1983-10-03,-9.588143173542319
1983-10-04,-9.588143173542319
1983-10-05,-9.983118814276192
1983-10-06,-9.983118814276192
1983-10-07,-9.930164516106743
1983-10-10,-9.868004062506374
1983-10-11,-9.788058668028654
1983-10-12,-9.776908504791649
1983-10-13,-9.74230659980776
1983-10-14,-9.815615163164292
1983-10-17,-9.903773682916095
1983-10-18,-9.865878302531483
1983-10-19,-9.898299741664252
1983-10-20,-9.896543854127792
1983-10-21,-9.900669282896557
1983-10-24,-9.962853526545556
1983-10-25,-9.962778878996126
1983-10-26,-9.964577192247326
1983-10-27,-9.961121153101981
1983-10-28,-9.950807348125645
1983-10-31,-9.901871986872369
1983-11-01,-9.986213892933016
1983-11-02,-9.964786451770724
1983-11-03,-9.853692772071964
1983-11-04,-9.662699819100261
1983-11-07,-9.716789647545498
1983-11-08,-9.802009541072321
1983-11-09,-9.706032663145859
1983-11-10,-10.221131251473015
1983-11-11,-10.738285876967835
1983-11-14,-10.445399791741716
1983-11-15,-10.357818156786102
1983-11-16,-10.335631480398222
1983-11-17,-10.335631480398222
1983-11-18,-10.266530465176405
1983-11-21,-10.599314406191617
1983-11-22,-10.904820227086686
1983-11-23,-10.867952264223234
1983-11-29,-10.975184494395219
1983-11-30,-10.902126782008171
1983-12-01,-10.884817664883006
1983-12-02,-10.714075913928845
1983-12-05,-10.714075913928845
1983-12-06,-10.726498150359532
1983-12-07,-10.63963239609137
1983-12-08,-10.382508428160886
1983-12-09,-10.340774700835853
1983-12-12,-10.493711609347589
1983-12-13,-10.146766542705688
1983-12-14,-10.014007578549656
1983-12-15,-10.207149896219992
1983-12-16,-10.72231569170482
1983-12-19,-10.809942902219671
1983-12-20,-10.809942902219671
1983-12-21,-11.002525133218144
1983-12-22,-11.544883782315118
1983-12-23,-11.403879939820404
1983-12-29,-11.629541751387562
1983-12-30,-11.4460248899933
1984-01-05,-11.4460248899933
1984-01-06,-11.764099348387013
1984-01-09,-11.635541539111205
1984-01-10,-11.968748375548488
1984-01-11,-11.778621966722792
1984-01-12,-11.669908031797283
1984-01-13,-12.763241170348083
1984-01-16,-12.826334731233546
1984-01-17,-12.73591966897316
1984-01-18,-12.685634180242577
1984-01-19,-12.703494240713775
1984-01-20,-12.697251525155917
1984-01-23,-12.691004976311183
1984-01-24,-12.697100648339843
1984-01-25,-12.697100648339843
1984-01-26,-12.656612016791435
1984-01-27,-12.674188705353561
1984-01-30,-12.738329687435746
1984-01-31,-12.738329687435746
1984-02-01,-12.656136534322393
1984-02-02,-12.284933865626979
1984-02-03,-12.35576923702183
1984-02-06,-12.722613898087587
1984-02-07,-12.8073910630091
1984-02-08,-12.852193388384636
1984-02-09,-13.04009859519094
1984-02-10,-13.56458617755678
1984-02-13,-14.127186540372916
1984-02-14,-13.806512588457732
1984-02-15,-13.70944576266313
1984-02-16,-13.70944576266313
1984-02-17,-14.11788530047653
1984-02-23,-14.272475931424244
1984-02-24,-14.28059976701862
1984-02-27,-14.2257121674365
1984-02-28,-14.174968454528313
1984-02-29,-14.373966377283775
1984-03-01,-14.277125957096604
1984-03-02,-14.544520882981104
1984-03-05,-14.090922507629777
1984-03-06,-13.945155694668188
1984-03-07,-13.261114969996001
1984-03-08,-13.115614139959785
1984-03-09,-12.885937560959992
1984-03-12,-13.152850782761227
1984-03-13,-13.003725903168228
1984-03-14,-12.421611273687638
1984-03-15,-12.5135921865557
1984-03-16,-11.907101693746425
1984-03-19,-10.357726476566242
1984-03-20,-10.592434758174596
1984-03-21,-10.721043228936377
1984-03-22,-10.162765914770189
1984-03-23,-9.708533094384686
1984-03-26,-10.528132542567281
1984-03-27,-10.185689704485611
1984-03-28,-12.191685006008978
1984-03-29,-13.247642476567966
1984-03-30,-10.074470027159999
1984-04-02,-9.904842481218147
1984-04-03,-8.118257795439355
1984-04-04,-7.559550985750008
1984-04-05,-8.746637257023037
1984-04-06,-12.378040291810066
1984-04-09,-13.083712958410565
1984-04-10,-12.021494379856613
1984-04-11,-12.564764603292367
1984-04-12,-14.392142831003662
1984-04-13,-10.746888301823553
1984-04-16,-9.77409833607188
1984-04-17,-10.782049056769772
1984-04-18,-7.405833775348681
1984-04-19,-5.927513552816766
1984-04-25,-6.85047092470199
1984-04-26,-7.785628852686221
1984-04-27,-5.150091446408922
1984-04-30,-4.390288985764579
1984-05-01,-4.19246730511198
1984-05-02,-3.987078274154665
1984-05-03,-3.5610572714714683
1984-05-04,1.083677360501678
1984-05-07,3.013140810405379
1984-05-08,0.9789649366840569
1984-05-09,4.830819178935886
1984-05-10,5.753197436880209
1984-05-11,15.040968877218042
1984-05-14,16.122414027218348
1984-05-15,12.85098909054241
1984-05-16,9.584452215545603
1984-05-17,14.188675456439093
1984-05-18,11.807139054569049
1984-05-21,10.605623219443494
1984-05-22,13.069464155034737
1984-05-23,12.81096183546271
1984-05-24,20.04779320434078
1984-05-25,21.386623391536496
1984-05-31,18.70229556605598
1984-06-01,5.83947303751875
1984-06-04,0.43030490554474277
1984-06-05,-0.15436831488174763
1984-06-06,3.1622226714103308
1984-06-07,4.750362349053705
1984-06-08,2.716157210687764
1984-06-11,5.311872392567274
1984-06-12,4.0863377844493565
1984-06-13,0.6235359318535805
1984-06-14,-1.4863584583733935
1984-06-15,-6.30982888334255
1984-06-18,-5.8223376577180685
1984-06-19,-3.231941764084978
1984-06-20,3.073099243118871
1984-06-21,4.435362179323077
1984-06-22,5.211366137383111
1984-06-25,4.5746942608718255
1984-06-26,5.7000747181614075
1984-06-27,4.710389178927876
1984-06-28,5.537797121490828
1984-06-29,6.723242823228204
1984-07-02,6.723242823228204
1984-07-03,3.887366240991641
1984-07-09,-1.7351457999698505
1984-07-10,-1.1922574584716905
1984-07-11,-0.38184339253569677
1984-07-12,-2.810499378677067
1984-07-13,-4.561184604553947
1984-07-16,-4.678564756359604
1984-07-17,-3.763089561049049
1984-07-18,-4.55087716459871
1984-07-19,-5.634558683820423
1984-07-20,-3.8914844362760492
1984-07-23,-4.781766441413904
1984-07-24,-4.592539717292732
1984-07-25,-8.29639798195776
1984-07-26,-9.615752259898546
1984-07-27,-9.311953365648662
1984-07-30,-8.416828369254759
1984-07-31,-9.34135114999457
1984-08-01,-9.877455610290397
1984-08-02,-10.148453162277814
1984-08-03,-10.843085660731234
1984-08-06,-10.340578730252293
1984-08-07,-10.477876201325909
1984-08-08,-10.492435474751094
1984-08-09,-10.550573252884254
1984-08-10,-10.518892340519193
1984-08-13,-10.518647819793149
1984-08-14,-10.491261361227288
1984-08-15,-10.55707102743363
1984-08-16,-10.464102607181703
1984-08-17,-10.450180778601414
1984-08-20,-10.467782111504375
1984-08-21,-10.193528204188752
1984-08-22,-10.344243404347198
1984-08-23,-10.51669417838581
1984-08-24,-10.358464648624732
1984-08-27,-11.130514542057968
1984-08-28,-11.063871087060662
1984-08-29,-11.23677466269941
1984-08-30,-11.166545227691815
1984-08-31,-10.914260768070205
1984-09-06,-10.131246486170786
1984-09-07,-9.57677242033922
1984-09-10,-8.979478962153086
1984-09-11,-8.557527343327799
1984-09-12,-8.452479359150178
1984-09-13,-7.572411498481935
1984-09-14,-7.12201446705717
1984-09-17,-7.0499553178639545
1984-09-18,-6.730023744154834
1984-09-19,-4.878340703285411
1984-09-20,-5.342137892026388
1984-09-21,-7.663720813075314
1984-09-24,-8.807327898485873
1984-09-25,-9.574364857941276
1984-09-26,-8.60389907640532
1984-09-27,-6.095221821751052
1984-09-28,-8.67959575356526
1984-10-01,-9.226253548558727
1984-10-02,-9.31883522377045
1984-10-03,-9.603156485442444
1984-10-04,-9.121523694604072
1984-10-05,-7.243249199569957
1984-10-08,-6.645844118012878
1984-10-09,-6.958240038277852
1984-10-10,-7.388954391602254
1984-10-11,-6.39525564996859
1984-10-12,-5.708659106123837
1984-10-15,-7.022695940837864
1984-10-16,-6.666660516488232
1984-10-17,-5.317970986359688
1984-10-18,-2.0310187819913006
1984-10-19,-0.05223680160160171
1984-10-22,0.5969802054696105
1984-10-23,2.2662663650646397
1984-10-24,3.3032223329547916
1984-10-25,1.2368068311583658
1984-10-26,-1.6390776620751057
1984-10-29,-1.3332871915664124
1984-10-30,3.752861039000721
1984-10-31,2.6875739920897423
1984-11-01,5.982682359494795
1984-11-02,5.497490678461703
1984-11-05,8.033670091012501
1984-11-06,8.566224406248391
1984-11-07,3.6859314950535405
1984-11-08,0.11474543032492512
1984-11-09,2.9835417946762144
1984-11-12,2.6579041485201182
1984-11-13,0.6567198026177445
1984-11-14,0.1646447579150223
1984-11-15,2.1566615004489087
1984-11-16,3.007378502951763
1984-11-19,4.935626437560514
1984-11-20,6.925573696870724
1984-11-21,10.675007094067634
1984-11-27,10.675007094067634
1984-11-28,7.110862313011301
1984-11-29,6.315987738203166
1984-11-30,0.7071663716381016
1984-12-03,0.8780361364455924
1984-12-04,2.079195805597611
1984-12-05,1.7320376033185703
1984-12-06,-0.35307159663386933
1984-12-07,-3.1806607931994524
1984-12-10,-1.6491415178976787
1984-12-11,0.18044454014025657
1984-12-12,1.2470200481327964
1984-12-13,-2.4454199625167816
1984-12-14,0.12212301955527582
1984-12-17,1.8456310561506983
1984-12-18,5.848201469146774
1984-12-19,4.307971355013107
1984-12-20,4.180759806531675
1984-12-21,4.569670338684295
1984-12-24,5.233515134490618
1984-12-28,5.921257664894419
1984-12-31,3.247306776769676
1985-01-04,2.5034454232553127
1985-01-07,6.465853488025464
1985-01-08,7.051153655381848
1985-01-09,6.807668871421635
1985-01-10,6.682174358848414
1985-01-11,4.356177063200817
1985-01-14,3.8636598799621558
1985-01-15,5.473224156289325
1985-01-16,5.85001994813017
1985-01-17,6.236464498426231
1985-01-18,8.352967678616752
1985-01-21,7.949006850037743
1985-01-22,11.543026275701141
1985-01-23,12.088604660999568
1985-01-24,16.2543688174992
1985-01-25,14.968092823230439
1985-01-28,14.672393015698738
1985-01-29,14.51752909327566
1985-01-30,14.679335778616952
1985-01-31,13.157247303901155
1985-02-01,9.2303143882984
1985-02-04,8.76263005208482
1985-02-05,9.707140231660926
1985-02-06,7.293267857132624
1985-02-07,6.679034206623857
1985-02-08,8.515773044980058
1985-02-11,7.280768559989004
1985-02-12,7.432948961742025
1985-02-13,7.432948961742025
1985-02-14,9.907043631233936
1985-02-15,7.434856252396971
1985-02-21,5.594241782794107
1985-02-22,4.003041656352968
1985-02-25,3.7937946481329865
1985-02-26,4.792384657895132
1985-02-27,2.1038307621507712
1985-02-28,1.7881272689123984
1985-03-01,2.5175733936097844
1985-03-04,1.6336654223168434
1985-03-05,2.419950172804186
1985-03-06,1.920000174619907
1985-03-07,1.420289391922247
1985-03-08,2.9464275576684518
1985-03-11,2.982802016641495
1985-03-12,2.7040781323694363
1985-03-13,2.186323929212586
1985-03-14,2.186323929212586
1985-03-15,2.112107568541699
1985-03-18,1.8563293009355109
1985-03-19,1.988919120078414
1985-03-20,2.145284372138656
1985-03-21,2.230379203756905
1985-03-22,2.175011320929654
1985-03-25,2.240703232384722
1985-03-26,2.341976111925148
1985-03-27,2.2314924551248394
1985-03-28,2.3011312631099345
1985-03-29,2.416566004176346
1985-04-01,2.3926146839959195
1985-04-02,2.333632205201619
1985-04-03,2.32266699716972
1985-04-04,2.2625698858136367
1985-04-10,2.4632986753167163
1985-04-11,2.8679547132073324
1985-04-12,2.8239887002909025
1985-04-15,3.069519748188876
1985-04-16,3.731104339345803
1985-04-17,3.34089481577049
1985-04-18,4.278404868937402
1985-04-19,4.12772644574364
1985-04-22,4.587602031688576
1985-04-23,3.479491673834745
1985-04-24,3.411967070925659
1985-04-25,2.172466502705084
1985-04-26,2.8958795322400643
1985-04-29,1.6798049982355456
1985-04-30,2.57575304339992
1985-05-01,3.1932478270290554
1985-05-02,3.679633952275685
1985-05-03,4.793394284596997
1985-05-06,5.154316228464517
1985-05-07,5.154316228464517
1985-05-08,3.307763762921545
1985-05-09,5.087224636655274
1985-05-10,7.605303087719628
1985-05-13,7.402238152000762
1985-05-14,10.432923479060484
1985-05-15,9.777004823117053
1985-05-16,11.75442665810349
1985-05-17,11.01318123193089
1985-05-20,16.89186502256772
1985-05-21,16.1627591488934
1985-05-22,15.51105816099363
1985-05-23,15.926815935812645
1985-05-24,17.1129665074359
1985-05-30,19.42104008569123
1985-05-31,21.66717237488678
1985-06-03,29.984321562281103
1985-06-04,29.984321562281103
1985-06-05,37.68661099983448
1985-06-06,34.61328941259829
1985-06-07,24.56751489581388
1985-06-10,25.777485853007185
1985-06-11,28.85686087991255
1985-06-12,26.765166267787023
1985-06-13,25.032217865264105
1985-06-14,32.248266601822316
1985-06-17,32.05135135231083
1985-06-18,35.31872139415921
1985-06-19,29.10508884112022
1985-06-20,25.70857027471043
1985-06-21,19.054549625995442
1985-06-24,15.545658563052122
1985-06-25,14.20358279469458
1985-06-26,13.373029775884104
1985-06-27,18.49764395758693
1985-06-28,20.974359781962892
1985-07-01,23.34194579173832
1985-07-02,21.951468190335643
1985-07-03,21.603370251927288
1985-07-09,22.111825998238643
1985-07-10,20.91118996852417
1985-07-11,16.656324508242506
1985-07-12,16.96894569027405
1985-07-15,16.96894569027405
1985-07-16,18.83933418566457
1985-07-17,20.40830137341596
1985-07-18,14.061289262490417
1985-07-19,14.061289262490417
1985-07-22,11.460745070061119
1985-07-23,11.339761832258954
1985-07-24,10.39226226251111
1985-07-25,10.050047021235798
1985-07-26,9.163925311207732
1985-07-29,7.785696824239108
1985-07-30,8.083357544570458
1985-07-31,9.711861268447318
1985-08-01,11.18883053893509
1985-08-02,8.573201282683463
1985-08-05,9.282646007613105
1985-08-06,8.97641972428913
1985-08-07,10.304924769667467
1985-08-08,11.804202088622562
1985-08-09,12.223509933215105
1985-08-12,12.364850713155274
1985-08-13,11.147460560179523
1985-08-14,12.242759121818313
1985-08-15,12.379157433319389
1985-08-16,13.624101309862757
1985-08-19,14.183325235283274
1985-08-20,14.47372255966446
1985-08-21,15.382522155667889
1985-08-22,15.619865099690887
1985-08-23,15.286421433725694
1985-08-26,14.7666238080147
1985-08-27,16.18778043696183
1985-08-28,15.547748533954909
1985-08-29,16.205157329553586
1985-08-30,13.656483312940516
1985-09-05,12.176177420424672
1985-09-06,8.837880768934237
1985-09-09,8.837880768934237
1985-09-10,9.09122261371682
1985-09-11,8.907718132295116
1985-09-12,8.731821209799406
1985-09-13,9.794614503370447
1985-09-16,10.168407390598123
1985-09-17,9.5856035491384
1985-09-18,9.433269148985413
1985-09-19,9.580951507222357
1985-09-20,10.158366240248796
1985-09-23,9.87319202504362
1985-09-24,10.43296338393227
1985-09-25,10.852844543077333
1985-09-26,11.331562636701076
1985-09-27,10.632213409419379
1985-09-30,10.779837446540984
1985-10-01,11.032069203001216
1985-10-02,10.458582378826332
1985-10-03,10.715103206030353
1985-10-04,10.297386887289894
1985-10-07,9.68008807656302
1985-10-08,9.922128194558045
1985-10-09,9.732227872175226
1985-10-10,10.053680092886651
1985-10-11,10.18959649986726
1985-10-14,10.643560252116968
1985-10-15,10.828621447742371
1985-10-16,11.360553970792386
1985-10-17,11.769775631831013
1985-10-18,12.047698091672565
1985-10-21,11.98664760442325
1985-10-22,12.78252331531473
1985-10-23,12.710798786721833
1985-10-24,12.553855529096381
1985-10-25,11.79309311128829
1985-10-28,10.756506818294543
1985-10-29,13.866520727672537
1985-10-30,14.884401272710424
1985-10-31,15.12235438163323
1985-11-01,15.12235438163323
1985-11-04,15.409862462491297
1985-11-05,16.556734400972672
1985-11-06,16.669320066682914
1985-11-07,17.280085721449325
1985-11-08,19.130870522750023
1985-11-11,18.56721124826086
1985-11-12,22.02876169902681
1985-11-13,20.494363528795034
1985-11-14,19.534606646217068
1985-11-15,17.525093667229143
1985-11-18,23.732113327356362
1985-11-19,23.732113327356362
1985-11-20,23.567350882169812
1985-11-21,24.615580667242188
1985-11-22,22.3841653661357
1985-11-25,22.3841653661357
1985-11-26,22.775554115945297
1985-11-27,25.026449189799948
1985-12-03,25.861522215482523
1985-12-04,28.87261974540529
1985-12-05,29.09335351390736
1985-12-06,28.408875663185086
1985-12-09,37.03154461167506
1985-12-10,40.89781369342054
1985-12-11,47.40610467527584
1985-12-12,44.439091836751984
1985-12-13,45.83008472133836
1985-12-16,48.77788298627137
1985-12-17,54.7621225877716
1985-12-18,51.50902816873775
1985-12-19,51.78371053927455
1985-12-20,55.81944487266468
1985-12-23,53.69205384882616
1985-12-24,54.00314078785493
1985-12-30,51.62510999861914
1985-12-31,52.65541149778174
1986-01-06,51.5442964050443
1986-01-07,61.70604350777049
1986-01-08,47.46744379540419
1986-01-09,41.271468407714295
1986-01-10,37.71548944389214
1986-01-13,28.217872745666984
1986-01-14,32.56197703581567
1986-01-15,36.908514965725445
1986-01-16,37.78360090645159
1986-01-17,39.99929555747581
1986-01-20,39.547954354085135
1986-01-21,40.68335467839894
1986-01-22,38.37331032629729
1986-01-23,40.63938702060852
1986-01-24,40.86990544733502
1986-01-27,46.47172687751624
1986-01-28,50.6743559830467
1986-01-29,48.04485814752157
1986-01-30,47.80775662273924
1986-01-31,49.25687155228076
1986-02-03,52.73318634527235
1986-02-04,56.30894248125087
1986-02-05,51.82124065656806
1986-02-06,49.02828207592815
1986-02-07,44.77819984496803
1986-02-10,49.755143574774905
1986-02-11,54.27146252585446
1986-02-12,54.99672580230141
1986-02-13,58.482190287685086
1986-02-14,67.21593056764861
1986-02-20,69.82773254352436
1986-02-21,80.14283506624822
1986-02-24,86.52475720534107
1986-02-25,84.30792154444187
1986-02-26,88.01142199185139
1986-02-27,102.72107838920937
1986-02-28,104.17252935428797
1986-03-03,112.50523741011746
1986-03-04,115.43434018130156
1986-03-05,97.71963382598297
1986-03-06,102.0125186329988
1986-03-07,107.12765853471642
1986-03-10,121.69788730117776
1986-03-11,122.98269320721774
1986-03-12,123.99725440648109
1986-03-13,119.38437018983281
1986-03-14,122.96487785709331
1986-03-17,119.20427473498884
1986-03-18,111.97816427053864
1986-03-19,115.6836564375896
1986-03-20,118.76935666858665
1986-03-21,112.7525133681877
1986-03-24,124.17871697028443
1986-03-25,124.58476219357286
1986-03-26,131.69650693008248
1986-03-27,143.05438838122444
1986-04-02,145.42847003027993
1986-04-03,136.07233251509996
1986-04-04,128.98273914887773
1986-04-07,128.98273914887773
1986-04-08,149.5607485019966
1986-04-09,155.5489451331983
1986-04-10,154.1076784361221
1986-04-11,146.75353217424822
1986-04-14,159.69887266836315
1986-04-15,153.27164265192042
1986-04-16,179.61880885682183
1986-04-17,170.64695688571106
1986-04-18,162.79711779617244
1986-04-21,163.70176597986276
1986-04-22,141.8819152053387
1986-04-23,131.45378995688688
1986-04-24,123.17702057486817
1986-04-25,119.44364809014405
1986-04-28,128.73115362824393
1986-04-29,136.4396832550771
1986-04-30,136.09813904922228
1986-05-01,128.86739954961604
1986-05-02,123.61689987771132
1986-05-05,133.1210712237476
1986-05-06,130.25520665518906
1986-05-07,125.84539655499034
1986-05-08,129.2160518526831
1986-05-09,123.31755760678695
1986-05-12,111.1661169484258
1986-05-13,116.24341432289155
1986-05-14,114.72366680985387
1986-05-15,106.75440903941107
1986-05-16,99.36985490334176
1986-05-19,99.36985490334176
1986-05-20,104.40653112014289
1986-05-21,104.02935690476984
1986-05-22,104.21391362418717
1986-05-23,106.56988882604912
1986-05-29,96.77489888938702
1986-05-30,95.03696669889716
1986-06-02,89.14476008797753
1986-06-03,93.31432297431472
1986-06-04,89.26624390763574
1986-06-05,91.03445459603992
1986-06-06,94.98251098156723
1986-06-09,92.36110108859651
1986-06-10,93.00256190815162
1986-06-11,94.063135276819
1986-06-12,94.02354319545958
1986-06-13,96.14515865360917
1986-06-16,96.79836269873788
1986-06-17,96.86748254085222
1986-06-18,96.79748678966496
1986-06-19,95.41961626570854
1986-06-20,96.65860348006623
1986-06-23,97.13706234701141
1986-06-24,97.36536746498881
1986-06-25,97.36536746498881
1986-06-26,97.46950931958871
1986-06-27,97.9715193784047
1986-06-30,98.15860531714517
1986-07-01,98.08001510474315
1986-07-02,97.91598476095385
1986-07-03,99.14680141116152
1986-07-09,100.2499867308594
1986-07-10,100.15036625654838
1986-07-11,100.20253066892258
1986-07-14,100.69356755093071
1986-07-15,102.06990442905264
1986-07-16,101.34471107854056
1986-07-17,101.4078223789618
1986-07-18,101.73983810959358
1986-07-21,102.57936384478197
1986-07-22,101.61736415454818
1986-07-23,100.32292908817651
1986-07-24,98.95126152307792
1986-07-25,99.32440672056599
1986-07-28,96.08360973311576
1986-07-29,98.14482287477682
1986-07-30,98.51445054622833
1986-07-31,99.56479285666731
1986-08-01,100.00245363769018
1986-08-04,100.06674821979816
1986-08-05,99.4053359328078
1986-08-06,98.27440018870162
1986-08-07,99.11410115223562
1986-08-08,101.05982819881186
1986-08-11,101.90547094597147
1986-08-12,102.45489435062542
1986-08-13,103.6988298891925
1986-08-14,103.22990555199216
1986-08-15,103.31287395784491
1986-08-18,103.75359186443225
1986-08-19,105.2525932361918
1986-08-20,106.24783515382914
1986-08-21,106.24783515382914
1986-08-22,103.26629882521266
1986-08-25,104.37782262117801
1986-08-26,107.04488796795744
1986-08-27,104.28601444125994
1986-08-28,105.4658452759289
1986-08-29,107.80385539015973
1986-09-04,108.55155860946515
1986-09-05,105.1097651825323
1986-09-08,102.7276756643154
1986-09-09,104.07999929319391
1986-09-10,104.52646136921473
1986-09-11,100.84945289038178
1986-09-12,99.08372421542228
1986-09-15,100.80190459891219
1986-09-16,100.80190459891219
1986-09-17,102.88715948719562
1986-09-18,100.23354815735748
1986-09-19,99.52529810736301
1986-09-22,100.32079995993364
1986-09-23,100.63707701161229
1986-09-24,102.28665424718018
1986-09-25,101.99134051375837
1986-09-26,102.63887984914315
1986-09-29,101.32785358981096
1986-09-30,102.56107221198643
1986-10-01,102.89417189583037
1986-10-02,102.55200804593434
1986-10-03,104.39815306818292
1986-10-06,104.74628617469253
1986-10-07,104.93361993892916
1986-10-08,103.92673618015581
1986-10-09,104.54352862716685
1986-10-10,103.82281200758695
1986-10-13,103.08526735509798
1986-10-14,101.15730616288351
1986-10-15,101.76627547165178
1986-10-16,101.29917142596226
1986-10-17,101.1695205023845
1986-10-20,99.97081060897864
1986-10-21,101.21996627585025
1986-10-22,102.02530317758027
1986-10-23,102.82997445675308
1986-10-24,102.44243522060673
1986-10-27,103.06552554935911
1986-10-28,102.82888516466637
1986-10-29,103.81090801735651
1986-10-30,104.77921328277068
1986-10-31,104.5700101948905
1986-11-03,105.1727729799571
1986-11-04,104.92734424111747
1986-11-05,104.92734424111747
1986-11-06,103.2404095811851
1986-11-07,102.04477084855448
1986-11-10,102.31469997485863
1986-11-11,102.49644526899142
1986-11-12,103.14122952142925
1986-11-13,103.32971788231885
1986-11-14,104.30026968485558
1986-11-17,106.01330209412639
1986-11-18,104.75087574843664
1986-11-19,106.89990155370914
1986-11-20,106.67751890084776
1986-11-21,107.51033115488657
1986-11-24,108.78781173952206
1986-11-25,106.72474103533975
1986-11-26,107.69574135358648
1986-12-02,112.35527005899426
1986-12-03,112.1986216280868
1986-12-04,114.7121289915003
1986-12-05,109.37681620177977
1986-12-08,112.11118480540576
1986-12-09,111.94491997253695
1986-12-10,113.1657774573775
1986-12-11,110.59455745970178
1986-12-12,110.7778666264418
1986-12-15,110.01881844879051
1986-12-16,111.95920813345523
1986-12-17,112.35977188007995
1986-12-18,113.1916471288997
1986-12-19,113.84081287420678
1986-12-22,114.06615565857096
1986-12-23,115.47125843735043
1986-12-24,114.9829248910792
1986-12-30,112.5621767778152
1986-12-31,111.85646513485014
1987-01-06,111.2132312759345
1987-01-07,112.29202864221546
1987-01-08,112.07256371004908
1987-01-09,113.40730988412724
1987-01-12,111.36313623361657
1987-01-13,110.02471377345859
1987-01-14,108.2648122009927
1987-01-15,109.96542250778431
1987-01-16,113.13624644910085
1987-01-19,114.59844637404983
1987-01-20,114.16812384136495
1987-01-21,114.38894699044617
1987-01-22,113.70647319837337
1987-01-23,110.92923063750715
1987-01-26,108.06423858621818
1987-01-27,108.67642966708021
1987-01-28,110.68833236416435
1987-01-29,110.4896810532082
1987-01-30,108.70052084774153
1987-02-02,107.56251917779989
1987-02-03,106.83668378218756
1987-02-04,107.52982739423645
1987-02-05,110.05251057649504
1987-02-06,110.05251057649504
1987-02-09,106.63699863020959
1987-02-10,105.01212416304284
1987-02-11,103.81565977194502
1987-02-12,105.2620131046035
1987-02-13,105.53763215145602
1987-02-19,106.26611311900929
1987-02-20,106.39872792334674
1987-02-23,106.81102602598105
1987-02-24,107.46540366372281
1987-02-25,106.99151685642386
1987-02-26,106.99151685642386
1987-02-27,107.43192658091996
1987-03-02,107.80977785432096
1987-03-03,107.09216059663808
1987-03-04,108.67504516480282
1987-03-05,108.5649163515785
1987-03-06,106.76143179213557
1987-03-09,106.64681068732081
1987-03-10,106.52964023381895
1987-03-11,106.6488670206707
1987-03-12,106.89247824062038
1987-03-13,107.51847578320994
1987-03-16,106.99761593027799
1987-03-17,107.52829112030184
1987-03-18,107.25281327927463
1987-03-19,107.53607254071488
1987-03-20,107.09530859109569
1987-03-23,106.34829745427777
1987-03-24,105.7590228576728
1987-03-25,106.0457755303454
1987-03-26,106.89939631616218
1987-03-27,104.60421519123395
1987-03-30,99.2633705020399
1987-03-31,99.76280473113763
1987-04-01,99.21061023542104
1987-04-02,99.11668948935473
1987-04-03,99.05667341569963
1987-04-06,98.79172415788746
1987-04-07,99.61180045203784
1987-04-08,99.44187859611546
1987-04-09,102.60092198173555
1987-04-10,105.37650406931877
1987-04-13,107.16775712132028
1987-04-14,110.77177768855356
1987-04-15,107.66875627587393
1987-04-16,103.79895654094251
1987-04-22,105.54359520726422
1987-04-23,109.74259702195477
1987-04-24,117.83759818705155
1987-04-27,111.57120949661281
1987-04-28,106.51233665321689
1987-04-29,109.0382327699187
1987-04-30,102.95119526176543
1987-05-01,110.75006830899738
1987-05-04,118.2263027487794
1987-05-05,113.72431637454237
1987-05-06,117.50579945133764
1987-05-07,112.98617198393512
1987-05-08,110.3225767485752
1987-05-11,118.71033997443101
1987-05-12,117.60215704879519
1987-05-13,116.45765597018345
1987-05-14,119.99034893114148
1987-05-15,135.6683730780522
1987-05-18,129.71666181610053
1987-05-19,138.0069879268214
1987-05-20,139.5497382998275
1987-05-21,137.92897213756575
1987-05-22,130.90150172285254
1987-05-28,129.55856222817803
1987-05-29,123.72503217527347
1987-06-01,121.70820832051605
1987-06-02,141.37341853255947
1987-06-03,136.27931399782852
1987-06-04,133.74263069956643
1987-06-05,126.04058083812757
1987-06-08,127.88413393442175
1987-06-09,129.77586937665205
1987-06-10,128.48081081757684
1987-06-11,126.5153272644611
1987-06-12,110.71061025753646
1987-06-15,107.73393822274784
1987-06-16,109.05829424554518
1987-06-17,106.395363959109
1987-06-18,108.22086453693358
1987-06-19,110.5811290661681
1987-06-22,105.55384294478456
1987-06-23,105.80546490916909
1987-06-24,111.07749175985066
1987-06-25,108.56464405628321
1987-06-26,113.50009559421817
1987-06-29,111.26873937268994
1987-06-30,114.20931050385707
1987-07-01,113.9611246672271
1987-07-02,109.46170053010107
1987-07-08,111.5014019759863
1987-07-09,114.69183816680015
1987-07-10,110.78584974427356
1987-07-13,113.20787738608126
1987-07-14,110.98989136368931
1987-07-15,114.90742712445092
1987-07-16,113.16581117441848
1987-07-17,111.00631948822719
1987-07-20,113.33431222108005
1987-07-21,117.37884493773217
1987-07-22,119.08601517510374
1987-07-23,119.9612641500619
1987-07-24,120.86091159228008
1987-07-27,121.78706565379471
1987-07-28,122.26449984967039
1987-07-29,121.52666031162526
1987-07-30,120.2720022444281
1987-07-31,122.80805780304532
1987-08-03,131.38296592584294
1987-08-04,130.88660998748284
1987-08-05,124.92684841209436
1987-08-06,125.90411035624216
1987-08-07,124.39229496792402
1987-08-10,126.43207726725367
1987-08-11,125.64499705786068
1987-08-12,125.11011828508725
1987-08-13,119.39007748150038
1987-08-14,117.12639464451198
1987-08-17,116.38933816317612
1987-08-18,125.1503439199925
1987-08-19,126.70388796497187
1987-08-20,124.41609259396485
1987-08-21,126.2438412898049
1987-08-24,126.94715980181557
1987-08-25,124.29456056169661
1987-08-26,126.91908384306015
1987-08-27,133.73822011102962
1987-08-28,138.0365154539275
1987-08-31,137.29290534952563
1987-09-01,139.62620684822085
1987-09-02,151.64280475319853
1987-09-03,152.15293330545484
1987-09-04,152.42731739499314
1987-09-10,147.16868593298477
1987-09-11,140.9796442999033
1987-09-14,140.35063705703888
1987-09-15,146.45095670106184
1987-09-16,151.0392716106237
1987-09-17,148.6609672014121
1987-09-18,141.74845026323806
1987-09-21,145.36470269962996
1987-09-22,140.29946632906473
1987-09-23,141.6117108746643
1987-09-24,148.98145045815778
1987-09-25,149.31842369889222
1987-09-28,148.6249927123095
1987-09-29,155.35637312153702
1987-09-30,157.8844286338653
1987-10-01,160.5152719068407
1987-10-02,153.85497052937046
1987-10-05,159.90826925197555
1987-10-06,162.23848129846075
1987-10-07,161.43082915277748
1987-10-08,173.88788928781526
1987-10-09,179.2029972508327
1987-10-12,187.79434643098418
1987-10-13,173.91644439597397
1987-10-14,190.77440270267104
1987-10-15,192.32586701902852
1987-10-16,196.01007472592883
1987-10-19,192.11502963854338
1987-10-20,149.60403824759857
1987-10-21,135.63674762415863
1987-10-22,123.13150443023137
1987-10-23,124.94721188671996
1987-10-26,118.4541760105739
1987-10-27,121.97401676413229
1987-10-28,124.98033503901462
1987-10-29,123.01148347780351
1987-10-30,121.79279221978638
1987-11-02,123.10120649468041
1987-11-03,120.79331234809065
1987-11-04,118.9638380554662
1987-11-05,116.1826441377968
1987-11-06,117.04028128051971
1987-11-09,117.45151947301942
1987-11-10,117.55018660186907
1987-11-11,118.49606541768102
1987-11-12,118.04020095558853
1987-11-13,118.82532960182806
1987-11-16,118.15140583499159
1987-11-17,118.95454493463289
1987-11-18,118.64426888924666
1987-11-19,118.27165185013273
1987-11-20,117.91595806888289
1987-11-23,117.91595806888289
1987-11-24,119.00557211590335
1987-11-25,119.80540595562155
1987-12-01,119.91121053486124
1987-12-02,119.91121053486124
1987-12-03,119.2742694628556
1987-12-04,119.364543423033
1987-12-07,120.46370885099952
1987-12-08,120.62578722172547
1987-12-09,120.29811088342007
1987-12-10,121.70757955831047
1987-12-11,121.86925682933416
1987-12-14,121.5169761301747
1987-12-15,120.0312244615076
1987-12-16,119.1489984562458
1987-12-17,119.3754145958319
1987-12-18,118.38224080574493
1987-12-21,118.32488237551328
1987-12-22,118.61044153797823
1987-12-23,118.10763183215886
1987-12-24,118.16130472826627
1987-12-30,118.2647109296772
1987-12-31,118.02077541189773
1988-01-06,117.57111655515988
1988-01-07,117.41799996979312
1988-01-08,115.74460024761208
1988-01-11,116.5937894885658
1988-01-12,116.52322375938317
1988-01-13,116.99355882171764
1988-01-14,117.14579386389588
1988-01-15,119.3820808668539
1988-01-18,119.2587992393789
1988-01-19,119.16291126713206
1988-01-20,119.65302525790436
1988-01-21,120.69822022342058
1988-01-22,121.3895543420465
1988-01-25,122.0144041476626
1988-01-26,120.4348374110594
1988-01-27,123.58273154978225
1988-01-28,124.35942006086074
1988-01-29,125.97442731205265
1988-02-01,125.97442731205265
1988-02-02,128.5769650953255
1988-02-03,125.89568374144413
1988-02-04,125.89568374144413
1988-02-05,129.49350242920218
1988-02-08,127.51276772115094
1988-02-09,128.54627006318395
1988-02-10,130.56312761617107
1988-02-11,128.4175951779607
1988-02-12,122.78132216461368
1988-02-18,124.15335919610548
1988-02-19,125.36528756659169
1988-02-22,126.61737169380328
1988-02-23,130.07450829418755
1988-02-24,129.18193927165441
1988-02-25,127.11146140505889
1988-02-26,129.43706020212562
1988-02-29,130.63886439835787
1988-03-01,131.1377764544415
1988-03-02,133.20591277723645
1988-03-03,134.28094084314392
1988-03-04,123.64494256291908
1988-03-07,123.18467972773463
1988-03-08,121.79681538794239
1988-03-09,122.71596569898624
1988-03-10,121.09381548035789
1988-03-11,124.07025027369131
1988-03-14,123.8403087548424
1988-03-15,123.8403087548424
1988-03-16,120.33036711998015
1988-03-17,123.45073405142637
1988-03-18,117.44966321735437
1988-03-21,115.89012450708208
1988-03-22,115.89012450708208
1988-03-23,115.33919231978054
1988-03-24,114.62574441765918
1988-03-25,116.00310380019185
1988-03-28,112.46979813423312
1988-03-29,113.06438933281365
1988-03-30,112.63689077125036
1988-03-31,113.17836632268543
1988-04-06,114.47689832047078
1988-04-07,114.89423307570101
1988-04-08,116.95862950229707
1988-04-11,115.5395858279352
1988-04-12,116.22594655433174
1988-04-13,116.4250639640997
1988-04-14,113.6720914360263
1988-04-15,112.72527889717865
1988-04-18,111.86378687366343
1988-04-19,111.5887331776396
1988-04-20,111.5887331776396
1988-04-21,111.69221543936531
1988-04-22,112.00110936500192
1988-04-25,112.07742030099625
1988-04-26,111.9449072855157
1988-04-27,112.02613595376323
1988-04-28,111.69466872960166
1988-04-29,111.69466872960166
1988-05-02,111.64965154543242
1988-05-03,111.57850463391696
1988-05-04,111.56225871247014
1988-05-05,111.61066443343542
1988-05-06,112.13181342357883
1988-05-09,112.30615532475126
1988-05-10,112.76292790334904
1988-05-11,112.90709338767905
1988-05-12,112.90709338767905
1988-05-13,111.97478688084743
1988-05-16,112.19995143319892
1988-05-17,115.06576312522002
1988-05-18,117.00764422420798
1988-05-19,116.56855210164116
1988-05-20,117.56536271470478
1988-05-23,118.12716884078047
1988-05-24,117.28896602141523
1988-05-25,115.69299717715387
1988-05-26,116.17335704710618
1988-05-27,117.20323914613542
1988-06-02,118.74081635570164
1988-06-03,114.7470481141394
1988-06-06,114.337868160839
1988-06-07,116.75818945732411
1988-06-08,112.56438891279421
1988-06-09,114.1685208910133
1988-06-10,112.94184964151279
1988-06-13,112.09547725096769
1988-06-14,104.42263134421133
1988-06-15,105.381251045655
1988-06-16,108.64800447382126
1988-06-17,111.05404509262394
1988-06-20,110.74376943876456
1988-06-21,110.97268226150013
1988-06-22,108.55125335001384
1988-06-23,108.29378426531267
1988-06-24,108.11500837350567
1988-06-27,108.98948149154033
1988-06-28,108.32687537332863
1988-06-29,108.41863398746865
1988-06-30,107.7455563394791
1988-07-01,107.60461514264522
1988-07-07,107.66905448550683
1988-07-08,107.88600565660285
1988-07-11,107.82296930690177
1988-07-12,107.94557108793445
1988-07-13,108.04991013293584
1988-07-14,108.0355781573096
1988-07-15,107.83234533005657
1988-07-18,108.05561834312458
1988-07-19,107.91900966262662
1988-07-20,107.91900966262662
1988-07-21,108.1183263808314
1988-07-22,107.86925781038312
1988-07-25,107.69073790839832
1988-07-26,107.71561037660157
1988-07-27,108.08543764810179
1988-07-28,108.16580534497686
1988-07-29,107.80296430430512
1988-08-01,107.47065706186558
1988-08-02,107.08069963124656
1988-08-03,107.19198696568206
1988-08-04,107.0046566221651
1988-08-05,107.32511972434634
1988-08-08,107.28891499120601
1988-08-09,107.45481453262245
1988-08-10,107.83956546319486
1988-08-11,107.98322951449322
1988-08-12,107.98322951449322
1988-08-15,108.13341895753483
1988-08-16,107.80772042144181
1988-08-17,108.07464695671393
1988-08-18,107.82902517825205
1988-08-19,107.62445537511294
1988-08-22,108.06922973417845
1988-08-23,107.33811904314533
1988-08-24,107.33811904314533
1988-08-25,108.4981570540446
1988-08-26,108.0242806428994
1988-08-29,106.216361461704
1988-08-30,105.83879598206964
1988-08-31,105.46361169528512
1988-09-01,105.37151376858587
1988-09-02,101.29647925789773
1988-09-08,101.29647925789773
1988-09-09,101.04762176618163
1988-09-12,101.04421737193685
1988-09-13,101.0751399272924
1988-09-14,101.32163777967453
1988-09-15,101.03213326941889
1988-09-16,100.94886820515674
1988-09-19,100.54229706550007
1988-09-20,100.65731195911579
1988-09-21,101.04744992477883
1988-09-22,100.82729007023552
1988-09-23,100.74640064529352
1988-09-26,99.95348562956947
1988-09-27,99.40675016381843
1988-09-28,99.12702442884003
1988-09-29,100.55290420478444
1988-09-30,102.99023678472707
1988-10-03,103.58726968283132
1988-10-04,102.91716665431774
1988-10-05,102.79591715539115
1988-10-06,103.05846445695207
1988-10-07,108.16098758942236
1988-10-10,107.35676027287423
1988-10-11,106.61804356008844
1988-10-12,103.5761474062395
1988-10-13,103.89251449746601
1988-10-14,105.2287992692038
1988-10-17,105.58201766122149
1988-10-18,105.9561970274665
1988-10-19,104.17598150006428
1988-10-20,104.77986809304664
1988-10-21,103.93978181636783
1988-10-24,103.93978181636783
1988-10-25,104.38521238277336
1988-10-26,106.45892157170334
1988-10-27,110.03712633150577
1988-10-28,111.01756032893451
1988-10-31,113.09688399258478
1988-11-01,111.9953927882662
1988-11-02,108.54327329340121
1988-11-03,111.09663144198998
1988-11-04,101.38294202681548
1988-11-07,98.86207774176366
1988-11-08,99.5236471615152
1988-11-09,98.20241547040673
1988-11-10,98.63307651626137
1988-11-11,95.84961452137308
1988-11-14,97.65042660783018
1988-11-15,97.45371921722774
1988-11-16,94.73670207623204
1988-11-17,92.95179302036276
1988-11-18,93.2829005781416
1988-11-21,93.44140102215137
1988-11-22,92.37853279783931
1988-11-23,92.51949437280499
1988-11-29,93.04898631715879
1988-11-30,94.4662454768279
1988-12-01,95.24697331708335
1988-12-02,92.3623728556217
1988-12-05,93.12733359214506
1988-12-06,95.7376288174526
1988-12-07,95.15213721577267
1988-12-08,94.68050432167784
1988-12-09,93.99426004377578
1988-12-12,93.7921054590295
1988-12-13,92.8593283328262
1988-12-14,92.43133194533857
1988-12-15,92.5434640233421
1988-12-16,92.75183762225893
1988-12-19,93.04582213332144
1988-12-20,93.75344565112955
1988-12-21,93.8956098332846
1988-12-22,93.84576302142882
1988-12-23,94.00183133519617
1988-12-29,94.26639158005821
1988-12-30,94.68590918821916
1989-01-05,94.06491108906947
1989-01-06,94.33397532341112
1989-01-09,94.38797990385295
1989-01-10,94.55208518663294
1989-01-11,94.49585203064441
1989-01-12,95.5872376971601
1989-01-13,96.66733833443351
1989-01-16,96.66733833443351
1989-01-17,96.50913134432308
1989-01-18,97.76044726372459
1989-01-19,97.56051539546047
1989-01-20,96.88415402289618
1989-01-23,97.61619342744964
1989-01-24,99.4867969590715
1989-01-25,97.75199659411089
1989-01-26,97.60227569206606
1989-01-27,98.723580179674
1989-01-30,97.34983339170542
1989-01-31,97.17276253294325
1989-02-01,97.54394573025643
1989-02-02,98.1288837508195
1989-02-03,97.30803506287631
1989-02-06,97.51963181172265
1989-02-07,99.50150374158318
1989-02-08,99.04432286332228
1989-02-09,92.12669072814536
1989-02-10,89.06466533431549
1989-02-13,88.58557973452565
1989-02-14,87.67553270856058
1989-02-15,87.95756885092567
1989-02-16,88.22394474846726
1989-02-17,88.72852559747413
1989-02-23,87.40108024872606
1989-02-24,87.05019830156331
1989-02-27,87.49415390849724
1989-02-28,87.7556736981978
1989-03-01,87.44687431654133
1989-03-02,87.69066395080758
1989-03-03,87.67642807700628
1989-03-06,87.73092921712475
1989-03-07,87.73320263407702
1989-03-08,87.72474077237928
1989-03-09,87.73214779966949
1989-03-10,87.86069231028384
1989-03-13,87.8454707254326
1989-03-14,87.72484009945502
1989-03-15,87.69401931676968
1989-03-16,87.65687281623391
1989-03-17,89.15918655660506
1989-03-20,89.48927054135952
1989-03-21,89.6777920214181
1989-03-22,88.49044661315371
1989-03-23,88.05683491307205
1989-03-29,86.77192427439067
1989-03-30,86.30222662818912
1989-03-31,85.46311948864833
1989-04-03,83.55726019617744
1989-04-04,82.36817440247712
1989-04-05,82.17080780765704
1989-04-06,83.09238068205136
1989-04-07,84.40076282504825
1989-04-10,84.40076282504825
1989-04-11,84.57164691891002
1989-04-12,84.57164691891002
1989-04-13,85.36666272446357
1989-04-14,82.45212416457188
1989-04-17,82.85699263475661
1989-04-18,81.20015905200135
1989-04-19,81.39324221200468
1989-04-20,82.29497992035284
1989-04-21,81.93757047724593
1989-04-24,81.93757047724593
1989-04-25,81.7763075524495
1989-04-26,81.7331179613731
1989-04-27,81.53869326014795
1989-04-28,81.49758445053882
1989-05-01,81.49313849536514
1989-05-02,81.53170047603484
1989-05-03,81.5754635506224
1989-05-04,81.54569460818388
1989-05-05,81.87301768681807
1989-05-08,81.56282643115196
1989-05-09,80.82633977551748
1989-05-10,80.66767971173721
1989-05-11,80.98312594379455
1989-05-12,82.89864226382844
1989-05-15,82.83414184321617
1989-05-16,82.66908277613922
1989-05-17,83.01583218972179
1989-05-18,83.24912003065741
1989-05-19,84.19361221391
1989-05-22,86.04161910459763
1989-05-23,85.35208920862898
1989-05-24,85.06227093465975
1989-05-25,84.20665651539213
1989-05-26,84.5514485192832
1989-06-01,84.40741682421469
1989-06-02,89.44705120746237
1989-06-05,91.26355757380955
1989-06-06,91.26355757380955
1989-06-07,93.92627887337466
1989-06-08,94.1168190795105
1989-06-09,99.25245414899639
1989-06-12,97.53888903381072
1989-06-13,92.78314726317589
1989-06-14,96.1137345345046
1989-06-15,90.97592941637372
1989-06-16,89.39955104930345
1989-06-19,88.48026724523757
1989-06-20,91.30199937886682
1989-06-21,88.8697887790691
1989-06-22,85.94258636471383
1989-06-23,92.92000281190795
1989-06-26,95.74952630833286
1989-06-27,98.44750697340376
1989-06-28,95.88400924544092
1989-06-29,98.99473962281857
1989-06-30,100.61243796327753
1989-07-03,101.17616825460836
1989-07-07,104.87768710893879
1989-07-10,107.44971082253234
1989-07-11,106.7754445410324
1989-07-12,107.12485170905333
1989-07-13,107.85162347876529
1989-07-14,104.82760181411024
1989-07-17,103.68788897600653
1989-07-18,97.48976881782487
1989-07-19,101.87706592153907
1989-07-20,107.47489294034662
1989-07-21,102.14068350105951
1989-07-24,103.24208152951972
1989-07-25,106.63041399969137
1989-07-26,106.63041399969137
1989-07-27,115.3623372548537
1989-07-28,119.7103593223888
1989-07-31,124.65387566674187
1989-08-01,130.68020900931137
1989-08-02,126.6297513080899
1989-08-03,122.53622721722306
1989-08-04,104.75769436087651
1989-08-07,103.72930036408997
1989-08-08,104.41680748252912
1989-08-09,102.67650774118384
1989-08-10,101.98395113934752
1989-08-11,96.43534311466759
1989-08-14,84.76523703593375
1989-08-15,87.05364543928964
1989-08-16,91.30735054453565
1989-08-17,88.85229131871304
1989-08-18,89.56031910668698
1989-08-21,86.75846055541643
1989-08-22,83.43773648917443
1989-08-23,85.07817104230759
1989-08-24,86.47837229318867
1989-08-25,86.2821090258378
1989-08-28,83.78687140762699
1989-08-29,84.68222609842645
1989-08-30,85.55381808722349
1989-08-31,85.04225315145122
1989-09-01,88.35009083550456
1989-09-07,88.05017381289201
1989-09-08,88.94697760689061
1989-09-11,89.84923398897244
1989-09-12,90.00174982980525
1989-09-13,88.60554806028229
1989-09-14,89.97357781483821
1989-09-15,91.1993591977408
1989-09-18,90.72939703670926
1989-09-19,90.88884371048205
1989-09-20,88.93053432658074
1989-09-21,86.57961424332208
1989-09-22,86.29187513338232
1989-09-25,82.94718366345263
1989-09-26,83.96241086217084
1989-09-27,83.85764361205325
1989-09-28,84.0529406097948
1989-09-29,83.87034637010673
1989-10-02,83.9547593496337
1989-10-03,84.89258715195038
1989-10-04,85.25955125553266
1989-10-05,86.12287785810193
1989-10-06,87.85603234882116
1989-10-09,88.9492975637444
1989-10-10,87.97084685191341
1989-10-11,87.01514562468692
1989-10-12,87.73122071950668
1989-10-13,89.06756174558497
1989-10-16,88.76077305834092
1989-10-17,88.4291457116922
1989-10-18,87.958025919718
1989-10-19,89.19253439688599
1989-10-20,88.5404462484896
1989-10-23,90.44980534486358
1989-10-24,92.16044239976779
1989-10-25,92.00759360003481
1989-10-26,90.84927256012891
1989-10-27,89.4663001173523
1989-10-30,90.17216047088968
1989-10-31,89.98728625477005
1989-11-01,91.1425608789855
1989-11-02,92.35194248971928
1989-11-03,89.59138955395565
1989-11-06,87.53119793021382
1989-11-07,92.15117362688585
1989-11-08,93.48452346360976
1989-11-09,91.67881932632957
1989-11-10,91.67881932632957
1989-11-13,91.4683258509425
1989-11-14,92.1201394566247
1989-11-15,94.59933463590062
1989-11-16,94.59933463590062
1989-11-17,90.9485972807263
1989-11-20,91.17846544184273
1989-11-21,92.58947326343274
1989-11-22,94.76404764748058
1989-11-28,94.5196805444778
1989-11-29,93.03761824836216
1989-11-30,94.98475868062562
1989-12-01,96.45501817813704
1989-12-04,96.45501817813704
1989-12-05,96.19912008856315
1989-12-06,94.63524697574942
1989-12-07,92.57276714620384
1989-12-08,95.30412211274842
1989-12-11,94.81341286947792
1989-12-12,94.81341286947792
1989-12-13,95.56215506363392
1989-12-14,97.59133640719828
1989-12-15,96.81771333068225
1989-12-18,99.43762810109146
1989-12-19,98.10700325078136
1989-12-20,98.37665391427363
1989-12-21,97.54213111251798
1989-12-22,94.4376797303174
1989-12-28,96.44120527178208
1989-12-29,95.18460398375834
1990-01-04,95.6514490406374
1990-01-05,95.41881683761592
1990-01-08,94.49593249634138
1990-01-09,94.27227991301099
1990-01-10,94.05368281581224
1990-01-11,93.84072945777524
1990-01-12,91.98040894907717
1990-01-15,89.23672878558358
1990-01-16,88.25827739529308
1990-01-17,88.370604985976
1990-01-18,86.11900309379146
1990-01-19,86.55943232649467
1990-01-22,86.54392435873368
1990-01-23,86.50685521799272
1990-01-24,87.11000642839728
1990-01-25,87.50191175490392
1990-01-26,88.70475841739412
1990-01-29,88.60405706592832
1990-01-30,89.25151466331462
1990-01-31,86.23413647847408
1990-02-01,85.58457361149034
1990-02-02,88.27428834905598
1990-02-05,89.43662975757395
1990-02-06,91.16460227840086
1990-02-07,90.92551190639514
1990-02-08,87.77776456807307
1990-02-09,79.51931258722634
1990-02-12,82.92934959288299
1990-02-13,80.76526868984092
1990-02-14,81.19809183885242
1990-02-15,84.99449596902025
1990-02-16,84.31534786246631
1990-02-22,80.11347171801401
1990-02-23,80.34529910740551
1990-02-26,76.57964697222921
1990-02-27,74.17042432557703
1990-02-28,78.7548464426406
1990-03-01,81.9297860409308
1990-03-02,80.3402187005406
1990-03-05,84.69891638159908
1990-03-06,82.3556239331321
1990-03-07,81.96906250649442
1990-03-08,81.37850908952389
1990-03-09,84.76700039194498
1990-03-12,83.76532031695494
1990-03-13,87.63801739563625
1990-03-14,83.9435653264804
1990-03-15,84.72863740673637
1990-03-16,81.29485594521448
1990-03-19,81.48633295404686
1990-03-20,79.16326321069526
1990-03-21,79.9088038811528
1990-03-22,79.53473135923747
1990-03-23,78.78885860262923
1990-03-26,78.0517802890721
1990-03-27,78.776649001523
1990-03-28,78.05420681687974
1990-03-29,81.42822000209613
1990-03-30,83.65567196809529
1990-04-02,83.30803864732077
1990-04-03,82.59379720749021
1990-04-04,78.78536409116789
1990-04-05,79.27044288980116
1990-04-06,79.27044288980116
1990-04-09,80.55620669640535
1990-04-10,80.87856728475904
1990-04-11,81.69469515131924
1990-04-12,82.35964429376071
1990-04-18,85.68701173585089
1990-04-19,85.85555555106845
1990-04-20,88.57196633558075
1990-04-23,89.52772085001293
1990-04-24,90.35786991155412
1990-04-25,90.35786991155412
1990-04-26,93.01336899013914
1990-04-27,92.75601627066806
1990-04-30,91.93011363378798
1990-05-01,93.38202156007401
1990-05-02,93.99964198835309
1990-05-03,91.70497790721446
1990-05-04,77.65093395638614
1990-05-07,79.18213985683424
1990-05-08,77.42267163115326
1990-05-09,81.50895785406003
1990-05-10,77.70681633972565
1990-05-11,71.0094566105148
1990-05-14,69.89689265160499
1990-05-15,71.40874429980906
1990-05-16,71.99435533877849
1990-05-17,72.4231419320251
1990-05-18,73.96269261991696
1990-05-21,73.82511071070121
1990-05-22,71.1060880320052
1990-05-23,70.37260067428124
1990-05-24,70.60441447794585
1990-05-25,72.16152727201471
1990-05-31,71.88156725766804
1990-06-01,69.02396658530185
1990-06-04,68.95596401872928
1990-06-05,69.43526682580709
1990-06-06,69.3823060145367
1990-06-07,69.33596791850141
1990-06-08,69.3756917826319
1990-06-11,69.47610066689462
1990-06-12,69.47610066689462
1990-06-13,69.1164500159926
1990-06-14,69.03629676885072
1990-06-15,69.11306560008963
1990-06-18,69.10539711638539
1990-06-19,69.10153494732639
1990-06-20,69.04201922113222
1990-06-21,69.09344714660999
1990-06-22,69.11251801038831
1990-06-25,68.89371798186772
1990-06-26,68.98356418833636
1990-06-27,69.05590774472418
1990-06-28,69.19029367734278
1990-06-29,69.35247582536492
1990-07-02,69.30806090554395
1990-07-03,69.50305239129644
1990-07-09,69.11681654100943
1990-07-10,68.95182515954555
1990-07-11,69.14840094847314
1990-07-12,69.7271730509888
1990-07-13,70.04614288768818
1990-07-16,70.22226645314136
1990-07-17,70.32095203288611
1990-07-18,69.43937431852196
1990-07-19,69.38614534387617
1990-07-20,69.82062341382395
1990-07-23,69.76386176830911
1990-07-24,69.05010681523076
1990-07-25,69.61646978033622
1990-07-26,69.73161242457122
1990-07-27,70.63335118166299
1990-07-30,71.90750006690834
1990-07-31,71.42028730690863
1990-08-01,72.50447545889516
1990-08-02,70.51764707273598
1990-08-03,69.85935546816067
1990-08-06,65.22145180129048
1990-08-07,64.56429775854092
1990-08-08,64.52134332314037
1990-08-09,65.32168216683687
1990-08-10,65.19743907754072
1990-08-13,65.17061477439994
1990-08-14,65.30649932665168
1990-08-15,65.40258009085096
1990-08-16,64.97351796533395
1990-08-17,64.89471628468817
1990-08-20,64.89471628468817
1990-08-21,64.90453824967773
1990-08-22,65.0369880157472
1990-08-23,65.31901223054457
1990-08-24,65.52516698565798
1990-08-27,64.51616502204094
1990-08-28,64.74794863596888
1990-08-29,63.80480800078043
1990-08-30,64.03491109936293
1990-08-31,63.9850142561645
1990-09-06,63.74765669370479
1990-09-07,63.32322636459375
1990-09-10,63.86833526801463
1990-09-11,63.74458471772617
1990-09-12,63.681378773851584
1990-09-13,63.552597711144784
1990-09-14,64.26930187024912
1990-09-17,64.67078121104105
1990-09-18,64.6003947473839
1990-09-19,64.3790961572619
1990-09-20,64.91314329572396
1990-09-21,65.95219773940786
1990-09-24,66.79699603967397
1990-09-25,66.1549699496907
1990-09-26,65.96077227638546
1990-09-27,64.10889225603809
1990-09-28,62.26679114348441
1990-10-01,60.4314915396454
1990-10-02,60.13378114090864
1990-10-03,60.269265425716576
1990-10-04,59.89773756821677
1990-10-05,59.62469596975875
1990-10-08,59.95171083940267
1990-10-09,61.16677111756863
1990-10-10,61.48666447318411
1990-10-11,61.85888533799997
1990-10-12,61.09161712345741
1990-10-15,60.82388951469806
1990-10-16,60.71292579814256
1990-10-17,60.49983057980475
1990-10-18,60.17133640497434
1990-10-19,59.66532661577637
1990-10-22,59.684894651345985
1990-10-23,59.749614773846524
1990-10-24,59.764386776910605
1990-10-25,59.74275706983103
1990-10-26,59.73010066897588
1990-10-29,59.60014365466193
1990-10-30,59.58777709845786
1990-10-31,59.750462020031314
1990-11-01,60.057161357072594
1990-11-02,60.057161357072594
1990-11-05,60.528945239105084
1990-11-06,60.44356537043076
1990-11-07,59.76565669150082
1990-11-08,59.65338496243133
1990-11-09,60.882613439276525
1990-11-12,62.07641397385684
1990-11-13,62.3767785979634
1990-11-14,62.639946639178625
1990-11-15,62.23699561585292
1990-11-16,63.57994384806573
1990-11-19,62.71597549847245
1990-11-20,63.51569313902496
1990-11-21,65.11899433463988
1990-11-27,63.96868954695725
1990-11-28,62.96448792481903
1990-11-29,61.92099496991719
1990-11-30,64.28167393020203
1990-12-03,66.06039079395948
1990-12-04,66.99750350608242
1990-12-05,68.73831872405276
1990-12-06,67.41951821994299
1990-12-07,76.44497253929727
1990-12-10,78.40029136510971
1990-12-11,80.78788879499044
1990-12-12,82.22438337506807
1990-12-13,77.24101762488844
1990-12-14,72.66096320592061
1990-12-17,74.44636223517318
1990-12-18,76.63149958279516
1990-12-19,75.3198278764039
1990-12-20,71.26594742341182
1990-12-21,67.96745274004938
1990-12-24,60.85066511542843
1990-12-28,58.40992369825091
1990-12-31,62.09742349718408
1991-01-04,57.978089181244826
1991-01-07,52.45991697051535
1991-01-08,51.00390121619625
1991-01-09,46.802269804997465
1991-01-10,50.285316242596046
1991-01-11,49.956668085493995
1991-01-14,48.35666404502164
1991-01-15,48.808838818337904
1991-01-16,48.955226311428234
1991-01-17,54.643262770533106
1991-01-18,55.125133558174035
1991-01-21,54.50871152489407
1991-01-22,54.01122820537003
1991-01-23,54.761735117772425
1991-01-24,55.779742225896854
1991-01-25,54.21724711925562
1991-01-28,54.600057923427705
1991-01-29,55.24758659193281
1991-01-30,54.58732114184821
1991-01-31,55.11756775055565
1991-02-01,58.760191109955564
1991-02-04,59.53769676131733
1991-02-05,60.49517847153108
1991-02-06,60.63995437541221
1991-02-07,59.72161793040138
1991-02-08,61.77668934870522
1991-02-11,61.2832279836085
1991-02-12,61.626868231523765
1991-02-13,61.44651622155066
1991-02-14,60.50658480802058
1991-02-15,61.276505850312034
1991-02-21,60.25560778025767
1991-02-22,58.61843683591266
1991-02-25,59.420097138973475
1991-02-26,56.383121818281914
1991-02-27,56.19681659029683
1991-02-28,54.35860777786077
1991-03-01,50.38522279047386
1991-03-04,50.666900920358614
1991-03-05,51.59579250743596
1991-03-06,51.09345581000957
1991-03-07,52.268499201499274
1991-03-08,50.71289044778624
1991-03-11,52.37561890189512
1991-03-12,51.92682045048556
1991-03-13,52.94522211402797
1991-03-14,53.02670615998868
1991-03-15,51.5794939099129
1991-03-18,50.81559532610838
1991-03-19,49.48350169945805
1991-03-20,49.97286055147172
1991-03-21,50.367367650215414
1991-03-22,50.426765840754186
1991-03-25,50.47620815964304
1991-03-26,50.49646806954311
1991-03-27,50.67385172800165
1991-03-28,50.81511921428656
1991-04-03,50.76560552764802
1991-04-04,50.95867430268146
1991-04-05,50.97934559734385
1991-04-08,51.15015436337684
1991-04-09,50.82604470795786
1991-04-10,50.27127431733361
1991-04-11,50.32385144712372
1991-04-12,50.890260056006674
1991-04-15,51.12043388949046
1991-04-16,51.09005603473313
1991-04-17,51.2308651853115
1991-04-18,50.579914197971895
1991-04-19,50.059507426979444
1991-04-22,49.6102424941856
1991-04-23,49.8070229940309
1991-04-24,50.20335047148021
1991-04-25,50.1127008706145
1991-04-26,50.23349951863474
1991-04-29,50.20244300110646
1991-04-30,50.55144746446734
1991-05-01,50.688072779603964
1991-05-02,51.03176682989206
1991-05-03,50.37612213359539
1991-05-06,50.24631202311982
1991-05-07,50.20188517644337
1991-05-08,50.24729082470023
1991-05-09,50.34059373913811
1991-05-10,49.08219980066455
1991-05-13,49.545220443389425
1991-05-14,49.057124630397574
1991-05-15,49.10933317025143
1991-05-16,49.174664541191724
1991-05-17,49.37477102654437
1991-05-20,49.2908415593984
1991-05-21,49.48118231042508
1991-05-22,49.420632782507745
1991-05-23,49.2993154380569
1991-05-24,49.33867237283258
1991-05-30,49.440234575643636
1991-05-31,49.328011367481594
1991-06-03,49.17514865178827
1991-06-04,49.178570295907505
1991-06-05,49.18784504361131
1991-06-06,49.24794912934376
1991-06-07,49.449768109886726
1991-06-10,49.449768109886726
1991-06-11,49.413425253067714
1991-06-12,50.06270901174861
1991-06-13,49.83365349128348
1991-06-14,49.14820444486232
1991-06-17,49.29756866536776
1991-06-18,49.63076408901279
1991-06-19,49.63076408901279
1991-06-20,48.81519362526825
1991-06-21,49.44957759812796
1991-06-24,49.562604018207224
1991-06-25,49.562604018207224
1991-06-26,49.562604018207224
1991-06-27,48.87728064625816
1991-06-28,46.62573474296092
1991-07-01,47.00197263440986
1991-07-02,47.127561742676825
1991-07-03,46.62255099973394
1991-07-09,47.07921176883527
1991-07-10,46.62528817452796
1991-07-11,45.30056285861761
1991-07-12,44.242772263246934
1991-07-15,44.3232806815093
1991-07-16,44.46478878699332
1991-07-17,44.83678429798212
1991-07-18,44.8921178552806
1991-07-19,44.59174922863192
1991-07-22,44.550368411162175
1991-07-23,44.78378311842115
1991-07-24,44.245835254264996
1991-07-25,44.13243293975988
1991-07-26,44.13243293975988
1991-07-29,44.08528935536169
1991-07-30,44.11315733896271
1991-07-31,44.474763597999356
1991-08-01,44.09499980804497
1991-08-02,46.23055192300314
1991-08-05,46.360920628253254
1991-08-06,47.78213292687272
1991-08-07,47.78213292687272
1991-08-08,46.581576196522235
1991-08-09,46.581576196522235
1991-08-12,47.47958244259962
1991-08-13,48.813318115247185
1991-08-14,52.68637191218939
1991-08-15,51.34022493737069
1991-08-16,52.17281526447564
1991-08-19,52.17281526447564
1991-08-20,53.662430924620175
1991-08-21,53.662430924620175
1991-08-22,55.10899510460301
1991-08-23,48.8853368241918
1991-08-26,46.3518052803743
1991-08-27,48.03801616113479
1991-08-28,53.59992150594935
1991-08-29,58.00142290672359
1991-08-30,53.42818044080475
1991-09-05,52.168462131195234
1991-09-06,57.300327589693964
1991-09-09,60.23528087257395
1991-09-10,59.5534301220644
1991-09-11,58.84792351823729
1991-09-12,64.66466752035882
1991-09-13,65.03593917221538
1991-09-16,68.1401859689055
1991-09-17,68.95444375684284
1991-09-18,68.95444375684284
1991-09-19,68.95444375684284
1991-09-20,72.6445221632707
1991-09-23,74.0910880055224
1991-09-24,73.08130334131522
1991-09-25,72.0413887821549
1991-09-26,74.70865812272251
1991-09-27,84.16272731046568
1991-09-30,87.51717042843619
1991-10-01,88.69564510129666
1991-10-02,86.22122957823903
1991-10-03,86.22122957823903
1991-10-04,97.99367616686467
1991-10-07,97.99367616686467
1991-10-08,94.57634606830186
1991-10-09,80.750574337273
1991-10-10,72.00710943884224
1991-10-11,86.83748814925426
1991-10-14,85.84088058430106
1991-10-15,88.88938511790894
1991-10-16,88.88938511790894
1991-10-17,76.45574879254889
1991-10-18,81.0556244295234
1991-10-21,71.1589305873085
1991-10-22,67.01483700670398
1991-10-23,66.21868087987785
1991-10-24,70.97127024551233
1991-10-25,67.37578364043834
1991-10-28,71.62152400950524
1991-10-29,82.9292235378117
1991-10-30,84.40953103586966
1991-10-31,85.55323103525984
1991-11-01,84.76819129235686
1991-11-04,83.57004630387334
1991-11-05,78.31773119531331
1991-11-06,79.85873368368219
1991-11-07,88.89109255742052
1991-11-08,89.27714658139945
1991-11-11,90.86392111740895
1991-11-12,93.7304786787426
1991-11-13,87.79442232784629
1991-11-14,93.45391096601298
1991-11-15,94.27943493998431
1991-11-18,94.27943493998431
1991-11-19,92.53540994711062
1991-11-20,90.77528178154013
1991-11-21,88.56297125482966
1991-11-22,84.59261483512294
1991-11-25,82.45584637364803
1991-11-26,87.09519105767258
1991-11-27,87.5204408380563
1991-12-03,92.84907778904092
1991-12-04,103.69000594901463
1991-12-05,98.88053807328197
1991-12-06,93.74868023510865
1991-12-09,97.95481266917088
1991-12-10,97.95481266917088
1991-12-11,97.54905179112039
1991-12-12,99.62885895221156
1991-12-13,95.32457385987125
1991-12-16,97.42933186148738
1991-12-17,100.46123302152714
1991-12-18,100.01444727798989
1991-12-19,109.60962057503298
1991-12-20,121.77717226571714
1991-12-23,128.36012500590064
1991-12-24,129.74327573416696
1991-12-30,137.7693748150212
1991-12-31,143.3661400156253
1992-01-06,147.75835409004793
1992-01-07,156.30520587991072
1992-01-08,150.80811842054422
1992-01-09,146.67853699752825
1992-01-10,134.89625681873488
1992-01-13,124.05070240865186
1992-01-14,109.42822308378277
1992-01-15,108.4395476998433
1992-01-16,98.11661987989862
1992-01-17,103.30878132469974
1992-01-20,109.3696393949652
1992-01-21,114.58063039843455
1992-01-22,110.18780437639167
1992-01-23,99.55830699221377
1992-01-24,97.3626736838101
1992-01-27,98.0739347182452
1992-01-28,105.83259416618259
1992-01-29,96.57445887717557
1992-01-30,93.62657929212696
1992-01-31,94.75264844354996
1992-02-03,91.69533238181788
1992-02-04,96.69594631969059
1992-02-05,101.28981737582747
1992-02-06,101.28981737582747
1992-02-07,101.79295236633847
1992-02-10,101.54027352703619
1992-02-11,100.02380379974207
1992-02-12,97.28684301752524
1992-02-13,91.09227653538802
1992-02-14,91.29539835082878
1992-02-20,91.6308144718906
1992-02-21,90.31316389910708
1992-02-24,89.68326466765775
1992-02-25,90.89429105687717
1992-02-26,94.8732912876991
1992-02-27,93.77656287774217
1992-02-28,96.08404589853026
1992-03-02,92.2875444728972
1992-03-03,91.21739196182754
1992-03-04,91.56059119465341
1992-03-05,89.65103082748307
1992-03-06,90.57325878704306
1992-03-09,91.956260948357
1992-03-10,92.05258565948036
1992-03-11,90.32689733638728
1992-03-12,88.31516990116751
1992-03-13,87.12871368972534
1992-03-16,87.19138822309465
1992-03-17,88.11434882095803
1992-03-18,88.16168537042593
1992-03-19,88.58516888548313
1992-03-20,88.08182813235081
1992-03-23,88.17953603390379
1992-03-24,88.82384032055057
1992-03-25,88.9016065362626
1992-03-26,88.56163833609307
1992-03-27,88.70293131249392
1992-03-30,88.74809806320496
1992-03-31,88.72600262497178
1992-04-01,89.17604483085628
1992-04-02,89.05874891608822
1992-04-03,89.46983605204133
1992-04-06,89.52978268606478
1992-04-07,89.49438047878648
1992-04-08,89.12996385824528
1992-04-09,90.28867558516085
1992-04-10,90.05617622897874
1992-04-13,90.48031989925242
1992-04-22,90.63714078103531
1992-04-23,90.22493383705503
1992-04-24,91.15762435468568
1992-04-27,90.27185221234653
1992-04-28,90.89755962286277
1992-04-29,90.33902656491016
1992-04-30,89.95952675164938
1992-05-01,91.68812997983042
1992-05-04,91.10613699926581
1992-05-05,91.50713507944354
1992-05-06,92.97990809301102
1992-05-07,92.31813564064748
1992-05-08,94.51466414365525
1992-05-11,94.51466414365525
1992-05-12,96.20601806343984
1992-05-13,96.62641630438522
1992-05-14,96.31906247615818
1992-05-15,99.13944472566124
1992-05-18,99.13944472566124
1992-05-19,102.57555989178893
1992-05-20,100.15548775341072
1992-05-21,94.71692986833537
1992-05-22,96.22218066256237
1992-05-28,99.16451657480974
1992-05-29,101.56183460804793
1992-06-01,98.11531283771846
1992-06-02,101.06376648418669
1992-06-03,101.7707710306901
1992-06-04,101.52240476963259
1992-06-05,103.85959679724475
1992-06-08,104.13198839830899
1992-06-09,102.41469658382888
1992-06-10,102.12154670792563
1992-06-11,103.63883027556504
1992-06-12,106.48362302045346
1992-06-15,107.14194634942919
1992-06-16,110.58830089479703
1992-06-17,112.38687104917169
1992-06-18,115.04318648885237
1992-06-19,110.23790539998703
1992-06-22,111.02309618565305
1992-06-23,107.75053519959047
1992-06-24,113.04972940279656
1992-06-25,118.87247780931473
1992-06-26,118.01830103513215
1992-06-29,121.56989292617068
1992-06-30,120.1740827109624
1992-07-01,123.0592199737281
1992-07-02,143.21779710021647
1992-07-08,140.79882511578762
1992-07-09,141.30173217960308
1992-07-10,140.2428803810675
1992-07-13,136.38627136279302
1992-07-14,137.5024972665429
1992-07-15,146.80584565615322
1992-07-16,150.40723142615127
1992-07-17,147.24860144859574
1992-07-20,149.18303074920735
1992-07-21,151.87664478761013
1992-07-22,159.62171313949156
1992-07-23,182.42849953723143
1992-07-24,179.61630331762706
1992-07-27,187.63269722657324
1992-07-28,197.66522463351183
1992-07-29,200.11595268611453
1992-07-30,178.51852018896886
1992-07-31,176.27308593095336
1992-08-03,173.2098232521728
1992-08-04,187.98447020686183
1992-08-05,190.3846032598941
1992-08-06,188.717557759683
1992-08-07,210.08359145677872
1992-08-10,222.162573978483
1992-08-11,227.60902042449266
1992-08-12,223.7817085797682
1992-08-13,202.2398643220431
1992-08-14,210.08321772555604
1992-08-17,203.7178411795677
1992-08-18,220.94032478674407
1992-08-19,221.87490994460813
1992-08-20,225.7347848349218
1992-08-21,208.687223667356
1992-08-24,176.23624379332335
1992-08-25,168.44168170005608
1992-08-26,177.3063651094194
1992-08-27,184.26781454333164
1992-08-28,187.83359823697506
1992-08-31,192.93807085156317
1992-09-01,203.41568631331742
1992-09-02,208.80215804487227
1992-09-03,207.2133747353907
1992-09-04,232.98297818137902
1992-09-10,235.38718527037764
1992-09-11,223.83666020815483
1992-09-14,231.73630430354896
1992-09-15,217.88620473661658
1992-09-16,216.36351664209948
1992-09-17,217.12970092894798
1992-09-18,218.68354188862017
1992-09-21,215.52475736914994
1992-09-22,199.77010160100036
1992-09-23,187.08318674642172
1992-09-24,201.16122020434108
1992-09-25,213.14075310247108
1992-09-28,220.73533852038332
1992-09-29,219.44234993650628
1992-09-30,218.1370602567577
1992-10-01,237.87329168423614
1992-10-02,234.04049252899117
1992-10-05,236.6118027072632
1992-10-06,225.3693096807187
1992-10-07,200.99297969318047
1992-10-08,208.80599706075063
1992-10-09,198.99865604407293
1992-10-12,199.90832532038465
1992-10-13,199.90832532038465
1992-10-14,201.26472470911062
1992-10-15,200.35973621631123
1992-10-16,197.21477206156425
1992-10-19,189.75391593407792
1992-10-20,173.4804991393339
1992-10-21,178.50378657037623
1992-10-22,182.13844708230994
1992-10-23,176.228320735607
1992-10-26,175.95938183397823
1992-10-27,179.3219424431846
1992-10-28,178.32107702307113
1992-10-29,181.2132027343733
1992-10-30,177.46026048610574
1992-11-02,174.63513419935288
1992-11-03,175.84260564355762
1992-11-04,174.68668802653173
1992-11-05,175.4124738279874
1992-11-06,171.60552549407296
1992-11-09,171.00959726079245
1992-11-10,173.72080588199248
1992-11-11,175.19517871543852
1992-11-12,177.52367251784173
1992-11-13,176.51932603249207
1992-11-16,174.6880212778304
1992-11-17,175.4698584899395
1992-11-18,177.14963842931053
1992-11-19,176.51608045227044
1992-11-20,175.8975254600796
1992-11-23,175.6433721153157
1992-11-24,176.2913864128167
1992-11-25,175.65928684811993
1992-12-01,176.0880832973763
1992-12-02,176.0880832973763
1992-12-03,176.55116086183557
1992-12-04,177.83441145632736
1992-12-07,178.88053861700192
1992-12-08,179.79837164863898
1992-12-09,179.04687798130237
1992-12-10,178.95321836371966
1992-12-11,178.01349398197468
1992-12-14,177.35074193436486
1992-12-15,177.46595258916474
1992-12-16,178.67675246366943
1992-12-17,178.29166229635112
1992-12-18,179.37654541908253
1992-12-21,181.2575243529731
1992-12-22,183.12177876329773
1992-12-23,181.76078493289077
1992-12-24,181.0344478811509
1992-12-30,181.6856485108908
1992-12-31,180.5245533484809
1993-01-06,179.2096247561464
1993-01-07,171.45870204208714
1993-01-08,173.57761329212119
1993-01-11,175.65462383814884
1993-01-12,175.03379879284654
1993-01-13,176.06661854446082
1993-01-14,178.77810211812024
1993-01-15,182.3574113252197
1993-01-18,181.9287564761241
1993-01-19,183.05667646633034
1993-01-20,181.3858540543036
1993-01-21,182.3654172047609
1993-01-22,185.4413661196427
1993-01-25,190.24585992505382
1993-01-26,189.14378645384426
1993-01-27,191.19756141740285
1993-01-28,194.02857847039604
1993-01-29,197.73896562238608
1993-02-01,200.2705751864565
1993-02-02,194.38729538833516
1993-02-03,195.16297385112864
1993-02-04,200.50582148359828
1993-02-05,209.10739013279644
1993-02-08,204.26164460445375
1993-02-09,200.20644600850352
1993-02-10,192.85266513193454
1993-02-11,198.13482845096416
1993-02-12,199.4965410898503
1993-02-18,214.02928792044608
1993-02-19,214.9606234897055
1993-02-22,222.90277076432835
1993-02-23,241.20161873445429
1993-02-24,231.52103171990683
1993-02-25,227.9742800181465
1993-02-26,229.55556230433922
1993-03-01,242.38721063645787
1993-03-02,240.65338066331446
1993-03-03,252.17133712117325
1993-03-04,257.8995704701373
1993-03-05,245.6870894984462
1993-03-08,248.32716866378104
1993-03-09,237.92144514867292
1993-03-10,231.1401244753844
1993-03-11,230.46437729910414
1993-03-12,207.59914752140398
1993-03-15,201.29036096753276
1993-03-16,215.81105525453478
1993-03-17,220.80461341086033
1993-03-18,230.50043530229786
1993-03-19,228.15965367515795
1993-03-22,228.15965367515795
1993-03-23,235.44136748427653
1993-03-24,229.80648335226851
1993-03-25,226.0707646494355
1993-03-26,211.10309245417668
1993-03-29,216.13279097213564
1993-03-30,221.81428013319984
1993-03-31,220.65527212677424
1993-04-01,219.48643525589176
1993-04-02,208.30474055357544
1993-04-05,214.2701661441418
1993-04-06,223.0364142865669
1993-04-07,223.58917111826156
1993-04-08,238.19597534424744
1993-04-14,243.27138201627173
1993-04-15,246.75429795257006
1993-04-16,244.95687998640793
1993-04-19,248.00396843027204
1993-04-20,248.00396843027204
1993-04-21,250.5769446866791
1993-04-22,255.2156569475476
1993-04-23,249.05312411394092
1993-04-26,242.95394813775698
1993-04-27,230.96255308591194
1993-04-28,230.35276151918032
1993-04-29,238.28317642120473
1993-04-30,230.92787698023
1993-05-03,243.23755239195185
1993-05-04,246.10866640063983
1993-05-05,246.10866640063983
1993-05-06,249.69955165871457
1993-05-07,246.01651344128763
1993-05-10,250.92270422123545
1993-05-11,251.55036841962567
1993-05-12,247.6978639464689
1993-05-13,237.45309041240498
1993-05-14,236.27081519816198
1993-05-17,228.61075647117426
1993-05-18,222.00388435197033
1993-05-19,228.68044228296353
1993-05-20,230.69046559334282
1993-05-21,224.66904244807458
1993-05-24,224.66904244807458
1993-05-25,223.74220043667142
1993-05-26,228.7332810421549
1993-05-27,229.17920921300347
1993-05-28,224.28573998532667
1993-06-03,227.70319359228094
1993-06-04,219.41237662760628
1993-06-07,221.95724468935683
1993-06-08,219.47585579868752
1993-06-09,222.12120242577777
1993-06-10,221.83507011457272
1993-06-11,228.8496892046553
1993-06-14,229.36552743297108
1993-06-15,230.4292802771173
1993-06-16,230.9799810057432
1993-06-17,231.83717236288115
1993-06-18,229.7560810209581
1993-06-21,232.45023032382855
1993-06-22,232.75802077876438
1993-06-23,232.75802077876438
1993-06-24,235.74514796347205
1993-06-25,238.84473336557664
1993-06-28,242.82264365426732
1993-06-29,243.20412319561927
1993-06-30,242.38577128370676
1993-07-01,243.25179894358092
1993-07-02,247.38869501045176
1993-07-08,251.77163860747518
1993-07-09,255.22906364369064
1993-07-12,257.67647940377066
1993-07-13,253.76410907473027
1993-07-14,261.7928149514417
1993-07-15,262.48382177975145
1993-07-16,264.68275280644013
1993-07-19,264.68275280644013
1993-07-20,254.85146854481658
1993-07-21,236.9116141523453
1993-07-22,224.9940440802899
1993-07-23,222.28054958434797
1993-07-26,225.42996826207445
1993-07-27,224.9111676001498
1993-07-28,228.4890491270669
1993-07-29,241.1751784208194
1993-07-30,237.93209505535052
1993-08-02,233.77365424492362
1993-08-03,236.0296468075905
1993-08-04,232.82856178350065
1993-08-05,234.62584143355184
1993-08-06,235.98734446116882
1993-08-09,239.66865023396676
1993-08-10,238.73370859063218
1993-08-11,241.10554911394044
1993-08-12,240.13355121426224
1993-08-13,247.0509123446937
1993-08-16,251.00578531706162
1993-08-17,248.43241398208673
1993-08-18,250.5390116965022
1993-08-19,257.1294922780997
1993-08-20,261.0820013819249
1993-08-23,259.8891919819127
1993-08-24,269.8935702114315
1993-08-25,275.60683074858076
1993-08-26,285.0714636607178
1993-08-27,277.9764931155189
1993-08-30,283.74436575257283
1993-08-31,282.9772145013492
1993-09-09,259.21620014713835
1993-09-10,270.47680225355003
1993-09-13,271.91929432578405
1993-09-14,253.17168883203016
1993-09-15,253.82808642015183
1993-09-16,258.5194813209793
1993-09-17,257.8306151587615
1993-09-20,251.51503180125815
1993-09-21,247.37761855634827
1993-09-22,249.4297540749387
1993-09-23,252.90509084332822
1993-09-24,255.7403717475741
1993-09-27,277.4655587111622
1993-09-28,278.1423628783148
1993-09-29,267.6130398814628
1993-09-30,261.55200247150236
1993-10-01,272.858012618102
1993-10-04,274.87426744276735
1993-10-05,270.7132775559519
1993-10-06,271.41033026752626
1993-10-07,270.696532564872
1993-10-08,288.1438816911787
1993-10-11,286.7214395256409
1993-10-12,285.25919301347386
1993-10-13,283.01144971722533
1993-10-14,291.403518794982
1993-10-15,296.90510556296124
1993-10-18,279.753361665313
1993-10-19,280.48617663138623
1993-10-20,283.47749135729845
1993-10-21,266.60775471423284
1993-10-22,257.84470260265266
1993-10-25,250.20170148129225
1993-10-26,256.8158558210777
1993-10-27,254.42450287117225
1993-10-28,257.95499529790783
1993-10-29,253.24048066692754
1993-11-01,239.56165796553276
1993-11-02,231.38888840319458
1993-11-03,233.10642572146887
1993-11-04,228.96603289752804
1993-11-05,223.60601200989953
1993-11-08,229.07050062608926
1993-11-09,230.9723532330035
1993-11-10,228.84809208377578
1993-11-11,225.4464027157547
1993-11-12,231.55414932997783
1993-11-15,231.32676422686865
1993-11-16,233.51040413538024
1993-11-17,233.51040413538024
1993-11-18,230.20663808644392
1993-11-19,226.49786762174924
1993-11-22,224.6287212759669
1993-11-23,227.00614596944786
1993-11-24,226.54838249383295
1993-11-30,225.82668551655502
1993-12-01,226.08643472017715
1993-12-02,226.11681366211536
1993-12-03,226.0800405832133
1993-12-06,226.20384468196625
1993-12-07,226.20617130348307
1993-12-08,226.2054864232245
1993-12-09,226.19473075417656
1993-12-10,226.22029076847787
1993-12-13,226.27876593715337
1993-12-14,226.40606841560782
1993-12-15,226.43359244024498
1993-12-16,226.39411559535475
1993-12-17,225.93828630816753
1993-12-20,226.27427518504533
1993-12-21,226.53310160770235
1993-12-22,224.64712042604918
1993-12-23,224.26965658985947
1993-12-29,224.47259588467682
1993-12-30,225.08097619145184
1993-12-31,225.246297650724
1994-01-03,226.1624053915524
1994-01-04,225.56456195497333
1994-01-05,225.90672483441872
1994-01-06,224.7863069521772
1994-01-07,221.7733577081126
1994-01-10,221.38904541110134
1994-01-11,221.3024737372259
1994-01-12,220.8898251289247
1994-01-13,221.27071164170516
1994-01-14,221.37877293273917
1994-01-17,221.40192702600996
1994-01-18,221.33656500217575
1994-01-19,221.33656500217575
1994-01-20,221.41187714989877
1994-01-21,221.35352345560383
1994-01-24,221.35352345560383
1994-01-25,221.1493087956268
1994-01-26,221.24959569603163
1994-01-27,221.67729980798563
1994-01-28,222.2475416701088
1994-01-31,221.82804242828752
1994-02-01,220.6435809091448
1994-02-02,220.78150995599773
1994-02-03,219.9818970415977
1994-02-04,217.94698258187552
1994-02-07,217.69715007277455
1994-02-08,217.357443423082
1994-02-09,217.58483403855467
1994-02-10,217.54930515649212
1994-02-11,217.55338334662548
1994-02-14,217.5984662790745
1994-02-15,217.5285453841142
1994-02-16,217.5285453841142
1994-02-17,218.26696244905895
1994-02-18,218.96478758617835
1994-02-24,220.47324119229455
1994-02-25,220.05212464063578
1994-02-28,218.2364965923873
1994-03-01,223.1202880907568
1994-03-02,223.1202880907568
1994-03-03,225.5047450801984
1994-03-04,226.23359326018738
1994-03-07,223.24233529332278
1994-03-08,226.409131071801
1994-03-09,226.09744505677952
1994-03-10,232.8342918891549
1994-03-11,231.06888905804036
1994-03-14,233.33665846821992
1994-03-15,231.29686951832724
1994-03-16,224.40976691902156
1994-03-17,226.51753510535255
1994-03-18,235.3645015901394
1994-03-21,239.41932436892998
1994-03-22,226.4925632628929
1994-03-23,226.9195330019722
1994-03-24,241.08432728514333
1994-03-25,243.64184721210265
1994-03-28,244.5454991347714
1994-03-29,253.60977172982766
1994-03-30,262.0484850427059
1994-03-31,262.57170237363835
1994-04-01,283.71230031436136
1994-04-04,300.9893373202688
1994-04-05,278.1162407630088
1994-04-06,274.6870082645245
1994-04-07,270.1031122083656
1994-04-08,277.42387355346136
1994-04-11,276.3231507090409
1994-04-12,267.1624927846643
1994-04-13,275.0887757946124
1994-04-14,278.0422688211747
1994-04-15,275.5767522061371
1994-04-18,297.7024662239516
1994-04-19,289.5091459518841
1994-04-20,282.5585819498713
1994-04-21,263.5426360476186
1994-04-22,266.97320013369256
1994-04-25,256.3987114149576
1994-04-26,255.27137919345915
1994-05-02,259.19870404918606
1994-05-03,263.2093903633513
1994-05-04,263.7957220741793
1994-05-05,260.8113103672755
1994-05-06,290.73842543797247
1994-05-09,303.69545334954387
1994-05-10,284.181715843931
1994-05-11,293.72530309832644
1994-05-12,290.0916846469593
1994-05-13,281.6628883089662
1994-05-16,274.93838263467444
1994-05-17,258.1034544335981
1994-05-18,252.6420861566518
1994-05-19,244.65356682002638
1994-05-20,248.87101994684878
1994-05-23,264.5126855532895
1994-05-24,260.8304828677233
1994-05-25,258.8005228029321
1994-05-26,255.9640729561405
1994-05-27,257.16899888377924
1994-06-02,251.79223472183781
1994-06-03,244.0277623297093
1994-06-06,237.84934746994867
1994-06-07,240.40863676977943
1994-06-08,241.0353534059356
1994-06-09,240.72835743302434
1994-06-10,244.02663617533273
1994-06-13,246.68220542782166
1994-06-14,241.70622846055227
1994-06-15,247.7550091832531
1994-06-16,246.1545290479113
1994-06-17,250.35428493827632
1994-06-20,251.13655815352135
1994-06-21,255.0841881524614
1994-06-22,248.97216431943914
1994-06-23,247.73260719264746
1994-06-24,254.10683796186623
1994-06-27,251.24250350196667
1994-06-28,256.4223717300568
1994-06-29,255.24733560308908
1994-06-30,261.2206600218461
1994-07-01,260.5012921964291
1994-07-07,259.18868912656376
1994-07-08,266.41937543144945
1994-07-11,268.8227965221387
1994-07-12,265.44644277508485
1994-07-13,264.30277697005346
1994-07-14,252.5300540310794
1994-07-15,253.01966658549878
1994-07-18,249.83803798305297
1994-07-19,246.29751558315994
1994-07-20,251.43062266903988
1994-07-21,252.93845327604419
1994-07-22,253.80258407233782
1994-07-25,252.27853205622154
1994-07-26,253.1410492071464
1994-07-27,256.17368816509776
1994-07-28,253.55427149723036
1994-07-29,244.76088721451808
1994-08-01,245.27404435509328
1994-08-02,244.45364253202578
1994-08-03,244.1427616127245
1994-08-04,244.73132160645196
1994-08-05,249.49637460465465
1994-08-08,249.23880109364512
1994-08-09,250.14322636817562
1994-08-10,249.88126530496294
1994-08-11,251.4695656924048
1994-08-12,249.16923721454384
1994-08-15,249.561271740251
1994-08-16,246.01129182505014
1994-08-17,245.2023119367612
1994-08-18,248.22379727151147
1994-08-19,247.92098524458845
1994-08-22,248.8208123305061
1994-08-23,248.01521107392728
1994-08-24,246.22987944266654
1994-08-25,247.8628768480005
1994-08-26,246.72071953634395
1994-08-29,246.8034659797184
1994-08-30,246.00623596308196
1994-08-31,245.41982506152155
1994-09-01,245.48524105576354
1994-09-02,245.77837418866903
1994-09-08,245.77837418866903
1994-09-09,246.92811140261105
1994-09-12,247.0443655074178
1994-09-13,246.81271619129626
1994-09-14,246.3953907764075
1994-09-15,245.8435058424493
1994-09-16,247.87108429045094
1994-09-19,247.41305031963518
1994-09-20,247.86602499213976
1994-09-21,248.53074195297899
1994-09-22,248.19178109186174
1994-09-23,248.3808312427693
1994-09-26,248.3808312427693
1994-09-27,249.41528975598425
1994-09-28,248.40280696323765
1994-09-29,250.15288225887576
1994-09-30,249.4255285152144
1994-10-03,250.8288166886389
1994-10-04,251.67221459389535
1994-10-05,254.2462474806161
1994-10-06,254.44568638376816
1994-10-07,250.49955303885997
1994-10-10,249.63049047428032
1994-10-11,247.5986807450362
1994-10-12,249.1892500008807
1994-10-13,246.60743673361253
1994-10-14,244.75414557410184
1994-10-17,245.438104003874
1994-10-18,245.8970541937075
1994-10-19,248.215726061545
1994-10-20,254.57660501156744
1994-10-21,254.12109292368262
1994-10-24,256.55479520102944
1994-10-25,257.5964730951381
1994-10-26,258.1588428097826
1994-10-27,258.1588428097826
1994-10-28,252.6653835226244
1994-10-31,252.97715279413632
1994-11-01,259.7632995428296
1994-11-02,262.3459457131315
1994-11-03,263.3776570996869
1994-11-04,268.52394712629035
1994-11-07,268.9118315642896
1994-11-08,265.16201970259
1994-11-09,259.162865077482
1994-11-10,262.9409061115532
1994-11-11,269.4756442734405
1994-11-14,258.7033227787008
1994-11-15,255.47000385674815
1994-11-16,261.1175986790835
1994-11-17,266.0253836910504
1994-11-18,266.0253836910504
1994-11-21,266.46344984801965
1994-11-22,263.7331524212905
1994-11-23,244.80108460032918
1994-11-29,249.27448316489765
1994-11-30,245.9884863656093
1994-12-01,248.33257490776677
1994-12-02,240.33260570610975
1994-12-05,242.42425611540014
1994-12-06,235.68304561535288
1994-12-07,240.24040923841272
1994-12-08,240.67768330452844
1994-12-09,239.5956288334923
1994-12-12,242.76905339750724
1994-12-13,241.5174114876078
1994-12-14,240.48833685207393
1994-12-15,239.88205399905377
1994-12-16,240.08029698115584
1994-12-19,239.88484883141257
1994-12-20,240.0770362786678
1994-12-21,239.31881877414995
1994-12-22,240.98072242973757
1994-12-23,240.98072242973757
1994-12-29,241.49657026217142
1994-12-30,242.20351949701544
1995-01-05,244.65522433642647
1995-01-06,244.1310093697668
1995-01-09,245.37171481398696
1995-01-10,243.36725707224284
1995-01-11,241.588496153501
1995-01-12,242.26856131355575
1995-01-13,237.55998781686446
1995-01-19,238.29130647674742
1995-01-20,239.63444131605652
1995-01-23,239.7956406829855
1995-01-24,239.7956406829855
1995-01-25,238.48311147380065
1995-01-26,237.83439706922618
1995-01-27,236.1097809696072
1995-01-30,236.3236148737946
1995-01-31,236.1848516609423
1995-02-01,236.20352820129887
1995-02-02,236.1338255799718
1995-02-03,237.1256921334905
1995-02-06,236.77428253392864
1995-02-07,236.83161503438393
1995-02-08,236.6800244921422
1995-02-09,235.5619472011795
1995-02-10,234.72530163107743
1995-02-13,234.95352726498587
1995-02-14,237.20517208296332
1995-02-15,238.9766671108847
1995-02-16,240.50494650911878
1995-02-17,239.98680236173158
1995-02-23,239.09909289463934
1995-02-24,240.3120631186498
1995-02-27,244.55696260143168
1995-02-28,246.27324223189652
1995-03-01,245.95946474265932
1995-03-02,241.19788780715953
1995-03-03,237.73462578012038
1995-03-06,235.2575108565106
1995-03-07,233.44866408676427
1995-03-08,238.24970752067017
1995-03-09,244.32614190913807
1995-03-10,248.24122366050892
1995-03-13,251.13245082193382
1995-03-14,260.77898731087566
1995-03-15,260.32955419253426
1995-03-16,261.7675203688664
1995-03-17,255.62920437148478
1995-03-20,254.0829175414371
1995-03-21,249.8042286511612
1995-03-22,246.0201397664267
1995-03-23,246.0201397664267
1995-03-24,260.5409168154612
1995-03-27,265.40296568718475
1995-03-28,252.9303062006136
1995-03-29,253.97583837742383
1995-03-30,249.65952373742283
1995-03-31,245.3440613345359
1995-04-03,254.4480056226588
1995-04-04,256.6031598994502
1995-04-05,256.6031598994502
1995-04-06,261.7478660108185
1995-04-07,259.38652976098007
1995-04-10,257.58316718068727
1995-04-11,261.8640267125375
1995-04-12,264.3853703501432
1995-04-13,273.510217945265
1995-04-19,272.10593261396036
1995-04-20,277.88712470647636
1995-04-21,279.3890919110325
1995-04-24,280.9522985681802
1995-04-25,279.32623743411256
1995-04-26,277.6551948053797
1995-04-27,272.5218635739699
1995-04-28,267.39479914856213
1995-05-01,264.85122471049067
1995-05-02,272.51005456204877
1995-05-03,290.67530546775447
1995-05-04,308.154646040899
1995-05-05,337.881373467858
1995-05-08,337.1234392711328
1995-05-09,351.6780936574501
1995-05-10,342.28464028115957
1995-05-11,336.18712497910303
1995-05-12,335.2900417017877
1995-05-15,345.60607050302383
1995-05-16,358.4547801889521
1995-05-17,360.53778740424536
1995-05-18,344.0692550226296
1995-05-19,345.1280862248858
1995-05-22,339.6246788609755
1995-05-23,354.1513976708267
1995-05-24,385.4919481635263
1995-05-25,393.56112250084453
1995-05-26,393.56112250084453
1995-06-01,423.47004611861007
1995-06-02,449.89339678249644
1995-06-05,454.2465454607279
1995-06-06,448.13099150041234
1995-06-07,408.84000600959683
1995-06-08,400.6370337239784
1995-06-09,355.3265115518454
1995-06-12,358.6182357225307
1995-06-13,414.550889908325
1995-06-14,410.4985980547198
1995-06-15,402.2502561026883
1995-06-16,397.08701352970184
1995-06-19,415.828534750713
1995-06-20,407.2213417856636
1995-06-21,414.7439158818205
1995-06-22,436.9507082450334
1995-06-23,428.9314063628982
1995-06-26,417.4256962689781
1995-06-27,407.19527693512043
1995-06-28,419.5485536414152
1995-06-29,376.72122450070475
1995-06-30,389.8174754337262
1995-07-03,390.77185766458484
1995-07-07,390.77185766458484
1995-07-10,391.6325273946442
1995-07-11,378.4417855200595
1995-07-12,381.8476808812256
1995-07-13,380.97843821244976
1995-07-14,367.7802786337872
1995-07-17,350.89050683885114
1995-07-18,343.04696113032867
1995-07-19,317.9259790547544
1995-07-20,319.84932951977356
1995-07-21,308.4285184411357
1995-07-24,316.0633158319628
1995-07-25,318.9643161311297
1995-07-26,312.6373485882512
1995-07-27,320.33494158475867
1995-07-28,314.9010519768229
1995-07-31,321.170969187306
1995-08-01,314.4407292879432
1995-08-02,321.33162993908303
1995-08-03,312.5806890956775
1995-08-04,316.64247024847504
1995-08-07,318.8717153701129
1995-08-08,319.7570219876913
1995-08-09,317.1183286615901
1995-08-10,313.68118971032635
1995-08-11,304.5582224510585
1995-08-14,305.6607108794601
1995-08-15,306.72555251616365
1995-08-16,309.4749509572507
1995-08-17,307.13362932232604
1995-08-18,307.7725025190052
1995-08-21,310.8718382368153
1995-08-22,308.75632195825233
1995-08-23,307.3050642127605
1995-08-24,313.4214141035367
1995-08-25,320.49046732588414
1995-08-28,321.7473941414538
1995-08-29,319.90314077603824
1995-08-30,321.79050319229134
1995-08-31,324.59597367046393
1995-09-01,327.8259443056471
1995-09-07,325.04514857409566
1995-09-08,323.27417576674475
1995-09-11,323.63507205496774
1995-09-12,329.57188049020994
1995-09-13,327.30969716604693
1995-09-14,335.8114291338358
1995-09-15,332.719914915004
1995-09-18,327.9391289583382
1995-09-19,330.71572890909505
1995-09-20,334.00334000803315
1995-09-21,324.1573103328758
1995-09-22,321.82534614391665
1995-09-25,321.82534614391665
1995-09-26,319.8778077017783
1995-09-27,319.491736738478
1995-09-28,320.26212062220435
1995-09-29,328.7592845072231
1995-10-02,329.13170225492917
1995-10-03,331.8269670137747
1995-10-04,335.0244371893596
1995-10-05,337.5289942914002
1995-10-06,337.96845773897815
1995-10-12,341.4713762039876
1995-10-13,352.4270919231987
1995-10-16,350.34462230058006
1995-10-17,351.439172605662
1995-10-18,347.3829767879596
1995-10-19,347.97625753837383
1995-10-20,340.54443418223696
1995-10-23,337.5252406233609
1995-10-24,346.02767143423944
1995-10-25,347.8614695904228
1995-10-26,342.78436444592825
1995-10-27,345.3155609648979
1995-10-30,346.6189971135716
1995-10-31,348.6350032566272
1995-11-01,356.9687068823388
1995-11-02,364.77371381034436
1995-11-03,363.30079450788554
1995-11-06,359.4556671494167
1995-11-07,353.9474374363727
1995-11-08,364.9790401202427
1995-11-09,358.61836627334134
1995-11-10,352.2629483901244
1995-11-13,358.5434365043412
1995-11-14,357.73953851171535
1995-11-15,351.9742244259517
1995-11-16,362.5601856776402
1995-11-17,367.45548311415604
1995-11-20,364.91803398411344
1995-11-21,359.7265136630202
1995-11-22,357.9973656280128
1995-11-28,358.86798986031783
1995-11-29,366.02343975953744
1995-11-30,383.45960872154484
1995-12-01,391.46796753762317
1995-12-04,407.41690822289536
1995-12-05,399.74863318267177
1995-12-06,397.77906929863065
1995-12-07,386.4093174484957
1995-12-08,382.3532302467485
1995-12-11,389.5963192773997
1995-12-12,387.44700315180387
1995-12-13,385.23633651464826
1995-12-14,385.23633651464826
1995-12-15,384.07131743053367
1995-12-18,356.64637360937473
1995-12-19,379.4142231845555
1995-12-20,378.5315020085068
1995-12-21,376.7322035582536
1995-12-22,385.85321424017866
1995-12-28,393.41520415237596
1995-12-29,402.20822811594246
1996-01-04,389.3793119519234
1996-01-05,382.1864887778527
1996-01-08,382.1864887778527
1996-01-09,381.1517414746079
1996-01-10,355.99103287481785
1996-01-11,361.07256869044784
1996-01-12,364.46128874741316
1996-01-18,372.1270628395816
1996-01-19,371.3452085345387
1996-01-22,356.15611416711437
1996-01-23,351.1457760697777
1996-01-24,358.8348700736497
1996-01-25,344.8708671013395
1996-01-26,354.1041477597008
1996-01-29,348.06849205155385
1996-01-30,356.19573760840444
1996-01-31,361.9344553719016
1996-02-01,360.19335103956934
1996-02-02,356.09635836587483
1996-02-05,353.20747556877967
1996-02-06,354.9212856460845
1996-02-07,355.49575116317067
1996-02-08,356.07363454443043
1996-02-09,358.40153347584584
1996-02-12,367.23772791154624
1996-02-13,370.16302868904205
1996-02-14,364.705626299545
1996-02-15,353.30456578782315
1996-02-16,345.8295835237602
1996-02-22,351.950882049372
1996-02-23,346.43250464441076
1996-02-26,345.2444494173708
1996-02-27,339.86123798467656
1996-02-28,334.33435060376115
1996-02-29,334.63091380140656
1996-03-01,341.69380136555014
1996-03-04,345.21848250621144
1996-03-05,342.24089125715204
1996-03-06,338.57366244895354
1996-03-07,337.81076956587714
1996-03-08,324.14440124581125
1996-03-11,325.53721214807325
1996-03-12,325.2965123585971
1996-03-13,325.28157350092323
1996-03-14,325.28157350092323
1996-03-15,326.0561460981047
1996-03-18,325.6991304830968
1996-03-19,325.2774193718922
1996-03-20,323.4505528883969
1996-03-21,322.46218492821265
1996-03-22,323.4364126667052
1996-03-25,320.77501144097846
1996-03-26,320.93994960198
1996-03-27,325.207053882662
1996-03-28,328.22923423516966
1996-03-29,324.9188793294815
1996-04-01,324.05136832128596
1996-04-02,321.7456383942186
1996-04-03,322.7006725298248
1996-04-04,325.71420799771744
1996-04-05,338.67432701142326
1996-04-08,341.1608871280529
1996-04-09,337.3298059097017
1996-04-10,341.0829697242602
1996-04-11,343.88188232691635
1996-04-12,331.4543129902088
1996-04-15,328.9778430898456
1996-04-16,328.9778430898456
1996-04-17,331.94355499930896
1996-04-18,335.02917564169354
1996-04-19,331.09244251775544
1996-04-22,327.8273590188075
1996-04-23,328.56059711211446
1996-04-24,331.94835242342464
1996-04-25,330.784296168825
1996-04-26,328.79966111753134
1996-04-29,332.02088061065444
1996-04-30,336.98529203327547
1996-05-01,337.4114675992639
1996-05-02,352.3943926305871
1996-05-03,357.09678963174554
1996-05-06,354.3802384873252
1996-05-07,355.795020997014
1996-05-08,349.34478320163277
1996-05-09,351.33840635214295
1996-05-10,340.96383982249046
1996-05-13,337.99096284879096
1996-05-14,332.50598031060576
1996-05-15,331.5260754303845
1996-05-16,337.92483124064205
1996-05-17,332.9514955288362
1996-05-20,330.0133326624613
1996-05-21,331.9568732382302
1996-05-22,328.5245684523471
1996-05-23,333.84222854680974
1996-05-24,329.9556438074692
1996-05-30,329.0972901182877
1996-05-31,336.9786486155938
1996-06-03,337.4214873198759
1996-06-04,336.0423593374062
1996-06-05,332.263204057239
1996-06-06,325.62183005857054
1996-06-07,343.44620720840726
1996-06-10,346.3134782872411
1996-06-11,347.17326526422977
1996-06-12,350.7782598266033
1996-06-13,348.41203007795644
1996-06-14,341.07458153289105
1996-06-17,336.27195731920494
1996-06-18,338.6588839793889
1996-06-19,342.0794375161217
1996-06-20,342.58142214542977
1996-06-21,340.00387133139276
1996-06-24,337.9203519426735
1996-06-25,333.71855055069426
1996-06-26,333.19996368012823
1996-06-27,322.775527492885
1996-06-28,312.0021163147477
1996-07-01,312.4071561265244
1996-07-02,317.876388395874
1996-07-03,316.3726219983106
1996-07-09,313.4871358424306
1996-07-10,309.2638323138113
1996-07-11,307.3692850941534
1996-07-12,304.4114081878794
1996-07-15,306.3321609078292
1996-07-16,303.0782340499752
1996-07-17,303.23236302310386
1996-07-18,300.00821057941846
1996-07-19,301.2419417244606
1996-07-22,301.8426843096233
1996-07-23,301.535696094387
1996-07-24,301.70199589595796
1996-07-25,301.7149035885903
1996-07-26,301.77543672092713
1996-07-29,301.22128092560257
1996-07-30,301.66669832721726
1996-07-31,302.52135647592945
1996-08-01,305.03857226428374
1996-08-02,307.6167970352221
1996-08-05,307.3781725190295
1996-08-06,306.76838418050494
1996-08-07,306.21944848929525
1996-08-08,305.79599576901336
1996-08-09,308.9045792020716
1996-08-12,309.17148332397096
1996-08-13,303.8076022766974
1996-08-14,304.1105749495229
1996-08-15,301.51211923035015
1996-08-16,305.561087008628
1996-08-19,303.7838851349545
1996-08-20,303.7838851349545
1996-08-21,301.83274152684385
1996-08-22,300.62531669205066
1996-08-23,292.33466678785317
1996-08-26,285.0686072306402
1996-08-27,286.81724932821766
1996-08-28,285.7748495788025
1996-08-29,281.32420135903504
1996-08-30,274.60598203928305
1996-09-05,273.1005227092414
1996-09-06,275.22980573978305
1996-09-09,276.8243128851312
1996-09-10,275.49494560233177
1996-09-11,275.49494560233177
1996-09-12,277.0262639578781
1996-09-13,280.9322543729492
1996-09-16,281.05268770070955
1996-09-17,279.0086440456458
1996-09-18,278.63996515681674
1996-09-19,277.78515014901166
1996-09-20,278.13795720643435
1996-09-23,278.83153250296834
1996-09-24,280.3373597270666
1996-09-25,281.88934353752757
1996-09-26,283.1728430463143
1996-09-27,282.3176031184322
1996-09-30,281.3935040396638
1996-10-01,283.66201405773154
1996-10-02,285.04370105507604
1996-10-03,285.04370105507604
1996-10-04,290.6820741236832
1996-10-07,288.5383443208436
1996-10-08,288.07247606723865
1996-10-09,286.03861700098577
1996-10-10,283.0990025751848
1996-10-11,286.34711704909853
1996-10-17,290.4126712689067
1996-10-18,291.06409943024784
1996-10-21,289.33275964466196
1996-10-22,286.8132217045479
1996-10-23,287.54601339540426
1996-10-24,287.16594425806943
1996-10-25,289.5177848432894
1996-10-28,289.11108299278914
1996-10-29,302.15811285218706
1996-10-30,302.15811285218706
1996-10-31,304.6365032110528
1996-11-01,303.3039719739402
1996-11-04,304.7163897290839
1996-11-05,311.2355542754249
1996-11-06,310.707940247297
1996-11-07,315.1994657054588
1996-11-08,313.40533459469003
1996-11-14,320.34671514159163
1996-11-15,316.72576692144077
1996-11-18,314.49267431998953
1996-11-19,318.3246372984532
1996-11-20,325.516830978932
1996-11-21,322.1904241076695
1996-11-22,321.3364878627713
1996-11-25,323.1022882580654
1996-11-26,323.1022882580654
1996-11-27,323.1022882580654
1996-12-03,324.1111747767607
1996-12-04,311.6891180324997
1996-12-05,291.5578099846066
1996-12-06,285.3554760238026
1996-12-09,293.4063424256748
1996-12-10,292.69305785320864
1996-12-11,270.17177545523947
1996-12-12,266.73559014736037
1996-12-13,273.54716091275344
1996-12-16,270.1589455879815
1996-12-17,267.01733208372616
1996-12-18,263.7802773220157
1996-12-19,270.23226250659843
1996-12-20,270.8069833554445
1996-12-23,271.08007817010906
1996-12-24,271.08007817010906
1996-12-30,270.88090581814777
1996-12-31,266.0660783669523
1997-01-06,265.78437882800864
1997-01-07,265.31342237494056
1997-01-08,265.2533541639612
1997-01-09,265.7601485604489
1997-01-10,265.0856994442178
1997-01-13,265.0856994442178
1997-01-14,264.85727967060427
1997-01-15,264.85727967060427
1997-01-16,265.1161720130698
1997-01-17,264.91142402375164
1997-01-23,265.37412959530553
1997-01-24,266.2847854877639
1997-01-27,267.15302747103783
1997-01-28,266.37183107180937
1997-01-29,265.63384179621244
1997-01-30,264.8257575016102
1997-01-31,261.73164368743073
1997-02-03,259.8434257042477
1997-02-04,259.55392830166494
1997-02-05,259.8276883368492
1997-02-06,260.08888111355105
1997-02-07,258.4548741320221
1997-02-10,258.34765596234365
1997-02-11,258.44198506638367
1997-02-12,258.52445881326946
1997-02-13,257.45046531871225
1997-02-14,256.934658119586
1997-02-20,256.401010691283
1997-02-21,256.3431047564964
1997-02-24,256.00307421062405
1997-02-25,255.92935161515445
1997-02-26,253.08255687196186
1997-02-27,252.83475444612614
1997-02-28,252.90234025983435
1997-03-03,252.88473504843907
1997-03-04,252.96692611064762
1997-03-05,252.90281410207055
1997-03-06,253.25910191391822
1997-03-07,252.39108473670927
1997-03-10,252.39108473670927
1997-03-11,252.58690085378564
1997-03-12,253.14957337711195
1997-03-13,256.380308892888
1997-03-14,255.39185165200072
1997-03-17,256.04483418851026
1997-03-18,256.4213605807856
1997-03-19,257.06343786516493
1997-03-20,257.3041694844706
1997-03-21,257.57172257941625
1997-03-24,256.09984742963826
1997-03-25,258.60888068819196
1997-03-26,260.2950001328254
1997-03-27,267.98415618447865
1997-04-02,267.0732609407909
1997-04-03,265.6238398831254
1997-04-04,270.688206875634
1997-04-07,265.37314035847675
1997-04-08,268.03748052242986
1997-04-09,268.03748052242986
1997-04-10,268.62233495662167
1997-04-11,276.57025584541
1997-04-14,276.57025584541
1997-04-15,265.3400629657583
1997-04-16,267.15359521914064
1997-04-17,262.1578194119636
1997-04-18,259.69325708760056
1997-04-21,264.01515156218665
1997-04-22,259.61366269882495
1997-04-23,264.5651664802154
1997-04-24,270.21740982345193
1997-04-25,271.5001020986541
1997-04-28,268.1791298481581
1997-04-29,247.44466771651798
1997-04-30,241.73936557272367
1997-05-01,239.10313141836227
1997-05-02,237.85411623481477
1997-05-05,237.4574036110292
1997-05-06,237.4574036110292
1997-05-07,242.88675887982825
1997-05-08,240.1648973009915
1997-05-09,236.6346743624288
1997-05-12,235.46873920399793
1997-05-13,238.71968671854015
1997-05-14,236.94813324641297
1997-05-15,236.47913339402368
1997-05-16,237.57422198518952
1997-05-19,237.78106012372717
1997-05-20,237.19165190160047
1997-05-21,238.29215480630214
1997-05-22,238.98981720987828
1997-05-23,238.48130527081932
1997-05-29,237.51410426184495
1997-05-30,235.38033597800836
1997-06-02,235.10699284519228
1997-06-03,234.70196721114664
1997-06-04,234.70196721114664
1997-06-05,234.70196721114664
1997-06-06,234.97009540380444
1997-06-09,234.44219969860035
1997-06-10,234.21854240596244
1997-06-11,234.21854240596244
1997-06-12,236.33929645938645
1997-06-13,237.82819206041475
1997-06-16,238.74706672903346
1997-06-17,237.85349515618282
1997-06-18,238.8864117608537
1997-06-19,238.8864117608537
1997-06-20,240.55305646490837
1997-06-23,238.31977343260598
1997-06-24,238.31977343260598
1997-06-25,235.72997570655326
1997-06-26,231.6899171888475
1997-06-27,233.9260819977376
1997-06-30,228.79088091590523
1997-07-01,234.62776308820276
1997-07-02,236.87637637446616
1997-07-03,247.25826539788355
1997-07-09,248.84769656074076
1997-07-10,248.84769656074076
1997-07-11,250.6364203562743
1997-07-14,248.11082084593724
1997-07-15,248.11082084593724
1997-07-16,256.2889589072655
1997-07-17,256.2889589072655
1997-07-18,250.4010604966556
1997-07-21,247.46487376225815
1997-07-22,263.1351092520306
1997-07-23,264.5511668352339
1997-07-24,264.5511668352339
1997-07-25,260.62738830454765
1997-07-28,265.433515919149
1997-07-29,273.8048371098892
1997-07-30,280.7625304631768
1997-07-31,288.0834434565496
1997-08-01,253.28557829349444
1997-08-04,250.70589904538224
1997-08-05,249.4080965075033
1997-08-06,251.37431079387028
1997-08-07,246.69440109576516
1997-08-08,230.8765702515944
1997-08-11,231.42956140983335
1997-08-12,229.23372771169622
1997-08-13,232.45636070832
1997-08-14,239.94280435649955
1997-08-15,240.99855263059956
1997-08-18,246.33135582442242
1997-08-19,246.33135582442242
1997-08-20,244.13984478720204
1997-08-21,237.55442372961198
1997-08-22,231.32089795010432
1997-08-25,229.37638866750123
1997-08-26,230.32217849211057
1997-08-27,230.32217849211057
1997-08-28,237.67417793132094
1997-08-29,234.13636080772488
1997-09-04,234.13636080772488
1997-09-05,232.14988709901036
1997-09-08,233.69310016577046
1997-09-09,233.310856910189
1997-09-10,232.17809469581914
1997-09-11,230.33278269708623
1997-09-12,237.06386519214942
1997-09-15,237.39117276573657
1997-09-16,249.04653882302782
1997-09-17,249.89329316993204
1997-09-18,249.28042651583286
1997-09-19,249.9365619819138
1997-09-22,252.3952604661289
1997-09-23,249.76538087440474
1997-09-24,253.27442302818483
1997-09-25,246.27484829682302
1997-09-26,249.81019761682526
1997-09-29,248.99419267640206
1997-09-30,247.30168131326343
1997-10-01,254.23449435151392
1997-10-02,256.4264427140485
1997-10-03,256.88867314519075
1997-10-06,261.7518504593212
1997-10-07,264.3004572247364
1997-10-08,249.15245877512132
1997-10-09,247.80958141332707
1997-10-10,241.91137496671365
1997-10-16,241.91137496671365
1997-10-17,236.1398911680226
1997-10-20,237.28490051326762
1997-10-21,237.28490051326762
1997-10-22,238.39813935114012
1997-10-23,245.38482397918972
1997-10-24,247.14590103223705
1997-10-27,254.7225617467698
1997-10-28,249.05072582145138
1997-10-29,253.83557479955155
1997-10-30,258.37703355864596
1997-10-31,259.1035919536207
1997-11-03,253.7233307940038
1997-11-04,250.70145876015295
1997-11-05,251.0802803452327
1997-11-06,255.35053744295766
1997-11-07,254.55573951009987
1997-11-10,254.1469901896558
1997-11-14,255.0120279486892
1997-11-17,256.34991030720806
1997-11-18,256.34991030720806
1997-11-19,259.67387617612894
1997-11-20,257.2189719265211
1997-11-21,260.20849493460366
1997-11-24,255.57318973300843
1997-11-25,256.079945906879
1997-11-26,255.04336196162672
1997-12-02,255.04336196162672
1997-12-03,257.1851031537456
1997-12-04,257.1851031537456
1997-12-05,249.33670703980718
1997-12-08,243.75567688594924
1997-12-09,245.15944781663097
1997-12-10,250.22851168142583
1997-12-11,257.4241199919179
1997-12-12,264.3996395168788
1997-12-15,260.9060009299449
1997-12-16,261.34885175984886
1997-12-17,259.0402586834181
1997-12-18,262.7948069495938
1997-12-19,268.12315287351805
1997-12-22,267.622813874652
1997-12-23,267.09766175508383
1997-12-24,265.4525066953591
1997-12-30,259.57771674683426
1997-12-31,265.195899200329
1998-01-06,266.5455604675662
1998-01-07,262.2155942364072
1998-01-08,269.0868002993443
1998-01-09,278.76108135510515
1998-01-12,278.76108135510515
1998-01-13,275.4007847859714
1998-01-14,270.15065105857616
1998-01-15,268.9685966902621
1998-01-16,261.00402030424493
1998-01-22,261.00402030424493
1998-01-23,242.43371711626597
1998-01-26,249.2112704327232
1998-01-27,242.9673805614595
1998-01-28,242.9673805614595
1998-01-29,253.86659835839302
1998-01-30,257.3278580575526
1998-02-02,253.33985094891088
1998-02-03,254.21791443826837
1998-02-04,254.21791443826837
1998-02-05,249.22007361043526
1998-02-06,248.78008500879352
1998-02-09,245.69394244495894
1998-02-10,247.41793175041553
1998-02-11,252.6011366915103
1998-02-12,251.30698116890665
1998-02-13,254.34085098837622
1998-02-19,253.04495132394797
1998-02-20,250.8905435305908
1998-02-23,246.65001349908366
1998-02-24,238.22693114369048
1998-02-25,241.5812398675471
1998-02-26,239.6631488385723
1998-02-27,241.16831536557157
1998-03-02,236.2499904738744
1998-03-03,233.51945197141455
1998-03-04,233.95306934546656
1998-03-05,233.36666486459384
1998-03-06,234.91780659996775
1998-03-09,236.44916357704923
1998-03-10,236.58880040827688
1998-03-11,237.62866036624328
1998-03-12,239.23495958983736
1998-03-13,238.86901155660638
1998-03-16,239.85180040328166
1998-03-17,239.3432081798022
1998-03-18,238.82409795609115
1998-03-19,238.56471787856157
1998-03-20,238.95105124244313
1998-03-23,239.08108782132658
1998-03-24,239.08108782132658
1998-03-25,237.33452344370863
1998-03-26,236.5082187417499
1998-03-27,236.19959751959541
1998-03-30,235.58667096556772
1998-03-31,236.31337734050598
1998-04-01,236.7954873298116
1998-04-02,237.29328297845106
1998-04-03,238.41907466769038
1998-04-06,237.82453816856437
1998-04-07,237.51623483683684
1998-04-08,236.73913581287223
1998-04-09,236.73913581287223
1998-04-15,237.2321321218827
1998-04-16,237.4488381125057
1998-04-17,237.56873805533462
1998-04-20,236.51260305805204
1998-04-21,235.30947928640958
1998-04-22,235.30947928640958
1998-04-23,235.06022956060525
1998-04-24,235.541609545721
1998-04-27,232.19677386858865
1998-04-28,232.12546889361047
1998-04-29,232.0746630086567
1998-04-30,232.86041310966547
1998-05-01,232.90631820547617
1998-05-04,232.90631820547617
1998-05-05,232.80739540363186
1998-05-06,232.9310442230365
1998-05-07,232.9310442230365
1998-05-08,232.8188937109929
1998-05-11,232.65077578465824
1998-05-12,232.64471205484708
1998-05-13,232.64132499465217
1998-05-14,232.65495670848918
1998-05-15,232.65495670848918
1998-05-18,232.564081131562
1998-05-19,232.58081495040193
1998-05-20,232.5159097975267
1998-05-21,232.54264719831096
1998-05-22,232.52691771585475
1998-05-28,232.51560226993192
1998-05-29,232.5354141943295
1998-06-01,232.62836027584552
1998-06-02,232.52745422437627
1998-06-03,232.4643112987852
1998-06-04,232.28325680511378
1998-06-05,232.39165252769624
1998-06-08,232.39165252769624
1998-06-09,232.34986329687536
1998-06-10,232.91629886648968
1998-06-11,233.84446854871044
1998-06-12,234.1469231001403
1998-06-15,234.6676794938514
1998-06-16,232.63662140068755
1998-06-17,230.09517781781432
1998-06-18,230.99957101166808
1998-06-19,231.8074718106733
1998-06-22,232.0958703543877
1998-06-23,232.71955708259608
1998-06-24,232.21038445578714
1998-06-25,232.0297864314207
1998-06-26,232.4117902769022
1998-06-29,231.80312233650628
1998-06-30,233.06793218627953
1998-07-01,233.51311789076217
1998-07-02,234.46547161835207
1998-07-08,233.89164331894335
1998-07-09,235.95669426789527
1998-07-10,235.6505388154794
1998-07-13,232.12507692329726
1998-07-14,230.32403687125716
1998-07-15,230.9010027285892
1998-07-16,229.75782805789086
1998-07-17,229.48242297616642
1998-07-20,231.08434480730983
1998-07-21,232.13461073951996
1998-07-22,231.6033069442384
1998-07-23,232.66933429580382
1998-07-24,231.85326878904183
1998-07-27,231.30800697626105
1998-07-28,230.49415723510657
1998-07-29,228.90901670872864
1998-07-30,229.63662020712601
1998-07-31,229.63662020712601
1998-08-03,232.10599943892922
1998-08-04,233.1918561934821
1998-08-05,233.65480374163755
1998-08-06,233.15249684347174
1998-08-07,236.34653671626995
1998-08-10,236.07055353144864
1998-08-11,238.21569472983958
1998-08-12,237.20092270691447
1998-08-13,234.98586133690526
1998-08-14,236.88739213871895
1998-08-17,236.88739213871895
1998-08-18,236.45271690362267
1998-08-19,236.45271690362267
1998-08-20,240.34324884634276
1998-08-21,246.92048633835194
1998-08-24,249.9957623570198
1998-08-25,255.6728653177126
1998-08-26,260.5909963804135
1998-08-27,272.16519445025716
1998-08-28,277.04013827940173
1998-08-31,285.69435182329903
1998-09-01,284.8279976244749
1998-09-02,277.11332862928276
1998-09-03,286.12686022894263
1998-09-04,289.36586504812374
1998-09-10,339.8355896622538
1998-09-11,321.34821713582903
1998-09-14,318.61569283240954
1998-09-15,313.74724463961616
1998-09-16,320.9151792506857
1998-09-17,339.6339268835171
1998-09-18,363.10814425139705
1998-09-21,364.35482997580647
1998-09-22,347.09052710072143
1998-09-23,366.78882602015915
1998-09-24,384.9692777689231
1998-09-25,395.4323427025633
1998-09-28,392.2414472877888
1998-09-29,397.22196649508294
1998-09-30,451.4986255536218
1998-10-01,501.1589854801302
1998-10-02,499.3039380956892
1998-10-05,549.8715064373657
1998-10-06,516.931803581788
1998-10-07,467.1882110587246
1998-10-08,369.3365941304629
1998-10-09,312.5185860846846
1998-10-15,312.5185860846846
1998-10-16,344.6354593182049
1998-10-19,341.9468547080739
1998-10-20,328.3030042984358
1998-10-21,321.2020814144096
1998-10-22,315.8977974194138
1998-10-23,299.98924003747885
1998-10-26,303.3646638674397
1998-10-27,322.27617258975056
1998-10-28,329.37829649996735
1998-10-29,339.4257377795456
1998-10-30,313.94347741176756
1998-11-02,290.74220811010485
1998-11-03,291.5230358849046
1998-11-04,268.7117393776189
1998-11-05,265.8969207800964
1998-11-06,247.78617890674374
1998-11-09,258.5111192423207
1998-11-10,265.5180961243765
1998-11-16,262.46822289872046
1998-11-17,260.06104717486625
1998-11-18,261.2499345895658
1998-11-19,257.6860654072998
1998-11-20,262.35148403707854
1998-11-23,259.42125393094034
1998-11-24,257.68886687516925
1998-11-25,257.11780759958015
1998-12-01,265.84758368454646
1998-12-02,276.7154067069229
1998-12-03,275.67183698558955
1998-12-04,267.7271167596102
1998-12-07,257.4736720964346
1998-12-08,266.5944431327894
1998-12-09,273.8033963057087
1998-12-10,276.73068884973765
1998-12-11,268.74188872706054
1998-12-14,271.63037705731676
1998-12-15,265.754673316983
1998-12-16,271.4861013944204
1998-12-17,271.4861013944204
1998-12-18,269.52829644964635
1998-12-21,261.6812859450078
1998-12-22,254.23448770490532
1998-12-23,245.04208377240926
1998-12-24,239.49920871397262
1998-12-30,241.69485505016445
1998-12-31,241.38651573192044
1999-01-06,243.2406183871348
1999-01-07,240.39337933606976
1999-01-08,235.029966827925
1999-01-11,233.340834383618
1999-01-12,235.84244501073303
1999-01-13,238.51389863553436
1999-01-14,241.69945115640576
1999-01-15,238.96536816538008
1999-01-21,240.6829174097442
1999-01-22,242.67728499548588
1999-01-25,242.67728499548588
1999-01-26,241.97066765833216
1999-01-27,242.43887532778672
1999-01-28,242.67546664932286
1999-01-29,243.0363088883003
1999-02-01,240.44894229460988
1999-02-02,239.01916442805683
1999-02-03,238.03472299072968
1999-02-04,236.32718906852142
1999-02-05,235.819844451852
1999-02-08,236.04005278529084
1999-02-09,236.25889930077238
1999-02-10,236.2174033818504
1999-02-11,236.21775008780176
1999-02-12,236.6830624620818
1999-02-18,237.77555216483438
1999-02-19,238.43165318864075
1999-02-22,237.2603796515444
1999-02-23,239.15241725099978
1999-02-24,242.262164689687
1999-02-25,247.37352153616544
1999-02-26,245.7836977299305
1999-03-01,250.94115241487165
1999-03-02,248.9734449921682
1999-03-03,251.1473516248492
1999-03-04,253.56171413418474
1999-03-05,247.55901209776323
1999-03-08,246.54236536312956
1999-03-09,240.05926561221514
1999-03-10,241.47746616887815
1999-03-11,241.47746616887815
1999-03-12,237.9883251651004
1999-03-15,236.02966427024788
1999-03-16,232.44430212661476
1999-03-17,234.82101901600902
1999-03-18,232.79367830419352
1999-03-19,238.0979734544621
1999-03-22,240.58344831368083
1999-03-23,240.58344831368083
1999-03-24,237.05490158611062
1999-03-25,241.89974085748096
1999-03-26,241.89974085748096
1999-03-29,246.99634781920352
1999-03-30,240.3215724575477
1999-03-31,244.46156374705475
1999-04-01,246.82206947789044
1999-04-02,236.55734874730885
1999-04-05,235.67727949431324
1999-04-06,229.04328959196226
1999-04-07,230.28127455862557
1999-04-08,219.98028715955994
1999-04-09,220.32653669486345
1999-04-12,220.32653669486345
1999-04-13,224.24596522618606
1999-04-14,225.1978228197528
1999-04-15,226.76895474534243
1999-04-16,230.52433245726954
1999-04-19,227.71966131105071
1999-04-20,225.59209419328883
1999-04-21,225.88787290595516
1999-04-22,231.75491535202502
1999-04-23,231.473284613069
1999-04-26,230.0363013722709
1999-04-27,228.59519827479988
1999-04-28,230.31402349503742
1999-04-29,226.54863265370366
1999-04-30,236.09872212128926
1999-05-03,236.33540172741561
1999-05-04,239.07520632365325
1999-05-05,237.76490370684513
1999-05-06,244.32645907388098
1999-05-07,246.25392714507015
1999-05-10,244.4687709505162
1999-05-11,247.9234045187292
1999-05-12,246.25227294343594
1999-05-13,238.16305724192136
1999-05-14,253.1374071137218
1999-05-17,255.13322889139553
1999-05-18,257.2825892567378
1999-05-19,253.31981831453638
1999-05-20,254.0006846148826
1999-05-21,250.04313684029094
1999-05-24,248.2133108296381
1999-05-25,248.58950009382826
1999-05-26,252.87639596349814
1999-05-27,260.1583679084641
1999-05-28,260.1583679084641
1999-06-03,257.79990554180307
1999-06-04,257.79990554180307
1999-06-07,257.30214540357963
1999-06-08,259.3478867006948
1999-06-09,261.991426638653
1999-06-10,268.01641970329797
1999-06-11,279.3506211656974
1999-06-14,273.6039800775499
1999-06-15,271.2843086216483
1999-06-16,267.7113472521915
1999-06-17,248.40456620867903
1999-06-18,253.78114150634556
1999-06-21,259.7040681615264
1999-06-22,263.71334311680334
1999-06-23,270.3960512294999
1999-06-24,275.1386138487631
1999-06-25,272.40613194562775
1999-06-28,264.8861362445961
1999-06-29,260.83086470946427
1999-06-30,245.25987152510908
1999-07-01,249.76278448962384
1999-07-02,248.86411301782664
1999-07-08,242.7545258242815
1999-07-09,243.54870096642048
1999-07-12,234.67347214801276
1999-07-13,232.9426758160218
1999-07-14,234.7663402719454
1999-07-15,234.28268002618765
1999-07-16,231.16111048812536
1999-07-19,230.57825770570219
1999-07-20,229.60690635666538
1999-07-21,230.13083901690155
1999-07-22,236.23623907364845
1999-07-23,239.1789835320722
1999-07-26,239.96649443732315
1999-07-27,238.24786794585896
1999-07-28,238.36127281545475
1999-07-29,241.66839602167204
1999-07-30,243.26972898644348
1999-08-02,243.6261428403808
1999-08-03,244.86612627389937
1999-08-04,244.47626565148158
1999-08-05,241.22776154470736
1999-08-06,249.43510541800015
1999-08-09,254.20610022334048
1999-08-10,255.10537022181748
1999-08-11,252.7193923913793
1999-08-12,252.57182071305243
1999-08-13,245.35444495184947
1999-08-16,244.77268054857987
1999-08-17,238.97184816006964
1999-08-18,238.69588664619118
1999-08-19,240.2099337462543
1999-08-20,239.24131006197734
1999-08-23,239.65473589538755
1999-08-24,235.6434170164043
1999-08-25,229.9563706971524
1999-08-26,231.29042425134858
1999-08-27,235.2142870860108
1999-08-30,239.62714407743806
1999-08-31,240.30629722859754
1999-09-01,240.2063674894918
1999-09-02,241.64310759309703
1999-09-03,236.4411093107401
1999-09-09,238.01025280203288
1999-09-10,234.9793262298278
1999-09-13,235.61272230095972
1999-09-14,237.23078956355747
1999-09-15,236.01611072631553
1999-09-16,234.99010696178496
1999-09-17,233.8753413543841
1999-09-20,235.10094672022578
1999-09-21,235.65468308973388
1999-09-22,235.29380899219458
1999-09-23,233.20102117593882
1999-09-24,231.28813946552822
1999-09-27,232.43947583606723
1999-09-28,233.26517002496828
1999-09-29,234.2705042519688
1999-09-30,233.4456771047766
1999-10-01,234.49130791414586
1999-10-04,233.9385853306424
1999-10-05,234.92629502787986
1999-10-06,235.0275104335525
1999-10-07,235.08466912731149
1999-10-08,234.92499821642977
1999-10-14,235.67938734668124
1999-10-15,233.92547891451855
1999-10-18,234.5383913198809
1999-10-19,235.34333898452786
1999-10-20,235.6707871651044
1999-10-21,235.909235439241
1999-10-22,236.23387861172964
1999-10-25,236.51626450242946
1999-10-26,236.82249095575142
1999-10-27,234.5865922925057
1999-10-28,231.8749680186986
1999-10-29,228.0510818375422
1999-11-01,229.11269670626595
1999-11-02,228.35657235419862
1999-11-03,227.9340579310985
1999-11-04,226.8017915705905
1999-11-05,226.0340326634177
1999-11-08,226.26266716435387
1999-11-09,226.36526208530654
1999-11-10,226.51083457573594
1999-11-16,226.4080870336074
1999-11-17,226.05683170181595
1999-11-18,225.99356115029755
1999-11-19,225.96584109870213
1999-11-22,225.88973244300487
1999-11-23,225.90378970028513
1999-11-24,225.91294381632204
1999-11-30,225.77259925852653
1999-12-01,225.9105355788457
1999-12-02,226.13211511975769
1999-12-03,225.3997845261591
1999-12-06,225.16086129588953
1999-12-07,224.6322727841997
1999-12-08,224.83902070035873
1999-12-14,225.87100890641742
1999-12-15,226.2772211353489
1999-12-16,227.27455584326063
1999-12-17,227.36176849128077
1999-12-20,228.74621593057785
1999-12-21,229.458690211583
1999-12-22,229.70636908579655
1999-12-23,230.43805618380534
1999-12-29,228.9375952014479
1999-12-30,227.80490482418898
1999-12-31,232.2946584511199
2000-01-03,241.41237613471623
2000-01-04,235.87670754148493
2000-01-05,243.9197358215557
2000-01-06,239.9033243760444
2000-01-07,235.09593332489408
2000-01-10,238.2592441091981
2000-01-14,243.9556616525405
2000-01-20,248.19026524022152
2000-01-21,249.40448897160792
2000-01-24,240.08830906223002
2000-01-25,241.25982308889752
2000-01-26,239.22812968458751
2000-01-27,239.70803999351844
2000-01-28,234.95896583201622
2000-01-31,236.61477342121185
2000-02-01,231.8379681159731
2000-02-02,229.8846767289067
2000-02-03,220.62443478544887
2000-02-04,225.5003264965039
2000-02-07,233.9062955524088
2000-02-08,230.06491050115244
2000-02-09,235.84856415232878
2000-02-10,240.018764155152
2000-02-11,237.77016748350536
2000-02-14,231.15560665269678
2000-02-15,233.16022169624966
2000-02-16,233.48243382482897
2000-02-17,235.75325286988692
2000-02-18,230.25208501035698
2000-02-24,224.5474409226068
2000-02-25,224.5474409226068
2000-02-28,228.74758936853735
2000-02-29,227.89894868913305
2000-03-01,226.56094565049486
2000-03-02,227.22365444199397
2000-03-03,225.7106756990355
2000-03-06,227.43455723748545
2000-03-07,226.303304687856
2000-03-08,226.303304687856
2000-03-09,224.42192082130953
2000-03-10,226.29150466719275
2000-03-13,224.9447062602457
2000-03-14,221.55350328856028
2000-03-15,220.52666378349076
2000-03-16,219.11744479603078
2000-03-17,217.44140521307713
2000-03-20,217.47632100343205
2000-03-21,216.7194476450319
2000-03-22,216.52224237080642
2000-03-23,216.1955218229703
2000-03-24,217.31225237656227
2000-03-27,217.187504778833
2000-03-28,217.09818674614806
2000-03-29,217.0143417798891
2000-03-30,217.00450888571729
2000-03-31,217.21184033036454
2000-04-03,217.513973682508
2000-04-04,219.4087695873507
2000-04-05,218.55893294428245
2000-04-06,217.60906718975957
2000-04-12,213.38100935286747
2000-04-13,215.71779102356464
2000-04-14,217.25760118357363
2000-04-17,212.80007912373762
2000-04-18,212.3766630738249
2000-04-19,215.65232968924403
2000-04-20,215.17519331760462
2000-04-26,215.31154045661154
2000-04-27,211.16190687338667
2000-04-28,211.75170741434627
2000-05-01,210.66006850760664
2000-05-02,209.39722443491888
2000-05-03,207.39540110637756
2000-05-04,206.06157710549616
2000-05-05,205.26732341325254
2000-05-08,204.6705521773391
2000-05-09,205.00212490951216
2000-05-10,205.35834509319452
2000-05-11,205.4027190561502
2000-05-12,205.43679885999921
2000-05-15,205.27864034089984
2000-05-16,205.0617830913373
2000-05-17,205.48608232900656
2000-05-18,206.35252455046574
2000-05-19,205.5134743651121
2000-05-22,204.070931976078
2000-05-23,204.34954518127756
2000-06-01,202.95151314879683
2000-06-02,202.27217312399915
2000-06-05,201.8568224262927
2000-06-06,202.0098240530241
2000-06-07,201.96177897693866
2000-06-08,201.90623258380228
2000-06-09,201.9294165942091
2000-06-12,201.9559762660655
2000-06-13,201.84195559281665
2000-06-14,202.27874618520042
2000-06-15,202.22629111015416
2000-06-16,202.95290528935928
2000-06-19,202.56139262174852
2000-06-20,202.19892274013088
2000-06-21,200.368081639559
2000-06-22,200.10869828739132
2000-06-23,198.8347803086766
2000-06-26,200.82559144104297
2000-06-27,200.82559144104297
2000-06-28,200.45956933056434
2000-06-29,202.3447183504067
2000-06-30,202.74852601046024
2000-07-03,204.3217111973359
2000-07-07,206.09717673726195
2000-07-10,205.1573605266522
2000-07-11,204.36994907662833
2000-07-12,203.0437583962152
2000-07-13,206.39626278856298
2000-07-14,201.59457908040332
2000-07-17,199.5914897658496
2000-07-18,199.7699968836428
2000-07-19,199.7699968836428
2000-07-20,205.42991303230627
2000-07-21,205.90189425489012
2000-07-24,204.2664522364943
2000-07-25,204.82270319397708
2000-07-26,204.86742489975393
2000-07-27,206.31298963236935
2000-07-28,205.33499575735829
2000-07-31,205.48653932631086
2000-08-01,207.53624136950108
2000-08-02,208.74299800926858
2000-08-03,209.79008941349718
2000-08-04,212.2069040601842
2000-08-07,209.43587885717298
2000-08-08,211.92087374211442
2000-08-09,212.4866238440263
2000-08-10,213.91578382295359
2000-08-11,209.91222171095413
2000-08-14,211.33599580960464
2000-08-15,209.5196746642129
2000-08-21,208.73727994162147
2000-08-22,209.45296768480918
2000-08-23,214.08593330456847
2000-08-24,214.275343260577
2000-08-25,214.275343260577
2000-08-28,210.00501794606404
2000-08-29,207.14562696507593
2000-08-30,207.4488935917574
2000-08-31,214.74093939686273
2000-09-01,219.42444548012983
2000-09-07,216.78122856644416
2000-09-08,218.88604271664653
2000-09-11,215.69038106131916
2000-09-12,215.69038106131916
2000-09-13,220.53737626741153
2000-09-14,216.0984865050634
2000-09-15,212.79726100872844
2000-09-18,211.1266900079775
2000-09-19,212.44924259368355
2000-09-20,209.23533410671376
2000-09-21,211.3713227776668
2000-09-22,214.3580416187812
2000-09-25,215.2156570620795
2000-09-26,218.7085962560356
2000-09-27,217.8203324943433
2000-09-28,217.8203324943433
2000-09-29,219.2154534796611
2000-10-02,218.73640587697142
2000-10-03,213.95318679189165
2000-10-04,212.21273318869754
2000-10-05,215.6385551007406
2000-10-06,218.93996293939634
2000-10-12,224.85502184280625
2000-10-13,224.85502184280625
2000-10-16,223.0941064276043
2000-10-17,230.50560050964458
2000-10-18,230.50560050964458
2000-10-19,231.47463692436315
2000-10-20,235.60123985499288
2000-10-23,241.84354702147698
2000-10-24,236.9203985528634
2000-10-25,230.0598725565324
2000-10-26,229.4088611357168
2000-10-27,224.0241882121341
2000-10-30,222.21695967234018
2000-10-31,217.25052274565604
2000-11-01,220.4382694355662
2000-11-02,222.69248866094458
2000-11-03,209.90042993056144
2000-11-06,206.09752559582128
2000-11-07,206.46797738689227
2000-11-08,207.91269587210226
2000-11-09,213.34116451926778
2000-11-10,214.93469277774682
2000-11-13,217.80198898504227
2000-11-14,219.07871207980247
2000-11-15,222.8851385465346
2000-11-16,225.92469089621275
2000-11-17,223.64686437562824
2000-11-20,226.3579649844349
2000-11-21,226.8951672342526
2000-11-22,233.3527652781882
2000-11-28,241.31403749188644
2000-11-29,245.84122957525588
2000-11-30,259.93634837082067
2000-12-01,250.6055926537536
2000-12-04,250.6055926537536
2000-12-05,263.23099867747226
2000-12-06,277.01319845505907
2000-12-07,277.72621648257075
2000-12-08,269.41720874793776
2000-12-11,266.68185883712204
2000-12-12,270.35847821630637
2000-12-13,283.573333862459
2000-12-14,295.01242654510486
2000-12-15,302.11450644825993
2000-12-18,307.44066478966647
2000-12-19,299.5583323515333
2000-12-20,317.5780552313471
2000-12-21,327.91473549731325
2000-12-22,334.9576819962825
2000-12-28,327.3256444195574
2000-12-29,334.0063764032359
2001-01-04,357.9153045878641
2001-01-05,375.02916567985596
2001-01-08,383.276902294788
2001-01-09,370.2687009936426
2001-01-10,350.37489204894223
2001-01-11,344.12112721100954
2001-01-12,322.99278761224673
2001-01-18,334.67706501619574
2001-01-19,322.8948636053329
2001-01-22,315.1626727675383
2001-01-23,306.86782751257437
2001-01-24,304.015925345738
2001-01-25,308.8292794095488
2001-01-26,308.98424597932683
2001-01-29,306.6740112190113
2001-01-30,316.52622204309876
2001-01-31,325.08825728829436
2001-02-01,334.89230980128326
2001-02-02,325.9169193396242
2001-02-05,325.9169193396242
2001-02-06,319.85999786948156
2001-02-07,323.17052158791614
2001-02-08,322.44398462353246
2001-02-09,331.04476883766995
2001-02-12,326.9481420582612
2001-02-13,323.89672653438436
2001-02-14,317.684460836009
2001-02-15,310.1610146098349
2001-02-16,320.11674995391803
2001-02-22,320.7155877120667
2001-02-23,326.0919181401961
2001-02-26,330.38987591205984
2001-02-27,337.1605791183056
2001-02-28,343.7692791678327
2001-03-01,346.9092384826221
2001-03-02,335.87199207349727
2001-03-05,335.75021631050214
2001-03-06,335.37751154273633
2001-03-07,341.1944880583139
2001-03-08,344.03132607898146
2001-03-09,339.0942935189407
2001-03-12,341.086135924562
2001-03-13,338.08557267697967
2001-03-14,348.093132724292
2001-03-15,352.72880848635884
2001-03-16,357.8358174843157
2001-03-19,349.9730609057988
2001-03-20,355.5065016831294
2001-03-21,358.8238084301946
2001-03-22,366.86131339026883
2001-03-23,356.7221247514894
2001-03-26,351.1946166483373
2001-03-27,333.71380924174395
2001-03-28,335.8235699699777
2001-03-29,338.07134960270685
2001-03-30,344.3261772185282
2001-04-02,338.83819007060765
2001-04-03,341.70798082447493
2001-04-04,345.0064992191293
2001-04-05,339.2384840909633
2001-04-06,351.5961167894739
2001-04-09,348.1052106453761
2001-04-10,331.5598619791748
2001-04-11,327.9127211371075
2001-04-12,323.5383177967656
2001-04-18,328.0737451094745
2001-04-19,319.8238482611059
2001-04-20,319.56118213711653
2001-04-23,323.9752086516846
2001-04-24,323.4768865567985
2001-04-25,320.0127241883382
2001-04-26,323.7525568380647
2001-04-27,317.0145850339239
2001-04-30,316.81987467471913
2001-05-01,318.6259879464769
2001-05-02,318.6704942729337
2001-05-03,322.4160212114149
2001-05-04,323.03891889183893
2001-05-07,323.1655324987637
2001-05-08,322.4354714243055
2001-05-09,324.72012757654306
2001-05-10,320.19923168022774
2001-05-11,313.1079957300132
2001-05-14,314.557219385298
2001-05-15,313.26978109670875
2001-05-16,313.8541889934233
2001-05-17,313.8541889934233
2001-05-18,313.9892542150494
2001-05-21,314.37245579146406
2001-05-22,314.37245579146406
2001-05-23,314.42224839838656
2001-05-24,313.8967031443711
2001-05-25,313.90849750068037
2001-05-31,313.069206373745
2001-06-01,312.84582008178245
2001-06-04,312.53949570519836
2001-06-05,312.1493854633624
2001-06-06,312.1493854633624
2001-06-07,312.2210928144627
2001-06-08,312.2474664122398
2001-06-11,312.231605447702
2001-06-12,312.2782702483664
2001-06-13,312.24724336428864
2001-06-14,312.47259524700235
2001-06-15,312.36343887616334
2001-06-18,312.47294312251984
2001-06-19,312.62378905472235
2001-06-20,313.09165064587523
2001-06-21,313.1932551771478
2001-06-22,314.80880369788656
2001-06-25,314.4654786767568
2001-06-26,312.11280265246205
2001-06-27,311.49771967879525
2001-06-28,308.2660380098626
2001-06-29,306.23138123026354
2001-07-02,308.0136667120321
2001-07-03,306.83611913483526
2001-07-09,307.297485262305
2001-07-10,308.34962491169085
2001-07-11,308.36978787434487
2001-07-12,309.3839213075457
2001-07-13,309.45807293782207
2001-07-16,310.87726038068587
2001-07-17,310.87726038068587
2001-07-18,314.43917259555184
2001-07-19,313.334311239009
2001-07-20,313.0207180796744
2001-07-23,313.8731702514632
2001-07-24,314.8786663919779
2001-07-25,310.97414761650396
2001-07-26,312.2845585768964
2001-07-27,315.5471752780143
2001-07-30,316.7531277796881
2001-07-31,320.14117673694534
2001-08-01,317.47990570947724
2001-08-02,312.40303771709614
2001-08-03,311.27891570204946
2001-08-06,311.90217212243556
2001-08-07,311.2562418179888
2001-08-08,320.74454672121726
2001-08-09,316.9928549429108
2001-08-10,320.07292021228216
2001-08-13,322.91984347006604
2001-08-14,321.6717000692103
2001-08-15,318.7262006022111
2001-08-16,324.3092846252586
2001-08-17,332.855934770138
2001-08-20,327.29849232820516
2001-08-21,328.49659641911194
2001-08-22,327.7384511857194
2001-08-23,330.11521506915614
2001-08-24,327.20220412158227
2001-08-27,326.49042492621055
2001-08-28,337.9680788783203
2001-08-29,345.4368878445439
2001-08-30,343.7490328117761
2001-08-31,339.228438353863
2001-09-06,357.9792568450177
2001-09-07,368.8495204268281
2001-09-10,362.78524532800446
2001-09-11,385.09567385006267
2001-09-17,372.83173784300124
2001-09-18,355.8189729784397
2001-09-19,359.7830691835414
2001-09-20,349.1350909526012
2001-09-21,358.23130968884965
2001-09-24,353.42035205578793
2001-09-25,358.90490545212435
2001-09-26,373.22833027066304
2001-09-27,385.56196926896496
2001-09-28,381.50840624774605
2001-10-01,389.6045998130788
2001-10-02,398.3188891786873
2001-10-03,403.14136306706655
2001-10-04,402.0761683597687
2001-10-05,404.56205443469264
2001-10-11,382.12484838698026
2001-10-12,384.06953974576226
2001-10-15,402.29254002131916
2001-10-16,410.4157682445429
2001-10-17,411.62098602726076
2001-10-18,413.79820964131613
2001-10-19,396.4456786522103
2001-10-22,398.8882228201831
2001-10-23,393.25655625429175
2001-10-24,408.91929582346955
2001-10-25,424.58912024295444
2001-10-26,428.5333427341868
2001-10-29,442.8298866837344
2001-10-30,468.5880417759077
2001-10-31,509.5197044873664
2001-11-01,512.3278306790708
2001-11-02,476.71374315377466
2001-11-05,493.5937965261779
2001-11-06,502.9392367467308
2001-11-07,529.8408030254541
2001-11-08,492.8435014078572
2001-11-09,488.7882915059559
2001-11-15,424.54362497745075
2001-11-16,396.45597076394176
2001-11-19,419.4639111231597
2001-11-20,402.7224637857497
2001-11-21,386.9123934722738
2001-11-27,397.58741690242584
2001-11-28,397.04795150956534
2001-11-29,420.3187888772927
2001-11-30,423.0648967202498
2001-12-03,427.22952774697234
2001-12-04,434.1433733728871
2001-12-05,403.78026968549705
2001-12-06,393.50400761659563
2001-12-07,380.49492873129094
2001-12-10,383.46689111064774
2001-12-11,388.0946030568413
2001-12-12,396.169568673142
2001-12-13,386.86736080566754
2001-12-14,381.86944030017776
2001-12-17,378.79699769880546
2001-12-18,385.0691942859937
2001-12-19,390.08777403981264
2001-12-20,389.48289903793085
2001-12-21,387.1059648941206
2001-12-24,384.51950589598516
2001-12-28,384.00048212009244
2001-12-31,387.62008460291685
2002-01-04,387.4416396258629
2002-01-07,391.8212253090676
2002-01-08,391.6385472794963
2002-01-09,391.8278762741778
2002-01-10,396.33990505681805
2002-01-11,400.28945819616206
2002-01-14,400.8792474243225
2002-01-15,403.0679271612793
2002-01-16,402.5109784687607
2002-01-17,397.10342632171967
2002-01-18,399.86364935229204
2002-01-24,397.97772953144175
2002-01-25,395.66221030929165
2002-01-28,395.9409738974742
2002-01-29,403.01435846088765
2002-01-30,403.3610019574862
2002-01-31,399.42768484370765
2002-02-01,402.8260316756558
2002-02-04,408.67903273039417
2002-02-05,409.2693116508263
2002-02-06,407.3371636169602
2002-02-07,405.3490315105743
2002-02-08,409.40423387996907
2002-02-11,408.14929668900425
2002-02-12,402.3787490808295
2002-02-13,400.45491789022446
2002-02-14,403.462129439796
2002-02-15,410.7396402200387
2002-02-21,411.3701820575285
2002-02-22,415.2935001115118
2002-02-25,413.35119806960614
2002-02-26,407.04934957450627
2002-02-27,416.8682708482981
2002-02-28,413.3270862241533
2002-03-01,404.0026120652717
2002-03-04,401.8530841192087
2002-03-05,401.49857807068247
2002-03-06,399.4683504489463
2002-03-07,385.6863259604446
2002-03-08,379.7591606980771
2002-03-11,379.7591606980771
2002-03-12,380.5372863322102
2002-03-13,383.0239067089296
2002-03-14,377.2703153715486
2002-03-15,378.71425245520743
2002-03-18,379.9056260426269
2002-03-19,379.3985067494295
2002-03-20,378.1347389082879
2002-03-21,378.4635074818971
2002-03-22,378.403425184288
2002-03-25,378.35914556109475
2002-03-26,378.3194492844819
2002-03-27,378.282158542805
2002-03-28,378.6730951317932
2002-04-03,377.38601751233523
2002-04-04,377.33373519502476
2002-04-05,376.0686821197925
2002-04-08,376.5008052590191
2002-04-09,376.1005996351418
2002-04-10,376.2809852648446
2002-04-11,376.0660392024382
2002-04-12,375.6088224686204
2002-04-15,375.4535409899448
2002-04-16,375.52994270994657
2002-04-17,375.51417496125515
2002-04-18,375.5373709140387
2002-04-19,375.5896583590478
2002-04-22,375.7354366558144
2002-04-23,375.76087991675894
2002-04-24,376.52616655568505
2002-04-25,376.812913250963
2002-04-26,377.60458506271044
2002-04-29,376.6898231234244
2002-04-30,377.1445910362537
2002-05-01,378.36028870125926
2002-05-02,376.1050915426291
2002-05-03,378.68032865298096
2002-05-06,377.9081801790794
2002-05-07,378.7005094404227
2002-05-08,370.7851625318696
2002-05-09,372.8862493418169
2002-05-10,376.42391427814357
2002-05-13,372.0903914160039
2002-05-14,368.13809176704746
2002-05-15,369.7579776767829
2002-05-16,372.85462524963657
2002-05-17,370.39843331619886
2002-05-20,372.9108202100657
2002-05-21,374.9155783771422
2002-05-22,377.15037459277835
2002-05-23,375.4128747398555
2002-05-24,376.806127050016
2002-05-30,379.6219677686772
2002-05-31,378.6985847075214
2002-06-03,379.2642227824923
2002-06-04,381.00939997676136
2002-06-05,379.37939543918435
2002-06-06,382.12344114911866
2002-06-07,378.9335270460491
2002-06-10,380.8987698321123
2002-06-11,385.4296688213113
2002-06-12,388.9490528836123
2002-06-13,393.37208589165834
2002-06-14,405.697906251135
2002-06-17,399.37114269706717
2002-06-18,400.61102112381917
2002-06-19,415.8642606683755
2002-06-20,402.4931434876325
2002-06-21,412.07641905198204
2002-06-24,403.485634924501
2002-06-25,404.2970097730465
2002-06-26,420.5629811254754
2002-06-27,407.3746105840977
2002-06-28,405.5734569630819
2002-07-01,407.012875532539
2002-07-02,418.7430246828062
2002-07-03,417.19135700457485
2002-07-09,428.87940411004035
2002-07-10,445.34002284741956
2002-07-11,449.588228250346
2002-07-12,454.30892024372014
2002-07-15,452.00771458842326
2002-07-16,435.7919712654515
2002-07-17,447.02317033009
2002-07-18,458.0736277686397
2002-07-19,467.1062194556571
2002-07-22,488.81408255637734
2002-07-23,498.8865587082741
2002-07-24,505.3052271969511
2002-07-25,511.5523221542369
2002-07-26,519.6810699700318
2002-07-29,474.36136386237786
2002-07-30,467.2789480283798
2002-07-31,497.2296081950009
2002-08-01,512.1481368918933
2002-08-02,550.8980886264328
2002-08-05,559.823649208854
2002-08-06,521.7201113414915
2002-08-07,545.5301090437002
2002-08-08,523.2548482472689
2002-08-09,558.0625087078577
2002-08-12,565.6316804980445
2002-08-13,588.0145828334681
2002-08-14,585.0438416866155
2002-08-15,557.3873409549258
2002-08-16,519.6147578121938
2002-08-19,525.9011308320711
2002-08-20,561.1952679910287
2002-08-21,557.1044046697696
2002-08-22,534.5933952929545
2002-08-23,552.4351986719236
2002-08-26,560.133602012973
2002-08-27,540.827139264862
2002-08-28,554.0248170628249
2002-08-29,569.6166980192131
2002-08-30,574.891131712389
2002-09-05,588.6650931198216
2002-09-06,553.8074012753614
2002-09-09,551.5101292850065
2002-09-10,564.2766906863864
2002-09-11,545.2126278805397
2002-09-12,569.2559562106043
2002-09-13,586.136331881587
2002-09-16,594.8223640063173
2002-09-17,600.0747236001562
2002-09-18,602.6198858328295
2002-09-19,623.5226887748956
2002-09-20,628.2420627839642
2002-09-23,657.1498874151029
2002-09-24,664.6756570782065
2002-09-25,625.8669684088629
2002-09-26,626.5439329223705
2002-09-27,651.8118458972862
2002-09-30,680.6351308345814
2002-10-01,648.3685535959476
2002-10-02,650.430535283984
2002-10-03,653.6026566996227
2002-10-04,655.7734829157546
2002-10-07,672.0894445297182
2002-10-08,665.1901169435698
2002-10-09,693.4758985480039
2002-10-10,670.4071289975426
2002-10-11,626.1159071761682
2002-10-17,602.312819330326
2002-10-18,607.4848462519853
2002-10-21,585.754171554168
2002-10-22,582.6217164816474
2002-10-23,585.4312284567594
2002-10-24,606.9912694476336
2002-10-25,621.4184880121201
2002-10-28,629.5447307721631
2002-10-29,666.8986309219965
2002-10-30,662.7830585503202
2002-10-31,678.9961986078748
2002-11-01,661.7132874617863
2002-11-04,645.6823930348559
2002-11-05,639.3948226267762
2002-11-06,646.7688680202712
2002-11-07,680.1674124481009
2002-11-08,689.6742218554922
2002-11-14,640.3554436687597
2002-11-15,633.835681649544
2002-11-18,639.144095307802
2002-11-19,645.9111659175175
2002-11-20,621.5318250481116
2002-11-21,608.6368954105398
2002-11-22,603.3139062505139
2002-11-25,603.3139062505139
2002-11-26,623.1980982349128
2002-11-27,591.123658685531
2002-12-03,589.8931947509122
2002-12-04,597.9894451165807
2002-12-05,605.378554576562
2002-12-06,611.7843558343712
2002-12-09,617.8060878659588
2002-12-10,618.5824101200164
2002-12-11,625.6738263742761
2002-12-12,625.1391605260567
2002-12-13,619.5378038242958
2002-12-16,610.8419661053731
2002-12-17,614.7574941935238
2002-12-18,623.8043869411824
2002-12-19,636.8206148461599
2002-12-20,637.2150577109778
2002-12-23,636.2552887476528
2002-12-24,643.3594843844774
2002-12-30,648.0326160688526
2002-12-31,643.5447751024998
2003-01-06,638.6467270537421
2003-01-07,645.6943711511993
2003-01-08,653.208174207434
2003-01-09,621.2359057807369
2003-01-10,620.5797280016275
2003-01-13,626.5363630347882
2003-01-14,634.7736797179117
2003-01-15,637.1745894340695
2003-01-16,636.6457173623317
2003-01-17,648.1912564302298
2003-01-23,643.6526617860908
2003-01-24,651.7891079785411
2003-01-27,641.9299858913494
2003-01-28,638.1185285127289
2003-01-29,626.30123783241
2003-01-30,634.98190652986
2003-01-31,637.186110164589
2003-02-03,632.8810384390496
2003-02-04,645.2527862011385
2003-02-05,631.2681418754571
2003-02-06,642.0300600833901
2003-02-07,648.2858424174295
2003-02-10,637.2808249994075
2003-02-11,642.9553487787673
2003-02-12,654.139487487764
2003-02-13,669.1421106275383
2003-02-14,654.4882161626823
2003-02-20,663.0783263791375
2003-02-21,652.6062069168913
2003-02-24,663.0499630310425
2003-02-25,668.2197754255441
2003-02-26,677.3727201310634
2003-02-27,681.0511270732799
2003-02-28,695.210723546163
2003-03-03,702.1900632553786
2003-03-04,710.4276849166815
2003-03-05,722.1600795428711
2003-03-06,713.8802196790676
2003-03-07,724.7308310951651
2003-03-10,740.3301803799142
2003-03-11,729.0155065012777
2003-03-12,723.4204946852435
2003-03-13,663.7684972719064
2003-03-14,675.424374787837
2003-03-17,648.7964758011614
2003-03-18,630.9900077064163
2003-03-19,617.276809359509
2003-03-20,609.8893410171115
2003-03-21,590.8080915480133
2003-03-24,612.0701500543813
2003-03-25,613.1737182597582
2003-03-26,617.3415314633074
2003-03-27,621.6488095181195
2003-03-28,631.2910521693613
2003-03-31,643.5589206908106
2003-04-01,643.2034410040783
2003-04-02,625.3034867563117
2003-04-03,629.2215664728528
2003-04-04,626.1139919972412
2003-04-07,617.0518287827447
2003-04-08,628.0912140443762
2003-04-09,633.7826840591484
2003-04-10,630.1618256952803
2003-04-11,625.6603354946446
2003-04-14,619.0267905371874
2003-04-15,625.3795417028304
2003-04-16,629.0065556618051
2003-04-17,627.0459672609179
2003-04-23,625.581310188649
2003-04-24,636.4413145598919
2003-04-25,640.1929437096752
2003-04-28,638.7184918658796
2003-04-29,634.7164069654065
2003-04-30,645.3988746744722
2003-05-01,647.0639964142399
2003-05-02,638.6053485893892
2003-05-05,643.3134307636528
2003-05-06,656.4009779063986
2003-05-07,670.098973081067
2003-05-08,674.7913691490547
2003-05-09,675.4507151636263
2003-05-12,681.3456865610301
2003-05-13,683.2763318695932
2003-05-14,696.6172160961347
2003-05-15,692.6352818223886
2003-05-16,711.0132727734172
2003-05-19,716.1852366872525
2003-05-20,734.5989518964144
2003-05-21,724.1187531307153
2003-05-22,738.0180687449666
2003-05-23,738.0180687449666
2003-05-29,768.9933688597866
2003-05-30,765.8982949870446
2003-06-02,736.653165158142
2003-06-03,775.3109306468159
2003-06-04,791.1872212702428
2003-06-05,770.7309726113904
2003-06-06,760.134605154584
2003-06-09,791.6538275018597
2003-06-10,831.2702088668485
2003-06-11,824.7374262024796
2003-06-12,835.5895354301001
2003-06-13,865.6169799132148
2003-06-16,827.1565226201382
2003-06-17,781.6690483121885
2003-06-18,745.1272156088735
2003-06-19,756.6409271207433
2003-06-20,740.3524739593387
2003-06-23,776.7402745874183
2003-06-24,796.8104868129709
2003-06-25,752.9168475656118
2003-06-26,693.738496219064
2003-06-27,688.700004283939
2003-06-30,703.0483789539576
2003-07-01,698.041845777932
2003-07-02,702.1282789884926
2003-07-03,675.448136790116
2003-07-09,682.0790817256645
2003-07-10,690.6336231332484
2003-07-11,704.3097480080645
2003-07-14,685.2447354801693
2003-07-15,643.8079348076012
2003-07-16,637.3817510590827
2003-07-17,636.0680218230165
2003-07-18,633.2415596227124
2003-07-21,606.261798553355
2003-07-22,610.1125221595686
2003-07-23,613.9795104767853
2003-07-24,609.1472117599527
2003-07-25,608.1973070928169
2003-07-28,599.6578808884243
2003-07-29,593.2483900017378
2003-07-30,595.7540999389869
2003-07-31,589.5684816863345
2003-08-01,589.3615028578824
2003-08-04,590.6414986764515
2003-08-05,590.6154727728699
2003-08-06,589.027475611724
2003-08-07,588.5576158714148
2003-08-08,588.35147056666
2003-08-11,589.7799538080118
2003-08-12,589.1499894692038
2003-08-13,596.5915729170919
2003-08-14,597.5756752937399
2003-08-15,595.2443807724192
2003-08-18,592.8920377503624
2003-08-19,586.4300450693875
2003-08-20,590.9191365625372
2003-08-21,596.1999579801486
2003-08-22,591.9284831489084
2003-08-25,596.1407804262765
2003-08-26,592.2837958235872
2003-08-27,596.2335313765897
2003-08-28,586.1543360482635
2003-08-29,587.7927644759624
2003-09-04,579.1361675520403
2003-09-05,563.6695398155224
2003-09-08,564.8758681448862
2003-09-09,563.5140260481049
2003-09-10,556.8611420888465
2003-09-11,560.0301323605443
2003-09-12,556.0971928243771
2003-09-15,554.6276445650309
2003-09-16,556.5642544109558
2003-09-17,553.5187262015861
2003-09-18,553.860796762531
2003-09-19,553.1372874856559
2003-09-22,554.5760718012804
2003-09-23,554.1098368650311
2003-09-24,552.5821880809859
2003-09-25,552.2514197293517
2003-09-26,551.5131663459866
2003-09-29,551.5608120719753
2003-09-30,552.2012672410312
2003-10-01,552.2012672410312
2003-10-02,550.7104107051368
2003-10-03,545.9385304878743
2003-10-06,547.3503499762356
2003-10-07,545.0874354469138
2003-10-08,545.5832748691423
2003-10-09,544.0481518784429
2003-10-10,545.5779045452281
2003-10-16,543.3076299641426
2003-10-17,545.5717185394188
2003-10-20,546.1560851432464
2003-10-21,546.2604727558294
2003-10-22,549.0013290184248
2003-10-23,548.2065470283551
2003-10-24,551.742446133634
2003-10-27,549.8831431913135
2003-10-28,553.1940224564346
2003-10-29,549.8470189397358
2003-10-30,546.6727835780796
2003-10-31,548.4659886431252
2003-11-03,545.7110747704894
2003-11-04,548.0339249941773
2003-11-05,545.8129155044261
2003-11-06,543.7258615008586
2003-11-07,542.333240573986
2003-11-10,542.1035450413925
2003-11-14,544.5830651011601
2003-11-17,546.2382975106358
2003-11-18,546.8743374064624
2003-11-19,544.0091444244567
2003-11-20,547.1917133859577
2003-11-21,547.375924757162
2003-11-24,543.4291681483879
2003-11-25,545.2368363496539
2003-11-26,542.2290616072487
2003-12-02,543.3656559599543
2003-12-03,541.4963726471597
2003-12-04,544.598682776474
2003-12-05,553.469688842012
2003-12-08,550.9209389133679
2003-12-09,546.2763874108422
2003-12-10,549.1231576126781
2003-12-11,554.4557640348795
2003-12-12,553.7392006812627
2003-12-15,551.9132481524781
2003-12-16,554.6239602941014
2003-12-17,557.6254431329022
2003-12-18,559.8559752534424
2003-12-19,560.6060982547314
2003-12-22,558.6715857492158
2003-12-23,550.0981380379533
2003-12-24,557.2249813613563
2003-12-30,554.5475289806309
2003-12-31,556.2175346954617
2004-01-06,565.8138738108067
2004-01-07,568.9376151692497
2004-01-08,569.1969178567562
2004-01-09,585.3823970339239
2004-01-12,585.9921389445092
2004-01-13,591.6962827826944
2004-01-14,594.6884352614628
2004-01-15,594.2381146403809
2004-01-16,589.1331627509923
2004-01-22,599.3618437151908
2004-01-23,585.0718885213005
2004-01-26,576.2762196874936
2004-01-27,585.0195319832995
2004-01-28,563.9285773360766
2004-01-29,565.8791431005211
2004-01-30,573.2613396292425
2004-02-02,572.1896550616701
2004-02-03,580.0891574576485
2004-02-04,577.5844043572786
2004-02-05,569.2270778749495
2004-02-06,583.2396382723542
2004-02-09,586.8241738625497
2004-02-10,581.6882442889835
2004-02-11,595.0828025475279
2004-02-12,591.4447517426206
2004-02-13,598.305030968577
2004-02-19,598.9595386292241
2004-02-20,591.6944375317904
2004-02-23,600.6381193482321
2004-02-24,604.2681675926154
2004-02-25,606.237035605633
2004-02-26,601.603253531179
2004-02-27,612.1396376277517
2004-03-01,610.4016247650608
2004-03-02,599.4669491512138
2004-03-03,597.715211143857
2004-03-04,605.4108959929853
2004-03-05,646.9529984971033
2004-03-08,656.5101426782919
2004-03-09,665.0612809991214
2004-03-10,662.1400283556871
2004-03-11,661.3163916179969
2004-03-12,659.3599594581277
2004-03-15,656.3983545313869
2004-03-16,674.6486589215277
2004-03-17,674.6486589215277
2004-03-18,658.1285327849232
2004-03-19,649.9778141234927
2004-03-22,667.2510335417621
2004-03-23,668.3120918255441
2004-03-24,670.2393714949798
2004-03-25,665.0969539990041
2004-03-26,635.0453109398852
2004-03-29,624.5711988627862
2004-03-30,622.2571903280414
2004-03-31,641.0751848564338
2004-04-01,623.5230012287273
2004-04-02,562.7970298969543
2004-04-05,552.2134549279469
2004-04-06,559.5759620311167
2004-04-07,560.1342331037275
2004-04-08,556.2185337765682
2004-04-14,552.3036249571122
2004-04-15,551.2889413333621
2004-04-16,556.3127831130303
2004-04-19,554.1811532855052
2004-04-20,551.1331753579158
2004-04-21,550.1577557979816
2004-04-22,553.2390193310476
2004-04-23,548.4267663953842
2004-04-26,549.1931268269567
2004-04-27,550.4955482931301
2004-04-28,548.5309223515285
2004-04-29,547.2756361223903
2004-04-30,547.924398667515
2004-05-03,547.924398667515
2004-05-04,547.8633209184094
2004-05-05,547.9997948848688
2004-05-06,548.3381847170095
2004-05-07,551.7470424476408
2004-05-10,551.4700467612768
2004-05-11,550.8173746938733
2004-05-12,551.6384072567407
2004-05-13,554.2692979015491
2004-05-14,549.2301186651281
2004-05-17,542.1392183280215
2004-05-18,545.1447522477009
2004-05-19,550.0773809966564
2004-05-20,544.0672575045452
2004-05-21,547.7178014585731
2004-05-24,545.5385747147263
2004-05-25,543.7490236740622
2004-05-26,537.0171472755064
2004-05-27,529.0570014506498
2004-05-28,535.7412943402337
2004-06-03,533.586067921591
2004-06-04,539.9378962892944
2004-06-07,537.6113495352924
2004-06-08,537.6113495352924
2004-06-09,541.8611660461015
2004-06-10,538.8979366564389
2004-06-16,542.408647276368
2004-06-17,539.4061453005725
2004-06-18,540.5650684474607
2004-06-21,538.7688521879364
2004-06-22,539.6967536168457
2004-06-23,538.8019385095547
2004-06-24,535.2492143155513
2004-06-25,535.1893688839152
2004-06-28,540.2521313681266
2004-06-29,537.9764443111933
2004-06-30,533.5203088946014
2004-07-01,531.7742576333852
2004-07-02,528.117059410117
2004-07-08,528.1149349160064
2004-07-09,528.2062220724566
2004-07-12,528.43805985086
2004-07-13,527.6821569727234
2004-07-14,527.5684400901997
2004-07-15,527.4648063731429
2004-07-16,532.3938346989643
2004-07-19,532.348458287583
2004-07-20,527.1407178950227
2004-07-21,525.4208829659653
2004-07-22,526.6601749751329
2004-07-23,528.5027597376611
2004-07-26,526.3040709661278
2004-07-27,518.7383661702582
2004-07-28,520.1861482602549
2004-07-29,521.3878660402258
2004-07-30,527.9451266700812
2004-08-02,529.3221612697878
2004-08-03,531.2401661763815
2004-08-04,530.6058912797881
2004-08-05,532.8852244391703
2004-08-06,550.1272804599056
2004-08-09,547.563747503015
2004-08-10,543.4585013887363
2004-08-11,545.0165683723633
2004-08-12,547.5481432826864
2004-08-13,552.4494062525923
2004-08-16,548.5165376210092
2004-08-17,555.3786390807636
2004-08-18,552.0715658455875
2004-08-19,554.535830196291
2004-08-20,551.3025632606862
2004-08-23,544.4030478154281
2004-08-24,545.0522834228254
2004-08-25,547.4093576827388
2004-08-26,553.7090288950191
2004-08-27,553.7090288950191
2004-08-30,560.9116485528032
2004-08-31,571.5887667422661
2004-09-01,575.0913953898296
2004-09-02,562.8893250254616
2004-09-03,542.877977166726
2004-09-09,539.0242711496112
2004-09-10,542.944073837819
2004-09-13,547.9537111422721
2004-09-14,551.9432806135767
2004-09-15,544.0725149871765
2004-09-16,563.1098940285331
2004-09-17,553.4630154607784
2004-09-20,567.3752340922576
2004-09-21,569.676500445471
2004-09-22,577.5491425711518
2004-09-23,567.0218864194137
2004-09-24,566.3363777684416
2004-09-27,573.4056130114956
2004-09-28,571.4492896831863
2004-09-29,552.0734334913425
2004-09-30,547.6452705958792
2004-10-01,533.6531614149072
2004-10-04,536.7247727649259
2004-10-05,538.487758691427
2004-10-06,527.4094642383671
2004-10-07,523.0015551662996
2004-10-08,544.0888560157198
2004-10-14,554.6006019300085
2004-10-15,547.1660428950546
2004-10-18,547.3554499933091
2004-10-19,548.51505114435
2004-10-20,557.4043795431783
2004-10-21,556.1937948072915
2004-10-22,560.1258639277542
2004-10-25,564.4019204792625
2004-10-26,562.18592468696
2004-10-27,541.277054366675
2004-10-28,543.8561049091342
2004-10-29,553.2634146622262
2004-11-01,542.182808432189
2004-11-02,544.67381183327
2004-11-03,546.6070296997266
2004-11-04,545.6293589351945
2004-11-05,524.1872298230709
2004-11-08,521.1450660607704
2004-11-09,521.2987528139822
2004-11-10,516.3853869750806
2004-11-16,514.2929603087797
2004-11-17,521.2980409120307
2004-11-18,522.3264736279432
2004-11-19,514.8208983337361
2004-11-22,516.0559554299789
2004-11-23,515.1335635990592
2004-11-24,514.3455469101566
2004-11-30,514.208697718463
2004-12-01,513.6540628193279
2004-12-02,513.2391970364805
2004-12-03,515.4827994528185
2004-12-06,515.756280243833
2004-12-07,515.756280243833
2004-12-08,516.8298969331064
2004-12-09,516.5577497168906
2004-12-10,516.8127915636674
2004-12-13,516.9073410934849
2004-12-14,517.3706047275474
2004-12-15,518.3588024511698
2004-12-16,515.6032259288575
2004-12-17,514.979937716517
2004-12-20,514.950293147216
2004-12-21,515.6637664414862
2004-12-22,514.9555370872117
2004-12-23,514.7718824180625
2004-12-29,513.9300133491739
2004-12-30,515.2375260400543
2004-12-31,516.1394682350059
2005-01-03,515.9128522973364
2005-01-04,514.0708964639728
2005-01-05,514.0708964639728
2005-01-06,514.3092497155999
2005-01-07,513.9741006310087
2005-01-10,513.99829542516
2005-01-11,514.5682565999967
2005-01-12,514.7292171948978
2005-01-13,515.8528394541654
2005-01-14,515.250573503652
2005-01-20,515.9933713890122
2005-01-21,517.1272874916698
2005-01-24,517.4407185812377
2005-01-25,514.7125141863347
2005-01-26,514.2632978969214
2005-01-27,513.554980970153
2005-01-28,516.6460829232268
2005-01-31,516.748338792793
2005-02-01,516.804437935087
2005-02-02,516.6213341400787
2005-02-03,514.7208887302648
2005-02-04,520.0353430319078
2005-02-07,520.9592371324788
2005-02-08,521.55966365717
2005-02-09,527.4866292922626
2005-02-10,521.0449991967455
2005-02-11,518.2064331797991
2005-02-14,519.8230952407591
2005-02-15,517.6965140338098
2005-02-16,511.722451444978
2005-02-17,510.3439764420358
2005-02-18,503.829029098684
2005-02-24,502.8916720303504
2005-02-25,503.3242678367773
2005-02-28,499.17822293552473
2005-03-01,498.7851472706212
2005-03-02,498.7851472706212
2005-03-03,498.5269083571563
2005-03-04,499.4350113017789
2005-03-07,499.52352261427484
2005-03-08,499.0940099930807
2005-03-09,499.21090899774185
2005-03-10,498.67849866499864
2005-03-11,500.184439356113
2005-03-14,499.6937938455993
2005-03-15,500.3451077340184
2005-03-16,498.7078293311162
2005-03-17,495.99874824503416
2005-03-18,497.8298165688844
2005-03-21,498.15509984999346
2005-03-22,505.16564862833457
2005-03-23,505.8343516121722
2005-03-24,504.6478490384647
2005-03-30,500.4956912107229
2005-03-31,491.1920720395854
2005-04-01,486.8656046662406
2005-04-04,486.35666751015725
2005-04-05,487.742696919496
2005-04-06,483.97262048863627
2005-04-07,487.59642933681374
2005-04-08,489.6278795998667
2005-04-11,485.17978449204395
2005-04-12,476.4530584939856
2005-04-13,476.35634366206824
2005-04-14,474.54442082664343
2005-04-15,468.5984700124177
2005-04-18,467.24029960009216
2005-04-19,465.0302672991709
2005-04-20,465.29438171230515
2005-04-21,467.28514023476373
2005-04-22,466.69608812313703
2005-04-25,466.71939275805937
2005-04-26,466.71843507286815
2005-04-27,466.9413534094294
2005-04-28,467.8940733279216
2005-04-29,467.03120701068474
2005-05-02,467.42510474931606
2005-05-03,466.6972564136671
2005-05-04,468.0925163031703
2005-05-05,470.1086484494608
2005-05-06,462.4458418458859
2005-05-09,461.6014830554983
2005-05-10,465.57651819025006
2005-05-11,466.69998086161775
2005-05-12,468.22666742591
2005-05-13,471.5560689383981
2005-05-16,471.64690378801043
2005-05-17,472.9435097930575
2005-05-18,477.96419604308966
2005-05-19,473.2350395318292
2005-05-20,472.0048476007676
2005-05-23,479.9593518071158
2005-05-24,488.2300775706155
2005-05-25,483.04791311615577
2005-05-26,479.7223771888075
2005-05-27,481.30926734009034
2005-06-02,483.54870716267504
2005-06-03,468.34007520155996
2005-06-06,472.2994383701831
2005-06-07,481.12976329814046
2005-06-08,475.8788979032586
2005-06-09,471.8415613704119
2005-06-10,457.08953626863814
2005-06-13,450.957231996691
2005-06-14,444.24902660601697
2005-06-15,443.56863678052144
2005-06-16,450.6511955044176
2005-06-17,447.96847885252606
2005-06-20,443.80999229370417
2005-06-21,452.57655500488073
2005-06-22,469.5150344227257
2005-06-23,466.9763049390749
2005-06-24,473.4367626831531
2005-06-27,475.67239801873325
2005-06-28,464.9354649253755
2005-06-29,461.39831760126964
2005-06-30,465.60731101919845
2005-07-01,450.3432214069436
2005-07-07,454.1835998712966
2005-07-08,444.4535370123808
2005-07-11,445.2224900638546
2005-07-12,441.1390467833632
2005-07-13,439.41538608602843
2005-07-14,437.2576707122404
2005-07-15,438.4136923377806
2005-07-18,435.7026530046272
2005-07-19,438.93251238004706
2005-07-20,440.71335548837254
2005-07-21,430.16045551100336
2005-07-22,433.61398653967126
2005-07-25,432.224664168565
2005-07-26,432.5133933136074
2005-07-27,431.22116344889827
2005-07-28,435.0359244137639
2005-07-29,430.1494066563832
2005-08-01,428.3884575410041
2005-08-02,427.86611368121135
2005-08-03,428.8950671800941
2005-08-04,428.31530378830286
2005-08-05,426.7977414160064
2005-08-08,426.5610001161617
2005-08-09,426.6183502523216
2005-08-10,426.6183502523216
2005-08-11,425.8805572139357
2005-08-12,424.7186636441101
2005-08-15,425.18221515393105
2005-08-16,424.2816145007926
2005-08-17,425.1374753416835
2005-08-18,423.6122345883225
2005-08-19,423.6122345883225
2005-08-22,423.59823674081997
2005-08-23,423.3884601714668
2005-08-24,423.34878069006345
2005-08-25,423.2448940876722
2005-08-26,423.39909311901016
2005-08-29,423.3412071367361
2005-08-30,423.2585005332805
2005-08-31,423.60361489083675
2005-09-01,423.9452041431985
2005-09-02,423.73901632258696
2005-09-08,423.73901632258696
2005-09-09,424.1826373139514
2005-09-12,421.3761378912463
2005-09-13,423.72238235674786
2005-09-14,421.69373215975094
2005-09-15,418.8718256355312
2005-09-16,416.0476927760608
2005-09-19,417.2857919355462
2005-09-20,416.91898710640595
2005-09-21,419.92905067397857
2005-09-22,420.8309747205707
2005-09-23,416.3120253489196
2005-09-26,414.1295649994432
2005-09-27,413.51552846802093
2005-09-28,414.55304752830455
2005-09-29,413.4882581691533
2005-09-30,411.7648817299993
2005-10-03,410.2584677647251
2005-10-04,410.4220417982917
2005-10-05,410.53256996618916
2005-10-06,410.53256996618916
2005-10-07,410.5488736261277
2005-10-13,411.2046000560664
2005-10-14,411.5590780998202
2005-10-17,411.72940255946617
2005-10-18,411.09327679428895
2005-10-19,410.0388088298803
2005-10-20,409.9005197181596
2005-10-21,405.6977595068168
2005-10-24,409.3471526962798
2005-10-25,413.57250697447057
2005-10-26,418.7307841572555
2005-10-27,416.00533734060133
2005-10-28,416.6770643763627
2005-10-31,416.2523651415722
2005-11-01,417.52508842338784
2005-11-02,421.3012670006544
2005-11-03,427.84817773109216
2005-11-04,428.72676837000574
2005-11-07,425.98384012116657
2005-11-08,415.63429941362966
2005-11-09,424.4950346469357
2005-11-10,414.7406715922499
2005-11-16,404.5705923064884
2005-11-17,400.8976538558377
2005-11-18,406.2882533878704
2005-11-21,401.1198765189183
2005-11-22,396.7368033147663
2005-11-23,401.997111908027
2005-11-29,409.6826992696162
2005-11-30,411.7739639960079
2005-12-01,414.3449180782642
2005-12-02,414.3449180782642
2005-12-05,418.70266224068456
2005-12-06,410.62129690940753
2005-12-07,412.37847278192163
2005-12-08,405.87340690099785
2005-12-09,413.35631559070424
2005-12-12,414.56124193833574
2005-12-13,412.6937026075404
2005-12-14,405.1229918632087
2005-12-15,405.87879459034787
2005-12-16,403.82314792258336
2005-12-19,403.82314792258336
2005-12-20,405.23340030561707
2005-12-21,406.9705026425121
2005-12-22,402.8147500281724
2005-12-23,398.3451506635115
2005-12-29,398.3451506635115
2005-12-30,399.42255970788165
2006-01-05,399.42255970788165
2006-01-06,400.30577021501495
2006-01-09,400.30577021501495
2006-01-10,401.92033940956594
2006-01-11,403.00826843529353
2006-01-12,401.2390354744705
2006-01-13,399.0927749297152
2006-01-19,400.03186408411403
2006-01-20,399.7513953507586
2006-01-23,399.58175083863836
2006-01-24,400.2563203194329
2006-01-25,402.5522630074646
2006-01-26,403.73533987505175
2006-01-27,403.1635185157381
2006-01-30,404.22365327601267
2006-01-31,404.5631527177927
2006-02-01,406.66009102273836
2006-02-02,406.66009102273836
2006-02-03,405.2868878660233
2006-02-06,405.8514792529226
2006-02-07,407.09214049360804
2006-02-08,409.81142990248946
2006-02-09,408.571283642383
2006-02-10,412.58885586178025
2006-02-13,412.0105388295465
2006-02-14,415.4541521971952
2006-02-15,415.11546090795196
2006-02-16,413.2891637371416
2006-02-17,405.1699284922757
2006-02-23,412.6771101410809
2006-02-24,413.05356756382645
2006-02-27,416.5664639111876
2006-02-28,406.8193505938251
2006-03-01,411.338982597934
2006-03-02,419.7780058093392
2006-03-03,426.7408326178418
2006-03-06,434.78940142307465
2006-03-07,433.94545007956265
2006-03-08,433.044975323937
2006-03-09,431.1378182514888
2006-03-10,434.6319474950384
2006-03-13,438.3199255787916
2006-03-14,418.8184205595421
2006-03-15,423.5685604170751
2006-03-16,404.53825460909184
2006-03-17,408.1844141139329
2006-03-20,404.52615596978444
2006-03-21,416.10112679343825
2006-03-22,415.3277996688697
2006-03-23,421.99980233265615
2006-03-24,409.629812300338
2006-03-27,413.6014680882119
2006-03-28,426.0007803671029
2006-03-29,429.9053138817399
2006-03-30,436.93360016670783
2006-03-31,435.0096101048723
2006-04-03,439.41651110896703
2006-04-04,438.5752056154742
2006-04-05,431.10732889269343
2006-04-06,438.954293950506
2006-04-07,450.61710527287255
2006-04-10,450.15864080794944
2006-04-11,443.8934402272862
2006-04-12,453.6623499323214
2006-04-19,461.5650180958651
2006-04-20,463.73373056878125
2006-04-21,460.9230742366047
2006-04-24,454.6045006561683
2006-04-25,473.52567845857783
2006-04-26,481.93312353182927
2006-04-27,471.41667853559113
2006-04-28,465.06971108466774
2006-05-01,481.28330861213396
2006-05-02,477.2186448999144
2006-05-03,486.12383362578163
2006-05-04,487.9697081609396
2006-05-05,475.79258503952747
2006-05-08,478.9126954783566
2006-05-09,479.5560506708931
2006-05-10,481.53998286464093
2006-05-11,487.6693563740166
2006-05-12,500.3369485468124
2006-05-15,489.49154922167406
2006-05-16,474.5036990890152
2006-05-17,485.30696738661624
2006-05-18,463.33745149202014
2006-05-19,460.92398525420634
2006-05-22,455.51426147435325
2006-05-23,462.58068644423804
2006-05-24,454.90322283048886
2006-05-25,464.6028822410641
2006-05-26,459.4890221899299
2006-06-01,457.40988721249056
2006-06-02,428.65979807025525
2006-06-05,433.90391714511406
2006-06-06,431.7131744904991
2006-06-07,435.24608262876717
2006-06-08,430.7421143714553
2006-06-09,429.75365511898866
2006-06-12,430.39038812617605
2006-06-13,426.68004318983674
2006-06-14,438.3075720740117
2006-06-15,443.55361298236284
2006-06-16,446.70511565386903
2006-06-19,448.86146516316234
2006-06-20,450.53772985687095
2006-06-21,450.53772985687095
2006-06-22,456.2788739904711
2006-06-23,460.345660625651
2006-06-26,460.67640194617957
2006-06-27,456.4668867846761
2006-06-28,461.4882952921317
2006-06-29,453.6189891373597
2006-06-30,443.01488994321403
2006-07-03,444.68628669435566
2006-07-07,437.4707314078898
2006-07-10,437.18462357120956
2006-07-11,433.59606142978134
2006-07-12,433.59606142978134
2006-07-13,430.43125703976625
2006-07-14,429.10387007429097
2006-07-17,429.9096718246951
2006-07-18,435.27143421629086
2006-07-19,429.4256924525999
2006-07-20,427.552113410754
2006-07-21,428.00493410683174
2006-07-24,428.00493410683174
2006-07-25,428.6506542957105
2006-07-26,427.7747835743133
2006-07-27,427.7747835743133
2006-07-28,427.01174814915214
2006-07-31,426.994707828143
2006-08-01,426.994707828143
2006-08-02,427.2905064951072
2006-08-03,427.3520142076329
2006-08-04,429.41718823349123
2006-08-07,428.1751678169218
2006-08-08,428.58803145901936
2006-08-09,428.0943918877793
2006-08-10,427.9051802729686
2006-08-11,423.85732763405343
2006-08-14,420.4015756366454
2006-08-15,426.83062081742423
2006-08-16,432.5954850252427
2006-08-17,431.91692025793145
2006-08-18,435.1593165000922
2006-08-21,436.53035118010433
2006-08-22,437.1360644324374
2006-08-23,435.80883771466966
2006-08-24,436.52216133497774
2006-08-25,438.8229632450199
2006-08-28,436.3515677240738
2006-08-29,437.2172505762724
2006-08-30,441.80179775523175
2006-08-31,449.081588359585
2006-09-01,450.61841001835023
2006-09-07,452.4494238460398
2006-09-08,459.4859884000344
2006-09-11,450.78724080325907
2006-09-12,458.09952061289295
2006-09-13,460.86034269807084
2006-09-14,451.45577122332475
2006-09-15,448.60667628284193
2006-09-18,443.53365815213783
2006-09-19,468.88684734598957
2006-09-20,469.5444258377224
2006-09-21,494.36529638040804
2006-09-22,509.5135284649312
2006-09-25,520.5684712540268
2006-09-26,511.661975967841
2006-09-27,509.35311188513595
2006-09-28,499.60871467569837
2006-09-29,494.66003081725427
2006-10-02,502.29947772882014
2006-10-03,502.29947772882014
2006-10-04,524.522769852969
2006-10-05,504.731952245853
2006-10-06,467.79990686144794
2006-10-12,470.59980556246705
2006-10-13,462.8190135822085
2006-10-16,469.03941335402345
2006-10-17,473.2254772991125
2006-10-18,475.3452613783936
2006-10-19,469.6188142496123
2006-10-20,468.9111398499495
2006-10-23,457.55154031674977
2006-10-24,456.8791930108454
2006-10-25,470.8967259808496
2006-10-26,487.2904738037672
2006-10-27,498.9211996991254
2006-10-30,498.9211996991254
2006-10-31,519.3639468315197
2006-11-01,532.8871764939992
2006-11-02,523.0233010628469
2006-11-03,484.5532774927233
2006-11-06,486.1796963228878
2006-11-07,498.2981617426279
2006-11-08,504.9887810683668
2006-11-09,505.56307002010044
2006-11-10,513.8311510579921
2006-11-13,508.9533319689461
2006-11-14,518.2288492391826
2006-11-15,503.562232292073
2006-11-16,492.5851374132572
2006-11-17,508.51869160255603
2006-11-20,510.28262754837056
2006-11-21,515.1092912879589
2006-11-22,518.2160818949029
2006-11-28,526.1098007605436
2006-11-29,520.6755636429276
2006-11-30,538.5402690147193
2006-12-01,552.3824625692612
2006-12-04,550.9500517842499
2006-12-05,549.4590787794791
2006-12-06,533.9995700035192
2006-12-07,533.9995700035192
2006-12-08,509.5083361688343
2006-12-11,518.967665373189
2006-12-12,529.9129828842855
2006-12-13,503.47470988767213
2006-12-14,497.52352762927785
2006-12-15,497.52352762927785
2006-12-18,498.682990364064
2006-12-19,497.5253638107427
2006-12-20,497.5253638107427
2006-12-21,510.1229447395512
2006-12-22,490.8987601032926
2006-12-28,483.345889460089
2006-12-29,480.2455929629291
2007-01-04,486.19065702059675
2007-01-05,482.77875303783037
2007-01-08,481.7011259989866
2007-01-09,481.7011259989866
2007-01-10,479.7269606915761
2007-01-11,474.1751795351558
2007-01-12,471.8093581374663
2007-01-18,472.8929275845148
2007-01-19,472.34370165307433
2007-01-22,472.61565858686856
2007-01-23,472.21193660237367
2007-01-24,472.2129486694699
2007-01-25,472.8304830548383
2007-01-26,473.0578562907378
2007-01-29,473.4179894760279
2007-01-30,472.67427041911117
2007-01-31,469.90692407009027
2007-02-01,470.5801040226282
2007-02-02,470.1997329323035
2007-02-05,468.5158398338847
2007-02-06,464.4803393064764
2007-02-07,461.83886057025603
2007-02-08,461.407403831378
2007-02-09,466.13789218003757
2007-02-12,467.84968200949555
2007-02-13,468.75569628813605
2007-02-14,460.54090921054814
2007-02-15,458.0792751564432
2007-02-16,457.3029899319227
2007-02-22,459.78478981230666
2007-02-23,456.40577009399107
2007-02-26,453.65932305897917
2007-02-27,447.3860673832656
2007-02-28,448.37332836972325
2007-03-01,448.37332836972325
2007-03-02,448.08646974165913
2007-03-05,448.0658527856483
2007-03-06,447.856097194013
2007-03-07,448.6551250783036
2007-03-08,448.49156370295196
2007-03-09,444.4637621018437
2007-03-12,446.3316233928663
2007-03-13,449.8115961153963
2007-03-14,448.5071783013196
2007-03-15,447.6257914885707
2007-03-16,446.81648280862476
2007-03-19,444.89050120837146
2007-03-20,446.7199880069919
2007-03-21,449.8376311287735
2007-03-22,443.5692582657949
2007-03-23,441.5793560616903
2007-03-26,443.58380486957964
2007-03-27,441.93518826455414
2007-03-28,441.5186913215218
2007-03-29,439.8292414784444
2007-03-30,438.1513169584342
2007-04-02,438.5624027299821
2007-04-03,436.5213179896641
2007-04-04,438.0902085675885
2007-04-05,436.15605684362356
2007-04-06,429.5026832707006
2007-04-09,429.7876608225574
2007-04-10,431.04723281629384
2007-04-11,430.372632780268
2007-04-12,430.372632780268
2007-04-13,429.3702090469387
2007-04-16,430.01065420229986
2007-04-17,431.10969472962404
2007-04-18,431.71978200641314
2007-04-19,431.63105868943035
2007-04-20,431.63105868943035
2007-04-23,431.9987521541047
2007-04-24,432.69692075375997
2007-04-25,432.10757364821586
2007-04-26,430.9649700931465
2007-04-27,430.7338161583738
2007-04-30,432.4274870690859
2007-05-01,431.9768387838432
2007-05-02,431.85325790185834
2007-05-03,430.91959860717895
2007-05-04,431.94266855913605
2007-05-07,432.07816692275065
2007-05-08,432.22622446504664
2007-05-09,430.6054274103501
2007-05-10,431.4984096218188
2007-05-11,430.58433037801757
2007-05-14,430.006912847428
2007-05-15,429.3522887640413
2007-05-16,429.3522887640413
2007-05-17,428.4757675982105
2007-05-18,428.02883318722206
2007-05-21,427.99555713574637
2007-05-22,428.5130104240554
2007-05-23,429.08822719031326
2007-05-24,429.2686845464515
2007-05-25,429.5160880596497
2007-05-31,431.44646794635327
2007-06-01,439.0889990695328
2007-06-04,436.76163190416065
2007-06-05,443.27128452568314
2007-06-06,440.4094719645933
2007-06-07,460.0483889418047
2007-06-08,462.9581713155191
2007-06-11,465.45187916754924
2007-06-12,486.08307462215504
2007-06-13,480.3748242595832
2007-06-14,483.49283163035545
2007-06-15,470.8419247593735
2007-06-18,463.812054898758
2007-06-19,446.7239249387305
2007-06-20,457.24765204520537
2007-06-21,465.82264949230154
2007-06-22,456.7711490063314
2007-06-25,438.4388564945575
2007-06-26,443.36136371624485
2007-06-27,434.44008400578286
2007-06-28,445.8173538444978
2007-06-29,425.05498472427814
2007-07-02,416.82056524291966
2007-07-03,429.48799436551883
2007-07-09,421.5490867914369
2007-07-10,393.5365530616192
2007-07-11,398.95291915896473
2007-07-12,407.995803492847
2007-07-13,407.08918779761615
2007-07-16,393.43275768284826
2007-07-17,400.94164913629237
2007-07-18,387.627214023925
2007-07-19,389.889748549296
2007-07-20,377.9270917751684
2007-07-23,379.2685815364614
2007-07-24,375.9930727957081
2007-07-25,370.97695204255876
2007-07-26,353.3867858004
2007-07-27,355.1175450446125
2007-07-30,357.50827950308854
2007-07-31,354.93562888962344
2007-08-01,354.6068096006342
2007-08-02,354.6068096006342
2007-08-03,351.18199658049286
2007-08-06,352.4652456612822
2007-08-07,353.18345452513887
2007-08-08,356.4727612854381
2007-08-09,354.4931739139388
2007-08-10,354.106074665097
2007-08-13,354.03189446982555
2007-08-14,353.46103660974677
2007-08-15,353.2351736438448
2007-08-16,353.4731311636506
2007-08-17,353.00551364276816
2007-08-20,353.5249687590904
2007-08-21,354.76356212086773
2007-08-22,353.45254466835456
2007-08-23,353.2555706946388
2007-08-24,352.10083084224885
2007-08-27,353.6541273103659
2007-08-28,359.75683119934746
2007-08-29,357.8885760548486
2007-08-30,362.7303362812903
2007-08-31,358.1640448377957
2007-09-06,355.0395859722812
2007-09-07,371.15310425356876
2007-09-10,374.3436725797767
2007-09-11,368.8071725413686
2007-09-12,364.0434803201719
2007-09-13,355.20695417830933
2007-09-14,358.4889305359681
2007-09-17,357.3390474016806
2007-09-18,359.1341146601401
2007-09-19,353.5006867092033
2007-09-20,334.5898572875381
2007-09-21,338.84257509517283
2007-09-24,339.38143600528673
2007-09-25,341.5672612650637
2007-09-26,341.5672612650637
2007-09-27,347.21594833048295
2007-09-28,345.4884565834542
2007-10-01,346.6561529658164
2007-10-02,351.7295536345128
2007-10-03,348.9757956665511
2007-10-04,352.07098079358605
2007-10-05,334.5796468285485
2007-10-11,333.82470832172606
2007-10-12,330.82023492246736
2007-10-15,333.2673973252895
2007-10-16,335.95227632379465
2007-10-17,347.95089212403775
2007-10-18,352.83236597007283
2007-10-19,363.1731074324787
2007-10-22,362.68803501011047
2007-10-23,362.43181392616793
2007-10-24,371.3273357227632
2007-10-25,368.25288474228455
2007-10-26,364.17388227090964
2007-10-29,364.4727949152092
2007-10-30,364.4727949152092
2007-10-31,351.20431205623584
2007-11-06,345.9731224699196
2007-11-07,351.3476557240401
2007-11-08,359.5853234686116
2007-11-09,366.13227919296827
2007-11-15,381.24713153000147
2007-11-16,382.7105534819031
2007-11-19,393.78403976703066
2007-11-20,396.631298766815
2007-11-21,401.67807116440616
2007-11-27,388.1603438867086
2007-11-28,376.21775811251206
2007-11-29,387.26124771409775
2007-11-30,385.95154056848855
2007-12-03,400.95958646598524
2007-12-04,402.0123975368182
2007-12-05,402.0123975368182
2007-12-06,388.4631707805429
2007-12-07,368.5558176954983
2007-12-10,364.48733413693566
2007-12-11,391.3304599984703
2007-12-12,377.9279631551772
2007-12-13,366.91645641964703
2007-12-14,358.659787721367
2007-12-17,365.2597113675504
2007-12-18,374.873533013745
2007-12-19,381.97856547893457
2007-12-20,388.0580953737597
2007-12-21,366.41429733824833
2007-12-24,360.4079367651348
2007-12-28,371.4884753498029
2007-12-31,379.36802471828406
2008-01-04,390.45607839977566
2008-01-07,393.49694137358966
2008-01-08,393.49694137358966
2008-01-09,399.43909408005567
2008-01-10,386.4642145846809
2008-01-11,398.2889431032005
2008-01-14,399.49536151750664
2008-01-15,411.3499720347859
2008-01-16,410.0654890514774
2008-01-17,421.0199107866386
2008-01-18,423.77463913965823
2008-01-24,386.6662947099628
2008-01-25,393.6138061787334
2008-01-28,392.72621789415416
2008-01-29,383.716764163649
2008-01-30,373.7750349042959
2008-01-31,386.6685476448568
2008-02-01,392.5378537539127
2008-02-04,388.2614293310308
2008-02-05,399.6548522047809
2008-02-06,397.3503557411541
2008-02-07,382.7620947250447
2008-02-08,392.2149884948306
2008-02-11,396.5716567955512
2008-02-12,388.7864235428374
2008-02-13,390.416379601653
2008-02-14,377.20139441839723
2008-02-15,380.49962990449313
2008-02-21,398.66158407962376
2008-02-22,398.8849910758203
2008-02-25,386.13786871115474
2008-02-26,390.5199079533329
2008-02-27,391.36077046367046
2008-02-28,406.21413840081476
2008-02-29,426.0957605197781
2008-03-03,425.1250387272364
2008-03-07,435.2849977515521
2008-03-10,446.33547004357155
2008-03-11,425.57999692947203
2008-03-12,439.7320118770426
2008-03-13,438.3960015124348
2008-03-14,457.41959833695927
2008-03-17,468.4383233531981
2008-03-18,454.0726001110279
2008-03-19,465.0240330375722
2008-03-20,468.34067330599004
2008-03-26,470.66333207476674
2008-03-27,464.8957620993869
2008-03-28,471.7138311608352
2008-03-31,476.8875607095592
2008-04-01,450.2235135076109
2008-04-02,444.4843072700217
2008-04-03,444.4843072700217
2008-04-04,462.0577326050909
2008-04-07,445.50868016125366
2008-04-08,445.21212517000464
2008-04-09,459.05886127480767
2008-04-10,446.4913230999531
2008-04-11,458.9656368311894
2008-04-14,453.5159576169687
2008-04-15,443.4964459536175
2008-04-16,428.0775834662168
2008-04-17,423.921526538465
2008-04-18,420.093986744884
2008-04-21,424.4023278413591
2008-04-22,421.97229316110355
2008-04-23,419.02983530494663
2008-04-24,406.0993568376806
2008-04-25,402.2248483954173
2008-04-28,406.4382299443807
2008-04-29,407.13044399482
2008-04-30,413.2710299471448
2008-05-01,412.14513035331146
2008-05-02,401.2358938845126
2008-05-05,402.6497908062529
2008-05-06,399.6829868348557
2008-05-07,402.9156983691329
2008-05-08,411.1029751368572
2008-05-09,414.17093998897514
2008-05-12,413.8084127932868
2008-05-13,400.89745258452575
2008-05-14,397.36481140357586
2008-05-15,404.02377428606087
2008-05-16,403.47246041770325
2008-05-19,405.0910584442691
2008-05-20,409.88241339294814
2008-05-21,407.1206045883967
2008-05-22,399.64620272581533
2008-05-23,405.30327027892116
2008-05-29,402.42989794852315
2008-05-30,403.7872890234902
2008-06-02,408.361077099182
2008-06-03,412.44782839308067
2008-06-04,411.39193022684356
2008-06-05,408.0741578117819
2008-06-06,411.5977294582212
2008-06-09,408.22974171780197
2008-06-10,403.85036178336577
2008-06-11,404.87840891800147
2008-06-12,400.9222960597956
2008-06-13,399.94736405915285
2008-06-16,400.4524146259107
2008-06-17,401.2648504656481
2008-06-18,402.4208267089067
2008-06-19,401.5566919837429
2008-06-20,402.3641853537292
2008-06-23,402.09152762205684
2008-06-24,402.7857015155977
2008-06-25,402.62918943425126
2008-06-26,403.49135912228365
2008-06-27,403.68594788936383
2008-06-30,403.8138861754418
2008-07-01,403.7381208146381
2008-07-02,404.3737839800015
2008-07-03,404.6767352325009
2008-07-09,405.5831401258836
2008-07-10,406.2517299955143
2008-07-11,400.7263285135737
2008-07-14,402.8565182712896
2008-07-15,404.6896770953948
2008-07-16,402.3205358694157
2008-07-17,398.0070482045842
2008-07-18,396.89974859889946
2008-07-21,397.48479117800997
2008-07-22,396.408593467618
2008-07-23,394.8682717979611
2008-07-24,398.3166292312586
2008-07-25,396.32462583010346
2008-07-28,398.4039438179454
2008-07-29,398.0204103988473
2008-07-30,398.0204103988473
2008-07-31,399.7990975873602
2008-08-01,400.3228596961769
2008-08-04,399.79660749152595
2008-08-05,399.3783569628599
2008-08-06,398.69976067753345
2008-08-07,402.1992092054652
2008-08-08,401.2891443533241
2008-08-11,399.76303638581527
2008-08-12,402.7806115774532
2008-08-13,401.6046775728875
2008-08-14,403.2267764948499
2008-08-15,404.4413901835695
2008-08-18,405.8463455819347
2008-08-19,405.1946674392715
2008-08-20,407.4023907630228
2008-08-21,405.286690936141
2008-08-22,403.3606176612717
2008-08-25,408.7175667150434
2008-08-26,408.500625837362
2008-08-27,410.01657849437345
2008-08-28,409.1378698241166
2008-08-29,407.53759434967367
2008-09-04,410.70472709673885
2008-09-05,407.5070478523105
2008-09-08,405.3660085177419
2008-09-09,410.7821199731017
2008-09-10,406.23406188595015
2008-09-11,408.16803074032026
2008-09-12,399.94234410508034
2008-09-15,422.30589712049095
2008-09-16,419.45748635836446
2008-09-17,427.33895824018254
2008-09-18,426.58600491538533
2008-09-19,397.1905859877821
2008-09-22,393.8002943859404
2008-09-23,391.93153960366976
2008-09-24,394.3827507504822
2008-09-25,388.57811580884106
2008-09-26,391.4517192156568
2008-09-29,402.138573444512
2008-09-30,391.0193639277673
2008-10-01,393.32197904986447
2008-10-02,395.3082353973026
2008-10-03,397.7624522149338
2008-10-06,407.5423343913504
2008-10-07,403.5732822782161
2008-10-08,392.91768849976137
2008-10-09,387.0358465359235
2008-10-10,387.0957400706277
2008-10-16,388.1412317675043
2008-10-17,386.9815279775425
2008-10-20,390.21285144549046
2008-10-21,394.4596358073757
2008-10-22,396.583187064137
2008-10-23,398.3410947531298
2008-10-24,396.0803791785635
2008-10-27,396.0803791785635
2008-10-28,393.51695209392955
2008-10-29,392.5285493483712
2008-10-30,390.9120232553886
2008-10-31,389.27289246128583
2008-11-03,391.54978027048696
2008-11-04,395.71170041336325
2008-11-05,396.7386841681326
2008-11-06,396.7386841681326
2008-11-07,395.3872425216608
2008-11-10,397.05043663321146
2008-11-14,399.0806975217844
2008-11-17,401.25461071855426
2008-11-18,405.62921412605203
2008-11-19,409.17230755709045
2008-11-20,416.3863673746011
2008-11-21,415.168182390483
2008-11-24,408.90266290279885
2008-11-25,419.22613005183536
2008-11-26,426.19320398352335
2008-12-02,428.0297730174607
2008-12-03,433.5573300723172
2008-12-04,441.3472971084782
2008-12-05,428.9149978485843
2008-12-08,426.2685551847266
2008-12-09,431.9860705764562
2008-12-10,426.24698510036234
2008-12-11,438.9009183252641
2008-12-12,443.10911288330084
2008-12-15,447.5736025505785
2008-12-16,471.63704608836633
2008-12-17,483.30057298868167
2008-12-18,489.42542546306134
2008-12-19,474.68063101443585
2008-12-22,473.77458970462254
2008-12-23,477.09962902154325
2008-12-24,470.34773084796984
2008-12-30,462.49501749973854
2008-12-31,435.4067155449764
2009-01-06,438.3414228223981
2009-01-07,440.3376083896525
2009-01-08,453.82073093218304
2009-01-09,457.7195887423173
2009-01-12,471.08770644233323
2009-01-13,469.16187404375034
2009-01-14,482.66845206555115
2009-01-15,483.5398372929054
2009-01-16,474.24623214176273
2009-01-22,463.70251253645705
2009-01-23,459.7714738439513
2009-01-26,455.61792177108
2009-01-27,473.0477109642319
2009-01-28,458.8201725715746
2009-01-29,443.2290963768062
2009-01-30,441.0170538801768
2009-02-02,455.5773576686581
2009-02-03,439.58643681760634
2009-02-04,434.16629777711177
2009-02-05,437.33998092377374
2009-02-06,430.88590347951447
2009-02-09,427.8946089098254
2009-02-10,444.55172176183356
2009-02-11,450.42356993659087
2009-02-12,455.3558722080533
2009-02-13,440.39284989792026
2009-02-19,431.09330636494417
2009-02-20,436.82464190882655
2009-02-23,435.8324525828067
2009-02-24,433.70012910216155
2009-02-25,425.54770587540185
2009-02-26,427.14124005042953
2009-02-27,426.8917055389791
2009-03-02,433.505636255387
2009-03-03,431.9319487664382
2009-03-04,428.65494288717497
2009-03-05,435.00102392000633
2009-03-06,435.11475962926045
2009-03-09,434.21240429215675
2009-03-10,431.34192420181955
2009-03-11,433.27875793525135
2009-03-12,434.5583514847002
2009-03-13,435.0450821270079
2009-03-16,433.6330759229016
2009-03-17,431.843633885741
2009-03-18,444.14539200242064
2009-03-19,442.4981246934271
2009-03-20,442.6066825311973
2009-03-23,441.83783636257107
2009-03-24,441.5727389170141
2009-03-25,438.4661740778327
2009-03-26,439.98004145140976
2009-03-27,438.897725685647
2009-03-30,440.3996605413522
2009-03-31,441.5272213943947
2009-04-01,442.30115848257856
2009-04-02,438.65096570825995
2009-04-03,432.9717722739634
2009-04-06,432.4983324342128
2009-04-07,433.7902286422222
2009-04-08,435.9074955788456
2009-04-09,434.300403694784
2009-04-15,435.0500114644281
2009-04-16,432.86524393977794
2009-04-17,429.3575138944688
2009-04-20,431.99808157347184
2009-04-21,429.8271715011184
2009-04-22,428.20905992297844
2009-04-23,428.704983357315
2009-04-24,427.07532850588274
2009-04-27,429.21560361798424
2009-04-28,427.5031124260454
2009-04-29,426.1120593537842
2009-04-30,425.6826047504343
2009-05-01,425.2986625723688
2009-05-04,425.57736456185245
2009-05-05,425.6502417046769
2009-05-06,425.85967126465334
2009-05-07,424.8647044745286
2009-05-08,424.95115697144945
2009-05-11,425.4002130468979
2009-05-12,425.4115881109088
2009-05-13,425.5259224500623
2009-05-14,425.5107407917137
2009-05-15,425.4771327273244
2009-05-18,425.37043981479286
2009-05-19,425.3793649063599
2009-05-20,425.29434307111256
2009-05-21,425.75295656594136
2009-05-22,426.34603349835743
2009-05-28,426.4278200414438
2009-05-29,422.96533394225645
2009-06-01,428.3842691131097
2009-06-02,427.7510114460141
2009-06-03,425.3041618587255
2009-06-04,430.6104741877899
2009-06-05,438.5879916937815
2009-06-08,439.4150674860122
2009-06-09,436.7657785045152
2009-06-10,438.8437936739583
2009-06-11,434.0222758198409
2009-06-12,431.61165577697346
2009-06-15,427.79411276442306
2009-06-16,425.5606459587766
2009-06-17,423.2519907348314
2009-06-18,435.0897857291538
2009-06-19,431.9011643604437
2009-06-22,424.87158668681013
2009-06-23,421.75032817297745
2009-06-24,424.4737132273328
2009-06-25,414.9010532515712
2009-06-26,413.1038922978213
2009-06-29,412.69067311781686
2009-06-30,414.34352311729833
2009-07-01,414.34352311729833
2009-07-02,409.19205193506787
2009-07-08,398.74463168619957
2009-07-09,403.7166762692689
2009-07-10,398.54583891040465
2009-07-13,400.60396813986443
2009-07-14,403.4399615584309
2009-07-15,408.781558602317
2009-07-16,407.3012176398996
2009-07-17,410.21884096437196
2009-07-20,407.36683690011023
2009-07-21,403.8268527275019
2009-07-22,406.1172576239759
2009-07-23,411.0214294418525
2009-07-24,409.6563224751023
2009-07-27,410.9766822186514
2009-07-28,410.8468841293485
2009-07-29,411.181616418468
2009-07-30,410.35098627173136
2009-07-31,405.4119552577728
2009-08-03,409.8383399566362
2009-08-04,410.3886994482826
2009-08-05,412.52595404832454
2009-08-06,411.54575165487415
2009-08-07,415.051315826454
2009-08-10,411.89672599193983
2009-08-11,409.8632474511053
2009-08-12,409.51358567840657
2009-08-13,405.70667228679326
2009-08-14,404.66687044813955
2009-08-17,402.75013229805853
2009-08-18,403.5971902424717
2009-08-19,402.0591447861899
2009-08-20,401.63259759411847
2009-08-21,404.2039731633638
2009-08-24,403.20332986871443
2009-08-25,402.49750923876445
2009-08-26,402.2473192029131
2009-08-27,402.49142719132243
2009-08-28,402.1838946765914
2009-08-31,401.563511518205
2009-09-01,401.306119411832
2009-09-02,401.12436398127
2009-09-03,401.0521030321872
2009-09-04,400.53132529271903
2009-09-10,402.0106425018336
2009-09-11,402.15607053012343
2009-09-14,401.14148365562016
2009-09-15,400.210495053156
2009-09-16,399.3928515241093
2009-09-17,400.8518689463277
2009-09-18,399.1508091976654
2009-09-21,399.0571619465398
2009-09-22,399.7252090727411
2009-09-23,401.01361153637976
2009-09-24,401.9131764793245
2009-09-25,402.95716606905046
2009-09-28,403.7946030939695
2009-09-29,404.29875364717714
2009-09-30,404.4592749186699
2009-10-01,409.77180085399175
2009-10-02,409.4902092078219
2009-10-05,409.2775590991172
2009-10-06,408.80438922758566
2009-10-07,413.72264113059856
2009-10-08,408.6953221826246
2009-10-09,400.68265660957644
2009-10-15,397.57256163025596
2009-10-16,400.30800344224133
2009-10-19,401.1282121565653
2009-10-20,404.16982484694717
2009-10-21,399.46250758996104
2009-10-22,399.1318721464152
2009-10-23,396.5318212460262
2009-10-26,393.1591014177311
2009-10-27,398.12020681439367
2009-10-28,399.89679958618734
2009-10-29,397.02752693872776
2009-10-30,401.53116914283993
2009-11-02,400.9227347347701
2009-11-03,399.2952281061412
2009-11-04,397.6925596103636
2009-11-05,398.8669032031235
2009-11-06,400.4656696840404
2009-11-09,400.980325512014
2009-11-10,401.20731557048475
2009-11-11,403.4716781998422
2009-11-12,402.8999514253853
2009-11-13,403.07154490525335
2009-11-16,407.31378731951304
2009-11-17,407.68957429062976
2009-11-18,405.62467056435275
2009-11-19,407.13994045957537
2009-11-20,406.4442013239067
2009-11-23,406.93554287214715
2009-11-24,410.8469771646731
2009-11-25,414.1579898438353
2009-12-01,409.6720712716042
2009-12-02,404.57751707709673
2009-12-03,400.2846937314831
2009-12-04,390.35279820118393
2009-12-07,393.71330915499686
2009-12-08,398.9430404028302
2009-12-09,397.705047193487
2009-12-10,393.600646156335
2009-12-11,389.49332051288354
2009-12-14,388.67753906165257
2009-12-15,385.73275295105225
2009-12-16,386.4050538665877
2009-12-17,390.8607904031617
2009-12-18,388.5824295741183
2009-12-21,384.2451975996039
2009-12-22,382.8636284473422
2009-12-23,382.5825809440075
2009-12-24,381.85739099564995
2009-12-30,381.56328099518487
2009-12-31,382.4217025752315
2010-01-06,383.43409699858597
2010-01-07,384.02779959820623
2010-01-08,383.0458139860162
2010-01-11,383.0458139860162
2010-01-12,378.7478179954525
2010-01-13,380.7382430879847
2010-01-14,378.70963250955316
2010-01-15,375.7679668805477
2010-01-21,374.12328740206834
2010-01-22,373.79925038524283
2010-01-25,374.3035504616679
2010-01-26,374.0688337823367
2010-01-27,374.42010454108566
2010-01-28,374.34128944056226
2010-01-29,373.7475335106235
2010-02-01,373.94611436200034
2010-02-02,373.9070746527795
2010-02-03,373.80376366327937
2010-02-04,374.09672318967245
2010-02-05,374.6765237321643
2010-02-08,374.03781359521145
2010-02-09,373.47476536552983
2010-02-10,372.59790093994667
2010-02-11,372.1923734251154
2010-02-12,373.14670415277203
2010-02-18,371.50806904412593
2010-02-19,371.45971134285173
2010-02-22,371.45971134285173
2010-02-23,373.6557176952921
2010-02-24,373.7330903902464
2010-02-25,374.9441400887223
2010-02-26,375.97455244809737
2010-03-01,375.64677084431804
2010-03-02,375.70886193115507
2010-03-03,375.7784678791811
2010-03-04,376.24087257102457
2010-03-05,373.6874524818824
2010-03-08,373.0096333030979
2010-03-09,373.7883653904941
2010-03-10,372.71121690409655
2010-03-11,372.16873886649927
2010-03-12,372.25937115855106
2010-03-15,372.6245233461344
2010-03-16,375.5879157871485
2010-03-17,375.5879157871485
2010-03-18,373.86178734973674
2010-03-19,373.0391883115966
2010-03-22,375.11912489538446
2010-03-23,375.11912489538446
2010-03-24,366.5495493196477
2010-03-25,363.8963462663657
2010-03-26,365.47718698130797
2010-03-29,365.4254115843006
2010-03-30,365.4254115843006
2010-03-31,366.1583073703058
2010-04-01,365.7177265474294
2010-04-02,364.6228850092445
2010-04-05,364.3639990247725
2010-04-06,364.3391502578263
2010-04-07,363.67985530739713
2010-04-08,363.88331434142424
2010-04-09,363.7583956183077
2010-04-12,363.2036813386866
2010-04-13,362.65039966813436
2010-04-14,363.1235528556295
2010-04-15,362.94173174685955
2010-04-16,361.7806102597661
2010-04-19,362.12931394828456
2010-04-20,362.1622683083411
2010-04-21,361.78101673369474
2010-04-22,361.96678687204917
2010-04-23,362.0971995661054
2010-04-26,362.04933119140145
2010-04-27,361.6637280503552
2010-04-28,361.51752754744723
2010-04-29,361.70885904064676
2010-04-30,362.08796932571914
2010-05-03,361.5278227165605
2010-05-04,362.61158454997127
2010-05-05,363.7503808731067
2010-05-06,367.264992498731
2010-05-07,366.4620959277665
2010-05-10,363.22699849303143
2010-05-11,363.59418390500224
2010-05-12,362.4267741011464
2010-05-13,362.79246172347325
2010-05-14,368.6021714355339
2010-05-17,367.3316477458212
2010-05-18,371.9799185756477
2010-05-19,372.3590995264562
2010-05-20,378.64378296332336
2010-05-21,382.11020307618736
2010-05-24,380.6075174117675
2010-05-25,386.42957706335784
2010-05-26,379.91860108313773
2010-05-27,368.9279748464595
2010-05-28,373.58703333945493
2010-06-03,370.5539294435446
2010-06-04,390.3553036076098
2010-06-07,391.98667512671597
2010-06-08,394.36081102089594
2010-06-09,391.8496306338966
2010-06-10,376.42116009669024
2010-06-11,387.6725810382038
2010-06-14,381.110618931388
2010-06-15,376.9652801408448
2010-06-16,379.3784528596568
2010-06-17,388.8325442423991
2010-06-18,384.7059534313955
2010-06-21,382.6178141980737
2010-06-22,391.821927519885
2010-06-23,398.80256430227485
2010-06-24,398.30359337880293
2010-06-25,400.88877226234985
2010-06-28,412.1920243747436
2010-06-29,419.113572488172
2010-06-30,419.404560545133
2010-07-01,420.62579571596996
2010-07-02,414.54404762250203
2010-07-08,408.4879521380873
2010-07-09,403.4489855076305
2010-07-12,407.4709429487961
2010-07-13,397.54606362630307
2010-07-14,409.7326475170708
2010-07-15,421.2756114802717
2010-07-16,430.31402684961506
2010-07-19,426.5146393666165
2010-07-20,431.0930435591601
2010-07-21,437.2995871096073
2010-07-22,429.33372361073384
2010-07-23,417.22376685109464
2010-07-26,418.6754622205375
2010-07-27,409.0600222551228
2010-07-28,421.1978890724612
2010-07-29,426.56258883206516
2010-07-30,443.4332881108343
2010-08-02,434.29300703810776
2010-08-03,447.3204109726917
2010-08-04,438.8338035784508
2010-08-05,445.0769920228353
2010-08-06,461.79109936205026
2010-08-09,460.25366454372414
2010-08-10,472.21340125613125
2010-08-11,488.779799804709
2010-08-12,481.5047627732696
2010-08-13,488.0829933756472
2010-08-16,506.541695581522
2010-08-17,490.307876006608
2010-08-18,488.43812957744
2010-08-19,499.08226066500384
2010-08-20,485.43666349616717
2010-08-23,489.41896460949687
2010-08-24,514.2101413856634
2010-08-25,498.06694756371604
2010-08-26,507.72665492318094
2010-08-27,472.8009399539003
2010-08-30,499.6525761747475
2010-08-31,509.374422222774
2010-09-01,485.05509647437697
2010-09-02,478.31099701861825
2010-09-03,464.00067458186334
2010-09-09,444.045472011821
2010-09-10,438.8768037367459
2010-09-13,449.9269899431414
2010-09-14,461.19779630524835
2010-09-15,455.9086672445727
2010-09-16,450.05563884196914
2010-09-17,454.81572423504525
2010-09-20,460.2183735350171
2010-09-21,480.0373161931347
2010-09-22,483.73349005064955
2010-09-23,484.05029383121985
2010-09-24,476.58108418790465
2010-09-27,491.687731519848
2010-09-28,501.6543153815598
2010-09-29,495.6865854057368
2010-09-30,493.3377757280079
2010-10-01,494.0232174023601
2010-10-04,502.82344646215194
2010-10-05,506.81056721713287
2010-10-06,517.718107814028
2010-10-07,518.8853366621274
2010-10-08,523.3447284023823
2010-10-11,526.7331319189298
2010-10-12,516.5555666447088
2010-10-13,520.5219241168205
2010-10-14,504.5412251332945
2010-10-15,492.3967995879882
2010-10-18,509.91323572925796
2010-10-19,513.6358422972773
2010-10-20,514.0610369284409
2010-10-21,502.73677257090236
2010-10-22,496.8167268042782
2010-10-25,496.8167268042782
2010-10-26,477.80876317208396
2010-10-27,465.7947370475279
2010-10-28,480.02355576513
2010-10-29,489.04993671852355
2010-11-01,489.716398112209
2010-11-02,494.4141681126916
2010-11-03,495.4335272254257
2010-11-04,521.2708341646364
2010-11-05,514.6892796398253
2010-11-08,513.4219865309457
2010-11-09,496.1536124619622
2010-11-10,504.41462471186355
2010-11-11,495.1630935166781
2010-11-12,485.0754582856963
2010-11-15,464.65511851270475
2010-11-16,468.6414602597548
2010-11-17,466.27769826210476
2010-11-18,461.12493170774025
2010-11-19,461.50915286501555
2010-11-22,468.298545358572
2010-11-23,471.7912490853504
2010-11-24,459.4692866743939
2010-11-30,460.7972853305854
2010-12-01,452.13929058240103
2010-12-02,450.1338227112083
2010-12-03,450.94237243829366
2010-12-06,453.4993550215025
2010-12-07,447.518183884285
2010-12-08,446.5461804157535
2010-12-09,446.52256196900805
2010-12-10,446.5650612607897
2010-12-13,446.1337825996397
2010-12-14,448.55445472694146
2010-12-15,449.51502643416734
2010-12-16,448.40525231269066
2010-12-17,443.82895627527984
2010-12-20,444.654535445335
2010-12-21,443.8014515665229
2010-12-22,445.21978223036706
2010-12-23,447.9370846681784
2010-12-29,437.3691192699547
2010-12-30,439.57510804352074
2010-12-31,435.58507169771764
2011-01-03,437.9841965688147
2011-01-04,436.6526167241596
2011-01-05,447.2455897486179
2011-01-06,441.4900450092661
2011-01-07,432.8013996052301
2011-01-10,430.81343588620757
2011-01-11,434.0683068224346
2011-01-12,433.9093597910003
2011-01-13,428.21390174506223
2011-01-14,430.7693310314608
2011-01-20,440.5681043802514
2011-01-21,437.23016032648513
2011-01-24,436.4275678377129
2011-01-25,429.2340908096485
2011-01-26,435.9593883258709
2011-01-27,431.7349034516558
2011-01-28,426.94485435356
2011-01-31,430.3910549639506
2011-02-01,435.1949929420815
2011-02-02,439.1327207940323
2011-02-03,443.6303314232049
2011-02-04,452.44042592319033
2011-02-07,452.1134736841276
2011-02-08,459.01955584351094
2011-02-09,452.1310406093561
2011-02-10,457.4254757968718
2011-02-11,452.82917611562794
2011-02-14,451.26294643128676
2011-02-15,451.0608279656173
2011-02-16,451.68761925261344
2011-02-17,445.85297624494257
2011-02-18,445.2092691130323
2011-02-24,441.93362089716226
2011-02-25,439.7404635010591
2011-02-28,438.1985496677661
2011-03-01,437.0935770098094
2011-03-02,442.851412157356
2011-03-03,455.5697830791219
2011-03-04,444.4780521407027
2011-03-07,444.68111810074265
2011-03-08,448.1998906044633
2011-03-09,440.3514639488435
2011-03-10,431.2178905999572
2011-03-11,430.47162910247675
2011-03-14,424.61058204952644
2011-03-15,422.9058872393165
2011-03-16,413.4587536971632
2011-03-17,416.171833861104
2011-03-18,418.1902026954222
2011-03-21,421.8666066975932
2011-03-22,422.99022322084153
2011-03-23,423.53640686262077
2011-03-24,426.7396129022809
2011-03-25,428.84564114278413
2011-03-28,429.59569950712853
2011-03-29,431.8053602306853
2011-03-30,429.16029276108657
2011-03-31,429.85087856370126
2011-04-01,430.32427613278975
2011-04-04,428.3716167967684
2011-04-05,431.9077225619324
2011-04-06,435.0119716251956
2011-04-07,434.23036334471703
2011-04-08,435.05287708400635
2011-04-11,434.32812290384504
2011-04-12,428.11646502003134
2011-04-13,425.45371630087027
2011-04-14,427.0757838208616
2011-04-15,421.8386957186338
2011-04-18,418.9784016058343
2011-04-19,418.54996651992514
2011-04-20,420.702631587484
2011-04-21,420.24910132383945
2011-04-27,421.1890771236805
2011-04-28,419.411026293485
2011-04-29,418.94401199817065
2011-05-02,418.784631927325
2011-05-03,418.60500962560485
2011-05-04,418.6141840302221
2011-05-05,419.06884496611906
2011-05-06,419.57373987222627
2011-05-09,420.26139268923197
2011-05-10,418.3417218392539
2011-05-11,420.33035039965296
2011-05-12,418.5175130290561
2011-05-13,421.20608458526885
2011-05-16,423.534173216891
2011-05-17,425.5299722776728
2011-05-18,420.6030030692772
2011-05-19,421.59213135514267
2011-05-20,424.3953805080861
2011-05-23,427.2094175971896
2011-05-24,428.487297132717
2011-05-25,429.60038705311246
2011-05-26,441.3570034869919
2011-05-27,443.5213336492943
2011-06-02,435.43437655430574
2011-06-03,444.1753754655517
2011-06-06,444.5813924706774
2011-06-07,442.4019827518298
2011-06-08,455.7778679427478
2011-06-09,441.7591840387773
2011-06-10,449.34963917639294
2011-06-13,443.8395645641542
2011-06-14,417.0218536668636
2011-06-15,449.46405790483414
2011-06-16,461.01888262484295
2011-06-17,454.7570018497959
2011-06-20,452.1865841743338
2011-06-21,447.31174826048994
2011-06-22,447.76437916340114
2011-06-23,468.35553308178044
2011-06-24,480.1832427280563
2011-06-27,469.7769046620801
2011-06-28,435.41407678838755
2011-06-29,422.68209918046045
2011-06-30,409.674352947769
2011-07-01,401.4590278490688
2011-07-07,390.35153995497626
2011-07-08,415.6674329027801
2011-07-11,430.952481037638
2011-07-12,432.3930540067726
2011-07-13,435.6622487609405
2011-07-14,428.5929370645177
2011-07-15,436.868892714371
2011-07-18,438.1287948743703
2011-07-19,438.1287948743703
2011-07-20,431.12608022332364
2011-07-21,418.51922554918673
2011-07-22,425.11772482632057
2011-07-25,420.97260798247567
2011-07-26,429.23605450990357
2011-07-27,423.1141229600105
2011-07-28,428.52821451899354
2011-07-29,453.1524693494264
2011-08-01,461.9302735880603
2011-08-02,478.33263953118495
2011-08-03,480.27014379862163
2011-08-04,501.1080683908916
2011-08-05,479.87221832652517
2011-08-08,511.8786851136303
2011-08-09,536.9689278950884
2011-08-10,541.7972417768328
2011-08-11,523.0948504126271
2011-08-12,537.4384430445931
2011-08-15,530.2134682013374
2011-08-16,542.5277317865548
2011-08-17,549.6243056786408
2011-08-18,560.883110529782
2011-08-19,561.3243759249729
2011-08-22,555.3094404798414
2011-08-23,547.205777885528
2011-08-24,523.881520128324
2011-08-25,535.9146554329008
2011-08-26,545.0418072581995
2011-08-29,527.0632713565053
2011-08-30,547.949324378317
2011-08-31,535.4491598360497
2011-09-01,553.3275376556996
2011-09-02,578.4635874765091
2011-09-08,591.5326931273287
2011-09-09,611.8652221024591
2011-09-12,600.7335860154388
2011-09-13,585.4269942226798
2011-09-14,579.0374515266685
2011-09-15,559.1387382739443
2011-09-16,561.9468755859037
2011-09-19,597.9379666160792
2011-09-20,595.1006703416508
2011-09-21,605.491971197158
2011-09-22,643.6301241387569
2011-09-23,613.7601701086215
2011-09-26,591.3566159572605
2011-09-27,564.585258866931
2011-09-28,568.0564038551112
2011-09-29,578.1028631366926
2011-09-30,581.6865804969566
2011-10-03,611.3602446133011
2011-10-04,610.3175322244009
2011-10-05,581.6202079582728
2011-10-06,563.1039312227109
2011-10-07,544.583504499418
2011-10-10,508.24232693067637
2011-10-11,523.114058880655
2011-10-12,516.0480507258944
2011-10-13,527.3263925747557
2011-10-14,520.5468610835165
2011-10-17,533.0436437388148
2011-10-18,535.3255943621305
2011-10-19,535.6515845774048
2011-10-20,532.7234208204908
2011-10-21,531.7578375499617
2011-10-24,525.3656093718798
2011-10-25,540.8847819384787
2011-10-26,530.2715782275809
2011-10-27,506.8541520987373
2011-10-28,518.8176407325794
2011-10-31,533.1003064877634
2011-11-01,550.0054371702921
2011-11-02,550.8672263509544
2011-11-03,547.1107456203137
2011-11-04,550.0073901381461
2011-11-07,554.3402485510393
2011-11-08,546.8443036047834
2011-11-09,558.1718198450454
2011-11-10,551.1823732395338
2011-11-11,542.7326295519442
2011-11-14,552.5230591822209
2011-11-15,550.7146241864355
2011-11-16,553.233973939964
2011-11-17,558.1484617288747
2011-11-18,549.9871171439755
2011-11-21,554.2181130605018
2011-11-22,557.572564656254
2011-11-23,564.2006470358874
2011-11-29,559.4872435475935
2011-11-30,552.9022523649433
2011-12-01,549.5279107335374
2011-12-02,558.3101015965483
2011-12-05,556.4956421364476
2011-12-06,552.5660985597742
2011-12-07,563.2610289204124
2011-12-08,570.0295590958137
2011-12-09,560.9256556395254
2011-12-12,566.9330003924815
2011-12-13,571.7445884519192
2011-12-14,577.5452658784475
2011-12-15,575.823947469317
2011-12-16,584.42010737832
2011-12-19,587.4889110156815
2011-12-20,572.9801226246024
2011-12-21,569.0189794915914
2011-12-22,569.6330412858921
2011-12-23,557.7376155008927
2011-12-29,560.1380188742925
2011-12-30,565.0744128430307
2012-01-05,567.1222937239389
2012-01-06,571.9332874232136
2012-01-09,574.1043166440115
2012-01-10,571.2119494658181
2012-01-11,581.379636902659
2012-01-12,576.3545769770649
2012-01-13,588.9501550816146
2012-01-19,575.8519073930133
2012-01-20,566.207169806119
2012-01-23,560.2756353329241
2012-01-24,562.5109447918167
2012-01-25,576.1660533239581
2012-01-26,589.4040106713283
2012-01-27,594.914123306547
2012-01-30,601.2929361251568
2012-01-31,605.9681471628905
2012-02-01,599.9812724474654
2012-02-02,604.3036640231994
2012-02-03,583.952581167906
2012-02-06,591.3320662853758
2012-02-07,580.0402296534731
2012-02-08,578.7296673015263
2012-02-09,572.1472571866226
2012-02-10,584.6465990138161
2012-02-13,579.2907362080423
2012-02-14,587.4007135963453
2012-02-15,588.3449571111028
2012-02-16,576.1161021226956
2012-02-17,574.9146313463494
2012-02-23,577.7152310025624
2012-02-24,577.4297047668496
2012-02-27,585.5619495104842
2012-02-28,586.4462371490819
2012-02-29,577.8992655936595
2012-03-01,569.904043702977
2012-03-02,580.0969166872463
2012-03-05,576.1961158177996
2012-03-06,585.9204984685043
2012-03-07,582.3115314586595
2012-03-08,576.6970354397988
2012-03-09,573.3797457246334
2012-03-12,573.9269867802894
2012-03-13,562.9528183501593
2012-03-14,541.6288908304168
2012-03-15,542.4700861521422
2012-03-16,540.1890237449442
2012-03-19,534.6001341146136
2012-03-20,534.391168242288
2012-03-21,537.8222896759847
2012-03-22,538.545284645988
2012-03-23,539.6007366467883
2012-03-26,539.6431010829435
2012-03-27,540.7604151533085
2012-03-28,540.7331474763643
2012-03-29,541.2108989025204
2012-03-30,540.6437803184341
2012-04-02,540.8585309984102
2012-04-03,540.2456301312654
2012-04-04,540.2956360307885
2012-04-05,540.1576040914695
2012-04-06,539.9109274592216
2012-04-09,539.9385045600742
2012-04-10,540.308706357575
2012-04-11,539.9101646778762
2012-04-12,539.5267031826696
2012-04-13,540.4986552851278
2012-04-16,540.9787499768004
2012-04-17,539.9822808652043
2012-04-18,540.5779986640664
2012-04-19,541.5560359224924
2012-04-20,541.0423088936816
2012-04-23,542.9418749031776
2012-04-24,541.5622908877972
2012-04-25,540.8721308377638
2012-04-26,542.7215077697264
2012-04-27,544.721987222786
2012-04-30,545.8872866640894
2012-05-01,542.69204440962
2012-05-02,545.0162843934098
2012-05-03,545.0162843934098
2012-05-04,550.5059698223548
2012-05-07,550.5059698223548
2012-05-08,554.4193644998427
2012-05-09,554.1840622366066
2012-05-10,552.1475338767451
2012-05-11,557.2732926657868
2012-05-14,563.5949452618112
2012-05-15,562.6716641066888
2012-05-16,563.6650944194778
2012-05-17,571.489387890334
2012-05-18,572.6247780339644
2012-05-21,567.726186166613
2012-05-22,559.2044324379631
2012-05-23,572.4386775947772
2012-05-24,565.4865751325642
2012-05-25,571.6825044308073
2012-05-31,578.1731355352795
2012-06-01,601.8846511124027
2012-06-04,582.6731181342642
2012-06-05,578.1231589343558
2012-06-06,558.6161975538995
2012-06-07,562.212845890337
2012-06-08,564.0843120638282
2012-06-11,573.3203685689514
2012-06-12,555.1076008203048
2012-06-13,570.447217261678
2012-06-14,564.0952440696072
2012-06-15,572.5083231503135
2012-06-18,570.9718852161077
2012-06-19,562.5476921288665
2012-06-20,553.0773352290071
2012-06-21,558.2682178962986
2012-06-22,546.0661165541883
2012-06-25,564.5130806793634
2012-06-26,560.4459860149715
2012-06-27,564.0389028194114
2012-06-28,576.6525506367567
2012-06-29,557.8770829303064
2012-07-02,578.3581571827066
2012-07-03,566.5139819333272
2012-07-09,572.2050225374344
2012-07-10,574.6541304706286
2012-07-11,573.6419040785881
2012-07-12,575.7198986940673
2012-07-13,571.9715362218273
2012-07-16,581.2180699140239
2012-07-17,571.7062577668455
2012-07-18,578.9178338195721
2012-07-19,568.6587978590322
2012-07-20,584.3480812313619
2012-07-23,589.9959411557654
2012-07-24,597.5914032620716
2012-07-25,596.379431557045
2012-07-26,588.2582936841416
2012-07-27,551.9396115926511
2012-07-30,565.7288125144431
2012-07-31,568.6624812128701
2012-08-01,552.8118859309463
2012-08-02,566.584778443164
2012-08-03,545.6859615053103
2012-08-06,550.8644988983132
2012-08-07,537.3799013663598
2012-08-08,535.2010601811456
2012-08-09,534.4953659920112
2012-08-10,540.682665064015
2012-08-13,538.3226379249317
2012-08-14,528.1262903269989
2012-08-15,517.3896549615057
2012-08-16,513.7456855043531
2012-08-17,515.887224068696
2012-08-20,516.1086049929964
2012-08-21,517.3416687626975
2012-08-22,525.9464152222517
2012-08-23,530.0791590908956
2012-08-24,528.893296918725
2012-08-27,531.4101453596119
2012-08-28,532.9286609287866
2012-08-29,531.5506212087452
2012-08-30,535.8833917265252
2012-08-31,542.4057180946495
2012-09-06,533.9735808643992
2012-09-07,537.4978650695846
2012-09-10,535.4955177087735
2012-09-11,534.481878974798
2012-09-12,528.7398817340859
2012-09-13,533.9346629202856
2012-09-14,523.3038750843538
2012-09-17,524.7021604165604
2012-09-18,526.3423626106404
2012-09-19,527.9340305694257
2012-09-20,528.218689082216
2012-09-21,530.6124382469352
2012-09-24,532.8725709212639
2012-09-25,535.1924837118407
2012-09-26,539.7466276385372
2012-09-27,538.3054199933678
2012-09-28,538.1347489439173
2012-10-01,539.2245921900766
2012-10-02,539.9994568603759
2012-10-03,541.2388024675175
2012-10-04,536.8289515918801
2012-10-05,529.7326159707161
2012-10-08,534.262034239727
2012-10-09,531.3715824656712
2012-10-10,533.6198679288179
2012-10-11,534.2424632219105
2012-10-12,534.8790492906469
2012-10-15,534.8790492906469
2012-10-16,528.6425744649579
2012-10-17,518.1504841151507
2012-10-18,517.1978966630259
2012-10-19,520.900092833297
2012-10-22,518.5797299637778
2012-10-23,520.5085238438875
2012-10-24,520.5085238438875
2012-10-25,517.6495271615862
2012-10-26,520.824714253419
2012-10-29,521.7385013792542
2012-10-30,521.2932878427882
2012-10-31,522.692159022192
2012-11-01,521.8887899214506
2012-11-02,521.7065513608258
2012-11-05,523.0774927730768
2012-11-06,521.3331581154289
2012-11-07,524.5337957358172
2012-11-08,525.5882087247919
2012-11-09,525.7977434680578
2012-11-12,525.7156479485826
2012-11-13,526.6535048354141
2012-11-14,526.6535048354141
2012-11-15,526.5335192225978
2012-11-16,527.85847997696
2012-11-19,525.2203895596774
2012-11-20,522.318165037007
2012-11-21,520.1718837202347
2012-11-27,521.8056812911217
2012-11-28,524.4373652510423
2012-11-29,524.9290457707499
2012-11-30,526.1597508571738
2012-12-03,524.0787817906634
2012-12-04,525.4555054216441
2012-12-05,528.369147041563
2012-12-06,529.4781370155661
2012-12-07,524.6991534249221
2012-12-10,525.6538577447645
2012-12-11,522.1657217080731
2012-12-12,516.6986521465554
2012-12-13,511.8045407643262
2012-12-14,512.6552801302247
2012-12-17,507.345646066104
2012-12-18,502.28093824999814
2012-12-19,504.2133721682518
2012-12-20,504.2133721682518
2012-12-21,506.2930663903299
2012-12-24,505.4404493214025
2012-12-28,505.5154327783689
2012-12-31,505.12398272173203
2013-01-04,505.10979164642924
2013-01-07,505.0523944463887
2013-01-08,504.53013368077586
2013-01-09,504.0568216581175
2013-01-10,504.92609938629454
2013-01-11,504.3430317936608
2013-01-14,503.9091261580598
2013-01-15,503.04971463813706
2013-01-16,502.94133041279537
2013-01-17,504.3340169635488
2013-01-18,503.38872711176714
2013-01-24,503.6071738500482
2013-01-25,506.5864078476865
2013-01-28,507.34628771278017
2013-01-29,507.34628771278017
2013-01-30,507.55243080629293
2013-01-31,506.8142292376207
2013-02-01,508.2154863565978
2013-02-04,504.3864342196935
2013-02-05,507.31632777936386
2013-02-06,502.9212368144794
2013-02-07,501.35476974306556
2013-02-08,501.5319054778849
2013-02-11,502.0777896449628
2013-02-12,505.0801483031558
2013-02-13,508.5972073898077
2013-02-14,503.19653177374704
2013-02-15,503.59910246658154
2013-02-21,499.11267997544905
2013-02-22,497.7122062499127
2013-02-25,490.39982917807015
2013-02-26,488.5823065643807
2013-02-27,489.35618855937577
2013-02-28,488.5807086887907
2013-03-01,487.22323088816734
2013-03-04,487.87199422576873
2013-03-05,488.14080655844884
2013-03-06,488.72319447808826
2013-03-07,489.2872343722166
2013-03-08,489.9073630955535
2013-03-11,489.9073630955535
2013-03-12,489.20550913143694
2013-03-13,489.2517920217495
2013-03-14,489.1994196781803
2013-03-15,487.6925055172479
2013-03-18,486.6614806857353
2013-03-19,485.72435475037804
2013-03-20,485.98415820289995
2013-03-21,485.9723424975834
2013-03-22,485.97099511166294
2013-03-25,486.0245615431551
2013-03-26,486.24838167984643
2013-03-27,487.45967434215896
2013-03-28,486.8549419109358
2013-04-03,490.54959376209536
2013-04-04,494.8207474728813
2013-04-05,498.3177674534079
2013-04-08,494.40254027458093
2013-04-09,493.72245188923245
2013-04-10,487.4158704811701
2013-04-11,489.4423074447657
2013-04-12,497.02943166619457
2013-04-15,498.1634276725019
2013-04-16,496.30406952734825
2013-04-17,498.6240799188672
2013-04-18,500.4065944901462
2013-04-19,496.95814355150105
2013-04-22,499.35915568660005
2013-04-23,498.93480061730156
2013-04-24,499.828498193519
2013-04-25,498.41738911060213
2013-04-26,510.1746200851486
2013-04-29,510.67347525497604
2013-04-30,507.4963103719294
2013-05-01,516.3132981295074
2013-05-02,517.4640177423953
2013-05-03,486.98697437323017
2013-05-06,481.47998318205157
2013-05-07,480.1286058839197
2013-05-08,484.6193187256612
2013-05-09,482.8111618904118
2013-05-10,464.28279422213967
2013-05-13,461.6959479734114
2013-05-14,456.0355224716675
2013-05-15,458.64886090453155
2013-05-16,471.1563908190893
2013-05-17,460.1236165799432
2013-05-20,459.3973869131231
2013-05-21,460.7846120794811
2013-05-22,451.21637250386766
2013-05-23,451.57443699258425
2013-05-24,452.3902251910938
2013-05-30,452.3902251910938
2013-05-31,450.8388707755186
2013-06-03,451.6525618383827
2013-06-04,451.34523515659924
2013-06-05,452.07035151453886
2013-06-06,452.65863550718456
2013-06-07,451.09619257039554
2013-06-10,450.7518981294325
2013-06-11,450.7279566947287
2013-06-12,451.0067346891101
2013-06-13,450.03543767706293
2013-06-14,448.1601325960131
2013-06-17,449.0664385766758
2013-06-18,449.33225546273087
2013-06-19,454.46269041231835
2013-06-20,457.7635046837288
2013-06-21,462.10289030230405
2013-06-24,464.1603467732982
2013-06-25,466.2389401181776
2013-06-26,461.65341213844044
2013-06-27,456.1627683643727
2013-06-28,457.1124306957717
2013-07-01,457.5314225045185
2013-07-02,456.38760476870414
2013-07-03,460.32511018806366
2013-07-09,456.3579550288733
2013-07-10,460.40081151095853
2013-07-11,440.6205825130642
2013-07-12,444.17735293076584
2013-07-15,437.49013807243233
2013-07-16,435.9954900503292
2013-07-17,429.3119302897997
2013-07-18,433.3154470398174
2013-07-19,428.1756802259383
2013-07-22,427.95175888114477
2013-07-23,430.1499957467619
2013-07-24,437.5395743345733
2013-07-25,439.2463143858412
2013-07-26,433.8381156844662
2013-07-29,435.9251724677816
2013-07-30,437.3915161430186
2013-07-31,437.1802122410717
2013-08-01,451.651078586541
2013-08-02,436.6408432792035
2013-08-05,439.0677445316489
2013-08-06,438.90395775125023
2013-08-07,435.9225207760698
2013-08-08,434.1243925622311
2013-08-09,434.1243925622311
2013-08-12,436.05082410479633
2013-08-13,445.5402279814417
2013-08-14,444.7676230401189
2013-08-15,447.6495746967469
2013-08-16,453.1635827276273
2013-08-19,457.34698347642893
2013-08-20,450.66087696900513
2013-08-21,456.0247938712756
2013-08-22,461.6308087461609
2013-08-23,453.868094996848
2013-08-26,451.44392807332594
2013-08-27,442.3165117339754
2013-08-28,448.7536876883028
2013-08-29,445.2120928775071
2013-08-30,446.3935875572904
2013-09-05,455.1443531040342
2013-09-06,448.2832127373434
2013-09-09,442.8952907323931
2013-09-10,448.21796507658814
2013-09-11,442.38430758056086
2013-09-12,441.98981420331194
2013-09-13,440.39326216360723
2013-09-16,434.9879621796333
2013-09-17,432.87328479837714
2013-09-18,415.57020760897984
2013-09-19,418.805721161336
2013-09-20,418.0517021528282
2013-09-23,416.8833096696005
2013-09-24,413.56004414056986
2013-09-25,411.5191383382282
2013-09-26,412.4626577110255
2013-09-27,411.3869709044778
2013-09-30,411.2241381210242
2013-10-01,412.14679566383177
2013-10-02,411.3526479245411
2013-10-03,411.1203361651442
2013-10-04,411.3115271309948
2013-10-07,411.33919456863384
2013-10-08,411.2648771905711
2013-10-09,411.1157441629523
2013-10-10,410.91192421410733
2013-10-11,411.0193705754183
2013-10-14,410.1633784927178
2013-10-15,410.25539441007544
2013-10-16,411.8604460138231
2013-10-17,414.01308756977784
2013-10-18,414.2131570067425
2013-10-21,413.41535937607443
2013-10-22,417.4920648740818
2013-10-23,417.79380621317745
2013-10-24,416.74058063483653
2013-10-25,418.05120781599953
2013-10-28,417.61148176000916
2013-10-29,419.546614128007
2013-10-30,416.3576444397326
2013-10-31,414.12553581276876
2013-11-01,408.30359469949985
2013-11-04,410.55780758740514
2013-11-05,405.33043598661527
2013-11-06,409.9823162408696
2013-11-07,413.3574432506977
2013-11-08,399.9715214069176
2013-11-11,399.06117201265994
2013-11-12,397.4391172806283
2013-11-13,404.7851184915804
2013-11-14,406.89398590347514
2013-11-15,405.9509580607732
2013-11-18,408.5504654285354
2013-11-19,405.5987893773458
2013-11-20,401.41604472794074
2013-11-21,402.20667165346515
2013-11-22,403.7752617875638
2013-11-25,404.5607846627875
2013-11-26,407.86832444649315
2013-11-27,405.1770514367863
2013-11-28,404.44356019542465
2013-11-29,404.24267748149117
2013-12-02,399.80318210923895
2013-12-03,401.63670463178767
2013-12-04,397.93611257292207
2013-12-05,396.2281045883493
2013-12-06,395.36061233624656
2013-12-09,396.0482884352732
2013-12-10,398.6828731465898
2013-12-11,397.04026657362357
2013-12-12,395.9567678460944
2013-12-13,396.0113422057732
2013-12-16,395.9177270968322
2013-12-17,396.69511569129054
2013-12-18,396.1494539334175
2013-12-19,395.0484207463608
2013-12-20,395.1058206153543
2013-12-23,395.1137348296394
2013-12-24,395.48939513040773
2013-12-30,394.28609258027967
2013-12-31,395.29415383830644
2014-01-06,392.6366277214806
2014-01-07,390.61031888274476
2014-01-08,396.0807158028678
2014-01-09,393.98129170224774
2014-01-10,384.2594693707083
2014-01-13,382.0191015230635
2014-01-14,385.0665125710572
2014-01-15,386.5409102848916
2014-01-16,384.3818196413319
2014-01-17,383.28923896205936
2014-01-23,378.53560415303093
2014-01-24,377.19523087050567
2014-01-27,378.23695931631187
2014-01-28,377.2390548048855
2014-01-29,375.48970573665537
2014-01-30,375.880164805848
2014-01-31,375.3998987240774
2014-02-03,374.8551698489864
2014-02-04,374.76876903784
2014-02-05,374.4555143248423
2014-02-06,373.9586762148982
2014-02-07,374.81522562754685
2014-02-10,374.72011271548826
2014-02-11,373.384785287264
2014-02-12,372.0553028888358
2014-02-13,374.1475901100208
2014-02-14,373.6541923067552
2014-02-20,372.3347033143342
2014-02-21,372.9511246210163
2014-02-24,372.13839565272957
2014-02-25,374.2215564137458
2014-02-26,375.6173593055332
2014-02-27,377.10527326899
2014-02-28,375.59825925376373
2014-03-03,378.8642108907668
2014-03-04,373.8488699282273
2014-03-05,373.8488699282273
2014-03-06,371.56791580109757
2014-03-07,368.4073574158988
2014-03-10,368.96261011210487
2014-03-11,369.6427065826988
2014-03-12,371.81725346722027
2014-03-13,375.19499186952635
2014-03-14,375.0036872600581
2014-03-17,372.75042031504586
2014-03-18,373.54245709706896
2014-03-19,366.7782980525893
2014-03-20,366.5365647610923
2014-03-21,367.05666449303357
2014-03-27,367.21797120001327
2014-03-28,366.04168609346755
2014-03-31,366.09047276585864
2014-04-01,365.67972641415656
2014-04-02,364.49092565187647
2014-04-03,364.6443097156775
2014-04-14,364.85114528121477
2014-04-15,364.9144426621577
2014-04-16,365.30547978915297
2014-04-17,366.9242475653333
2014-04-23,365.0383462341473
2014-04-24,365.2345560922144
2014-04-25,364.25389922617956
2014-04-28,365.483606484519
2014-05-02,365.0492340119687
2014-05-05,365.9500550184196
2014-05-06,365.1663485764409
2014-05-07,362.90399557935916
2014-05-08,361.1384401520133
2014-05-09,361.6118902592043
2014-05-12,364.13973791921796
2014-05-13,360.6263458534324
2014-05-14,355.49758738660324
2014-05-15,352.9428494600827
2014-05-16,354.0502020760799
2014-05-19,354.2501583692969
2014-05-20,353.07419145598374
2014-05-21,353.9198585560566
2014-05-22,354.32272162770585
2014-05-23,353.9054651110737
2014-05-29,353.9693310425318
2014-05-30,353.95023071900323
2014-06-02,353.65236054976907
2014-06-03,353.2878452160334
2014-06-09,353.3822790726659
2014-06-10,353.5616875014621
2014-06-11,353.37336248654924
2014-06-12,352.9644238988899
2014-06-13,352.944031129997
2014-06-16,352.8978774605589
2014-06-17,354.2779204336689
2014-06-18,352.4242393987664
2014-06-19,352.6568958862414
2014-06-20,352.6568958862414
2014-06-23,352.78859026291275
2014-06-24,351.5270945911566
2014-06-25,350.58714665301267
2014-06-26,349.60505003666543
2014-06-27,349.5024083198604
2014-06-30,349.33269453063207
2014-07-01,349.9188620600207
2014-07-02,350.66519504957733
2014-07-08,349.8884163526671
2014-07-09,349.5543339946871
2014-07-10,349.35009048973046
2014-07-11,349.2759110234183
2014-07-14,349.15355060540776
2014-07-15,349.03838978543814
2014-07-16,349.06141910117503
2014-07-17,350.1651945498185
2014-07-18,349.4403300764301
2014-07-21,349.54578729238665
2014-07-22,349.93084567566734
2014-07-23,350.08448177079663
2014-07-24,347.74769508935543
2014-07-25,349.689287598994
2014-07-28,348.5498020443908
2014-07-29,349.94984519863357
2014-07-30,344.95364100805637
2014-08-08,346.6905625667866
2014-08-11,345.24567239947856
2014-08-12,345.0347452863846
2014-08-13,346.46672938275094
2014-08-14,347.144582717645
2014-08-15,348.9542506704873
2014-08-18,347.4924371424761
2014-08-19,346.8131782677762
2014-08-20,344.56022701911013
2014-08-21,345.15306249936106
2014-08-22,344.65010233226565
2014-08-25,344.95300733512676
2014-08-26,345.1577688867886
2014-08-27,346.6179688468824
2014-08-28,347.9188421042461
2014-08-29,347.570770531079
2014-09-04,345.0646376390454
2014-09-05,345.6067149842929
2014-09-08,344.50009198668334
2014-09-09,342.0307010299194
2014-09-10,340.64587409984847
2014-09-11,339.9572255964909
2014-09-12,337.16702279547457
2014-09-15,338.159406065755
2014-09-16,338.22096045379357
2014-09-17,337.49164283060054
2014-09-18,337.0996611495771
2014-09-19,337.25053453244243
2014-09-22,337.1489703833518
2014-09-23,336.979796844417
2014-09-24,337.2038309105542
2014-09-25,336.60113074432746
2014-09-26,336.9030118781918
2014-09-29,336.51985864146366
2014-09-30,336.58249417550195
2014-10-01,335.8799667642428
2014-10-02,335.863096465239
2014-10-03,335.72715365842356
2014-10-06,336.0513870776333
2014-10-07,337.22963057333385
2014-10-08,338.2782252295062
2014-10-09,338.47306845560803
2014-10-10,339.6735828991076
2014-10-13,343.3349283838841
2014-10-14,346.02362705447314
2014-10-15,352.6993197738008
2014-10-16,350.7653540448806
2014-10-17,346.2564972771297
2014-10-20,348.71179706520985
2014-10-21,344.46711239430243
2014-10-22,341.80886598328993
2014-10-23,333.61069340260076
2014-10-24,335.55278099533183
2014-10-27,337.0133030997735
2014-10-28,331.78725222353114
2014-10-29,324.05909957963905
2014-10-30,326.43904347226186
2014-10-31,322.1708215768362
2014-11-03,320.0569027978564
2014-11-04,321.86920517168016
2014-11-05,320.95034468844796
2014-11-06,314.7823568910965
2014-11-07,327.6898076967004
2014-11-10,320.6072369289161
2014-11-11,319.5692909523583
2014-11-12,320.60996147833157
2014-11-13,324.02633984153357
2014-11-14,326.6922193443323
2014-11-17,323.96348038102855
2014-11-18,326.15066905335846
2014-11-19,321.4028658072509
2014-11-20,324.66676850740413
2014-11-21,327.1458898645366
2014-11-24,329.961966741016
2014-11-25,334.8860706928287
2014-11-26,338.76326319965557
2014-12-02,328.3672418676869
2014-12-03,326.32375427814156
2014-12-04,331.79787821732083
2014-12-05,319.18842875734424
2014-12-08,324.146211192917
2014-12-09,330.12855000754246
2014-12-10,336.4638099598493
2014-12-11,332.3899629432133
2014-12-12,344.47677952422805
2014-12-15,339.6658913261093
2014-12-16,345.7502234024809
2014-12-17,336.24114060107377
2014-12-18,328.6658078467691
2014-12-19,331.6273939845947
2014-12-22,331.6273939845947
2014-12-23,322.9801178341391
2014-12-24,323.1462457886115
2014-12-30,325.0375242559563
2014-12-31,326.206783311219
2015-01-06,330.8390298446494
2015-01-07,332.0043258159785
2015-01-08,328.5744974074894
2015-01-09,333.18331599415245
2015-01-12,338.81137443107446
2015-01-13,340.54916758988963
2015-01-14,345.6253652847702
2015-01-15,355.90417607218603
2015-01-16,347.7804807270366
2015-01-19,350.08594525592684
2015-01-20,346.70085386184775
2015-01-21,340.3308235469047
2015-01-22,337.25344896500513
2015-01-23,346.2063405096899
2015-01-26,342.99634533242653
2015-01-27,345.2793741559149
2015-01-28,359.32254458294193
2015-01-29,352.4840538222372
2015-01-30,366.2840177556783
2015-02-02,366.0165526448969
2015-02-03,351.02397762372675
2015-02-04,350.24063376310403
2015-02-05,347.5504651312354
2015-02-06,325.0927718079015
2015-02-09,324.8748766105823
2015-02-10,320.9630407544081
2015-02-11,320.32704904756537
2015-02-12,322.42523006440615
2015-02-13,319.91386760435415
2015-02-16,320.5297491059906
2015-02-17,308.2947155096268
2015-02-18,316.7896470896044
2015-02-19,311.68766882973625
2015-02-20,310.44933247797115
2015-02-23,314.9376478043341
2015-02-24,321.7814906613487
2015-02-25,322.77069058727983
2015-02-26,316.6174937497977
2015-02-27,317.8835723955392
2015-03-02,313.30804577572275
2015-03-03,311.56935612661687
2015-03-04,311.6884402183664
2015-03-05,313.4182954004997
2015-03-06,305.42765869243647
2015-03-09,307.943807784256
2015-03-10,310.3726933447398
2015-03-11,310.85050264679586
2015-03-12,311.23640212325495
2015-03-13,311.16126456944914
2015-03-16,312.6219776045229
2015-03-17,313.34192840324704
2015-03-18,319.19381718532725
2015-03-19,316.8151596505213
2015-03-20,318.82606638224706
2015-03-23,319.7097056572008
2015-03-24,321.06034876650807
2015-03-25,318.7375368720052
2015-03-26,316.34214027479703
2015-03-27,317.6802082618416
2015-03-30,318.14306440833144
2015-03-31,319.8800118341806
2015-04-01,323.0171338954212
2015-04-02,321.09791851351383
2015-04-08,320.15651599293074
2015-04-09,316.68685003310026
2015-04-10,316.68685003310026
2015-04-13,318.1829843427641
2015-04-14,320.38423446279216
2015-04-15,320.973445834675
2015-04-16,322.7913010633818
2015-04-17,323.29318237611835
2015-04-20,321.98651853947433
2015-04-21,320.5177942013173
2015-04-22,315.12980118316705
2015-04-23,317.4414231158522
2015-04-24,320.20648145635863
2015-04-27,319.7235159867045
2015-04-28,315.8082715697368
2015-04-29,312.84847505065
2015-04-30,312.74363734065025
2015-05-01,308.75100659329553
2015-05-04,308.08516009628966
2015-05-05,307.20763161017743
2015-05-06,305.66557557142363
2015-05-07,306.5967837054337
2015-05-08,307.5925445674277
2015-05-11,306.04768106290925
2015-05-12,306.101320417649
2015-05-13,306.0796124981504
2015-05-14,305.8321577824864
2015-05-15,305.1712636782354
2015-05-18,305.8954016224787
2015-05-19,306.59396591675875
2015-05-20,305.9816399791084
2015-05-21,304.95242632817667
2015-05-22,305.46433535749395
2015-05-28,305.35470874590357
2015-05-29,304.8858301362769
2015-06-01,306.78407890707194
2015-06-02,309.589412772323
2015-06-03,313.86341617904134
2015-06-04,311.2077713306108
2015-06-05,315.56924540118524
2015-06-08,314.4420932428509
2015-06-09,316.4490462537767
2015-06-10,319.76716647660515
2015-06-11,313.16996830319613
2015-06-12,313.9549608937977
2015-06-15,311.27720391581704
2015-06-16,307.9037550006726
2015-06-17,305.5181262938338
2015-06-18,307.48689439109916
2015-06-19,301.061303698231
2015-06-22,309.0448242222689
2015-06-23,311.92968426117795
2015-06-24,309.6713736809024
2015-06-25,311.21387351036293
2015-06-26,316.5111366205518
2015-06-29,302.5700263118681
2015-06-30,305.00127735478026
2015-07-01,309.9336430433545
2015-07-02,305.9056871388503
2015-07-03,302.133697464258
2015-07-06,299.52121053990004
2015-07-07,297.0300944713698
2015-07-08,294.105430275262
2015-07-09,299.67795067562434
2015-07-10,305.38111232951246
2015-07-13,307.3277871400025
2015-07-14,304.6093069324823
2015-07-15,301.6545839180957
2015-07-16,302.35100976629343
2015-07-17,302.93644520219834
2015-07-20,304.71296091354975
2015-07-21,302.6635301409022
2015-07-22,301.7044052597812
2015-07-23,298.95240946289323
2015-07-24,298.1455429997494
2015-07-27,294.76510505868436
2015-07-28,296.63461242925626
2015-07-29,297.4373202933308
2015-07-30,297.4373202933308
2015-07-31,293.1094264746978
2015-08-03,291.6236076937542
2015-08-04,294.8780811706919
2015-08-05,296.351468388327
2015-08-06,295.17720483283136
2015-08-07,293.5684593795128
2015-08-10,295.0135499511343
2015-08-11,292.4986891563488
2015-08-12,292.287043036876
2015-08-13,293.18830599364696
2015-08-14,293.535635063556
2015-08-17,292.9899273392712
2015-08-18,293.3252866217859
2015-08-19,292.34374919653624
2015-08-20,292.19481928575937
2015-08-21,292.07928697514865
2015-08-24,292.16585996076367
2015-08-25,291.4036497163161
2015-08-26,290.83864382735305
2015-08-27,290.90630107140595
2015-08-28,290.90630107140595
2015-09-04,291.66785409994776
2015-09-07,291.28033357891957
2015-09-08,290.33458067275456
2015-09-09,290.7229646643496
2015-09-10,289.7976691968664
2015-09-11,290.97946251396354
2015-09-14,291.3556546200777
2015-09-15,288.235129691833
2015-09-16,287.7503820365263
2015-09-17,290.27131680756173
2015-09-18,291.8151129266943
2015-09-21,290.43996278118306
2015-09-22,292.13612543449574
2015-09-23,291.4669066843632
2015-09-24,292.1850067952654
2015-09-25,291.10225146380867
2015-09-28,293.35782140719897
2015-09-29,295.1563606831951
2015-09-30,295.0089381563348
2015-10-01,295.254007607755
2015-10-02,298.39760005648293
2015-10-05,295.080631600993
2015-10-06,296.27998006422865
2015-10-07,294.2331964394978
2015-10-08,292.447722324061
2015-10-09,292.21960118736234
2015-10-12,295.0446368774297
2015-10-13,296.1421704016363
2015-10-14,301.29478482869416
2015-10-15,297.43737235121347
2015-10-16,296.360721076476
2015-10-19,295.80105127855455
2015-10-20,292.1742845065031
2015-10-21,295.1636146188716
2015-10-22,295.7451693402154
2015-10-23,290.4783727881604
2015-10-26,292.17363385462585
2015-10-27,294.46017878709233
2015-10-28,287.8978843607723
2015-11-04,286.21764038166526
2015-11-05,286.1116697497327
2015-11-06,280.8366528337735
2015-11-09,280.11625268165835
2015-11-10,281.5101484454715
2015-11-11,280.8971998988609
2015-11-12,281.1601419763623
2015-11-13,282.14965137906927
2015-11-16,282.5826744549538
2015-11-17,282.83366115791966
2015-11-18,282.46626010424706
2015-11-19,282.7313192763424
2015-11-20,282.5697413157062
2015-11-23,282.71184267802073
2015-11-24,282.99027798394155
2015-11-25,282.99027798394155
2015-11-26,283.1883946915657
2015-11-27,283.15519148524965
2015-11-30,283.1319626448163
2015-12-01,283.9518888429614
2015-12-02,283.31141247331277
2015-12-03,281.1773798883124
2015-12-04,281.55278529584444
2015-12-07,281.81310273765325
2015-12-08,281.91588837989417
2015-12-09,282.02993415910254
2015-12-10,281.8477966839604
2015-12-11,282.28830005129294
2015-12-14,281.7265404727618
2015-12-15,281.51645563133275
2015-12-16,281.2982981410316
2015-12-17,281.41863834411123
2015-12-18,281.4460187732861
2015-12-21,281.46429245123187
2015-12-22,281.3937736196837
2015-12-23,281.37252250631764
2015-12-24,281.37016525400173
2015-12-30,281.37955637751395
2015-12-31,281.1019725288696
2016-01-06,280.0463896123041
2016-01-07,279.68030408478415
2016-01-08,279.23390704527924
2016-01-11,279.4309699185436
2016-01-12,279.2323409746836
2016-01-13,279.2032827018807
2016-01-14,279.1022656009743
2016-01-15,279.6822825445048
2016-01-18,279.5961794255899
2016-01-19,279.40607724995925
2016-01-20,280.845671828743
2016-01-21,280.14518989973965
2016-01-22,278.87156458893406
2016-01-25,279.9911116911394
2016-01-26,280.54092608181105
2016-01-27,281.3350630245314
2016-01-28,282.3218674901316
2016-01-29,286.3933864883067
2016-02-01,284.00779768864504
2016-02-02,290.9457801100255
2016-02-03,290.28604736343124
2016-02-04,292.64412515686695
2016-02-05,293.2991398026763
2016-02-08,302.5318499317299
2016-02-09,303.6560147089299
2016-02-10,307.6217765345106
2016-02-11,314.9904153364792
2016-02-12,300.9915454114483
2016-02-15,296.13594905189456
2016-02-16,296.3740005231826
2016-02-17,290.60194697533996
2016-02-18,299.693191441565
2016-02-19,296.577979523152
2016-02-22,295.2405656217851
2016-02-23,298.0079818781319
2016-02-24,298.58558933436274
2016-02-25,305.4933044849978
2016-02-26,293.9403129154693
2016-02-29,297.1842520178994
2016-03-01,279.496984554874
2016-03-02,274.83542193708377
2016-03-03,276.60878981426026
2016-03-04,270.74182007858536
2016-03-07,267.3100061497094
2016-03-08,276.8579001209416
2016-03-09,270.12271636961003
2016-03-10,263.0773138426492
2016-03-11,259.19106711392243
2016-03-14,260.9423438750329
2016-03-15,259.9890217769787
2016-03-16,268.14458138304235
2016-03-17,269.02466193928336
2016-03-18,271.8481091989033
2016-03-21,268.11482425003055
2016-03-22,264.6632108671487
2016-03-23,270.47172085055223
2016-03-24,269.50047691399186
2016-03-30,269.20396324647055
2016-03-31,273.4685280090044
2016-04-01,272.21921507149403
2016-04-04,274.4724741752513
2016-04-05,278.494626668977
2016-04-06,275.5268339929024
2016-04-07,282.2950877424547
2016-04-08,280.11894772063135
2016-04-11,279.9307752046019
2016-04-12,274.0311817193141
2016-04-13,274.2221223057572
2016-04-14,270.30726693994876
2016-04-15,274.734253434612
2016-04-18,272.98008126593396
2016-04-19,270.42114133420097
2016-04-20,264.1560449064974
2016-04-21,261.80039921355404
2016-04-22,260.7493691865642
2016-04-25,259.21641085382885
2016-04-26,256.5942614149998
2016-04-27,262.73970774142936
2016-04-28,266.02027140849344
2016-04-29,265.3114470281239
2016-05-02,262.32571369728777
2016-05-03,267.769187315016
2016-05-04,269.601599106994
2016-05-05,271.89651105734487
2016-05-06,269.7892074733565
2016-05-09,272.0705310748375
2016-05-10,272.0705310748375
2016-05-11,273.1491278011758
2016-05-12,270.0884434065589
2016-05-13,273.4575783479086
2016-05-16,268.8486216743311
2016-05-17,268.0591577634877
2016-05-18,258.3634881108966
2016-05-19,259.5915626233444
2016-05-20,260.2993178592558
2016-05-23,260.5273778343398
2016-05-24,258.76036903479934
2016-05-25,258.1415292853982
2016-05-26,260.562110162422
2016-05-27,258.8176786584329
2016-05-30,258.22343505389597
2016-05-31,259.5665427389959
2016-06-01,259.341629568821
2016-06-02,261.12884688765405
2016-06-03,266.0669355139457
2016-06-06,264.97789046205156
2016-06-07,265.74288275953063
2016-06-08,265.89613501661086
2016-06-09,266.5676649204248
2016-06-10,268.7713354197727
2016-06-13,270.8766438977751
2016-06-14,270.32158143435475
2016-06-15,273.85928512927495
2016-06-16,274.12411955500653
2016-06-17,271.4884765014159
2016-06-20,267.0171501772397
2016-06-21,264.4165938076624
2016-06-22,266.1133598590035
2016-06-23,259.88330924880336
2016-06-24,275.3919490698516
2016-06-27,281.83572410614374
2016-06-28,281.95639398713314
2016-06-29,277.5968574325173
2016-06-30,279.0955687273716
2016-07-01,281.8634871459634
2016-07-04,282.64179946326703
2016-07-05,287.7927551931764
2016-07-06,287.0878707366165
2016-07-07,285.77746269392253
2016-07-08,287.35227449142917
2016-07-11,279.0248163360653
2016-07-12,270.16693353289793
2016-07-13,273.578210151436
2016-07-14,268.92269686165577
2016-07-15,263.3841608771876
2016-07-18,263.93616546228725
2016-07-19,267.26272951800223
2016-07-20,263.9046762342877
2016-07-21,267.3895831722436
2016-07-22,265.7250127320505
2016-07-25,264.616452166235
2016-07-26,265.7238664130462
2016-07-27,271.11827504954
2016-07-28,271.6781328538585
2016-07-29,277.4027647397132
2016-08-01,273.7208744284308
2016-08-02,270.6205999967829
2016-08-03,271.00656211615427
2016-08-04,275.7127090846856
2016-08-05,264.36363950762967
2016-08-08,264.1943847403653
2016-08-09,267.391009621433
2016-08-10,271.5977661223583
2016-08-11,264.1466993335399
2016-08-12,269.0604560790915
2016-08-15,265.71862724600237
2016-08-16,263.6494872933943
2016-08-17,265.8172828745744
2016-08-18,267.5469500167003
2016-08-19,263.3390088753752
2016-08-22,265.94474116245635
2016-08-23,266.2174388436266
2016-08-24,265.6703535670386
2016-08-25,264.03358238255464
2016-08-26,259.35882494651736
2016-08-29,263.0797572521229
2016-08-30,262.5049374300668
2016-08-31,261.7160563660185
2016-09-01,262.7020380755508
2016-09-02,261.0840788404123
2016-09-05,260.67219644907135
2016-09-06,265.23216720929753
2016-09-07,265.13937089636795
2016-09-08,261.6358808412612
2016-09-09,259.1443832700885
2016-09-12,259.91655480830536
2016-09-13,258.01459770599394
2016-09-14,259.23491365088245
2016-09-15,259.64983997331825
2016-09-16,259.5938984979872
2016-09-19,259.1202338997751
2016-09-20,259.6008472169286
2016-09-21,260.1404784517697
2016-09-22,260.7486312870457
2016-09-23,260.96726116333804
2016-09-26,262.0939561258661
2016-09-27,262.43294955887035
2016-09-28,262.10844120506704
2016-09-29,262.6358344767347
2016-09-30,261.34887677746804
2016-10-03,260.2463477695034
2016-10-04,258.35660623311344
2016-10-05,257.6545219853652
2016-10-06,256.7252252634998
2016-10-07,257.1164600662748
2016-10-10,256.50540148234427
2016-10-11,256.570358655704
2016-10-12,256.570358655704
2016-10-13,256.521195806133
2016-10-14,256.6983863766715
2016-10-17,256.3420421063251
2016-10-18,256.0492335574085
2016-10-19,256.02424316821026
2016-10-20,256.2167533643093
2016-10-21,255.96725582768394
2016-10-24,256.364087047558
2016-10-25,256.364087047558
2016-10-26,257.069873281111
2016-10-27,258.37599144605446
2016-10-28,258.08381372673637
2016-10-31,257.525417816768
2016-11-01,257.289274766325
2016-11-02,255.72153488061312
2016-11-03,255.72153488061312
2016-11-04,253.8890345835299
2016-11-07,256.56538164138294
2016-11-08,258.69704804853126
2016-11-09,267.50096087187285
2016-11-10,270.2913093654247
2016-11-11,271.72330630746893
2016-11-14,276.03134594539057
2016-11-15,276.84546266178796
2016-11-16,276.52763180071315
2016-11-17,281.96017332508103
2016-11-18,289.02893890903624
2016-11-21,286.79741413464575
2016-11-22,285.0796682389791
2016-11-23,292.5486887579231
2016-11-29,292.3846030842523
2016-11-30,306.7392153033086
2016-12-01,316.3858142386822
2016-12-02,305.00113419360116
2016-12-05,305.7528766810745
2016-12-06,303.7792581271603
2016-12-07,295.1782769999837
2016-12-08,304.9658276241448
2016-12-09,318.1267825713595
2016-12-12,317.68575668274826
2016-12-13,316.7677681859363
2016-12-14,345.78096867644445
2016-12-15,357.3792095344992
2016-12-16,352.9606355027548
2016-12-19,336.70400041552637
2016-12-20,342.092792748955
2016-12-21,336.4569218671938
2016-12-22,337.497177386936
2016-12-23,334.80843055721084
2016-12-29,325.0402888614081
2016-12-30,317.0859320637164
2017-01-05,292.78973637310565
2017-01-06,308.2233029739151
2017-01-09,297.1811833234088
2017-01-10,297.98357858020074
2017-01-11,296.38060617894524
2017-01-12,293.99699508902086
2017-01-13,301.44579683236856
2017-01-16,296.1385312733361
2017-01-17,286.3681379200735
2017-01-18,304.27177436996436
2017-01-19,312.0532506389212
2017-01-20,310.00264023664374
2017-01-23,296.2877461337816
2017-01-24,305.5710893357503
2017-01-25,315.72789994266407
2017-01-26,312.3393785018543
2017-01-27,310.1834234052314
2017-01-30,309.87465339814185
2017-01-31,302.7143769699873
2017-02-01,306.6022098438358
2017-02-02,305.99967437929257
2017-02-03,305.0936316523544
2017-02-06,294.22013866565015
2017-02-07,292.03818564410915
2017-02-08,285.12538342999875
2017-02-09,294.2115619683574
2017-02-10,295.6136594927174
2017-02-13,298.16994032543806
2017-02-14,304.44001011940844
2017-02-15,307.6735196997375
2017-02-16,300.8448502018437
2017-02-17,296.3817635607917
2017-02-20,297.0260121404244
2017-02-21,297.2396809179988
2017-02-22,295.3262082022725
2017-02-23,291.36922636043613
2017-02-24,285.456711045037
2017-02-27,290.73851606412825
2017-02-28,291.4028697159833
2017-03-01,299.53682192220526
2017-03-02,301.64183230790815
2017-03-03,300.5587810345757
2017-03-06,300.716616517224
2017-03-07,302.82016409785103
2017-03-08,306.32393901300554
2017-03-09,309.4341125655163
2017-03-10,307.0709578742277
2017-03-13,311.00623528282307
2017-03-14,309.43987813113336
2017-03-15,297.00161196217925
2017-03-16,300.61536303555414
2017-03-17,297.16119007262887
2017-03-20,293.9686469307432
2017-03-21,290.4502500842593
2017-03-22,290.0212146427168
2017-03-23,291.1210524813932
2017-03-24,290.72129906561014
2017-03-27,288.40680322180623
2017-03-28,291.2641268098821
2017-03-29,288.9983695727721
2017-03-30,290.88282348894137
2017-03-31,289.3760686172439
2017-04-03,286.08844514714036
2017-04-04,286.87039397297565
2017-04-05,285.53333483901406
2017-04-06,286.0054442724064
2017-04-07,287.31769687830433
2017-04-10,286.7832882827391
2017-04-11,285.4426195842055
2017-04-12,284.98165567210594
2017-04-13,284.733530369102
2017-04-19,283.82451594411566
2017-04-20,283.0216020731645
2017-04-21,283.5317631298729
2017-04-24,282.2518478672132
2017-04-25,279.5167842532842
2017-04-26,280.99184711330656
2017-04-27,281.3402003147314
2017-04-28,281.6209515414839
2017-05-01,280.3165244142393
2017-05-02,281.97592351616566
2017-05-03,279.89620658373633
2017-05-04,278.13169799042396
2017-05-05,278.67806861594033
2017-05-08,276.34372797698177
2017-05-09,276.02580152258923
2017-05-10,275.7141079492187
2017-05-11,276.52507494737347
2017-05-12,280.13322269676615
2017-05-15,279.34914327215125
2017-05-16,280.4628871022638
2017-05-17,286.09811322150546
2017-05-18,285.2654544574283
2017-05-19,284.9209914517992
2017-05-22,283.9189610969586
2017-05-23,281.78229431213197
2017-05-24,284.24836427901647
2017-05-25,284.24836427901647
2017-05-26,284.8586220132882
2017-06-01,284.8586220132882
2017-06-02,290.2986783845059
2017-06-05,287.79909823918587
2017-06-06,292.18047302225017
2017-06-07,288.84391366554854
2017-06-08,287.350463370125
2017-06-09,285.58683752610904
2017-06-12,285.58683752610904
2017-06-13,286.050537826781
2017-06-14,294.175834492046
2017-06-15,290.6410063858814
2017-06-16,292.3167954416858
2017-06-19,286.8050498938367
2017-06-20,290.94307464716593
2017-06-21,289.945215085248
2017-06-22,291.4836136096738
2017-06-23,291.749263791047
2017-06-26,292.2989504843903
2017-06-27,282.3437538932807
2017-06-28,282.5926581040488
2017-06-29,276.10919138231435
2017-06-30,271.3494179088998
2017-07-03,265.9624129604951
2017-07-04,265.9624129604951
2017-07-05,267.6454939907153
2017-07-06,265.28381222542305
2017-07-07,264.2982446636291
2017-07-14,265.1543228724946
2017-07-17,265.42727143406506
2017-07-18,266.7012489684221
2017-07-19,266.4175955650112
2017-07-20,266.6388926520448
2017-07-21,267.05654856750397
2017-07-24,266.73906904679444
2017-07-25,265.3921867199058
2017-07-26,265.8548498465248
2017-07-27,265.72998268496843
2017-07-28,265.81405050247304
2017-07-31,265.79883644384745
2017-08-01,265.784410480873
2017-08-02,265.78911726148317
2017-08-03,265.7393614534801
2017-08-04,265.7257624446386
2017-08-07,265.72597267795845
2017-08-08,265.72662505391924
2017-08-09,265.7089999863571
2017-08-10,265.7094879790434
2017-08-11,265.7671599782222
2017-08-14,265.5337217034348
2017-08-15,265.0568424972157
2017-08-16,265.46622041125477
2017-08-17,265.7900853784112
2017-08-18,265.6913505277487
2017-08-21,265.8760660083809
2017-08-22,265.15474039692737
2017-08-23,266.0605179634541
2017-08-24,265.4291542943786
2017-08-25,266.0101739771852
2017-08-28,266.44585832315715
2017-08-29,267.50608002029776
2017-08-30,266.92606491573525
2017-08-31,267.65819040165763
2017-09-01,265.53927681750076
2017-09-04,266.87220350374383
2017-09-05,270.66557753867875
2017-09-06,268.4044349088892
2017-09-07,271.7664467523244
2017-09-08,271.0655321936792
2017-09-11,266.0106157619841
2017-09-12,263.96240423173373
2017-09-13,262.4030484890342
2017-09-14,262.52139223357534
2017-09-15,261.334022342314
2017-09-18,259.70740230733986
2017-09-19,258.82465487709044
2017-09-20,256.9426725835149
2017-09-21,256.4752518863291
2017-09-22,257.5738079141843
2017-09-25,258.9731405313902
2017-09-26,258.23398493414976
2017-09-27,256.3665400306232
2017-09-28,256.42248026005524
2017-09-29,255.56766283456844
2017-10-02,255.56766283456844
2017-10-03,255.80096359593418
2017-10-04,255.7866021555355
2017-10-05,255.71958773111962
2017-10-06,255.75352390168985
2017-10-09,255.69984807168123
2017-10-10,255.58356804946314
2017-10-11,255.350342730011
2017-10-12,255.07054709038823
2017-10-13,253.91744575120737
2017-10-16,254.69718575885807
2017-10-20,256.4282831275048
2017-10-23,255.8358968828253
2017-10-24,257.1261984077664
2017-10-25,257.7070752590279
2017-10-26,258.63493069736217
2017-10-27,256.4802327111677
2017-10-30,254.3718767230894
2017-10-31,255.25232020995995
2017-11-01,254.84561673450276
2017-11-02,253.48470240599084
2017-11-03,252.66661214936502
2017-11-06,252.0719913651435
2017-11-07,251.97720857953257
2017-11-08,252.97618938166517
2017-11-09,252.97618938166517
2017-11-10,255.98823450779537
2017-11-13,256.33604839651724
2017-11-14,255.56198365638366
2017-11-15,253.08426522448664
2017-11-16,254.9195606693972
2017-11-17,254.13066902116097
2017-11-20,255.54060561405376
2017-11-21,255.646034357349
2017-11-22,252.73372106798266
2017-11-23,252.8872765269199
2017-11-24,253.8563778082643
2017-11-27,252.92591037682905
2017-11-28,253.33299430129577
2017-12-04,254.03211559599387
2017-12-05,253.52943138176926
2017-12-06,252.5867453870458
2017-12-07,253.4137954117919
2017-12-08,253.66856091032523
2017-12-11,254.0333622539565
2017-12-12,254.33219032230036
2017-12-13,252.39611430039668
2017-12-14,252.87587132106157
2017-12-15,252.87587132106157
2017-12-18,253.3550353823044
2017-12-19,254.2949347534273
2017-12-20,254.8888888849658
2017-12-21,254.8434021612529
2017-12-22,254.8434021612529
2017-12-28,255.56129006452863
2017-12-29,254.72433514412987
2018-01-04,255.3901613415349
2018-01-05,256.36927105783457
2018-01-08,256.41409772179344
2018-01-09,259.27428254973086
2018-01-10,259.27428254973086
2018-01-11,259.16113639077815
2018-01-12,260.0415922757601
2018-01-15,260.0415922757601
2018-01-16,259.2726227495901
2018-01-17,262.2413258399171
2018-01-18,265.0612034790372
2018-01-19,267.18617258381136
2018-01-22,269.77327170486365
2018-01-23,264.9649748921993
2018-01-24,267.40069573446885
2018-01-25,265.2945811813571
2018-01-26,271.11820497028043
2018-01-29,275.45563921264846
2018-01-30,279.1941677816635
2018-01-31,280.2117114124951
2018-02-01,289.09933186699874
2018-02-02,299.96415081340956
2018-02-05,286.56175883443257
2018-02-06,288.0779868842874
2018-02-07,294.1877749396444
2018-02-08,293.7526765598521
2018-02-09,294.680325738691
2018-02-12,298.631114100441
2018-02-13,293.89619926901895
2018-02-14,318.27836026163874
2018-02-15,317.26281550578534
2018-02-16,307.5456733218189
2018-02-19,313.2109328095427
2018-02-20,311.21395155253725
2018-02-21,325.47461800573086
2018-02-22,316.2426068647086
2018-02-23,300.83173906979914
2018-02-26,299.67211979132213
2018-02-27,315.1309883473048
2018-02-28,304.85046857554306
2018-03-01,287.078954054489
2018-03-07,286.54770800197554
2018-03-08,281.7177987750703
2018-03-09,286.48976592220777
2018-03-12,280.56174465395884
2018-03-13,274.2278575474863
2018-03-14,269.61905177984414
2018-03-15,272.61747525615
2018-03-16,275.62615625410797
2018-03-19,278.65413326372874
2018-03-20,288.33368482193646
2018-03-21,282.72468594406814
2018-03-22,269.2142536239644
2018-03-23,266.1104033163753
2018-03-26,273.4668297581156
2018-03-27,258.48470922753717
2018-03-28,260.62945002575077
2018-03-29,255.70346372330954
2018-04-04,257.38741795208944
2018-04-05,260.7424480335348
2018-04-06,252.63192356071391
2018-04-09,253.62577791680096
2018-04-10,256.07336158523174
2018-04-11,254.37642242726037
2018-04-12,261.2453819725515
2018-04-13,260.1111649688945
2018-04-16,261.4780889162401
2018-04-17,260.55247938406785
2018-04-18,266.60785772218003
2018-04-19,270.0611859230352
2018-04-20,275.320481063825
2018-04-23,278.78971320834944
2018-04-24,279.5824171431587
2018-04-25,282.98313384216516
2018-04-26,278.13228454099396
2018-04-27,275.05371089761024
2018-04-30,272.8478499468165
2018-05-01,276.392564021799
2018-05-02,275.38959687374074
2018-05-03,270.2130279222745
2018-05-04,270.2130279222745
2018-05-07,270.2130279222745
2018-05-08,274.7937072725184
2018-05-09,279.8298518942041
2018-05-10,276.49764825187134
2018-05-11,276.49764825187134
2018-05-14,281.11990883925944
2018-05-15,294.6148499696915
2018-05-16,299.17429895046826
2018-05-17,300.3893213103563
2018-05-18,289.1332458612175
2018-05-21,287.508603815808
2018-05-22,288.76377559218827
2018-05-23,273.5561088921623
2018-05-24,271.33667353343253
2018-05-25,261.0283510272987
2018-05-31,261.86176251086835
2018-06-01,269.1775335218111
2018-06-04,275.33470938132604
2018-06-05,271.0444895282539
2018-06-12,273.41492410731576
2018-06-13,276.16723394071147
2018-06-14,270.7808478910464
2018-06-15,269.2264315086626
2018-06-18,267.9700595866487
2018-06-19,262.58655229971765
2018-06-20,268.9535721153818
2018-06-21,263.5443479114321
2018-06-22,263.83196728001315
2018-06-25,261.2359503976373
2018-06-26,260.67091458902405
2018-06-27,253.95212757705755
2018-06-28,255.71028453524787
2018-06-29,257.9187954024342
2018-07-02,258.8846441243733
2018-07-03,255.29237296318277
2018-07-04,256.0800330304524
2018-07-05,255.30911293000554
2018-07-06,254.02729219573712
2018-07-09,257.29879997731814
2018-07-10,258.28613917497876
2018-07-11,255.92443731082662
2018-07-12,256.8614333584868
2018-07-13,254.6456256239265
2018-07-16,256.7250942953149
2018-07-17,257.39943604031026
2018-07-18,258.07074390591424
2018-07-19,255.0370293628093
2018-07-20,258.4053720966908
2018-07-23,262.79516994483754
2018-07-24,262.36537363642435
2018-07-25,263.4355459525966
2018-07-26,265.241272929089
2018-07-27,263.11506999666744
2018-07-30,264.21397663036777
2018-07-31,263.6296969063038
2018-08-01,267.5208733730416
2018-08-02,265.17581820452165
2018-08-03,260.77010719301956
2018-08-06,259.5062999972511
2018-08-07,262.8868730505709
2018-08-08,261.6059469656257
2018-08-09,259.21932261375946
2018-08-10,250.26459552596597
2018-08-13,251.53083307785047
2018-08-14,252.87597890346234
2018-08-15,249.87621764187116
2018-08-16,251.24819635217742
2018-08-17,251.36431449276975
2018-08-20,248.4200792516031
2018-08-21,248.94375314375628
2018-08-22,248.7158703076617
2018-08-23,249.03720073493946
2018-08-24,248.87466564649552
2018-08-27,249.57193687069784
2018-08-28,250.63970048403496
2018-08-29,250.78452605000234
2018-08-30,250.15003416658587
2018-08-31,250.07450348268233
2018-09-03,250.1475295837852
2018-09-04,250.6494412771724
2018-09-05,250.6494412771724
2018-09-06,250.025960739988
2018-09-07,251.50640743853705
2018-09-10,251.38039371900285
2018-09-11,252.4730642108834
2018-09-12,252.1144198522328
2018-09-13,252.46462801578247
2018-09-14,253.60428316300445
2018-09-17,252.65960969214865
2018-09-18,256.32031401919386
2018-09-19,256.76708808852885
2018-09-20,256.76708808852885
2018-09-21,256.61860768137
2018-09-24,258.2773250939264
2018-09-25,259.3833602317634
2018-09-26,254.46976011791688
2018-09-27,254.46976011791688
2018-09-28,255.7540196783441
2018-10-01,257.1179599765881
2018-10-02,254.6984768953648
2018-10-03,268.3703208117531
2018-10-04,268.800849334197
2018-10-05,274.00805690956
2018-10-08,272.473919482897
2018-10-09,270.2624833350139
2018-10-10,261.75186353938136
2018-10-11,261.75186353938136
2018-10-12,261.75186353938136
2018-10-15,261.44740454698353
2018-10-16,263.65558668678364
2018-10-17,269.56893191157525
2018-10-18,263.1061205358301
2018-10-19,265.44513577096154
2018-10-22,266.138905057222
2018-10-23,260.02388595996626
2018-10-24,248.43616544289597
2018-10-25,249.9707196287396
2018-10-26,244.42694481494996
2018-10-29,244.71814770538208
2018-10-30,250.19832489673868
2018-10-31,253.8979793476544
2018-11-01,251.31383363434958
2018-11-02,260.7086349934499
2018-11-05,260.98236996913505
2018-11-06,261.83054656913237
2018-11-07,265.3394914955419
2018-11-08,266.2484682740022
2018-11-09,258.6731477212986
2018-11-12,253.61157277527352
2018-11-13,252.46350937609174
2018-11-14,248.17258168556177
2018-11-15,245.43923377949062
2018-11-16,238.8574760185651
2018-11-19,239.09006570581798
2018-11-20,239.53604170849565
2018-11-21,239.32189197346793
2018-11-22,240.14166456946984
2018-11-23,238.1690378971212
2018-11-26,239.08755229109286
2018-11-27,239.08755229109286
2018-11-28,237.25179894552616
2018-11-29,235.8822186418963
2018-11-30,237.1102985762842
2018-12-03,233.47893336627007
2018-12-04,232.2593741264093
2018-12-05,231.61337380723435
2018-12-06,230.97102571785544
2018-12-07,230.0273474608292
2018-12-10,229.9310701967161
2018-12-11,229.2767864942061
2018-12-12,228.5827818897737
2018-12-13,228.7897598709263
2018-12-14,229.4761587020832
2018-12-17,231.13320632938908
2018-12-18,233.45770963650878
2018-12-19,236.03049759853337
2018-12-20,233.86536308284028
2018-12-21,234.7933075294855
2018-12-24,234.58411024013648
2018-12-25,240.14679317042348
2018-12-26,233.19645093115454
2018-12-27,239.01384425962155
2018-12-28,243.10063642306002
2018-12-31,244.48438676368374
2019-01-01,247.80523712423138
2019-01-02,265.17437853093406
2019-01-03,272.54334114545725
2019-01-04,253.7182068984947
2019-01-07,249.68678355021203
2019-01-08,242.50925362223583
2019-01-09,246.08409295348142
2019-01-10,244.83160543016623
2019-01-11,251.00864591124102
2019-01-14,249.64883271353676
2019-01-15,246.8266505889197
2019-01-16,245.74225501588347
2019-01-17,239.41491007449434
2019-01-18,231.32541268698512
2019-01-21,233.09192073156413
2019-01-22,238.49800415239804
2019-01-23,238.12931134674633
2019-01-24,243.01481851044295
2019-01-25,234.90620776262455
2019-01-28,238.61136453072294
2019-01-29,243.5356625158506
2019-01-30,252.85750260603868
2019-01-31,260.3598508767316
2019-02-01,248.51488601710395
2019-02-04,243.5580991435691
2019-02-05,246.20547557535758
2019-02-06,248.1431152038103
2019-02-07,256.09186540483404
2019-02-08,258.9337275602559
2019-02-11,254.3076421521242
2019-02-12,246.30384761859622
2019-02-13,244.68188482506474
2019-02-14,253.24873193902286
2019-02-15,249.54471232737566
2019-02-18,249.13354724100043
2019-02-19,256.6397073989373
2019-02-20,256.2161493159397
2019-02-21,246.26668495157276
2019-02-22,250.3050579540349
2019-02-25,252.35769769042386
2019-02-26,257.80092664550097
2019-02-27,248.8186200986965
2019-02-28,239.14251545783998
2019-03-01,229.1599834511566
2019-03-04,236.08878730091166
2019-03-05,236.7333959800313
2019-03-06,242.83094104473045
2019-03-07,250.47672123985384
2019-03-08,254.59455592135836
2019-03-11,247.44686139627223
2019-03-12,256.1197111825027
2019-03-13,253.04627763955742
2019-03-14,253.04627763955742
2019-03-15,258.41329171992305
2019-03-18,256.4775626430039
2019-03-19,253.8526998467602
2019-03-20,267.71597671579457
2019-03-21,266.78210857927024
2019-03-22,281.6457167939005
2019-03-25,288.17269783095554
2019-03-26,287.18395513129957
2019-03-27,294.86595681247064
2019-03-28,288.9624123380576
2019-03-29,280.2854079750029
2019-04-01,269.5211227147962
2019-04-02,273.0343058793249
2019-04-03,265.0593256798027
2019-04-04,266.8108827240428
2019-04-05,267.88503954355235
2019-04-08,265.3241975927353
2019-04-09,268.26495364917025
2019-04-10,273.9000239077646
2019-04-11,268.9015693769534
2019-04-12,256.327310113925
2019-04-15,257.0072069993188
2019-04-16,252.2354642796696
2019-04-17,250.91791117577515
2019-04-18,254.4932864817178
2019-04-19,256.7655005176004
2019-04-22,253.1779485029997
2019-04-23,256.3587474146456
2019-04-24,264.0096511068117
2019-04-25,262.7484306418959
2019-04-26,267.52541255235326
2019-04-29,264.933323002237
2019-04-30,267.2124105623814
2019-05-01,266.54573514979944
2019-05-02,258.0662838863038
2019-05-03,268.96156790639225
2019-05-06,270.4385761289924
2019-05-07,271.3516817905165
2019-05-08,268.84181768318996
2019-05-09,274.53934817337387
2019-05-10,275.5068557122486
2019-05-13,282.523964061714
2019-05-14,281.8400152904311
2019-05-15,287.53554087332424
2019-05-16,284.5713730248927
2019-05-17,284.1905291230916
2019-05-20,279.0518539313716
2019-05-21,275.11842514819176
2019-05-22,282.9618878036662
2019-05-23,296.01326596276743
2019-05-24,296.39999796557083
2019-05-27,296.39999796557083
2019-05-28,307.0524541658287
2019-05-29,307.48864872224823
2019-05-30,317.63220350644923
2019-05-31,345.46849057162035
2019-06-03,358.04836489693895
2019-06-04,340.86072083803316
2019-06-05,346.18509118297123
2019-06-06,346.66102720512475
2019-06-07,340.0807756764916
2019-06-10,336.96102682719606
2019-06-11,337.50035809378033
2019-06-12,347.0841803970961
2019-06-13,360.10508149554295
2019-06-14,358.8645009729455
2019-06-17,356.92223554691196
2019-06-18,364.98322932832565
2019-06-19,381.2239595077629
2019-06-20,381.9611370194113
2019-06-21,371.1548859331471
2019-06-24,385.81315734952256
2019-06-25,391.45408818250286
2019-06-26,369.4679806075335
2019-06-27,378.93931604672844
2019-06-28,366.6074017075208
2019-07-01,381.13802238822495
2019-07-02,397.853076053077
2019-07-03,402.1884032798694
2019-07-04,406.7033591089509
2019-07-05,354.9924140200694
2019-07-08,353.61123078181186
2019-07-09,343.1457833049575
2019-07-10,355.3498209157318
2019-07-11,328.3724578036984
2019-07-12,334.32133179113873
2019-07-15,340.3464855699517
2019-07-16,333.00537928386245
2019-07-17,350.3582007875132
2019-07-18,354.54669519203276
2019-07-19,348.4397580432784
2019-07-22,352.67443916131054
2019-07-23,344.6629365109176
2019-07-24,353.1030949937717
2019-07-25,342.06441211220977
2019-07-26,343.82734697281177
2019-07-29,345.0139730600603
2019-07-30,346.21159452595924
2019-07-31,351.65405502820227
2019-08-01,399.590864081413
2019-08-02,404.50434241538574
2019-08-05,447.8497827360821
2019-08-06,441.3589562760087
2019-08-07,437.50302255479704
2019-08-08,445.5405247659998
2019-08-09,431.7135646815994
2019-08-12,451.2578266581994
2019-08-13,433.1454131756721
2019-08-14,457.617668004904
2019-08-15,473.4374251634364
2019-08-16,463.6873754088686
2019-08-19,453.79533552331964
2019-08-20,466.11159474804697
2019-08-21,455.0729545841995
2019-08-22,447.0947924500573
2019-08-23,494.0429825301317
2019-08-26,499.3471262521682
2019-08-27,478.9788326978953
2019-08-28,482.5645244778687
2019-08-29,495.5731603190464
2019-08-30,486.5261269527857
2019-09-02,479.36491031480034
2019-09-03,476.08021076609566
2019-09-04,494.11138240124865
2019-09-05,483.74991945551517
2019-09-06,459.63061901477664
2019-09-09,458.9870535701714
2019-09-10,433.5593643615938
2019-09-11,409.1854111897928
2019-09-12,401.1438111595241
2019-09-13,369.88564412554894
2019-09-16,371.60880923870235
2019-09-17,377.9800637795961
2019-09-18,383.4628628042894
2019-09-19,385.1424230176826
2019-09-20,392.6511926332579
2019-09-23,393.48542108380616
2019-09-24,400.5592546945435
2019-09-25,414.7745901733139
2019-09-26,403.51694398478924
2019-09-27,409.8922295896811
2019-09-30,408.2810611954592
2019-10-01,403.4366502657071
2019-10-02,415.3868342934263
2019-10-03,431.3161408214773
2019-10-04,446.3712248158382
2019-10-07,446.3712248158382
2019-10-08,432.6684545638249
2019-10-09,443.4074989597729
2019-10-10,435.67225238629004
2019-10-11,399.6390100433086
2019-10-14,402.90093383279145
2019-10-15,405.2696800034329
2019-10-16,399.3450124236281
2019-10-17,401.6419772284419
2019-10-18,400.7833069369994
2019-10-21,398.79732181721073
2019-10-22,390.9696003509579
2019-10-23,397.54746321463205
2019-10-24,396.5120182654864
2019-10-25,390.8952406826892
2019-10-28,389.6795518629748
2019-10-29,383.9977707836424
2019-10-30,387.5354609159923
2019-10-31,391.40005450552843
2019-11-01,396.6558165133056
2019-11-04,394.99819410036724
2019-11-05,389.2649883192343
2019-11-06,384.6742490620639
2019-11-07,387.5145956719985
2019-11-08,376.7155890855381
2019-11-11,378.71368789760805
2019-11-12,376.00768944857305
2019-11-13,377.8541450879659
2019-11-14,380.71073751168194
2019-11-15,382.52014926822994
2019-11-18,382.43385556714696
2019-11-19,382.7658925222568
2019-11-20,384.93477112615085
2019-11-21,385.3311544792976
2019-11-22,383.39224849185564
2019-11-25,383.16186278063685
2019-11-26,384.1317437119876
2019-11-27,384.64974392947033
2019-11-28,383.6029421816259
2019-11-29,382.2243380336387
2019-12-02,381.7569881694973
2019-12-03,380.8388280705715
2019-12-04,384.3704239197522
2019-12-05,383.38412595143785
2019-12-06,381.27221327352635
2019-12-09,381.4276864868147
2019-12-10,381.7070664396668
2019-12-11,381.3231950970673
2019-12-12,381.79069319994454
2019-12-13,381.4114977504344
2019-12-16,381.36917683931915
2019-12-17,381.129609209846
2019-12-18,381.041503675434
2019-12-19,380.95753166332366
2019-12-20,380.95753166332366
2019-12-23,380.8635054366947
2019-12-24,381.0077328308572
2019-12-25,380.67543665263406
2019-12-26,380.79580122417303
2019-12-27,379.7483075026959
2019-12-30,379.7971953092883
2019-12-31,380.31516583594015
2020-01-01,381.04871403620837
2020-01-02,380.7315637769121
2020-01-03,375.37943867033084
2020-01-06,375.62754756782795
2020-01-07,376.1982716288941
2020-01-08,375.6654231331033
2020-01-09,376.6451788479685
2020-01-10,376.2349159959971
2020-01-13,376.2923878132143
2020-01-14,376.458263421046
2020-01-15,376.16808936708395
2020-01-16,376.14080604868826
2020-01-17,376.15965710333035
2020-01-20,376.16050286065354
2020-01-21,376.2262737718119
2020-01-22,376.21658270352987
2020-01-23,376.53198399511984
2020-01-24,378.020312888926
2020-01-27,377.73613799559837
2020-01-28,378.3370271773821
2020-01-29,377.61505384562565
2020-01-30,380.69616363775606
2020-01-31,383.56413224590113
2020-02-03,382.7909883365205
2020-02-04,379.42538879070344
2020-02-05,378.0268087349283
2020-02-06,372.1022162005945
2020-02-07,379.6309783233031
2020-02-10,376.8139989843885
2020-02-11,377.7440326330118
2020-02-12,375.26850226716846
2020-02-13,377.31503911874904
2020-02-14,376.41823257511373
2020-02-17,376.41823257511373
2020-02-18,380.51198916425557
2020-02-19,379.29141840492457
2020-02-20,379.0793764181646
2020-02-21,394.3291736597959
2020-02-24,395.14538104233543
2020-02-25,397.57932706104623
2020-02-26,405.47586732609926
2020-02-27,411.8380565488241
2020-02-28,444.334744704757
2020-03-02,444.7983761903343
2020-03-03,438.8212780563339
2020-03-04,465.6239001337659
2020-03-05,458.1560608358918
2020-03-06,523.9268335082141
2020-03-09,524.6139078690014
2020-03-10,494.0225365392858
2020-03-11,506.9891781216375
2020-03-12,501.77350701251714
2020-03-13,504.53720052800355
2020-03-16,507.4951266480926
2020-03-17,490.1556063715453
2020-03-18,456.108737510057
2020-03-19,421.30548945711973
2020-03-20,485.3142935587218
2020-03-23,482.41832340175756
2020-03-24,485.41518817491374
2020-03-25,476.27373767611994
2020-03-26,482.3624054420473
2020-03-27,501.142983332222
2020-03-30,499.01860585364994
2020-03-31,499.01860585364994
2020-04-01,507.7675089364737
2020-04-02,508.3560150377754
2020-04-03,504.7136410532305
2020-04-06,500.06416399871483
2020-04-07,485.2552863083737
2020-04-08,484.94534908740565
2020-04-09,484.31340468969415
2020-04-10,489.7809091673894
2020-04-13,487.4685047686665
2020-04-14,482.78002281921414
2020-04-15,491.88252272104324
2020-04-16,508.52077302112895
2020-04-17,506.7325471033398
2020-04-20,508.1869973205671
2020-04-21,510.4159906125245
2020-04-22,516.8737281091574
2020-04-23,507.8919761522541
2020-04-24,506.33473277762516
2020-04-27,500.81399260490053
2020-04-28,496.86164865883853
2020-04-29,505.1963007747473
2020-04-30,508.44408301321425
2020-05-01,508.85777662029136
2020-05-04,509.69725304555345
2020-05-05,500.75046735676426
2020-05-06,496.5351323978638
2020-05-07,496.1135592795639
2020-05-08,500.7855463562995
2020-05-11,502.07950662930665
2020-05-12,500.333937159177
2020-05-13,508.2326104688069
2020-05-14,515.3847876343983
2020-05-15,514.0158988668591
2020-05-18,515.8600954724582
2020-05-19,499.93627629372884
2020-05-20,504.85886679448527
2020-05-21,509.84811039412784
2020-05-22,510.30870603557884
2020-05-25,510.30870603557884
2020-05-26,505.1390192169363
2020-05-27,506.0741550021098
2020-05-28,504.659641917566
2020-05-29,513.6485021015937
2020-06-01,513.6485021015937
2020-06-02,507.8288689048795
2020-06-03,488.0983384539978
2020-06-04,477.16166773384134
2020-06-05,458.4811197564815
2020-06-08,463.24626922294306
2020-06-09,472.94840595903764
2020-06-10,490.20905441996695
2020-06-11,502.39740347386396
2020-06-12,495.63157077975734
2020-06-15,495.63157077975734
2020-06-16,489.24212883668866
2020-06-17,491.21788850759145
2020-06-18,497.50897984573055
2020-06-19,496.5064095296201
2020-06-22,494.82331586391217
2020-06-23,495.8362471276371
2020-06-24,498.56257867788474
2020-06-25,499.25333954882643
2020-06-26,506.25106126411987
2020-06-29,508.7385801820389
2020-06-30,505.0914460317611
2020-07-01,500.68399643636985
2020-07-02,503.2452418195744
2020-07-08,501.41418672979097
2020-07-09,508.83871361400435
2020-07-10,500.1371711985257
2020-07-13,505.27385579291655
2020-07-14,504.89981221098753
2020-07-15,504.5183199781352
2020-07-16,507.2377013143859
2020-07-17,505.2481301872615
2020-07-20,507.26422693812293
2020-07-21,510.15113141933944
2020-07-22,509.7277639476392
2020-07-23,511.8926839965992
2020-07-24,510.5576201480441
2020-07-27,506.4740700225226
2020-07-28,514.6403616962045
2020-07-29,516.9354606604496
2020-07-30,523.0995652681727
2020-07-31,528.4934556773021
2020-08-03,523.3735199618286
2020-08-04,535.350013587898
2020-08-05,524.7539754556474
2020-08-06,527.8604138411016
2020-08-07,521.4132264159698
2020-08-10,518.1920661500131
2020-08-11,501.9351250594898
2020-08-12,493.80161602842855
2020-08-13,487.95535544043094
2020-08-14,493.8953760540672
2020-08-17,498.0195674561753
2020-08-18,500.87013703704315
2020-08-19,498.83965598485895
2020-08-20,504.8477081899757
2020-08-21,506.83920509284303
2020-08-24,501.98807355462327
2020-08-25,497.25595450569864
2020-08-26,497.6349711161062
2020-08-27,487.9058209402271
2020-08-28,495.34279602089936
2020-08-31,496.861191202028
2020-09-01,501.36789360226584
2020-09-02,503.7585052889592
2020-09-03,505.89279891746594
2020-09-04,493.0040327232496
2020-09-10,494.08272243072577
2020-09-11,496.1852750318273
2020-09-14,495.354624878705
2020-09-15,494.9462487466185
2020-09-16,493.7442517542103
2020-09-17,493.7442517542103
2020-09-18,493.18376653450724
2020-09-21,495.69056084866565
2020-09-22,495.51515122199487
2020-09-23,494.8154860059839
2020-09-24,495.50235298198754
2020-09-25,496.53006428210415
2020-09-28,496.7041037745648
2020-09-29,497.2381377516193
2020-09-30,495.0332123590605
2020-10-01,495.2091829791419
2020-10-02,493.46770084387794
2020-10-05,487.0056025652074
2020-10-06,489.12089887783355
2020-10-07,487.20983350802067
2020-10-08,487.41577802688664
2020-10-09,487.43275211297873
2020-10-12,487.3838594324495
2020-10-13,486.96223432037976
2020-10-14,486.9283570459838
2020-10-15,487.1868207278794
2020-10-16,487.46058250210854
2020-10-19,488.28443703803055
2020-10-20,488.6330877108062
2020-10-21,490.58390247942924
2020-10-22,492.4556216834766
2020-10-23,492.122871872278
2020-10-26,488.12388385702644
2020-10-27,484.5873680065588
2020-10-28,485.42352417193035
2020-10-29,490.50104336105676
2020-10-30,495.3401236995458
2020-11-02,492.8260765334918
2020-11-03,496.9154555725843
2020-11-04,480.5005219174265
2020-11-05,480.94359548318994
2020-11-06,485.6619547050168
2020-11-09,496.8398555382083
2020-11-10,501.21911839210077
2020-11-11,499.54032720967183
2020-11-12,489.64550134222907
2020-11-13,491.3710286921836
2020-11-16,492.1469154619574
2020-11-17,486.72082942333645
2020-11-18,488.33819411548376
2020-11-19,483.8888889445131
2020-11-20,483.33773610596876
2020-11-23,487.2392806292827
2020-11-24,488.37472914561897
2020-11-25,488.0826588706403
2020-12-01,500.03051839877014
2020-12-02,500.03051839877014
2020-12-03,495.29402581627073
2020-12-04,502.3576326822341
2020-12-07,495.7116300968233
2020-12-08,495.0492657449855
2020-12-09,497.782173145049
2020-12-10,492.4639570285664
2020-12-11,487.52188047927365
2020-12-14,488.21720657221033
2020-12-15,490.3266644361414
2020-12-16,491.3985710426722
2020-12-17,493.2193838045246
2020-12-18,495.0825686019029
2020-12-21,493.551085009682
2020-12-22,490.04732662106596
2020-12-23,493.1473731128171
2020-12-24,491.96510387248367
2020-12-30,491.56923296742735
2020-12-31,488.76581208684786
2021-01-06,503.43169406017364
2021-01-07,511.7861481195006
2021-01-08,519.4995050821389
2021-01-11,524.2633674674992
2021-01-12,524.2633674674992
2021-01-13,514.1675920741145
2021-01-14,519.0038127275303
2021-01-15,509.1896078062782
2021-01-21,512.5023726242222
2021-01-22,508.4807073484915
2021-01-25,493.262619752882
2021-01-26,494.86951023872433
2021-01-27,491.0727804964803
2021-01-28,498.61405305570906
2021-01-29,500.7837756881415
2021-02-01,502.4450724739843
2021-02-02,508.6740539922674
2021-02-03,517.9590215659031
2021-02-04,516.1745379937144
2021-02-05,519.8613820002985
2021-02-08,523.7013683769693
2021-02-09,519.6908380752872
2021-02-10,508.06679915965907
2021-02-11,512.648052373997
2021-02-12,526.0437988475986
2021-02-18,525.3365282806438
2021-02-19,541.3058557525268
2021-02-22,549.2810789380817
2021-02-23,544.7255560362921
2021-02-24,550.986169793512
2021-02-25,636.2215444805294
2021-02-26,631.7390176788058
2021-03-01,610.3863989702664
2021-03-02,599.5118080304393
2021-03-03,619.2342163275315
2021-03-04,643.0207259106764
2021-03-05,652.4205348963883
2021-03-08,672.0444162849768
2021-03-09,645.2129297096619
2021-03-10,637.4272556243083
2021-03-11,633.0254514534157
2021-03-12,670.3754583748242
2021-03-15,666.4833957321875
2021-03-16,668.1080711774698
2021-03-17,665.5523100118064
2021-03-18,699.1877504122552
2021-03-19,707.4572640093942
2021-03-22,692.9212872651069
2021-03-23,656.5948125478025
2021-03-24,651.0951715695796
2021-03-25,660.430729682076
2021-03-26,681.7236542015513
2021-03-29,696.8171542390119
2021-03-30,702.064858694331
2021-03-31,727.116488404862
2021-04-01,693.0342632149428
2021-04-07,695.1482495736524
2021-04-08,666.0542675694176
2021-04-09,684.3269074342813
2021-04-12,690.558682317815
2021-04-13,661.9233712291174
2021-04-14,672.8714029533674
2021-04-15,643.4669408918741
2021-04-16,648.1631064664416
2021-04-19,655.7432935685596
2021-04-20,631.7559254869984
2021-04-21,632.654334456459
2021-04-22,628.1616690030364
2021-04-23,638.836511734545
2021-04-26,643.3183555512198
2021-04-27,664.0899305103028
2021-04-28,655.00437146498
2021-04-29,666.6836973641476
2021-04-30,659.3814112295618
2021-05-03,644.8614899641324
2021-05-04,641.3569432318063
2021-05-05,628.2915150267412
2021-05-06,631.6374090591911
2021-05-07,624.1168704269803
2021-05-10,630.635534951107
2021-05-11,637.9638976013656
2021-05-12,665.7419139524113
2021-05-13,650.8057962832183
2021-05-14,640.2208048464408
2021-05-17,648.3041821549591
2021-05-18,640.8977309947272
2021-05-19,656.9137036968019
2021-05-20,635.9016660423986
2021-05-21,637.8748966327482
2021-05-24,631.296613589962
2021-05-25,616.5355652534686
2021-05-26,621.2527066581141
2021-05-27,629.3810591337108
2021-05-28,627.6599506273164
2021-06-03,639.6005748218431
2021-06-04,619.8715500717374
2021-06-07,622.41426862492
2021-06-08,614.9629838292784
2021-06-09,606.9051736411145
2021-06-10,597.9447588857137
2021-06-11,602.0696879640445
2021-06-14,608.5167705277452
2021-06-15,608.0249251824582
2021-06-16,621.4334235456386
2021-06-17,616.9036799545889
2021-06-18,612.3447904530294
2021-06-21,614.9995645934275
2021-06-22,612.5746216092092
2021-06-23,614.8848966852913
2021-06-24,615.3703157427079
2021-06-25,617.1382839356891
2021-06-28,613.8981259746316
2021-06-29,613.5909957654759
2021-06-30,613.1435586974993
2021-07-01,612.7120680379714
2021-07-02,609.2701817047338
2021-07-08,608.1610382249393
2021-07-09,609.4333828712241
2021-07-12,609.3989990296567
2021-07-13,610.0425679954617
2021-07-14,609.3241777951065
2021-07-15,609.156029769709
2021-07-16,609.1822955487786
2021-07-19,610.2671258405999
2021-07-20,610.1243972650293
2021-07-21,607.7765974933915
2021-07-22,608.2847288003104
2021-07-23,608.6897089305055
2021-07-26,607.9785917620886
2021-07-27,610.5110818785091
2021-07-28,611.2651466402967
2021-07-29,608.3463476018396
2021-07-30,612.5457785334129
2021-08-02,617.3102181448519
2021-08-03,618.4093732509716
2021-08-04,614.9393966141412
2021-08-05,608.5586916733956
2021-08-06,600.5535022508176
2021-08-09,597.0215798492724
2021-08-10,593.3171120637552
2021-08-11,594.9744408987647
2021-08-12,593.5735571791968
2021-08-13,601.9920225861991
2021-08-16,603.7300852487786
2021-08-17,603.7300852487786
2021-08-18,604.2004820342946
2021-08-19,604.9347524915119
2021-08-20,602.6386508080125
2021-08-23,603.6761752598484
2021-08-24,598.5945657461473
2021-08-25,593.4344316875931
2021-08-26,591.7499387267577
2021-08-27,597.7151223270259
2021-08-30,601.2318161342906
2021-08-31,598.553171978257
2021-09-01,600.1055572189323
2021-09-02,601.2357527083166
2021-09-03,598.2127734707019
2021-09-09,601.9849334687786
2021-09-10,597.1341272594148
2021-09-13,598.9276627136152
2021-09-14,603.0804843903519
2021-09-15,600.9212267466287
2021-09-16,595.2254684563305
2021-09-17,591.9625037411677
2021-09-20,597.4945095328565
2021-09-21,596.8489319746086
2021-09-22,597.0668507590565
2021-09-23,582.8953264654829
2021-09-24,582.0445202617893
2021-09-27,579.254536246655
2021-09-28,577.5031769256251
2021-09-29,578.2996908578511
2021-09-30,578.9193615251319
2021-10-01,579.1954996364484
2021-10-04,579.1663567433461
2021-10-05,579.4226503435156
2021-10-06,579.3260519720371
2021-10-07,580.6172334929297
2021-10-08,581.8240793746572
2021-10-11,583.4862378798227
2021-10-12,580.9080870233844
2021-10-13,579.0167035688102
2021-10-14,576.7205242729386
2021-10-15,583.747490437873
2021-10-18,587.960340658069
2021-10-19,589.5486873812195
2021-10-20,590.8417385212963
2021-10-21,599.581186323792
2021-10-22,589.1067692382634
2021-10-25,586.8773158602299
2021-10-26,585.5171786732506
2021-10-27,576.8599134535505
2021-10-28,584.6989089381145
2021-10-29,584.3304439940185
2021-11-01,583.1711959849783
2021-11-02,577.9415651736875
2021-11-03,587.2869033797642
2021-11-04,569.4219027799641
2021-11-05,556.3472841341826
2021-11-08,566.7729687722813
2021-11-09,558.239611122346
2021-11-10,577.2486693002068
2021-11-11,583.8960850795825
2021-11-12,578.392542960574
2021-11-15,584.5029990088505
2021-11-16,587.377575968222
2021-11-17,580.7484192725292
2021-11-18,579.2396909592239
2021-11-19,576.4617877631056
2021-11-22,591.7596926422389
2021-11-23,595.7086562007704
2021-11-24,594.4285411037987
2021-11-30,583.6262020289405
2021-12-01,575.9276088042953
2021-12-02,586.5652678673569
2021-12-03,570.0217029383392
2021-12-06,582.9497967555764
2021-12-07,589.8927049957944
2021-12-08,594.5408458143783
2021-12-09,591.3200067558707
2021-12-10,588.3508084947962
2021-12-13,578.2688453527041
2021-12-14,583.7519429673235
2021-12-15,585.0606331050554
2021-12-16,572.0400247109278
2021-12-17,572.3468493769315
2021-12-20,572.9585587257435
2021-12-21,579.9824254756725
2021-12-22,579.9824254756725
2021-12-23,584.0008023403417
2021-12-29,592.8787876944625
2021-12-30,587.4275211498652
2021-12-31,589.3531969725677
2022-01-03,607.8200284989296
2022-01-04,609.3826789466534
2022-01-05,620.3690618121692
2022-01-06,625.9444673781056
2022-01-07,631.9526251009503
2022-01-10,634.3834101547184
2022-01-11,630.0123732065659
2022-01-12,631.8538576678225
2022-01-13,620.1085988219602
2022-01-14,637.6878717799718
2022-01-20,619.0685527553295
2022-01-21,608.1819143500758
2022-01-24,609.1980599251777
2022-01-25,609.1980599251777
2022-01-26,639.6382169443589
2022-01-27,627.3983927981913
2022-01-28,617.2486241395882
2022-01-31,616.7715150619694
2022-02-01,620.6541269735865
2022-02-02,616.1844720624887
2022-02-03,631.1679558939554
2022-02-04,652.3024530578638
2022-02-07,653.8080605125423
2022-02-08,666.4075174429664
2022-02-09,661.4806672282019
2022-02-10,693.7344332526997
2022-02-11,670.0690689862262
2022-02-14,683.1258069119266
2022-02-15,694.5852336931418
2022-02-16,691.140064153036
2022-02-17,666.0299654668632
2022-02-18,658.1858505035827
2022-02-24,647.99138746811
2022-02-25,649.6821173105052
2022-02-28,609.3364867608227
2022-03-01,577.1123956748456
2022-03-02,607.948532590595
2022-03-03,601.1420806231454
2022-03-04,582.5443053821895
2022-03-07,591.1784050809191
2022-03-08,603.1742073521276
2022-03-09,618.4359162970803
2022-03-10,625.5286938463462
2022-03-11,626.6863416177373
2022-03-14,649.7807978662217
2022-03-15,651.216110713966
2022-03-16,660.8195887003841
2022-03-17,656.7420711635596
2022-03-18,654.4712399312274
2022-03-21,682.9860421352324
2022-03-22,695.7023723495486
2022-03-23,681.566043547675
2022-03-24,695.0732390163971
2022-03-25,717.5916204088187
2022-03-28,716.0895012105907
2022-03-29,703.383950469879
2022-03-30,692.5012809128165
2022-03-31,693.3177200876708
2022-04-01,706.874760594693
2022-04-04,707.3157274123824
2022-04-05,743.0766336234365
2022-04-06,747.1738612265117
2022-04-07,757.7430081096777
2022-04-08,767.8957793258544
2022-04-11,781.850896252571
2022-04-12,756.8766636489474
2022-04-13,745.7867865536898
2022-04-14,773.8974187402995
2022-04-20,750.8156421199201
2022-04-21,779.8378519975661
2022-04-22,769.6579356452389
2022-04-25,745.2681695928303
2022-04-26,712.1291009007409
2022-04-27,740.6241290606936
2022-04-28,741.7361846302372
2022-04-29,772.4886267248331
2022-05-02,786.9983300818341
2022-05-03,788.2053967330803
2022-05-04,764.5136448935747
2022-05-05,792.384517317538
2022-05-06,810.4061794898536
2022-05-09,782.6371738628151
2022-05-10,770.2112136657724
2022-05-11,754.700766840935
2022-05-12,734.5218891492938
2022-05-13,749.867792667764
2022-05-16,737.2432460449469
2022-05-17,771.0023178891962
2022-05-18,745.0219999787015
2022-05-19,734.4053419441888
2022-05-20,718.4090447211468
2022-05-23,736.5261983533545
2022-05-24,707.5448215111433
2022-05-25,702.6557519285057
2022-05-26,701.6912451034427
2022-05-27,705.5209415081272
2022-06-02,699.905821313573
2022-06-03,704.6314461022604
2022-06-06,725.0474617729313
2022-06-07,712.9064678601098
2022-06-08,721.4116890376653
2022-06-09,726.6109630081675
2022-06-10,757.1906838363595
2022-06-13,799.0462533066524
2022-06-14,821.1371905691007
2022-06-15,781.6401379403354
2022-06-16,765.9267938840559
2022-06-17,773.9265336403242
2022-06-23,758.388664622149
2022-06-24,765.1881440858397
2022-06-27,777.478567079582
2022-06-28,773.1714970619125
2022-06-29,757.7619057806645
2022-06-30,740.5436578828425
2022-07-01,716.9213283833639
2022-07-07,725.6939126129053
2022-07-08,736.7970826124653
2022-07-11,726.1501512175996
2022-07-12,721.0916314993432
2022-07-13,718.583903185883
2022-07-14,723.8527642298758
2022-07-15,718.8311661617474
2022-07-18,728.2066923443072
2022-07-19,733.1868430318989
2022-07-20,734.8736792928765
2022-07-21,711.4029599095816
2022-07-22,695.576999418033
2022-07-25,700.0059560310353
2022-07-26,701.3001356091534
2022-07-27,696.8735687671085
2022-07-28,684.3754746994475
2022-07-29,682.611132664874
2022-08-01,677.6771780913285
2022-08-02,691.883131744095
2022-08-03,689.7078636047202
2022-08-04,688.1257544322116
2022-08-05,696.4050176423453
2022-08-08,693.4940295671759
2022-08-09,695.4692903382821
2022-08-10,694.4424990634803
2022-08-11,698.6700653244196
2022-08-12,696.6663976026554
2022-08-15,694.4822894918565
2022-08-16,696.2182789067881
2022-08-17,700.8207356343873
2022-08-18,700.1434047217692
2022-08-19,703.9327273379756
2022-08-22,706.4325619962078
2022-08-23,707.6623107923975
2022-08-24,711.1678659291568
2022-08-25,706.5749262104348
2022-08-26,709.0078742811535
2022-08-29,713.0387483771335
2022-08-30,713.3473790407081
2022-08-31,720.8228629790042
2022-09-01,725.0697687725406
2022-09-02,717.5015998927333
2022-09-08,722.6140431360666
2022-09-09,722.1719619655847
2022-09-12,724.4684493936123
2022-09-13,733.8102039521438
2022-09-14,735.5475787901955
2022-09-15,741.6008176203414
2022-09-16,739.0886707855616
2022-09-19,745.2491175850487
2022-09-20,755.4911756226469
2022-09-21,753.8528913783244
2022-09-22,781.6766856059427
2022-09-23,782.3512974680442
2022-09-26,820.0963080004875
2022-09-27,820.4456588546085
2022-09-28,780.4467538535858
2022-09-29,791.4524332084101
2022-09-30,799.5969624369056
2022-10-03,763.7498757390617
2022-10-04,762.0704214819
2022-10-05,780.4373612118374
2022-10-06,795.0717319247522
2022-10-07,805.1380466023826
2022-10-10,814.1636380191651
2022-10-11,814.1636380191651
2022-10-12,804.1965245373
2022-10-13,815.6980140978501
2022-10-14,830.4955405116027
2022-10-17,824.6867064362104
2022-10-18,821.6905522076662
2022-10-19,851.6001283180171
2022-10-20,870.6058568748426
2022-10-21,855.6490491510765
2022-10-24,859.0170004492832
2022-10-25,825.6562825102451
2022-10-26,806.4150798304581
2022-10-27,783.2928332278168
2022-10-28,810.0067828767061
2022-10-31,819.3132068489025
2022-11-01,824.0923562511055
2022-11-02,834.4494738166017
2022-11-03,849.0519295262837
2022-11-04,843.2516811051363
2022-11-07,856.8258775123303
2022-11-08,831.8211184408128
2022-11-09,818.9336107305177
2022-11-10,748.7472490801787
2022-11-11,754.6023550221239
2022-11-14,758.7599171959672
2022-11-15,743.4477258481094
2022-11-16,732.0701093291266
2022-11-17,745.536513532233
2022-11-18,754.3648955452948
2022-11-21,755.4619909139329
2022-11-22,746.0044131946692
2022-11-23,736.5275468505546
2022-11-29,744.646135303757
2022-11-30,722.7199483872583
2022-12-01,713.3867072332793
2022-12-02,712.4616460395595
2022-12-05,723.5972124610053
2022-12-06,720.324113144747
2022-12-07,709.8236569174898
2022-12-08,716.1143436538424
2022-12-09,721.0330657047386
2022-12-12,722.6985538946691
2022-12-13,714.1761560455286
2022-12-14,712.5156456479478
2022-12-15,712.2821979366338
2022-12-16,713.7714358033847
2022-12-19,717.6741264007512
2022-12-20,721.4069994187472
2022-12-21,720.6060090558585
2022-12-22,721.4882761907274
2022-12-23,723.0850954109334
2022-12-29,721.0870287740237
2022-12-30,723.0001836727348
2023-01-05,725.5010903651882
2023-01-06,716.9224856409317
2023-01-09,716.0474823541696
2023-01-10,718.3243008072152
2023-01-11,716.1591081984648
2023-01-12,713.4564947694732
2023-01-13,714.7358376802013
2023-01-19,714.7089233728182
2023-01-20,714.1576867869901
2023-01-23,713.721387893525
2023-01-24,714.3431986584918
2023-01-25,714.6849967761668
2023-01-26,713.4583633503386
2023-01-27,713.036584359741
2023-01-30,711.9956467243211
2023-01-31,712.8413457283424
2023-02-01,715.7566678752214
2023-02-02,716.6177578326675
2023-02-03,710.8585628841307
2023-02-06,706.102126217454
2023-02-07,705.3852159869845
2023-02-08,706.8110143760903
2023-02-09,705.1348635874909
2023-02-10,703.5208684354811
2023-02-13,704.0642067830381
2023-02-14,703.0903540825152
2023-02-15,702.5780985686772
2023-02-16,702.411236876673
2023-02-17,702.2823528771886
2023-02-23,701.5329262254899
2023-02-24,703.5277529115799
2023-02-27,702.4561846610801
2023-02-28,702.8336843783576
2023-03-01,705.7232938774657
2023-03-02,708.5229682827522
2023-03-03,704.376451564371
2023-03-06,704.495051068606
2023-03-07,705.6607568128928
2023-03-08,707.3574178002496
2023-03-09,698.6989394270449
2023-03-10,686.1968789342995
2023-03-13,677.0347382181861
2023-03-14,681.5732388068254
2023-03-15,673.0573518336776
2023-03-16,676.3027148509285
2023-03-17,673.5089182814097
2023-03-20,674.0329007297667
2023-03-21,674.3646796727313
2023-03-22,674.5466295201505
2023-03-23,674.8185268036448
2023-03-24,675.2857503104747
2023-03-27,672.5981821820046
2023-03-28,671.5309690102634
2023-03-29,671.1898390915233
2023-03-30,671.2988886597764
2023-03-31,673.5913739135002
2023-04-03,675.6762173349226
2023-04-04,678.7885015991561
2023-04-05,679.5624314262469
2023-04-06,679.8548418499317
2023-04-12,682.9465423608352
2023-04-13,679.897798728786
2023-04-14,674.0840900707434
2023-04-17,668.2052066727057
2023-04-18,669.5839974480836
2023-04-19,668.17310451586
2023-04-20,672.4645195415193
2023-04-21,669.6973929488854
2023-04-24,675.9525693501109
2023-04-25,683.3582117194235
2023-04-26,679.6953179643524
2023-04-27,672.3113763606916
2023-04-28,680.268814477807
2023-05-01,669.1100845069551
2023-05-02,681.2069973266798
2023-05-03,690.1082731033832
2023-05-04,687.8899619326611
2023-05-05,682.1582540290466
2023-05-08,676.1640071891915
2023-05-09,675.2591918120606
2023-05-10,682.7959572271436
2023-05-11,685.7895975422624
2023-05-12,677.6153721627219
2023-05-15,675.3282392679707
2023-05-16,671.872902514641
2023-05-17,667.8680209631432
2023-05-18,660.3917315543148
2023-05-19,656.5474530736025
2023-05-22,654.5618009402546
2023-05-23,656.2865807022374
2023-05-24,652.2280480624189
2023-05-25,646.2845727700676
2023-05-26,646.4036100700072
2023-06-01,648.0659655685097
2023-06-02,644.3057492150014
2023-06-05,644.6722590938693
2023-06-06,644.9183626263198
2023-06-07,643.3587581622053
2023-06-08,643.6771364176733
2023-06-09,643.7193815647748
2023-06-12,643.6476984298133
2023-06-13,644.6926872060609
2023-06-14,644.3366066231833
2023-06-15,642.6391255958405
2023-06-16,644.2852984136459
2023-06-22,647.8421222421737
2023-06-23,645.3394285826834
2023-06-26,644.2286374013082
2023-06-27,647.2856078070528
2023-06-28,643.8244514576563
2023-06-29,653.7336592835419
2023-06-30,654.800563569299
2023-07-03,656.4912609902677
2023-07-07,659.1128781585741
2023-07-10,648.8085081691668
2023-07-11,647.129009621229
2023-07-12,632.0088938432389
2023-07-13,620.9339673961458
2023-07-14,628.4532379611579
2023-07-17,626.0994549389952
2023-07-18,624.8152483362068
2023-07-19,621.8179534892453
2023-07-20,632.5880553817002
2023-07-21,631.3496209845965
2023-07-24,635.5496556021533
2023-07-25,637.4894675987238
2023-07-26,634.8133464434616
2023-07-27,647.5202916867639
2023-07-28,642.3419668273646
2023-07-31,643.2602920818294
2023-08-01,647.5616538772165
2023-08-02,652.3039614499274
2023-08-03,660.9599274323474
2023-08-04,643.0823442164348
2023-08-07,647.7938243724014
2023-08-08,640.8716031319697
2023-08-09,641.8906445562505
2023-08-10,653.0987489809187
2023-08-11,660.7315066929258
2023-08-14,666.219443028276
2023-08-15,667.9585345848147
2023-08-16,673.1766009543061
2023-08-17,674.8028845161436
2023-08-18,672.0452209097228
2023-08-21,685.3650990446847
2023-08-22,685.7384916388676
2023-08-23,664.781148185868
2023-08-24,671.3489011975964
2023-08-25,673.2388863417262
2023-08-28,667.3514668474626
2023-08-29,650.2500219596598
2023-08-30,649.5089540096857
2023-08-31,648.016983003566
2023-09-01,657.3723154761908
2023-09-07,651.348655785097
2023-09-08,655.8428362129447
2023-09-11,658.5118391611763
2023-09-12,658.901483596534
2023-09-13,652.5401957453475
2023-09-14,658.4511688377157
2023-09-15,666.4614574776264
2023-09-18,662.7794713640794
2023-09-19,673.5612568482348
2023-09-20,684.9653607047882
2023-09-21,696.2795216160653
2023-09-22,685.3796359441527
2023-09-25,700.4026080408412
2023-09-26,699.4672072561763
2023-09-27,716.1769269938825
2023-09-28,707.5425546041964
2023-09-29,705.45466259391
2023-10-02,728.8599329867235
2023-10-03,753.016074535394
2023-10-04,737.8007620506443
2023-10-05,731.5268973648788
2023-10-06,751.05639272516
2023-10-09,707.997531227991
2023-10-10,712.0907405618706
2023-10-11,697.8115138642479
2023-10-12,725.2900763704446
2023-10-13,710.4264543095572
2023-10-16,728.5837194952645
2023-10-17,760.0129687862186
2023-10-18,774.8563903277942
2023-10-19,787.2416947637356
2023-10-20,766.7268949195325
2023-10-23,752.6582766308051
2023-10-24,752.6582766308051
2023-10-25,780.5905342783885
2023-10-26,754.5658661982403
2023-10-27,749.4888329558005
2023-10-30,763.2632013938307
2023-10-31,771.5554457285091
2023-11-01,719.3623847250175
2023-11-02,709.9658228860711
2023-11-03,686.5684021983341
2023-11-06,702.2768781752658
2023-11-07,690.1947065714181
2023-11-08,681.5513680194807
2023-11-09,706.3139257580161
2023-11-10,712.4069848473829
2023-11-13,709.5276106977684
2023-11-14,671.994164675975
2023-11-15,683.926366119702
2023-11-16,670.8645201663455
2023-11-17,673.0111318039508
2023-11-20,671.80357572975
2023-11-21,667.3673736851728
2023-11-22,670.5136010228202
2023-11-28,661.5144469906909
2023-11-29,655.5058997763991
2023-11-30,661.2183863132066
2023-12-01,649.8854575253114
2023-12-04,654.8955183414134
2023-12-05,649.5571984590462
2023-12-06,646.9702958455704
2023-12-07,648.8777869729072
2023-12-08,652.7120474545977
2023-12-11,652.885938711111
2023-12-12,651.7857568706364
2023-12-13,645.3496476179317
2023-12-14,644.0221301570851
2023-12-15,644.0630912907118
2023-12-18,644.0806033125136
2023-12-19,644.0806033125136
2023-12-20,645.2166553069449
2023-12-21,644.5139973986111
2023-12-22,644.446646085301
2023-12-28,641.5706299189134
2023-12-29,639.3486433716495
2024-01-04,633.3761087882842
2024-01-05,630.4512364595513
2024-01-08,632.3180351946517
2024-01-09,634.0596251069887
2024-01-10,632.85135664287
2024-01-11,639.9112014538725
2024-01-12,642.9082233072147
2024-01-18,639.8039900078704
2024-01-19,640.5271403590358
2024-01-22,643.2334533735922
2024-01-23,640.9617290897903
2024-01-24,636.1034196952312
2024-01-25,642.9088549393689
2024-01-26,639.6095942419773
2024-01-29,645.9732846269043
2024-01-30,649.0780623260362
2024-01-31,663.302212660187
2024-02-01,666.2253887314805
2024-02-02,647.0790012757107
2024-02-05,632.4151700181426
2024-02-06,638.3692316565104
2024-02-07,636.3920516412973
2024-02-08,632.4531470126084
2024-02-09,630.3165410424256
2024-02-12,630.1074923069212
2024-02-13,616.5425788675275
2024-02-14,621.2436237985974
2024-02-15,622.8243544177528
2024-02-16,619.0300294438325
2024-02-22,618.2987954034886
2024-02-23,620.7209128542769
2024-02-26,619.5356253555954
2024-02-27,618.9334088088783
2024-02-28,620.1753453271662
2024-02-29,620.4668065361349
2024-03-01,622.3152153058908
2024-03-04,621.5447435098844
2024-03-05,622.7706429875916
2024-03-06,623.7792469002965
2024-03-07,624.4447899900041
2024-03-08,624.9474255905749
2024-03-11,623.9451718901718
2024-03-12,622.024214321805
2024-03-13,620.51462671648
2024-03-14,617.6065313904705
2024-03-15,616.9405069399646
2024-03-18,616.5991249074474
2024-03-19,617.0324135624503
2024-03-20,617.3088946892348
2024-03-21,617.2973885810667
2024-03-22,617.4432767317134
2024-03-25,617.3456599841937
2024-03-26,617.349110356243
2024-03-27,617.3158182393383
2024-03-28,617.3278745674157
2025-04-07,616.9891572018943
2025-04-08,617.021008969268
2025-04-09,617.851419319192
2025-04-10,617.3755408328387
2025-04-11,619.7601697152376
2025-04-14,615.8052921692669
2025-04-15,614.3986620611388
2025-04-16,612.7386622129488
2025-04-17,614.0385239957849
2025-04-23,615.0021615840762
2025-04-24,610.8577234932736
2025-04-25,608.6825182638655
2025-04-28,605.8229710457518
2025-04-29,604.0561813058632
2025-04-30,603.632841070784
2025-05-01,605.9726257053486
2025-05-02,610.4600220305332
2025-05-05,611.0596958177732
2025-05-06,609.3704070508747
2025-05-07,607.644260322932
2025-05-08,613.0345546616304
2025-05-09,612.925762510183
2025-05-12,617.9191781798102
2025-05-13,619.6498023094625
2025-05-14,621.9846116594946
2025-05-15,616.6410184748655
2025-05-16,615.7029144634167
2025-05-19,617.8478189373499
2025-05-20,616.9712917044393
2025-05-21,625.8309624782391
2025-05-22,621.4644220282785
2025-05-23,618.1030316152159
2025-05-29,611.9715635138476
2025-05-30,611.1011315709395
2025-06-02,615.1049829982137
2025-06-03,615.334183048445
2025-06-04,605.3688235303188
2025-06-05,609.7645741670841
2025-06-06,622.3928423246036
2025-06-09,618.9558290305656
2025-06-10,618.2918215667139
2025-06-11,611.1745517112993
2025-06-12,605.8107673917101
2025-06-13,612.104990626904
2025-06-16,613.840233868272
2025-06-17,608.733288562571
2025-06-18,609.385899292698
2025-06-24,606.7807888074208
2025-06-25,606.3957474166278
2025-06-26,602.4838270195764
2025-06-27,604.7239672216382
2025-06-30,601.4293143185865
2025-07-01,603.991134283765
2025-07-02,606.1302441601223
2025-07-03,609.5845490189527
2025-07-09,605.4696403485937
2025-07-10,607.0001567074484
2025-07-11,609.6548445715762
2025-07-14,610.5537500769486
2025-07-15,613.9020687272508
2025-07-16,611.634877062049
2025-07-17,611.3419329662162
2025-07-18,608.7454084110485
2025-07-21,606.4714373443235
2025-07-22,604.4123962733806
2025-07-23,606.9185222616528
2025-07-24,608.1465492057163
2025-07-25,607.8707736641525
2025-07-28,608.9830139402882
2025-07-29,603.7171184708525
2025-07-30,606.6451871810771
2025-07-31,606.8808540160553
2025-08-01,597.337239686219
2025-08-04,596.7199772183953
2025-08-05,597.3686345734266
2025-08-06,597.5387401401282
2025-08-07,597.5781459305799
2025-08-08,597.6888362250794
2025-08-11,597.6786632384537
2025-08-12,597.714625266801
2025-08-13,598.2399514090652
2025-08-14,597.4465122918001
2025-08-15,596.8597928909962
2025-08-18,596.5816248395939
2025-08-19,597.226600143244
2025-08-20,597.6715716798203
2025-08-21,596.3974243290656
2025-08-22,598.9915912847581
2025-08-25,598.0552650237893
2025-08-26,599.0960120664131
2025-08-27,600.8268237200118
2025-08-28,601.6704634430394
2025-08-29,600.8113871417803
2025-09-04,604.9734985385073
2025-09-05,611.1217347690385
2025-09-08,613.4677447539159
2025-09-09,608.0753096817226
2025-09-10,611.7338461720836
2025-09-11,613.4589082273997
2025-09-12,607.1304407483944
2025-09-15,611.058480555499
2025-09-16,613.5121851502427
2025-09-17,602.2164171834429
2025-09-18,600.032569538235
2025-09-19,596.2905565463753
2025-09-22,593.2635356032147
2025-09-23,598.9765659146332
2025-09-24,591.2073725793815
2025-09-25,585.1833075501532
2025-09-26,583.726383699106
2025-09-29,589.1205924857658
2025-09-30,587.6877948001523
2025-10-01,596.9827726525746
2025-10-02,598.3962057206126
2025-10-03,591.0984480703189
2025-10-06,586.8658815471643
2025-10-07,592.041243809106
2025-10-08,592.041243809106
2025-10-09,588.8937363701657
2025-10-10,605.501481852805
2025-10-13,603.9317020562836
2025-10-14,606.5596314361644
2025-10-15,606.5596314361644
2025-10-16,616.3841997998534
2025-10-17,609.2521256066627
2025-10-20,613.0522869407849
2025-10-21,615.4540039098929
2025-10-22,617.5703236810093
2025-10-23,607.2713176054051
2025-10-24,606.8351594135258
2025-10-27,609.5265211579997
2025-10-28,609.5265211579997
2025-10-29,587.0526252940606
2025-10-30,584.7558029356221
2025-10-31,588.8610077569751
2025-11-03,584.4372380961148
2025-11-04,588.3408679214489
2025-11-05,576.7831830484829
2025-11-06,587.7049527766336
2025-11-07,586.8620161301526
2025-11-10,583.8056716916334
2025-11-11,590.2498598582285
2025-11-12,589.7247526243518
2025-11-13,585.2459803391678
2025-11-14,582.472186760282
2025-11-17,583.1959065602159
2025-11-18,587.1878341379064
2025-11-19,584.1886922856722
2025-11-20,590.1770775239897
2025-11-21,592.3419170197282
2025-11-24,595.6992890411485
2025-11-25,598.746295875483
2025-11-26,598.746295875483
2025-12-02,599.5427760571331
2025-12-03,602.2343328382318
2025-12-04,597.2803453639651
2025-12-05,593.0238571370321
2025-12-08,589.23254480346
2025-12-09,585.2350572804178
2025-12-10,589.4498363394031
2025-12-11,589.0574883157284
2025-12-12,587.9380291462859
2025-12-15,589.1566895915133
2025-12-16,591.1406537822587
2025-12-17,590.818982711773
2025-12-18,593.0193533288101
2025-12-19,590.8106925233179
2025-12-22,589.6067618615568
2025-12-23,589.039403344395
2025-12-24,590.891244993739
2025-12-30,590.1578158811742
2025-12-31,587.3348565347558
2026-01-06,587.0404444265058
2026-01-07,587.6651947093402
2026-01-08,586.9661629065589
2026-01-09,586.5158613464398
2026-01-12,586.4053059452236
2026-01-13,586.4053059452236
2026-01-14,587.0942224042159
2026-01-15,586.2562448106272
2026-01-16,585.6923800712539
2026-01-22,585.9063143806983
2026-01-23,585.4855177795557
2026-01-26,585.2561840751765
2026-01-27,585.7356092863098
2026-01-28,585.668700962284
2026-01-29,585.2275640380724
2026-01-30,584.9252073272037
2026-02-02,586.2763312564244
2026-02-03,586.2763312564244
2026-02-04,586.1809043729827
2026-02-05,582.6785644495402
2026-02-06,582.6785644495402
2026-02-09,582.3499332591904
2026-02-10,581.2368317713147
2026-02-11,581.5451399976583
2026-02-12,581.4321481100662
2026-02-13,582.1662953194993
2026-02-19,582.3346381288791
2026-02-20,582.135955903875
2026-02-23,588.7385170420484
2026-02-24,587.233938298632
2026-02-25,584.9525086531374
2026-02-26,589.9650249641106
2026-02-27,599.9536843792986
2026-03-02,582.6207526547963
2026-03-03,581.331455157731
2026-03-04,577.9306342124753
2026-03-05,579.3332175434612
2026-03-06,568.6987128817095
2026-03-09,567.3259160436985
2026-03-10,568.3613060734941
2026-03-11,571.1567965440115
2026-03-12,557.2771273694377
2026-03-13,546.3646324659622
2026-03-16,552.2817696086855
2026-03-17,556.6331089784222
2026-03-18,557.1014544235978
2026-03-19,552.7206947554922
2026-03-20,536.6085532008342
2026-03-23,539.3244428301823
2026-03-24,536.1917296995657
2026-03-25,536.1012650581685
2026-03-26,536.0321277037101
2026-03-27,535.4058909145414
2026-03-30,536.2828244869155
2026-03-31,536.357238185865
2026-04-01,536.3275347775372
2026-04-02,536.3137778334295
2026-04-03,536.4325733242223
