index,meta_best,baseline_g1
1982-08-30,0.0,0.0
1982-08-31,0.0,0.0
1982-09-01,0.0,0.0
1982-09-02,0.0,0.0
1982-09-03,0.0,0.0
1982-09-06,0.0,0.0
1982-09-07,0.0,0.0
1982-09-08,0.0,0.0
1982-09-09,0.0,0.0
1982-09-10,0.0,0.0
1982-09-13,0.0,0.0
1982-09-14,0.0,0.0
1982-09-15,0.0,0.0
1982-09-16,-5.3427024652204835,-5.3427024652204835
1982-09-17,-0.42842017050168657,-0.42842017050168657
1982-09-20,1.540173922509691,1.4478365767203627
1982-09-21,6.990772161999592,6.851195031803936
1982-09-22,6.990772161999592,6.851195031803936
1982-09-23,8.483198791028101,8.263957997068516
1982-09-24,6.467868079159533,6.288464101757607
1982-09-27,6.725379203880366,6.52139548359516
1982-09-28,8.996086423758998,8.63936805693848
1982-09-29,8.748837374689323,8.39686638339574
1982-09-30,10.135951119894981,9.778245737222747
1982-10-01,13.555664192899375,13.276925848706123
1982-10-04,9.672984509033666,9.396731845415673
1982-10-05,10.337010417087345,10.030686291361924
1982-10-06,12.452915426182765,12.263981857376983
1982-10-07,16.563872963177985,16.531818326346247
1982-10-08,17.356338616888813,17.31838142872406
1982-10-11,20.974242889706794,20.76414925772432
1982-10-12,20.825868175188212,20.61909538286755
1982-10-13,21.423039355001006,21.225899906818334
1982-10-14,19.908966224935032,19.639884202630718
1982-10-15,18.804817577131907,18.54169077946761
1982-10-18,20.214782838761902,19.851992409148256
1982-10-19,20.896885779977126,20.47411847810856
1982-10-20,20.079771455454477,19.723300484542516
1982-10-21,20.2563014612279,19.889040638065026
1982-10-22,18.921227158737764,18.642370524376584
1982-10-25,16.62398076547675,16.410689669661682
1982-10-26,18.218852151912614,17.944628938969508
1982-10-27,17.61525593626436,17.37417919585955
1982-10-28,19.122060565479515,18.807125412970183
1982-10-29,20.460447037192942,20.050010434053632
1982-11-01,21.625085215193685,21.105535974956148
1982-11-02,21.625085215193685,21.105535974956148
1982-11-03,21.625085215193685,21.105535974956148
1982-11-04,21.970282634073456,21.403398729968682
1982-11-05,20.92085049577115,20.477662956310127
1982-11-08,20.28429448517519,19.911426999186776
1982-11-09,20.73842749176076,20.302036951352598
1982-11-10,20.889848031890224,20.438098298825857
1982-11-11,19.40981998452884,19.045628894441393
1982-11-12,20.15598881868477,19.816936367868298
1982-11-15,19.311541279294396,18.94724333313844
1982-11-16,18.14058902461795,17.70150956520673
1982-11-17,19.85905039233513,19.523560490623915
1982-11-18,21.043284247685335,20.779030306192436
1982-11-19,21.25971130873836,21.008619684972164
1982-11-22,20.585756824799105,20.294034114550954
1982-11-23,19.667171183150955,19.32135986242889
1982-11-24,19.43205157456709,19.072535742366515
1982-11-25,19.43205157456709,19.072535742366515
1982-11-26,19.43205157456709,19.072535742366515
1982-11-29,16.882360011576637,16.390969000362432
1982-11-30,17.108935102699483,16.628968730772353
1982-12-01,17.345513935647716,16.877493425641777
1982-12-02,18.16602577459372,17.739071559591867
1982-12-03,21.070833293642654,20.770551117593826
1982-12-06,21.149628148235887,20.85287609885964
1982-12-07,20.903353808787294,20.59558017322589
1982-12-08,18.844599210942302,18.45144680595223
1982-12-09,19.328734525488535,18.955209869069822
1982-12-10,17.60281364444516,17.162479603356907
1982-12-13,18.818578925248453,18.42334858966097
1982-12-14,20.31047655727607,19.96926962017107
1982-12-15,19.88425222210781,19.52744902335004
1982-12-16,18.242171904266936,17.82819483844973
1982-12-17,18.760165768550642,18.363862124229648
1982-12-20,18.22084894178253,17.80613807344107
1982-12-21,21.113425955301967,20.783324050525607
1982-12-22,20.512055620904015,20.16652084642383
1982-12-23,21.74023072900464,21.430426941978343
1982-12-24,21.74023072900464,21.430426941978343
1982-12-27,21.74023072900464,21.430426941978343
1982-12-28,21.74023072900464,21.430426941978343
1982-12-29,20.940658399575042,20.627500390652152
1982-12-30,21.041085433488394,20.730872107403677
1982-12-31,21.041085433488394,20.730872107403677
1983-01-03,21.041085433488394,20.730872107403677
1983-01-04,19.970494291444176,19.629472962342366
1983-01-05,20.080271346553303,19.742377336872497
1983-01-06,19.623143640612017,19.272260614153524
1983-01-07,19.86008666318464,19.515902371876194
1983-01-10,20.107439855341113,19.770259288298387
1983-01-11,21.880595110882094,21.59133283850001
1983-01-12,22.27330116128261,21.99481222550648
1983-01-13,22.68340455819484,22.416190657779644
1983-01-14,23.39619299519031,23.148542957912287
1983-01-17,23.39619299519031,23.148542957912287
1983-01-18,23.39619299519031,23.148542957912287
1983-01-19,20.51495501512628,20.198039533288892
1983-01-20,19.785888158003218,19.45205681621307
1983-01-21,16.01804089512635,15.61684771754921
1983-01-24,14.001640466290866,13.567990731003409
1983-01-25,15.8225341182759,15.415300760591432
1983-01-26,14.439098389673077,14.011978930314694
1983-01-27,14.788540241607407,14.366340361083886
1983-01-28,13.940651901836066,13.506574569578467
1983-01-31,12.349071920639298,11.893774929551437
1983-02-01,12.717244780657811,12.266729551585653
1983-02-02,12.717244780657811,12.266729551585653
1983-02-03,11.139932971839993,10.669654579280085
1983-02-04,9.831423162772746,9.345452337401849
1983-02-07,10.750833252604263,10.275346322262147
1983-02-08,10.750833252604263,10.275346322262147
1983-02-09,10.465313501987472,9.986536956484704
1983-02-10,13.453976759419062,13.00142400345492
1983-02-11,14.774902342836427,14.333817942290583
1983-02-14,14.911955964184775,14.47208024476716
1983-02-15,13.778352690539531,13.328692256012896
1983-02-16,15.200395475624262,14.762166047439496
1983-02-17,17.97427108803147,17.55465211159104
1983-02-18,20.726780515049903,20.323154569452107
1983-02-21,20.726780515049903,20.323154569452107
1983-02-22,20.726780515049903,20.323154569452107
1983-02-23,19.52993519618915,19.119341411200708
1983-02-24,20.74151913120481,20.337650434670106
1983-02-25,24.65835778063179,24.253878246519946
1983-02-28,23.357417060044796,23.08273743939391
1983-03-01,25.164170792805997,24.73161586756141
1983-03-02,25.027086142247224,24.610456616282782
1983-03-03,25.733691068245477,25.240691273911597
1983-03-04,24.20973128734478,23.81943585625075
1983-03-07,21.046202990023243,20.77769007165948
1983-03-08,19.57807118965036,19.325767039459585
1983-03-09,19.68837661158267,19.43829063920952
1983-03-10,18.88686859826958,18.62088480446056
1983-03-11,18.299651021411268,18.022205375217084
1983-03-14,20.52423695296386,20.28687075518136
1983-03-15,21.579367989846034,21.361201217733637
1983-03-16,20.374815193309303,20.13519642662036
1983-03-17,19.88580635004247,19.63763638759295
1983-03-18,20.265350848920406,20.02378415727579
1983-03-21,19.607136892763897,19.35420126170677
1983-03-22,19.199974469049018,18.94008405677137
1983-03-23,20.99000698760709,20.759244021852695
1983-03-24,21.834920820027513,21.618054452006618
1983-03-25,19.57397068707327,19.323084142265067
1983-03-28,19.849954850266283,19.60313156201712
1983-03-29,20.710352902445138,20.47613248947291
1983-03-30,21.158498967836103,20.930891160159515
1983-03-31,20.382241454928952,20.14329595469755
1983-04-01,20.382241454928952,20.14329595469755
1983-04-04,20.382241454928952,20.14329595469755
1983-04-05,23.603632833719136,23.404422448579453
1983-04-06,24.05213468422247,23.858624749879564
1983-04-07,22.970042824657398,22.76309514204811
1983-04-08,22.027859194014553,21.809570668578626
1983-04-11,25.06187520419383,24.875265878868902
1983-04-12,24.762628400807717,24.57282121578144
1983-04-13,25.845218731663657,25.666844405568124
1983-04-14,29.165459967377583,29.017894049445438
1983-04-15,28.288504518429747,28.132746865857005
1983-04-18,29.484958939807004,29.34019395387526
1983-04-19,26.065445243196006,25.895067360588307
1983-04-20,26.5879225928678,26.421333089328634
1983-04-21,24.983559523524423,24.805898314066432
1983-04-22,25.11782091631618,24.941072031049295
1983-04-25,25.955541874716893,25.784463536986824
1983-04-26,26.9695762120959,26.805361351288436
1983-04-27,29.17374620325841,29.023789041458148
1983-04-28,29.32306803304039,29.174096249553184
1983-04-29,30.100756704357657,29.956913068829884
1983-05-02,30.263039723757945,30.120273236784413
1983-05-03,31.108071781145984,30.970907586519857
1983-05-04,33.98731971496532,33.86780425711311
1983-05-05,32.17171065452726,32.041547868046784
1983-05-06,32.9978960043966,32.872491795270406
1983-05-09,29.935007053598127,29.794638204254476
1983-05-10,32.022946890898105,31.892044462913162
1983-05-11,31.568062353137517,31.43507709086184
1983-05-12,30.47841192032481,30.340604301082518
1983-05-13,31.11494708435938,30.979924206379827
1983-05-16,27.10708950407863,26.959088462566115
1983-05-17,26.457432185197185,26.307438911968937
1983-05-18,26.18927192695446,26.038464635791826
1983-05-19,24.154317350116482,23.997862851386277
1983-05-20,23.488836824538396,23.330598117394796
1983-05-23,22.940277411539434,22.780590064051598
1983-05-24,23.365204914449976,23.206629666625076
1983-05-25,23.217326771044156,23.058362728186445
1983-05-26,21.5524615024961,21.389380338437004
1983-05-27,21.400918837823447,21.23747084077321
1983-05-30,21.400918837823447,21.23747084077321
1983-05-31,21.400918837823447,21.23747084077321
1983-06-01,23.14978048189509,22.990293648139716
1983-06-02,22.823048875392303,22.662807358885217
1983-06-03,22.314666843355056,22.153263314823878
1983-06-06,23.698958938629655,23.540580927470177
1983-06-07,21.280493624593277,21.11741964108078
1983-06-08,18.70445599308892,18.537293755822493
1983-06-09,20.36429393124688,20.199460647055865
1983-06-10,20.05410925985618,19.88882969050405
1983-06-13,24.128812194079252,23.966758975843195
1983-06-14,23.24223269867094,23.07944080930713
1983-06-15,24.018631217552166,23.856465645555545
1983-06-16,25.99079549204848,25.83006953301603
1983-06-17,24.801850218278567,24.64027750080573
1983-06-20,22.47095936452739,22.30813788530428
1983-06-21,23.09334251525861,22.930829031991173
1983-06-22,22.18925207493294,22.026305115633594
1983-06-23,21.66040637735682,21.497217557452906
1983-06-24,18.583269320141206,18.41942428329255
1983-06-27,16.52883906837235,16.364825691263718
1983-06-28,15.211141747556866,15.04709799566093
1983-06-29,13.895808688813771,13.731797013801717
1983-06-30,12.906583842712681,12.742627306250508
1983-07-01,12.570361064827583,12.40642744675442
1983-07-04,12.570361064827583,12.40642744675442
1983-07-05,12.570361064827583,12.40642744675442
1983-07-06,11.733117565786412,11.569252807078968
1983-07-07,13.400353367640028,13.236211505780782
1983-07-08,14.94268190472674,14.778229207800342
1983-07-11,13.38353826707801,13.219438509767567
1983-07-12,16.065799256609115,15.90066640121599
1983-07-13,15.740223519359553,15.575208530809936
1983-07-14,15.065762761865397,14.900998525959764
1983-07-15,16.865572542875064,16.70003470580026
1983-07-18,14.242299087907284,14.089543277052542
1983-07-19,13.499550064910327,13.380057384279453
1983-07-20,12.528925675372982,12.445870434186613
1983-07-21,13.574651115524428,13.492961879488274
1983-07-22,15.592523470281083,15.381716595046878
1983-07-25,14.570434142641542,14.43391212579279
1983-07-26,15.990380031792185,15.705449054302424
1983-07-27,16.35616336677417,16.03279091128438
1983-07-28,18.970625894058845,18.42476320495299
1983-07-29,20.643012705657693,20.00749221893441
1983-08-01,20.756601166321097,20.11537174302942
1983-08-02,20.392035644590777,19.77811964885836
1983-08-03,20.506819309228106,19.894806835217828
1983-08-04,23.54007077589788,22.968408119102367
1983-08-05,23.218463624041163,22.642362287344774
1983-08-08,24.433769284228426,23.873780708582593
1983-08-09,23.864708901135366,23.297068030468736
1983-08-10,24.802194038506563,24.24680811964204
1983-08-11,23.01998163143706,22.442007063826264
1983-08-12,20.648739373436985,20.043648741970177
1983-08-15,17.71146852538741,17.078125091961493
1983-08-16,17.343455291534205,16.706697701150542
1983-08-17,15.658598862216833,15.006809157356148
1983-08-18,16.932431485929133,16.290934711891136
1983-08-19,17.677403348919363,17.041847498703277
1983-08-22,14.374176399689276,13.717388206394986
1983-08-23,14.914438977956168,14.260840881186265
1983-08-24,14.592815245919443,13.93729423351493
1983-08-25,15.58456592475681,14.934574883112761
1983-08-26,15.670070261650949,15.020561863378523
1983-08-29,18.431749340533955,17.7931667425256
1983-08-30,19.06601215608943,18.430002307426065
1983-08-31,20.050308931408534,19.41811761180947
1983-09-01,19.19940828491058,18.570036919250587
1983-09-02,19.803552297938865,19.176541017894188
1983-09-05,19.803552297938865,19.176541017894188
1983-09-06,19.803552297938865,19.176541017894188
1983-09-07,17.979794711328,17.531959567603717
1983-09-08,18.455642154807595,17.983914515844447
1983-09-09,17.76858540326629,17.325666089629554
1983-09-12,16.085904225591065,15.708222744846134
1983-09-13,16.38640213761917,15.991568247769216
1983-09-14,18.501402784617362,17.996199134189194
1983-09-15,19.361943200135023,18.856012649793087
1983-09-16,17.365387033502966,16.831810662827195
1983-09-19,16.99549186810927,16.456915120932393
1983-09-20,15.854603369549869,15.30098206652626
1983-09-21,16.62216370150318,16.078352263596575
1983-09-22,15.826331069575449,15.272344800972482
1983-09-23,13.839089634740054,13.261693903714189
1983-09-26,12.876658701451626,12.28834713432725
1983-09-27,13.657165282493722,13.077387105330018
1983-09-28,14.163380538224256,13.589129439319446
1983-09-29,14.163380538224256,13.589129439319446
1983-09-30,13.395079753168272,12.812453562918314
1983-10-03,13.84518955589722,13.267372607526596
1983-10-04,13.84518955589722,13.267372607526596
1983-10-05,11.27804605862548,10.676247951155338
1983-10-06,11.27804605862548,10.676247951155338
1983-10-07,11.962747541846719,11.366964872098206
1983-10-10,13.250147196769735,12.66511915201356
1983-10-11,15.76681397460149,15.199308079235907
1983-10-12,16.10528965257483,15.540219058066862
1983-10-13,17.041369852060196,16.482890946941286
1983-10-14,15.487507224670406,14.918538331817132
1983-10-17,13.621695635839215,13.04141915162158
1983-10-18,14.756619010892047,14.182688812871124
1983-10-19,13.591517218300918,13.011150292842766
1983-10-20,13.70976788608993,13.130039941694726
1983-10-21,14.80829214652446,14.234233149439346
1983-10-24,10.81576025346287,10.230058088382865
1983-10-25,10.355525257926645,9.768615752704024
1983-10-26,10.450713993366234,9.864049645669537
1983-10-27,10.549954299799747,9.963544804810475
1983-10-28,10.756781908868462,10.170899977271164
1983-10-31,11.50739573497681,10.923348988748227
1983-11-01,10.508431716528243,9.921968781490186
1983-11-02,10.734526641327523,10.148589183965306
1983-11-03,11.784386325700623,11.20069857353425
1983-11-04,13.323993707566139,12.74317782093548
1983-11-07,12.959739695638639,12.378211018362538
1983-11-08,12.456662207345936,11.874167743362962
1983-11-09,12.97572076218012,12.394180599396808
1983-11-10,10.5186895136129,9.934008573886533
1983-11-11,8.158395147261356,7.572189803386742
1983-11-14,9.584958590077619,8.999079530954823
1983-11-15,10.034309607628922,9.448548060910289
1983-11-16,10.151511430715354,9.565782191981853
1983-11-17,10.151511430715354,9.565782191981853
1983-11-18,10.53306834727561,9.947434100946161
1983-11-21,8.718203382533707,8.132523529149726
1983-11-22,6.967443577983179,6.38224059683794
1983-11-23,7.213902353523105,6.628605714804503
1983-11-24,7.213902353523105,6.628605714804503
1983-11-25,7.213902353523105,6.628605714804503
1983-11-28,9.008704817012635,8.42207393015444
1983-11-29,7.718752009864627,7.133101861242053
1983-11-30,8.748396560901517,8.16177905618849
1983-12-01,9.015476565330772,8.428615435138664
1983-12-02,11.62780956957663,11.037086325493227
1983-12-05,11.62780956957663,11.037086325493227
1983-12-06,11.493811081082605,10.90327365163728
1983-12-07,12.325826284696873,11.734086977419732
1983-12-08,14.418073284057954,13.822783211473922
1983-12-09,14.700182493862135,14.104430975503025
1983-12-12,13.822607131790932,13.22831978896617
1983-12-13,15.582867144387125,14.985293981068981
1983-12-14,16.18284934557348,15.584177450180615
1983-12-15,15.404539813324792,14.807305593274078
1983-12-16,13.537301314657824,12.943884574829223
1983-12-19,13.229396760475765,12.63662639932992
1983-12-20,13.229396760475765,12.63662639932992
1983-12-21,12.565132173839144,11.973773862567661
1983-12-22,10.730168293241604,10.14302213013092
1983-12-23,11.225255704248971,10.636939728843121
1983-12-26,11.225255704248971,10.636939728843121
1983-12-27,11.225255704248971,10.636939728843121
1983-12-28,13.28400353923318,12.690397678863397
1983-12-29,12.416237538662699,11.824843108958284
1983-12-30,13.126459706776462,12.533222602754023
1984-01-02,13.126459706776462,12.533222602754023
1984-01-03,13.126459706776462,12.533222602754023
1984-01-04,10.919444664478227,10.332322154723016
1984-01-05,10.919444664478227,10.332322154723016
1984-01-06,9.623570391314562,9.040174739701069
1984-01-09,10.185214252372955,9.60017608748467
1984-01-10,8.648124318221505,8.067681519983672
1984-01-11,9.60582908511447,9.022444279443986
1984-01-12,10.20280295931908,9.617584114916689
1984-01-13,5.201477836645885,4.635966379681311
1984-01-16,4.832361872367219,4.26832901338785
1984-01-17,5.59127782157256,5.024181525617011
1984-01-18,6.245691166644862,5.67594709620165
1984-01-19,5.836594973110842,5.268503059685936
1984-01-20,5.272295547502259,4.70648688393045
1984-01-23,5.707793901657943,5.1402153820234275
1984-01-24,5.556227197237962,4.989263826225043
1984-01-25,5.556227197237962,4.989263826225043
1984-01-26,6.047486174269179,5.478521745874332
1984-01-27,5.876494402480703,5.308225438461567
1984-01-30,5.343522469292616,4.77742359264528
1984-01-31,5.343522469292616,4.77742359264528
1984-02-01,5.915069505265702,5.3466310437025655
1984-02-02,8.179593819458187,7.601595572779418
1984-02-03,7.799881491481475,7.223477567374292
1984-02-06,6.069852554455735,5.50080585704007
1984-02-07,5.688089402925622,5.120673308854085
1984-02-08,5.4901566587769235,4.92358675247937
1984-02-09,4.670226218921214,4.107169556620538
1984-02-10,2.4460028250349986,1.8926728936006887
1984-02-13,0.022267175589840704,-0.5201954904761497
1984-02-14,1.5652613364359969,1.015749710923064
1984-02-15,2.0901994598819362,1.5382911757810591
1984-02-16,2.0901994598819362,1.5382911757810591
1984-02-17,-0.43261740802740256,-0.9728051386931225
1984-02-20,-0.43261740802740256,-0.9728051386931225
1984-02-21,-0.43261740802740256,-0.9728051386931225
1984-02-22,-0.956095161091286,-1.493839027054955
1984-02-23,-4.086237495938693,-4.608969497133886
1984-02-24,-2.5390476699859943,-3.069308118981917
1984-02-27,-3.814811185722733,-4.338861432281005
1984-02-28,-4.382889551116598,-4.90416984380907
1984-02-29,-5.825861309906388,-6.340079503179807
1984-03-01,-5.257415053688364,-5.774426487507589
1984-03-02,-6.57627441821692,-7.086794944601971
1984-03-05,-4.6443396644643915,-5.164506210910192
1984-03-06,-4.097000714792054,-4.619898944838752
1984-03-07,-1.9535982181266398,-2.4873124586606288
1984-03-08,-1.5589878519847389,-2.0946910603293123
1984-03-09,-1.0123758926780524,-1.5508357800889438
1984-03-12,-1.5812692623700109,-2.1168606755624264
1984-03-13,-1.2885262929974717,-1.825594993157298
1984-03-14,-0.23365633528110719,-0.7760598362909099
1984-03-15,-0.38969605678647046,-0.9313110548181291
1984-03-16,0.5737159533359515,0.027223049149815992
1984-03-19,2.788261162786254,2.2304765078697386
1984-03-20,2.4748231210920846,1.918634525702445
1984-03-21,2.3122375083285407,1.756876989699041
1984-03-22,2.985986633458948,2.4271919799791375
1984-03-23,3.5116576899234753,2.9501837925218544
1984-03-26,2.6047463516705394,2.0478975823466916
1984-03-27,2.975179340937961,2.4164399634032385
1984-03-28,0.933639360115035,0.3853664826701131
1984-03-29,-0.2057450271152672,-0.6768567828871586
1984-03-30,2.9897582503819464,2.2548995392820625
1984-04-02,3.145225800039486,2.408752349035903
1984-04-03,4.6949694580564305,3.9784113771564655
1984-04-04,5.168376089618443,4.457991494251767
1984-04-05,4.189528473288862,3.4676936038908535
1984-04-06,1.4275839760764963,0.6776821027919766
1984-04-09,0.874369179217549,0.11912071825637138
1984-04-10,1.7235154053698354,0.9760669958122081
1984-04-11,1.2835041513728163,0.5319540327673344
1984-04-12,-0.21614296213214867,-0.9669665844570186
1984-04-13,2.673669413764057,1.8730310883401824
1984-04-16,3.4184287984608375,2.625255607196064
1984-04-17,2.6450341947378275,1.8484874336595292
1984-04-18,5.214415976991327,4.339944953781649
1984-04-19,6.264613843055922,5.402482445749812
1984-04-20,6.264613843055922,5.402482445749812
1984-04-23,6.264613843055922,5.402482445749812
1984-04-24,5.52462904411779,4.653714546176468
1984-04-25,4.854657912938132,4.01603436164828
1984-04-26,4.136602997000716,3.3630450389362077
1984-04-27,6.127800098293035,5.188443045509028
1984-04-30,6.698165665582589,5.711427592987595
1984-05-01,6.845021346249003,5.8477877896873975
1984-05-02,7.000855568944875,5.990070816301141
1984-05-03,7.3229602133196625,6.286939348625098
1984-05-04,10.499943097673103,9.296840983278232
1984-05-07,11.82978361949818,10.500999368620057
1984-05-08,10.497914656513174,9.281364948541903
1984-05-09,12.87014741875183,11.52422377814859
1984-05-10,13.43317291354047,12.0450545912822
1984-05-11,18.039121423459935,16.45234518340426
1984-05-14,18.493414200148028,16.925808662591347
1984-05-15,17.195436189322997,15.574739651341464
1984-05-16,15.923559623440497,14.253343786527184
1984-05-17,17.710737278628375,16.104308432449898
1984-05-18,16.830324160185018,15.192248661735164
1984-05-21,16.3835101745341,14.729580359775651
1984-05-22,17.305361617042614,15.683390685773757
1984-05-23,17.210146887963585,15.58483032520912
1984-05-24,19.786944152933252,18.239412832553192
1984-05-25,20.24148413888589,18.708108195659378
1984-05-28,20.24148413888589,18.708108195659378
1984-05-29,20.24148413888589,18.708108195659378
1984-05-30,21.52185711674386,20.00920869197833
1984-05-31,20.60987263473002,19.094429086339694
1984-06-01,16.81173712329638,15.21372697462433
1984-06-04,14.972698473315326,13.452593650561862
1984-06-05,14.769437662498941,13.248688250711194
1984-06-06,15.933919197090418,14.439149989775913
1984-06-07,16.494027205820384,15.011853779366868
1984-06-08,15.76969453647763,14.271259613157738
1984-06-11,16.730370408719587,15.252744652329774
1984-06-12,16.27399468333721,14.786376568932491
1984-06-13,14.958000618188038,13.442813788552588
1984-06-14,14.114004244695867,12.581695636201307
1984-06-15,12.143366252572907,10.575088127010645
1984-06-18,12.35982996548277,10.795364079534275
1984-06-19,13.551511531031357,12.006966365278693
1984-06-20,16.351763831798127,14.843191355258579
1984-06-21,16.998882021122498,15.447280853867106
1984-06-22,17.39220377269286,15.796401481887434
1984-06-25,17.048962384170686,15.505486312007655
1984-06-26,17.63815383216216,16.033486396925547
1984-06-27,17.16886429383573,15.563266972142898
1984-06-28,17.56850404914221,15.968367070509903
1984-06-29,18.151426302716445,16.559217081136126
1984-07-02,18.151426302716445,16.559217081136126
1984-07-03,16.731289106572135,15.120532385266404
1984-07-04,16.731289106572135,15.120532385266404
1984-07-05,16.731289106572135,15.120532385266404
1984-07-06,16.36605794338668,14.750639687266464
1984-07-09,13.372314342264136,11.728793793918712
1984-07-10,13.689710847950987,12.045039484307374
1984-07-11,14.17964999259651,12.539168593719374
1984-07-12,12.674625325573441,11.022008680899887
1984-07-13,11.524693318735824,9.863471683820046
1984-07-16,11.441759507448811,9.779936290921288
1984-07-17,12.129760979291193,10.472696281395422
1984-07-18,11.50488290542735,9.843430141767895
1984-07-19,10.590590022791346,8.922952057865906
1984-07-20,12.143025729426427,10.483743781172695
1984-07-23,11.310000540539455,9.646075914583086
1984-07-24,11.499470145644253,9.836561698403568
1984-07-25,7.9514210844595645,6.282192307412382
1984-07-26,6.557105683146247,4.886580709323818
1984-07-27,6.920537785757408,5.250214631415107
1984-07-30,8.114446446789735,6.444023106017993
1984-07-31,6.753044872219682,5.0828597761508165
1984-08-01,5.85323886868645,4.183444562205141
1984-08-02,5.319150760853608,3.64965502645882
1984-08-03,3.695997702483056,2.028190772144778
1984-08-06,5.169839826426381,3.498687922461663
1984-08-07,5.69122981791772,4.018892686819608
1984-08-08,5.76882738780824,4.096316034589842
1984-08-09,6.252667962650182,4.578994546193305
1984-08-10,5.664944607057265,3.992648625450812
1984-08-13,4.633446078347303,2.9637487831327025
1984-08-14,5.326260587312848,3.654537229755439
1984-08-15,4.517848460210638,2.848450722706941
1984-08-16,5.337975176983578,3.6658634210660956
1984-08-17,5.432646057357471,3.760227020364626
1984-08-20,5.333888584039448,3.6617894649177973
1984-08-21,6.64526283756901,4.968103409054803
1984-08-22,6.023664723234878,4.348820215207105
1984-08-23,5.3844818193854005,3.7120735301299224
1984-08-24,5.930980679430142,4.256364182227479
1984-08-27,3.5387567798274233,1.875878456090052
1984-08-28,3.7436869820714147,2.079738723764657
1984-08-29,3.2095505646644984,1.5483795324411131
1984-08-30,3.4298829119206786,1.7675398725640168
1984-08-31,4.22785615089023,2.5610802349798734
1984-09-03,4.22785615089023,2.5610802349798734
1984-09-04,4.22785615089023,2.5610802349798734
1984-09-05,3.495211332027748,1.8324875213489467
1984-09-06,5.860142960634129,4.18087385042667
1984-09-07,7.462041567027788,5.771011108236368
1984-09-10,9.064247576187935,7.360894795348649
1984-09-11,10.109670204773025,8.398200507726838
1984-09-12,10.350784693694992,8.637457821497808
1984-09-13,12.19001930467214,10.461658285732378
1984-09-14,13.060424206828491,11.324967523046103
1984-09-17,13.189916577258675,11.453411653856316
1984-09-18,13.751222833918963,11.988855592477865
1984-09-19,16.871246182202594,14.761795729104165
1984-09-20,16.218976932396266,14.116235035127445
1984-09-21,13.097537135934711,11.27498877411397
1984-09-24,11.632865537734327,9.923111995779333
1984-09-25,10.707286282579464,9.02332194400306
1984-09-26,11.894851063844825,10.162160894070116
1984-09-27,14.716414505719078,12.930137613747705
1984-09-28,11.790001700833376,10.312727790632037
1984-10-01,11.20820122079973,9.754000936320173
1984-10-02,11.111238405763778,9.657893651065796
1984-10-03,10.822678045610278,9.357928021444017
1984-10-04,11.321103384587694,9.87592165505944
1984-10-05,13.239852188620848,11.864991717360418
1984-10-08,13.84712613843233,12.494980730250305
1984-10-09,13.53105672351429,12.16707088164275
1984-10-10,13.09454591799204,11.714411431999983
1984-10-11,14.104922549906451,12.761415024686151
1984-10-12,14.801863300324136,13.483812437507448
1984-10-15,13.482291002068525,12.127124124624377
1984-10-16,13.875853777859026,12.49982185736509
1984-10-17,15.319642797555911,13.907772812340347
1984-10-18,18.608340756396437,17.09059118745253
1984-10-19,20.37594777326097,18.9238446809846
1984-10-22,20.93720982455427,19.506348174398692
1984-10-23,22.331094233123515,20.95207312412377
1984-10-24,23.167493303171362,21.81991605995197
1984-10-25,21.590246467199425,20.186752405860652
1984-10-26,19.490061801983828,18.02117179307605
1984-10-29,19.716907532550575,18.254903456906256
1984-10-30,23.211652654185876,21.83228135648023
1984-10-31,22.509992208498673,21.11362906174832
1984-11-01,24.629128217480044,23.280043343124678
1984-11-02,24.32681691502212,22.970861114659225
1984-11-05,25.881742302610245,24.559903157596995
1984-11-06,26.200363142350614,24.885648379577695
1984-11-07,23.491259617786643,22.126392733743838
1984-11-08,21.513320186635497,20.11687094883139
1984-11-09,23.140521520367674,21.767999514657575
1984-11-12,22.95668026522599,21.58139949495297
1984-11-13,21.822929499811394,20.431388550592743
1984-11-14,21.535623351424892,20.140051441462425
1984-11-15,22.721128414321413,21.341660353254753
1984-11-16,23.23125939112971,21.858828440964672
1984-11-19,24.395292972151662,23.03867150202821
1984-11-20,25.5932709803653,24.252833869587633
1984-11-21,27.79504804187973,26.48224876820229
1984-11-22,27.79504804187973,26.48224876820229
1984-11-23,27.79504804187973,26.48224876820229
1984-11-26,27.29931030250292,26.02218481710443
1984-11-27,27.29931030250292,26.02218481710443
1984-11-28,25.280536221126027,23.9796372757646
1984-11-29,24.81449723370106,23.50834161923099
1984-11-30,21.679961339515643,20.348502820576808
1984-12-03,21.782179856246042,20.451496747220798
1984-12-04,22.526455764358477,21.20135084351553
1984-12-05,22.305071203299455,20.97828811346707
1984-12-06,20.943376553167205,19.60704741056041
1984-12-07,19.046785187365465,17.699336958878263
1984-12-10,20.135694896032994,18.7940203036947
1984-12-11,21.47475062415598,20.139850289281735
1984-12-12,22.278097719228374,20.947313157763947
1984-12-13,19.56205882212112,18.221721397861046
1984-12-14,21.526021016409814,20.19041796110599
1984-12-17,22.8685009924366,21.53603107804898
1984-12-18,25.881149257045234,24.551653880736033
1984-12-19,24.694637839196186,23.408283015020114
1984-12-20,24.59718386601759,23.311486591740447
1984-12-21,24.898964141735004,23.613871106389173
1984-12-24,25.42350662433732,24.13947224868933
1984-12-25,25.42350662433732,24.13947224868933
1984-12-26,25.42350662433732,24.13947224868933
1984-12-27,24.860623881373755,23.575487647009364
1984-12-28,25.443451204574764,24.15941059900948
1984-12-31,23.21592052760648,21.92961802057023
1985-01-01,23.21592052760648,21.92961802057023
1985-01-02,23.21592052760648,21.92961802057023
1985-01-03,24.9512990089968,23.6657338257396
1985-01-04,24.243125421510705,22.957230556154528
1985-01-07,27.82476028895553,26.53445007447317
1985-01-08,28.351782726973696,27.060955273390874
1985-01-09,28.132042754216503,26.841428928606746
1985-01-10,28.017843946956166,26.72734485424226
1985-01-11,25.945191611504214,24.65803860434006
1985-01-14,25.49331381607658,24.206973674507772
1985-01-15,26.99708118438884,25.70770684344119
1985-01-16,27.354839636506135,26.064778050486325
1985-01-17,27.728260516165705,26.43748965608561
1985-01-18,29.763966377152062,28.46871519306493
1985-01-21,29.375587489458923,28.081159721732885
1985-01-22,32.66864115683612,31.36433799510707
1985-01-23,33.20425391250454,31.854875338778022
1985-01-24,37.08282120031281,35.34902601878307
1985-01-25,35.90291027103654,34.318849347935235
1985-01-28,35.63559537008138,34.084809799483764
1985-01-29,35.50271047181903,33.96326358550397
1985-01-30,35.63469912310229,34.08979338987841
1985-01-31,34.477168505774756,32.917053008701316
1985-02-01,31.623035477753646,30.033174921270046
1985-02-04,31.27071112653659,29.67736372531786
1985-02-05,32.001102829777395,30.41485268599402
1985-02-06,30.14283575238168,28.540031467400894
1985-02-07,29.650909005869952,28.04389934675786
1985-02-08,31.162229736853387,29.56712912300734
1985-02-11,30.13095762197846,28.527754322651266
1985-02-12,30.26297228893211,28.660784755363288
1985-02-13,30.26297228893211,28.660784755363288
1985-02-14,32.49937419440805,30.911767437862792
1985-02-15,30.30237531103679,28.70214159282711
1985-02-18,30.30237531103679,28.70214159282711
1985-02-19,30.30237531103679,28.70214159282711
1985-02-20,26.830338302773615,25.21987335730158
1985-02-21,25.118314599629432,23.504327077849176
1985-02-22,23.546942750265522,21.93060497297601
1985-02-25,23.321865073070704,21.70523178502406
1985-02-26,24.479841509642043,22.864269955974148
1985-02-27,21.325771709631635,19.711907693805752
1985-02-28,20.913304078356987,19.299798209591113
1985-03-01,21.971379205509134,20.356578858606046
1985-03-04,20.559147577963355,18.946224766380926
1985-03-05,21.95791699689893,20.34227877871846
1985-03-06,20.964444228494795,19.350683522759702
1985-03-07,19.84271850986108,18.231304240212932
1985-03-08,23.433036487032677,21.805338046755573
1985-03-11,23.527666330022214,21.89956273054674
1985-03-12,22.740787327714784,21.116078631897018
1985-03-13,21.14758586966923,19.530199316811505
1985-03-14,21.14758586966923,19.530199316811505
1985-03-15,20.83692126668819,19.220999335730472
1985-03-18,19.558021005970126,17.948313920136805
1985-03-19,20.41466584836793,18.8005862039631
1985-03-20,21.732925287406225,20.111823994637046
1985-03-21,22.634918451599837,21.00897206398553
1985-03-22,21.932826606030666,20.31062887162809
1985-03-25,20.854295430096315,19.237992249603032
1985-03-26,18.94097194343296,17.335839899617113
1985-03-27,20.776199586884037,19.15926438118658
1985-03-28,19.389151117562054,17.781166350609645
1985-03-29,17.23661113452133,15.643439147160176
1985-04-01,17.566297236211014,15.97080365357295
1985-04-02,16.87916761196746,15.288508628759923
1985-04-03,16.761132607842043,15.171308976248055
1985-04-04,16.14740756073538,14.56193584338279
1985-04-05,16.14740756073538,14.56193584338279
1985-04-08,16.14740756073538,14.56193584338279
1985-04-09,18.28003241151088,16.678112365929376
1985-04-10,20.010384833689866,18.394740034735356
1985-04-11,22.761583867684344,21.122514858702534
1985-04-12,22.526029191965602,20.888939487934554
1985-04-15,23.619699603444786,21.973306612307518
1985-04-16,26.050196809807403,24.382274076959852
1985-04-17,24.84627078733661,23.189003198719217
1985-04-18,27.323619335928907,25.643444500666448
1985-04-19,26.970689641960078,25.293752590989115
1985-04-22,27.943673219863328,26.257755382575265
1985-04-23,25.85875918523095,24.19247283805499
1985-04-24,25.738214749712274,24.073070927893923
1985-04-25,23.66736943433545,22.022262616250977
1985-04-26,24.85344893736581,23.19670428444236
1985-04-29,22.934655696900897,21.296964246656724
1985-04-30,24.350493980226307,22.68683051822309
1985-05-01,25.311477887792844,23.63823119984381
1985-05-02,26.062963272713446,24.378534860066047
1985-05-03,27.79366076614189,26.02526294272558
1985-05-06,28.350168169244895,26.54591059434084
1985-05-07,28.350168169244895,26.54591059434084
1985-05-08,25.88482623730901,24.10410606474467
1985-05-09,28.19589693288902,26.391999381218014
1985-05-10,31.261155513076066,29.42504066280933
1985-05-13,31.022470743888753,29.188842007287086
1985-05-14,34.304561195965746,32.435050597534044
1985-05-15,33.63083183720801,31.768633138734014
1985-05-16,35.571885451772545,33.688291273652936
1985-05-17,34.87749005063638,33.00151862388019
1985-05-20,39.63553603865395,37.70357635294188
1985-05-21,39.08704028986225,37.16149027769975
1985-05-22,38.615901547444295,36.69585718473938
1985-05-23,38.90885694440838,36.98538775981628
1985-05-24,39.72344697931256,37.790445632075546
1985-05-27,39.72344697931256,37.790445632075546
1985-05-28,39.72344697931256,37.790445632075546
1985-05-29,39.72344697931256,37.790445632075546
1985-05-30,41.34738222703407,39.248089966813325
1985-05-31,42.81492364945891,40.63213247413178
1985-06-03,47.68714595798627,45.200425490072284
1985-06-04,47.68714595798627,45.200425490072284
1985-06-05,51.7067912678779,48.89983642441336
1985-06-06,50.232019852265395,47.53939220355314
1985-06-07,45.8765092915969,43.55082014095502
1985-06-10,46.440611926039345,44.056309733676756
1985-06-11,47.81845407656562,45.33209204957092
1985-06-12,46.95713192016735,44.48609856239067
1985-06-13,46.26713381184224,43.778467985941184
1985-06-14,49.11036211622213,46.68577817607233
1985-06-17,49.03561745621512,46.60929407256222
1985-06-18,50.27801972088939,47.88019040084799
1985-06-19,48.025684169203565,45.5808773409029
1985-06-20,46.755280854193316,44.28572445631016
1985-06-21,44.26991460945309,41.7588753148509
1985-06-24,42.88815868428672,40.355877210648686
1985-06-25,42.33184371292917,39.79125616436549
1985-06-26,41.97262573965941,39.426738305901246
1985-06-27,44.23329870116402,41.71677866173942
1985-06-28,45.32214203315736,42.81997710898891
1985-07-01,46.372086719391106,43.88374219157198
1985-07-02,45.75193003743949,43.255386346860035
1985-07-03,45.59177517226618,43.09313831273058
1985-07-04,45.59177517226618,43.09313831273058
1985-07-05,45.59177517226618,43.09313831273058
1985-07-08,43.9834612657628,41.46524248396395
1985-07-09,44.23891953886796,41.72372275913809
1985-07-10,43.61873253398767,41.09624675310084
1985-07-11,41.39059942652692,38.84552965583148
1985-07-12,41.56532477900099,39.021945900794485
1985-07-15,41.56532477900099,39.021945900794485
1985-07-16,42.69920832164744,40.16641232445086
1985-07-17,43.67702366579951,41.153319285699894
1985-07-18,39.912228441959606,37.36728876064819
1985-07-19,39.912228441959606,37.36728876064819
1985-07-22,38.17759335146218,35.62509238912037
1985-07-23,38.090881661062646,35.538027691235264
1985-07-24,37.36998063026511,34.81425624436094
1985-07-25,37.09111886453733,34.534317812120996
1985-07-26,36.32006048269505,33.760382414444656
1985-07-29,35.03804476319709,32.474115302642105
1985-07-30,35.3386936274684,32.775676138194164
1985-07-31,37.083442021874326,34.52416541099714
1985-08-01,38.74432985235963,36.18781460009326
1985-08-02,35.78477665714625,33.22775189195086
1985-08-05,36.64958577916557,34.09215332590156
1985-08-06,36.2494277273204,33.69213984189769
1985-08-07,38.081570814151135,35.522041073152224
1985-08-08,40.2195988279757,37.65593421886501
1985-08-09,40.83986099946721,38.27510892189589
1985-08-12,41.05559846759588,38.490482153082574
1985-08-13,39.17812776190479,36.617202963835325
1985-08-14,40.91769086465224,38.3515383127685
1985-08-15,41.14148455000461,38.57470061474866
1985-08-16,43.20191490624341,40.62797268880627
1985-08-19,44.13601000916798,41.5589150181414
1985-08-20,44.62256191786707,42.04385968320305
1985-08-21,46.133753822565794,43.54970001031491
1985-08-22,46.525289597982166,43.939904622672366
1985-08-23,45.98172373573903,43.398198233675785
1985-08-26,45.14091668204363,42.56041387891292
1985-08-27,47.406337845603595,44.81605005194336
1985-08-28,46.39827819667624,43.81229940122435
1985-08-29,47.432004883349336,44.841402861370085
1985-08-30,43.71928721200757,41.15160959964097
1985-09-02,43.71928721200757,41.15160959964097
1985-09-03,43.71928721200757,41.15160959964097
1985-09-04,45.47953630398398,42.89986739259908
1985-09-05,43.167026777744134,40.60414549153273
1985-09-06,38.415374202000294,35.89860665103899
1985-09-09,38.415374202000294,35.89860665103899
1985-09-10,38.83721940558669,36.316224268094444
1985-09-11,38.507048502977284,35.98935437573414
1985-09-12,38.164137144999,35.64987861723055
1985-09-13,40.35871156562438,37.82136657535686
1985-09-16,41.178855347313046,38.632926482668495
1985-09-17,39.84683042214148,37.314938792846554
1985-09-18,39.47706030486842,36.94909334825065
1985-09-19,39.86072370213909,37.32866911928123
1985-09-20,41.44195110981068,38.8927335180479
1985-09-23,40.62652382817578,38.08612209822668
1985-09-24,42.285352584216305,39.72657571243745
1985-09-25,43.56271314279305,40.98973813039297
1985-09-26,45.02544918607197,42.436096501981105
1985-09-27,42.948399483095216,40.38274903326287
1985-09-30,43.39276099042655,40.82199170283425
1985-10-01,44.16434035678864,41.584668666690995
1985-10-02,42.42081660792489,39.861526017769066
1985-10-03,43.21929481293518,40.65057450043539
1985-10-04,41.897843319521535,39.34481455799001
1985-10-07,39.91277744964741,37.38386810956749
1985-10-08,40.739105750484896,38.20004273527604
1985-10-09,40.05051851380481,37.5199064569532
1985-10-10,41.28666651454873,38.740715249062596
1985-10-11,41.83780793257732,39.28503278199076
1985-10-14,43.72390874024224,41.147424025902794
1985-10-15,44.502942807726264,41.916696094829355
1985-10-16,46.69420689433081,44.08003538335918
1985-10-17,48.32156750019947,45.68659945522944
1985-10-18,49.37554652485403,46.7271276318453
1985-10-21,49.15570095128958,46.510081283221716
1985-10-22,51.827916681565696,49.14749641318994
1985-10-23,51.59986891309802,48.92240140212909
1985-10-24,51.12651009815246,48.4551840624476
1985-10-25,48.97248333631352,46.32961865724414
1985-10-28,46.19854464903517,43.593432115510055
1985-10-29,52.7833843260965,50.07727415177219
1985-10-30,54.825901933080054,52.08853491414518
1985-10-31,55.27429281248797,52.53007806211152
1985-11-01,55.27429281248797,52.53007806211152
1985-11-04,55.761915241434345,53.01025611477193
1985-11-05,57.611975191795906,54.8319946704287
1985-11-06,57.78549075110286,55.0028587782446
1985-11-07,58.68987127648215,55.89341641079808
1985-11-08,61.28365512847167,58.4473475961109
1985-11-11,60.532871525111176,57.70808950869735
1985-11-12,64.75075351619299,61.86010279503835
1985-11-13,63.01029029494289,60.146854070577916
1985-11-14,61.9617694140264,59.114780721515835
1985-11-15,59.85806616123816,57.04428128876242
1985-11-18,65.58416965678957,62.67748087687765
1985-11-19,65.58416965678957,62.67748087687765
1985-11-20,65.44317276420675,62.538765444669345
1985-11-21,66.32371325700575,63.405054898750414
1985-11-22,64.52339178537333,61.63394199959802
1985-11-25,64.52339178537333,61.63394199959802
1985-11-26,64.83883266524377,61.94426034575686
1985-11-27,66.637569400622,63.71375399062313
1985-11-28,66.637569400622,63.71375399062313
1985-11-29,66.637569400622,63.71375399062313
1985-12-02,63.03879814221296,60.17396290742776
1985-12-03,63.65372955099542,60.778799682357906
1985-12-04,65.87087000652798,62.959478284919676
1985-12-05,66.03313612571881,63.11907830278369
1985-12-06,65.5267978555406,62.62106130831271
1985-12-09,71.28343046365875,68.28165762072547
1985-12-10,73.73584079285797,70.69316620883173
1985-12-11,77.60998176368096,74.50248884666075
1985-12-12,75.94561443820314,72.87324767463433
1985-12-13,76.72139621520219,73.63615625941027
1985-12-16,78.33483705653137,75.22282195108758
1985-12-17,81.47580457050229,78.31158836106904
1985-12-18,79.86245649655996,76.72507585795614
1985-12-19,79.99911695588861,76.85946197813635
1985-12-20,81.9845849599908,78.811872456489
1985-12-23,80.97076081605674,77.81493433813993
1985-12-24,81.1199072892222,77.96159579706516
1985-12-25,81.1199072892222,77.96159579706516
1985-12-26,81.1199072892222,77.96159579706516
1985-12-27,82.87522572809074,79.6876516348237
1985-12-30,81.72789327257226,78.55945569053983
1985-12-31,82.23397277716849,79.05709176947397
1986-01-01,82.23397277716849,79.05709176947397
1986-01-02,82.23397277716849,79.05709176947397
1986-01-03,82.23397277716849,79.05709176947397
1986-01-06,81.66848230106527,78.50104162594378
1986-01-07,86.63523462396236,83.38444336878553
1986-01-08,80.75413953604524,77.60286616754348
1986-01-09,78.05489761091384,74.94942212456117
1986-01-10,76.43104712680552,73.35315273496082
1986-01-13,72.16526011719289,69.16008845051074
1986-01-14,74.2824062770897,71.24109813710973
1986-01-15,76.41738256127412,73.33962291895368
1986-01-16,76.85362704409364,73.76842113370601
1986-01-17,77.98891455664601,74.88432931799282
1986-01-20,77.75292368731033,74.65236638809323
1986-01-21,78.3666405584336,75.25560773943094
1986-01-22,77.09525676642363,74.0059306306307
1986-01-23,78.39368093617931,75.28217960776946
1986-01-24,78.52865344943498,75.41484734091921
1986-01-27,81.81082469807215,78.64090588002087
1986-01-28,84.24118744708903,81.02971251091866
1986-01-29,82.73865889910385,79.5528797012538
1986-01-30,82.59924601604982,79.41585146170205
1986-01-31,83.46977375655413,80.27148827287411
1986-02-03,85.57056569318127,82.33633632375322
1986-02-04,87.71941970708458,84.4484205862787
1986-02-05,85.10224206861983,81.87606212245359
1986-02-06,83.4379653494128,80.24030549634902
1986-02-07,80.88165537446311,77.7278454265165
1986-02-10,83.9459996664315,80.73957217511713
1986-02-11,86.69735584556474,83.44367242524238
1986-02-12,87.13966762465147,83.87838894448572
1986-02-13,89.27638097631605,85.97840351996425
1986-02-14,94.3121279374085,90.92752850371355
1986-02-17,94.3121279374085,90.92752850371355
1986-02-18,94.3121279374085,90.92752850371355
1986-02-19,92.0384527876142,88.69297444417037
1986-02-20,93.46508128360236,90.09505127918871
1986-02-21,98.75505360621924,95.29385975535891
1986-02-24,101.8650399083628,98.35024909467694
1986-02-25,100.80892215891457,97.32680305904631
1986-02-26,102.55036874764629,99.03858679680506
1986-02-27,108.83217850395046,105.21319625211514
1986-02-28,109.4613515394021,105.78558790493302
1986-03-03,112.8499388953383,108.97233230704755
1986-03-04,114.01652814473269,110.04656924800207
1986-03-05,107.69460551197176,104.35488623125066
1986-03-06,109.15102504357397,105.81870114963917
1986-03-07,110.86026553585424,107.53681819580132
1986-03-10,115.48651259596778,112.18223699143195
1986-03-11,115.87283340766557,112.57030676027395
1986-03-12,116.17493933811419,112.87377176909108
1986-03-13,114.82361378228418,111.51707378342567
1986-03-14,115.89106039965502,112.58864008505944
1986-03-17,114.7877296764619,111.48140539316654
1986-03-18,112.66496085380702,109.35311708101749
1986-03-19,113.79439000931018,110.48528261108271
1986-03-20,114.73569248223252,111.42896263716011
1986-03-21,112.92071968852358,109.61040442382526
1986-03-24,116.43289143691176,113.12720421817426
1986-03-25,116.55465685521054,113.24915695769207
1986-03-26,118.70464653978546,115.40229668973305
1986-03-27,122.05775713623966,118.75968942249303
1986-03-28,122.05775713623966,118.75968942249303
1986-03-31,122.05775713623966,118.75968942249303
1986-04-01,121.78926891549592,118.49087420909284
1986-04-02,122.48975380222036,119.19219306959361
1986-04-03,119.78165762811707,116.48331061453483
1986-04-04,117.66956493502963,114.37228208350079
1986-04-07,117.66956493502963,114.37228208350079
1986-04-08,123.79587688594262,120.48390544703605
1986-04-09,125.49909405539145,122.1836154652522
1986-04-10,125.09172670399576,121.77709397561212
1986-04-11,123.00806053476445,119.69883801943442
1986-04-14,126.75382768185064,123.43306574912103
1986-04-15,124.95476446342298,121.63987638523861
1986-04-16,131.9747854180305,128.62469838191637
1986-04-17,129.7649247674636,126.42618576964746
1986-04-18,127.78889656369556,124.46113693343209
1986-04-21,128.0255320406967,124.69643469149543
1986-04-22,122.64028361182038,119.34897127841487
1986-04-23,119.8775734436241,116.60720086083684
1986-04-24,117.56778970381862,114.31573708452589
1986-04-25,116.45967187734234,113.21658071184366
1986-04-28,119.3257238618612,116.05891045866765
1986-04-29,121.70217060334156,118.41570356455406
1986-04-30,121.59597652476903,118.3103817454385
1986-05-01,119.30587099346432,116.03963093225427
1986-05-02,117.55920877381976,114.30809701238319
1986-05-05,120.83752422383229,117.55721286094652
1986-05-06,119.84560750041831,116.57410434307143
1986-05-07,118.26225526670027,115.00503625908807
1986-05-08,119.53395875631205,116.26519890690238
1986-05-09,117.27565939959423,114.0277461118782
1986-05-12,112.59513207682654,109.39363992850888
1986-05-13,114.71004840346465,111.48720150920046
1986-05-14,114.05581022832831,110.83955146895454
1986-05-15,110.53773961836298,107.3580888325091
1986-05-16,107.09647247932833,103.95386320667059
1986-05-19,107.09647247932833,103.95386320667059
1986-05-20,109.79606915323185,106.6238640656581
1986-05-21,109.58387614688587,106.41398627967425
1986-05-22,109.69432957145754,106.5232342366353
1986-05-23,111.18377279349988,107.99638342137916
1986-05-26,111.18377279349988,107.99638342137916
1986-05-27,111.18377279349988,107.99638342137916
1986-05-28,110.44649464446775,107.26716186845407
1986-05-29,103.61753006600307,100.51922958682029
1986-05-30,102.27732397892085,99.19511174077127
1986-06-02,97.5154062297277,94.49214743938468
1986-06-03,101.19782408974105,98.12796968605556
1986-06-04,97.36446712606681,94.34367735274168
1986-06-05,99.26307745301158,96.21780885907431
1986-06-06,103.79469504214084,100.69000384996123
1986-06-09,100.57755945217592,97.51528250121477
1986-06-10,101.46271228253845,98.38873209920558
1986-06-11,103.09621274851284,100.0006149954063
1986-06-12,103.02863896542095,99.93393434618957
1986-06-13,106.88640931922708,103.74021075065167
1986-06-16,108.28405585153011,104.97578465168522
1986-06-17,108.44370086639232,105.11097121562574
1986-06-18,108.27412547548434,104.9699851388894
1986-06-19,104.93737667944028,102.16104250650008
1986-06-20,107.95847606681215,104.81236204843624
1986-06-23,109.23098271137755,105.87342545071161
1986-06-24,109.87986915475587,106.38889853871017
1986-06-25,109.87986915475587,106.38889853871017
1986-06-26,110.1399423090088,106.62919801141375
1986-06-27,111.3346394124788,107.79598885940906
1986-06-30,111.7738873488444,108.22996512691874
1986-07-01,111.5854299745489,108.04882991324503
1986-07-02,111.20818972734692,107.67179644301214
1986-07-03,114.30343200914126,110.4669925278781
1986-07-04,114.30343200914126,110.4669925278781
1986-07-07,114.30343200914126,110.4669925278781
1986-07-08,111.72220915624203,108.35476451006403
1986-07-09,114.5217995724368,110.67824049143869
1986-07-10,114.26774640726518,110.46967563211187
1986-07-11,114.40071066686185,110.57825297449044
1986-07-14,115.59721384675781,111.59576901322778
1986-07-15,118.80913764318515,114.3858522801835
1986-07-16,117.086035633992,112.95935456172867
1986-07-17,117.23142352358522,113.08162990173373
1986-07-18,117.96416944423389,113.719045629629
1986-07-21,119.74519773074724,115.31032835100862
1986-07-22,117.73482613061282,113.53030111520863
1986-07-23,115.15088289431561,111.1807171205264
1986-07-24,112.64252115653073,108.69621633521986
1986-07-25,113.32386339778876,109.39355815340748
1986-07-28,107.66155610032713,103.63151848804807
1986-07-29,111.39020061339919,107.41183339609397
1986-07-30,112.09420088452053,108.1259414293931
1986-07-31,114.15828149428276,110.2183963514352
1986-08-01,115.03847276060681,111.11086220322007
1986-08-04,115.16973817239675,111.2439762306674
1986-08-05,113.80741096143021,109.86277974807695
1986-08-06,111.45399571651744,107.47903212132353
1986-08-07,113.26436457952953,109.3110899254261
1986-08-08,117.44970359261227,113.53709572028374
1986-08-11,119.26448305748698,115.3698248365557
1986-08-12,120.42457136991001,116.54150895171016
1986-08-13,123.14753591566388,119.11231130225258
1986-08-14,122.11134263488148,118.17626977278665
1986-08-15,122.29930502764236,118.337798254049
1986-08-18,123.24167669834263,119.17981261276367
1986-08-19,126.23822386338928,121.96022118942818
1986-08-20,128.09151619892452,123.75300919086807
1986-08-21,128.09151619892452,123.75300919086807
1986-08-22,123.3538827006769,118.97119970725174
1986-08-25,125.1081837743981,120.74010303612846
1986-08-26,129.19851627053936,124.85755566217694
1986-08-27,125.19614390542553,120.83333086679598
1986-08-28,126.90082750030408,122.54604874266155
1986-08-29,130.22016395333154,125.87810594624283
1986-09-01,130.22016395333154,125.87810594624283
1986-09-02,130.22016395333154,125.87810594624283
1986-09-03,124.25109785316661,119.9028516874857
1986-09-04,125.19396993221702,120.84610531148967
1986-09-05,120.94150060679797,116.59709201228728
1986-09-08,117.93947502838309,113.60020821264905
1986-09-09,119.73011836713785,115.3866919238058
1986-09-10,120.35084780447885,116.00603386838296
1986-09-11,115.2974851123826,110.97189910213827
1986-09-12,112.72972713500877,108.41561794277
1986-09-15,115.41346644679895,111.08491413933983
1986-09-16,115.41346644679895,111.08491413933983
1986-09-17,119.09161208779828,114.73989591048527
1986-09-18,114.39583567100047,110.07762656991282
1986-09-19,113.04818224170452,108.74000655969995
1986-09-22,114.70114778860867,110.38009438123284
1986-09-23,115.41686170340668,111.09025071403025
1986-09-24,119.31592143249281,114.95526931336495
1986-09-25,118.5878613872132,114.23341466992225
1986-09-26,120.24025374344558,115.87134710201119
1986-09-29,116.88339980913187,112.54497355729521
1986-09-30,120.13642602394836,115.76592170283253
1986-10-01,121.04236213941597,116.66300903948606
1986-10-02,120.09873353434912,115.72856579713444
1986-10-03,125.05103680572405,120.62675245204476
1986-10-06,125.99597257597637,121.53449711481356
1986-10-07,126.52494684853642,122.00829887753856
1986-10-08,123.86974709243756,119.57162771021639
1986-10-09,125.52816783624606,121.04786653308683
1986-10-10,123.81671548590094,119.35040685919374
1986-10-13,122.0735359684758,117.62181739331061
1986-10-14,117.62312694752724,113.21273092292058
1986-10-15,119.10288289131535,114.67818851384894
1986-10-16,117.90674078781613,113.49354758350457
1986-10-17,117.55402044330299,113.14423735370598
1986-10-20,114.15151675972139,109.77605654929046
1986-10-21,117.93127346563415,113.5140534258666
1986-10-22,120.51211717125159,116.06593037174098
1986-10-23,123.14479398195787,118.66851200498255
1986-10-24,121.8798329056308,117.41792082779914
1986-10-27,123.91565149812047,119.43014157487673
1986-10-28,123.14718662300655,118.67052880885977
1986-10-29,126.27865493007309,121.76464794285921
1986-10-30,129.25833990505637,124.708231208762
1986-10-31,128.6385752489952,124.10152905294245
1986-11-03,130.39919033388557,125.77564069794845
1986-11-04,129.7307416102333,125.1222199407243
1986-11-05,129.7307416102333,125.1222199407243
1986-11-06,125.59879693734896,121.0415478164864
1986-11-07,122.57035714410219,118.19504556725917
1986-11-10,123.23914800868891,118.85686935747412
1986-11-11,123.70466138546394,119.31754268247462
1986-11-12,125.39727175947215,120.99241192479523
1986-11-13,125.90169634500566,121.49158095173189
1986-11-14,128.50497243614302,124.06719633633409
1986-11-17,132.9477950118378,128.46049256761623
1986-11-18,129.82556066853758,125.37366733345814
1986-11-19,134.84114333946474,130.32830691682443
1986-11-20,134.33703117827486,129.8302506076574
1986-11-21,136.16454819179734,131.63567427308274
1986-11-24,138.86319383040995,134.30146705659513
1986-11-25,134.8134895594944,130.30271237066003
1986-11-26,136.6777949571767,132.1432409857067
1986-11-27,136.6777949571767,132.1432409857067
1986-11-28,136.6777949571767,132.1432409857067
1986-12-01,135.2537552371246,130.73739447269205
1986-12-02,142.95273025741787,138.30672963855412
1986-12-03,142.66737730791993,138.0588158160449
1986-12-04,146.88882505239076,141.85859132770372
1986-12-05,139.1207297563366,134.8586502186888
1986-12-08,143.2013925488767,138.37442916093102
1986-12-09,142.95975457305872,138.16299082859663
1986-12-10,144.70189894202022,139.70106123701655
1986-12-11,141.21016803219342,136.5658740491254
1986-12-12,141.44211577392798,136.7906340260011
1986-12-15,140.52740115912218,135.85551111099625
1986-12-16,142.8802456406352,138.2590196973356
1986-12-17,143.36863964096383,138.75813176414113
1986-12-18,144.38765006900795,139.79953877749486
1986-12-19,145.1855111838069,140.615063459841
1986-12-22,145.46322982536637,140.89896755621947
1986-12-23,147.19719062686235,142.67123486006614
1986-12-24,146.59547181278998,142.05614878593474
1986-12-25,146.59547181278998,142.05614878593474
1986-12-26,146.59547181278998,142.05614878593474
1986-12-29,140.8582037918829,136.2226442918044
1986-12-30,138.03577223613547,133.35865279144878
1986-12-31,137.18005520969635,132.49079936710336
1987-01-01,137.18005520969635,132.49079936710336
1987-01-02,137.18005520969635,132.49079936710336
1987-01-05,141.6071827958397,136.96990657084345
1987-01-06,140.70805390593654,136.05981864396614
1987-01-07,142.25701813900895,137.62717001616465
1987-01-08,141.93374723536337,137.30000761478362
1987-01-09,143.94187302435543,139.33154156389546
1987-01-12,140.8596447921707,136.21635786465075
1987-01-13,138.79922646642515,134.13581970621163
1987-01-14,136.0235520507109,131.3362101160613
1987-01-15,138.80406756115568,134.1375909597342
1987-01-16,143.97661166351335,139.33770625723807
1987-01-19,146.399847907264,141.77422820989455
1987-01-20,145.68035250446303,141.05068035373142
1987-01-21,146.0539038371567,141.42630825966825
1987-01-22,144.88852045710735,140.25462042384018
1987-01-23,140.2582297462712,135.6090318448183
1987-01-26,135.52116006846438,130.86714956180336
1987-01-27,136.58883377131343,131.93536692893866
1987-01-28,140.21965145684496,135.5648800552247
1987-01-29,139.8454674344025,135.19072553906622
1987-01-30,136.41696585982953,131.7655189466004
1987-02-02,134.14135796218525,129.49350641663622
1987-02-03,132.59698209529907,127.95207162588915
1987-02-04,134.18026377384402,129.53183951263108
1987-02-05,139.98437945740343,135.31076088817025
1987-02-06,139.98437945740343,135.31076088817025
1987-02-09,132.42147359432602,127.80189779059717
1987-02-10,128.64895046211115,124.060168355782
1987-02-11,125.5847437350337,121.02267880776569
1987-02-12,129.72150519485527,125.11908598392539
1987-02-13,130.61733488832803,126.00630709482989
1987-02-16,130.61733488832803,126.00630709482989
1987-02-17,130.61733488832803,126.00630709482989
1987-02-18,133.77030288034675,129.12776714835084
1987-02-19,137.26478544907715,132.58621844218686
1987-02-20,137.91691646774638,133.23171086459186
1987-02-23,139.94640377935522,135.24033827078648
1987-02-24,143.0686366243016,138.32983883209926
1987-02-25,140.93801845100228,136.22168131552255
1987-02-26,140.93801845100228,136.22168131552255
1987-02-27,142.82220775615667,138.08568779002357
1987-03-02,144.3893806393497,139.6360999947474
1987-03-03,141.5717355860779,136.84922753556924
1987-03-04,147.3613298957682,142.5697087678442
1987-03-05,146.97717997108506,142.19008107648153
1987-03-06,141.33604535386772,136.6204076333783
1987-03-09,140.97786368306265,136.26682204676717
1987-03-10,140.60531259807934,135.8990573422791
1987-03-11,140.99288579665318,136.2816464622761
1987-03-12,141.80127629145534,137.07964147227543
1987-03-13,143.8984575837231,139.14972058289442
1987-03-16,142.16090786478836,137.43467250998827
1987-03-17,143.94063139622452,139.19116066433358
1987-03-18,143.01387146929477,138.2764820715388
1987-03-19,143.97370607864545,139.22376775139682
1987-03-20,142.47663693096962,137.74632628788197
1987-03-23,139.9331196894321,135.23665395789646
1987-03-24,137.8739373222053,133.2052073467121
1987-03-25,138.9279259989444,134.24491843328562
1987-03-26,142.17242549564082,137.44484712347312
1987-03-27,134.23273813493387,129.6238319086274
1987-03-30,121.36527761875872,116.98533683524089
1987-03-31,123.04643613414177,118.63633855579066
1987-04-01,120.1303945833256,115.7727016851764
1987-04-02,118.78489609020528,114.45142321871566
1987-04-03,119.98490906218309,115.62979630195333
1987-04-06,121.749145896458,117.3621734155669
1987-04-07,118.17853329458785,113.8562460472515
1987-04-08,118.6917817486639,114.36017900171737
1987-04-09,111.72539048041914,107.5222527652981
1987-04-10,107.38314829011699,103.26064890922324
1987-04-13,109.48061771755775,105.31901530315197
1987-04-14,112.84519979816245,108.62062117856111
1987-04-15,110.24986849235128,106.24469328762154
1987-04-16,107.25872969614186,103.61512126628529
1987-04-17,107.25872969614186,103.61512126628529
1987-04-20,107.25872969614186,103.61512126628529
1987-04-21,107.62141406556096,103.92050256641454
1987-04-22,108.69951015149057,104.87354567781941
1987-04-23,111.32803928520248,107.03990166114848
1987-04-24,115.96289848279051,110.85150634129212
1987-04-27,112.59307463129673,108.12845785434587
1987-04-28,109.90790026515236,105.9701296437221
1987-04-29,111.25649342095568,107.04315240033364
1987-04-30,108.01695680644046,104.53443548974191
1987-05-01,111.85862858485045,107.70457076730051
1987-05-04,115.40200542652283,110.58021402681133
1987-05-05,113.3650787709005,108.91874010553973
1987-05-06,115.06509993808325,110.31558617776129
1987-05-07,113.14621976945097,108.68297304734699
1987-05-08,112.01912909691876,107.70754969339538
1987-05-11,115.70253057298454,110.74564988267443
1987-05-12,115.23205498272064,110.3542926719399
1987-05-13,114.75247464433842,109.94752522003006
1987-05-14,116.22115210706797,111.20963007831732
1987-05-15,122.13322838244194,116.4156638918648
1987-05-18,120.01583294066305,114.55522288216211
1987-05-19,122.45541766036916,117.15189492428505
1987-05-20,122.8885244302699,117.62163095515331
1987-05-21,122.43703119369317,117.13184890597974
1987-05-22,120.48332328035679,115.01592008790612
1987-05-25,120.48332328035679,115.01592008790612
1987-05-26,120.48332328035679,115.01592008790612
1987-05-27,122.07318137135785,116.68159926266166
1987-05-28,121.67414776015248,116.25012240072779
1987-05-29,119.9227156116887,114.35865616388466
1987-06-01,119.29504504350197,113.68140227950492
1987-06-02,125.12908073470311,119.86935721429397
1987-06-03,123.49988646709167,118.35310811627599
1987-06-04,122.66188376571053,117.57892246617807
1987-06-05,120.18186518017532,115.20372485545268
1987-06-08,120.76572926973905,115.79805551287299
1987-06-09,121.3782275903006,116.41764220144486
1987-06-10,120.96354914240916,115.9868500154602
1987-06-11,120.32369023241696,115.31585479242739
1987-06-12,115.36667919943571,110.08106915778795
1987-06-15,114.21347606117887,109.00701556302161
1987-06-16,114.70027179100049,109.50966028169206
1987-06-17,113.70297814160084,108.4623459397803
1987-06-18,114.41908770614843,109.21692182141226
1987-06-19,115.37673705124605,110.22573994949289
1987-06-22,113.25721605883174,108.02659966634182
1987-06-23,113.36816990035308,108.14333367308878
1987-06-24,115.76282500741817,110.65650490396285
1987-06-25,114.59747445341422,109.4328215940743
1987-06-26,116.96546257802783,111.91270631727105
1987-06-29,115.81084898269158,110.76967539596313
1987-06-30,117.32768076939348,112.33122207542188
1987-07-01,117.1892324407485,112.19595993153035
1987-07-02,114.67899681505295,109.69297342845206
1987-07-03,114.67899681505295,109.69297342845206
1987-07-06,114.67899681505295,109.69297342845206
1987-07-07,113.92136912684178,108.97221789684495
1987-07-08,115.30388101169015,110.31381371921528
1987-07-09,117.36037664127647,112.46387037135905
1987-07-10,114.54386126729577,109.80024865470175
1987-07-13,116.1849318490927,111.5182383920486
1987-07-14,114.51582074083353,109.90249932676281
1987-07-15,117.31001859006093,112.82239142765307
1987-07-16,115.94633371523369,111.49524400907218
1987-07-17,114.2091450212046,109.7969222985637
1987-07-20,116.0237972817316,111.69306342025575
1987-07-21,119.30494602008434,115.01152895801611
1987-07-22,120.80758019490179,116.43366067846807
1987-07-23,121.62949329025695,117.17442138467953
1987-07-24,122.49932696190528,117.94726958852286
1987-07-27,123.42241385825075,118.75362098412742
1987-07-28,123.8907562510421,119.17462235066849
1987-07-29,123.17362923816275,118.51635270343981
1987-07-30,121.93105446502113,117.38138055138111
1987-07-31,124.5890134099482,119.70365174930558
1987-08-03,132.6340950762702,126.83742687739432
1987-08-04,132.25563783402978,126.43115302118827
1987-08-05,127.91804778159329,121.80998977657529
1987-08-06,128.64469938136284,122.58261850319786
1987-08-07,127.5111784159885,121.37747978165679
1987-08-10,129.07953839241495,123.0292422444081
1987-08-11,128.44891249622526,122.38479561792488
1987-08-12,128.0282717307913,121.93914121331959
1987-08-13,123.63588941873572,117.30527866910276
1987-08-14,121.83317383481813,115.40814169062585
1987-08-17,121.2188500584408,114.76208305537239
1987-08-18,128.10468744454928,121.8764425392882
1987-08-19,129.40875750798443,123.14693951187583
1987-08-20,127.4934650766268,121.27094195624366
1987-08-21,128.99696627436293,122.79909509863454
1987-08-24,129.58537123366662,123.39593472723793
1987-08-25,127.40242194737506,121.13906804252723
1987-08-26,129.7070860698065,123.41172536969208
1987-08-27,135.20650312904198,129.05010643543707
1987-08-28,138.58473428750236,132.51054051772243
1987-08-31,138.01174987940524,131.9232214601068
1987-09-01,139.79228432320383,133.74717737080223
1987-09-02,147.89753594109584,141.96022990588145
1987-09-03,148.22608886288623,142.29163838499414
1987-09-04,148.40157737804276,142.464450875623
1987-09-07,148.40157737804276,142.464450875623
1987-09-08,148.40157737804276,142.464450875623
1987-09-09,147.65155946141454,141.72410963067102
1987-09-10,144.52994673965338,138.71409819685718
1987-09-11,140.87853913017935,135.22856412853878
1987-09-14,140.45957845947635,134.86528493794933
1987-09-15,144.42370759436636,138.39156627914258
1987-09-16,147.4173625780028,141.02032434612238
1987-09-17,145.96708935875665,139.6707845148345
1987-09-18,141.73639506780953,135.82468538733838
1987-09-21,143.88333311868124,137.89471502341323
1987-09-22,141.08194778007595,135.0191818878379
1987-09-23,141.83338883360602,135.78998936906066
1987-09-24,146.0373301594857,140.0900409792993
1987-09-25,146.22962762030863,140.2869012430666
1987-09-28,145.82895073036255,139.87672542629605
1987-09-29,149.71129281144394,143.84210598720975
1987-09-30,151.16257975856118,145.32524100839672
1987-10-01,152.67367534486345,146.86962595054754
1987-10-02,148.96059459689383,143.08304171281569
1987-10-05,152.37874038165353,146.56167300332297
1987-10-06,153.69140342601685,147.89817696170385
1987-10-07,153.23574671881985,147.43418484383452
1987-10-08,159.92278742611154,154.20732820438067
1987-10-09,162.69008183083972,157.01140403831207
1987-10-12,167.0153247817999,161.38951254084142
1987-10-13,160.72489647052745,155.04853622855146
1987-10-14,168.0705330505726,162.41695077657675
1987-10-15,168.71832062937858,163.0672032309965
1987-10-16,170.23866745301902,164.59334975038874
1987-10-19,168.6684648431179,163.01746543858408
1987-10-20,156.13942930501327,150.58831641089853
1987-10-21,150.8252714890094,146.03500393369652
1987-10-22,146.06691437791022,141.71298586765664
1987-10-23,146.75341048220565,142.40765994440844
1987-10-26,144.17781861391603,139.80339064456095
1987-10-27,145.7012035065549,141.34308049587267
1987-10-28,147.07409666434236,142.7308151067799
1987-10-29,146.1267471514665,141.77321695355965
1987-10-30,145.4979430197065,141.13772862000147
1987-11-02,146.22186985472618,141.86930194742772
1987-11-03,144.86700993323308,140.500373597749
1987-11-04,143.7100349675014,139.33178974066794
1987-11-05,141.81249768915563,137.41630031099606
1987-11-06,142.45378658632467,138.06351516561048
1987-11-09,142.7880321331763,138.40087992379165
1987-11-10,142.8751958586333,138.48886175151037
1987-11-11,143.8016254570607,139.40442623865437
1987-11-12,143.3246424101289,138.92734806156656
1987-11-13,144.20716906057035,139.8181486349249
1987-11-16,143.38991727714813,138.99323002953005
1987-11-17,144.44561543396256,140.05867936904318
1987-11-18,144.00564137241193,139.61460265832685
1987-11-19,143.4340132362866,139.03770165150084
1987-11-20,142.84049654261474,138.43877911953922
1987-11-23,142.84049654261474,138.43877911953922
1987-11-24,140.67089853156241,136.25067331424114
1987-11-25,138.99156530954588,134.55792862336025
1987-11-26,138.99156530954588,134.55792862336025
1987-11-27,138.99156530954588,134.55792862336025
1987-11-30,141.5512571056965,137.13616282617883
1987-12-01,141.27345113272244,136.85626858587088
1987-12-02,141.27345113272244,136.85626858587088
1987-12-03,143.21766285755803,138.8145007132877
1987-12-04,142.90700436170147,138.50154161539754
1987-12-07,138.81578674871693,134.38676150324517
1987-12-08,138.2013409291906,133.76905462826687
1987-12-09,139.47237379198856,135.0466038750759
1987-12-10,133.96031024750923,129.52011803280791
1987-12-11,133.37290188021225,128.93147992795022
1987-12-14,134.5874856775222,130.1483946667942
1987-12-15,139.40905560738076,134.971068530856
1987-12-16,142.48342968901179,138.04561176813962
1987-12-17,141.58417469185372,137.1461639050034
1987-12-18,145.79410627760763,141.35245232108537
1987-12-21,146.0963999126605,141.65457841106564
1987-12-22,144.21552832914605,139.77526148841494
1987-12-23,148.12508752954224,143.67813889993374
1987-12-24,147.4917868510459,143.04579029787422
1987-12-25,147.4917868510459,143.04579029787422
1987-12-28,147.4917868510459,143.04579029787422
1987-12-29,150.1780050603156,145.72709378187153
1987-12-30,152.42144462167158,147.96647840323948
1987-12-31,149.5961086114787,145.14746355420223
1988-01-01,149.5961086114787,145.14746355420223
1988-01-04,149.5961086114787,145.14746355420223
1988-01-05,151.7921590579061,147.3378609834328
1988-01-06,149.34209302690627,144.8948023630388
1988-01-07,148.57537926748313,144.13044443774345
1988-01-08,141.33294939997856,136.93064724285168
1988-01-11,145.1179547324407,140.68997483509364
1988-01-12,144.7970986478686,140.37124173059289
1988-01-13,146.95076710304406,142.51035075430815
1988-01-14,147.63864764602118,143.19364950113876
1988-01-15,156.27162155038818,151.74752114264805
1988-01-18,155.85447651645862,151.3340863299846
1988-01-19,155.56537512834763,151.04756675542407
1988-01-20,156.91743115956402,152.38752147716076
1988-01-21,159.55931550526645,155.0056241370541
1988-01-22,161.20950684050038,156.5947422796294
1988-01-25,162.59922612452496,157.9180685332859
1988-01-26,159.2033864498472,154.8706245199711
1988-01-27,165.32396287663556,160.42702819798808
1988-01-28,166.7510794272663,161.71538740625056
1988-01-29,169.536565083955,164.22221708046925
1988-02-01,169.536565083955,164.22221708046925
1988-02-02,173.10306131079992,167.78841334093957
1988-02-03,169.4853770696404,164.39232257328945
1988-02-04,169.4853770696404,164.39232257328945
1988-02-05,173.68679595023045,168.60929614790444
1988-02-08,171.48016223115076,166.3946857689614
1988-02-09,172.6086069935733,167.52696928582162
1988-02-10,174.76187913816074,169.68738842245324
1988-02-11,172.5467238376228,167.46544232640935
1988-02-12,167.06529933963844,161.97925830261096
1988-02-15,167.06529933963844,161.97925830261096
1988-02-16,167.06529933963844,161.97925830261096
1988-02-17,166.8296334077305,161.78553169518094
1988-02-18,168.46612417754096,163.19958306205592
1988-02-19,169.79690906820068,164.4633703404972
1988-02-22,171.1475477857861,165.78152942399612
1988-02-23,174.85924667030196,169.40131732119818
1988-02-24,173.79245245056615,168.47078231412675
1988-02-25,171.51096770126557,166.32101000094627
1988-02-26,173.94243332892088,168.75785385609672
1988-02-29,175.20705480276297,170.0254545761897
1988-03-01,175.7353580733143,170.555055951748
1988-03-02,177.93404939864516,172.75882304773594
1988-03-03,179.08011798876692,173.90770281393188
1988-03-04,169.35554236945825,164.21261564732816
1988-03-07,168.91635472238625,163.77501186630948
1988-03-08,167.55055625821305,162.41427823375818
1988-03-09,168.49063248442366,163.35075522155512
1988-03-10,166.78148264904524,161.64825923256583
1988-03-11,170.0081088318643,164.86048908805753
1988-03-14,169.75145216155366,164.60493169067752
1988-03-15,169.75145216155366,164.60493169067752
1988-03-16,165.6795781929076,160.55330618916338
1988-03-17,169.39967354093775,164.2518819139903
1988-03-18,162.5267618298048,157.42947009844804
1988-03-21,160.64232886067367,155.55963679016668
1988-03-22,160.64232886067367,155.55963679016668
1988-03-23,159.88614504684512,154.8093809002839
1988-03-24,158.84078789511221,153.7722711826324
1988-03-25,160.99022928090397,155.90418774448352
1988-03-28,155.38095893194077,150.3454726983937
1988-03-29,156.40465090491924,151.3596302549687
1988-03-30,155.60331130798156,150.5657229537241
1988-03-31,156.709270910944,151.6613068246705
1988-04-01,156.709270910944,151.6613068246705
1988-04-04,156.709270910944,151.6613068246705
1988-04-05,156.709270910944,151.6613068246705
1988-04-06,160.36531206206277,155.28132949443756
1988-04-07,161.6210664220647,156.52480548415423
1988-04-08,167.80837041380025,162.64472691953347
1988-04-11,163.59519945448778,158.4783490283146
1988-04-12,165.67930182083944,160.5387835197145
1988-04-13,166.29987656632034,161.1523435517788
1988-04-14,158.37798663871632,153.3308356952447
1988-04-15,155.49457997500573,150.48492069203948
1988-04-18,152.60539180525092,147.63385633475949
1988-04-19,151.54249572852385,146.5850691723187
1988-04-20,151.54249572852385,146.5850691723187
1988-04-21,152.11535917426792,147.15029641709455
1988-04-22,154.1905650465611,149.19759673996685
1988-04-25,154.80778623988724,149.80653710486956
1988-04-26,153.52114005776875,148.53715102300194
1988-04-27,154.51662354705803,149.51920991481154
1988-04-28,149.50414330918198,144.5762237170865
1988-04-29,149.50414330918198,144.5762237170865
1988-05-02,145.5084323777053,140.6372749139466
1988-05-03,148.4372631830863,143.5235572038164
1988-05-04,148.77460895532258,143.8560191988446
1988-05-05,149.4775323196158,144.54875382466886
1988-05-06,155.02621062299693,150.0137124752891
1988-05-09,156.4177970904884,151.38438752029387
1988-05-10,159.2870882890957,154.21024209125193
1988-05-11,160.03169115626844,154.9436020323398
1988-05-12,160.03169115626844,154.9436020323398
1988-05-13,156.4547758181296,151.42119807410936
1988-05-16,157.25428897690156,152.20846703092224
1988-05-17,165.75636523775833,160.57213626934046
1988-05-18,170.83253187605436,165.5649967821725
1988-05-19,169.80782574142154,164.55705910460802
1988-05-20,171.92312364205486,166.63764759517156
1988-05-23,173.02465568826238,167.7211240920442
1988-05-24,171.4987143751273,166.22021284246534
1988-05-25,168.77749507591648,163.54385799926098
1988-05-26,169.61991613867124,164.3229398723775
1988-05-27,171.2707800313765,165.94631555321325
1988-05-30,171.2707800313765,165.94631555321325
1988-05-31,171.2707800313765,165.94631555321325
1988-06-01,158.58518568106788,153.94631346467685
1988-06-02,160.40703099994582,155.65940338246048
1988-06-03,155.70436764584517,151.2094217469852
1988-06-06,155.2037121849013,150.72925419638327
1988-06-07,158.2116899954913,153.67784294256316
1988-06-08,152.9916342747595,148.57342851973021
1988-06-09,155.02540972625192,150.63714717308815
1988-06-10,153.3592100977289,148.9769350187808
1988-06-13,152.1601653661639,147.76048331920498
1988-06-14,142.31618949832244,137.87446539861833
1988-06-15,143.72508796517502,139.28791403104964
1988-06-16,148.9547687288904,144.52474880379987
1988-06-17,153.07266345118947,148.64606362523617
1988-06-20,152.51219540850443,148.08497747782457
1988-06-21,152.9485807074075,148.52183201969046
1988-06-22,148.2499380510735,143.82496064025
1988-06-23,147.69854015956153,143.2739636389008
1988-06-24,147.26898661253114,142.84474306517873
1988-06-27,149.62398769469635,145.1972563071539
1988-06-28,147.66445849348054,143.23998819407268
1988-06-29,147.97143504621252,143.54657324292103
1988-06-30,145.4307337113739,141.01007990304294
1988-07-01,144.7911587929143,140.3716868607179
1988-07-04,144.7911587929143,140.3716868607179
1988-07-05,144.7911587929143,140.3716868607179
1988-07-06,147.1600421946822,142.73550874953696
1988-07-07,148.03198923869752,143.60571583744016
1988-07-08,151.75689832558712,147.32104875949688
1988-07-11,150.68255652375714,146.24931841295444
1988-07-12,152.885521765262,148.44641934395523
1988-07-13,154.58825436085624,150.14471998476165
1988-07-14,154.39148189709076,149.94844168907062
1988-07-15,151.95449916196608,147.5185113707286
1988-07-18,154.60288379141338,150.1582208493616
1988-07-19,153.13577927139443,148.6959227477506
1988-07-20,153.13577927139443,148.6959227477506
1988-07-21,155.14813921549973,150.70129665626544
1988-07-22,152.84337646818707,148.40500741508177
1988-07-25,151.20603503181877,146.77416287921844
1988-07-26,151.44655427232112,147.01370772531973
1988-07-27,155.12616336211374,150.67666005534042
1988-07-28,155.8779098593952,151.4251489340897
1988-07-29,152.785571222955,148.3476198795866
1988-08-01,149.9660364995485,145.54312589331096
1988-08-02,146.40557909001996,142.0041630159392
1988-08-03,147.66741052870023,143.25810822854586
1988-08-04,145.05875425380762,140.66635740549884
1988-08-05,151.21304448424704,146.77154022905233
1988-08-08,150.49789318965213,146.06194133985042
1988-08-09,153.89608337178257,149.4326464907696
1988-08-10,160.20019844609266,155.6800931058182
1988-08-11,161.77233000697075,157.23839639525357
1988-08-12,161.77233000697075,157.23839639525357
1988-08-15,162.74722199116863,158.20475818288804
1988-08-16,160.97736603798114,156.45059413094117
1988-08-17,162.27447856371367,157.7361228919994
1988-08-18,161.19459010099578,156.66591030255037
1988-08-19,160.3574472750172,155.83633848984536
1988-08-22,162.0885707102859,157.55171081030676
1988-08-23,159.41511380670585,154.90312579235513
1988-08-24,159.41511380670585,154.90312579235513
1988-08-25,163.41682566506398,158.86612925789967
1988-08-26,161.84874402148446,157.31319901939443
1988-08-29,156.31264781841324,151.8354054207764
1988-08-30,155.13718153958115,150.67255041062518
1988-08-31,153.92399743100822,149.47248019192648
1988-09-01,153.61039921990533,149.1622837751667
1988-09-02,142.19813664676178,137.90583760064203
1988-09-05,142.19813664676178,137.90583760064203
1988-09-06,142.19813664676178,137.90583760064203
1988-09-07,142.00931350604787,137.7196259727272
1988-09-08,142.00931350604787,137.7196259727272
1988-09-09,137.99334507979185,133.76007456028614
1988-09-12,139.92761605596917,135.66695982870334
1988-09-13,139.3256530951741,135.07350353043236
1988-09-14,136.84365858929422,132.62679411071088
1988-09-15,138.70824380406953,134.46471941618583
1988-09-16,139.13812575010093,134.88846664269386
1988-09-19,137.34963994136842,133.12555998784487
1988-09-20,137.8071204753867,133.57648511003566
1988-09-21,139.23121946776064,134.98015387906116
1988-09-22,138.48916856493102,134.2487371873461
1988-09-23,138.23253782038617,133.99578670390784
1988-09-26,135.84496513072062,131.64262152395477
1988-09-27,134.23126228607387,130.05227280003652
1988-09-28,133.40195953458064,129.23499501202502
1988-09-29,137.53297763784184,133.3051583332385
1988-09-30,143.93734903348957,139.6126889385616
1988-10-03,145.399791529274,141.05310489439918
1988-10-04,143.88089093201216,139.55710043233967
1988-10-05,143.6203184149431,139.30046044413493
1988-10-06,144.16248913330105,139.83444757841724
1988-10-07,152.933206451634,148.4672626351581
1988-10-10,151.66173533148074,147.21572155353843
1988-10-11,150.57099775904047,146.1421097315232
1988-10-12,146.4097903685114,142.04683452715855
1988-10-13,146.8356971677344,142.46598031629483
1988-10-14,148.6045593014251,144.20675101655053
1988-10-17,149.06423101319493,144.6591290756461
1988-10-18,149.54384534779086,145.13113540632588
1988-10-19,147.3104213615219,142.93322499571528
1988-10-20,148.0681926202726,143.6789349080021
1988-10-21,147.01545713133473,142.64296218062577
1988-10-24,147.01545713133473,142.64296218062577
1988-10-25,147.5829804914257,143.20144490209117
1988-10-26,150.21950259950526,145.79590411674496
1988-10-27,154.63433399848347,150.14000729850676
1988-10-28,155.82387388165603,151.31052327113804
1988-10-31,158.2890473370652,153.73625227547305
1988-11-01,157.01476642050704,152.48236463906127
1988-11-02,153.16622040892426,148.69581744231533
1988-11-03,156.00241379020358,151.48618610624916
1988-11-04,146.79043655526786,142.42684551441883
1988-11-07,144.3065057526682,139.98423894681773
1988-11-08,144.9912826656081,140.65761621149952
1988-11-09,143.56576452618998,139.2558383829366
1988-11-10,144.0547863690315,139.7367133586736
1988-11-11,140.79080592075584,136.5272387611436
1988-11-14,143.01986965442555,138.7190175960698
1988-11-15,142.7631974736078,138.4666364513368
1988-11-16,139.0991100931602,134.86398768388565
1988-11-17,136.53617333207052,132.34411983657273
1988-11-18,137.05393336736896,132.8531739298403
1988-11-21,137.32399264201499,133.11869287968662
1988-11-22,135.36098588150617,131.18871146725675
1988-11-23,135.6475754392628,131.47047739125588
1988-11-24,135.6475754392628,131.47047739125588
1988-11-25,135.6475754392628,131.47047739125588
1988-11-28,136.5705819658931,132.37794834372733
1988-11-29,138.17058796052186,133.95101778392248
1988-11-30,142.6576485525525,138.36229825821468
1988-12-01,145.21974865377842,140.88113049342098
1988-12-02,136.7821726839572,132.5876892674447
1988-12-05,139.20006087540818,134.96419483552367
1988-12-06,147.12145644516852,142.7490854480558
1988-12-07,145.3864418723276,141.04395613095173
1988-12-08,144.00912059979115,139.6903703160338
1988-12-09,141.99678201340964,137.7127334634722
1988-12-12,141.38176543258672,137.10832556532674
1988-12-13,138.4427052145095,134.22001315076827
1988-12-14,136.97757048797294,132.78019040458625
1988-12-15,137.40770381805856,133.20289158221436
1988-12-16,136.5106613980059,132.32134962037892
1988-12-19,135.12038869898225,130.95510726138696
1988-12-20,131.60905532182028,127.50454494642476
1988-12-21,130.91590787630477,126.82339856177177
1988-12-22,131.1554805447043,127.05882304280766
1988-12-23,130.40585811169092,126.32218045968457
1988-12-26,130.40585811169092,126.32218045968457
1988-12-27,130.40585811169092,126.32218045968457
1988-12-28,134.52225977136584,130.36719695309165
1988-12-29,133.22961700953684,129.09696549486918
1988-12-30,131.1093654527691,127.01349250249972
1989-01-02,131.1093654527691,127.01349250249972
1989-01-03,131.1093654527691,127.01349250249972
1989-01-04,130.55165036746038,126.46545361859269
1989-01-05,133.67634839473249,129.535895124419
1989-01-06,132.21820855528375,128.10307164240186
1989-01-09,131.91775943943333,127.8078396384533
1989-01-10,130.98042295612223,126.88678097761077
1989-01-11,131.30387949250314,127.20461990234733
1989-01-12,125.29436307399031,121.29975881732258
1989-01-13,120.2266121220958,116.3204534949148
1989-01-16,120.2266121220958,116.3204534949148
1989-01-17,120.78218495047483,116.86632631554885
1989-01-18,116.82106089439995,112.97442177331357
1989-01-19,117.37363203417254,113.51733390166632
1989-01-20,119.08548764480562,115.19926023666498
1989-01-23,117.30817019190032,113.45301753321965
1989-01-24,113.17398833902983,109.39119307263479
1989-01-25,116.5083934038901,112.66717761825093
1989-01-26,116.79231222512985,112.94612298444568
1989-01-27,114.72901676122605,110.91897671024738
1989-01-30,117.09017820541048,113.23875054087252
1989-01-31,116.78421551279436,112.9381501777969
1989-02-01,117.41939421107213,113.56219618823732
1989-02-02,118.41011267230432,114.53555006626934
1989-02-03,117.03322875184008,113.18279970552085
1989-02-06,117.38757887080476,113.53093837194676
1989-02-07,120.6230414350591,116.7096553241974
1989-02-08,119.88264196537166,115.98223953684008
1989-02-09,110.71660756408788,106.97757777597121
1989-02-10,106.58987349963284,102.9235586886709
1989-02-13,105.8912138634081,102.23721151420708
1989-02-14,104.44463876637471,100.8161310084148
1989-02-15,103.94959362024511,100.32981099652298
1989-02-16,103.43532137942977,99.82460289631985
1989-02-17,102.36733257300408,98.77543818060484
1989-02-20,102.36733257300408,98.77543818060484
1989-02-21,102.36733257300408,98.77543818060484
1989-02-22,106.39827298911145,102.73528231057342
1989-02-23,110.25273124107002,106.52173339065989
1989-02-24,111.53783201546617,107.78416163981701
1989-02-27,109.40982668521757,105.69370288733117
1989-02-28,107.79414281554227,104.10652957758049
1989-03-01,110.23232510418235,106.50167859091778
1989-03-02,107.2049731186977,103.52776704586239
1989-03-03,107.47880788015914,103.79676755596515
1989-03-06,105.21148636699272,101.56947740228257
1989-03-07,104.92431310450216,101.28737469055062
1989-03-08,103.43392779881384,99.82330606370411
1989-03-09,104.04461460833585,100.42320904822203
1989-03-10,109.81667245462478,106.09325694724299
1989-03-13,109.54069521896469,105.8221565083442
1989-03-14,108.10923221204037,104.41599010900408
1989-03-15,107.81491294407788,104.12687216057566
1989-03-16,107.50864034062167,103.82601215474443
1989-03-17,116.33269527111113,112.49389113991847
1989-03-20,117.75850524429923,113.89446842370225
1989-03-21,118.39340895966934,114.51813640475486
1989-03-22,115.15860189365976,111.34058326645832
1989-03-23,114.10195307926192,110.30263754850904
1989-03-24,114.10195307926192,110.30263754850904
1989-03-27,114.10195307926192,110.30263754850904
1989-03-28,113.20282036166178,109.41942027220088
1989-03-29,110.6732901019047,106.93466927174131
1989-03-30,109.75116078936264,106.028864733018
1989-03-31,108.09077643759619,104.39787611311809
1989-04-03,104.32375020239482,100.69755417731803
1989-04-04,101.8471511243659,98.26481391543611
1989-04-05,101.39534544891463,97.82100961486044
1989-04-06,103.70173502138896,100.08655107354852
1989-04-07,107.14821295082481,103.47198346843611
1989-04-10,107.14821295082481,103.47198346843611
1989-04-11,107.63082819159995,103.94605070505452
1989-04-12,107.63082819159995,103.94605070505452
1989-04-13,109.96052595632304,106.23448377113385
1989-04-14,102.5189960256303,98.92482582869675
1989-04-17,103.6462974204738,100.03214904046374
1989-04-18,98.82006711981548,95.29146317630209
1989-04-19,99.49371512779648,95.95317045520187
1989-04-20,103.20007630551177,99.59382943285905
1989-04-21,101.54647933138081,97.96954545924818
1989-04-24,101.54647933138081,97.96954545924818
1989-04-25,100.49454927892808,96.93626306311374
1989-04-26,100.13303183400942,96.58115431057297
1989-04-27,97.89868652187847,94.38641892724466
1989-04-28,96.96321478421255,93.46753128490475
1989-05-01,100.83354547118222,97.26924234151333
1989-05-02,98.84932883872443,95.32020525740027
1989-05-03,97.93751182000909,94.42455470377087
1989-05-04,98.31393619389146,94.7943050640362
1989-05-05,101.36794579657473,97.79416468734978
1989-05-08,99.26273874470795,95.72628493644734
1989-05-09,95.1699572061811,91.70607885983564
1989-05-10,94.29378921251686,90.84544788312267
1989-05-11,96.08283103619424,92.60276420261351
1989-05-12,104.50637323189898,100.8768858096675
1989-05-15,104.29098072949317,100.66531395499543
1989-05-16,103.84279004273952,100.22507332398555
1989-05-17,104.65618301343503,101.02403822489481
1989-05-18,105.14019999522559,101.49946967273054
1989-05-19,106.89544834150726,103.2235831974015
1989-05-22,109.93574946087779,106.20995448080154
1989-05-23,108.92526306425529,105.21739238352184
1989-05-24,108.53484010087317,104.83389488439995
1989-05-25,107.4562663388703,103.77445338247138
1989-05-26,107.8728100146754,104.18360818949827
1989-05-29,107.8728100146754,104.18360818949827
1989-05-30,107.8728100146754,104.18360818949827
1989-05-31,108.91758199394434,105.20984746165567
1989-06-01,108.76179957679999,105.05682838889281
1989-06-02,113.81490422329566,110.02029436413463
1989-06-05,115.54437245625095,111.7190832677876
1989-06-06,115.54437245625095,111.7190832677876
1989-06-07,117.85772580567766,113.99139958031324
1989-06-08,118.0162372039442,114.14709912520284
1989-06-09,122.03603017061026,118.09558313076529
1989-06-12,120.76971350412636,116.85173024123965
1989-06-13,117.44869072837956,113.58962246590436
1989-06-14,119.75288215040156,115.85293709281115
1989-06-15,116.22596040485935,112.538778743866
1989-06-16,115.11800476543624,111.51290983224715
1989-06-19,114.45422946159773,110.90880028644463
1989-06-20,116.4248052808468,112.77793448320264
1989-06-21,114.77732668093611,111.1782112923879
1989-06-22,112.80803297368126,109.23492869444087
1989-06-23,117.4259470349389,113.79080097526226
1989-06-26,119.29319661066371,115.6124663031263
1989-06-27,121.19353397255685,117.33490614669155
1989-06-28,119.56155943632827,115.72429135268303
1989-06-29,121.55457348164127,117.69106103063534
1989-06-30,122.58515596410744,118.7081062368566
1989-07-03,122.94341706889197,119.06166849797968
1989-07-04,122.94341706889197,119.06166849797968
1989-07-05,122.94341706889197,119.06166849797968
1989-07-06,124.67289905061082,120.76841792845636
1989-07-07,127.05717304959956,123.12128850307951
1989-07-10,128.69693844522027,124.7394986396421
1989-07-11,128.2709829147183,124.31913686758863
1989-07-12,128.49240638290968,124.53765034531501
1989-07-13,128.95440053748328,124.99357465035517
1989-07-14,127.04749692370036,123.11189526644499
1989-07-17,126.31785233655673,122.39194493343449
1989-07-18,122.4282692112932,118.55524279613485
1989-07-19,125.25518080008365,121.34326875324976
1989-07-20,128.82542040719295,124.86405204625841
1989-07-21,125.51681807466504,121.60173932797052
1989-07-24,126.22250641837157,122.29751920459906
1989-07-25,128.418852790937,124.46295934141212
1989-07-26,128.418852790937,124.46295934141212
1989-07-27,133.93447594675925,129.8993647205865
1989-07-28,136.6244456927868,132.55076520957294
1989-07-31,139.6293233853905,135.5124940776902
1989-08-01,143.19479270521157,139.0266215138542
1989-08-02,140.88544839939004,136.7506555860134
1989-08-03,138.57018711146637,134.46912050488646
1989-08-04,129.962083852288,125.99317405585796
1989-08-07,129.42473651373083,125.46411597413166
1989-08-08,129.79686940854958,125.83050662891253
1989-08-09,128.82868553551225,124.87726986459387
1989-08-10,128.42829902227183,124.48306886455059
1989-08-11,125.1725726706471,121.27792096077323
1989-08-14,118.56962221485779,114.77972102719067
1989-08-15,119.98983851913394,116.17732584475004
1989-08-16,122.73398796210716,118.87768648012495
1989-08-17,121.09245211836996,117.2623423503937
1989-08-18,121.5960904950145,117.75793904628765
1989-08-21,119.51140398507958,115.70658212116717
1989-08-22,116.90081122563645,113.13785263124751
1989-08-23,118.28960895848222,114.50434033648023
1989-08-24,119.5495095469989,115.7439995697374
1989-08-25,119.36198048202313,115.55948195907355
1989-08-28,116.85387946759973,113.09173898843348
1989-08-29,117.82272475833922,114.04497443556383
1989-08-30,118.8309040987523,115.03690937767624
1989-08-31,118.20010864605521,114.41627511792127
1989-09-01,122.39451806418305,118.54271328453709
1989-09-04,122.39451806418305,118.54271328453709
1989-09-05,122.39451806418305,118.54271328453709
1989-09-06,123.04356673064714,119.18125685545019
1989-09-07,122.5908846443748,118.73590066460685
1989-09-08,123.99741248065466,120.11965144469517
1989-09-11,125.45854296627277,121.55711905446363
1989-09-12,125.71246118125833,121.80692691522275
1989-09-13,123.35658144759196,119.4892445595539
1989-09-14,125.72474663044724,121.81893225852329
1989-09-15,127.8907030788933,123.94968456328277
1989-09-18,127.04819970595551,123.12087008359312
1989-09-19,127.33931862638461,123.40725779634205
1989-09-20,123.790786859771,119.91658893126251
1989-09-21,119.5417616636857,115.73722458304836
1989-09-22,118.98946629956319,115.19399415959208
1989-09-25,112.67432023466553,108.98344129649158
1989-09-26,114.78661492773345,111.06066354208548
1989-09-27,114.54318081180195,110.82126959892635
1989-09-28,115.04944973348871,111.31913496881327
1989-09-29,114.52101773125744,110.79947368352192
1989-10-02,114.79538870110888,111.06929005459119
1989-10-03,118.13808295534525,114.35636653934517
1989-10-04,119.55874491344427,115.7533969641221
1989-10-05,123.02527333694648,119.16215782507695
1989-10-06,129.51965585457464,125.5476788751892
1989-10-09,133.2924767906481,129.2572229620487
1989-10-10,130.29050655578627,126.30564291916073
1989-10-11,127.57893875893372,123.63965570097193
1989-10-12,129.55348314610742,125.58098549788221
1989-10-13,133.0706431460902,129.03892903840165
1989-10-16,132.30353840786773,128.28473590833522
1989-10-17,131.50971231988825,127.50427418625354
1989-10-18,130.41600616013653,126.42898644980596
1989-10-19,133.20902410664442,129.17493248905654
1989-10-20,131.77509352763198,127.76516834394478
1989-10-23,135.80342839649498,131.72551012267758
1989-10-24,139.25213735135955,135.11598705107878
1989-10-25,138.957785411405,134.82660384358658
1989-10-26,136.83826119704045,132.74287940873938
1989-10-27,134.38710069987053,130.34461699928994
1989-10-30,135.6246040130119,131.56139998058242
1989-10-31,135.299980399876,131.24411837511283
1989-11-01,137.30477252739806,133.21536385657598
1989-11-02,139.38194121145077,135.25777851353348
1989-11-03,134.89493740991355,130.84604762649798
1989-11-06,131.5630416190364,127.6069710584562
1989-11-07,138.47485628003483,134.40623403853706
1989-11-08,140.47747369739918,136.35430047834248
1989-11-09,137.87203145780066,133.79121334611744
1989-11-10,137.87203145780066,133.79121334611744
1989-11-13,137.56013449774164,133.4909308928531
1989-11-14,138.52364167645743,134.42786279927975
1989-11-15,142.139382258625,137.94884107191646
1989-11-16,142.139382258625,137.94884107191646
1989-11-17,137.18657732336393,133.07578820731396
1989-11-20,137.5042170540042,133.38830512626765
1989-11-21,139.48266296672944,135.3348143444193
1989-11-22,142.687987706157,138.3342437124636
1989-11-23,142.687987706157,138.3342437124636
1989-11-24,142.687987706157,138.3342437124636
1989-11-27,137.4544845136894,133.59625541409628
1989-11-28,137.10514893582538,133.269516063267
1989-11-29,135.01752870469613,131.2476033117597
1989-11-30,137.75499938651956,133.97087161935227
1989-12-01,139.86699841479293,136.07203890407712
1989-12-04,139.86699841479293,136.07203890407712
1989-12-05,139.48550726104833,135.69248770243743
1989-12-06,137.13181611530297,133.35162111475918
1989-12-07,133.9930980962154,130.23195671122318
1989-12-08,138.19965743464704,134.41039784240917
1989-12-11,137.4217982385567,133.63765677627347
1989-12-12,137.4217982385567,133.63765677627347
1989-12-13,138.68103245271342,134.88855213253305
1989-12-14,142.12353879149498,138.30758637743853
1989-12-15,140.79758191474073,136.9906700793837
1989-12-18,145.22587859783152,141.3866942094185
1989-12-19,142.9923250146989,139.16966263425695
1989-12-20,143.44915649904473,139.62308136794636
1989-12-21,142.0256764804623,138.2103975475895
1989-12-22,136.90573922507778,133.13429354331103
1989-12-25,136.90573922507778,133.13429354331103
1989-12-26,136.90573922507778,133.13429354331103
1989-12-27,137.83514111243252,134.05559019400553
1989-12-28,141.63506104079872,137.82148522759687
1989-12-29,139.21896672504604,135.42729717518802
1990-01-01,139.21896672504604,135.42729717518802
1990-01-02,139.21896672504604,135.42729717518802
1990-01-03,135.73717933254397,131.9786616415073
1990-01-04,136.73517409900185,132.96705842234852
1990-01-05,136.2141010580322,132.45099260244473
1990-01-08,134.0656356705366,130.32352524358944
1990-01-09,133.51564188966898,129.77894697133823
1990-01-10,132.94426714260626,129.21321582125228
1990-01-11,132.35076141089587,128.62559090309693
1990-01-12,127.08011376091046,123.41092453844036
1990-01-15,119.48880739675482,115.91068086742844
1990-01-16,116.36622538146662,112.82652811482534
1990-01-17,116.81302417932882,113.2678021098195
1990-01-18,107.36202930904884,103.94766736686351
1990-01-19,104.184186472173,100.81452392950135
1990-01-22,104.46876698059357,101.09509118189179
1990-01-23,102.98604707479973,99.63330040254922
1990-01-24,108.94032439516393,105.50088052643827
1990-01-25,110.91904353033404,107.45084403514818
1990-01-26,114.84017518237431,111.31460306937004
1990-01-29,114.59689713145202,111.0748764912552
1990-01-30,115.85683507089999,112.31641352523955
1990-01-31,111.09432817349733,107.62435184531896
1990-02-01,110.16362909039476,106.70746008992045
1990-02-02,113.65064533572178,110.14246045144999
1990-02-05,115.0415957152278,111.51269002211973
1990-02-06,116.95229827782647,113.39492344668645
1990-02-07,116.70508352292268,113.15138908989147
1990-02-08,113.67192810896496,110.16361952574805
1990-02-09,106.71860301947453,103.31674657492952
1990-02-12,109.59301147389837,106.14694407992201
1990-02-13,107.78724651819958,104.36896314263264
1990-02-14,108.15359173399517,104.72966899079026
1990-02-15,111.31210675232444,107.83944856589476
1990-02-16,110.75227709336883,107.28824981669365
1990-02-19,110.75227709336883,107.28824981669365
1990-02-20,110.75227709336883,107.28824981669365
1990-02-21,110.55238498618488,107.09143954754951
1990-02-22,107.084948315822,103.68100392718151
1990-02-23,107.29687194782893,103.87563449716399
1990-02-26,103.89338929692028,100.69153476786727
1990-02-27,101.62102166836844,98.56702201984346
1990-02-28,105.73037095054136,102.63105552081737
1990-03-01,108.9261707558212,105.45219196296279
1990-03-02,107.35927780306649,104.02712370821132
1990-03-05,111.70849019176768,107.88069405850753
1990-03-06,109.47927506992872,105.82924843935216
1990-03-07,109.09548076287825,105.48391574629954
1990-03-08,108.50367036180941,104.94536399543088
1990-03-09,111.79486498877584,108.03325714081558
1990-03-12,110.74929527253943,107.11778490489704
1990-03-13,114.74347467488144,110.6053827315371
1990-03-14,111.0459130983509,107.37823366500963
1990-03-15,111.87305598466963,108.0779643787427
1990-03-16,108.44808310453801,105.03805533933841
1990-03-19,108.65009138860012,105.21376050009192
1990-03-20,106.40060356320204,103.0355761207979
1990-03-21,107.11061464719779,103.7659605895759
1990-03-22,106.74027599022797,103.38494039563115
1990-03-23,105.97068014614632,102.59328215050773
1990-03-26,105.17433972396866,101.77432621156375
1990-03-27,105.99658493838189,102.61959310425502
1990-03-28,105.13956598483989,101.73851594712224
1990-03-29,109.16936118440704,105.86503969688614
1990-03-30,111.84875417885335,108.60714341235713
1990-04-02,111.42742834610044,108.17575728900222
1990-04-03,110.55288913876642,107.2805439452467
1990-04-04,106.01967631573874,102.65811884443568
1990-04-05,106.62501120783104,103.27482758064023
1990-04-06,106.62501120783104,103.27482758064023
1990-04-09,108.36642476537874,105.04815249507398
1990-04-10,108.81777942855066,105.50789608784315
1990-04-11,109.99133323306403,106.70308065041883
1990-04-12,110.96772841516724,107.69752351239089
1990-04-13,110.96772841516724,107.69752351239089
1990-04-16,110.96772841516724,107.69752351239089
1990-04-17,115.51612660523732,112.04816526835772
1990-04-18,120.51726501276177,116.87594851918406
1990-04-19,120.74906395263984,117.1130209823712
1990-04-20,124.29774730688709,120.73554971318839
1990-04-23,125.49392542235856,121.95717850094465
1990-04-24,126.49113016997933,122.97572376124326
1990-04-25,126.49113016997933,122.97572376124326
1990-04-26,129.436953263929,125.98190536555967
1990-04-27,129.16210528071127,125.7013083806727
1990-04-30,128.3068889433846,124.82841136694253
1990-05-01,129.78117372782697,126.33268901316947
1990-05-02,130.39595470190574,126.9601189188589
1990-05-03,128.18101844272866,124.70142103194641
1990-05-04,117.91740653192102,114.39056101759459
1990-05-07,119.11699861617278,115.59433541813794
1990-05-08,117.69675989915669,114.16917027814719
1990-05-09,121.07301802142754,117.55310339931793
1990-05-10,117.93595194176238,114.4102046361107
1990-05-11,112.4936495891693,108.9705080251782
1990-05-14,111.50527995526325,107.98712496134
1990-05-15,112.94754200375591,109.4276773223093
1990-05-16,113.54522404081902,110.0246794615134
1990-05-17,114.01253809307481,110.49146375506504
1990-05-18,115.7869089746176,112.26337151744019
1990-05-21,115.62006993949154,112.09674274351809
1990-05-22,112.22819100416017,108.7113653384994
1990-05-23,111.24119737734613,107.72651804517012
1990-05-24,111.58068284863458,108.06523170840583
1990-05-25,114.02303207653421,110.50086093279549
1990-05-28,114.02303207653421,110.50086093279549
1990-05-29,114.02303207653421,110.50086093279549
1990-05-30,112.55272875400576,109.03450081007708
1990-05-31,111.9865685426903,108.46991485929584
1990-06-01,106.17642616043761,102.68697965449473
1990-06-04,106.01687028068261,102.52822579239735
1990-06-05,107.33805649596842,103.84251933322611
1990-06-06,107.16627782738017,103.67162423732496
1990-06-07,106.98739259054899,103.49366124113617
1990-06-08,107.17358737296716,103.67889054873731
1990-06-11,107.75535752326637,104.25761909784134
1990-06-12,107.75535752326637,104.25761909784134
1990-06-13,104.45363730301152,100.97458725605581
1990-06-14,103.2403411713755,99.76841318145362
1990-06-15,106.84728668827267,103.35068089034434
1990-06-18,108.64118091709175,105.13222048551177
1990-06-19,108.8478756090125,105.33750719746652
1990-06-20,110.76972362537111,107.24584523337862
1990-06-21,109.2273052884559,105.71424177108177
1990-06-22,108.77551136470447,105.2656482647734
1990-06-25,112.83039256734754,109.28831760496496
1990-06-26,110.8226229699517,107.29641649997279
1990-06-27,109.24231703874176,105.7288436831008
1990-06-28,106.73009352830931,103.2375208138507
1990-06-29,108.99538135429299,105.48311842024725
1990-07-02,108.52734124650358,105.01910480739367
1990-07-03,110.21696065537512,106.6939109880205
1990-07-04,110.21696065537512,106.6939109880205
1990-07-05,110.21696065537512,106.6939109880205
1990-07-06,105.09444925241804,101.62046373667116
1990-07-09,103.0782852883683,99.62415773625146
1990-07-10,102.16826924088136,98.72317570111717
1990-07-11,103.33889330018415,99.8820360392388
1990-07-12,106.87498125572277,103.38089809583701
1990-07-13,108.76753187465722,105.2534660892761
1990-07-16,109.74771554225468,106.22331626261578
1990-07-17,110.25892162981958,106.72914118891863
1990-07-18,106.15093984951045,102.66613087188384
1990-07-19,105.90276545500802,102.42070224326821
1990-07-20,107.9460972572889,104.44110577325212
1990-07-23,107.68107191991056,104.17903923121621
1990-07-24,104.44640369028369,100.9812656741083
1990-07-25,107.06940142571253,103.57352573713494
1990-07-26,107.6098407427279,104.10765995881835
1990-07-27,111.67264282130614,108.12132897888303
1990-07-30,116.80667291155227,113.19077618264832
1990-07-31,115.06388176693557,111.46983204437846
1990-08-01,118.54582231549008,114.90725443229057
1990-08-02,113.12862735499137,109.56164640529083
1990-08-03,111.40969447492904,107.86564540224792
1990-08-06,101.98862219882861,98.58273068591659
1990-08-07,100.44087108078786,97.09298318304826
1990-08-08,100.32243015323346,96.97624773273559
1990-08-09,102.97753227117386,99.5928603497668
1990-08-10,102.49061671473262,99.11298976342759
1990-08-13,102.36422796591404,98.98843034875406
1990-08-14,103.15214752375907,99.76493683045908
1990-08-15,103.83536173055438,100.43825553278958
1990-08-16,100.23414833207597,96.88962884631194
1990-08-17,101.38519304705173,97.9249901354774
1990-08-20,101.38519304705173,97.9249901354774
1990-08-21,101.99356494985916,98.48570857781141
1990-08-22,104.28141948951146,100.6485402002522
1990-08-23,107.01916303583604,103.12187538419364
1990-08-24,108.33178427811445,104.30514215404743
1990-08-27,103.75669484395047,100.17096944577371
1990-08-28,104.73313327000646,100.99760999857001
1990-08-29,101.34215116548901,98.04079827228426
1990-08-30,102.13804645633857,98.72888818816446
1990-08-31,101.97861869999416,98.58532605343684
1990-09-03,101.97861869999416,98.58532605343684
1990-09-04,101.97861869999416,98.58532605343684
1990-09-05,100.52167599149988,97.20148974172913
1990-09-06,99.83647261580388,96.57012824356903
1990-09-07,98.66260765253708,95.42677906250385
1990-09-10,100.16314093412456,96.92844622403899
1990-09-11,99.81863783062113,96.58170130289069
1990-09-12,99.63949303250806,96.40139764399265
1990-09-13,99.26642270137285,96.02592487192933
1990-09-14,101.37093127410157,98.14274853986973
1990-09-17,102.55199397406587,99.33082387968241
1990-09-18,102.34680930601274,99.12439483765405
1990-09-19,101.70632418936081,98.48007026629647
1990-09-20,103.2460503130682,100.02852926857395
1990-09-21,106.15759469385537,102.95456936625094
1990-09-24,108.42416294106845,105.23211110690029
1990-09-25,106.79413331646299,103.59435823585824
1990-09-26,106.31726013895224,103.11532110264623
1990-09-27,101.95339846724521,98.83667126839397
1990-09-28,97.82171645897442,94.69240704043517
1990-10-01,93.63163394314704,90.49814172591965
1990-10-02,92.8574071334985,89.74159762978012
1990-10-03,93.2482542742316,90.13269615752124
1990-10-04,92.02676868107531,88.91051156834722
1990-10-05,90.98040137704766,87.86372972627072
1990-10-08,92.47713758256569,89.36054045536159
1990-10-09,98.41714064400678,95.28231597956696
1990-10-10,100.04455689771791,96.9051487586025
1990-10-11,101.90403465388673,98.7592552549083
1990-10-12,98.35707477108416,95.22530049111626
1990-10-15,97.0954110860206,93.96867897185122
1990-10-16,96.53974846541682,93.41529161436344
1990-10-17,95.38902966666254,92.2694247436074
1990-10-18,93.42915519464327,90.31842332883522
1990-10-19,89.9497001658621,86.8576674633955
1990-10-22,90.13697064817332,87.04389405440386
1990-10-23,91.10921547964806,88.01066643882471
1990-10-24,91.51433999426482,88.41352881179243
1990-10-25,89.62451555004051,86.5345771183005
1990-10-26,90.26308356280734,87.16938539640435
1990-10-29,93.07473824304904,89.96323878179633
1990-10-30,93.29582123226055,90.18295446637923
1990-10-31,90.79403662472163,87.69745464916375
1990-11-01,87.25074628862899,84.17994947526857
1990-11-02,87.25074628862899,84.17994947526857
1990-11-05,90.28577288229003,87.19083186228676
1990-11-06,89.84463734164763,86.75314825062934
1990-11-07,86.92345896701393,83.8560153110708
1990-11-08,86.47833076265646,83.4146088323159
1990-11-09,90.81004538539412,87.70607787085756
1990-11-12,94.48170176756004,91.3423447668741
1990-11-13,95.29560384544232,92.14849482729068
1990-11-14,95.9319313843093,92.77877648943198
1990-11-15,95.0479217699399,91.90318233169793
1990-11-16,97.73750569544697,94.56650829313091
1990-11-19,96.13942455027701,92.98406920061095
1990-11-20,97.53416652816131,94.36502879911086
1990-11-21,100.2294204664814,96.9571648492639
1990-11-22,100.2294204664814,96.9571648492639
1990-11-23,100.2294204664814,96.9571648492639
1990-11-26,101.23740209520098,97.95577523011497
1990-11-27,99.6451319447495,96.39997971542635
1990-11-28,98.18251446887807,95.07732792604268
1990-11-29,96.64683330299508,93.72322077743067
1990-11-30,100.05574770357254,96.71504334302361
1990-12-03,102.54905325131092,98.9221636363053
1990-12-04,103.84995160844359,100.06363697873151
1990-12-05,106.16503516420552,102.1310901672658
1990-12-06,104.40507921642484,100.60862386424505
1990-12-07,113.67569793663073,109.03715645757784
1990-12-10,115.32333910384752,110.7599432779097
1990-12-11,117.2394048192404,112.76256547648033
1990-12-12,118.3410075392803,113.91437774080467
1990-12-13,114.79879361885735,110.22404282816281
1990-12-14,111.65217556028657,106.95838230489403
1990-12-17,112.88891023344104,108.24020383541355
1990-12-18,114.38735365598012,109.79289799084286
1990-12-19,113.50040933667289,108.87361524542945
1990-12-20,110.80409859389397,106.08481567073906
1990-12-21,108.5908019261125,103.79980535634674
1990-12-24,103.94013803631381,99.02595535805033
1990-12-25,103.94013803631381,99.02595535805033
1990-12-26,103.94013803631381,99.02595535805033
1990-12-27,105.35049802832192,100.4709707067057
1990-12-28,103.4781192869704,98.55300472597266
1990-12-31,106.38130922750824,101.5181185808736
1991-01-01,106.38130922750824,101.5181185808736
1991-01-02,106.38130922750824,101.5181185808736
1991-01-03,108.11474856490615,103.28823940492668
1991-01-04,104.62092739177243,99.72724219137699
1991-01-07,99.85142649603402,95.01646540119091
1991-01-08,98.35319982833911,93.68996201922302
1991-01-09,94.19273274572946,89.75844830147437
1991-01-10,97.58129246748422,93.18516134235868
1991-01-11,97.21762935752585,92.84251399646013
1991-01-14,95.36006438291047,91.07303932388349
1991-01-15,95.8999848229416,91.61217394706067
1991-01-16,96.0834786195872,91.79969182757395
1991-01-17,102.76136466112442,98.5504510369779
1991-01-18,103.42451103258176,99.13343671720338
1991-01-21,102.58790131069642,98.37432677066538
1991-01-22,101.90953230292065,97.74636868515614
1991-01-23,102.95206365865025,98.72090614613766
1991-01-24,104.36411365966288,100.06981998713572
1991-01-25,102.2593657387377,97.9900550224242
1991-01-28,102.79794123888486,98.51513496666449
1991-01-29,103.7226821117761,99.42687300677792
1991-01-30,102.7600897714804,98.47827476738593
1991-01-31,103.53358795696681,99.26132679883047
1991-02-01,108.64240224241475,104.41196850246119
1991-02-04,109.72217289231581,105.50125531288397
1991-02-05,111.03191198796773,106.8225272345194
1991-02-06,111.226695605956,107.01906196741646
1991-02-07,110.01372565508092,105.79550388114312
1991-02-08,112.68565495518148,108.48814500748789
1991-02-11,112.05448612605835,107.85192482353256
1991-02-12,112.49110499530045,108.29199951570638
1991-02-13,112.26338914779706,108.06247528427537
1991-02-14,111.08379448048913,106.87385972158046
1991-02-15,112.05603341604147,107.8533116928881
1991-02-18,112.05603341604147,107.8533116928881
1991-02-19,112.05603341604147,107.8533116928881
1991-02-20,109.73529081881495,105.51698245730759
1991-02-21,108.43461337449915,104.20830323910212
1991-02-22,106.31590834305902,102.07822411599463
1991-02-25,107.39052491707382,103.15817805024862
1991-02-26,103.35296730044759,99.10826928422512
1991-02-27,103.09211391008822,98.84674355973813
1991-02-28,100.4227267857396,96.17265505584199
1991-03-01,94.7468106001295,90.50840635935444
1991-03-04,95.19101907657725,90.95142307560096
1991-03-05,96.79943687565114,92.55500876397697
1991-03-06,95.84501954127352,91.60335790236107
1991-03-07,98.26673384034939,94.01611631351545
1991-03-08,94.86459053408063,90.62906443292982
1991-03-11,98.73364218233174,94.47381739741363
1991-03-12,97.59931011414547,93.34635005714154
1991-03-13,100.34671745582067,96.07502515482322
1991-03-14,100.58131878539402,96.30807319729607
1991-03-15,96.36760620213568,92.12748623740761
1991-03-18,93.94778869239511,89.72823122125659
1991-03-19,89.33848714405521,85.16494199358347
1991-03-20,91.44037245608048,87.24437698730965
1991-03-21,93.57381533195215,89.35450638709395
1991-03-22,93.97339606639352,89.74975977633018
1991-03-25,94.39006110042398,90.16191176507564
1991-03-26,94.60743397228416,90.37693300501553
1991-03-27,97.0574933261942,92.79952170394787
1991-03-28,99.316914645344,95.03321397739232
1991-03-29,99.316914645344,95.03321397739232
1991-04-01,99.316914645344,95.03321397739232
1991-04-02,100.75379313692628,96.45373515046458
1991-04-03,100.00511956923108,95.71355053708221
1991-04-04,102.79555814191087,98.47112861630147
1991-04-05,103.05622949537896,98.72876488143369
1991-04-08,104.94579051202395,100.59605525608046
1991-04-09,101.9332530948529,97.62009992726668
1991-04-10,97.29047457914872,93.03882294897876
1991-04-11,97.77679934913515,93.51860439369007
1991-04-12,103.16178904623135,98.82458052237992
1991-04-15,105.1580164000924,100.79163764254
1991-04-16,104.92836734822006,100.56533016269805
1991-04-17,105.88323245874895,101.50627289707974
1991-04-18,102.04951434983217,97.7302410702356
1991-04-19,99.10012307494456,94.82636372526538
1991-04-22,96.4460570573397,92.21401464909331
1991-04-23,97.76437646086649,93.51142469300837
1991-04-24,100.67226393803375,96.37253727656588
1991-04-25,99.98793634447863,95.69917144599059
1991-04-26,100.93192562144316,96.62799749506921
1991-04-29,100.68568344558035,96.38570477800708
1991-04-30,103.45260506202374,99.10766064123541
1991-05-01,104.48361877154042,100.12196848070194
1991-05-02,106.87550378223625,102.47485232041006
1991-05-03,102.92275001197618,98.58788235822738
1991-05-06,102.15875607252714,97.83668330110227
1991-05-07,101.89493247138599,97.57728310894053
1991-05-08,102.16947626800996,97.84722164669819
1991-05-09,102.74209023543945,98.4102300438295
1991-05-10,95.9101801265341,91.69995962650856
1991-05-13,98.75132750895803,94.48968799360782
1991-05-14,95.49428427961722,91.29198454845087
1991-05-15,95.91886475279905,91.70880401842214
1991-05-16,96.5825199155171,92.36032487549437
1991-05-17,99.07816776686748,94.81008155979941
1991-05-20,97.91633421618009,93.66958830940737
1991-05-21,100.95264428190643,96.64960758988244
1991-05-22,100.00366376234359,95.71819031584133
1991-05-23,98.06015021547326,93.81077406107833
1991-05-24,98.7998631731206,94.53671986100338
1991-05-27,98.7998631731206,94.53671986100338
1991-05-28,98.7998631731206,94.53671986100338
1991-05-29,98.53418528236146,94.27598397607821
1991-05-30,101.77042031785568,97.45150028355955
1991-05-31,98.81244161773222,94.54923415695964
1991-06-03,94.47708284391514,90.29670994827865
1991-06-04,94.71913596661526,90.53412499917799
1991-06-05,92.7165768581095,88.57001155396212
1991-06-06,90.70102751696487,86.59328209681124
1991-06-07,87.45817658372377,83.41331080744428
1991-06-10,87.45817658372377,83.41331080744428
1991-06-11,87.71310855733523,83.66328835547021
1991-06-12,84.10264410727257,80.12343804799767
1991-06-13,83.102983468589,79.14337194161317
1991-06-14,80.55676241365049,76.64721692964149
1991-06-17,81.06457012157529,77.14501893755958
1991-06-18,82.11750262086457,78.17718009338108
1991-06-19,82.11750262086457,78.17718009338108
1991-06-20,79.8510051066895,75.95545864363254
1991-06-21,81.54111071605818,77.61204059271488
1991-06-24,81.83363592043062,77.89876666176134
1991-06-25,81.83363592043062,77.89876666176134
1991-06-26,81.83363592043062,77.89876666176134
1991-06-27,80.18428171563691,76.28213862176511
1991-06-28,75.14765183366173,71.3466919557536
1991-07-01,76.01344039216403,72.19503011499151
1991-07-02,76.3141803374589,72.48970869785755
1991-07-03,75.060853880644,71.26164606649006
1991-07-04,75.060853880644,71.26164606649006
1991-07-05,75.060853880644,71.26164606649006
1991-07-08,74.06521821599642,70.28609871099718
1991-07-09,75.42357888674019,71.61699183408881
1991-07-10,74.01017714305247,70.2321656407341
1991-07-11,69.85228857899199,66.15892507695042
1991-07-12,66.31674979480363,62.69576367488661
1991-07-15,66.62815886808721,63.000786523968166
1991-07-16,67.27454022349002,63.63390379406102
1991-07-17,69.25265002845357,65.57131381923458
1991-07-18,69.59404152266389,65.9056836690812
1991-07-19,67.47474230978594,63.83001194322384
1991-07-22,67.11730361312422,63.47993682019697
1991-07-23,69.63177032734357,65.94240143836012
1991-07-24,63.444671383138676,59.884685114757595
1991-07-25,60.964523074490785,57.45653426343114
1991-07-26,60.964523074490785,57.45653426343114
1991-07-29,61.81406356404193,58.28823926159801
1991-07-30,61.5184950989059,57.99887496732654
1991-07-31,58.800827448826,55.33833112585032
1991-08-01,60.83418797587723,57.32883723212267
1991-08-02,53.16142803869457,49.81993956634694
1991-08-05,53.48887460977005,50.140384701482276
1991-08-06,56.254726544935686,52.846985428925784
1991-08-07,56.254726544935686,52.846985428925784
1991-08-08,54.583893476495106,51.21194252528794
1991-08-09,54.583893476495106,51.21194252528794
1991-08-12,55.62481682646296,52.23055506300145
1991-08-13,57.04714834265876,53.62238830237005
1991-08-14,60.65576868737281,57.15347120225396
1991-08-15,59.506225613585784,56.02862176895185
1991-08-16,60.17611385771939,56.684116763133034
1991-08-19,60.17611385771939,56.684116763133034
1991-08-20,61.26044983629608,57.74515078412294
1991-08-21,61.26044983629608,57.74515078412294
1991-08-22,62.23432148105288,58.69809270008999
1991-08-23,58.3870691780646,54.933632465986506
1991-08-26,56.81155862311027,53.39204252742058
1991-08-27,57.8660562187471,54.42382931066818
1991-08-28,61.159193364969624,57.64595665796881
1991-08-29,63.628926286594336,60.0624146350285
1991-08-30,61.1923550309136,57.67841647510912
1991-09-02,61.1923550309136,57.67841647510912
1991-09-03,61.1923550309136,57.67841647510912
1991-09-04,60.86400395959019,57.357151267514105
1991-09-05,60.180359516127254,56.68826054322764
1991-09-06,62.91523657526468,59.36407383108981
1991-09-09,64.44181859075945,60.857685961144185
1991-09-10,64.09118464104513,60.514624106280166
1991-09-11,63.72692360917518,60.15822964937074
1991-09-12,66.65433282526763,63.02237807286131
1991-09-13,66.83726472138112,63.20135743594266
1991-09-16,68.35234696033548,64.68369968665448
1991-09-17,68.75231584285366,65.06748214223379
1991-09-18,68.75231584285366,65.06748214223379
1991-09-19,68.75231584285366,65.06748214223379
1991-09-20,70.51469033943154,66.79171448992844
1991-09-23,71.19767430922658,67.45991751950615
1991-09-24,70.72306796877746,66.9955818719482
1991-09-25,70.23101412540464,66.51417632183522
1991-09-26,71.50237085843689,67.7580151592918
1991-09-27,75.74622767214854,71.9099074354328
1991-09-30,77.19957323734499,73.33176038400033
1991-10-01,77.70318475241953,73.82445965983497
1991-10-02,76.65807425417815,72.8019942493525
1991-10-03,76.65807425417815,72.8019942493525
1991-10-04,81.38605374515512,77.42740793371725
1991-10-07,81.38605374515512,77.42740793371725
1991-10-08,80.0803666004126,76.15004118900264
1991-10-09,75.18721320394177,71.36310937064883
1991-10-10,72.00623461210253,68.25121109547278
1991-10-11,77.20765206128468,73.33953430252906
1991-10-14,76.87193971506767,73.01112037060848
1991-10-15,77.91674415481522,74.03320939247264
1991-10-16,77.91674415481522,74.03320939247264
1991-10-17,73.83196655669984,70.03726542146134
1991-10-18,75.44616130507715,71.61634866150679
1991-10-21,72.08615193735535,68.32943510413449
1991-10-22,70.58590028841856,66.86182319843982
1991-10-23,70.28119384820761,66.5637461560215
1991-10-24,72.15873906556322,68.40043613104096
1991-10-25,70.72332620485935,66.99625671213143
1991-10-28,72.49103202986431,68.72549289007945
1991-10-29,76.96758054455867,73.1045722346163
1991-10-30,77.54181779597506,73.66630712885618
1991-10-31,77.99103635875319,74.1057452681737
1991-11-01,77.67879215652056,73.80029916888698
1991-11-04,77.19247610375892,73.32457101956331
1991-11-05,75.04283240221865,71.22173053132343
1991-11-06,75.70300093052683,71.86752479462825
1991-11-07,79.48996934010508,75.57201312863344
1991-11-08,79.64985957962595,75.7284211353625
1991-11-11,80.31666001293503,76.38069925815995
1991-11-12,81.53079732349593,77.56839313623733
1991-11-13,79.06349480431605,75.15482923145215
1991-11-14,81.4738285064092,77.51265790153835
1991-11-15,81.82495751049848,77.85613835577772
1991-11-18,81.82495751049848,77.85613835577772
1991-11-19,81.06366000929452,77.11142376935382
1991-11-20,80.2785195020108,76.34338559962276
1991-11-21,79.26805064840114,75.35492744984171
1991-11-22,77.41702648657447,73.54422473082924
1991-11-25,76.37981912740534,72.52961162263011
1991-11-26,78.69350976430911,74.79289568725198
1991-11-27,78.94663367796937,75.0040474430671
1991-11-28,78.94663367796937,75.0040474430671
1991-11-29,78.94663367796937,75.0040474430671
1991-12-02,81.89563858763678,77.88819616585036
1991-12-03,84.82431956721055,80.75241226946046
1991-12-04,90.30686262359634,86.11409190856796
1991-12-05,87.9966916778602,83.85481258942518
1991-12-06,85.54451214854264,81.45661555868571
1991-12-09,87.59557826018263,83.46250893487192
1991-12-10,87.59557826018263,83.46250893487192
1991-12-11,87.39548367311767,83.26682027253021
1991-12-12,88.4356388086667,84.28406830866378
1991-12-13,86.30431600841398,82.19965784202807
1991-12-16,87.37751521462376,83.24923057698996
1991-12-17,88.93735644925891,84.77472274884492
1991-12-18,88.70595679158204,84.54841806197011
1991-12-19,93.48035292044929,89.21759358392092
1991-12-20,99.0067856737192,94.62212936459989
1991-12-23,101.8452693703276,97.39798163351713
1991-12-24,102.42349418734875,97.96344789973506
1991-12-25,102.42349418734875,97.96344789973506
1991-12-26,102.42349418734875,97.96344789973506
1991-12-27,103.45895514177764,98.97606545884459
1991-12-30,106.65891925396397,102.10541171615031
1991-12-31,108.8202824512054,104.21906778704644
1992-01-01,108.8202824512054,104.21906778704644
1992-01-02,108.8202824512054,104.21906778704644
1992-01-03,106.35258285509272,101.80579731339323
1992-01-06,107.93364130705339,103.35197973374947
1992-01-07,110.95494853175553,106.30662366439788
1992-01-08,109.08067254465954,104.473688142803
1992-01-09,107.66108209670789,103.08540042517768
1992-01-10,103.73030595594473,99.24125016595981
1992-01-13,100.08380478899417,95.67507394643575
1992-01-14,95.2305942853016,90.9287201443696
1992-01-15,94.87401632352699,90.57999296310075
1992-01-16,91.13713097562433,86.92535815629208
1992-01-17,93.15724493134785,88.90099832215921
1992-01-20,95.55407987183577,91.24505418786192
1992-01-21,97.64086490962165,93.28587983613583
1992-01-22,95.8655798962865,91.54968743160734
1992-01-23,91.58423742247275,87.3625963874343
1992-01-24,90.62766067382259,86.42707708075478
1992-01-27,90.95666840801786,86.74884203284554
1992-01-28,94.59659811614291,90.30861559216466
1992-01-29,90.38336629903708,86.18814261821188
1992-01-30,88.93896696807317,84.77554117389685
1992-01-31,89.5288853161652,85.3524720158662
1992-02-03,87.848428163047,83.70900789264715
1992-02-04,90.72766225506821,86.52484400226754
1992-02-05,93.43063219272601,89.16828646202156
1992-02-06,93.43063219272601,89.16828646202156
1992-02-07,93.74867471567217,89.47932473787243
1992-02-10,93.58275580112911,89.31705979761799
1992-02-11,92.5495090731234,88.30656660221207
1992-02-12,90.61618956160315,86.41581766424491
1992-02-13,86.2312229962433,82.12739228074655
1992-02-14,86.38756151036608,82.28028865836285
1992-02-17,86.38756151036608,82.28028865836285
1992-02-18,86.38756151036608,82.28028865836285
1992-02-19,88.38148407985354,84.2303046639508
1992-02-20,88.72478724403068,84.56604813500985
1992-02-21,87.29904767506937,83.17170223753243
1992-02-24,86.56933894314827,82.45806078457893
1992-02-25,88.06975473392677,83.92543643857371
1992-02-26,92.96328346702462,88.71117528380272
1992-02-27,91.5803538895652,87.35870564093543
1992-02-28,94.5259739590143,90.23943796673291
1992-03-02,89.89508424365711,85.71054718671604
1992-03-03,88.53174126883823,84.37723199812797
1992-03-04,88.99712332092093,84.83236373318968
1992-03-05,86.29861548940643,82.19328809171516
1992-03-06,87.70406148244498,83.56777843029433
1992-03-09,89.94225783651977,85.7566733365829
1992-03-10,90.10663998066445,85.91743458286778
1992-03-11,87.0972519356431,82.9743308457547
1992-03-12,83.45679009901079,79.41404862271422
1992-03-13,81.070129867793,77.07995174734977
1992-03-16,81.21884458525139,77.22539113609564
1992-03-17,78.62535463047288,74.68901833300588
1992-03-18,78.47418888280681,74.54118179574347
1992-03-19,76.90750918187076,73.00900509414998
1992-03-20,78.9464043552199,75.00299368466561
1992-03-23,78.46146037683911,74.52873046206518
1992-03-24,74.743994989485,70.89313807390292
1992-03-25,74.28314850031119,70.44244132290056
1992-03-26,76.31682830357866,72.43132757505431
1992-03-27,75.3506894449902,71.48646836128114
1992-03-30,75.01849541959315,71.16159108361056
1992-03-31,75.19105095888841,71.33034594622652
1992-04-01,71.54610855838202,67.76568383389167
1992-04-02,72.37064186920199,68.57205592292974
1992-04-03,69.66642229815487,65.927397904073
1992-04-06,69.3326096928923,65.60093774189271
1992-04-07,69.50590046069574,65.77041160922985
1992-04-08,71.10941204429857,67.33860239886744
1992-04-09,66.4362792920899,62.76840349403532
1992-04-10,67.21655921987787,63.53149569892784
1992-04-13,65.91699410341454,62.26055653354341
1992-04-14,65.91699410341454,62.26055653354341
1992-04-15,65.91699410341454,62.26055653354341
1992-04-16,62.9027041277592,59.31266347787141
1992-04-17,62.9027041277592,59.31266347787141
1992-04-20,62.9027041277592,59.31266347787141
1992-04-21,63.57064939486396,59.965894919963716
1992-04-22,63.91931880449091,60.30688356997658
1992-04-23,63.00994908653195,59.417546019857866
1992-04-24,65.0269707325671,61.39013292020683
1992-04-27,63.14568268165519,59.550288648734465
1992-04-28,61.815261535499275,58.249175824256994
1992-04-29,62.97230508923095,59.38072961835028
1992-04-30,63.77224331936944,60.163044839298884
1992-05-01,60.15859039710936,56.629001198495786
1992-05-04,61.30262706864693,57.7478337052014
1992-05-05,60.50756559614874,56.97028805077353
1992-05-06,57.692057804254574,54.21680737960839
1992-05-07,58.868198912942084,55.36703662521207
1992-05-08,55.14889719786409,51.72967493383074
1992-05-11,55.14889719786409,51.72967493383074
1992-05-12,57.5757583422607,54.10306627693202
1992-05-13,58.147545018614146,54.6622549671443
1992-05-14,57.74944710451844,54.272928206280405
1992-05-15,61.06695934244919,57.51734237379469
1992-05-18,61.06695934244919,57.51734237379469
1992-05-19,64.54049487773122,60.91433829730322
1992-05-20,62.2654573559279,58.68943067827814
1992-05-21,57.69810093094099,54.222714167713804
1992-05-22,58.95198774027071,55.44897154772093
1992-05-25,58.95198774027071,55.44897154772093
1992-05-26,58.95198774027071,55.44897154772093
1992-05-27,59.95428111717327,56.42917906986389
1992-05-28,62.33230617907801,58.75480241385724
1992-05-29,64.21434753473297,60.595370877195734
1992-06-01,61.623450254430054,58.06156629883921
1992-06-02,63.79540711305229,60.18566127376521
1992-06-03,64.30960209954402,60.688525279832774
1992-06-04,64.13065399052633,60.513520531000566
1992-06-05,65.78850546007541,62.13483863532731
1992-06-08,65.97955669122031,62.32167975011418
1992-06-09,64.7892693949678,61.15762218562135
1992-06-10,64.58544209293188,60.95828651755082
1992-06-11,65.64133558323442,61.990911700836484
1992-06-12,67.5959734793019,63.90247555597246
1992-06-15,68.04557377876111,64.34216807324485
1992-06-16,70.35060098313137,66.59639910986553
1992-06-17,71.53521637687041,67.75490887906321
1992-06-18,73.25119599777301,69.43307283455616
1992-06-19,70.29343913291754,66.54049646893651
1992-06-22,70.78030549807819,67.01663366804802
1992-06-23,68.77742124034188,65.05788705621734
1992-06-24,71.97279372740518,68.17019126565644
1992-06-25,75.33250034278976,71.45650485035875
1992-06-26,74.84769333937875,70.98228546558391
1992-06-29,76.84119391284713,72.93222849864722
1992-06-30,75.9890445186928,72.1766950085017
1992-07-01,77.68852037254797,73.73230519419221
1992-07-02,86.62749215179026,81.96886205251094
1992-07-03,86.62749215179026,81.96886205251094
1992-07-06,86.62749215179026,81.96886205251094
1992-07-07,87.92487434389551,83.30078397311895
1992-07-08,87.08540858451614,82.43892880499652
1992-07-09,87.25887371556047,82.6169831141997
1992-07-10,86.89772271195095,82.24628511092477
1992-07-13,85.59539807263579,80.91052939825052
1992-07-14,85.97703602300972,81.30182365200244
1992-07-15,89.09703086113593,84.49260201405605
1992-07-16,90.2751564193917,85.69815534986662
1992-07-17,89.259442769337,84.65891645043307
1992-07-20,89.8881048611671,85.30195619224108
1992-07-21,90.76279796342652,86.19671622147125
1992-07-22,93.24702272374617,88.73517971876355
1992-07-23,99.73864121915807,95.30910155222061
1992-07-24,98.99213556734601,94.55240972623437
1992-07-27,101.10821022031561,96.69594356450955
1992-07-28,103.66852094694998,99.28847531034953
1992-07-29,104.27417353434274,99.90203234751655
1992-07-30,99.42082704567277,95.0085574741123
1992-07-31,98.88865820990847,94.47243139725592
1992-08-03,98.15528440952221,93.73376557740258
1992-08-04,101.682298832139,97.27999658143642
1992-08-05,102.23912030697515,97.8401340206913
1992-08-06,101.85270979071626,97.45141501672138
1992-08-07,106.65719973946035,102.2708944569406
1992-08-10,109.23222650599742,104.85410625335638
1992-08-11,110.36298069829557,105.98876709695442
1992-08-12,109.58207108790106,105.20519608521393
1992-08-13,105.38750778772621,101.00689193271157
1992-08-14,107.00994090742117,102.6297486432921
1992-08-17,105.71180233247132,101.3313842544835
1992-08-18,109.26006548460552,104.87591410160366
1992-08-19,109.44735611603002,105.06307471192811
1992-08-20,110.22885015396753,105.84403632135842
1992-08-21,106.89078596094505,102.51223305900842
1992-08-24,100.85876051990303,96.51438867969809
1992-08-25,99.2485128012577,94.91431849539053
1992-08-26,101.17431425899794,96.82711113110416
1992-08-27,102.69614095329077,98.33861533838963
1992-08-28,103.48509870304756,99.12228202442874
1992-08-31,104.63556054897758,100.26500051428
1992-09-01,107.00968620264804,102.6224677923687
1992-09-02,108.22686570340755,103.8312223204104
1992-09-03,107.86531259124592,103.47214519080138
1992-09-04,113.50124720946306,109.05811413584617
1992-09-07,113.50124720946306,109.05811413584617
1992-09-08,113.50124720946306,109.05811413584617
1992-09-09,111.98971277682932,107.55972441289927
1992-09-10,112.50695554529403,108.07242443903272
1992-09-11,110.03813320280953,105.62615409878435
1992-09-14,111.80259735321884,107.37401087503358
1992-09-15,108.77659459313213,104.3777763061481
1992-09-16,108.42486520207038,104.02956516758918
1992-09-17,108.60776527848306,104.21063307002983
1992-09-18,108.98935456285611,104.58840337015589
1992-09-21,108.19528766304512,103.8022927907138
1992-09-22,104.25619339537468,99.90597905395803
1992-09-23,100.94526314573713,96.63331549688034
1992-09-24,104.76768731976537,100.40795341863267
1992-09-25,107.9804732196243,103.57961114889815
1992-09-28,110.01779617756604,105.59079031351652
1992-09-29,109.66720793863675,105.24467287946307
1992-09-30,109.302963926219,104.88507949390389
1992-10-01,114.65073171383824,110.1587312704777
1992-10-02,113.63678757570761,109.15869322251956
1992-10-05,114.33495527712267,109.84725616397486
1992-10-06,111.31852105166247,106.87316061949402
1992-10-07,105.13199405587481,100.78133812670043
1992-10-08,107.2869199676262,102.90257319840981
1992-10-09,104.57092153331655,100.2293214414538
1992-10-12,104.83998012922231,100.49412472583464
1992-10-13,104.83998012922231,100.49412472583464
1992-10-14,105.27878317005168,100.92598736663989
1992-10-15,104.97359533235931,100.62562225293136
1992-10-16,103.8659845736965,99.53554182901226
1992-10-19,101.14369515074277,96.85683423735294
1992-10-20,95.31753677452754,91.12887493488053
1992-10-21,97.29871240985477,93.07610921309215
1992-10-22,98.81728796418727,94.56860645908189
1992-10-23,96.23378031232961,92.02963318469071
1992-10-26,96.10560411483706,91.90367357450509
1992-10-27,97.82521640092759,93.59336932456041
1992-10-28,97.27796661514027,93.05561999648823
1992-10-29,98.96752245655888,94.71567187481817
1992-10-30,96.66266159558532,92.45114602522446
1992-11-02,94.79757158437,90.61885100962617
1992-11-03,95.66831517972136,91.47422074286634
1992-11-04,94.76136973765901,90.58327493002116
1992-11-05,95.38510760804965,91.19598413299003
1992-11-06,91.90701084609935,87.77996393629199
1992-11-09,91.29509207947208,87.17900570835016
1992-11-10,94.37096735442341,90.19897234925452
1992-11-11,96.21735626389109,92.0117291405189
1992-11-12,99.31757683229716,95.05494612299974
1992-11-13,97.91251376058356,93.67567464845483
1992-11-16,95.23784916390898,91.05038315331937
1992-11-17,96.48406291160931,92.27349028173244
1992-11-18,99.3385743995576,95.07468782205225
1992-11-19,98.21141285212487,93.96854307542861
1992-11-20,97.0534437840904,92.83219306327098
1992-11-23,96.5424568149604,92.33075395253361
1992-11-24,97.94949071028456,93.71142686407158
1992-11-25,96.49217639223033,92.28141168599639
1992-11-26,96.49217639223033,92.28141168599639
1992-11-27,96.49217639223033,92.28141168599639
1992-11-30,96.10653859365006,91.90300572991652
1992-12-01,97.50558759606854,93.27575332129922
1992-12-02,97.50558759606854,93.27575332129922
1992-12-03,99.22874186528179,94.96645199616047
1992-12-04,103.88768378362828,99.53631675916293
1992-12-07,107.35288733888244,102.93497005456697
1992-12-08,110.00948954791183,105.54046166758555
1992-12-09,108.13570573445905,103.70274165936273
1992-12-10,107.92328210697795,103.49441026041487
1992-12-11,105.9554462169042,101.56455593833908
1992-12-14,104.6254405568999,100.26026474330574
1992-12-15,104.85365642183173,100.48406519977475
1992-12-16,107.20754516485141,102.7922848774673
1992-12-17,106.47762765143915,102.07651541932306
1992-12-18,108.48083740227672,104.04080773803722
1992-12-21,111.79299336982002,107.28836568810358
1992-12-22,114.87578264905234,110.31089985098967
1992-12-23,112.79009505318456,108.26600365744542
1992-12-24,111.73148117877969,107.22812117278706
1992-12-25,111.73148117877969,107.22812117278706
1992-12-28,111.73148117877969,107.22812117278706
1992-12-29,114.24523732924885,109.69251943556193
1992-12-30,115.11482661174522,110.54504799843299
1992-12-31,113.61269826098717,109.07240828575678
1993-01-01,113.61269826098717,109.07240828575678
1993-01-04,113.61269826098717,109.07240828575678
1993-01-05,112.64482999964231,108.13746593344375
1993-01-06,111.00480077986231,106.53316931125372
1993-01-07,102.78111128084437,98.57189972807639
1993-01-08,105.08474389371992,100.84215198904367
1993-01-11,107.4382351527626,103.16143045771264
1993-01-12,106.70873396085163,102.44250783407702
1993-01-13,107.96534253341493,103.68084331982584
1993-01-14,111.29284731235289,106.95930085377299
1993-01-15,115.57823431738971,111.18033893066817
1993-01-18,115.07234647457966,110.6820070872347
1993-01-19,116.38380596007126,111.9738510572064
1993-01-20,114.4885306494964,110.10714517097342
1993-01-21,115.59443845745162,111.19632658192793
1993-01-22,118.98802648311184,114.53809769902512
1993-01-25,123.97690841625848,119.44927282396307
1993-01-26,122.87940893262106,118.36883091576848
1993-01-27,124.85660025739152,120.31520312140498
1993-01-28,127.48005493752466,122.89773498758758
1993-01-29,130.75736563176582,126.12379561031753
1993-02-01,132.89643706928373,128.22951711215217
1993-02-02,128.375459298725,123.78115275947614
1993-02-03,128.96147503376568,124.35770982515315
1993-02-04,132.85661872505648,128.18951245708553
1993-02-05,138.67243767342865,133.90925439944056
1993-02-08,135.6147726539712,130.90251339850556
1993-02-09,133.14741380504742,128.4767143108399
1993-02-10,128.89051654196885,124.29297764718936
1993-02-11,131.95611204787164,127.305559572743
1993-02-12,132.74347968404828,128.0793413088472
1993-02-15,132.74347968404828,128.0793413088472
1993-02-16,132.74347968404828,128.0793413088472
1993-02-17,136.8802019985695,132.14422220679748
1993-02-18,144.50146217814986,139.6302761469175
1993-02-19,144.970608845254,140.09113124090243
1993-02-22,148.82944955742468,143.88159553325016
1993-02-23,156.7219720381607,151.63210487026663
1993-02-24,152.47539868711257,147.92833483433
1993-02-25,150.974974766552,146.59495767855933
1993-02-26,151.58779523366528,147.18400940422748
1993-03-01,156.22931133748753,151.7906783683042
1993-03-02,155.60181157501964,151.19396609459952
1993-03-03,159.50456926654093,155.06792873546513
1993-03-04,161.3775711014504,156.92744604738013
1993-03-05,157.61663866457835,153.19692439173144
1993-03-08,158.4429309141263,154.01642022158168
1993-03-09,155.28944725074246,150.89088850695666
1993-03-10,153.21009799294112,148.83093910853998
1993-03-11,152.99803978015953,148.6208881214487
1993-03-12,146.3342803098559,142.03118537860578
1993-03-15,144.37140976077848,140.09090144447634
1993-03-16,148.96169390462202,144.62737371324545
1993-03-17,150.5303268749701,146.1778261191594
1993-03-18,153.58127707758666,149.19349242727256
1993-03-19,152.84821323909418,148.46891874980437
1993-03-22,152.84821323909418,148.46891874980437
1993-03-23,155.21368552213266,150.80691929931925
1993-03-24,153.394327813916,149.00895374587705
1993-03-25,152.15703405707495,147.78640842981062
1993-03-26,147.2778578055751,142.96880436513666
1993-03-29,149.01784629004845,144.68670668131946
1993-03-30,151.01958141786787,146.66313174835165
1993-03-31,150.6043784608381,146.25317892778847
1993-04-01,150.17296850440886,145.82724380957552
1993-04-02,146.04771365490313,141.75619353627127
1993-04-05,148.36582800534055,144.04369547493175
1993-04-06,151.8026264405645,147.43510905828887
1993-04-07,152.02216787627668,147.6517626674748
1993-04-08,157.71090273609803,153.264429503512
1993-04-09,157.71090273609803,153.264429503512
1993-04-12,157.71090273609803,153.264429503512
1993-04-13,156.39424676464998,151.96542982472005
1993-04-14,158.43061429706174,153.97447234239957
1993-04-15,159.84071714775706,155.3657144623059
1993-04-16,159.10718256602348,154.64201383753172
1993-04-19,160.37544257313866,155.89327149005783
1993-04-20,160.37544257313866,155.89327149005783
1993-04-21,161.47827307188356,156.9813281408606
1993-04-22,163.48768754632866,158.96387540217347
1993-04-23,160.83814533671074,156.3501861690855
1993-04-26,158.18228040847737,153.7308258130033
1993-04-27,153.03370460865438,148.65541730383205
1993-04-28,152.75751765154183,148.38317603974053
1993-04-29,156.42697112959289,152.00003331882712
1993-04-30,153.02375242350567,148.64611131518322
1993-05-03,158.71539562204853,154.25417525102264
1993-05-04,160.05560641156742,155.57479481006177
1993-05-05,160.05560641156742,155.57479481006177
1993-05-06,161.80017284681574,157.2938811382037
1993-05-07,159.9949064121072,155.51508578499522
1993-05-10,162.45497035348478,157.9390338748665
1993-05-11,162.77459624317635,158.2539741451179
1993-05-12,160.79101417843594,156.29962455757052
1993-05-13,155.60987856921798,151.1964944233135
1993-05-14,154.98284200456047,150.57893622125897
1993-05-17,150.86875283373016,146.52779041567513
1993-05-18,147.19174814583974,142.90765564696736
1993-05-19,151.06352193383196,146.71927758599486
1993-05-20,152.27968762283086,147.916590633599
1993-05-21,148.55773630999397,144.25277336902275
1993-05-24,148.55773630999397,144.25277336902275
1993-05-25,147.91379953719292,143.61891642709486
1993-05-26,151.5138881830369,147.16252552969542
1993-05-27,151.85044798346746,147.49381395926218
1993-05-28,148.0774090870977,143.78029837495095
1993-05-31,148.0774090870977,143.78029837495095
1993-06-01,148.0774090870977,143.78029837495095
1993-06-02,149.48510525291576,145.16576092369107
1993-06-03,152.74417209781004,148.37331580971167
1993-06-04,145.26779435481544,141.01743965264797
1993-06-07,147.69829618946937,143.40867143532975
1993-06-08,145.1992619638447,140.95009220857767
1993-06-09,148.01857717125614,143.72371084702644
1993-06-10,147.69431320748762,143.40469937804218
1993-06-11,155.29950955146163,150.88549779727938
1993-06-14,155.8712044139833,151.4478589956821
1993-06-15,157.06311198107912,152.6203138903376
1993-06-16,157.6850385621115,153.23209421930258
1993-06-17,158.65828237127837,154.18946543082023
1993-06-18,156.31160718357884,151.88113801523747
1993-06-21,159.35510174768487,154.87485431609045
1993-06-22,159.7048820090025,155.2189175919008
1993-06-23,159.7048820090025,155.2189175919008
1993-06-24,163.08143221466014,158.5402475944107
1993-06-25,166.52391590854427,161.92644555408674
1993-06-28,170.7848425360166,166.11768338941252
1993-06-29,171.18180732872324,166.50816074154372
1993-06-30,170.3556577176009,165.6955216100729
1993-07-01,171.21314313282772,166.53898264422216
1993-07-02,175.18238964960267,170.44327741587105
1993-07-05,175.18238964960267,170.44327741587105
1993-07-06,175.18238964960267,170.44327741587105
1993-07-07,175.18238964960267,170.44327741587105
1993-07-08,179.0483818264867,174.24596908318355
1993-07-09,182.0310414174194,177.17982242558597
1993-07-12,184.09717500362723,179.2121691579457
1993-07-13,180.92872340339872,176.0956704428402
1993-07-14,187.13610169687337,182.2009677652914
1993-07-15,187.6595103205007,182.7157764016913
1993-07-16,189.2979165108435,184.3272669356467
1993-07-19,189.2979165108435,184.3272669356467
1993-07-20,182.66917744257958,177.80825826315638
1993-07-21,172.37758784487087,167.68935995809508
1993-07-22,165.66484618633734,161.08983458418163
1993-07-23,164.03775295378026,159.49020875003598
1993-07-26,166.03620309214594,161.4549201563665
1993-07-27,165.68970473376083,161.1142710067575
1993-07-28,168.1922636267466,163.5745829221876
1993-07-29,176.55446178195703,171.79524841215144
1993-07-30,174.41754242696575,169.69449837914564
1993-08-02,171.64117505499422,166.96516479795892
1993-08-03,173.19973824913967,168.49732226994703
1993-08-04,170.944198546722,166.2800133283486
1993-08-05,172.25856880956036,167.57210397841575
1993-08-06,173.28605133889258,168.58217216616595
1993-08-09,176.1204225001652,171.3685067111024
1993-08-10,175.38797447360807,170.64847195888038
1993-08-11,177.28312534990698,172.51150475622802
1993-08-12,176.49456592084346,171.73631011479307
1993-08-13,182.0200055566533,177.16804085102157
1993-08-16,185.15649842862723,180.25135388117636
1993-08-17,183.1452643622866,178.27423046041528
1993-08-18,184.79541798176928,179.8963958612356
1993-08-19,189.83086408452147,184.8464124958271
1993-08-20,192.79125985955358,187.75659548096812
1993-08-23,191.9167691307274,186.89693840577442
1993-08-24,198.84503337840385,193.70758145672994
1993-08-25,202.64931400173984,197.44729287668656
1993-08-26,208.58726537970287,203.2844398444889
1993-08-27,204.45236007202604,199.21978548320553
1993-08-30,207.7424964500761,202.454014785185
1993-08-31,207.31788826337524,202.03662180520396
1993-09-01,207.31788826337524,202.03662180520396
1993-09-02,207.31788826337524,202.03662180520396
1993-09-03,218.2464342135276,212.77908401103895
1993-09-06,218.2464342135276,212.77908401103895
1993-09-07,218.2464342135276,212.77908401103895
1993-09-08,216.78079084129465,211.33839906272175
1993-09-09,207.35783720840604,202.07628270601145
1993-09-10,211.95973058314027,206.59960714975819
1993-09-13,212.54257549501114,207.17250189951378
1993-09-14,205.4332118851808,200.1846362344886
1993-09-15,205.69508659724804,200.44203494127316
1993-09-16,207.60348143348253,202.3178120966854
1993-09-17,207.319989873665,202.03916589993466
1993-09-20,204.6917366835221,199.45584393714864
1993-09-21,202.91581887779304,197.71029139391732
1993-09-22,203.82984557763857,198.60868948448598
1993-09-23,205.41762547612686,200.1693214694854
1993-09-24,206.74110225386912,201.47017037785093
1993-09-27,216.184732316649,210.75224297340475
1993-09-28,216.4719281335262,211.03452615290155
1993-09-29,212.09591567931798,206.73339374142662
1993-09-30,209.52179247641064,204.2033270261992
1993-10-01,214.38296867101715,208.9812962473529
1993-10-04,215.249212797714,209.83271414486327
1993-10-05,213.45180608780203,208.06607373333702
1993-10-06,213.76035814332886,208.36934413942302
1993-10-07,213.43873255779218,208.0532241088818
1993-10-08,221.06052840352865,215.5445193394139
1993-10-11,220.44991013593494,214.9443556386992
1993-10-12,219.8162215502074,214.32151710253416
1993-10-13,218.8308245153981,213.3529930491843
1993-10-14,222.54535097875942,217.0039144979078
1993-10-15,224.9743521433154,219.39132518301707
1993-10-18,217.8520066252211,212.3909922596457
1993-10-19,218.17024536556272,212.7037788948544
1993-10-20,219.4974792733215,214.00827473364444
1993-10-21,212.3310636843141,206.96468625380822
1993-10-22,208.45306817484928,203.15317008741016
1993-10-25,204.92458872448665,199.68518709834996
1993-10-26,208.1416910633793,202.84713011089383
1993-10-27,206.93716064916137,201.6632522445576
1993-10-28,208.8019001744266,203.49601949537606
1993-10-29,206.23194746727825,200.97013288955807
1993-11-01,198.83579762518497,193.70084670066748
1993-11-02,194.1394215826748,189.08504018065173
1993-11-03,195.21894666669652,190.1460449757005
1993-11-04,192.42346681998427,187.39852652067853
1993-11-05,188.50920564072786,183.551428214906
1993-11-08,192.84001457007443,187.8079234372755
1993-11-09,194.4805832592066,189.42034191924745
1993-11-10,192.49315369238192,187.4670149666214
1993-11-11,189.03590669196655,184.06909583354653
1993-11-12,195.5801882345772,190.50106295395278
1993-11-15,195.31548993382683,190.24090734146966
1993-11-16,198.0457689095292,192.92432995141093
1993-11-17,198.0457689095292,192.92432995141093
1993-11-18,193.4409311820593,188.39852590744465
1993-11-19,187.96609837640844,183.01767142559342
1993-11-22,184.84214725082677,179.947347822948
1993-11-23,189.4213371410536,184.44792599705434
1993-11-24,188.395670475914,183.43986696453044
1993-11-25,188.395670475914,183.43986696453044
1993-11-26,188.395670475914,183.43986696453044
1993-11-29,188.395670475914,183.43986696453044
1993-11-30,184.99627142648808,180.09882787282726
1993-12-01,186.69719199802284,181.77054729630208
1993-12-02,186.9925331316444,182.06081810335667
1993-12-03,186.37634758022918,181.45521105010877
1993-12-06,192.73188335490943,187.7016299056068
1993-12-07,193.0298259807716,187.99445732423004
1993-12-08,193.65112761720133,188.6050922297663
1993-12-09,195.26715696027077,190.19337715413337
1993-12-10,190.6604210731885,185.66573589300828
1993-12-13,188.07746894308846,183.1271330226378
1993-12-14,185.45951646830176,180.55413214696628
1993-12-15,185.1257729655897,180.2261192348086
1993-12-16,185.4729975462247,180.56738175633402
1993-12-17,188.68472602267187,183.72396261383338
1993-12-20,186.4789661904143,181.5560775409264
1993-12-21,187.981897717443,183.03320238373684
1993-12-22,179.099199263874,174.30305396434923
1993-12-23,177.2251217107301,172.46116242222493
1993-12-24,177.2251217107301,172.46116242222493
1993-12-27,177.2251217107301,172.46116242222493
1993-12-28,177.55606822479467,172.78642516538062
1993-12-29,175.8283775840043,171.08840658462893
1993-12-30,170.32082557868503,165.67544929808219
1993-12-31,168.99118528600937,164.3686465048671
1994-01-03,162.7469178278762,158.23163597626905
1994-01-04,159.66742643513018,155.20504196204996
1994-01-05,161.20877651899886,156.71991569308165
1994-01-06,156.79214402136802,152.37915139275802
1994-01-07,146.84593035664255,142.60381585989325
1994-01-10,145.34321992596432,141.1269226589325
1994-01-11,144.90171152756966,140.69299957105582
1994-01-12,147.8085661857067,143.549913009899
1994-01-13,142.46519477285577,138.2983458417534
1994-01-14,139.75614165403928,135.63583743423666
1994-01-17,138.91628068650382,134.81040629354547
1994-01-18,141.87618984166437,137.71946043891893
1994-01-19,141.87618984166437,137.71946043891893
1994-01-20,144.74059406713843,140.5346506674113
1994-01-21,143.83391948051508,139.6435538270818
1994-01-24,143.83391948051508,139.6435538270818
1994-01-25,142.1246082286582,137.96361063422134
1994-01-26,142.87342761051084,138.69956438226149
1994-01-27,145.6765836633963,141.4545586989845
1994-01-28,148.7577313800666,144.4827684120145
1994-01-31,146.91341631581997,142.67014103163774
1994-02-01,142.43155978044996,138.26529007835774
1994-02-02,142.9425305066506,138.7674814742152
1994-02-03,140.03267092565198,135.90761850123218
1994-02-04,132.87326521206685,128.8712295225383
1994-02-07,131.7867538501887,127.80338728061574
1994-02-08,129.76967133166033,125.82096365842186
1994-02-09,132.01246747261467,128.02522245691813
1994-02-10,131.31554149999752,127.34027154739765
1994-02-11,133.2167253224986,129.20878790072527
1994-02-14,131.73583407435916,127.75334236218497
1994-02-15,132.74560843533743,128.74576607163365
1994-02-16,132.74560843533743,128.74576607163365
1994-02-17,138.33029142611048,134.2344878739518
1994-02-18,141.93196153329012,137.7742707647756
1994-02-21,141.93196153329012,137.7742707647756
1994-02-22,141.93196153329012,137.7742707647756
1994-02-23,146.74119996563567,142.5008720945528
1994-02-24,149.78747413569184,145.49480224433412
1994-02-25,149.06541378792423,144.78514902310081
1994-02-28,146.34684620326314,142.11329472976715
1994-03-01,152.61610367570177,148.2748258288682
1994-03-02,152.61610367570177,148.2748258288682
1994-03-03,155.32587038984863,150.7536582127725
1994-03-04,156.09459919359517,151.4523129267725
1994-03-07,153.1669907094696,148.80975163108735
1994-03-08,156.14251790284337,151.45421003016412
1994-03-09,155.86952743875355,151.20585491407547
1994-03-10,161.03166129305876,156.18107489217186
1994-03-11,159.6601664384504,154.94633507815703
1994-03-14,161.4129244862999,156.47318727030205
1994-03-15,159.96097124062337,155.151817189422
1994-03-16,155.4008024177861,150.91744133353572
1994-03-17,156.86457765931178,152.21163687098618
1994-03-18,162.42988379841466,157.39142130367006
1994-03-21,164.9376431661489,159.69291999060187
1994-03-22,157.62538228314278,153.05234452229968
1994-03-23,157.85067144076245,153.27568762733063
1994-03-24,164.68008763461944,160.1794018918593
1994-03-25,165.90059714572268,161.38799907145258
1994-03-28,166.31579653668442,161.8080466685567
1994-03-29,170.35316656956135,165.88820958370712
1994-03-30,174.12037841142524,169.52655952268935
1994-03-31,174.33629290487605,169.74469094714019
1994-04-01,182.25304254486895,177.71901492755612
1994-04-04,188.4086700104978,183.6365396953429
1994-04-05,180.42661222101262,176.84305224991778
1994-04-06,179.261094446219,175.8103608601342
1994-04-07,177.7925317718901,174.44325635257348
1994-04-08,180.0006429244899,176.62812813053102
1994-04-11,179.6880810118299,176.3054357491266
1994-04-12,177.13563558940422,173.65501089631658
1994-04-13,179.3850791937371,175.98907779248654
1994-04-14,180.21557157354482,176.85117873600262
1994-04-15,179.52372294781443,176.13311037165897
1994-04-18,185.5592792058531,182.37448238343666
1994-04-19,183.39600928956185,180.17149364916008
1994-04-20,181.56939240790035,178.2845073419867
1994-04-21,176.64980729344308,173.222863603714
1994-04-22,177.58747232459075,174.1869077506382
1994-04-25,174.6929471228174,171.21460597292105
1994-04-26,174.36976669198606,170.8829057699783
1994-04-27,174.36976669198606,170.8829057699783
1994-04-28,174.36976669198606,170.8829057699783
1994-04-29,174.8904761036584,171.4172990978835
1994-05-02,176.15992382822316,172.7201529541619
1994-05-03,177.4815349564421,174.07673163511262
1994-05-04,177.67836910615443,174.2788096370922
1994-05-05,176.65417693817065,173.22758935538582
1994-05-06,186.04992610540546,182.79309531212365
1994-05-09,190.22907644917248,186.72433929012948
1994-05-10,184.162504043591,181.1834462781948
1994-05-11,187.04156595152054,183.99914348179206
1994-05-12,185.91385246157893,182.93491978350414
1994-05-13,183.36241241117995,180.44469098365656
1994-05-16,181.3808103712313,178.40499682791395
1994-05-17,176.413413013461,173.30978559743434
1994-05-18,174.69933932753185,171.55359069739742
1994-05-19,172.08511533859135,168.87812716899074
1994-05-20,173.54889935116034,170.3755453174844
1994-05-23,178.96714001709472,175.90631722867386
1994-05-24,177.6872519828221,174.59939085916196
1994-05-25,176.94684651165926,173.85072238000924
1994-05-26,175.88312035184495,172.76509147529384
1994-05-27,176.35485761218314,173.24648914792976
1994-05-30,176.35485761218314,173.24648914792976
1994-05-31,176.35485761218314,173.24648914792976
1994-06-01,174.56100822717383,171.52579478288783
1994-06-02,172.11169663149929,169.06546501930742
1994-06-03,168.47811514316072,165.37964741475957
1994-06-06,165.09419542720326,162.27842207938147
1994-06-07,166.53924734389008,163.65884766323987
1994-06-08,166.89925227876543,164.0185455887776
1994-06-09,166.715598725188,163.83087743981685
1994-06-10,168.80471779353843,165.96502142236375
1994-06-13,170.57259334219427,167.77116985174226
1994-06-14,167.14828812795068,164.27649763711312
1994-06-15,171.59258686896072,168.67234018402803
1994-06-16,170.2903492084018,167.45946540747258
1994-06-17,173.8447291385811,170.7534002804191
1994-06-20,174.58881357818558,171.38932683895257
1994-06-21,178.4197294268834,174.6635214888644
1994-06-22,172.28706292191654,169.66949903220666
1994-06-23,170.97853129657082,168.61578207081251
1994-06-24,177.29041792141388,174.05698534345214
1994-06-27,174.1405232370739,171.57626168080492
1994-06-28,179.71395670872639,176.0888607255789
1994-06-29,178.498297948233,175.05170074206737
1994-06-30,184.12204408146388,180.24641071954485
1994-07-01,183.44418965453997,179.62207263411383
1994-07-04,183.44418965453997,179.62207263411383
1994-07-05,183.44418965453997,179.62207263411383
1994-07-06,183.44418965453997,179.62207263411383
1994-07-07,182.0359264892246,178.4590299162319
1994-07-08,189.31875758113898,184.66328781235939
1994-07-11,191.89330569504324,186.7073876008431
1994-07-12,188.4052455052045,183.90584360411663
1994-07-13,187.23777085593167,182.95773046989098
1994-07-14,177.18944511554855,174.18397437691144
1994-07-15,177.6191489361727,174.5659385417068
1994-07-18,174.84826340463493,171.99863933840845
1994-07-19,171.72373531329458,169.01983662241315
1994-07-20,176.21577850446087,173.50110243291854
1994-07-21,177.6415120035778,174.8777218908207
1994-07-22,178.48257045626684,175.6977128831529
1994-07-25,176.98744499694445,174.20457122064462
1994-07-26,177.8431809507945,175.08420782306712
1994-07-27,180.84097810803388,178.25825348790602
1994-07-28,178.09687131118213,175.47858678269185
1994-07-29,169.49488198788006,166.8304927977669
1994-08-01,170.07757173350257,167.3766623117233
1994-08-02,169.17332380459277,166.4273537056183
1994-08-03,168.83289569372647,166.03382502230323
1994-08-04,169.54059664979232,166.851536305823
1994-08-05,175.48780126823388,173.6096241037196
1994-08-08,175.1267823721935,173.22754288648858
1994-08-09,176.48405984358897,174.61574456211005
1994-08-10,176.09178797028363,174.20218205951028
1994-08-11,178.49652719986167,176.76277671619428
1994-08-12,174.9366389067489,173.0720179089319
1994-08-15,175.60858262021256,173.72252163144935
1994-08-16,169.94011196825215,167.89435354515044
1994-08-17,168.64822210454116,166.4640569961667
1994-08-18,173.6742937846018,172.08632169984463
1994-08-19,173.1104686954422,171.49117402793172
1994-08-22,174.75935822510226,173.33814030656941
1994-08-23,173.0920631899519,171.63546641074495
1994-08-24,169.62544840460882,167.7713512782969
1994-08-25,173.01749166065878,171.53349799175913
1994-08-26,170.53349619356294,168.78098576376536
1994-08-29,170.72752668348045,168.9957693971715
1994-08-30,168.71345070529577,166.7694090123442
1994-08-31,167.0690385952062,164.95492466211678
1994-09-01,167.2804230146375,165.18801299603615
1994-09-02,168.3802414712621,166.40043829423456
1994-09-05,168.3802414712621,166.40043829423456
1994-09-06,168.3802414712621,166.40043829423456
1994-09-07,170.03104213885018,168.21971123982752
1994-09-08,170.03104213885018,168.21971123982752
1994-09-09,177.56965711103243,176.393016870852
1994-09-12,178.31337338342422,177.11786220826937
1994-09-13,177.0741731300963,175.8600671860729
1994-09-14,175.02355133075315,173.79157195648213
1994-09-15,172.5677221518316,171.16391817629471
1994-09-16,181.11071937778513,179.98296958074374
1994-09-19,179.3184918829473,178.23745982994404
1994-09-20,180.88239843369615,179.8056845487285
1994-09-21,182.95963785748813,181.8995646235861
1994-09-22,182.0177133952177,180.93304700371542
1994-09-23,182.48595163060887,181.434116595582
1994-09-26,182.48595163060887,181.434116595582
1994-09-27,184.7541420622143,183.87322107368723
1994-09-28,182.67319848239526,181.63704905100192
1994-09-29,186.09861327459532,185.3093172779307
1994-09-30,184.74592625299192,183.85880643575643
1994-10-03,187.24828103904275,186.53910958739618
1994-10-04,188.69077934788373,188.08497573396647
1994-10-05,192.83645548364862,192.5192116719301
1994-10-06,193.14009136824336,192.84430383702312
1994-10-07,187.67803050621396,187.03327869411348
1994-10-10,186.50212374266894,185.78435387856072
1994-10-11,183.79233841955315,182.91167583026433
1994-10-12,185.92985768449952,185.17522037764027
1994-10-13,182.489750091485,181.5389914554434
1994-10-14,179.98867933442338,178.9004253422819
1994-10-17,180.9458339189812,179.9095940051959
1994-10-18,181.61189283994568,180.61197288028893
1994-10-19,185.04123694549926,184.22345862504935
1994-10-20,193.74086168810024,193.30218032526315
1994-10-21,193.12766505416522,192.66852995384247
1994-10-24,196.25400736583086,195.93266259623908
1994-10-25,197.5540880543795,197.28453921629415
1994-10-26,198.2296634655448,197.99034359722154
1994-10-27,198.2296634655448,197.99034359722154
1994-10-28,192.28369745684876,191.8064159620114
1994-10-31,192.62148293950565,192.15742748166394
1994-11-01,199.6347871587322,199.41631072374926
1994-11-02,202.24887533710879,202.1229419842764
1994-11-03,203.26748702873073,203.17816190055606
1994-11-04,208.1362454179624,208.21604461735888
1994-11-07,208.49769118121918,208.58341475251635
1994-11-08,205.08479662427104,205.19802123402212
1994-11-09,200.0239086347287,200.05164444511095
1994-11-10,203.15568074452494,203.2865153118109
1994-11-11,208.4354574985995,208.7342309120506
1994-11-14,200.5397388961952,200.62442035971367
1994-11-15,198.14685226070452,198.16966305983837
1994-11-16,202.35812724861887,202.48570158245263
1994-11-17,206.00875746925698,206.22671770487932
1994-11-18,206.00875746925698,206.22671770487932
1994-11-21,206.33521757703627,206.56134391093008
1994-11-22,204.30582762379487,204.48199820002682
1994-11-23,192.50706839677244,192.4891530298843
1994-11-24,192.50706839677244,192.4891530298843
1994-11-25,192.50706839677244,192.4891530298843
1994-11-28,196.3605201321704,196.40168996869477
1994-11-29,199.7826028624162,199.87587280983536
1994-11-30,197.12475545826499,197.28335491561415
1994-12-01,199.0703840308658,199.19696177188354
1994-12-02,192.72759801226925,192.80500148036586
1994-12-05,194.61221639604815,194.57060358651069
1994-12-06,188.666512981912,188.8290023224181
1994-12-07,192.86958228715108,192.92959615605554
1994-12-08,193.33039225732813,193.34545233464112
1994-12-09,192.1532910352813,192.26217030051805
1994-12-12,195.60046578946793,195.58463993660092
1994-12-13,194.14765704730215,194.22176873586042
1994-12-14,192.936373286845,193.05020055899425
1994-12-15,192.22451381676717,192.32301584340362
1994-12-16,192.47095976225498,192.57475502592945
1994-12-19,192.21390073215156,192.31217234025632
1994-12-20,192.48155942212563,192.58557793022769
1994-12-21,191.3662426692685,191.44638718582158
1994-12-22,193.9448681552785,194.07924667055218
1994-12-23,193.9448681552785,194.07924667055218
1994-12-26,193.9448681552785,194.07924667055218
1994-12-27,193.9448681552785,194.07924667055218
1994-12-28,197.41770198002237,197.6239889716417
1994-12-29,198.39599090057968,198.62275416902375
1994-12-30,199.75587416378198,200.01113451495593
1995-01-02,199.75587416378198,200.01113451495593
1995-01-03,199.75587416378198,200.01113451495593
1995-01-04,194.1173190595316,194.263260953043
1995-01-05,198.80003358098156,199.0310159117949
1995-01-06,197.76015144927516,197.98762832426922
1995-01-09,200.22434249101968,200.4967139474223
1995-01-10,196.2688398877868,196.47151183853464
1995-01-11,192.7086816130995,192.8514375153374
1995-01-12,194.14358467774312,194.31011759759804
1995-01-13,184.76530991667772,184.8076965960193
1995-01-16,184.76530991667772,184.8076965960193
1995-01-17,184.76530991667772,184.8076965960193
1995-01-18,185.67204153027822,185.7260250426016
1995-01-19,188.1800422262814,188.26570543035803
1995-01-20,193.22677858743629,193.37296866217665
1995-01-23,193.86675058526833,194.02074417047092
1995-01-24,193.86675058526833,194.02074417047092
1995-01-25,188.484665627628,188.57748796108024
1995-01-26,185.5558878373417,185.61670488816202
1995-01-27,177.08886179371848,177.07376103000448
1995-01-30,178.6928924058199,178.69161908284488
1995-01-31,176.74753046356483,176.7295221134381
1995-02-01,179.28700770041058,179.29025501904454
1995-02-02,181.0347623110213,181.05264016132318
1995-02-03,192.07387947107452,192.15610523332126
1995-02-06,189.81580647180877,190.2667420309275
1995-02-07,190.07709735043758,190.48223555403484
1995-02-08,189.53278482864,190.03282956554847
1995-02-09,186.24537198591895,187.2540216365581
1995-02-10,184.21650339731977,185.38272668465484
1995-02-13,184.7037605367925,185.8630871406779
1995-02-14,189.2431523089579,190.26408368122728
1995-02-15,192.44318607618416,193.44889067829308
1995-02-16,195.0647885765854,195.95781294696258
1995-02-17,194.20839507205656,195.17793558816393
1995-02-20,194.20839507205656,195.17793558816393
1995-02-21,194.20839507205656,195.17793558816393
1995-02-22,201.61612051026978,202.0470399167456
1995-02-23,200.38287587334202,201.0253853015588
1995-02-24,201.9256234154327,202.34811454591815
1995-02-27,207.04627313032125,206.69064983538667
1995-02-28,209.05159139086356,208.35220994976268
1995-03-01,208.71603929745936,208.0636252488572
1995-03-02,204.074377345008,203.95289711138668
1995-03-03,200.80719726236077,201.05234344550405
1995-03-06,198.2852668448967,198.9991079210949
1995-03-07,196.49934668616288,197.49695637586981
1995-03-08,200.65427388571925,201.466713076447
1995-03-09,206.06503046733457,206.3727390975739
1995-03-10,209.66812567532776,209.46946406869068
1995-03-13,212.25040189490662,211.70971510562038
1995-03-14,220.26969019178622,218.72974175384604
1995-03-15,219.90682018632927,218.4147891437521
1995-03-16,220.9988878606898,219.3985468646897
1995-03-17,216.8286598036592,215.38285502655893
1995-03-20,215.83914294062242,214.37646554493614
1995-03-21,213.27879274024136,211.62344228322291
1995-03-22,211.00642832827336,209.18375019143843
1995-03-23,211.00642832827336,209.18375019143843
1995-03-24,219.41981837176536,218.10540870364346
1995-03-27,222.17616892600094,221.03086391997385
1995-03-28,215.55296124665352,214.03916729077835
1995-03-29,216.12279787718984,214.63994884224456
1995-03-30,213.76325829734077,212.15356600671157
1995-03-31,211.3659638829387,209.6300464412118
1995-04-03,216.45853165511372,214.9705288826627
1995-04-04,217.66893431633014,216.24078573289722
1995-04-05,217.66893431633014,216.24078573289722
1995-04-06,220.61371086696786,219.32905426223508
1995-04-07,219.26143701953828,217.91046180355568
1995-04-10,218.21434477716036,216.81237473894677
1995-04-11,220.73821180120947,219.45696973886237
1995-04-12,222.2374155267469,221.02824321805912
1995-04-13,227.5954336191494,226.62969353899788
1995-04-14,227.5954336191494,226.62969353899788
1995-04-17,227.5954336191494,226.62969353899788
1995-04-18,229.99745842424235,229.14192900009144
1995-04-19,229.16354856347317,228.26953567834005
1995-04-20,232.60614849893503,231.8673764225667
1995-04-21,233.49950248511942,232.80147533367378
1995-04-24,234.43234554151297,233.77698431593487
1995-04-25,233.46122971782495,232.7614726046251
1995-04-26,232.45603294741503,231.71062901391826
1995-04-27,229.36787847632357,228.48596011298613
1995-04-28,226.2526761043448,225.23756210448474
1995-05-01,224.66810845680195,223.58635049562827
1995-05-02,229.49817463792286,228.60864894973906
1995-05-03,240.02714742877208,239.47088336482193
1995-05-04,249.3907706142727,249.0953224105252
1995-05-05,262.82107155049175,262.80137574199813
1995-05-08,262.5009545124917,262.474436836939
1995-05-09,268.41050550356806,268.504782204363
1995-05-10,264.83737889430216,264.8596050364811
1995-05-11,262.5553374326662,262.5326199408456
1995-05-12,262.22082538950696,262.1915683375609
1995-05-15,266.033862716455,266.0779686493776
1995-05-16,270.6518893676033,270.78383354878446
1995-05-17,271.3809748326045,271.5269692682903
1995-05-18,265.8758726618769,265.921712018769
1995-05-19,266.23841352836496,266.2907528255824
1995-05-22,264.360889112728,264.3798311842993
1995-05-23,269.3452003668826,269.44975313290536
1995-05-24,279.34437313066366,279.60100628908384
1995-05-25,281.8032253702259,282.0981349377488
1995-05-26,281.8032253702259,282.0981349377488
1995-05-29,281.8032253702259,282.0981349377488
1995-05-30,281.8032253702259,282.0981349377488
1995-05-31,282.58597742315914,282.89313103483187
1995-06-01,291.2777814320114,291.71043624983673
1995-06-02,298.52286514822185,299.0575258247227
1995-06-05,299.67223449444896,300.22336016913147
1995-06-06,298.08498002747183,298.6135153059444
1995-06-07,288.6432818455819,289.055023313284
1995-06-08,286.56123416928506,286.94800758688007
1995-06-09,275.89263516571305,276.17166679121004
1995-06-12,276.7455344841523,277.0329559234958
1995-06-13,289.8912809079799,290.27982897775127
1995-06-14,289.00443446747107,289.3859587344194
1995-06-15,287.1723933772065,287.53950326482015
1995-06-16,285.99457714924284,286.35247402780647
1995-06-19,290.35715995582046,290.7484156752737
1995-06-20,288.3840579040931,288.760157660944
1995-06-21,290.16339830360954,290.55307639590353
1995-06-22,295.40084464426104,295.82955865307684
1995-06-23,293.5484135034308,293.96323239478585
1995-06-26,290.84096770631993,291.23575780378036
1995-06-27,288.3629237515477,288.73963381350814
1995-06-28,291.46353082635835,291.8625289184868
1995-06-29,281.4979527269875,281.83313533766903
1995-06-30,284.83300930211215,285.18878658884955
1995-07-03,285.0791716958126,285.43648115922815
1995-07-04,285.0791716958126,285.43648115922815
1995-07-05,285.0791716958126,285.43648115922815
1995-07-06,294.3732175875544,294.7827204755396
1995-07-07,294.3732175875544,294.7827204755396
1995-07-10,294.61962553997495,295.03054109282334
1995-07-11,290.8180391415384,291.20749238420416
1995-07-12,291.8445566587527,292.23975576927785
1995-07-13,291.57689840641154,291.9705954690373
1995-07-14,287.45812930639534,287.8291376967292
1995-07-17,282.04511646501385,282.38745942422764
1995-07-18,279.3833674489839,279.7118601813178
1995-07-19,270.86441074016057,271.1521795781961
1995-07-20,271.57971521419404,271.8708328952075
1995-07-21,267.1635721721867,267.43432713795846
1995-07-24,270.33109729366515,270.61604430237423
1995-07-25,271.59146021522787,271.882072320115
1995-07-26,268.7151191873764,268.99283923245514
1995-07-27,272.4192458822324,272.7130839063686
1995-07-28,269.7008103750328,269.98278083840347
1995-07-31,273.0157402026329,273.31183159965013
1995-08-01,269.3308307789548,269.61128469527455
1995-08-02,273.30771602377064,273.60449078118654
1995-08-03,268.1338049580139,268.4096845941827
1995-08-04,270.6910465197139,270.9770138114307
1995-08-07,272.16717609586965,272.4589719792122
1995-08-08,272.78326365306293,273.07749712557927
1995-08-09,270.8596901462842,271.14631691846824
1995-08-10,268.22465376514367,268.5009510573588
1995-08-11,261.06043808778054,261.31021157841894
1995-08-14,261.99984845103245,262.25303240179846
1995-08-15,262.97939245183545,263.2361273258934
1995-08-16,265.6887061177324,265.95514318897676
1995-08-17,263.2301152884285,263.48772539622314
1995-08-18,263.95200635570404,264.2121883699251
1995-08-21,267.6765283901358,267.94969346500204
1995-08-22,264.9855903352344,265.2493443205054
1995-08-23,263.01651699203643,263.27343604950835
1995-08-24,271.44979754464333,271.7329865274542
1995-08-25,281.00355590208727,281.31374614126014
1995-08-28,282.71203024011317,283.02712146814855
1995-08-29,280.22999746216885,280.53798026099946
1995-08-30,282.77481354617964,283.08999778223887
1995-08-31,286.5346484294953,286.8603686354044
1995-09-01,290.78549997661327,291.1230116003995
1995-09-04,290.78549997661327,291.1230116003995
1995-09-05,290.78549997661327,291.1230116003995
1995-09-06,290.33263049239645,290.70949783292025
1995-09-07,286.91340435799253,287.29231685105475
1995-09-08,284.74584386251644,285.11830061100795
1995-09-11,285.19332640375745,285.5671108453736
1995-09-12,292.4284923910243,292.82283219447464
1995-09-13,289.6943374882295,290.080884003033
1995-09-14,299.4201852041165,299.8322945860331
1995-09-15,295.6543709188459,296.3817031578976
1995-09-18,290.2439661821758,291.2030728745274
1995-09-19,293.24277592396726,294.2249301801922
1995-09-20,296.79254999524176,297.8021560855312
1995-09-21,286.9325273185611,287.87467558067436
1995-09-22,284.5491925507921,285.47552525808123
1995-09-25,284.5491925507921,285.47552525808123
1995-09-26,282.4244115373362,283.33687333796104
1995-09-27,281.9859037805065,282.8955187745812
1995-09-28,282.89848857737917,283.8140346885963
1995-09-29,292.69911787852993,293.67505861686465
1995-10-02,293.1345513361481,294.11321633567394
1995-10-03,296.2998457727763,297.29835928094894
1995-10-04,300.0423971481003,301.0645053180797
1995-10-05,302.9508675446473,303.9914500968731
1995-10-06,303.4562053273968,304.50000953535954
1995-10-09,303.4562053273968,304.50000953535954
1995-10-10,303.4562053273968,304.50000953535954
1995-10-11,302.3704698219076,303.407422990846
1995-10-12,306.3022706668475,307.3639890343414
1995-10-13,317.716334472642,318.84615472556135
1995-10-16,315.6095667972627,316.72679139025706
1995-10-17,316.69848376385545,317.8222012189944
1995-10-18,312.77459167233593,313.8754705046048
1995-10-19,313.3470593859196,314.4512507981797
1995-10-20,306.43210849267916,307.4983685097687
1995-10-23,303.59835730821345,304.64943123047067
1995-10-24,311.4878310839226,312.58022163935266
1995-10-25,313.20128964014,314.302752212012
1995-10-26,308.5118756487701,309.5891412937563
1995-10-27,310.8858249826977,311.97529114610063
1995-10-30,312.12499984285967,313.22085798643434
1995-10-31,314.064624773932,315.17051654485925
1995-11-01,321.92990163236266,323.07591940992995
1995-11-02,329.1232100736909,330.305881506599
1995-11-03,327.7869711540019,328.9628302023671
1995-11-06,324.35844737512775,325.51715713307505
1995-11-07,319.5232337925562,320.6584681014582
1995-11-08,328.9234987119874,330.10307080598704
1995-11-09,323.6386384182565,324.79374135674243
1995-11-10,318.4062775538977,319.5378920341584
1995-11-13,323.63029594661856,324.7851883259168
1995-11-14,322.95489590526927,324.10677351209046
1995-11-15,318.12139272053093,319.2521684846687
1995-11-16,326.87772570082706,328.04590544051865
1995-11-17,330.93491378942525,332.1205592156708
1995-11-20,328.83432474484044,330.01096534651816
1995-11-21,324.55104157743347,325.70966048028015
1995-11-22,323.0988309570258,324.25138909141634
1995-11-23,323.0988309570258,324.25138909141634
1995-11-24,323.0988309570258,324.25138909141634
1995-11-27,328.47126764694866,329.6461154433722
1995-11-28,329.26811213812874,330.44628022874815
1995-11-29,335.80459880901446,337.0098713128832
1995-11-30,350.23776946618074,351.50016373125476
1995-12-01,356.66170207917037,357.9497034376323
1995-12-04,368.51957999102075,369.85406747414515
1995-12-05,363.1665210411529,364.48027909245155
1995-12-06,361.8174030826398,363.1259774711659
1995-12-07,354.40177611286776,355.6826379831711
1995-12-08,351.7512428942243,353.02230519328896
1995-12-11,356.5043546070882,357.79296579557956
1995-12-12,355.09974929669255,356.38318105199255
1995-12-13,353.64669258766986,354.92478963192127
1995-12-14,353.64669258766986,354.92478963192127
1995-12-15,352.86256973792456,354.1377998144444
1995-12-18,336.869763676241,338.0908669722779
1995-12-19,349.7952616780094,351.05900395261006
1995-12-20,349.29496312900136,350.55704948191055
1995-12-21,348.2549033291092,349.5135532372492
1995-12-22,353.59950017843164,354.8757979352866
1995-12-25,353.59950017843164,354.8757979352866
1995-12-26,353.59950017843164,354.8757979352866
1995-12-27,357.5525934459414,358.8419575863666
1995-12-28,362.22049508873624,363.5253107208595
1995-12-29,367.6129539147695,368.9356426933057
1996-01-01,367.6129539147695,368.9356426933057
1996-01-02,367.6129539147695,368.9356426933057
1996-01-03,370.7962703150809,372.12951588865593
1996-01-04,363.1023277486854,364.41040819254795
1996-01-05,358.7323155473039,360.0262208908129
1996-01-08,358.7323155473039,360.0262208908129
1996-01-09,358.06995876574234,359.361721194146
1996-01-10,343.446811251124,344.69290029731405
1996-01-11,346.6009579839955,347.85687135719974
1996-01-12,348.7856310982525,350.04835703596723
1996-01-15,348.7856310982525,350.04835703596723
1996-01-16,348.7856310982525,350.04835703596723
1996-01-17,358.3554225988945,359.647858320844
1996-01-18,363.85776858057153,365.16731515091914
1996-01-19,363.29097781507505,364.59876099470597
1996-01-22,352.75149407230214,354.02696613498546
1996-01-23,349.1370669319761,350.4015067491414
1996-01-24,354.86104052192655,356.1429329334141
1996-01-25,344.7428773797821,345.99423702769013
1996-01-26,351.6854289800599,352.9576856302863
1996-01-29,347.049973330053,348.3083045183477
1996-01-30,353.48743999652646,354.7650850125306
1996-01-31,358.12889016121466,359.42047393945603
1996-02-01,356.6926277285999,357.9798986609289
1996-02-02,353.2409316440108,354.5178591461752
1996-02-05,350.7252465054292,351.9946477317832
1996-02-06,352.2802967392369,353.5543498908139
1996-02-07,352.8213880787662,354.09706033808084
1996-02-08,353.38593874629174,354.6633005450407
1996-02-09,355.7373914461296,357.02179283101236
1996-02-12,364.61547961475657,365.9264114193639
1996-02-13,367.5788329569321,368.89863185822105
1996-02-14,362.11418296188793,363.4176777376929
1996-02-15,351.1933159071298,352.464533018064
1996-02-16,343.8912220491603,345.14096501804306
1996-02-19,343.8912220491603,345.14096501804306
1996-02-20,343.8912220491603,345.14096501804306
1996-02-21,344.4195757644553,345.6708716832786
1996-02-22,351.93212853585754,353.2054838353422
1996-02-23,345.03212452970115,346.2852699413421
1996-02-26,343.4593523653406,344.7078954902948
1996-02-27,336.0560770718376,337.2830292500945
1996-02-28,328.01691921001145,329.2205189897123
1996-02-29,328.503271775067,329.7082836853614
1996-03-01,340.5351084776263,341.77493503622236
1996-03-04,346.90913854012314,348.16741714240356
1996-03-05,341.38057734011846,342.62287078490374
1996-03-06,334.33013291340467,335.5520920063623
1996-03-07,332.7102056225699,333.9274954727808
1996-03-08,310.1445037726484,311.29769909878365
1996-03-11,314.18538631973354,314.66089601460857
1996-03-12,315.35738368624067,315.64373195914743
1996-03-13,315.56609387708664,315.8144454317734
1996-03-14,315.56609387708664,315.8144454317734
1996-03-15,321.1019947004458,320.02225383702523
1996-03-18,319.64924297271307,318.9063625339491
1996-03-19,318.3658868638212,317.9420144525445
1996-03-20,314.13713166017124,314.55304107335576
1996-03-21,312.10641382519304,312.9389890696335
1996-03-22,313.9283461343826,314.39446100675895
1996-03-25,309.44291120913806,310.72991163233627
1996-03-26,309.7113595669522,310.9474522406038
1996-03-27,315.750056631815,316.27442207921126
1996-03-28,320.10815900541,319.81715479531465
1996-03-29,315.65063787446394,316.1897265508535
1996-04-01,314.5356815460019,315.2719965135206
1996-04-02,311.794008111063,312.89340246017713
1996-04-03,312.8748993710496,313.86948506588715
1996-04-04,316.03257627340423,316.90172220456947
1996-04-05,327.49352823705556,328.6084304985606
1996-04-08,330.1799077264484,330.7144424236265
1996-04-09,326.4186431729982,327.6627011958791
1996-04-10,330.057245344292,330.5410102445235
1996-04-11,332.69259867409835,332.6016812297846
1996-04-12,322.3354122638461,324.12866962303974
1996-04-15,320.2886181444176,322.43418826451693
1996-04-16,320.2886181444176,322.43418826451693
1996-04-17,322.72974271865723,324.48224806385093
1996-04-18,325.2524632685646,326.6083324209513
1996-04-19,322.10618566317504,323.91308466927364
1996-04-22,319.59695312876477,321.65648972455216
1996-04-23,320.122004263417,322.17275143476616
1996-04-24,322.56963699019263,324.58716884883813
1996-04-25,321.7026117638906,323.74988383216214
1996-04-26,320.2901050061327,322.3006582994172
1996-04-29,322.5173958769658,324.69439834072426
1996-04-30,325.97005252101496,328.4031192588777
1996-05-01,326.2891580805256,328.7230857579529
1996-05-02,336.4704554864824,339.3599791721231
1996-05-03,340.2454483723013,342.606728170061
1996-05-06,338.1729231392722,340.7733014454245
1996-05-07,339.2233505279396,341.72135963384625
1996-05-08,334.7249518568451,337.4804757455204
1996-05-09,336.0581772938591,338.80255537504496
1996-05-10,329.66417076321636,332.07871310912066
1996-05-13,327.61170769021317,330.102994073454
1996-05-14,323.9160697955286,326.3872540977262
1996-05-15,323.06956011375416,325.6989350166538
1996-05-16,328.75877435935655,330.2959525737081
1996-05-17,324.1446862803133,326.6728680743695
1996-05-20,321.46527437604016,324.45940795155553
1996-05-21,323.158031172078,325.9800905301655
1996-05-22,320.2151259078603,323.21279181153085
1996-05-23,324.5660206621827,327.6323045031222
1996-05-24,321.317410103762,324.32506181351437
1996-05-27,321.317410103762,324.32506181351437
1996-05-28,321.317410103762,324.32506181351437
1996-05-29,330.486605603702,334.2218685298142
1996-05-30,329.6937950999857,333.4166361477053
1996-05-31,337.24011565593645,340.7459484426324
1996-06-03,337.6960010683641,341.158665924818
1996-06-04,336.3187399782714,339.8688276921067
1996-06-05,332.8562332689808,336.3260389261659
1996-06-06,327.01021111776186,330.11440565393934
1996-06-07,341.30865884808657,345.15096152348093
1996-06-10,344.10034246171,347.54123498798555
1996-06-11,344.91393343178976,348.25304339699346
1996-06-12,348.13233476077085,351.2160834076313
1996-06-13,346.02983086414037,349.2942726759599
1996-06-14,340.1416945611981,343.4504587826341
1996-06-17,336.1471065030738,339.59222685618965
1996-06-18,338.02542432919756,341.55687963657
1996-06-19,340.6988591331929,344.41767745787536
1996-06-20,341.0966492332899,344.8435050530686
1996-06-21,339.028032150517,342.62989515198336
1996-06-24,337.3211595795441,340.8044405378498
1996-06-25,333.81118824518234,337.05511969935674
1996-06-26,333.3624205457051,336.5759958964847
1996-06-27,324.4261028196913,327.0868480325408
1996-06-28,315.08866309437576,317.23435919762915
1996-07-01,315.4698107394137,317.6360798625677
1996-07-02,320.92513263185623,323.37530601292127
1996-07-03,319.3294630827738,321.69577137439876
1996-07-04,319.3294630827738,321.69577137439876
1996-07-05,319.3294630827738,321.69577137439876
1996-07-08,319.3294630827738,321.69577137439876
1996-07-09,315.31586611269364,317.5094280268498
1996-07-10,309.1329600145304,311.0213084731544
1996-07-11,306.0748624188724,307.81552451520673
1996-07-12,300.7670377168605,302.25991361339936
1996-07-15,304.704496173074,306.3742797711841
1996-07-16,297.20936155260716,298.558401677609
1996-07-17,297.6376008753074,299.00461363936193
1996-07-18,287.1451125685003,288.1225345417841
1996-07-19,292.7332686332011,293.9019689490877
1996-07-22,296.853620060283,298.16120002462185
1996-07-23,293.3844904789387,294.5751698941979
1996-07-24,299.122654637586,300.4956786797104
1996-07-25,297.95117397710555,299.2864948919651
1996-07-26,296.7356298534782,298.03195901569086
1996-07-29,302.8602404818372,304.34244355628095
1996-07-30,298.7341981837522,300.0915112185944
1996-07-31,292.57971701681436,293.7594412744867
1996-08-01,280.09082345708845,280.9752222340436
1996-08-02,271.63947911764296,272.3440949281615
1996-08-05,272.2007648617175,272.9158663594592
1996-08-06,273.36537199982,274.1045369387585
1996-08-07,274.2744284571536,275.0323454280675
1996-08-08,274.90575438621374,275.6766834498134
1996-08-09,270.65511285204013,271.3395967774142
1996-08-12,270.32582613768017,271.0036872352254
1996-08-13,276.27664595007093,277.06650921255573
1996-08-14,276.6110850155716,277.4073251202403
1996-08-15,273.82742307481493,274.5708316586964
1996-08-16,278.02893365660964,278.84902432309156
1996-08-19,276.2240266619623,277.0109015454811
1996-08-20,276.2240266619623,277.0109015454811
1996-08-21,274.2823088326731,275.0336967976344
1996-08-22,273.07933040055684,273.8088419444108
1996-08-23,265.0701345007214,265.6644277786506
1996-08-26,258.02328116164597,258.5069564716147
1996-08-27,259.8008506638879,260.3116139256464
1996-08-28,258.6879784522358,259.1817055377755
1996-08-29,253.74075949774868,254.1606392429712
1996-08-30,246.02822648871955,246.34181830109583
1996-09-02,246.02822648871955,246.34181830109583
1996-09-03,246.02822648871955,246.34181830109583
1996-09-04,243.87557073891685,244.16028979396262
1996-09-05,246.43458492932248,246.75263506679818
1996-09-06,242.2744017305574,242.53865168559634
1996-09-09,238.8517050420033,239.07253051118172
1996-09-10,241.8955258609413,242.15340629882022
1996-09-11,241.8955258609413,242.15340629882022
1996-09-12,237.40456962645808,237.6084176864151
1996-09-13,226.1960045148327,226.2891214555059
1996-09-16,225.87203500423036,225.9620622938938
1996-09-17,231.04547156468865,231.18097019720284
1996-09-18,232.02882890618207,232.17303242052165
1996-09-19,234.39686344593235,234.56165323999213
1996-09-20,233.33978653923722,233.4953242588896
1996-09-23,231.14845825154794,231.284917592991
1996-09-24,226.3219483425746,226.41767413459942
1996-09-25,221.56539717915734,221.62246860473246
1996-09-26,217.93508196118322,217.96337939412567
1996-09-27,220.11252475103498,220.15747709187727
1996-09-30,222.35493749247982,222.41676002592706
1996-10-01,216.98917520418112,217.01171214989205
1996-10-02,213.96950269447382,213.9704303652469
1996-10-03,213.96950269447382,213.9704303652469
1996-10-04,223.46415936437202,223.51689253379084
1996-10-07,220.17470606764977,220.20916979155896
1996-10-08,219.50711459371536,219.53790801498965
1996-10-09,216.73964161400357,216.75535236589693
1996-10-10,212.88211455645038,212.8773269916608
1996-10-11,217.00286571844742,217.01854586094493
1996-10-14,217.00286571844742,217.01854586094493
1996-10-15,217.00286571844742,217.01854586094493
1996-10-16,216.63896804001052,216.65282317335638
1996-10-17,221.41739158498606,221.45371459764561
1996-10-18,222.16892014456212,222.20881583680128
1996-10-21,220.210261270632,220.24085527447133
1996-10-22,217.39516802768924,217.41258901726286
1996-10-23,218.21546810038447,218.23667623680586
1996-10-24,217.78725631697492,217.80648268678422
1996-10-25,220.43046571115826,220.46164518568537
1996-10-28,219.97145937959743,220.00054621968178
1996-10-29,232.2173640521191,232.28505082368778
1996-10-30,232.2173640521191,232.28505082368778
1996-10-31,234.3835952142021,234.4582958604776
1996-11-01,233.25610043936513,233.32713581518522
1996-11-04,234.4235330419122,234.49834244637827
1996-11-05,239.5754553988564,239.6662444231909
1996-11-06,239.1709638981188,239.26048124520807
1996-11-07,242.50806883981815,242.60789918637232
1996-11-08,241.21193411580109,241.30773799635344
1996-11-11,241.21193411580109,241.30773799635344
1996-11-12,241.21193411580109,241.30773799635344
1996-11-13,240.28847211227662,240.3814230713433
1996-11-14,245.0073571773926,245.11438302398386
1996-11-15,242.55206280712224,242.6898368531457
1996-11-18,241.01385087477888,241.19712223520074
1996-11-19,243.56969901854316,243.7596416218799
1996-11-20,248.280140563794,248.4862708306498
1996-11-21,246.12933071423467,246.3280741368436
1996-11-22,245.57518838157978,245.77204233145576
1996-11-25,246.72743513079442,246.92821327596653
1996-11-26,246.72743513079442,246.92821327596653
1996-11-27,246.72743513079442,246.92821327596653
1996-11-28,246.72743513079442,246.92821327596653
1996-11-29,246.72743513079442,246.92821327596653
1996-12-02,244.69650635921562,244.90536473401633
1996-12-03,245.39198930242887,245.60325366577453
1996-12-04,237.19789456007777,237.38381409115644
1996-12-05,225.21808344882913,225.3755988579619
1996-12-06,221.3053543687467,221.4540751023247
1996-12-09,226.56461640922524,226.7245781446426
1996-12-10,226.0760466238744,226.23495120070655
1996-12-11,212.65142483473386,212.7890681453969
1996-12-12,210.37426510827552,210.50843401341254
1996-12-13,215.21366222360348,215.35492966273642
1996-12-16,212.6124304892814,212.7498795526679
1996-12-17,209.96821753150306,210.10184591343707
1996-12-18,206.9503576007381,207.07970605116785
1996-12-19,213.3821725416481,213.52002905052436
1996-12-20,214.01342336417432,214.15212704182193
1996-12-23,214.342614101355,214.48176048541453
1996-12-24,214.342614101355,214.48176048541453
1996-12-25,214.342614101355,214.48176048541453
1996-12-26,214.342614101355,214.48176048541453
1996-12-27,217.97393696314074,218.11790638765532
1996-12-30,217.59925454240056,217.74272257350532
1996-12-31,208.5966827401938,208.72946035124977
1997-01-01,208.5966827401938,208.72946035124977
1997-01-02,208.5966827401938,208.72946035124977
1997-01-03,209.91237153414156,210.04668341875762
1997-01-06,208.88043501052618,209.01354185697994
1997-01-07,206.74587077999104,206.87650565693497
1997-01-08,206.38040876352818,206.5106221275256
1997-01-09,210.8236040479409,210.95881114952087
1997-01-10,202.97084421122142,203.09787309834948
1997-01-13,202.97084421122142,203.09787309834948
1997-01-14,209.13881110794338,209.2718737313517
1997-01-15,209.13881110794338,209.2718737313517
1997-01-16,206.14063410834206,206.27076514056307
1997-01-17,207.82458128157057,207.9563465630593
1997-01-20,207.82458128157057,207.9563465630593
1997-01-21,207.82458128157057,207.9563465630593
1997-01-22,205.6572448288715,205.78691191491097
1997-01-23,203.43419747495938,203.56173470645547
1997-01-24,199.67385299174708,199.79786541970398
1997-01-27,196.66503296261513,196.78627462897634
1997-01-28,198.93759135938197,199.06090103754855
1997-01-29,196.96921502117547,197.09073377640274
1997-01-30,194.94757293102495,195.0672669994902
1997-01-31,187.82339920563328,187.93707855664167
1997-02-03,183.42729808944296,183.53739135992154
1997-02-04,182.69975695574843,182.8092613248291
1997-02-05,183.45277470265003,183.5628870933414
1997-02-06,184.23625666085846,184.34700183122516
1997-02-07,189.32157198164444,189.43628203370722
1997-02-10,189.71826347521903,189.833285585599
1997-02-11,189.30432309806676,189.41901927547516
1997-02-12,188.87359402187042,188.98795120549292
1997-02-13,195.2022554742304,195.32135156818376
1997-02-14,199.7100939696101,199.83253331927364
1997-02-17,199.7100939696101,199.83253331927364
1997-02-18,199.7100939696101,199.83253331927364
1997-02-19,197.553331443928,197.67416885031483
1997-02-20,192.7769851107164,192.89437531240134
1997-02-21,192.34647016398264,192.46355186512352
1997-02-24,190.11478956728976,190.2302815460878
1997-02-25,189.65650727372872,189.77167388006967
1997-02-26,176.29574817526583,176.4031866098818
1997-02-27,174.66855219081708,174.7750650821556
1997-02-28,175.50308176796304,175.61006825803554
1997-03-03,174.63205587900524,174.73854764051558
1997-03-04,172.52882623200213,172.6341280070324
1997-03-05,173.1423364325443,173.2479844166173
1997-03-06,170.90705887219775,171.01144865558652
1997-03-07,167.037970057605,167.14021123825736
1997-03-10,167.037970057605,167.14021123825736
1997-03-11,167.70305714299377,167.80566593258445
1997-03-12,169.42274839398488,169.52630549592755
1997-03-13,177.410203914169,177.5179314186392
1997-03-14,175.34037816735483,175.4470201581185
1997-03-17,176.5468596234319,176.65413278935756
1997-03-18,177.17524247112203,177.28284479099918
1997-03-19,178.15652610814277,178.26464265026564
1997-03-20,178.4977113743758,178.60600691431296
1997-03-21,178.85345275512233,178.96193503172069
1997-03-24,177.00256742325627,177.1100803144405
1997-03-25,180.00186878988052,180.1109418309565
1997-03-26,181.9291660782475,182.0392428244079
1997-03-27,189.67040701759407,189.78438363107463
1997-03-28,189.67040701759407,189.78438363107463
1997-03-31,189.67040701759407,189.78438363107463
1997-04-01,187.5113031049695,187.62418971303626
1997-04-02,186.7724965617782,186.8850110608587
1997-04-03,185.62306584088157,185.73500248347946
1997-04-04,189.513759612883,189.627638662487
1997-04-07,185.5900411401675,185.70197548083542
1997-04-08,187.5417969355913,187.654694995779
1997-04-09,187.5417969355913,187.654694995779
1997-04-10,187.96571830646465,188.07882601699117
1997-04-11,193.5099865063131,193.61747687600607
1997-04-14,193.5099865063131,193.61747687600607
1997-04-15,186.24726486852973,186.48217870773266
1997-04-16,187.41526894064316,187.65430211337386
1997-04-17,184.20271224553258,184.43069398500853
1997-04-18,182.58257807173527,182.80508139321086
1997-04-21,185.47228080915272,185.7044274956488
1997-04-22,182.5058159550944,182.72822016121916
1997-04-23,185.8935726427065,186.12686570965224
1997-04-24,189.75648719659256,190.00209486200097
1997-04-25,190.65075225189307,190.8873516483026
1997-04-28,188.34648679669047,188.59163858565358
1997-04-29,176.47486571543732,176.6916854534781
1997-04-30,172.99825365273955,173.20721990525328
1997-05-01,171.26825437147187,171.4733722942904
1997-05-02,170.37959040370518,170.58274283899397
1997-05-05,170.0724792174809,170.2749534697602
1997-05-06,170.0724792174809,170.2749534697602
1997-05-07,174.87651233461997,175.08923720968764
1997-05-08,172.32538243801483,172.5326835237755
1997-05-09,168.80618707025707,169.00624275420793
1997-05-12,167.52965866906618,167.72711685456878
1997-05-13,171.38134323758737,171.5864549817733
1997-05-14,169.10259910786917,169.30319463003508
1997-05-15,168.43808289119298,168.63736924383747
1997-05-16,170.1524922509177,170.35514483431928
1997-05-19,170.50942043638108,170.71277743011558
1997-05-20,169.3928966193034,169.59405472327637
1997-05-21,171.68172702293018,171.88735885949646
1997-05-22,173.25989955318212,173.46862911927582
1997-05-23,172.02691257726315,172.23322291346474
1997-05-26,172.02691257726315,172.23322291346474
1997-05-27,172.02691257726315,172.23322291346474
1997-05-28,172.9028581787736,173.11088563678663
1997-05-29,169.7293503377542,169.931273097797
1997-05-30,162.45808629010017,162.6474417095122
1997-06-02,161.28161249736576,161.468971108144
1997-06-03,158.85927762225603,159.04257839951273
1997-06-04,158.85927762225603,159.04257839951273
1997-06-05,158.85927762225603,159.04257839951273
1997-06-06,150.06412571333803,150.23470656773932
1997-06-09,153.7137645537832,153.8894224330648
1997-06-10,152.69759808031216,152.8718336466262
1997-06-11,152.69759808031216,152.8718336466262
1997-06-12,158.50154535799018,158.6834937157535
1997-06-13,161.77415863043447,161.9604555855389
1997-06-16,163.44425797531525,163.63278513015226
1997-06-17,162.05514602429574,162.24182041616479
1997-06-18,163.48263997364288,163.67121309196816
1997-06-19,163.48263997364288,163.67121309196816
1997-06-20,165.40941450009194,165.60055341768293
1997-06-23,163.01868245751604,163.20666127228733
1997-06-24,163.01868245751604,163.20666127228733
1997-06-25,160.4955925922701,160.68028614765214
1997-06-26,156.70926278313243,156.88915885002692
1997-06-27,158.78547159317998,158.96797249943498
1997-06-30,154.1619466447677,154.33881140197107
1997-07-01,159.24927557965387,159.43211319139996
1997-07-02,161.1927398498466,161.37787322716096
1997-07-03,169.18764383879358,169.38163581511856
1997-07-04,169.18764383879358,169.38163581511856
1997-07-07,169.18764383879358,169.38163581511856
1997-07-08,169.18764383879358,169.38163581511856
1997-07-09,170.27079186943732,170.46599710646922
1997-07-10,170.27079186943732,170.46599710646922
1997-07-11,171.4473884630495,171.64391391395753
1997-07-14,169.81669890616584,170.01140181641108
1997-07-15,169.81669890616584,170.01140181641108
1997-07-16,174.89047600915617,175.09074001480053
1997-07-17,174.89047600915617,175.09074001480053
1997-07-18,171.40161482631098,171.59809746248288
1997-07-21,169.65676985423968,169.85137958268965
1997-07-22,178.13235278533307,178.33556020111828
1997-07-23,178.87869456167476,179.0826660016215
1997-07-24,178.87869456167476,179.0826660016215
1997-07-25,176.86299795057022,177.064919043297
1997-07-28,179.32950635785852,179.53392853204312
1997-07-29,183.5180029771869,183.7266555285697
1997-07-30,186.9047987288783,187.11687634729765
1997-07-31,190.36325742300755,190.57883468403546
1997-08-01,177.8801417157671,178.08451405343715
1997-08-04,176.8879841438961,177.0914741599331
1997-08-05,176.3745693285112,176.57760335464675
1997-08-06,177.17463794668348,177.3783825947488
1997-08-07,175.23710924131893,175.4391381140405
1997-08-08,168.81406395502876,169.01054443778412
1997-08-11,169.0558844009212,169.2525730785268
1997-08-12,168.0478607565638,168.24368228868533
1997-08-13,169.6064157037157,169.80357733531747
1997-08-14,173.3138202042256,173.51416224281095
1997-08-15,173.85051347454933,174.05131696718402
1997-08-18,176.6224466762894,176.82563171699317
1997-08-19,176.6224466762894,176.82563171699317
1997-08-20,175.43445330264285,175.63661772295694
1997-08-21,171.81423305781252,172.0133124020474
1997-08-22,168.27518523773062,168.4712744243766
1997-08-25,167.1037162983863,167.29881843842338
1997-08-26,167.7087364503087,167.90434820879042
1997-08-27,167.7087364503087,167.90434820879042
1997-08-28,172.77188368642888,172.9717324637236
1997-08-29,170.27668448260133,170.4744475616028
1997-09-01,170.27668448260133,170.4744475616028
1997-09-02,170.27668448260133,170.4744475616028
1997-09-03,169.29609625006856,169.49304114609257
1997-09-04,169.29609625006856,169.49304114609257
1997-09-05,167.53310512656782,167.72858222175194
1997-09-08,168.97801941975027,169.17469851380088
1997-09-09,168.60128166327547,168.79764719948977
1997-09-10,167.42692279134369,167.62231195293725
1997-09-11,165.4111766384971,165.60489424640622
1997-09-12,172.63654950663678,172.83616381932623
1997-09-15,172.99963307566398,173.19954456973795
1997-09-16,183.96738813186246,184.17601440120455
1997-09-17,184.73360398138516,184.94284097938967
1997-09-18,184.20117617162077,184.40998890837955
1997-09-19,184.75468668435315,184.96394044002878
1997-09-22,186.76996539609493,186.98082517649502
1997-09-23,184.69263977427565,184.90184652016714
1997-09-24,187.40863472120827,187.62000095974915
1997-09-25,182.30594613803376,182.51328163373412
1997-09-26,184.88527768142146,185.0946476775013
1997-09-29,184.29326994489185,184.50217289017098
1997-09-30,183.06632318604935,183.27425912020158
1997-10-01,188.00382289427543,188.21564010611965
1997-10-02,189.54531705866378,189.75834750099048
1997-10-03,189.86658473140335,190.07986810389843
1997-10-06,193.18646200866206,193.40235792692354
1997-10-07,194.8922815981175,195.10952100507762
1997-10-08,186.0016730473244,186.2120141061481
1997-10-09,185.19040914318325,185.40012195942074
1997-10-10,181.60727953699748,181.81422517132143
1997-10-13,181.60727953699748,181.81422517132143
1997-10-14,181.60727953699748,181.81422517132143
1997-10-15,179.9144008270202,180.12004093525812
1997-10-16,179.9144008270202,180.12004093525812
1997-10-17,175.7652762914516,175.96772693599885
1997-10-20,176.64039672374776,176.84351968961312
1997-10-21,176.64039672374776,176.84351968961312
1997-10-22,177.59124606443996,177.7950996988445
1997-10-23,183.57973488695745,183.78817708555957
1997-10-24,185.12262586080794,185.33225136332817
1997-10-27,191.55277508936933,191.76731896656727
1997-10-28,186.93104566408724,187.14206211049148
1997-10-29,190.81865499802606,191.03263509981988
1997-10-30,194.45109562603622,194.66784503389457
1997-10-31,195.02305771039076,195.24024336460943
1997-11-03,190.94397636332704,191.1580576114921
1997-11-04,188.65308745292512,188.8654275293247
1997-11-05,188.94568866197196,189.1582510723875
1997-11-06,192.2661573985601,192.4812421700132
1997-11-07,191.64561110021893,191.86022440162947
1997-11-10,191.31829552984354,191.53766769754617
1997-11-11,191.31829552984354,191.53766769754617
1997-11-12,191.31829552984354,191.53766769754617
1997-11-13,192.3564546032207,192.57664114882598
1997-11-14,193.080653837454,193.30140867173674
1997-11-17,194.21393777174157,194.43558232478853
1997-11-18,194.21393777174157,194.43558232478853
1997-11-19,197.0711637833892,197.2950529835628
1997-11-20,194.9675592455348,195.18979834322977
1997-11-21,197.5476450425664,197.7719087902885
1997-11-24,193.6084262098402,193.82960947390262
1997-11-25,194.04787236796045,194.2693991327694
1997-11-26,193.1322496889814,193.3530612115531
1997-11-27,193.1322496889814,193.3530612115531
1997-11-28,193.1322496889814,193.3530612115531
1997-12-01,194.1124108730047,194.33398795988865
1997-12-02,194.1124108730047,194.33398795988865
1997-12-03,196.2437872186547,196.46702985490094
1997-12-04,196.2437872186547,196.46702985490094
1997-12-05,188.7139926679958,188.93139768138224
1997-12-08,183.33745289793293,183.55070950591931
1997-12-09,184.76995388371841,184.98431575395452
1997-12-10,190.0628218826514,190.28126892670213
1997-12-11,197.39730475742948,197.62141153082752
1997-12-12,204.24796741721926,204.47736193709684
1997-12-15,200.91908784937522,201.14591634464793
1997-12-16,201.3403064164896,201.5674595217679
1997-12-17,199.15907310314313,199.384546958925
1997-12-18,202.7029122256189,202.93111499054808
1997-12-19,207.63081100067473,207.86281026877606
1997-12-22,207.16758603178457,207.40611641218533
1997-12-23,206.69287040489525,206.93149321094256
1997-12-24,205.21913216769386,205.4565633060144
1997-12-25,205.21913216769386,205.4565633060144
1997-12-26,205.21913216769386,205.4565633060144
1997-12-29,203.1374897143689,203.3732436404756
1997-12-30,197.95287552196382,198.1844802203331
1997-12-31,202.94110131605825,203.1767044117471
1998-01-01,202.94110131605825,203.1767044117471
1998-01-02,202.94110131605825,203.1767044117471
1998-01-05,216.0634272108626,216.30951255310458
1998-01-06,217.11624476237742,217.3470658781672
1998-01-07,213.7693840665365,214.14822015191035
1998-01-08,218.7043778922739,219.09531026110153
1998-01-09,225.3774176524973,225.67404252732027
1998-01-12,225.3774176524973,225.67404252732027
1998-01-13,223.2104074599613,223.5572233957368
1998-01-14,219.95344093685904,220.34489332363006
1998-01-15,219.2342109890559,219.62250087091405
1998-01-16,214.5141935327519,214.88279474168402
1998-01-19,214.5141935327519,214.88279474168402
1998-01-20,214.5141935327519,214.88279474168402
1998-01-21,216.3617209582157,216.737925753016
1998-01-22,216.3617209582157,216.737925753016
1998-01-23,205.82514307033546,206.16594474950344
1998-01-26,209.86316762942724,210.21704488259903
1998-01-27,206.10124000389715,206.44318093620058
1998-01-28,206.10124000389715,206.44318093620058
1998-01-29,212.98096355157887,213.34345650059797
1998-01-30,215.18897568105592,215.55814763706542
1998-02-02,212.63045693171097,212.99197647131055
1998-02-03,213.21043455666805,213.57368076678634
1998-02-04,213.21043455666805,213.57368076678634
1998-02-05,209.78934702814317,210.14263748026835
1998-02-06,209.4759123475793,209.828297769159
1998-02-09,207.20569304583861,207.5516018600807
1998-02-10,208.53289201621817,208.882570564682
1998-02-11,212.6199012690139,212.9810632188301
1998-02-12,211.5748289729317,211.93304359307444
1998-02-13,214.08989419252782,214.4551674204704
1998-02-16,214.08989419252782,214.4551674204704
1998-02-17,214.08989419252782,214.4551674204704
1998-02-18,211.41584967573584,211.7737002172946
1998-02-19,210.2451945484798,210.59982533551903
1998-02-20,208.23319930863278,208.58235651472773
1998-02-23,204.166739676154,204.50516975142267
1998-02-24,196.19803443584877,196.5174327498675
1998-02-25,199.61648502972093,199.94383990356516
1998-02-26,197.50940921876457,197.83186525202066
1998-02-27,199.30410714478901,199.630711886143
1998-03-02,193.19471373522182,193.50784774868944
1998-03-03,189.46496490813357,189.77011009846035
1998-03-04,190.14364668897605,190.4502363161378
1998-03-05,189.08144588251324,189.3857753219987
1998-03-06,192.3307519100696,192.64190581247718
1998-03-09,195.99369456783256,196.31248424023076
1998-03-10,196.3708540382529,196.69043500180473
1998-03-11,199.48068643740163,199.8067453416935
1998-03-12,204.56066914738034,204.8971287349045
1998-03-13,203.3727300882855,203.70674599106087
1998-03-16,206.61810908867557,206.95874517941442
1998-03-17,204.9432834208606,205.28050422673508
1998-03-18,203.2206132754479,203.5543481128834
1998-03-19,202.33272260897346,202.66466864203414
1998-03-20,203.7124722359229,204.04719327833016
1998-03-23,204.1926179132089,204.52830690570113
1998-03-24,204.1926179132089,204.52830690570113
1998-03-25,197.71745901937706,198.04070708227232
1998-03-26,194.39935621117868,194.7163695623214
1998-03-27,192.9598762288684,193.27420473669315
1998-03-30,189.52650874717523,189.83452916091827
1998-03-31,194.7812973314893,195.09868000807012
1998-04-01,199.05260060953802,199.37754219957867
1998-04-02,203.80611860995845,204.13938894196875
1998-04-03,213.0597632784306,213.40836046363836
1998-04-06,209.39795179038768,209.74051071358
1998-04-07,207.76436843170504,208.1042545416103
1998-04-08,204.03187760038492,204.36574975608352
1998-04-09,204.03187760038492,204.36574975608352
1998-04-10,204.03187760038492,204.36574975608352
1998-04-13,204.03187760038492,204.36574975608352
1998-04-14,206.7057712465004,207.0439231785354
1998-04-15,209.01520226735778,209.35705538447044
1998-04-16,209.9771216675157,210.32052027406868
1998-04-17,210.4793303537791,210.82353673357383
1998-04-20,206.36883389889155,206.70652565260238
1998-04-21,201.82827922675526,202.15892519933848
1998-04-22,201.82827922675526,202.15892519933848
1998-04-23,200.78042944616112,201.10945869569582
1998-04-24,202.94239860162446,203.27475476600125
1998-04-27,190.20405982504823,190.51888297228524
1998-04-28,189.85181742696705,190.16616006209728
1998-04-29,189.48518556958868,189.79902818410642
1998-04-30,198.36078175773312,198.68628990906086
1998-05-01,198.98025312708256,199.30657986112504
1998-05-04,198.98025312708256,199.30657986112504
1998-05-05,197.30050266902884,197.6246130386516
1998-05-06,200.04445959013157,200.37218085420926
1998-05-07,200.04445959013157,200.37218085420926
1998-05-08,197.47246281784675,197.79680668319352
1998-05-11,192.37560458080392,192.69334371982313
1998-05-12,198.13913466002128,198.464243761466
1998-05-13,198.80959394297554,199.1355629855078
1998-05-14,196.3761994173978,196.69905550493039
1998-05-15,196.3761994173978,196.69905550493039
1998-05-18,193.0843124068219,193.40298199315083
1998-05-19,193.82131511294548,194.1409205716742
1998-05-20,190.7733444956519,191.08909313198293
1998-05-21,186.9716816979871,187.28265338761426
1998-05-22,188.48521347393415,188.7980827791483
1998-05-25,188.48521347393415,188.7980827791483
1998-05-26,188.48521347393415,188.7980827791483
1998-05-27,191.30330465673228,191.6197033416236
1998-05-28,190.46774826154035,190.78309950400416
1998-05-29,191.33392748670332,191.6503641571455
1998-06-01,194.0208662681868,194.34066599943543
1998-06-02,192.166023515691,192.48350235108785
1998-06-03,191.21150821477082,191.52779423047045
1998-06-04,188.75073040928118,189.0639496826085
1998-06-05,190.25656012321517,190.57165327073812
1998-06-08,190.25656012321517,190.57165327073812
1998-06-09,189.71038617380552,190.02479926202605
1998-06-10,196.63947855037574,196.96240281210953
1998-06-11,204.91496412090916,205.2479219281927
1998-06-12,206.78011970877952,207.11534484838143
1998-06-15,209.20036167171742,209.53852951512903
1998-06-16,202.09308859081466,202.42272380085888
1998-06-17,194.5961063676808,194.9168754680213
1998-06-18,197.25206021227004,197.57596182329218
1998-06-19,199.59779254142563,199.92446142079015
1998-06-22,200.4099497878452,200.73757740144453
1998-06-23,202.10086744729648,202.43049135400491
1998-06-24,200.7814756228547,201.1095421899435
1998-06-25,200.32658839968042,200.65411830523695
1998-06-26,201.2723937779341,201.60103943353405
1998-06-29,199.7951846395136,200.12208848279815
1998-06-30,202.81945854685807,203.14992386858037
1998-07-01,203.86456230569533,204.19625932463833
1998-07-02,206.0380549028554,206.37231341529989
1998-07-03,206.0380549028554,206.37231341529989
1998-07-06,206.0380549028554,206.37231341529989
1998-07-07,203.1452740059479,203.476128859488
1998-07-08,201.9645118485839,202.29397904026433
1998-07-09,206.20294076500807,206.5035776942736
1998-07-10,205.56296652357543,205.88342574754668
1998-07-13,198.53949900051657,199.15872982817115
1998-07-14,195.08966837038457,195.68337193951547
1998-07-15,196.25193579411632,196.85417737746218
1998-07-16,193.7990242685034,194.4236756049103
1998-07-17,193.1808367724953,193.8008244222294
1998-07-20,196.96704787910107,197.61517400080768
1998-07-21,199.55870757282491,200.22621340196247
1998-07-22,198.2113493106644,198.86879009608163
1998-07-23,200.97710632351692,201.65506267523608
1998-07-24,198.65154835810964,199.49003483167286
1998-07-27,197.08182936018247,198.00852557898043
1998-07-28,194.80609702201508,195.7226494282174
1998-07-29,190.25478180979053,191.13114798243635
1998-07-30,192.51447696794574,193.41062482811773
1998-07-31,192.51447696794574,193.41062482811773
1998-08-03,200.7624680619227,201.72590438752204
1998-08-04,204.39142819867496,205.38489818610893
1998-08-05,205.89394128599045,206.89997222353634
1998-08-06,204.33001584564187,205.32307959919765
1998-08-07,213.21846430519767,214.2799927983969
1998-08-10,212.47860266047803,213.55764948583578
1998-08-11,217.99103578802698,218.6962941915342
1998-08-12,215.3810975692973,216.4578620335368
1998-08-13,210.29742653950785,211.9679208605938
1998-08-14,214.36176626391878,215.67377647305986
1998-08-17,214.36176626391878,215.67377647305986
1998-08-18,213.44556845483166,214.87468597601
1998-08-19,213.44556845483166,214.87468597601
1998-08-20,220.78592634646182,221.52408986542764
1998-08-21,231.81518386396712,231.48469081687182
1998-08-24,236.70683502598374,235.81436076551103
1998-08-25,245.26301362037935,243.00396722829487
1998-08-26,251.55998931121783,248.6574062142146
1998-08-27,263.74390684716633,259.8834427798938
1998-08-28,267.8477783378329,264.1388151681167
1998-08-31,274.17083560421713,270.90401354771944
1998-09-01,273.6063045029899,270.2887045872777
1998-09-02,269.049411580594,265.34148006558536
1998-09-03,274.35519503257234,270.8379873410547
1998-09-04,276.203025494182,272.7067344860269
1998-09-07,276.203025494182,272.7067344860269
1998-09-08,276.203025494182,272.7067344860269
1998-09-09,289.08121654828904,286.3812303162112
1998-09-10,307.4597831070314,304.7821345155353
1998-09-11,302.1046364153131,299.1361762697388
1998-09-14,301.3269955784069,298.3169207171054
1998-09-15,299.98932246425835,296.9079189467563
1998-09-16,301.92788770179675,298.9493698980982
1998-09-17,306.79679366870374,304.0711480680209
1998-09-18,312.5345010416968,310.1000743953277
1998-09-21,312.82016686838386,310.4005240093356
1998-09-22,309.0270814349844,306.4158139886092
1998-09-23,313.42134544481024,311.02543056516396
1998-09-24,317.2971558868803,315.09125089776546
1998-09-25,319.43979748321993,317.34008406256197
1998-09-28,318.8059939283148,316.6746765615777
1998-09-29,319.79409079999994,317.712081313188
1998-09-30,330.0449983517906,328.415517854158
1998-10-01,338.4586882069793,337.1852213865031
1998-10-02,338.1699307115385,336.88396931430685
1998-10-05,345.8840315316814,344.9150154609197
1998-10-06,341.3479104686458,340.19525965506176
1998-10-07,334.5491428539823,333.1421151513259
1998-10-08,321.8602749539265,320.0823781367463
1998-10-09,313.52720173619525,311.53416428004545
1998-10-12,313.52720173619525,311.53416428004545
1998-10-13,313.52720173619525,311.53416428004545
1998-10-14,319.3655138996388,317.5123302322664
1998-10-15,319.3655138996388,317.5123302322664
1998-10-16,325.26683579272077,323.5504638596671
1998-10-19,324.76258822589426,323.0665724360334
1998-10-20,322.23318740554527,320.5678378982919
1998-10-21,320.9042458839723,319.206827454885
1998-10-22,319.8745614346091,318.15234559059286
1998-10-23,316.7006026409284,314.90284292619856
1998-10-26,317.4172907705862,315.63644196267865
1998-10-27,321.5061381961682,319.8194994062069
1998-10-28,323.02738233131913,321.37613268987417
1998-10-29,325.2058746546641,323.60523977743077
1998-10-30,319.77632600581296,318.0531431689371
1998-11-02,314.54835323095347,312.71255813655705
1998-11-03,314.7391692723602,312.9074265682311
1998-11-04,309.1020573263849,307.1548116480704
1998-11-05,308.3033565691357,306.3801247231277
1998-11-06,303.1967981096345,301.24267860168663
1998-11-09,306.87951947900575,304.5417264359899
1998-11-10,309.32660929352653,306.74180777778935
1998-11-11,309.32660929352653,306.74180777778935
1998-11-12,309.32660929352653,306.74180777778935
1998-11-13,307.8609092059095,305.4555648097407
1998-11-16,306.5881656743512,304.34304614699084
1998-11-17,305.5203288539616,303.42023504721675
1998-11-18,306.076080143949,303.8995425111997
1998-11-19,304.3677751747179,302.4021514768708
1998-11-20,306.62527673071,304.4654359625115
1998-11-23,305.200349406921,303.1235282508097
1998-11-24,304.32123985048634,302.28939966376663
1998-11-25,304.03023579491474,302.0004451868161
1998-11-26,304.03023579491474,302.0004451868161
1998-11-27,304.03023579491474,302.0004451868161
1998-11-30,310.0343775303003,308.0802610607713
1998-12-01,315.8382660380411,313.26350932827063
1998-12-02,323.08327444795725,319.7065152871513
1998-12-03,322.2726818588619,319.08358072173326
1998-12-04,316.26405809572844,314.3045891789803
1998-12-07,308.68856461698743,308.04974991496385
1998-12-08,315.8609197675789,313.81612788586074
1998-12-09,321.6774627006056,318.42253120189605
1998-12-10,324.0909793099962,320.3224490422805
1998-12-11,317.73671755678043,315.13690837144014
1998-12-14,320.08751872489523,317.0868338104572
1998-12-15,315.3114315386598,313.0651147277621
1998-12-16,320.05131020650265,317.1233330033213
1998-12-17,320.05131020650265,317.1233330033213
1998-12-18,318.3965689808643,315.66486723846543
1998-12-21,312.0160756238123,309.7563081209499
1998-12-22,305.85809652933193,303.9903444545491
1998-12-23,298.2024794697504,296.69081627728235
1998-12-24,293.55239690662336,292.0127032172387
1998-12-25,293.55239690662336,292.0127032172387
1998-12-28,293.55239690662336,292.0127032172387
1998-12-29,297.5982166841813,296.4655320852179
1998-12-30,299.8424947008977,298.9366356281736
1998-12-31,299.5083085874964,298.5684669618661
1999-01-01,299.5083085874964,298.5684669618661
1999-01-04,299.5083085874964,298.5684669618661
1999-01-05,295.59177363586394,294.26346291999016
1999-01-06,298.11608076067773,297.0330040226434
1999-01-07,294.02090761848575,292.54738676719796
1999-01-08,286.02622703739326,283.8709161105906
1999-01-11,283.24696829817015,280.8625469569716
1999-01-12,287.80040615553514,285.7736760649424
1999-01-13,293.1044327923558,291.48017657707254
1999-01-14,299.7854680861393,298.64166403196003
1999-01-15,293.8626194715702,292.30810044291655
1999-01-18,293.8626194715702,292.30810044291655
1999-01-19,293.8626194715702,292.30810044291655
1999-01-20,290.67300414736064,288.9043558373484
1999-01-21,295.66763092506557,294.21832128194745
1999-01-22,301.7602442273966,300.6854844682464
1999-01-25,301.7602442273966,300.6854844682464
1999-01-26,299.47956537725435,298.26354068685487
1999-01-27,301.04556482679106,299.9256884031324
1999-01-28,301.86284056493633,300.79334535756163
1999-01-29,303.1414418769393,302.1508463828046
1999-02-01,294.2633537611762,292.786775902926
1999-02-02,289.10369251708283,287.3627260234179
1999-02-03,285.1534593756671,283.2176515273478
1999-02-04,277.4108133354762,275.131390628556
1999-02-05,280.3708155934343,278.2171497922147
1999-02-08,278.4472575692416,276.2114548861963
1999-02-09,275.28151677047686,272.9131148577272
1999-02-10,276.49368206203184,274.1753043930123
1999-02-11,277.33629548096286,275.0527363048571
1999-02-12,289.69301079377357,287.78369479865626
1999-02-15,289.69301079377357,287.78369479865626
1999-02-16,289.69301079377357,287.78369479865626
1999-02-17,286.02845674190183,284.02114049551096
1999-02-18,290.5102314754291,288.55573130483924
1999-02-19,292.8290236351689,290.8914947944261
1999-02-22,289.30900635225714,287.26704933409985
1999-02-23,294.4733212721733,292.50900802474746
1999-02-24,301.9427928968622,300.1112859329099
1999-02-25,312.9238103830998,310.65629912422673
1999-02-26,309.7638825883802,307.7657241292283
1999-03-01,318.4889690880885,315.99320374979965
1999-03-02,315.3278756913462,313.1583795371363
1999-03-03,318.5453978281975,316.06270854539974
1999-03-04,321.79843459186816,319.07880391390614
1999-03-05,314.5833093723108,312.246004534602
1999-03-08,313.39089190894765,311.1271008251168
1999-03-09,306.4914313810694,304.3732206466165
1999-03-10,308.084530573953,305.8477569306446
1999-03-11,308.084530573953,305.8477569306446
1999-03-12,304.6318434723359,302.2701404801331
1999-03-15,302.5930664670279,300.24613414366394
1999-03-16,298.9783103506065,296.5159332708987
1999-03-17,301.3986385668451,299.0423105167207
1999-03-18,299.3014985536497,296.8532719450926
1999-03-19,304.82560335390775,302.60688473632405
1999-03-22,307.4355760463185,305.32613214164866
1999-03-23,307.4355760463185,305.32613214164866
1999-03-24,303.68954098438064,301.42570706527084
1999-03-25,308.8652695583867,306.80455121948336
1999-03-26,308.8652695583867,306.80455121948336
1999-03-29,314.34359168209187,312.4927882856735
1999-03-30,307.38386767853115,305.2824316881873
1999-03-31,311.750357456455,309.79920474187253
1999-04-01,314.25901339172395,312.39473149642845
1999-04-02,304.0059936645183,301.83947112119006
1999-04-05,303.095395605615,300.9028801693952
1999-04-06,296.20715767517794,293.832809641248
1999-04-07,297.5578169347703,295.21821993858754
1999-04-08,286.68428111363585,284.1154401342237
1999-04-09,287.0784361435077,284.5175876454708
1999-04-12,287.0784361435077,284.5175876454708
1999-04-13,292.11985607262807,289.65582366108833
1999-04-14,293.4143325415628,290.9754939109377
1999-04-15,295.65826464522047,293.262835026939
1999-04-16,301.16317251785006,298.86922756488707
1999-04-19,296.9693061419872,294.5989442898484
1999-04-20,293.67991441939523,291.2515138861912
1999-04-21,294.1607038666698,291.74068269148813
1999-04-22,303.591273547288,301.3091382883837
1999-04-23,303.1279962120127,300.83886232564714
1999-04-26,300.72601784028404,298.40105538206075
1999-04-27,298.20589195515817,295.8987199735431
1999-04-28,301.2941720629169,298.97343097634035
1999-04-29,294.4849532861661,292.2338142206244
1999-04-30,309.38276910206844,307.2678482929593
1999-05-03,309.7507921830817,307.6394382558944
1999-05-04,313.93748304385616,311.86575965825307
1999-05-05,311.9787641271813,309.88843342916147
1999-05-06,321.2401481849445,319.22508115161355
1999-05-07,323.8642128273177,321.8711214245338
1999-05-10,321.53480618779014,319.52237832320753
1999-05-11,325.90386053369286,323.92658246382064
1999-05-12,323.6617911831557,321.86789328579664
1999-05-13,314.06488899495,312.6344255972364
1999-05-14,329.6547477819364,327.63879840495855
1999-05-17,331.9299422726478,329.5570588539505
1999-05-18,334.3465759593652,331.5547143176355
1999-05-19,330.3057851749617,328.023986931007
1999-05-20,330.9862973632903,328.6232280818842
1999-05-21,327.4347926202319,325.217097124016
1999-05-24,325.87657784508417,323.6421173552327
1999-05-25,326.19342623599323,323.96828222315463
1999-05-26,329.810798228941,327.6906636626538
1999-05-27,335.8448419881273,333.89466555199004
1999-05-28,335.8448419881273,333.89466555199004
1999-05-31,335.8448419881273,333.89466555199004
1999-06-01,335.8448419881273,333.89466555199004
1999-06-02,335.8448419881273,333.89466555199004
1999-06-03,333.94272157337343,331.9386457083362
1999-06-04,333.94272157337343,331.9386457083362
1999-06-07,333.53302783180936,331.51742262901996
1999-06-08,335.2385283924078,333.27078477909043
1999-06-09,337.4612021672667,335.5559229552483
1999-06-10,342.51516713519726,340.7493647174733
1999-06-11,351.6725352409561,350.1413974587843
1999-06-14,347.19273351207374,345.5481364519474
1999-06-15,345.38085230006584,343.69129086947555
1999-06-16,342.58673013430644,340.8292288138829
1999-06-17,328.94150803567595,326.9358056298013
1999-06-18,332.94687867657314,331.0096830119188
1999-06-21,337.4282943687688,335.56678826492015
1999-06-22,340.5016017545619,338.69219316400125
1999-06-23,345.6425530065467,343.91860133497147
1999-06-24,349.28943118884035,347.62629657970604
1999-06-25,347.19502696266824,345.49695804121836
1999-06-28,341.47462095871947,339.6864938997982
1999-06-29,338.3193009516349,336.48314349423566
1999-06-30,326.76664713839756,324.78916369053854
1999-07-01,330.3179687488768,328.3814733525179
1999-07-02,329.5817644356804,327.63667941378793
1999-07-05,329.5817644356804,327.63667941378793
1999-07-06,329.5817644356804,327.63667941378793
1999-07-07,331.94666337479157,330.0288743746209
1999-07-08,326.0929655864545,324.11066069030505
1999-07-09,326.8973053602047,324.9236805921429
1999-07-12,317.8828626555813,315.82394214119756
1999-07-13,315.98966561336994,313.9134851048448
1999-07-14,318.1356589829643,316.07867364893406
1999-07-15,317.5252762389012,315.4627874170564
1999-07-16,313.32926468504985,311.2300189563762
1999-07-19,312.47744738398467,310.3708614195874
1999-07-20,310.92907977127015,308.8092224881601
1999-07-21,311.84497903342435,309.7328927495116
1999-07-22,322.6758617126581,320.6337207075327
1999-07-23,328.1166177262348,326.10904702248007
1999-07-26,329.61987740972364,327.6220349463687
1999-07-27,326.27997676532095,324.26085928307043
1999-07-28,326.5080425697535,324.490357817327
1999-07-29,333.2404239483923,331.2613508541871
1999-07-30,336.5370046429432,334.5770246682954
1999-08-02,337.27230085017095,335.3166362505532
1999-08-03,339.8245857242097,337.88380614613646
1999-08-04,339.0265004984204,337.08102991745824
1999-08-05,332.55249525693296,330.5723006214226
1999-08-06,347.258987007505,345.3228294101308
1999-08-09,355.3978436501427,353.48455972710775
1999-08-10,357.01147161568434,354.95176355508687
1999-08-11,352.9798587669714,351.27116157279545
1999-08-12,352.758997842365,351.0499536340574
1999-08-13,342.80987342570353,341.0612906762924
1999-08-16,341.99931392716314,340.2476663552322
1999-08-17,334.0728457890595,332.2959198167509
1999-08-18,333.68016089230775,331.90203588614315
1999-08-19,335.9237648934352,334.152417801475
1999-08-20,334.43708684457454,332.66123414341644
1999-08-23,335.09754477176256,333.3236774925639
1999-08-24,328.5902054971261,326.79901245395575
1999-08-25,319.2800399335154,317.4711277030936
1999-08-26,321.6607868783146,319.85598339534505
1999-08-27,329.0597300192073,327.26521258923935
1999-08-30,337.5519379541279,335.766525217488
1999-08-31,338.88885073900434,337.10500418645574
1999-09-01,338.68953460162163,336.9054519014703
1999-09-02,341.58667762950216,339.80593507483167
1999-09-03,331.6136885883285,329.82702071003195
1999-09-06,331.6136885883285,329.82702071003195
1999-09-07,331.6136885883285,329.82702071003195
1999-09-08,329.45098659981807,327.6800270430003
1999-09-09,333.05938890754555,331.29007904949475
1999-09-10,325.9721623853695,324.2012489134852
1999-09-13,327.5565001456445,325.7858166107762
1999-09-14,331.8521589651324,330.0818348451369
1999-09-15,328.48524761776883,326.7147069037387
1999-09-16,325.48292816771385,323.7124333130595
1999-09-17,321.9811543816167,320.2110229740402
1999-09-20,326.18681779032323,324.4157783680471
1999-09-21,328.2462925426118,326.4748585132851
1999-09-22,326.8148392949393,325.0436686446112
1999-09-23,318.25848973046755,316.4918082430396
1999-09-24,309.68732559025335,307.9283172098057
1999-09-27,316.0183219285642,314.25211364083634
1999-09-28,321.5197012921616,319.74688550943284
1999-09-29,328.99715214539043,327.21427894326763
1999-09-30,322.8269342142573,321.0528580912039
1999-10-01,331.1575300636675,329.3695686098854
1999-10-04,326.87535320489474,325.09975824400544
1999-10-05,335.16611631923416,332.7461473746369
1999-10-06,335.957394994804,333.4746660029508
1999-10-07,336.3621402102387,333.8548032920751
1999-10-08,335.32279716581854,332.86426678314695
1999-10-11,335.32279716581854,332.86426678314695
1999-10-12,335.32279716581854,332.86426678314695
1999-10-13,341.1714106002407,338.1054478382336
1999-10-14,345.4574699479875,341.97092118391384
1999-10-15,336.68423106090967,334.0201425354514
1999-10-18,339.6652880640805,336.7270902174713
1999-10-19,343.4520722292373,340.1817987429017
1999-10-20,344.9346819846836,341.52887313467346
1999-10-21,345.9468876854817,342.4663862033624
1999-10-22,347.19397037768437,343.68938295696364
1999-10-25,348.209407193965,344.7108068740325
1999-10-26,349.2645264793099,345.77703745254746
1999-10-27,342.0793780757116,338.4945493496416
1999-10-28,333.72968139793466,330.0452221539956
1999-10-29,322.3260163355721,318.53656024887647
1999-11-01,325.8314472068965,322.07096569011264
1999-11-02,323.0567900764187,319.2730316649695
1999-11-03,321.30305774541614,317.50475685515715
1999-11-04,315.9345093498247,312.09367952398975
1999-11-05,311.4873947063812,307.61301225076403
1999-11-08,313.28329801052803,309.42175834758746
1999-11-09,314.45301945354424,310.5997867559163
1999-11-10,317.12451000222205,313.28954326197805
1999-11-11,317.12451000222205,313.28954326197805
1999-11-12,317.12451000222205,313.28954326197805
1999-11-15,317.9079975209105,314.07838989640675
1999-11-16,321.16398630080613,317.35555798836674
1999-11-17,329.3102667784977,325.5434524375971
1999-11-18,330.95541978053876,327.1973077813639
1999-11-19,331.81417800577435,328.06062677763333
1999-11-22,334.78949022035874,331.0511986453081
1999-11-23,333.85892126787064,330.11575480321795
1999-11-24,332.5705041002414,328.8206136156429
1999-11-25,332.5705041002414,328.8206136156429
1999-11-26,332.5705041002414,328.8206136156429
1999-11-29,343.8345633044473,340.11906028938677
1999-11-30,338.8479771015511,335.1168668662328
1999-12-01,342.3087654862483,338.58735524863766
1999-12-02,346.38143334108474,342.67082380122076
1999-12-03,336.7355828765143,333.00736022917124
1999-12-06,333.8095288368043,330.076732723154
1999-12-07,327.45209483309515,323.7117868729964
1999-12-08,330.2297078857088,326.4918605691225
1999-12-09,330.2297078857088,326.4918605691225
1999-12-10,330.2297078857088,326.4918605691225
1999-12-13,333.2076198773717,329.47214290988995
1999-12-14,348.54785460397403,344.7857732348391
1999-12-15,353.0823544481183,349.31272086688796
1999-12-16,361.3943299093732,357.6073482203036
1999-12-17,361.95479811659226,358.1667125700392
1999-12-20,369.13285704018676,365.3284615647482
1999-12-21,372.21203124924205,368.40078323104706
1999-12-22,373.12945160547287,369.3162007489855
1999-12-23,375.52231936019086,371.7038224394873
1999-12-24,375.52231936019086,371.7038224394873
1999-12-27,375.52231936019086,371.7038224394873
1999-12-28,379.96632676862134,376.13788594967036
1999-12-29,376.4394128177819,372.6189026405205
1999-12-30,373.9172107054931,370.1025522347033
1999-12-31,383.303690038937,379.46289105974114
2000-01-03,399.7543043355642,395.8501298824797
2000-01-04,390.8484519446697,386.9798615833427
2000-01-05,402.6785499993199,398.7567931637893
2000-01-06,397.21381677697457,393.3166298323986
2000-01-07,391.0474406578689,387.1788033552429
2000-01-10,395.04430792257176,391.14318778054076
2000-01-11,395.04430792257176,391.14318778054076
2000-01-12,395.04430792257176,391.14318778054076
2000-01-13,384.24280373819715,380.6794414590371
2000-01-14,391.139925517383,386.94708503227184
2000-01-17,391.139925517383,386.94708503227184
2000-01-18,391.139925517383,386.94708503227184
2000-01-19,387.2759130126445,383.52864507104954
2000-01-20,392.1259278579895,388.1903788065022
2000-01-21,393.5608869597006,389.5340503299896
2000-01-24,383.1412087057556,379.66664555898365
2000-01-25,384.49839722082226,380.9476193261122
2000-01-26,382.2521519689808,378.68240923082055
2000-01-27,382.79870135272614,379.2335322316614
2000-01-28,377.3251258376207,373.7169112335992
2000-01-31,379.3096269344307,375.71661059939044
2000-02-01,373.48970240289,369.85491646107073
2000-02-02,371.00433766405354,367.3524377688627
2000-02-03,359.4048235525105,355.6955099554491
2000-02-04,365.853158665392,362.17036192524404
2000-02-07,376.9434830910795,373.29322590636355
2000-02-08,371.7877091242034,368.1225855213449
2000-02-09,379.69049718083807,376.04295148077637
2000-02-10,385.5021609975509,381.824861957187
2000-02-11,382.1458304204621,378.68640999451577
2000-02-14,372.99672961649674,369.62916548441854
2000-02-15,375.89995503451735,372.48925343046506
2000-02-16,376.37508633254777,372.9661003558241
2000-02-17,379.82952648303615,376.4328156064127
2000-02-18,371.50822341193805,368.0877341911047
2000-02-21,371.50822341193805,368.0877341911047
2000-02-22,371.50822341193805,368.0877341911047
2000-02-23,380.0907551073057,376.6883003721056
2000-02-24,370.45784720930175,367.0419886459123
2000-02-25,370.45784720930175,367.0419886459123
2000-02-28,378.10846532427087,374.6989285437185
2000-02-29,376.51534983156114,373.1043483405948
2000-03-01,373.92829690075405,370.5151796647346
2000-03-02,375.2619138918274,371.8498257111198
2000-03-03,372.11293480937957,368.6986578054335
2000-03-06,375.84688747401896,372.4347421772964
2000-03-07,373.30961698456423,369.896038770059
2000-03-08,373.30961698456423,369.896038770059
2000-03-09,368.75500980609564,365.33985840708107
2000-03-10,373.4906498350469,370.0761754387914
2000-03-13,369.93756515143934,366.5227047736396
2000-03-14,360.86772626752247,357.4577419005561
2000-03-15,357.8969021986505,354.48908888756944
2000-03-16,353.41780700708193,350.0140374677427
2000-03-17,347.47088465789477,344.07415621391755
2000-03-20,347.6165494048712,344.21963618184395
2000-03-21,343.83768675776895,340.44585125779383
2000-03-22,342.59974362356866,339.209642679391
2000-03-23,339.8732247391031,336.48708395105575
2000-03-24,352.44425095737694,349.0258761292059
2000-03-27,350.5760741773809,347.16225470933153
2000-03-28,352.50547631520135,349.08687684115955
2000-03-29,355.89189876275844,352.46480168964183
2000-03-30,369.4123675172248,365.94025255177405
2000-03-31,374.1804423317468,370.6927317454718
2000-04-03,377.5538998997252,374.0552187322932
2000-04-04,390.6081775955732,387.0605221250446
2000-04-05,386.4484473857652,382.9740269722973
2000-04-06,382.79849349261497,379.3515005816352
2000-04-07,382.79849349261497,379.3515005816352
2000-04-10,382.79849349261497,379.3515005816352
2000-04-11,371.9184629141364,368.51389560117565
2000-04-12,362.10539139021745,358.74303579662205
2000-04-13,367.49399523617984,364.10780181104786
2000-04-14,371.08591685887706,367.62057065237974
2000-04-17,361.2247624933142,358.01719072964124
2000-04-18,360.29287733229296,357.0873191731078
2000-04-19,367.526457306929,364.3038556930923
2000-04-20,366.46630375965594,363.24613887051476
2000-04-21,366.46630375965594,363.24613887051476
2000-04-24,366.46630375965594,363.24613887051476
2000-04-25,356.31760379383434,353.4928055930247
2000-04-26,356.6231879562761,353.79887575478506
2000-04-27,347.23861745478484,344.4066733909095
2000-04-28,348.6856247886089,345.8546561892938
2000-05-01,345.77392619372426,342.9411711678092
2000-05-02,342.0765535050231,339.242150795077
2000-05-03,335.581083744235,332.7463338397638
2000-05-04,330.5247275458116,327.6911674319546
2000-05-05,326.7726611909606,323.94063202208304
2000-05-08,322.9604109917239,320.13051351098164
2000-05-09,326.2848137861507,323.45266917523264
2000-05-10,332.9742321593933,330.13607831003213
2000-05-11,335.0904279936283,332.2505455773018
2000-05-12,326.6463589552024,323.8171252717392
2000-05-15,330.3042779302986,327.4698445197651
2000-05-16,333.34009034200716,330.50138737313154
2000-05-17,328.69274801185,325.8610571479294
2000-05-18,321.5254892809699,318.70718254140337
2000-05-19,316.335610593706,313.5281818260097
2000-05-22,308.8035923518704,306.01462851003237
2000-05-23,310.18190031072254,307.38944376662704
2000-05-24,310.18190031072254,307.38944376662704
2000-05-25,310.18190031072254,307.38944376662704
2000-05-26,304.1256836425924,301.34947843852586
2000-05-29,304.1256836425924,301.34947843852586
2000-05-30,304.1256836425924,301.34947843852586
2000-05-31,296.81426901352694,294.0598788867584
2000-06-01,290.01413667753496,287.28188637368464
2000-06-02,286.1947277904417,283.4753444633401
2000-06-05,289.0478035123226,286.31856365495025
2000-06-06,287.61271289384007,284.8883918400231
2000-06-07,288.2482892186017,285.52178103225737
2000-06-08,289.4586922550261,286.72801682450245
2000-06-09,288.0797666292429,285.3538227107076
2000-06-12,291.8260880977046,289.08695384485395
2000-06-13,288.54715320280764,285.8195724543865
2000-06-14,296.0952106729521,293.3387103010238
2000-06-15,295.49852491778125,292.7442725973972
2000-06-16,301.6249182037181,298.8466410226737
2000-06-19,299.0428741924241,296.2746676322953
2000-06-20,297.0181205926982,294.2578784668528
2000-06-21,288.22634834953146,285.50339535982243
2000-06-22,287.0234195176349,284.30564339267585
2000-06-23,281.2399408528519,278.547741938223
2000-06-26,289.9354732551646,287.20203817703145
2000-06-27,289.9354732551646,287.20203817703145
2000-06-28,288.3964003062287,285.6701872229917
2000-06-29,295.8796527976099,293.1170322045511
2000-06-30,297.4090391257682,294.63903922918905
2000-07-03,302.92779778338826,300.1308451603314
2000-07-04,302.92779778338826,300.1308451603314
2000-07-05,302.92779778338826,300.1308451603314
2000-07-06,296.69402700784485,293.92804576728884
2000-07-07,301.5571484092634,298.76662998754034
2000-07-10,299.0499779168501,296.2721026470442
2000-07-11,296.98637753859936,294.218961431245
2000-07-12,293.5397702992758,290.7899739270197
2000-07-13,301.89971725145233,299.1057880567573
2000-07-14,290.87353884739986,288.1534284688377
2000-07-17,286.2255863262966,283.5305158968959
2000-07-18,286.66114406280315,283.9637199099798
2000-07-19,286.66114406280315,283.9637199099798
2000-07-20,299.95266092228985,297.1788083909423
2000-07-21,301.05222556716586,298.2720974289667
2000-07-24,297.35114441952686,294.59224305861017
2000-07-25,298.60444196045484,295.8383407323173
2000-07-26,298.70507311597896,295.93839425617256
2000-07-27,301.9339219162319,299.1486896412154
2000-07-28,299.77401763177977,297.0012032922512
2000-07-31,300.10831386701835,297.3335758213332
2000-08-01,304.58183198634316,301.78127935654067
2000-08-02,307.18069229698585,304.3651715979002
2000-08-03,309.39154143191104,306.56330347964786
2000-08-04,314.32249551753165,311.4658358723749
2000-08-07,308.93944412258963,306.11404832437785
2000-08-08,313.64130205752883,310.78846105494915
2000-08-09,314.69250148915535,311.83353863983905
2000-08-10,317.29126508141593,314.41717287981714
2000-08-11,310.37430343568315,307.5409984802737
2000-08-14,312.824026552111,309.9762334933015
2000-08-15,309.6967377173003,306.8905088838763
2000-08-16,309.6967377173003,306.8905088838763
2000-08-17,309.6967377173003,306.8905088838763
2000-08-18,314.90086762325876,311.15639618903333
2000-08-21,313.25869987660457,309.7814678265602
2000-08-22,314.7827190712942,311.048576047982
2000-08-23,323.9014937366396,319.02521457472704
2000-08-24,324.2624113972867,319.3493257532718
2000-08-25,324.2624113972867,319.3493257532718
2000-08-28,316.6902307811848,312.35441877843266
2000-08-29,311.6821408365319,307.68179180629136
2000-08-30,312.22489594890277,308.1898547907959
2000-08-31,323.63378844283284,319.72447839556725
2000-09-01,330.79250524260243,326.9573470895715
2000-09-04,330.79250524260243,326.9573470895715
2000-09-05,330.79250524260243,326.9573470895715
2000-09-06,325.45168556565073,321.562680969332
2000-09-07,321.68405530534176,317.75902931137693
2000-09-08,324.7216578535749,320.8244881236163
2000-09-11,320.11828121211937,316.1801555833554
2000-09-12,320.11828121211937,316.1801555833554
2000-09-13,327.23491399361836,323.3507074876007
2000-09-14,320.81923961054304,316.8893791236916
2000-09-15,316.0051234933271,312.044002928851
2000-09-18,313.4919022012152,309.51511416973705
2000-09-19,315.56039744639304,311.59605699195333
2000-09-20,310.4216519886018,306.4280226022671
2000-09-21,313.97499892700324,309.99983429771953
2000-09-22,319.08106318888724,315.1303214925322
2000-09-25,320.59124576737406,316.6479179436777
2000-09-26,326.7757952608968,322.8589655101795
2000-09-27,325.18468695339067,321.2607664237614
2000-09-28,325.18468695339067,321.2607664237614
2000-09-29,327.75716358183286,323.84430487187626
2000-10-02,326.8623772711366,322.9456024726919
2000-10-03,318.2028091463606,314.25780460060304
2000-10-04,314.97029254642104,311.01595041796503
2000-10-05,321.4522122831367,317.51147423192367
2000-10-06,327.77486420953073,323.8449266107053
2000-10-09,327.77486420953073,323.8449266107053
2000-10-10,327.77486420953073,323.8449266107053
2000-10-11,332.59888386595406,328.6766050433073
2000-10-12,343.8243490894913,339.8985318063555
2000-10-13,343.8243490894913,339.8985318063555
2000-10-16,340.55693071769974,336.67080502135434
2000-10-17,353.071545264537,349.17538026854817
2000-10-18,353.071545264537,349.17538026854817
2000-10-19,354.63582815717024,350.7387480471329
2000-10-20,361.0822095377835,357.17984715711043
2000-10-23,370.3117027048358,366.3980017377508
2000-10-24,363.50650702785197,359.6028766285256
2000-10-25,354.6376403016062,350.75314529704326
2000-10-26,353.79463171762626,349.9120649095185
2000-10-27,346.9792958829337,343.1144700824894
2000-10-30,344.6530167705136,340.7945330932707
2000-10-31,338.25379642245395,334.4144954400644
2000-11-01,342.48657593975906,338.6337424446209
2000-11-02,345.55658430496504,341.6939290284235
2000-11-03,330.10457467008837,326.31098407132146
2000-11-06,325.2717982785245,321.5009209549537
2000-11-07,325.77661782617645,322.0033412267977
2000-11-08,327.8774928128415,324.0941685637962
2000-11-09,335.9714296044152,332.1468462141446
2000-11-10,338.4417370478082,334.604656045843
2000-11-13,342.9982908809813,339.137841155006
2000-11-14,345.07228711255993,341.2012413334965
2000-11-15,351.2648219852365,347.3613563508711
2000-11-16,356.18968912925084,352.26028512055586
2000-11-17,352.5514469566698,348.64123874528923
2000-11-20,356.87149603892385,352.93812968074485
2000-11-21,357.7262548587762,353.78833272033205
2000-11-22,367.5784346582047,363.58523019142825
2000-11-23,367.5784346582047,363.58523019142825
2000-11-24,367.5784346582047,363.58523019142825
2000-11-27,366.91737749058893,362.9278417243125
2000-11-28,377.87992395301353,373.82619813488736
2000-11-29,383.9079355811721,379.81889255422266
2000-11-30,400.3058718595593,396.11245987220894
2000-12-01,390.6100499552692,386.47954830913534
2000-12-04,390.6100499552692,386.47954830913534
2000-12-05,402.62507091186563,398.4137713428132
2000-12-06,414.6258816771782,410.332436964179
2000-12-07,415.2105339643765,410.9131083652834
2000-12-08,408.8266083464778,404.5730589044139
2000-12-11,406.7607312267019,402.5214384354544
2000-12-12,409.5081210284668,405.24984312078595
2000-12-13,418.98529407529475,414.6608418903224
2000-12-14,426.79089553009095,422.4117971815632
2000-12-15,431.44243725815477,427.0308222984782
2000-12-18,434.8168274358399,430.3816543650778
2000-12-19,430.04951519382644,425.6477586532115
2000-12-20,440.65492661841716,436.17789698450827
2000-12-21,446.46328667344835,441.9450905442291
2000-12-22,450.29260936426596,445.7473114747411
2000-12-25,450.29260936426596,445.7473114747411
2000-12-26,450.29260936426596,445.7473114747411
2000-12-27,438.959365593849,434.4957265383363
2000-12-28,435.3723376421848,430.9346814146426
2000-12-29,438.57451710544524,434.11363434342957
2001-01-01,438.57451710544524,434.11363434342957
2001-01-02,438.57451710544524,434.11363434342957
2001-01-03,414.90183284472863,410.62253140894774
2001-01-04,423.4646563643441,419.11913091709454
2001-01-05,429.4803909309929,425.0883072876029
2001-01-08,432.3670901306165,427.9526758239096
2001-01-09,427.82812326341536,423.44884542699407
2001-01-10,420.7381499676381,416.41392783529045
2001-01-11,418.3709537331075,414.0651342037268
2001-01-12,410.231261291713,405.98893248834474
2001-01-15,410.231261291713,405.98893248834474
2001-01-16,410.231261291713,405.98893248834474
2001-01-17,415.57310617111335,411.28899923081894
2001-01-18,421.081191071963,416.7539654045977
2001-01-19,415.5161702151407,411.2325346617594
2001-01-22,411.677646253771,407.42411177397724
2001-01-23,407.3585989307817,403.13896975906084
2001-01-24,405.7802534888364,401.5730209569388
2001-01-25,408.5905293997431,404.3612086835447
2001-01-26,408.68488848199274,404.4548263663857
2001-01-29,407.21077255109674,402.9922928542359
2001-01-30,413.73367410690304,409.46381862272955
2001-01-31,419.50448979363165,415.1891425959789
2001-02-01,426.1682478501934,421.80030295168757
2001-02-02,420.09590059759665,415.7759168354799
2001-02-05,420.09590059759665,415.7759168354799
2001-02-06,415.72511119208684,411.4396899231835
2001-02-07,418.21965475097693,413.9144933821183
2001-02-08,417.6544388365186,413.3537490368866
2001-02-09,424.49058666028156,420.1357099343106
2001-02-12,421.1909277601878,416.8621979509028
2001-02-13,418.6546724648178,414.3460496319302
2001-02-14,413.3545313090087,409.08797243213434
2001-02-15,406.73193506270593,402.5180293529249
2001-02-16,415.74956145548265,411.46368509567594
2001-02-19,415.74956145548265,411.46368509567594
2001-02-20,415.74956145548265,411.46368509567594
2001-02-21,411.84414120711796,407.58942224514436
2001-02-22,412.47022427181423,408.21050870067654
2001-02-23,418.2788320289196,413.9727048224036
2001-02-26,423.04176287844894,418.6975676473244
2001-02-27,430.5911236061041,426.18650932353955
2001-02-28,437.9235952160427,433.46024714010804
2001-03-01,441.39612624926264,436.90496979032025
2001-03-02,429.8915071143363,425.49277108642434
2001-03-05,429.7615718077806,425.363880320948
2001-03-06,429.3554839816734,424.9610570024367
2001-03-07,435.76210738199796,431.3161268902787
2001-03-08,438.91478681500297,434.4434415947468
2001-03-09,433.4599452234596,429.032507555306
2001-03-12,435.70418350218023,431.2586738210457
2001-03-13,432.2879437301977,427.86994683272513
2001-03-14,443.4900087796406,438.9815361987383
2001-03-15,448.6634955059684,444.11324353648956
2001-03-16,454.31055237061526,449.71468611672026
2001-03-19,445.9482039126246,441.4199571366667
2001-03-20,451.84862451900995,447.272621819579
2001-03-21,455.3787432677316,450.77417228820104
2001-03-22,463.7689411567961,459.0964148543386
2001-03-23,453.7530776727416,449.1617805905861
2001-03-26,448.3046147271883,443.75754277358726
2001-03-27,432.40425485038446,427.9867370173876
2001-03-28,434.4289209163529,429.99489637139953
2001-03-29,436.67105333290647,432.21874883642107
2001-03-30,443.0585839283866,438.55417775953515
2001-04-02,437.39385511954384,432.93566113000344
2001-04-03,440.46448554936546,435.9812340506221
2001-04-04,444.090242386768,439.57740124719004
2001-04-05,437.69800196610726,433.2373437552001
2001-04-06,451.07531211012866,446.50520344759076
2001-04-09,447.2893092482358,442.7501702235991
2001-04-10,430.8017123661009,426.39778257649425
2001-04-11,426.9540329581904,422.58167006269167
2001-04-12,422.0697128268669,417.73742986705037
2001-04-13,422.0697128268669,417.73742986705037
2001-04-16,422.0697128268669,417.73742986705037
2001-04-17,431.4111461897737,427.0021353441419
2001-04-18,437.8865781703766,433.4243701940765
2001-04-19,426.3056947931277,421.93869385617165
2001-04-20,425.91283822303643,421.5490676193598
2001-04-23,432.8444969128415,428.42370686328917
2001-04-24,432.02465428821137,427.61060743250073
2001-04-25,426.128737076931,421.7631925216537
2001-04-26,432.8001189788725,428.3796688858021
2001-04-27,420.85859986547337,416.53648974050367
2001-04-30,420.48420132457744,416.1651749462611
2001-05-01,424.26328142451337,419.9131245384185
2001-05-02,424.363952170854,420.0129660424169
2001-05-03,433.225577891398,428.80156097409275
2001-05-04,434.82816846454216,430.32157305690095
2001-05-07,435.1709680335768,430.63886032523743
2001-05-08,433.2125315567823,428.7664548731298
2001-05-09,439.2375893632394,434.74262569551104
2001-05-10,427.41439070645856,423.35195972719663
2001-05-11,409.1786425015945,406.5366713001885
2001-05-14,413.68592529029576,410.4987347922861
2001-05-15,409.35774338582513,406.4152319067287
2001-05-16,411.65483120921164,408.64972390618675
2001-05-17,411.65483120921164,408.64972390618675
2001-05-18,410.84335506558506,407.86933109602063
2001-05-21,408.040187230534,405.0787090372411
2001-05-22,408.040187230534,405.0787090372411
2001-05-23,407.47193512002593,404.4986642704476
2001-05-24,415.24192973215116,412.4205274293448
2001-05-25,414.81220615563143,412.02497562650296
2001-05-28,414.81220615563143,412.02497562650296
2001-05-29,414.81220615563143,412.02497562650296
2001-05-30,413.82811042561275,411.0683966317939
2001-05-31,403.2905673613614,400.3445730332427
2001-06-01,400.1766181387138,397.5331061509722
2001-06-04,396.1283667162833,393.4123982752804
2001-06-05,389.99313362565687,387.1731864802359
2001-06-06,389.99313362565687,387.1731864802359
2001-06-07,393.90570833809335,391.1500048516236
2001-06-08,398.4673992998788,395.7858982579331
2001-06-11,392.78048169484913,390.0089211579051
2001-06-12,388.1957210135727,385.3544784764237
2001-06-13,389.21883388811784,386.3929383391571
2001-06-14,384.3846956499255,381.4880652238612
2001-06-15,385.9385166101014,383.0642553631994
2001-06-18,384.690611729155,381.79831705659
2001-06-19,383.26490836449557,380.35211410075027
2001-06-20,379.5097975941497,376.54408492350785
2001-06-21,378.8221045288697,375.84680428179837
2001-06-22,387.9724317947045,385.11037176141355
2001-06-25,386.31733441753255,383.43426949646647
2001-06-26,376.63960797781124,373.6489472448807
2001-06-27,374.2341046095905,371.21770754342293
2001-06-28,362.44891213244114,359.3314755900715
2001-06-29,354.77865477882267,351.60400502381617
2001-07-02,362.04935740096175,358.9210923554118
2001-07-03,356.88110826878096,353.7202655791905
2001-07-04,356.88110826878096,353.7202655791905
2001-07-05,356.88110826878096,353.7202655791905
2001-07-06,362.94266825839844,359.8161195322361
2001-07-09,365.91912328027547,362.8095958071119
2001-07-10,372.6810894020376,369.60722339284644
2001-07-11,372.80483753714896,369.73164668463596
2001-07-12,378.6277782439747,375.5844530025372
2001-07-13,379.01963964170403,375.97838365361
2001-07-16,385.80935656740064,382.8012656028834
2001-07-17,385.80935656740064,382.8012656028834
2001-07-18,398.84630668237867,395.8849090869735
2001-07-19,395.309449919011,392.33505626101095
2001-07-20,394.40179072022346,391.42414496866314
2001-07-23,396.6895002728931,393.71999546222185
2001-07-24,399.2122577598117,396.2518162105646
2001-07-25,390.3020183452595,387.31588235915876
2001-07-26,393.19660133126047,390.2182723156568
2001-07-27,400.10506269653223,397.14396780031603
2001-07-30,402.5634121715303,399.60872742837444
2001-07-31,409.10361809772377,406.16503760661357
2001-08-01,404.2519319057722,401.30207248285075
2001-08-02,395.5728589706063,392.60883385344664
2001-08-03,393.664120677764,390.697317669884
2001-08-06,394.72859129074794,391.7633117085725
2001-08-07,393.61787293671097,390.6510078350423
2001-08-08,408.54599860705684,405.582151844885
2001-08-09,402.8419767290927,399.8772833875618
2001-08-10,407.44849594288064,404.48394375239695
2001-08-13,411.62956170537217,408.6652289947441
2001-08-14,409.8334287547729,406.8689941147041
2001-08-15,405.67725873647964,402.71323119677805
2001-08-16,413.3910714505235,410.42451109920927
2001-08-17,424.5738550836908,421.6001724245762
2001-08-20,417.668139341247,414.7000273880194
2001-08-21,419.13947637362475,416.17008649192326
2001-08-22,418.2186369538458,415.25005277762983
2001-08-23,421.0865928121248,418.1154667201773
2001-08-24,417.61719437243283,414.6493616146666
2001-08-27,416.7678330080758,413.8008479473921
2001-08-28,429.7406746687175,426.7545534331594
2001-08-29,437.8977859087894,434.89954138114257
2001-08-30,436.10440569701024,433.1087881293275
2001-08-31,431.4240328952162,428.43592405283556
2001-09-03,431.4240328952162,428.43592405283556
2001-09-04,431.4240328952162,428.43592405283556
2001-09-05,435.28929865229344,432.2947607237195
2001-09-06,452.80463868425215,449.76957907065264
2001-09-07,462.4180582386659,459.3607349422702
2001-09-10,457.0233480226651,454.27965871098934
2001-09-11,473.99347459835076,471.23177172269715
2001-09-12,473.99347459835076,471.23177172269715
2001-09-13,473.99347459835076,471.23177172269715
2001-09-14,483.3826611472688,479.80472257930097
2001-09-17,474.5918727374336,471.8613544390782
2001-09-18,463.31231961026214,461.3512481108579
2001-09-19,466.07551138211267,463.8520414313758
2001-09-20,458.633664356923,457.275923238549
2001-09-21,464.6036751328078,462.99106966015177
2001-09-24,461.47740093329077,459.9921489162562
2001-09-25,464.8801416674246,463.4668842233822
2001-09-26,473.6476477093186,472.41577163457373
2001-09-27,481.02756323096685,479.9487372716183
2001-09-28,478.5191587919509,477.520667982778
2001-10-01,483.36721377502954,482.3918603131877
2001-10-02,488.44780979926605,487.5804376546024
2001-10-03,491.23132493287284,490.42372192499516
2001-10-04,490.62089109558747,489.80021086216493
2001-10-05,492.0508077722409,491.26070411763794
2001-10-08,492.0508077722409,491.26070411763794
2001-10-09,492.0508077722409,491.26070411763794
2001-10-10,493.759704619917,493.00589477323314
2001-10-11,481.28851341403464,480.30624532374827
2001-10-12,482.41870881534845,481.4566551526337
2001-10-15,492.93352964870365,492.15184236408237
2001-10-16,497.57977486572764,496.8792353408299
2001-10-17,498.27067711458864,497.5822819303276
2001-10-18,499.5321554043553,498.8659445128757
2001-10-19,489.7459426612746,488.9232336323734
2001-10-22,491.1786271593711,490.3784182238615
2001-10-23,487.8339404915727,486.9821215793269
2001-10-24,497.23582036958913,496.52352458855023
2001-10-25,506.50720660555703,505.9311164577694
2001-10-26,508.83434353577013,508.2930328754428
2001-10-29,517.2411342491856,516.8238202706738
2001-10-30,531.6882717351267,531.4716690129967
2001-10-31,552.1790015319359,552.2096094431803
2001-11-01,553.5145615030706,553.5617580288701
2001-11-02,538.1052631201895,537.9935807719639
2001-11-05,545.6584327772125,545.6221426995593
2001-11-06,549.7725331852639,549.7778286828271
2001-11-07,561.2908037102852,561.4099260197055
2001-11-08,546.9481903483907,546.9442287419791
2001-11-09,545.3051028182247,545.2875044449553
2001-11-12,545.3051028182247,545.2875044449553
2001-11-13,545.3051028182247,545.2875044449553
2001-11-14,528.0844531405711,527.9528705062584
2001-11-15,506.6374313851602,506.40771807170034
2001-11-16,496.2994719158413,496.0280764766327
2001-11-19,505.3970452380557,505.1603989250693
2001-11-20,498.743541596029,498.48211853248677
2001-11-21,491.89589877771016,491.75910286731045
2001-11-22,491.89589877771016,491.75910286731045
2001-11-23,491.89589877771016,491.75910286731045
2001-11-26,491.89589877771016,491.75910286731045
2001-11-27,497.85480687515707,497.6348355572221
2001-11-28,497.5335199151319,497.3250352614708
2001-11-29,511.31038486079746,510.7273137995736
2001-11-30,513.1929338188625,512.3281972455254
2001-12-03,516.2360741024886,514.8309363566016
2001-12-04,521.5148893705214,519.0850247051887
2001-12-05,500.144141996351,501.6925849925059
2001-12-06,492.18306438644055,495.3777210151499
2001-12-07,481.8118580888149,486.95944078529305
2001-12-10,484.3283558795063,489.05458755370887
2001-12-11,488.4259996686989,492.53527331135587
2001-12-12,496.05898934353104,498.91549584673686
2001-12-13,487.00147537182374,491.3317345912955
2001-12-14,482.0530857621413,486.9658044613653
2001-12-17,478.8066500089271,484.0645097633801
2001-12-18,485.99360397581074,490.42614011838606
2001-12-19,492.23209829815283,495.82025364454256
2001-12-20,493.0262810604421,496.5070515272124
2001-12-21,496.3196728619847,499.36645096591076
2001-12-24,499.9746544587512,502.7083948357773
2001-12-25,499.9746544587512,502.7083948357773
2001-12-26,499.9746544587512,502.7083948357773
2001-12-27,492.4280310585649,496.0112292754947
2001-12-28,493.4643257300144,496.8826479151119
2001-12-31,485.8396548498443,490.5068900653479
2002-01-01,485.8396548498443,490.5068900653479
2002-01-02,485.8396548498443,490.5068900653479
2002-01-03,482.2334533675513,487.5341635146352
2002-01-04,482.6500252503018,487.88565526868535
2002-01-07,472.2917250593926,479.1770033974916
2002-01-08,472.7034187518778,479.53222625500354
2002-01-09,472.26971340232035,479.1617434370387
2002-01-10,462.41718747861336,470.4613118082869
2002-01-11,454.33387746187134,463.24982989541576
2002-01-14,453.20668658631587,462.2297965364904
2002-01-15,449.21975543672676,458.57334396173457
2002-01-16,450.16402361528674,459.46322085838017
2002-01-17,458.79071885242695,467.69438718529113
2002-01-18,454.45893518615554,463.3945980064292
2002-01-21,454.45893518615554,463.3945980064292
2002-01-22,454.45893518615554,463.3945980064292
2002-01-23,463.0533313837959,472.32795556339397
2002-01-24,465.92514376721084,475.2147227110333
2002-01-25,469.37729439826893,478.8794161148647
2002-01-28,468.95701880127183,478.4160589861004
2002-01-29,458.42908727902005,466.70736206285153
2002-01-30,457.9448396620312,466.1471566468716
2002-01-31,463.5857642104172,472.46708684653714
2002-02-01,458.63890435001656,466.79794876071384
2002-02-04,450.24341759512475,457.29348881041625
2002-02-05,451.1296276536392,458.21932736432746
2002-02-06,448.33064642129284,455.204116432355
2002-02-07,445.49738515674403,452.09472648080833
2002-02-08,451.1137912123164,458.4047988956881
2002-02-11,449.3910656418835,456.44217696935516
2002-02-12,441.4538596722641,447.54244991294996
2002-02-13,438.65406202810186,444.50797938975677
2002-02-14,442.94838953210115,449.35541581758525
2002-02-15,453.1710679267402,460.8050765145019
2002-02-18,453.1710679267402,460.8050765145019
2002-02-19,453.1710679267402,460.8050765145019
2002-02-20,454.09241177978527,461.7749951574517
2002-02-21,454.99613936027447,462.7894249188145
2002-02-22,460.5874385698183,469.0542565738516
2002-02-25,457.8277809750492,465.96105575386827
2002-02-26,449.0418538562275,456.17476770183833
2002-02-27,462.13796554513664,470.57804457845754
2002-02-28,457.4377135439977,465.4063553166992
2002-03-01,445.5037371854397,452.3948914271541
2002-03-04,442.5765448975494,449.3034218816181
2002-03-05,442.08765168800016,448.7715395433992
2002-03-06,439.16486305656673,445.5933382864065
2002-03-07,420.66219245769787,425.8301922853617
2002-03-08,411.7526893279706,416.70099299187086
2002-03-11,411.7526893279706,416.70099299187086
2002-03-12,413.2198597274539,418.2630113614601
2002-03-13,407.8404076121954,412.5405464345
2002-03-14,420.6143027266658,426.0220734412561
2002-03-15,416.11591941425166,421.7222790353904
2002-03-18,411.6765629617137,417.4401275283725
2002-03-19,413.7366444798568,419.62032688772774
2002-03-20,420.17662275988965,426.39383854291697
2002-03-21,417.50150280837215,423.79911815865665
2002-03-22,418.2372200120451,424.5490720306925
2002-03-25,419.4408533851244,425.77696947264394
2002-03-26,412.5141649520758,418.76640889319293
2002-03-27,411.4254559158689,417.61461764647396
2002-03-28,418.0628044712116,424.6259760770978
2002-03-29,418.0628044712116,424.6259760770978
2002-04-01,418.0628044712116,424.6259760770978
2002-04-02,409.1323439551969,415.2126583557262
2002-04-03,401.3156871044971,406.9955213542222
2002-04-04,400.9884727489396,406.65173730292753
2002-04-05,392.8527749211363,398.12132760683295
2002-04-08,396.0159381021724,401.4349141275296
2002-04-09,392.72290882565466,397.98538920278645
2002-04-10,394.4686910994592,399.8135536638808
2002-04-11,392.039277530589,397.26947599702385
2002-04-12,385.7003956381009,390.6397767692665
2002-04-15,382.3271670684204,387.11421746992033
2002-04-16,387.0042617997048,391.9976615817853
2002-04-17,391.6645007539963,396.86185279540337
2002-04-18,389.9146057027658,395.0348814044465
2002-04-19,387.8214084242239,392.84990795915127
2002-04-22,384.07362567123295,388.9396042267757
2002-04-23,383.6296018950523,388.47643029727584
2002-04-24,373.6373648461049,378.08052268849036
2002-04-25,371.0288035665471,375.36854225667327
2002-04-26,365.52738429518604,369.6535252293237
2002-04-29,370.40662944093555,374.716281532866
2002-04-30,368.2537821336428,372.481901471324
2002-05-01,373.2494068712736,377.6619903178155
2002-05-02,365.1360323624808,369.25876627708647
2002-05-03,373.42941084714016,377.8285471687575
2002-05-06,371.1179590774983,375.439223115796
2002-05-07,373.33761842524484,377.73312675428946
2002-05-08,355.21268634517867,359.1274840091382
2002-05-09,360.01119960071367,364.04783887474065
2002-05-10,367.92797985260154,372.158847084694
2002-05-13,358.66634455020323,362.6791308419516
2002-05-14,350.29501080467196,354.12099347053845
2002-05-15,353.897874795304,357.80267195855447
2002-05-16,360.93442702578716,364.98931739844875
2002-05-17,355.30528966000657,359.24117581236874
2002-05-20,361.1362153312753,365.1921999853987
2002-05-21,365.796355005083,369.9480733181769
2002-05-22,370.86157879643577,375.116824431752
2002-05-23,367.0637587769903,371.2416084110302
2002-05-24,370.04246859141927,374.28058495334227
2002-05-27,370.04246859141927,374.28058495334227
2002-05-28,370.04246859141927,374.28058495334227
2002-05-29,375.97869531762836,380.33574312722214
2002-05-30,381.4155260963252,385.88114131239405
2002-05-31,379.7068755196266,384.13825122896634
2002-06-03,380.718450758389,385.1700686249142
2002-06-04,383.74106904075455,388.25313987094415
2002-06-05,381.00749630232605,385.4650240075968
2002-06-06,385.47926786615784,390.0252517543764
2002-06-07,380.4467853263372,384.894309955728
2002-06-10,383.5034771591622,388.01036882657564
2002-06-11,390.3472951263952,394.9855115237766
2002-06-12,395.5030524245965,400.24027932831825
2002-06-13,401.7119060297374,406.56786207793755
2002-06-14,416.94596765132223,422.0461769723163
2002-06-17,409.77907461162914,414.75134739964403
2002-06-18,411.128787009345,416.1250080664381
2002-06-19,425.9322768497749,431.17575967477774
2002-06-20,414.3893087236617,419.44832164582016
2002-06-21,422.3727607133985,427.5277812630039
2002-06-24,414.9418807997817,420.692163740602
2002-06-25,415.62952200525905,421.3313252983146
2002-06-26,428.5364093105743,433.3918715347347
2002-06-27,418.35618607239707,424.3024033856195
2002-06-28,417.0582228903997,423.0605001766789
2002-07-01,418.1079620590673,424.0527959829155
2002-07-02,426.67264302070026,431.97648480805776
2002-07-03,425.51817385743334,430.9479623193261
2002-07-04,425.51817385743334,430.9479623193261
2002-07-05,425.51817385743334,430.9479623193261
2002-07-08,431.6869907954165,436.3148276764902
2002-07-09,440.2940368319095,443.9104008084934
2002-07-10,451.7917999746918,454.12357521403555
2002-07-11,454.82201621819235,456.677486765984
2002-07-12,457.95734753524073,459.45673106238695
2002-07-15,456.4815318561214,458.1315817847023
2002-07-16,447.13295748144344,449.19604027953096
2002-07-17,453.80815837071316,455.43781327001795
2002-07-18,460.2850886461863,461.4727500877311
2002-07-19,465.48326290607196,466.3223136007259
2002-07-22,477.1817423957657,477.49636689318277
2002-07-23,482.41208666070054,482.50741892786397
2002-07-24,485.56349610920574,485.6302014450681
2002-07-25,488.41100970420365,488.616253503079
2002-07-26,491.9989403803538,492.4382954296642
2002-07-29,474.58664068242575,474.10042153584124
2002-07-30,471.52484441755826,471.09386114014313
2002-07-31,483.44522847336214,483.5742585322808
2002-08-01,489.19967534630973,489.5994675079267
2002-08-02,503.30342306851384,504.2949966983539
2002-08-05,506.4041679454031,507.5286441625434
2002-08-06,493.9210174483942,494.7775190380679
2002-08-07,501.9518703524044,503.0072439764576
2002-08-08,494.8786240468367,495.6558098279449
2002-08-09,506.01433642612494,507.1934122141723
2002-08-12,508.3554605048031,509.62049912143533
2002-08-13,515.2018842478975,516.7136027446652
2002-08-14,514.2966378792759,515.7949372838243
2002-08-15,506.22646148908615,507.4400469548476
2002-08-16,495.26853957144823,496.1234630841191
2002-08-19,497.2099021385502,498.1271364761483
2002-08-20,507.99028157204606,509.2310147125506
2002-08-21,506.7729391114126,507.9764539278516
2002-08-22,500.06783253582194,501.0707211598662
2002-08-23,505.6047678156683,506.7685846337661
2002-08-26,507.9933695716744,509.22706589275543
2002-08-27,502.034557051806,503.09583034493863
2002-08-28,506.27840158049014,507.4600503236687
2002-08-29,511.3126974132011,512.6361340860122
2002-08-30,513.0202865630656,514.3921789858948
2002-09-02,513.0202865630656,514.3921789858948
2002-09-03,513.0202865630656,514.3921789858948
2002-09-04,515.9786944088469,517.4347221526924
2002-09-05,520.7651415395092,522.356484599531
2002-09-06,509.1659117772971,510.4480237331041
2002-09-09,508.3557931790589,509.61665887734586
2002-09-10,512.9783969058632,514.3589171133679
2002-09-11,506.11247624471326,507.31755761447
2002-09-12,515.0464443372431,516.4672849541254
2002-09-13,521.2910067981838,522.8616750616231
2002-09-16,524.5181029422912,526.1665932650799
2002-09-17,526.4911349741267,528.1873981385004
2002-09-18,527.4603192986859,529.1801355691296
2002-09-19,535.4698235139429,537.3790724222287
2002-09-20,537.2733616752957,539.2257556351947
2002-09-23,548.2136214081528,550.4156509023095
2002-09-24,551.0225312207197,553.2895469026741
2002-09-25,537.3718406928659,539.347490404512
2002-09-26,537.6220723926087,539.6029718826954
2002-09-27,547.0067525693657,549.1774405759794
2002-09-30,557.4734944728677,559.8496310901247
2002-10-01,546.3756390235324,548.5419576653024
2002-10-02,547.116125204599,549.2962595013241
2002-10-03,548.2749326095842,550.4767214402165
2002-10-04,549.0810895406723,551.2979786720919
2002-10-07,555.2217026974504,557.5521881177217
2002-10-08,552.6253516365757,554.907529232475
2002-10-09,563.3291961238629,565.8015719235203
2002-10-10,554.8735952254219,557.1978994892157
2002-10-11,539.2212405901332,541.2988730954555
2002-10-14,539.2212405901332,541.2988730954555
2002-10-15,539.2212405901332,541.2988730954555
2002-10-16,536.2241772447468,538.2554565918982
2002-10-17,526.6320380718944,528.5199989449129
2002-10-18,528.8454872624533,530.7660109145719
2002-10-21,519.4374304835362,521.2230567730459
2002-10-22,517.9917969321469,519.7569268016591
2002-10-23,519.3569500675416,521.141361025765
2002-10-24,530.0219713672597,531.948646421252
2002-10-25,537.2578358313035,539.279881093311
2002-10-28,541.4197739679092,543.4967116865536
2002-10-29,559.5721986265315,561.8590805705405
2002-10-30,557.5958850276883,559.8594522024526
2002-10-31,565.4503991543462,567.8045003704779
2002-11-01,557.2478095962019,559.5084412490418
2002-11-04,549.5584533105048,551.7336227805989
2002-11-05,546.4426811314091,548.5835425136837
2002-11-06,550.2159181779695,552.3979396589465
2002-11-07,566.6933741104094,569.0388236460383
2002-11-08,571.3433415989965,573.7353760233195
2002-11-11,571.3433415989965,573.7353760233195
2002-11-12,571.3433415989965,573.7353760233195
2002-11-13,574.7928911913622,577.1912128980117
2002-11-14,552.786428932804,554.9929902815497
2002-11-15,549.6909212852254,551.8710525692858
2002-11-18,552.3154681845773,554.5178693311935
2002-11-19,555.7626064369316,557.9941811908005
2002-11-20,543.4976748739481,545.6286866821367
2002-11-21,536.6985407492023,538.7748324414396
2002-11-22,533.7261901749378,535.778703584899
2002-11-25,533.7261901749378,535.778703584899
2002-11-26,545.7193149389547,547.8623937824432
2002-11-27,527.4672559290656,529.4817410336104
2002-11-28,527.4672559290656,529.4817410336104
2002-11-29,527.4672559290656,529.4817410336104
2002-12-02,525.7263063551707,527.7959465376442
2002-12-03,524.77755131981,526.8670886046016
2002-12-04,531.2068137038699,533.3414599919047
2002-12-05,537.3564228431524,539.5338363114686
2002-12-06,542.9007382869509,545.1164837891237
2002-12-09,548.5689360018674,550.5288020467195
2002-12-10,549.3343667878778,551.2465077688503
2002-12-11,556.5521465186154,557.9250973656644
2002-12-12,555.9903545802925,557.4129829570245
2002-12-13,550.1052883104711,551.9920267023717
2002-12-16,541.0846851246719,543.4968874008879
2002-12-17,545.2842604893143,547.4753212329089
2002-12-18,555.0113245736404,556.8311227712843
2002-12-19,568.9461790898076,570.0769520074945
2002-12-20,569.4062098406782,570.4783396752367
2002-12-23,568.3044053457459,569.5023635914667
2002-12-24,576.2706426790052,576.6937216872134
2002-12-25,576.2706426790052,576.6937216872134
2002-12-26,576.2706426790052,576.6937216872134
2002-12-27,595.1696691785082,591.7043050711976
2002-12-30,601.0282967602258,596.2192531314654
2002-12-31,595.5942423944894,591.9968478966299
2003-01-01,595.5942423944894,591.9968478966299
2003-01-02,595.5942423944894,591.9968478966299
2003-01-03,596.3169894382875,592.6379534704685
2003-01-06,591.3755935584686,588.1442364992365
2003-01-07,597.8731147143159,594.6227121620999
2003-01-08,605.2285497880928,601.5016923530208
2003-01-09,579.4482240916805,576.6720008766983
2003-01-10,578.8855313346061,576.1427205893959
2003-01-13,583.5470893076578,581.0833476042864
2003-01-14,590.14188746285,588.0291034908166
2003-01-15,592.1445691783719,590.0860957929619
2003-01-16,591.6926906089734,589.6260539373264
2003-01-17,601.1279630491404,599.6718240728143
2003-01-20,601.1279630491404,599.6718240728143
2003-01-21,601.1279630491404,599.6718240728143
2003-01-22,612.1241922122848,609.9715618873453
2003-01-23,607.774289555317,605.9625867354225
2003-01-24,615.0920317406001,613.1550699854331
2003-01-27,606.3080314072763,604.6090557044005
2003-01-28,603.0221759661399,601.2723871890225
2003-01-29,593.402324721112,591.009761860167
2003-01-30,600.6409897072881,598.7132220692005
2003-01-31,602.5169372812568,600.7109107767411
2003-02-03,598.7943571443974,596.7478624492263
2003-02-04,609.5600819698974,608.1696142688559
2003-02-05,597.6581938251554,595.5804206047093
2003-02-06,606.968289518306,605.3975367196479
2003-02-07,613.0586270270587,611.1803321635624
2003-02-10,602.2558524072792,601.1331890271058
2003-02-11,607.5671687899082,606.4307110459022
2003-02-12,617.9558879308013,616.8929165207152
2003-02-13,632.7534127741877,630.6262215315145
2003-02-14,619.2027102769238,617.804797518841
2003-02-17,619.2027102769238,617.804797518841
2003-02-18,619.2027102769238,617.804797518841
2003-02-19,631.5168633626354,629.7689166544583
2003-02-20,640.1652956766077,637.5463056552759
2003-02-21,629.9912568715041,628.2986407985514
2003-02-24,639.2777743134328,637.5201723109352
2003-02-25,644.0829907526015,642.0835851156295
2003-02-26,652.3792036158778,650.103871865099
2003-02-27,655.6389770456685,653.3074290732716
2003-02-28,667.1745167317908,665.3622342219547
2003-03-03,672.901666916842,671.2085262168449
2003-03-04,679.2567473549542,677.9917200010523
2003-03-05,688.0361232397412,687.4318512230108
2003-03-06,682.0435118748268,680.9922077965502
2003-03-07,689.8212813435151,689.3372716466415
2003-03-10,700.7382444893516,701.0351783577125
2003-03-11,693.1141613656996,692.874609767832
2003-03-12,689.3735933196256,688.8760081050865
2003-03-13,657.5115356272252,655.6381146275286
2003-03-14,664.117088213107,662.5112729674987
2003-03-17,649.4145102554628,647.2548509323645
2003-03-18,639.24447152434,636.7231799098058
2003-03-19,631.0385288168624,628.2359560045827
2003-03-20,626.3372077004587,623.3762481105846
2003-03-21,613.7391693214716,610.3802062572192
2003-03-24,628.3741586157043,625.4120394488049
2003-03-25,629.1717422413537,626.2317486083157
2003-03-26,632.3556744577871,629.5033946943291
2003-03-27,635.8140660150505,633.0567119322106
2003-03-28,643.8395219746951,641.2959063952983
2003-03-31,654.2245597183875,651.9464704484976
2003-04-01,653.9176544685353,651.6315864149367
2003-04-02,638.7973823205698,636.1517953908987
2003-04-03,642.2711676099799,639.7055563317482
2003-04-04,639.408477993638,636.7766464062801
2003-04-07,630.7966885039663,627.9713489195742
2003-04-08,641.6829574906366,639.0829756359683
2003-04-09,647.4925402367383,645.0126166655547
2003-04-10,643.6930485214446,641.1341182355708
2003-04-11,638.8144645322175,636.1553172285302
2003-04-14,631.3731331036579,628.5649617799293
2003-04-15,638.8425774354607,636.1771462997725
2003-04-16,643.2938524204958,640.7134527455938
2003-04-17,640.7990937372153,638.1707117304658
2003-04-18,640.7990937372153,638.1707117304658
2003-04-21,640.7990937372153,638.1707117304658
2003-04-22,641.7527492089123,639.1426262814855
2003-04-23,639.56008579015,636.9079225878752
2003-04-24,655.7311783025382,653.3484824876922
2003-04-25,661.3981881762132,659.1109399685063
2003-04-28,659.1631645268039,656.8379666926493
2003-04-29,653.0964575997382,650.6699272219546
2003-04-30,668.9240592590742,666.7295122797159
2003-05-01,671.3898625266469,669.2322990598785
2003-05-02,659.3100432759808,656.9810165609674
2003-05-05,666.0739240351838,663.8369714997793
2003-05-06,684.0813986036635,682.0578640738755
2003-05-07,703.2399675218521,699.9651290230456
2003-05-08,710.2738936769751,705.8334835654291
2003-05-09,711.2136406079957,706.6216665792
2003-05-12,719.4416115410538,713.3834085225775
2003-05-13,721.9967081622087,715.5148574383103
2003-05-14,737.6150259227763,729.4691480827908
2003-05-15,733.101206535614,725.5017442218227
2003-05-16,751.8298781673653,742.7130462345875
2003-05-19,757.1022668038586,747.3518119364785
2003-05-20,773.925716087491,762.9157248390941
2003-05-21,765.0384524461355,754.6203826860344
2003-05-22,775.369053312967,765.2731723309296
2003-05-23,775.369053312967,765.2731723309296
2003-05-26,775.369053312967,765.2731723309296
2003-05-27,775.369053312967,765.2731723309296
2003-05-28,772.9517243579207,762.7779229987857
2003-05-29,792.8357314612826,783.2076605137125
2003-05-30,790.9174424510363,781.2348217229502
2003-06-02,773.9361716845959,763.8212005166989
2003-06-03,795.7053433995751,786.0237833855801
2003-06-04,804.359106011127,794.8518966428771
2003-06-05,793.6897788085954,783.9722857785255
2003-06-06,788.1543544191368,778.3302732543293
2003-06-09,804.4345564614424,794.885283388273
2003-06-10,823.8584963286384,814.5950795614482
2003-06-11,820.7756648838781,811.465035051459
2003-06-12,825.8895222231318,816.6563317773509
2003-06-13,839.7283478221946,830.6915873350937
2003-06-16,823.2753612889531,814.02272718536
2003-06-17,804.4494590124035,794.9898973706287
2003-06-18,789.224027382655,779.6178556455759
2003-06-19,794.2674287203173,784.7071308005636
2003-06-20,787.0946402021891,777.4687828763809
2003-06-23,803.3190179086448,793.8123902365014
2003-06-24,812.1755278985268,802.7330121357533
2003-06-25,793.77517768916,784.217726545085
2003-06-26,769.7179557845905,760.0658423808998
2003-06-27,767.481989044229,757.8218736511972
2003-06-30,774.1408691754143,764.502169265325
2003-07-01,771.7488336369897,762.1020478586726
2003-07-02,773.792873227624,764.1528227320002
2003-07-03,760.2965067176838,750.6166496200128
2003-07-04,760.2965067176838,750.6166496200128
2003-07-07,760.2965067176838,750.6166496200128
2003-07-08,756.4157010804327,746.725035870857
2003-07-09,760.5816384391937,750.9016159498149
2003-07-10,766.1918780224674,756.5252163801215
2003-07-11,775.4415492258116,765.7931478706029
2003-07-14,762.4722503972821,752.8006807511316
2003-07-15,735.6666728811897,726.0051297238527
2003-07-16,730.8693232582154,721.427665529694
2003-07-17,729.8273917455298,720.4084348363428
2003-07-18,727.4411021596131,718.0226065084933
2003-07-21,704.399485351164,695.0149955334431
2003-07-22,708.5615575418409,698.7496850683301
2003-07-23,713.2896678042733,702.9654064503097
2003-07-24,706.9479337550412,697.0524930333864
2003-07-25,705.5081014190662,695.7218290931138
2003-07-28,690.9877328757985,682.2080498660246
2003-07-29,678.575076299948,670.1786493941938
2003-07-30,672.0804531970632,664.1378360387909
2003-07-31,692.014482537961,682.3114497634893
2003-08-01,693.1607335259753,683.3384813950397
2003-08-04,676.7075746306175,668.5729248572015
2003-08-05,688.056598657676,678.6822719458827
2003-08-06,669.2985913094441,662.2209700126883
2003-08-07,665.8774683460293,659.2661748096526
2003-08-08,664.7212213958384,658.2771827963571
2003-08-11,671.5963167249835,663.9301518810231
2003-08-12,669.0093056157173,661.8157481945484
2003-08-13,691.0148225473866,682.0995293525414
2003-08-14,693.6689629012932,684.3593910249995
2003-08-15,688.1604285863746,679.7425251959983
2003-08-18,683.1516079913405,675.542284836654
2003-08-19,670.6717082822096,664.9389591365734
2003-08-20,679.2629305065714,672.0034745106279
2003-08-21,688.5827733418855,679.9153483583791
2003-08-22,681.5581115246281,673.8404804578759
2003-08-25,688.0619303779451,679.6204673127448
2003-08-26,682.6596555210039,674.5105043128075
2003-08-27,688.0501118345168,679.624491130071
2003-08-28,674.7404602569893,667.1348049063245
2003-08-29,676.8853432827817,669.1740347729058
2003-09-01,676.8853432827817,669.1740347729058
2003-09-02,676.8853432827817,669.1740347729058
2003-09-03,673.0053305993354,665.8307103361042
2003-09-04,660.2283224127178,654.8633478355405
2003-09-05,638.3989239892421,635.6907580090694
2003-09-08,640.0979439431579,637.3004928752974
2003-09-09,638.0705705696992,635.3404851090996
2003-09-10,627.729989837605,625.1100872212052
2003-09-11,633.0152880166519,630.457463705512
2003-09-12,625.7435855501101,623.1862260532049
2003-09-15,622.640912991187,620.1416708447449
2003-09-16,627.100495243246,624.6771978076727
2003-09-17,619.133687511406,616.6525934414224
2003-09-18,620.0822267693657,617.7024123051235
2003-09-19,617.7156840219112,615.0733824857706
2003-09-22,623.3711785281224,621.3464446711938
2003-09-23,621.1351064296855,618.9040188975749
2003-09-24,612.1639476891592,609.1354265714193
2003-09-25,609.5079489492396,606.1600965878529
2003-09-26,599.509673545441,595.0120302396001
2003-09-29,603.987123253094,599.9879915838519
2003-09-30,588.5821114647136,583.0299251746787
2003-10-01,588.5821114647136,583.0299251746787
2003-10-02,596.5149322264084,591.7076251420553
2003-10-03,615.242536035376,611.8819667282203
2003-10-06,609.7100003249669,605.9146105317704
2003-10-07,617.8082549083148,614.6235455893014
2003-10-08,616.0046476450129,612.6822913362038
2003-10-09,621.4817445135494,618.5707564086194
2003-10-10,615.8233123848362,612.4899906163992
2003-10-13,615.8233123848362,612.4899906163992
2003-10-14,615.8233123848362,612.4899906163992
2003-10-15,621.1352763799734,618.1905198289544
2003-10-16,629.5455766460827,627.2029589514614
2003-10-17,620.3956804116231,617.415667294467
2003-10-20,618.007092877918,614.86348394554
2003-10-21,617.5764265273165,614.4034224028763
2003-10-22,606.1738719243892,602.4755845950083
2003-10-23,609.1834966003673,605.6778423589926
2003-10-24,596.4141932015176,592.1487146411724
2003-10-27,602.3649286725401,598.4395029665511
2003-10-28,592.2376499384834,587.75540719906
2003-10-29,601.3132391320548,597.2997335315098
2003-10-30,609.7084376714148,606.1203139634182
2003-10-31,604.8236869429983,600.9875615003299
2003-11-03,612.1328224616798,608.6559032345909
2003-11-04,605.7308787833446,601.9420993657286
2003-11-05,611.7432186004363,608.2396900418324
2003-11-06,617.588207102927,614.360992912782
2003-11-07,621.742639586472,618.7077231529079
2003-11-10,622.527360046322,619.4846400610684
2003-11-11,622.527360046322,619.4846400610684
2003-11-12,622.527360046322,619.4846400610684
2003-11-13,603.5923409961841,600.8652195378594
2003-11-14,594.705441362174,591.5554154503158
2003-11-17,589.2016251358366,585.7972439653454
2003-11-18,591.1517603611939,587.8365582366234
2003-11-19,582.9716431327687,579.2932329714124
2003-11-20,591.6222022934141,588.3076883641115
2003-11-21,592.1032207595018,588.8092530091985
2003-11-24,582.1815897046621,578.6579644165752
2003-11-25,586.5789457595292,583.2337340781697
2003-11-26,579.3762586923738,575.744154004858
2003-11-27,579.3762586923738,575.744154004858
2003-11-28,579.3762586923738,575.744154004858
2003-12-01,571.0030085277463,567.0524209430395
2003-12-02,573.893782622256,570.0509683323727
2003-12-03,568.9674994130678,564.9420905176555
2003-12-04,577.3571426739358,573.6271955194441
2003-12-05,599.1417015141853,595.9975574972791
2003-12-08,593.1541910121135,589.846558134183
2003-12-09,582.7840587375969,579.2133082417121
2003-12-10,589.1038564253397,585.6876639161785
2003-12-11,600.5645750245822,597.4147584314707
2003-12-12,599.0056631749899,595.88592647652
2003-12-15,595.273868583568,592.1066049072084
2003-12-16,600.6464510987244,597.6039738640814
2003-12-17,606.4486170823385,603.5407662681902
2003-12-18,610.6596261277829,607.8211639351033
2003-12-19,612.0224979214088,609.216126071201
2003-12-22,608.6042337386599,605.730645216485
2003-12-23,594.3857612835272,591.2187785458995
2003-12-24,605.9762533878257,603.028539382385
2003-12-25,605.9762533878257,603.028539382385
2003-12-26,605.9762533878257,603.028539382385
2003-12-29,594.7470273357613,591.7730729159206
2003-12-30,590.4944060116799,587.4424330063243
2003-12-31,593.2272122807549,590.2249295794373
2004-01-01,593.2272122807549,590.2249295794373
2004-01-02,593.2272122807549,590.2249295794373
2004-01-05,592.6381216056197,589.6250680946343
2004-01-06,609.2428673372348,606.4934377149933
2004-01-07,614.6453965297685,611.9837259339229
2004-01-08,615.089824722847,612.4354432362531
2004-01-09,639.3591984406478,637.0027176331165
2004-01-12,640.3780107602182,637.888189898542
2004-01-13,649.4018499649226,645.7429259996451
2004-01-14,654.0514075949122,649.6699345952636
2004-01-15,653.3922382181554,649.105108726613
2004-01-16,646.3940957791262,642.990525345804
2004-01-19,646.3940957791262,642.990525345804
2004-01-20,646.3940957791262,642.990525345804
2004-01-21,649.8624374968201,646.2185097375359
2004-01-22,661.5629730304363,657.5929616024546
2004-01-23,645.6462451164582,642.747030166708
2004-01-26,636.3112464159626,633.7523756008428
2004-01-27,645.3194274317522,642.7146990191538
2004-01-28,624.3827173553557,622.7526429803207
2004-01-29,626.4292881008801,624.6651788903025
2004-01-30,634.2469521887436,632.0490240061145
2004-02-02,633.0754872478291,630.9561188325571
2004-02-03,641.5344083654717,639.110584736927
2004-02-04,638.8012552505736,636.4962019167245
2004-02-05,629.7773868454715,627.7539069703145
2004-02-06,644.2185634006865,642.2877668411188
2004-02-09,648.5868806882481,646.0404811697751
2004-02-10,642.4006051911915,640.6550421755502
2004-02-11,657.6103059213125,654.4952805320563
2004-02-12,653.206960626005,650.7502591128983
2004-02-13,661.2484565012905,657.8258993074481
2004-02-16,661.2484565012905,657.8258993074481
2004-02-17,661.2484565012905,657.8258993074481
2004-02-18,660.4972697995131,657.1666070324172
2004-02-19,661.2789316269995,657.8550065658535
2004-02-20,652.3198776448434,650.2364090428445
2004-02-23,663.0980931573484,659.681545173287
2004-02-24,667.7349830791499,663.5511958673792
2004-02-25,670.2428245107714,665.6679608846396
2004-02-26,664.107350470074,660.6771888601867
2004-02-27,677.971018369949,671.9914783317342
2004-03-01,675.6510519247588,670.1185385296853
2004-03-02,661.4382574037891,658.5567008561449
2004-03-03,659.1451081990419,656.6651986693015
2004-03-04,668.6058454904562,665.0970286985031
2004-03-05,707.0662854143777,700.7484816342723
2004-03-08,715.4005020727622,708.6236473510218
2004-03-09,722.3345672059036,715.4439226025049
2004-03-10,720.1187805281377,713.1908393425985
2004-03-11,719.5180532233273,712.5678978365534
2004-03-12,718.1381233539206,711.1111741536253
2004-03-15,716.0793860466413,708.9291471815603
2004-03-16,728.5662176494942,722.0980787182707
2004-03-17,728.5662176494942,722.0980787182707
2004-03-18,717.9178830784189,710.8105557091426
2004-03-19,712.890887945307,705.2183856581388
2004-03-22,723.257703546817,717.0620095009443
2004-03-23,723.8903532145893,717.7862089262344
2004-03-24,725.0450406095672,719.1082013614609
2004-03-25,721.9587046254364,715.5765523660497
2004-03-26,704.666911568649,696.103316223632
2004-03-29,698.4080909145815,689.0876399406606
2004-03-30,696.9700720550838,687.4774761137317
2004-03-31,708.8695024561448,700.7148930080172
2004-04-01,697.8761586819603,688.5238361309708
2004-04-02,665.50331125657,654.0658072532907
2004-04-05,658.7353861600117,647.365035969252
2004-04-06,663.515156024134,652.4299518420643
2004-04-07,663.9453119645626,652.8422778240595
2004-04-08,660.7055527305979,649.7283662462052
2004-04-09,660.7055527305979,649.7283662462052
2004-04-12,660.7055527305979,649.7283662462052
2004-04-13,648.3760845314679,637.5356448405705
2004-04-14,644.35688450951,633.3166561125955
2004-04-15,643.2022025244398,632.0916879460494
2004-04-16,649.5831950213186,638.848336752051
2004-04-19,646.5359220547837,635.6529237530984
2004-04-20,641.6972539712139,630.5293135151976
2004-04-21,639.9240687218929,628.6526084187045
2004-04-22,646.3673638895679,635.4589003000497
2004-04-23,635.0236123149155,623.5005711218448
2004-04-26,637.1939616490877,625.7851908117372
2004-04-27,641.6993969524115,630.524354297502
2004-04-28,633.4452115299738,621.8487124488137
2004-04-29,626.4826306507408,614.5414605179592
2004-04-30,620.8768140595191,608.6640542421327
2004-05-03,620.8768140595191,608.6640542421327
2004-05-04,624.3352436465743,612.285239574223
2004-05-05,628.9235363360192,617.0861506779718
2004-05-06,633.2316948361516,621.5919838840572
2004-05-07,656.9031800067016,645.9997756355057
2004-05-10,655.577836183591,644.7371657765816
2004-05-11,653.0792750581271,642.5065026778184
2004-05-12,655.4963632030737,644.8183576935116
2004-05-13,662.0987054045756,651.1588469469685
2004-05-14,650.5429310607159,640.691164486251
2004-05-17,636.873558609706,627.5593637908502
2004-05-18,642.1917431229017,632.8851731568093
2004-05-19,650.33789724966,641.2123409316996
2004-05-20,640.586712485327,631.6584680190249
2004-05-21,646.3914855586398,637.2942935038011
2004-05-24,643.0677147105388,634.0128278092144
2004-05-25,640.5182876061848,631.3592625022073
2004-05-26,631.1136354839775,621.5884762264757
2004-05-27,620.053352319296,610.1302635944534
2004-05-28,629.4944440949964,619.883764564542
2004-05-31,629.4944440949964,619.883764564542
2004-06-01,629.4944440949964,619.883764564542
2004-06-02,634.0959216433314,624.6381855335453
2004-06-03,630.7981326254761,621.230305876854
2004-06-04,640.5225582265111,631.2590159121655
2004-06-07,636.1712077738972,627.5667662285695
2004-06-08,636.1712077738972,627.5667662285695
2004-06-09,643.9757266757001,634.4144321317874
2004-06-10,638.5154251822134,629.6304964950443
2004-06-11,638.5154251822134,629.6304964950443
2004-06-14,638.5154251822134,629.6304964950443
2004-06-15,606.1655194089757,600.2887670630953
2004-06-16,610.9664738813351,605.3435917101546
2004-06-17,606.3319230042625,600.7245156537798
2004-06-18,608.148518907058,602.6456044354524
2004-06-21,605.2027505766055,599.4400598973269
2004-06-22,606.8507512310343,601.2325006724043
2004-06-23,605.1308461715223,599.3615684832042
2004-06-24,597.7676834212338,591.3701800821306
2004-06-25,597.629859526392,591.220741292644
2004-06-28,610.1864205561311,604.746226994954
2004-06-29,604.1404272261153,598.2323227906767
2004-06-30,591.5947417852816,584.7996992229384
2004-07-01,585.9468130722087,578.7668109084559
2004-07-02,572.0663279963529,564.039464234673
2004-07-05,572.0663279963529,564.039464234673
2004-07-06,572.0663279963529,564.039464234673
2004-07-07,571.5588931903304,563.5018577605122
2004-07-08,570.4991729522409,562.3791633753697
2004-07-09,568.707715884803,560.48147682876
2004-07-12,566.4183451812653,558.0569241004482
2004-07-13,571.410906391343,563.3369534245084
2004-07-14,572.0216776525813,563.9832092478321
2004-07-15,572.4991115612635,564.4884011843305
2004-07-16,553.6348898725693,544.7347877933422
2004-07-19,553.7741854431306,544.8803959812757
2004-07-20,566.9731118321711,558.5998324006232
2004-07-21,571.1840184886142,562.9791834703027
2004-07-22,574.14457268735,566.0584517678916
2004-07-23,578.3846138745512,570.4675419513375
2004-07-26,573.5244089939806,565.4144821169021
2004-07-27,557.9248695589797,549.2898731927772
2004-07-28,560.9697049023835,552.4328962671702
2004-07-29,563.560100621959,555.1068959176636
2004-07-30,577.248370841325,569.1815160377618
2004-08-02,580.0704519230425,572.0853466362859
2004-08-03,583.88295931148,576.008119483115
2004-08-04,582.659823610249,574.749359187651
2004-08-05,586.9318126693013,579.1442849947883
2004-08-06,613.322561370626,605.9877353929733
2004-08-09,609.7200783673045,602.3206076138008
2004-08-10,604.3606838724256,596.8685891788973
2004-08-11,606.3077516459779,598.8488948788261
2004-08-12,609.3512276319722,601.9444866812534
2004-08-13,615.007699236605,607.6973763332845
2004-08-16,610.6582622521956,603.2744313179111
2004-08-17,617.9998324952214,610.7359842799152
2004-08-18,614.5769904167126,607.2571185578611
2004-08-19,617.0799630557296,609.8007255069309
2004-08-20,613.8615219436226,606.5304569260842
2004-08-23,607.1148636522071,599.6805928807238
2004-08-24,607.7532483865081,600.3285870655702
2004-08-25,610.0821133733443,602.6925473057927
2004-08-26,616.2916241243142,608.9945944721356
2004-08-27,616.2916241243142,608.9945944721356
2004-08-30,623.3323232345085,616.1394748952393
2004-08-31,633.5373348698342,626.4906641824506
2004-09-01,636.8332513427621,629.8348953900397
2004-09-02,625.8044610913039,618.6600236201829
2004-09-03,608.7047446398208,601.3914817905282
2004-09-06,608.7047446398208,601.3914817905282
2004-09-07,608.7047446398208,601.3914817905282
2004-09-08,623.8076143736898,616.6121164951808
2004-09-09,619.9289963717935,613.0696961009463
2004-09-10,623.8668059088795,616.7233142110822
2004-09-13,628.9669333517278,621.429155654837
2004-09-14,633.0918346451215,625.1971944889613
2004-09-15,625.2425878147585,617.8197681872952
2004-09-16,642.6837009604674,635.0022222560203
2004-09-17,633.4701491662584,626.5041562790066
2004-09-20,646.4611732599639,638.621177574807
2004-09-21,648.63198707923,640.6138870259989
2004-09-22,655.7299065299035,647.3852711942617
2004-09-23,646.5316367248417,638.5615117328095
2004-09-24,645.9574923727004,637.9809185671623
2004-09-27,651.8672388942748,644.0007287863456
2004-09-28,650.2290985493214,642.3318223162537
2004-09-29,634.6570022226856,626.5136978093772
2004-09-30,630.9856939885498,622.7871107083696
2004-10-01,619.3327546424978,610.9769652968264
2004-10-04,622.0144769828231,613.6935688949015
2004-10-05,623.613816701316,615.3138229624593
2004-10-06,613.3930036054727,604.9691579503864
2004-10-07,609.1200029426365,600.6465085067557
2004-10-08,628.9461237365239,620.6238721556563
2004-10-11,628.9461237365239,620.6238721556563
2004-10-12,628.9461237365239,620.6238721556563
2004-10-13,635.1684939187803,626.8954310094556
2004-10-14,645.9533915688492,637.7590408336299
2004-10-15,638.3580545833842,630.1097881562592
2004-10-18,638.5558845018184,630.3089847835076
2004-10-19,639.7934223272583,631.555074031809
2004-10-20,649.3418692227166,641.1646222777429
2004-10-21,648.0297062995298,639.8438026377223
2004-10-22,652.3427416716311,644.1848180186661
2004-10-25,657.0700255429986,648.9428217103008
2004-10-26,654.609006323784,646.4657239218556
2004-10-27,633.2381393394556,625.0209141888472
2004-10-28,635.9820220678048,627.7730362569133
2004-10-29,646.1568054978335,637.9736142701646
2004-11-01,634.256209137686,626.0496841277044
2004-11-02,637.0344846407894,628.8327245714562
2004-11-03,639.2645778749749,631.066709928264
2004-11-04,638.1007608563317,629.9008276105804
2004-11-05,614.5739144882643,606.3953785989673
2004-11-08,611.0033816634725,602.8294361372253
2004-11-09,611.1974902606376,603.0232846557898
2004-11-10,604.5676355757167,596.4032577656129
2004-11-11,604.5676355757167,596.4032577656129
2004-11-12,604.5676355757167,596.4032577656129
2004-11-15,606.256231306888,598.0891397597554
2004-11-16,602.2880459135073,594.1274037210966
2004-11-17,616.2151722894143,608.0189740547875
2004-11-18,618.4045092964374,610.2030614649942
2004-11-19,602.3256729870958,594.1763822774392
2004-11-22,605.2077166504023,597.0484072151553
2004-11-23,602.8449432737274,594.6937905389495
2004-11-24,600.6181204187891,592.4747327553617
2004-11-25,600.6181204187891,592.4747327553617
2004-11-26,600.6181204187891,592.4747327553617
2004-11-29,581.7513752945913,573.6947945040911
2004-11-30,581.1415389330276,573.0878841599599
2004-12-01,577.969007204244,569.9306290247289
2004-12-02,574.6900018720357,566.6675585801391
2004-12-03,598.9014602592995,590.7128420772742
2004-12-06,602.4997757948669,594.286969380178
2004-12-07,602.4997757948669,594.286969380178
2004-12-08,619.1621555486403,610.8281311343703
2004-12-09,615.7627032382982,607.4531349859295
2004-12-10,618.569352370852,610.2394987719891
2004-12-13,619.4846976823899,611.1482432584866
2004-12-14,623.4858310271954,615.1204491387441
2004-12-15,630.9662237818727,622.5463101855782
2004-12-16,614.0755185417626,605.7861137667071
2004-12-17,610.3209677168836,602.0609879452667
2004-12-20,610.1364548618865,601.8779248352491
2004-12-21,614.7319308411429,606.4371359583525
2004-12-22,610.1621135087796,601.9034088893595
2004-12-23,608.9356747349796,600.6866873860001
2004-12-24,608.9356747349796,600.6866873860001
2004-12-27,608.9356747349796,600.6866873860001
2004-12-28,608.4967574538152,600.2512506037805
2004-12-29,601.6815029452777,593.4904926685454
2004-12-30,613.1611267843973,604.8755492623953
2004-12-31,621.1113607750534,612.7600565004959
2005-01-03,619.2303643500386,610.8945517303971
2005-01-04,605.1612533913495,596.9450793524464
2005-01-05,605.1612533913495,596.9450793524464
2005-01-06,607.2932149404056,599.0587643188164
2005-01-07,604.0834999084674,595.876570202588
2005-01-10,604.3390007378719,596.129876620619
2005-01-11,610.9383147152311,602.6721349431887
2005-01-12,612.8601045771105,604.5773543520133
2005-01-13,625.8895907461954,617.4920061900015
2005-01-14,619.7239840120291,611.3807069226102
2005-01-17,619.7239840120291,611.3807069226102
2005-01-18,619.7239840120291,611.3807069226102
2005-01-19,620.0203321454976,611.6744377397902
2005-01-20,626.4801682117474,618.0769607392364
2005-01-21,635.6479725385266,627.1629279981858
2005-01-24,637.9427793463831,629.437319956342
2005-01-25,620.8717013904145,612.5231235234925
2005-01-26,618.0941859631898,609.7713079610444
2005-01-27,613.6334415804407,605.3519587046607
2005-01-28,632.5472587562444,624.0838589400454
2005-01-31,633.1492701735948,624.6801110281826
2005-02-01,633.4632639097003,624.9911013523584
2005-02-02,632.4814071299647,624.0186369842698
2005-02-03,622.7952707451741,614.4259127096162
2005-02-04,646.9544486917454,638.3414196243305
2005-02-07,650.8679484114771,642.2156180235551
2005-02-08,653.2018362801467,644.5260838441767
2005-02-09,673.1685616732813,664.2888093460765
2005-02-10,655.0249743943968,646.3330027228901
2005-02-11,647.591961865899,638.9773248199588
2005-02-14,651.7257444111859,643.0680332204305
2005-02-15,646.434531568826,637.8319971635269
2005-02-16,632.2670267988673,623.8135221542582
2005-02-17,628.9093567709795,620.4912518754174
2005-02-18,613.0890626842123,604.8392883252092
2005-02-21,613.0890626842123,604.8392883252092
2005-02-22,613.0890626842123,604.8392883252092
2005-02-23,614.7028481306216,606.4358673850135
2005-02-24,611.3306795673611,603.0996564078682
2005-02-25,613.0724895632276,604.8228827036527
2005-02-28,595.4765103764331,587.416405639711
2005-03-01,593.4315423517959,585.3935032697889
2005-03-02,593.4315423517959,585.3935032697889
2005-03-03,590.974797622612,582.9632756502281
2005-03-04,604.3769009456113,596.2197628566508
2005-03-07,602.4170590909256,594.281188807704
2005-03-08,616.969072541294,608.6742793633917
2005-03-09,640.0553464979045,631.5055730965316
2005-03-10,632.5062363611052,624.0398103524277
2005-03-11,644.7150172768877,636.1134075021973
2005-03-14,642.0338759205763,633.4619373971984
2005-03-15,644.8096113997618,636.2069476281994
2005-03-16,639.0602915667652,630.5212984176848
2005-03-17,630.7758755197078,622.3287669671311
2005-03-18,635.9712413032883,627.4664600258818
2005-03-21,636.836113771927,628.3217344786358
2005-03-22,653.5669050644236,644.8661160351262
2005-03-23,655.0336064184584,646.3164892229341
2005-03-24,652.6329553117334,643.942565374057
2005-03-25,652.6329553117334,643.942565374057
2005-03-28,652.6329553117334,643.942565374057
2005-03-29,644.1236831195761,635.5281476110559
2005-03-30,637.2238530422779,628.705316151303
2005-03-31,622.4187677264096,614.0659781109172
2005-04-01,615.3947086925303,607.1206511529281
2005-04-04,614.5295847821997,606.2652273629553
2005-04-05,617.002121195867,608.7100367161023
2005-04-06,610.0229391775077,601.8091517940424
2005-04-07,617.0441862330985,608.7515509005557
2005-04-08,621.1553961022852,612.8165952293712
2005-04-11,611.9676118814084,603.7320585997845
2005-04-12,594.1604742688567,586.125779721174
2005-04-13,593.9438401734525,585.9115908033239
2005-04-14,589.4409485755116,581.4595307850884
2005-04-15,573.5499062741698,565.74831995566
2005-04-18,569.2089685110724,561.4565370417782
2005-04-19,560.3831241046652,552.7306996246224
2005-04-20,561.8520043571195,554.1829289476532
2005-04-21,577.90648459631,570.0548575763179
2005-04-22,570.8556174913566,563.0841507938487
2005-04-25,571.4501925570833,563.67196467826
2005-04-26,572.8952461794953,565.1005852049726
2005-04-27,566.4702962591555,558.7487126492462
2005-04-28,553.9769343123753,546.3976193961128
2005-04-29,560.4390856551018,552.7861190878557
2005-05-02,562.7337867930017,555.0546681263497
2005-05-03,559.2530316432837,551.6135812354481
2005-05-04,565.0257843770615,557.3205133376857
2005-05-05,572.2930667472999,564.5049028269768
2005-05-06,550.3593299146889,542.8220685568224
2005-05-09,548.0200890423699,540.5095981006729
2005-05-10,558.640580034502,551.0084351112317
2005-05-11,561.5385787852983,553.8732416538949
2005-05-12,565.2988472590104,557.5904388082663
2005-05-13,573.0095063631833,565.2127492803174
2005-05-16,573.2080232878559,565.4089918841299
2005-05-17,575.8927569017555,568.0629661072406
2005-05-18,585.5856998351532,577.644804335676
2005-05-19,577.0987951795228,569.2551950088498
2005-05-20,574.9709497681223,567.151747022295
2005-05-23,587.9053846382342,579.9377532921663
2005-05-24,600.4139355684007,592.3026977297379
2005-05-25,593.0969773809683,585.0697469287115
2005-05-26,588.592239978131,580.6167377514162
2005-05-27,590.6953183169576,582.6956645054465
2005-05-30,590.6953183169576,582.6956645054465
2005-05-31,590.6953183169576,582.6956645054465
2005-06-01,608.2727993521662,600.0710705061093
2005-06-02,610.9058377135749,602.6738440175168
2005-06-03,594.5739518831872,586.5298313062325
2005-06-06,598.8219990641749,590.729001287703
2005-06-07,608.0936252297217,599.8939306338658
2005-06-08,602.7073957981821,594.5696853880007
2005-06-09,598.5879396519649,590.4976400579981
2005-06-10,584.1084205412619,576.1848606814957
2005-06-13,577.9338316401361,570.0813899045271
2005-06-14,570.9738963485017,563.2016302624794
2005-06-15,570.2320634452994,562.4683434622441
2005-06-16,578.2080620934345,570.3524392013087
2005-06-17,575.084923825459,567.2652854037184
2005-06-20,570.0624860079231,562.3007196218057
2005-06-21,580.8634613247767,572.977195768243
2005-06-22,600.49906053871,592.3862904903839
2005-06-23,597.5786564085264,589.4995710849159
2005-06-24,604.9671825271192,596.8028671979939
2005-06-27,607.5055771988284,599.3119813546713
2005-06-28,595.7636346466808,587.7055125754316
2005-06-29,591.8422920582963,583.8294168313679
2005-06-30,596.596132059738,588.5284010339952
2005-07-01,580.112618551423,572.2351688741004
2005-07-04,580.112618551423,572.2351688741004
2005-07-05,580.112618551423,572.2351688741004
2005-07-06,585.5199151206559,577.5800370924989
2005-07-07,590.4155695159453,582.4191695837927
2005-07-08,578.0919096622836,570.2378153649803
2005-07-11,579.1139378360273,571.2480411431884
2005-07-12,573.4607109096495,565.6600997565548
2005-07-13,570.9371732820534,563.1657057332262
2005-07-14,567.5816862902964,559.848971084743
2005-07-15,569.5043428008807,561.7494224017014
2005-07-18,564.7059995823265,557.0064970815424
2005-07-19,570.7999197490086,563.0300304082037
2005-07-20,574.3725924346331,566.5614376894263
2005-07-21,554.0342066848709,546.4580768171726
2005-07-22,561.2719633830438,553.6121836593494
2005-07-25,558.0767670635614,550.45391488911
2005-07-26,558.8099766869669,551.1786505399444
2005-07-27,555.1831387913309,547.5937295645824
2005-07-28,566.7634609372822,559.0401896595976
2005-07-29,551.4903585934915,543.9436650219092
2005-08-01,545.2585199994484,537.7838798410567
2005-08-02,543.0351072842742,535.5861750324315
2005-08-03,548.4754264385828,540.9635883729784
2005-08-04,552.282581638282,544.7267216572988
2005-08-05,565.1165843773204,557.4123039300088
2005-08-08,568.8834048351331,561.1355633343211
2005-08-09,563.126322346958,555.445058914771
2005-08-10,563.126322346958,555.445058914771
2005-08-11,552.3364146713088,544.779943067308
2005-08-12,539.7166663856474,532.306168150377
2005-08-15,544.5962891989508,537.1293450681844
2005-08-16,535.8485380717906,528.4827881294786
2005-08-17,544.3722463794116,536.9078859203659
2005-08-18,530.5338841336097,523.2296332268736
2005-08-19,530.5338841336097,523.2296332268736
2005-08-22,530.3660875565267,523.0637781071226
2005-08-23,527.3959414232194,520.1279975387754
2005-08-24,526.6736280745386,519.4140416416495
2005-08-25,524.0433055660352,516.8141530807422
2005-08-26,530.9268948344629,523.618092630229
2005-08-29,527.1769721917435,519.91155980713
2005-08-30,510.09200118171316,503.02430705036176
2005-08-31,499.3470152095333,492.40367803363114
2005-09-01,495.26989502168226,488.37374527986236
2005-09-02,496.7729975472886,489.8594510977533
2005-09-05,496.7729975472886,489.8594510977533
2005-09-06,496.7729975472886,489.8594510977533
2005-09-07,488.9501354440799,482.12713159505387
2005-09-08,488.9501354440799,482.12713159505387
2005-09-09,490.43037080069735,483.5902342033609
2005-09-12,481.6678988865358,474.9291844156365
2005-09-13,488.70402054947755,481.8838611740574
2005-09-14,482.8046630966189,476.05279015345394
2005-09-15,474.76535533565647,468.10654176532535
2005-09-16,466.6187311402638,460.0542219980532
2005-09-19,470.36547424479045,463.75759193558395
2005-09-20,469.19347154788403,462.59915654867683
2005-09-21,478.9187524637831,472.2118482379713
2005-09-22,481.8717484903548,475.1306576368486
2005-09-23,467.7812857459422,461.20332934322397
2005-09-26,460.6851429025677,454.18934537340937
2005-09-27,458.4879153511071,452.01755744560535
2005-09-28,462.611993858125,456.09388628308886
2005-09-29,457.93578763415167,451.47182232225174
2005-09-30,466.23020975223926,459.6702051299229
2005-10-03,475.02857383955364,468.3666917961536
2005-10-04,473.65964443652507,467.01361327631787
2005-10-05,472.23724856781007,465.607687402199
2005-10-06,472.23724856781007,465.607687402199
2005-10-07,470.4778039775519,463.8686155520116
2005-10-10,470.4778039775519,463.8686155520116
2005-10-11,470.4778039775519,463.8686155520116
2005-10-12,481.8900987338516,475.1487591629484
2005-10-13,488.333446040077,481.51749390015544
2005-10-14,490.8613558409049,484.0161311213704
2005-10-17,491.8208039647527,484.9644690847568
2005-10-18,488.8218844262057,482.0002762841979
2005-10-19,484.44753334123567,477.67657939672546
2005-10-20,483.9185323342908,477.15370414745354
2005-10-21,469.6075925012339,463.00849122902576
2005-10-24,481.3206313527286,474.5858809909139
2005-10-25,493.86165741923776,486.9816645887239
2005-10-26,507.41292775975626,500.37598792987137
2005-10-27,501.00086570971547,494.03818859111414
2005-10-28,502.4681652195792,495.4884941887324
2005-10-31,501.5930285273198,494.62349311445246
2005-11-01,504.09316191273825,497.094670527759
2005-11-02,511.12074221913366,504.0408584831206
2005-11-03,522.3854866260882,515.175134422641
2005-11-04,523.8111087230819,516.5842450170788
2005-11-07,519.6200386372805,512.4417158725977
2005-11-08,505.2897631559631,498.2774186920213
2005-11-09,517.0197217035284,509.871513645264
2005-11-10,504.8920304533719,497.8842946289809
2005-11-11,504.8920304533719,497.8842946289809
2005-11-14,504.8920304533719,497.8842946289809
2005-11-15,496.54427865558534,489.63323399408966
2005-11-16,484.26877249049375,477.4999162972974
2005-11-17,479.6348744094904,472.9196934235417
2005-11-18,486.7163474298036,479.9191399409857
2005-11-21,479.7001483726018,472.98421146197273
2005-11-22,473.4574722619878,466.81384634982453
2005-11-23,481.31860736350933,474.58392247092496
2005-11-24,481.31860736350933,474.58392247092496
2005-11-25,481.31860736350933,474.58392247092496
2005-11-28,477.7611401605766,471.06766292208704
2005-11-29,491.1891909411188,484.34016795590776
2005-11-30,494.94636509072467,488.05382042066697
2005-12-01,499.6165999301696,492.66995697790435
2005-12-02,499.6165999301696,492.66995697790435
2005-12-05,507.5031138061556,500.4651160635003
2005-12-06,493.7628185907823,486.8839857630494
2005-12-07,496.8022022999942,489.8881617247317
2005-12-08,485.70387493909567,478.91839655515065
2005-12-09,498.3856526065086,491.45326764014214
2005-12-12,500.46678784577284,493.51029490895354
2005-12-13,497.21843313463313,490.29956930320697
2005-12-14,484.43503337256067,477.6642544118423
2005-12-15,485.7764041495997,478.9900865116336
2005-12-16,481.93963142642866,475.1977596616701
2005-12-19,481.93963142642866,475.1977596616701
2005-12-20,484.9197255102707,478.14333175274976
2005-12-21,488.7865800653376,481.9653918875858
2005-12-22,479.3524086575767,472.64050819111424
2005-12-23,468.8276122673095,462.23763429738574
2005-12-26,468.8276122673095,462.23763429738574
2005-12-27,468.8276122673095,462.23763429738574
2005-12-28,474.7761860167615,468.11729768403643
2005-12-29,474.7761860167615,468.11729768403643
2005-12-30,479.16409646918964,472.4543770261459
2006-01-02,479.16409646918964,472.4543770261459
2006-01-03,479.16409646918964,472.4543770261459
2006-01-04,475.74298475023005,469.07289667197085
2006-01-05,475.74298475023005,469.07289667197085
2006-01-06,481.2137517139958,474.4802882167429
2006-01-09,481.2137517139958,474.4802882167429
2006-01-10,492.15876925046757,485.2985139845171
2006-01-11,499.3086884526807,492.36560540689203
2006-01-12,488.80277114091086,481.981393608965
2006-01-13,476.6529189288292,469.97229185664963
2006-01-16,476.6529189288292,469.97229185664963
2006-01-17,476.6529189288292,469.97229185664963
2006-01-18,479.33218313632324,472.6205179727258
2006-01-19,487.12447650046863,480.32254089555425
2006-01-20,484.7624035321785,477.98783153442895
2006-01-23,483.29480459070993,476.53723410461623
2006-01-24,489.3257648660029,482.4983281706832
2006-01-25,507.66409553170735,500.6242148405092
2006-01-26,515.578783457509,508.4472135123244
2006-01-27,512.4195766653329,505.3246051636339
2006-01-30,517.5230527342318,510.3689589888098
2006-01-31,518.9719171595897,511.8010387583995
2006-02-01,526.9362267402158,519.673084138719
2006-02-02,526.9362267402158,519.673084138719
2006-02-03,522.6809485813,515.4671021381134
2006-02-06,524.3231933316218,517.0903219562232
2006-02-07,527.7480090893941,520.4754622095937
2006-02-08,534.8372048684217,527.4825316576936
2006-02-09,531.7840079754757,524.4647051856839
2006-02-10,541.1046374012425,533.6773576124635
2006-02-13,539.8245575041237,532.412107092859
2006-02-14,547.0849032886571,539.5883436905732
2006-02-15,546.3997351705848,538.9111130616413
2006-02-16,542.8549258981856,535.4073694733353
2006-02-17,528.4112951005466,521.1310650333576
2006-02-20,528.4112951005466,521.1310650333576
2006-02-21,528.4112951005466,521.1310650333576
2006-02-22,519.7212121413235,512.5416550182339
2006-02-23,532.6423733534979,525.31312665694
2006-02-24,533.2973165580623,525.9604824538942
2006-02-27,539.4062402316823,531.9986352439141
2006-02-28,523.6302314085455,516.4053894930172
2006-03-01,531.0113026542803,523.7009518645044
2006-03-02,544.4649550403468,536.9987449756247
2006-03-03,555.2930703114644,547.7014175060061
2006-03-06,567.274308340678,559.5438538774181
2006-03-07,566.0588791405544,558.3425053210844
2006-03-08,564.7972868144149,557.0955284360648
2006-03-09,562.1839555563938,554.512472406336
2006-03-10,566.9123931743925,559.186131453787
2006-03-13,571.8343860977768,564.0511034860643
2006-03-14,549.5649104320066,542.0396189800168
2006-03-15,555.0859825596174,547.4967296263748
2006-03-16,535.0592640712281,527.7020207429146
2006-03-17,539.082456512115,531.6786044660108
2006-03-20,534.9122886960598,527.5567480802114
2006-03-21,548.1408741782622,540.632080141622
2006-03-22,547.2393299807227,539.7409803492737
2006-03-23,555.1130328466606,547.5234662073598
2006-03-24,541.1042651595016,533.6769905082673
2006-03-27,545.7649699686807,538.2837009003546
2006-03-28,560.0511919586834,552.404416428254
2006-03-29,564.547013990305,556.8481541849865
2006-03-30,572.5375416753685,564.7461112821999
2006-03-31,570.3833704307028,562.6168961976359
2006-04-03,575.2834255668864,567.4601839949767
2006-04-04,574.3578518797628,566.5453331164082
2006-04-05,566.3251144217779,558.6056552714549
2006-04-06,574.7672254568253,566.9499640574438
2006-04-07,586.959985507513,579.0014703770561
2006-04-10,586.489492873025,578.5364284225591
2006-04-11,580.2004327080155,572.320227336334
2006-04-12,589.9017842823476,581.9091882360593
2006-04-13,589.9017842823476,581.9091882360593
2006-04-14,589.9017842823476,581.9091882360593
2006-04-17,589.9017842823476,581.9091882360593
2006-04-18,579.8095799372181,571.9339026454434
2006-04-19,587.2551493411373,579.2932146934955
2006-04-20,589.3084564865475,581.3227341572408
2006-04-21,586.6377755469903,578.6829932109347
2006-04-24,580.6180600530358,572.7330164790741
2006-04-25,597.9815573074017,589.8953564498565
2006-04-26,605.5881249882909,597.4138015364736
2006-04-27,596.373338417551,588.305768900981
2006-04-28,590.7900507472965,582.7871640111415
2006-05-01,604.8266630155023,596.6611610831055
2006-05-02,601.3460479274104,593.2208691777777
2006-05-03,608.991578565732,600.777825771659
2006-05-04,610.5728865343389,602.340814169931
2006-05-05,600.4061971736078,592.291906684936
2006-05-08,603.0683232612471,594.923191835951
2006-05-09,603.624118313535,595.4725479596584
2006-05-10,605.3633473069855,597.1916278510273
2006-05-11,610.7930548075462,602.5584317702164
2006-05-12,621.9001989665452,613.5368987910387
2006-05-15,612.6474846087948,604.3913778680238
2006-05-16,600.1243737412755,592.0133482834242
2006-05-17,609.3389877166891,601.1212101725195
2006-05-18,591.7248896591132,583.7111730163958
2006-05-19,589.6927128661664,581.7025391751193
2006-05-22,584.9740667408471,577.038558993297
2006-05-23,591.388444393402,583.3786254942657
2006-05-24,584.264710891178,576.3374210990376
2006-05-25,593.5556978906878,585.5207711483788
2006-05-26,588.5368529240986,580.56006996826
2006-05-29,588.5368529240986,580.56006996826
2006-05-30,588.5368529240986,580.56006996826
2006-05-31,599.4998095575119,591.3960197110779
2006-06-01,597.1497210213189,589.0731571723322
2006-06-02,569.5348011771368,561.7781590164346
2006-06-05,574.9799904133831,567.1602651694526
2006-06-06,572.5624749599981,564.7707568835892
2006-06-07,576.7194693490563,568.8795920601427
2006-06-08,571.1292833331881,563.3541689315101
2006-06-09,569.8127926319324,562.0529299123456
2006-06-12,570.7249326807039,562.9545027234675
2006-06-13,565.0508693164165,557.3461739764346
2006-06-14,582.8759868357539,574.9647855975421
2006-06-15,591.177527970891,583.1701524879583
2006-06-16,596.2634985888594,588.197201590834
2006-06-19,599.7812769251577,591.6742260879901
2006-06-20,602.5299387593556,594.3910443802944
2006-06-21,602.5299387593556,594.3910443802944
2006-06-22,611.8574421237076,603.6104876152136
2006-06-23,618.3611121273209,610.038811902606
2006-06-26,618.8799225685115,610.5516118691182
2006-06-27,612.4589809209016,604.2050575218578
2006-06-28,620.0334990857468,611.6918240755778
2006-06-29,608.6373860024391,600.4277362004308
2006-06-30,593.8803827711397,585.8416944742373
2006-07-03,596.2939776659732,588.2273276061993
2006-07-04,596.2939776659732,588.2273276061993
2006-07-05,596.2939776659732,588.2273276061993
2006-07-06,588.096132721081,580.1244556007904
2006-07-07,576.5551579254641,568.7171842815579
2006-07-10,576.0635042108386,568.2312264299733
2006-07-11,569.4634554053792,561.7076399261305
2006-07-12,569.4634554053792,561.7076399261305
2006-07-13,562.532003391732,554.8564895591226
2006-07-14,559.2892322446879,551.65128627883
2006-07-17,561.5191656267202,553.8553856327999
2006-07-18,577.3361664084642,569.4891446701245
2006-07-19,559.8485142054705,552.204088912752
2006-07-20,553.5064397101416,545.935488075793
2006-07-21,555.3446563600268,547.7524087753753
2006-07-24,555.3446563600268,547.7524087753753
2006-07-25,559.3240395215072,551.6856903271844
2006-07-26,552.6385509947924,545.077653951197
2006-07-27,552.6385509947924,545.077653951197
2006-07-28,540.4993458749981,533.0790829197556
2006-07-31,539.4740542043047,532.0656693711918
2006-08-01,539.4740542043047,532.0656693711918
2006-08-02,535.0397927059626,527.6827793033959
2006-08-03,534.4700243377127,527.1196117673906
2006-08-04,520.7847570500873,513.5928898861534
2006-08-07,526.6993624128543,519.4389738589913
2006-08-08,525.0240420130183,517.7830622404317
2006-08-09,526.7597133889335,519.4986256619275
2006-08-10,527.3632820627794,520.0952019226091
2006-08-11,538.8359684460941,531.4349758967022
2006-08-14,548.3812941160912,540.8697178542407
2006-08-15,531.2600031998562,523.9467791023837
2006-08-16,517.6919443245305,510.5359077875995
2006-08-17,516.2617425021705,509.12227502197453
2006-08-18,522.6023800824779,515.3894555674685
2006-08-21,525.1188393964527,517.8767614032803
2006-08-22,526.1684674865618,518.9142294280877
2006-08-23,523.9783060823494,516.7494413022183
2006-08-24,525.1123993817858,517.8703959969121
2006-08-25,528.645472972562,521.362538512971
2006-08-28,524.9659364754139,517.7256298805769
2006-08-29,526.2294163988721,518.9744722399039
2006-08-30,532.7335235738078,525.4032285644247
2006-08-31,542.585168741604,535.1407412568184
2006-09-01,544.6021878303842,537.1343929407911
2006-09-04,544.6021878303842,537.1343929407911
2006-09-05,544.6021878303842,537.1343929407911
2006-09-06,538.1394227043135,530.7464997137502
2006-09-07,540.3347230057431,532.9163672012096
2006-09-08,548.5910597406254,541.0770532963217
2006-09-11,538.7180909267742,531.3184639975365
2006-09-12,546.9107820547345,539.4162418254236
2006-09-13,549.9868854732156,542.4567082204081
2006-09-14,539.7987085481204,532.3865625365124
2006-09-15,536.6801162854645,529.3040995362414
2006-09-18,531.0716502513026,523.7606082486141
2006-09-19,555.1288814398532,547.5391335292392
2006-09-20,555.743128458096,548.1462644221689
2006-09-21,576.4810155037029,568.6439005532671
2006-09-22,588.3258052862836,580.3514670218334
2006-09-25,596.5142775757716,588.4450748751108
2006-09-26,590.2799585655027,582.2829812004204
2006-09-27,588.6961272920815,580.7174988028283
2006-09-28,582.1953856206403,574.2920690059048
2006-09-29,578.9045572264583,571.0393652547434
2006-10-02,583.9848268904693,576.060779383158
2006-10-03,583.9848268904693,576.060779383158
2006-10-04,598.1236608390017,590.0358132370948
2006-10-05,586.2828814483563,578.332210702898
2006-10-06,565.9623309164134,558.2470762031506
2006-10-09,565.9623309164134,558.2470762031506
2006-10-10,565.9623309164134,558.2470762031506
2006-10-11,558.5670770055623,550.9374972024452
2006-10-12,560.3166919204498,552.6668426171112
2006-10-13,555.3232183524228,547.7312190438453
2006-10-16,559.486262105443,551.8460334318055
2006-10-17,562.3703647596087,554.6967234081311
2006-10-18,563.8741970581937,556.1831336277786
2006-10-19,559.7054815959907,552.0627132380723
2006-10-20,559.1693797620055,551.5328222086349
2006-10-23,550.3924010672388,542.8575258732421
2006-10-24,549.8442748253442,542.3157497401387
2006-10-25,561.4293316328966,553.7665922630194
2006-10-26,574.7725094256501,566.9551877260866
2006-10-27,584.157708077172,576.2316577152064
2006-10-30,584.157708077172,576.2316577152064
2006-10-31,600.0036303615608,591.8940030708872
2006-11-01,610.1314563773191,601.9044969956401
2006-11-02,603.0151842216655,594.870667714849
2006-11-03,578.9605242409217,571.0946838874742
2006-11-06,580.0376770568628,572.1593577573809
2006-11-07,588.1725082904709,580.199945984273
2006-11-08,592.6915588830926,584.6666428275623
2006-11-09,593.0829089690277,585.0534590752774
2006-11-10,598.768091819847,590.6727783930776
2006-11-13,595.4141090933998,587.3576519633995
2006-11-14,601.8642367023912,593.7330540615
2006-11-15,591.8842001252078,583.868637419024
2006-11-16,584.2826774393263,576.3551792959463
2006-11-17,595.4676841900449,587.4106063858109
2006-11-20,596.7158628002567,588.6443246953258
2006-11-21,600.1841026296474,592.0723845453342
2006-11-22,602.4428939142826,594.3050074587787
2006-11-23,602.4428939142826,594.3050074587787
2006-11-24,602.4428939142826,594.3050074587787
2006-11-27,605.3597028198519,597.1880247791537
2006-11-28,611.4301192652918,603.1881147132696
2006-11-29,607.2513807816001,599.0577874221135
2006-11-30,620.7989632595413,612.4484195123282
2006-12-01,631.0675825982995,622.5980756493597
2006-12-04,630.019685877897,621.5623189396814
2006-12-05,628.9307835297473,620.4860316574329
2006-12-06,617.9343737319609,609.6170166023907
2006-12-07,617.9343737319609,609.6170166023907
2006-12-08,600.9530286011521,592.832402417634
2006-12-11,607.7936794037815,599.5938034497065
2006-12-12,615.8007094855037,607.5080711152036
2006-12-13,597.6084444320084,589.5265656630534
2006-12-14,593.2865930602302,585.2547834646376
2006-12-15,593.2865930602302,585.2547834646376
2006-12-18,594.2130101568646,586.1704679066218
2006-12-19,593.2465831603149,585.2152370842749
2006-12-20,593.2465831603149,585.2152370842749
2006-12-21,604.4813370073173,596.3198349424839
2006-12-22,587.9162456191104,579.9466521516911
2006-12-25,587.9162456191104,579.9466521516911
2006-12-26,587.9162456191104,579.9466521516911
2006-12-27,576.1660358914381,568.332570032273
2006-12-28,568.3569859406276,560.6139888746035
2006-12-29,564.8707613648197,557.1681526343872
2007-01-01,564.8707613648197,557.1681526343872
2007-01-02,564.8707613648197,557.1681526343872
2007-01-03,569.4821425721327,561.726110429712
2007-01-04,578.8923422240553,571.02729177441
2007-01-05,573.1469102803867,565.3484213584376
2007-01-08,571.1910165569791,563.4151869016501
2007-01-09,571.1910165569791,563.4151869016501
2007-01-10,566.9715996629807,559.244652465451
2007-01-11,554.3595760882109,546.7787407175659
2007-01-12,548.2749582035232,540.7646138710629
2007-01-15,548.2749582035232,540.7646138710629
2007-01-16,548.2749582035232,540.7646138710629
2007-01-17,539.8506074760419,532.4378602713464
2007-01-18,546.1158638424467,538.6305328807143
2007-01-19,541.7879993154303,534.3528071906308
2007-01-22,545.1121911330765,537.6384878417482
2007-01-23,536.0004305218257,528.6322880854743
2007-01-24,534.8598920840951,527.5049629242749
2007-01-25,548.3219480941198,540.8110593777554
2007-01-26,550.5679880066903,543.0310786447112
2007-01-29,552.9083778788035,545.3443548154503
2007-01-30,549.24976580565,541.7281282082303
2007-01-31,538.2037045017377,530.8100368683381
2007-02-01,540.6213648324774,533.1996883100178
2007-02-02,539.3588578738616,531.9518076481114
2007-02-05,534.1305465573199,526.7840669542431
2007-02-06,522.4048407300112,515.1942048555662
2007-02-07,514.8020122839625,507.6794561021039
2007-02-08,513.5205915654249,506.4128807985031
2007-02-09,527.2558164787656,519.9889814598522
2007-02-12,532.2142122144692,524.8899335775966
2007-02-13,534.790444846861,527.4363202414546
2007-02-14,514.2342116610146,507.1182335187921
2007-02-15,507.90048527475784,500.85788412356624
2007-02-16,505.7562885844495,498.7385282128763
2007-02-19,505.7562885844495,498.7385282128763
2007-02-20,505.7562885844495,498.7385282128763
2007-02-21,509.1725944901706,502.11525579889064
2007-02-22,518.418717150488,511.25426100283306
2007-02-23,505.83233868521285,498.81369726402494
2007-02-26,495.05213026021784,488.158378865789
2007-02-27,470.97935172095606,464.36448639645545
2007-02-28,476.4481173154567,469.769895675774
2007-03-01,476.4481173154567,469.769895675774
2007-03-02,469.8705407980286,463.26852118305874
2007-03-05,469.1355193244836,462.54201502276703
2007-03-06,466.84075420394737,460.2738350355197
2007-03-07,472.2917203761409,465.6616511009929
2007-03-08,471.4854928384984,464.86476380752595
2007-03-09,456.43982238880784,449.99339928175505
2007-03-12,462.7454145288098,456.22594036911465
2007-03-13,473.0703916081994,466.4313013319549
2007-03-14,469.64634654933013,463.0469242519747
2007-03-15,467.5326341307471,460.95769944910865
2007-03-16,465.7081746111909,459.15437651521745
2007-03-19,461.554735619129,455.0490556195675
2007-03-20,465.3894299334002,458.8393245333238
2007-03-21,471.6598757360891,465.03712645793956
2007-03-22,459.9450317130228,453.4580003292227
2007-03-23,456.24005721123336,449.79594840813843
2007-03-26,460.01259022191385,453.5247761645602
2007-03-27,456.8736319031597,450.42218306011677
2007-03-28,456.0646579014706,449.62258112073494
2007-03-29,452.701503435494,446.2983892087327
2007-03-30,449.24142357243613,442.8783947921763
2007-04-02,450.1302107661549,443.7568852780398
2007-04-03,445.5064317048251,439.18667326011365
2007-04-04,449.2538220149855,442.8906495972566
2007-04-05,444.3890437227628,438.08223035387437
2007-04-06,427.88664826099927,421.7710171528965
2007-04-09,428.6975333092145,422.57250799909264
2007-04-10,432.87417841049273,426.7007661583114
2007-04-11,430.267562990109,424.124348694962
2007-04-12,430.267562990109,424.124348694962
2007-04-13,424.68659426449875,418.6080361715952
2007-04-16,429.3370341460387,423.20460014085074
2007-04-17,439.45212377404897,433.20250522384754
2007-04-18,445.8051140183503,439.48189530258884
2007-04-19,444.8680640004847,438.55570112328104
2007-04-20,444.8680640004847,438.55570112328104
2007-04-23,448.8962941993814,442.5372637848205
2007-04-24,456.08424003336944,449.6419363910672
2007-04-25,450.8300117599747,444.44857899201133
2007-04-26,441.42536223364675,435.1528834756304
2007-04-27,439.37081694905993,433.12214034834386
2007-04-30,454.78278822036424,448.35556205573914
2007-05-01,451.1355594146462,444.75058683986106
2007-05-02,450.19800763922007,443.8238967159197
2007-05-03,443.4564652299662,437.1604558964023
2007-05-04,451.02650133132397,444.6427922077087
2007-05-07,451.9961975015614,445.6012543297324
2007-05-08,453.00757392802825,446.60091383714155
2007-05-09,442.7828348603283,436.4946296166315
2007-05-10,448.6624617765868,442.30614033908597
2007-05-11,442.6378137375413,436.35128858121215
2007-05-14,438.5870816333017,432.34748470167057
2007-05-15,433.42533272285965,427.2455352809195
2007-05-16,433.42533272285965,427.2455352809195
2007-05-17,422.82894483632816,416.771907838419
2007-05-18,412.87350488972965,406.9318028759234
2007-05-21,409.97711402321653,404.0689670503067
2007-05-22,418.59235798064816,412.5844023573642
2007-05-23,423.39288849412856,417.3293181402574
2007-05-24,424.38854171141725,418.31343659377734
2007-05-25,425.42637927333226,419.3392506811542
2007-05-28,425.42637927333226,419.3392506811542
2007-05-29,425.42637927333226,419.3392506811542
2007-05-30,425.42637927333226,419.3392506811542
2007-05-31,430.04824613203266,423.90757264946444
2007-06-01,445.3265042157354,439.00883025272384
2007-06-04,441.17077680364514,434.90124744877505
2007-06-05,451.4233058661401,445.03499971355257
2007-06-06,447.31808454714434,440.9773378834612
2007-06-07,469.1260024805194,462.53260843182267
2007-06-08,472.0297847884462,465.40275006809156
2007-06-11,474.29753243439575,467.64422558139813
2007-06-12,490.38498389216915,483.5453019549067
2007-06-13,486.38953917436345,479.59614495072105
2007-06-14,488.4361532564712,481.6190487594513
2007-06-15,480.7824379302755,474.05400265737836
2007-06-18,476.67133284771757,469.9905252278521
2007-06-19,467.15909459828555,460.5884874169421
2007-06-20,473.0191741696345,466.3806772528146
2007-06-21,477.68489116431783,470.9923413479222
2007-06-22,472.89480353648565,466.25774746859696
2007-06-25,463.43177643916465,456.9043506926107
2007-06-26,466.044390269687,459.48669707374074
2007-06-27,461.3155606901145,454.8126515607273
2007-06-28,467.4390482008939,460.86519772297186
2007-06-29,456.67385048058884,450.2247161292513
2007-07-02,452.22829117220095,445.8306591668354
2007-07-03,459.2349328393955,452.7561280370395
2007-07-04,459.2349328393955,452.7561280370395
2007-07-05,459.2349328393955,452.7561280370395
2007-07-06,465.85339091482405,459.29791046966153
2007-07-09,461.13767299421704,454.6368247154498
2007-07-10,445.3742850140995,439.0560575047693
2007-07-11,448.64316772264027,442.28706980904224
2007-07-12,454.24638257081347,447.82537073083137
2007-07-13,453.66962349407345,447.25529347823397
2007-07-16,444.8835053012339,438.57096353464567
2007-07-17,449.96430997799564,443.5929064704785
2007-07-18,440.8780956409097,434.6119570330223
2007-07-19,442.52521588323737,436.2399951867534
2007-07-20,433.58437149076013,427.402731565395
2007-07-23,434.66632320723073,428.47214873946837
2007-07-24,431.8481725260085,425.6866466770876
2007-07-25,427.2243130081209,421.1163551348168
2007-07-26,411.11489391312415,405.19356562187426
2007-07-27,412.91759165353216,406.9753788894233
2007-07-30,415.72172385196114,409.7470248748403
2007-07-31,412.32280448666467,406.3874824043185
2007-08-01,411.82478417619717,405.8952317197978
2007-08-02,411.82478417619717,405.8952317197978
2007-08-03,404.8923519553598,399.04311257048545
2007-08-06,408.0415210237495,402.155798131705
2007-08-07,410.2173879755766,404.30645739991337
2007-08-08,421.9156081667066,415.8691522854924
2007-08-09,413.89375292424944,407.9402312129396
2007-08-10,411.9351351400351,406.00430425428044
2007-08-13,411.42825442178497,405.50329581088045
2007-08-14,405.6752820915042,399.81697236565674
2007-08-15,410.85411073718615,404.93580365078816
2007-08-16,421.9592196269146,415.91225850162095
2007-08-17,417.58082093345854,411.58458409024104
2007-08-20,420.53970231602733,414.50918647165275
2007-08-21,425.6169029745356,419.5275671422178
2007-08-22,421.446487967137,415.4054669005636
2007-08-23,420.9141955697875,414.8793411754614
2007-08-24,418.14880252060436,412.14598554152957
2007-08-27,421.5518985143739,415.50965625377347
2007-08-28,433.2746717314933,427.0966197155424
2007-08-29,430.03621012050684,423.8956760767075
2007-08-30,437.6450943699581,431.41641047549876
2007-08-31,431.1199497236594,424.96686042457696
2007-09-03,431.1199497236594,424.96686042457696
2007-09-04,431.1199497236594,424.96686042457696
2007-09-05,442.37497983197807,436.09149963842253
2007-09-06,438.73834370190866,432.4969943807995
2007-09-07,455.163302839532,448.7316683665354
2007-09-10,458.1942933312152,451.72754446424995
2007-09-11,453.2866356226794,446.876742567936
2007-09-12,449.23620736850893,442.8732390183627
2007-09-13,442.01440491659946,435.73510202735025
2007-09-14,444.69420572446063,438.3838570164986
2007-09-17,443.76381090807735,437.4642409373692
2007-09-18,445.2145288343627,438.8981521198059
2007-09-19,440.7073285477521,434.44316829741547
2007-09-20,426.487709737655,420.3882855029401
2007-09-21,429.83541538206254,423.6972075697638
2007-09-24,430.27050421812703,424.1272558486761
2007-09-25,432.08337550379656,425.91912479972444
2007-09-26,432.08337550379656,425.91912479972444
2007-09-27,436.97004182000427,430.7491784915462
2007-09-28,435.45407897030185,429.25077825607605
2007-10-01,436.5026050967712,430.28715707967774
2007-10-02,441.12004553912783,434.8511039121842
2007-10-03,438.5901494567927,432.3505169840611
2007-10-04,441.48766842493313,435.2144678420874
2007-10-05,426.2514758374939,420.154788401283
2007-10-08,426.2514758374939,420.154788401283
2007-10-09,426.2514758374939,420.154788401283
2007-10-10,426.7566729445709,420.65413273835
2007-10-11,425.9640815649162,419.87072362635274
2007-10-12,422.6761326562919,416.62086600625116
2007-10-15,425.48524229702116,419.3974317696908
2007-10-16,428.69397957969426,422.5689954401743
2007-10-17,442.52637984933676,436.24114566814114
2007-10-18,448.14244105933676,441.7921441250823
2007-10-19,459.54725032606217,453.0648272875401
2007-10-22,459.0244920122559,452.54812519246235
2007-10-23,458.75242362534954,452.2792087509516
2007-10-24,467.89547128173217,461.3163330867666
2007-10-25,464.8285025276296,458.2848955391852
2007-10-26,460.8322370167752,454.33492725095147
2007-10-29,461.1251156084405,454.6244128084647
2007-10-30,461.1251156084405,454.6244128084647
2007-10-31,448.78646840572765,442.42871033623385
2007-11-01,448.78646840572765,442.42871033623385
2007-11-02,448.78646840572765,442.42871033623385
2007-11-05,445.29202397169894,438.9747494665375
2007-11-06,439.94230035811404,433.6870030525219
2007-11-07,445.61952092233594,439.29845232511775
2007-11-08,454.369043099779,447.94661022259106
2007-11-09,461.3326937102789,454.82958609271316
2007-11-12,461.3326937102789,454.82958609271316
2007-11-13,461.3326937102789,454.82958609271316
2007-11-14,458.767550127362,452.29416001059553
2007-11-15,474.1824808996976,467.53050693265504
2007-11-16,475.65691247540565,468.98785703899756
2007-11-19,486.4223164240342,479.62854247183645
2007-11-20,489.12615139821236,482.3010531885571
2007-11-21,493.81506123647256,486.9356414353108
2007-11-22,493.81506123647256,486.9356414353108
2007-11-23,493.81506123647256,486.9356414353108
2007-11-26,515.3292954332546,508.2006306088515
2007-11-27,505.189302107598,498.1781103407532
2007-11-28,496.5212607723449,489.6104893199906
2007-11-29,504.5181764551114,497.51475976068235
2007-11-30,503.586825708748,496.5941988261385
2007-12-03,514.0076216097372,506.89426853753696
2007-12-04,514.7205281298611,507.59891594880526
2007-12-05,514.7205281298611,507.59891594880526
2007-12-06,505.94207448973634,498.92216176316947
2007-12-07,493.4636429411264,486.5882943637135
2007-12-10,490.80854505853813,483.96395611344127
2007-12-11,507.51455733409125,500.47642720227026
2007-12-12,499.5333055605773,492.58763920253494
2007-12-13,492.86415889541956,485.9957554136832
2007-12-14,487.71124704052136,480.9025406701622
2007-12-17,491.9948734386942,485.1365407348385
2007-12-18,498.3154197763033,491.38386277338986
2007-12-19,503.02298485894437,496.03689014124603
2007-12-20,507.0807759761362,500.0476712541742
2007-12-21,493.3898262504845,486.51533284842213
2007-12-24,489.4018746203031,482.5735821235421
2007-12-25,489.4018746203031,482.5735821235421
2007-12-26,489.4018746203031,482.5735821235421
2007-12-27,496.96158070650773,490.0457080940926
2007-12-28,505.3083929482515,498.295821499514
2007-12-31,511.24491436073487,504.16356758846507
2008-01-01,511.24491436073487,504.16356758846507
2008-01-02,511.24491436073487,504.16356758846507
2008-01-03,510.633355961827,503.5590941680861
2008-01-04,519.2238481531521,512.0500644611969
2008-01-07,521.5744758935327,514.3734598929382
2008-01-08,521.5744758935327,514.3734598929382
2008-01-09,526.208634375362,518.9539310843927
2008-01-10,516.4065056266205,509.26536119094027
2008-01-11,525.4427330510342,518.1969028201812
2008-01-14,526.3758405556125,519.1076785607762
2008-01-15,535.3737105428002,528.0011103891461
2008-01-16,534.397577893458,527.0458412272637
2008-01-17,542.601341038463,535.1546042873761
2008-01-18,544.6458617329884,537.1754495121153
2008-01-21,544.6458617329884,537.1754495121153
2008-01-22,544.6458617329884,537.1754495121153
2008-01-23,551.2094996671187,543.6630799941075
2008-01-24,527.7804368031316,520.505371524875
2008-01-25,532.4416720567544,525.1126188926893
2008-01-28,531.8366664627729,524.5146206222025
2008-01-29,525.616878909924,518.3668723997112
2008-01-30,518.5787599556003,511.4102717215925
2008-01-31,527.9674997610257,520.6902629486857
2008-02-01,532.3025383983177,524.9750893408388
2008-02-04,529.0940855208052,521.8037994118467
2008-02-05,537.7861749591326,530.3952070084748
2008-02-06,536.0127975414791,528.6423707318055
2008-02-07,524.9175779001089,517.67567016733
2008-02-08,532.3700533052088,525.0418190716814
2008-02-11,535.8675326655009,528.4987850352908
2008-02-12,529.5666345401512,522.2708739834316
2008-02-13,530.9364542575391,523.6248261769297
2008-02-14,519.8909185788909,512.7072401137546
2008-02-15,522.7955115446595,515.5781863784067
2008-02-18,522.7955115446595,515.5781863784067
2008-02-19,522.7955115446595,515.5781863784067
2008-02-20,517.7796445968733,510.6204229259229
2008-02-21,534.9464675043367,527.5883706782294
2008-02-22,535.1603901980791,527.7998151314744
2008-02-25,523.1698172672352,515.9481520203483
2008-02-26,527.4754961753572,520.2039493909909
2008-02-27,528.3289581390175,521.0475239658388
2008-02-28,543.094134541391,535.6416380756561
2008-02-29,561.449013575598,553.7838568042647
2008-03-03,560.5558536518639,552.921338815996
2008-03-04,560.5558536518639,552.921338815996
2008-03-05,560.5558536518639,552.921338815996
2008-03-06,565.0508827280896,557.3549565871895
2008-03-07,573.9016235246593,566.1036085758026
2008-03-10,583.4065344324921,575.3221598557043
2008-03-11,566.3721105833442,559.6234318542389
2008-03-12,577.4004865333511,570.3127699689423
2008-03-13,576.2889050138364,569.3225770490998
2008-03-14,590.6631677553007,582.9405972264422
2008-03-17,599.857612161468,590.5446153158297
2008-03-18,588.933037355271,581.1672012875332
2008-03-19,597.3571404692027,588.3249364874264
2008-03-20,599.7596947175133,590.4542925159782
2008-03-21,599.7596947175133,590.4542925159782
2008-03-24,599.7596947175133,590.4542925159782
2008-03-25,603.5182055021962,593.9757059161489
2008-03-26,605.0142491922687,595.4475133592455
2008-03-27,601.4513021297304,591.8229356188482
2008-03-28,605.7049615380234,596.1489261139878
2008-03-31,608.9268204457602,599.4260294466262
2008-04-01,593.3621770223378,583.6460264528217
2008-04-02,589.8274358938727,580.1155821626811
2008-04-03,589.8274358938727,580.1155821626811
2008-04-04,600.8457003936735,591.263393431792
2008-04-07,590.7614233138685,581.0686880853139
2008-04-08,590.5732982645604,580.8785710136893
2008-04-09,599.8071017345087,589.8708401570316
2008-04-10,591.4820257106461,581.80555599567
2008-04-11,600.2881159084054,590.028719740546
2008-04-14,596.2830406212981,586.4198474439129
2008-04-15,588.721027991431,579.6805365306043
2008-04-16,577.0698474924641,569.1961435919294
2008-04-17,573.735593177894,566.221307161405
2008-04-18,570.6179037534846,563.3564684938048
2008-04-21,574.3495953869781,566.7373211267164
2008-04-22,572.2225405779191,564.7556808758844
2008-04-23,569.5539401066382,562.2465770890885
2008-04-24,558.3259704847171,551.0138215414715
2008-04-25,554.7389257675208,547.4237388795291
2008-04-28,558.9181725690341,551.5727958848702
2008-04-29,559.6549255024496,552.2937501815444
2008-04-30,566.1922994646822,558.9921490780303
2008-05-01,564.9370998551105,557.7056561292233
2008-05-02,552.5926216494272,545.089513545295
2008-05-05,554.3062150069757,546.8396803036261
2008-05-06,550.4837125094126,542.9363235901229
2008-05-07,554.926868506984,547.471402814735
2008-05-08,566.5262401324736,559.2910072784568
2008-05-09,571.0549338297116,563.9073146716373
2008-05-12,570.4995686175602,563.3411033798511
2008-05-13,551.6752977365805,544.2497915034972
2008-05-14,546.1933008483943,538.6962767497506
2008-05-15,557.0557758849791,549.6834688012073
2008-05-16,556.0979879957665,548.7143297983858
2008-05-19,559.0810395984544,551.7324532687651
2008-05-20,568.2405896360422,560.9935118727333
2008-05-21,562.794683132844,555.4877739614956
2008-05-22,548.1617648512702,540.7314247446166
2008-05-23,559.6993248772834,552.3475268359709
2008-05-26,559.6993248772834,552.3475268359709
2008-05-27,559.6993248772834,552.3475268359709
2008-05-28,549.3898733945617,541.975050895159
2008-05-29,542.3010076132106,534.848051190738
2008-05-30,545.98729925172,538.5531133250615
2008-06-02,559.0824435954038,551.6988551825826
2008-06-03,571.144996568122,563.7069759202009
2008-06-04,567.6778466823722,560.5837555042283
2008-06-05,557.7395582234535,550.8934283828286
2008-06-06,568.1464744249081,561.352196750792
2008-06-09,557.633191210284,551.4148016485568
2008-06-10,544.6946434380803,538.4856872716465
2008-06-11,541.3328376882879,535.156894732823
2008-06-12,554.6626259473605,548.4418416155388
2008-06-13,558.8153150443029,552.415651472492
2008-06-16,555.9072365712269,549.8573239604499
2008-06-17,550.2424793156833,544.793470088826
2008-06-18,540.7673951143374,536.2330886084789
2008-06-19,548.3176749573026,543.2584792482432
2008-06-20,539.2427873111025,535.0967899527715
2008-06-23,542.6086676390912,538.1531956070417
2008-06-24,532.1353021801099,528.9781608066386
2008-06-25,534.1907585355169,531.0453003463081
2008-06-26,522.21217635327,519.3409539616773
2008-06-27,520.0517012104901,517.1170473506812
2008-06-30,518.8301838423538,515.8598424562399
2008-07-01,519.4646999423153,516.5128984583536
2008-07-02,514.6285268681455,511.53797221117935
2008-07-03,512.6027099888889,509.45475972188746
2008-07-04,512.6027099888889,509.45475972188746
2008-07-07,512.6027099888889,509.45475972188746
2008-07-08,506.6195143871615,503.3067509376817
2008-07-09,502.48075590791734,499.05682965716096
2008-07-10,499.7276938950696,496.23082174564956
2008-07-11,480.84190608005474,476.97479554284473
2008-07-14,487.94170597267043,484.20293995947816
2008-07-15,493.90576465819953,490.2743225825829
2008-07-16,486.52676149579247,482.7670226946476
2008-07-17,473.68471237581105,469.7365190043909
2008-07-18,470.21575447417706,466.218770059185
2008-07-21,472.19184155985675,468.2224084054755
2008-07-22,468.27743339021185,464.2538089807892
2008-07-23,462.1704984404548,458.0660035004341
2008-07-24,476.4401054880131,472.48389056843934
2008-07-25,467.8929554123073,463.851549648765
2008-07-28,477.2775754883112,473.3197904464515
2008-07-29,475.4886841483331,471.5145347279983
2008-07-30,475.4886841483331,471.5145347279983
2008-07-31,484.1237827502804,480.22353986086915
2008-08-01,486.6006236503744,482.72219934557967
2008-08-04,484.2163107938731,480.3169132525967
2008-08-05,482.36544191025484,478.44996283530696
2008-08-06,479.38228722506386,475.44136949095684
2008-08-07,493.876860608842,490.0340573529852
2008-08-08,490.3338094176588,486.46642980330495
2008-08-11,484.69917502239,480.79515312399315
2008-08-12,495.3330382910644,491.48980358020424
2008-08-13,491.3925282079589,487.52663293497295
2008-08-14,496.60924122731194,492.77253603528777
2008-08-15,500.34086338600036,496.52541822819893
2008-08-18,504.4254293031093,500.63350966038695
2008-08-19,502.63546938866125,498.8332078037528
2008-08-20,508.3869183731481,504.6171897305829
2008-08-21,503.1744125939077,499.3762081255099
2008-08-22,498.5989747913147,494.77731796956635
2008-08-25,510.6629487953089,506.89374134240967
2008-08-26,510.18956130236717,506.41820227822603
2008-08-27,513.3864439309389,509.6296202225748
2008-08-28,511.59203957103665,507.8270754392026
2008-08-29,508.408507591431,504.62962789802106
2008-09-01,508.408507591431,504.62962789802106
2008-09-02,508.408507591431,504.62962789802106
2008-09-03,515.3908851107554,511.6411347545148
2008-09-04,521.4232022668023,517.6988858470039
2008-09-05,515.5131795607721,511.76531530976786
2008-09-08,511.61044198383223,507.8480561423281
2008-09-09,521.2730444661468,517.5429859017898
2008-09-10,513.2177267746731,509.6060687780569
2008-09-11,516.7538370773917,512.9824157425594
2008-09-12,502.1017212272442,499.318667862617
2008-09-15,530.7433971330724,527.7128689600409
2008-09-16,527.0647249833411,524.2518441234768
2008-09-17,536.6593126101466,533.4146075776475
2008-09-18,535.7643427613941,532.5746375398835
2008-09-19,509.12474119363304,506.84141903687146
2008-09-22,506.10752566455284,503.7162608352841
2008-09-23,504.36019429789144,501.90986202445885
2008-09-24,506.91877601947886,504.40116272299963
2008-09-25,500.5360884807258,498.2994409996444
2008-09-26,503.7999373091262,501.506136317586
2008-09-29,516.1623690259985,513.538873881757
2008-09-30,504.27647874358837,501.3721573277733
2008-10-01,506.8443857126757,504.0310252822042
2008-10-02,509.15624094922816,506.42498405436413
2008-10-03,512.1121991844675,509.4859651099629
2008-10-06,523.7743710223053,521.5324200519145
2008-10-07,518.8059458657939,516.7355005771432
2008-10-08,506.2999256331371,504.3219045046774
2008-10-09,499.4188031910478,497.212794838366
2008-10-10,499.4943043822676,497.2907655741251
2008-10-13,499.4943043822676,497.2907655741251
2008-10-14,499.4943043822676,497.2907655741251
2008-10-15,498.6006833725063,496.36791780955224
2008-10-16,500.3775437535464,498.2027325552955
2008-10-17,498.2618493346965,496.0180541396953
2008-10-20,504.67801887700745,502.52626936152706
2008-10-21,513.2401399056548,511.35400843075
2008-10-22,517.5502419480422,515.7989683829684
2008-10-23,521.0734513968065,519.4328580375656
2008-10-24,516.6674677536025,514.8899041259217
2008-10-27,516.6674677536025,514.8899041259217
2008-10-28,511.7057999603697,509.7782648916017
2008-10-29,509.7506787635976,507.7648214004831
2008-10-30,506.4539327706857,504.37097941962594
2008-10-31,502.9611174024912,500.77691944318764
2008-11-03,508.08431489655834,506.04550559621623
2008-11-04,517.6300325633234,515.8509029506174
2008-11-05,519.9903018419351,518.2764514621906
2008-11-06,519.9903018419351,518.2764514621906
2008-11-07,516.9446366485473,515.1469646179905
2008-11-10,520.7036780584127,519.008350835756
2008-11-11,520.7036780584127,519.008350835756
2008-11-12,520.7036780584127,519.008350835756
2008-11-13,518.553606671509,516.7996738664914
2008-11-14,523.1970363654399,521.5078239083265
2008-11-17,528.3853793879206,526.5237494412944
2008-11-18,538.5194723945029,536.2749425944594
2008-11-19,546.8146930215264,543.8141989420945
2008-11-20,563.2179326324821,557.8186746208626
2008-11-21,560.527221945122,555.6285922921126
2008-11-24,548.3344902259711,545.3656639053361
2008-11-25,565.6515835748937,560.9375648119591
2008-11-26,577.6550530685772,570.7637079788711
2008-11-27,577.6550530685772,570.7637079788711
2008-11-28,577.6550530685772,570.7637079788711
2008-12-01,592.7401042596462,583.8867130588247
2008-12-02,595.1360277550617,585.9611438284346
2008-12-03,601.853384393703,591.8973842769913
2008-12-04,610.6864840147373,599.8225967636373
2008-12-05,598.348442350373,588.2699931014594
2008-12-08,595.677041616803,585.8624451732735
2008-12-09,601.4584194647238,590.9801817219235
2008-12-10,596.085825132154,585.9966953913765
2008-12-11,607.7551275414864,596.7606272959601
2008-12-12,611.3815432627906,600.2569462064564
2008-12-15,614.9561622918139,603.9025185439936
2008-12-16,632.3480585264335,622.2057165864303
2008-12-17,640.5129419759578,630.645238634655
2008-12-18,644.7599752159637,634.9170447362516
2008-12-19,635.2998271370118,625.2347912719619
2008-12-22,634.754671897917,624.640935727933
2008-12-23,636.7417236398145,626.8054568353359
2008-12-24,632.7745576668038,622.4864163834471
2008-12-25,632.7745576668038,622.4864163834471
2008-12-26,632.7745576668038,622.4864163834471
2008-12-29,636.9839762729143,627.0655511356999
2008-12-30,632.3070194549674,621.9804679573208
2008-12-31,616.8533089784544,605.3563900240243
2009-01-01,616.8533089784544,605.3563900240243
2009-01-02,616.8533089784544,605.3563900240243
2009-01-05,615.6428061697211,604.0565215250181
2009-01-06,617.5363095288797,606.0893661098348
2009-01-07,618.8540281796098,607.5044082270327
2009-01-08,627.8681507101439,617.1583316722352
2009-01-09,630.4925831353597,619.9717743744613
2009-01-12,639.5381402839496,629.6477420765444
2009-01-13,638.2360671506286,628.2535409255585
2009-01-14,647.4361383957481,638.080066743567
2009-01-15,648.0287291667216,638.7136912695631
2009-01-16,641.7248147441271,631.9827097354073
2009-01-19,641.7248147441271,631.9827097354073
2009-01-20,641.7248147441271,631.9827097354073
2009-01-21,622.6235894110839,611.8315661368048
2009-01-22,615.6729950520381,604.5205922374373
2009-01-23,612.9595629880675,601.6685730452729
2009-01-26,609.9688783854923,598.5262810899434
2009-01-27,622.7442477076211,611.880113434785
2009-01-28,612.3648740682053,601.0446490007964
2009-01-29,600.7276996368926,588.9407393262509
2009-01-30,598.9680288482771,587.1121660010432
2009-02-02,610.8723232903843,599.4320719686335
2009-02-03,597.8577961530458,585.99302415935
2009-02-04,593.1669735319745,581.154659071796
2009-02-05,596.0889195572543,584.1664595254297
2009-02-06,589.8605994053776,577.7482886940888
2009-02-09,586.7797222157116,574.5749590561817
2009-02-10,603.9581725439164,592.1403404665718
2009-02-11,610.2078837154818,598.5317331245269
2009-02-12,615.6185104695254,604.0636425934321
2009-02-13,599.6541563334897,587.7948471802658
2009-02-16,599.6541563334897,587.7948471802658
2009-02-17,599.6541563334897,587.7948471802658
2009-02-18,591.2161845171149,579.6050617201971
2009-02-19,578.9486554363311,567.6665707244731
2009-02-20,587.3643844257404,575.5322313666992
2009-02-23,585.8226814175583,574.0712943287758
2009-02-24,582.2628524706728,570.7036249437082
2009-02-25,568.2444050759084,557.3071024460049
2009-02-26,571.3500381775823,560.2012087951102
2009-02-27,570.8077191400789,559.6976874892456
2009-03-02,585.7271730125722,573.80250864259
2009-03-03,582.0027565142016,570.1798093253478
2009-03-04,573.609678467899,562.1286328358462
2009-03-05,590.6451631483784,578.2582879390892
2009-03-06,590.9992242150448,578.5662729568265
2009-03-09,588.0707285185599,576.0004554587281
2009-03-10,578.4183199068775,567.4936373790463
2009-03-11,585.5326034339666,573.6765886388822
2009-03-12,590.5448900192582,578.0485044138713
2009-03-13,592.6020581608443,579.8001322601
2009-03-16,586.4405526436561,574.5287674492649
2009-03-17,578.5561348753458,567.5199996500534
2009-03-18,615.8434930538235,602.6934740274735
2009-03-19,610.4316972628607,598.4942732278824
2009-03-20,610.7345777557478,598.7474239933954
2009-03-23,608.7353418704084,597.0776514078472
2009-03-24,608.0835169248633,596.5303986985651
2009-03-25,600.788716649339,590.4145195365323
2009-03-26,604.3294043286431,593.3618673985535
2009-03-27,601.8674124257125,591.2849264098913
2009-03-30,605.311450298079,594.1528041593626
2009-03-31,607.8288048363752,596.2865690436552
2009-04-01,609.5439966496791,597.7331850788765
2009-04-02,601.7523427880375,591.0717448170002
2009-04-03,590.1617091993644,580.8692300050831
2009-04-06,589.1552480203109,579.9834260833396
2009-04-07,591.9699446854497,582.5150520378452
2009-04-08,596.6559180469625,586.8199668217861
2009-04-09,592.9906197492079,583.471832790726
2009-04-10,592.9906197492079,583.471832790726
2009-04-13,592.9906197492079,583.471832790726
2009-04-14,597.6304491698518,587.5537521859421
2009-04-15,599.6825417356749,589.3388745119191
2009-04-16,593.3091445978487,584.0704568401429
2009-04-17,583.0078418258986,575.4706486790008
2009-04-20,590.9905796779964,582.2789471283147
2009-04-21,584.1786491322207,576.4587531735829
2009-04-22,578.8261372596982,571.8779388210507
2009-04-23,580.5941648382924,573.3944416683526
2009-04-24,574.3311815668696,568.0438062682559
2009-04-27,583.3108077732093,575.6642686164536
2009-04-28,576.0578659633728,569.1703750431952
2009-04-29,569.6174432532121,563.4306933035133
2009-04-30,567.3485908470584,561.4221579015939
2009-05-01,565.0776209182354,559.3390044393916
2009-05-04,566.9875928612886,561.1378236613975
2009-05-05,567.5826640680164,561.7011102503498
2009-05-06,569.6956652960744,563.6571877002335
2009-05-07,557.9142709448283,552.7065188627984
2009-05-08,559.3328061891353,554.081088669325
2009-05-11,571.1591995819846,565.5613172769813
2009-05-12,571.548039136861,565.9635775092314
2009-05-13,577.1739350282662,571.7887420385185
2009-05-14,576.2736120944146,570.9229514223738
2009-05-15,573.98063234615,568.6724053643435
2009-05-18,563.1709880383396,558.6232900846023
2009-05-19,560.6823248332004,556.1197388285391
2009-05-20,565.0504293291002,560.5763156620976
2009-05-21,549.4716501080175,545.2584658634673
2009-05-22,539.5293573803052,534.8902372509978
2009-05-25,539.5293573803052,534.8902372509978
2009-05-26,539.5293573803052,534.8902372509978
2009-05-27,555.9712850813389,550.8619078454195
2009-05-28,556.3811748973092,551.2618872286976
2009-05-29,542.1129706138279,537.6595888368257
2009-06-01,561.2797882446388,555.3840932343621
2009-06-02,559.2630291142817,553.5466469109214
2009-06-03,552.583842242673,547.1857948771295
2009-06-04,565.695129806619,559.6055194303535
2009-06-05,583.5968545379048,575.8366230291048
2009-06-08,585.2537950080284,577.3539564518933
2009-06-09,580.4397790488606,572.942770006662
2009-06-10,583.9462788453505,576.1754343369855
2009-06-11,576.6361874537457,569.1791597537174
2009-06-12,573.0916211882667,565.8141471130853
2009-06-15,567.7399037336979,560.6340744982338
2009-06-16,564.6464877772207,557.6340804931161
2009-06-17,561.4513371837907,554.5376311518255
2009-06-18,576.9379164441796,569.6552737283781
2009-06-19,572.9093992165705,565.6587946005326
2009-06-22,564.1889839908928,557.0392267050514
2009-06-23,560.1784668155384,553.1767856645013
2009-06-24,563.5877373505658,556.6034533617963
2009-06-25,551.7857008319253,544.7617090403834
2009-06-26,549.452078136986,542.4591575621687
2009-06-29,548.9001133529844,541.9083681950356
2009-06-30,551.0585960106205,544.1982101750359
2009-07-01,551.0585960106205,544.1982101750359
2009-07-02,544.0448848747249,536.6070610630607
2009-07-03,544.0448848747249,536.6070610630607
2009-07-06,544.0448848747249,536.6070610630607
2009-07-07,537.3785285022387,530.6593527225169
2009-07-08,518.4114277647691,513.2989330102624
2009-07-09,526.6868041540141,522.1109620415826
2009-07-10,516.9112400864531,512.3502489603192
2009-07-13,520.9733960962465,516.607810931451
2009-07-14,527.3617223980813,522.9846528577586
2009-07-15,540.2410529959412,535.4227420916014
2009-07-16,536.6127490171058,531.8227624232712
2009-07-17,544.1224493796706,539.1356323784378
2009-07-20,537.0042929961704,531.857787848816
2009-07-21,527.9339817566495,522.6107388668054
2009-07-22,534.1750812830833,528.9648937906336
2009-07-23,548.2309718737378,542.702613935887
2009-07-24,544.3724375625474,538.8334842314563
2009-07-27,548.0977106679518,542.6232389534159
2009-07-28,547.7281952879539,542.2468885821094
2009-07-29,548.6837969001796,543.2267701079974
2009-07-30,546.341310751286,540.775876696452
2009-07-31,532.7600470183894,526.673718063383
2009-08-03,545.3023867685174,539.4682983410041
2009-08-04,546.8479649904538,541.1076053840674
2009-08-05,552.6574480779551,547.5080946939205
2009-08-06,549.8188091342001,544.587589727729
2009-08-07,559.6679372089237,554.8017411638521
2009-08-10,550.7013330638466,545.9675713019573
2009-08-11,545.3269343842139,540.3191760709849
2009-08-12,544.4161153103263,539.3248666998543
2009-08-13,533.8089913707902,528.4674644599647
2009-08-14,530.5339872204036,525.3147229475595
2009-08-17,524.4768370885296,519.0553964311431
2009-08-18,527.4243989086989,522.1241523092934
2009-08-19,521.6334726792675,515.9795402054833
2009-08-20,519.9135746794551,514.038825711877
2009-08-21,531.8274120580396,526.9975243182759
2009-08-24,526.6541254560411,521.5084948850796
2009-08-25,522.7779361159006,517.2092135193251
2009-08-26,521.2173530677386,515.4415400774536
2009-08-27,523.0275430666763,517.5021315009471
2009-08-28,520.2866337370931,514.3987611056212
2009-08-31,513.4616782103155,506.60615419062054
2009-09-01,509.40261477991015,501.71572694303785
2009-09-02,502.5858251593343,493.55504997104134
2009-09-03,506.51263308718245,498.2315863313848
2009-09-04,516.1086969009393,509.5305124566791
2009-09-07,516.1086969009393,509.5305124566791
2009-09-08,516.1086969009393,509.5305124566791
2009-09-09,514.956480459605,508.24360422110954
2009-09-10,528.831858362473,523.6901905216004
2009-09-11,530.0700313557949,524.9186733011161
2009-09-14,522.7146615011961,517.8261246990954
2009-09-15,516.7072191274625,511.9668308646657
2009-09-16,511.7753642155249,507.05108181006284
2009-09-17,519.7665375207708,515.6098303023919
2009-09-18,510.2218247929876,506.18831999696414
2009-09-21,509.7594102482546,505.6665079800312
2009-09-22,513.013226937371,509.4505538672987
2009-09-23,519.2387379623934,516.6706066605382
2009-09-24,523.7704896506777,521.5336921676957
2009-09-25,528.8644205358783,526.8633311354774
2009-09-28,532.891364307502,530.8601300791169
2009-09-29,535.1603392008116,533.1050272199496
2009-09-30,535.8103410255834,533.7750278956688
2009-10-01,553.9736444432646,552.8432128680182
2009-10-02,553.0529300977516,551.920414345714
2009-10-05,552.409460273849,551.2805248380109
2009-10-06,551.1353352168545,549.9493714150803
2009-10-07,563.2349801578672,562.6513301368641
2009-10-08,551.7369702317748,550.874406157331
2009-10-09,535.3558122537477,534.134999963352
2009-10-12,535.3558122537477,534.134999963352
2009-10-13,535.3558122537477,534.134999963352
2009-10-14,520.8067790789798,520.9392829943785
2009-10-15,513.7897525757481,514.4024082206067
2009-10-16,520.0681039919884,520.4431426875337
2009-10-19,522.0951669582201,522.3507335909906
2009-10-20,529.7895879981576,529.6422661444849
2009-10-21,517.7506484111354,518.3933954333722
2009-10-22,516.8954282479671,517.5654151470538
2009-10-23,510.22322599221536,510.7459632700505
2009-10-26,501.32491611128717,501.42626858867976
2009-10-27,514.3279473406477,515.652974449427
2009-10-28,519.7027839350172,521.0751430288487
2009-10-29,511.0529035880395,512.1281632536334
2009-10-30,524.7473309021184,526.2377695687736
2009-11-02,522.5777609787286,524.2871469342424
2009-11-03,516.8224056559426,519.0116654653616
2009-11-04,511.1663301182149,513.6547531041809
2009-11-05,514.9668233519042,517.803948083348
2009-11-06,520.4696388584052,523.6943397380151
2009-11-09,522.5217644471525,525.6393155216485
2009-11-10,523.4095438545994,526.5095912596595
2009-11-11,531.6958951138982,535.1268364404507
2009-11-12,529.6723750862503,532.9868652389976
2009-11-13,530.2721977884087,533.6210831303634
2009-11-16,543.8962715395664,548.3531062889055
2009-11-17,545.0619813717693,549.5999154298887
2009-11-18,539.2675170069848,543.1717368767016
2009-11-19,543.4947697606555,547.738588432471
2009-11-20,541.6126115986641,545.7008867623051
2009-11-23,542.8498686280715,547.1105146762997
2009-11-24,553.261876461028,557.8790912227506
2009-11-25,561.4053564793204,566.5867453203996
2009-11-26,561.4053564793204,566.5867453203996
2009-11-27,561.4053564793204,566.5867453203996
2009-11-30,562.8967798040533,568.1344484701017
2009-12-01,553.6913798211725,558.2844410432969
2009-12-02,543.2009733635784,547.5705843793218
2009-12-03,533.9647645704805,538.6310164264777
2009-12-04,512.9809719086425,519.3387910408261
2009-12-07,520.5163321255969,526.2459555753882
2009-12-08,532.4686015630751,537.3772204700083
2009-12-09,529.5906928485799,534.6359583317299
2009-12-10,519.814241436865,525.3800742663751
2009-12-11,509.63488843357203,515.7604276596392
2009-12-14,507.6536557601061,513.6737920974663
2009-12-15,500.1333145078997,505.45509921448
2009-12-16,501.9553025133034,507.5872634836186
2009-12-17,515.0128261291568,522.6933406454818
2009-12-18,507.09641978752984,514.4307700820045
2009-12-21,491.5923914976301,498.201549742239
2009-12-22,486.04621697041966,491.953993796281
2009-12-23,484.5594514818104,490.2506761100849
2009-12-24,478.85930637628087,483.7386796226524
2009-12-25,478.85930637628087,483.7386796226524
2009-12-28,478.85930637628087,483.7386796226524
2009-12-29,480.91223682398504,486.080355293781
2009-12-30,483.7619869666499,489.33015314048885
2009-12-31,477.6167513351991,482.3377610642933
2010-01-01,477.6167513351991,482.3377610642933
2010-01-04,477.6167513351991,482.3377610642933
2010-01-05,488.1805362233825,494.23262993800483
2010-01-06,484.5085098118248,490.09325902331364
2010-01-07,482.4944380659292,487.8250594937686
2010-01-08,485.6112236930138,491.3314220844302
2010-01-11,485.6112236930138,491.3314220844302
2010-01-12,473.14240309759407,477.44566876184484
2010-01-13,478.97157283220696,483.90764550575085
2010-01-14,472.9847722966348,477.27850643178715
2010-01-15,464.1769860026288,467.5795789087508
2010-01-18,464.1769860026288,467.5795789087508
2010-01-19,464.1769860026288,467.5795789087508
2010-01-20,458.66778976387144,461.5306745262462
2010-01-21,465.4653451091549,468.96361412028773
2010-01-22,467.0791767445204,470.7298621587948
2010-01-25,463.99386037488057,467.35373468370796
2010-01-26,465.7263789109038,469.2482642676816
2010-01-27,462.4148263178782,465.62784194856874
2010-01-28,463.3449731564154,466.64416466724845
2010-01-29,472.42349451730627,476.5169568252953
2010-02-01,466.3940053748745,469.9635215304985
2010-02-02,469.60027986552814,473.44360571993917
2010-02-03,460.43025746644685,463.5267800802537
2010-02-04,473.48655914106644,477.5105144165645
2010-02-05,484.6866448755307,489.46664628366517
2010-02-08,477.863651253012,482.1890483347532
2010-02-09,473.3002053023234,477.32907433951664
2010-02-10,467.2224867357288,470.86849747904205
2010-02-11,464.58479523675464,468.06700626406473
2010-02-12,470.56064108952864,474.40464720374484
2010-02-15,470.56064108952864,474.40464720374484
2010-02-16,470.56064108952864,474.40464720374484
2010-02-17,458.0421951124139,461.19211218928166
2010-02-18,449.5092868388784,452.21580542463437
2010-02-19,449.2271695255538,451.9192348552838
2010-02-22,449.2271695255538,451.9192348552838
2010-02-23,464.5383261667444,467.89595350825016
2010-02-24,465.0700190714165,468.4513453396364
2010-02-25,472.93816075111647,476.6594810573631
2010-02-26,478.98400260337314,482.9657144857541
2010-03-01,477.27894288321613,481.18676791769485
2010-03-02,477.5738816866582,481.4944576984808
2010-03-03,477.88145636341113,481.81533869546263
2010-03-04,479.8038572537583,483.82091590086577
2010-03-05,470.05062055683976,473.6687277263047
2010-03-08,467.49320514766487,471.0087291487506
2010-03-09,470.460112320736,474.09380592161926
2010-03-10,466.34904766376104,469.8200941815454
2010-03-11,464.23856533378876,467.62689624482147
2010-03-12,464.60311536239595,468.0056918701742
2010-03-15,466.12223714220454,469.5841819908681
2010-03-16,478.1950653571756,482.09486523175553
2010-03-17,478.1950653571756,482.09486523175553
2010-03-18,471.56027707956224,475.221872673424
2010-03-19,468.40431875253483,471.9544845262088
2010-03-22,476.3815578015092,480.2038913403992
2010-03-23,476.3815578015092,480.2038913403992
2010-03-24,450.8399854711194,454.07564452642816
2010-03-25,442.1788990308084,445.22948927318896
2010-03-26,448.37373724028123,451.55260519263544
2010-03-29,448.12872476800953,451.3024750897027
2010-03-30,448.12872476800953,451.3024750897027
2010-03-31,453.38590130073976,456.6681083436184
2010-04-01,449.5888595258694,452.79278437305203
2010-04-02,437.83701988882973,440.8161309835884
2010-04-05,432.33556772407525,435.2124940146589
2010-04-06,435.85334160822765,438.79469035405265
2010-04-07,448.3410695882565,451.4943762034273
2010-04-08,445.26921710071565,448.36983190015974
2010-04-09,446.72782237952805,449.853355907449
2010-04-12,452.24153553425265,455.46033388978725
2010-04-13,457.6216457011408,460.9311499677574
2010-04-14,452.6225586361411,455.84836140453245
2010-04-15,454.4948941816706,457.7518475928276
2010-04-16,466.19993283707294,469.6419016485248
2010-04-19,461.51781317307456,464.8857161684785
2010-04-20,460.9867439835223,464.3462931914025
2010-04-21,468.32246640175487,471.79544153179035
2010-04-22,462.00057966011275,465.3770060944819
2010-04-23,455.435545938376,458.7144463021711
2010-04-26,457.6328143963385,460.9441034448493
2010-04-27,475.3091335528653,478.8526054260127
2010-04-28,465.8924398905395,469.31481352052333
2010-04-29,471.9194474743433,475.41806001032523
2010-04-30,478.48362253110895,482.065012243427
2010-05-03,472.4975154123923,476.00423325513736
2010-05-04,481.6678657563983,485.28620431965936
2010-05-05,489.02889849823515,492.7366830560131
2010-05-06,505.4549459960212,509.33547801928177
2010-05-07,501.9077268975658,506.50284144043684
2010-05-10,491.17536406020974,497.41210913060206
2010-05-11,492.2730522928979,498.33605576056124
2010-05-12,488.8137724573787,495.64600821634207
2010-05-13,489.8328607726814,496.4399581773806
2010-05-14,504.44695067535736,508.052369473774
2010-05-17,501.05547651077876,505.70149810573827
2010-05-18,512.0251236023876,513.7044553809214
2010-05-19,512.9101764480014,514.3152915491552
2010-05-20,525.6267842640826,523.7067307721416
2010-05-21,532.1409966449155,528.5370856952663
2010-05-24,529.4599360021302,526.5823709464894
2010-05-25,538.771661406582,533.73391875382
2010-05-26,528.4325816519555,526.3116201641805
2010-05-27,512.8136409604914,514.6651596363427
2010-05-28,518.942522501224,519.5873433541698
2010-05-31,518.942522501224,519.5873433541698
2010-06-01,518.942522501224,519.5873433541698
2010-06-02,513.6577401205567,514.8039871064917
2010-06-03,510.3180154264183,511.69979496726296
2010-06-04,531.4686378014978,530.4541997682742
2010-06-07,533.0610884659899,531.9593557725663
2010-06-08,535.336902714455,534.118878810954
2010-06-09,532.9860511161512,531.8730352669137
2010-06-10,519.5256471106239,518.8351051678424
2010-06-11,529.54310120307,528.4175578032763
2010-06-14,523.7185268926618,522.9126898315932
2010-06-15,520.0261879664268,519.3866414229317
2010-06-16,522.2197064558211,521.4872521661948
2010-06-17,530.5782769360131,529.7371442343045
2010-06-18,526.8787713828859,526.1507274965866
2010-06-21,525.0185092611949,524.3077430965178
2010-06-22,533.0284476680289,532.480571593396
2010-06-23,539.2046117061309,538.6539490057309
2010-06-24,538.7686843863295,538.2141036004078
2010-06-25,540.9676872696784,540.5041805372713
2010-06-28,549.8423997292409,550.3640041567445
2010-06-29,555.0832084395238,556.2990465659472
2010-06-30,555.2905764857422,556.5450385593632
2010-07-01,556.1455880409069,557.5709594459619
2010-07-02,551.9416292741267,552.5387026868896
2010-07-05,551.9416292741267,552.5387026868896
2010-07-06,551.9416292741267,552.5387026868896
2010-07-07,547.1424782154405,547.2781350510318
2010-07-08,542.6530475233601,542.215444685251
2010-07-09,539.0375047186529,537.9216142276691
2010-07-12,542.0128384016704,541.449092192642
2010-07-13,534.6417366739435,532.7546381067905
2010-07-14,543.9112376079249,543.5804004077033
2010-07-15,552.675672325279,553.7800712708846
2010-07-16,559.5135719222952,561.7311422871426
2010-07-19,556.6541193267875,558.4043647170474
2010-07-20,560.1449316378743,562.460666965092
2010-07-21,564.8913585392199,567.9744727875645
2010-07-22,558.872382758523,561.0007686372705
2010-07-23,549.770372586245,550.5461443807563
2010-07-26,550.9001387327104,551.841144448275
2010-07-27,543.366515095362,543.2433337662064
2010-07-28,553.0841744439713,554.2455149204237
2010-07-29,557.4302615997569,559.1711381888125
2010-07-30,570.820682330461,574.2050869100166
2010-08-02,563.7347935542516,566.2592126099748
2010-08-03,573.8623604876237,577.5475885805716
2010-08-04,567.3872963709939,570.3387296986517
2010-08-05,572.2315703643742,575.7219825651913
2010-08-06,584.9052648104,589.7222109439186
2010-08-09,583.7575960105017,588.4524070305598
2010-08-10,592.6139011143858,598.224719836442
2010-08-11,604.4766573475158,611.2722557629543
2010-08-12,599.4493124284287,605.7439437840289
2010-08-13,603.9934315561678,610.7360645928916
2010-08-16,616.3521505723759,624.2642121711713
2010-08-17,606.1044675697888,613.0865528432298
2010-08-18,604.911974368899,611.7876367501982
2010-08-19,611.7029373607501,619.1770034425291
2010-08-20,603.2603966990329,610.0128667163167
2010-08-23,605.7755012541026,612.7404105216972
2010-08-24,620.9633162927115,629.1202623997463
2010-08-25,611.536654564995,618.9727624259108
2010-08-26,617.2883135421956,625.1559280363764
2010-08-27,598.3369061561507,604.9820532560632
2010-08-30,613.1656787162397,620.675642034666
2010-08-31,618.4506451319751,626.2725877350438
2010-09-01,605.7676358221244,612.884242469057
2010-09-02,602.108546687995,609.0260223556284
2010-09-03,594.2228333658769,600.7236184250047
2010-09-06,594.2228333658769,600.7236184250047
2010-09-07,594.2228333658769,600.7236184250047
2010-09-08,588.0391809109348,594.2210856561524
2010-09-09,575.8798514869204,581.4731916729434
2010-09-10,572.5098870030102,577.9431227521828
2010-09-13,580.0673803810022,585.8494022563642
2010-09-14,587.9757399228046,594.1173041899722
2010-09-15,584.1682103812091,590.1358815555387
2010-09-16,579.7757281026029,585.5450193095983
2010-09-17,583.527720744195,589.464584850461
2010-09-20,587.9446150233558,594.0782105184236
2010-09-21,603.8675979663582,610.6512460189516
2010-09-22,606.8553513584093,613.7629586187653
2010-09-23,607.1150693028255,614.0334887590063
2010-09-24,600.9510164662148,607.6163796510169
2010-09-27,613.4377874833046,620.5881337788957
2010-09-28,621.6256834027521,629.092951774464
2010-09-29,616.766949690116,624.0463560431073
2010-09-30,614.8302520569118,622.0353105304799
2010-10-01,615.4047163769104,622.6317844925177
2010-10-04,622.838949157957,630.3472025244778
2010-10-05,626.2212688988208,633.858225950978
2010-10-06,635.4234673380448,643.405155998359
2010-10-07,636.4033255840974,644.4220626062745
2010-10-08,640.1498359233806,648.3101437117879
2010-10-11,642.9930132014919,651.2611008986382
2010-10-12,634.6210891096507,642.5789175217162
2010-10-13,637.9344097737851,646.0138737935961
2010-10-14,625.0074576219718,632.6356377725414
2010-10-15,615.1060191652222,622.4030983548729
2010-10-18,629.4273866111953,637.1731325042848
2010-10-19,632.4992059149308,640.3423579915423
2010-10-20,632.8554567491894,640.7099376899304
2010-10-21,623.4024816712617,630.9641489970471
2010-10-22,618.3265412615798,625.7335567829462
2010-10-25,618.3265412615798,625.7335567829462
2010-10-26,601.8643115496886,608.8081714072202
2010-10-27,591.0823940100963,597.7361178331997
2010-10-28,604.2467813689814,611.2332387706304
2010-10-29,612.8252801270207,620.0268808566011
2010-11-01,613.4798332626305,620.6979703887488
2010-11-02,618.2432029984034,625.5811168065845
2010-11-03,619.3068768114342,626.6716414136735
2010-11-04,643.8533766632777,651.7536667874582
2010-11-05,637.7367469037299,645.5024680623196
2010-11-08,636.5483473072464,644.2880514710077
2010-11-09,621.0117784688447,628.428473113395
2010-11-10,628.6717191494542,636.2441857500844
2010-11-11,620.0691228319663,627.4682578897639
2010-11-12,610.5103657799851,617.7212575636063
2010-11-15,591.6231371254236,598.4886001821138
2010-11-16,595.6278427054858,602.5653160692138
2010-11-17,593.0827676527805,599.974379405805
2010-11-18,587.1303455037577,593.9153714365011
2010-11-19,587.6151484394148,594.4088181417103
2010-11-22,596.7855606462938,603.7395949945102
2010-11-23,601.8177752921547,608.8597951885612
2010-11-24,584.1889587341774,590.9373420868517
2010-11-25,584.1889587341774,590.9373420868517
2010-11-26,584.1889587341774,590.9373420868517
2010-11-29,588.0452075118744,594.8568754726471
2010-11-30,590.8803764730193,597.7385659913572
2010-12-01,572.1362276711204,578.7026513624058
2010-12-02,566.979743108973,573.5960324893612
2010-12-03,569.5651632361179,576.0956818794729
2010-12-06,578.9995193682095,585.642050824982
2010-12-07,555.3494531791239,562.0678099383505
2010-12-08,548.5399903579037,556.3589510780334
2010-12-09,548.1794573399787,556.0541725204254
2010-12-10,542.00897034519,550.5194576837212
2010-12-13,546.6628055370052,554.9831392876101
2010-12-14,561.7536021718838,568.769322880433
2010-12-15,565.8921364674151,572.3701472548439
2010-12-16,562.2004167715401,569.2517227149342
2010-12-17,550.2697879402754,558.8483395018559
2010-12-20,552.3753687422304,560.5287427273054
2010-12-21,550.397666533543,558.9348516069376
2010-12-22,553.4673325230332,561.4108160199611
2010-12-23,558.8505983176996,565.8579771206952
2010-12-24,558.8505983176996,565.8579771206952
2010-12-27,558.8505983176996,565.8579771206952
2010-12-28,571.104500617983,576.2030622232329
2010-12-29,555.5496030676699,562.7289774527299
2010-12-30,558.9274109057244,565.4892179570768
2010-12-31,553.1536913266868,560.5980569837797
2011-01-03,556.6893735529911,563.5225813272755
2011-01-04,554.8272837283032,561.908252768803
2011-01-05,569.1072737780584,574.2590582010422
2011-01-06,561.3368160909488,567.7403031911887
2011-01-07,550.0532813134377,558.1049074819598
2011-01-10,547.428936343548,555.8603796612928
2011-01-11,551.8424634338246,559.600093963402
2011-01-12,551.6166318581604,559.4145888771146
2011-01-13,543.5414556230678,552.7039804754136
2011-01-14,547.1080549759057,555.7984279253593
2011-01-17,547.1080549759057,555.7984279253593
2011-01-18,547.1080549759057,555.7984279253593
2011-01-19,544.0921788346766,553.3019186136796
2011-01-20,559.2297902742141,565.9217685308806
2011-01-21,554.0108852915837,561.5949917783156
2011-01-24,552.7115642186035,560.535775765045
2011-01-25,541.1069237110056,551.017472192296
2011-01-26,551.4358925998321,560.0508957210664
2011-01-27,544.4199084531742,554.2782711585456
2011-01-28,536.6048834235474,547.571858959864
2011-01-31,542.4610101080225,552.5789253937459
2011-02-01,550.6794508826474,559.7244529621765
2011-02-02,557.525562372537,565.6730066997619
2011-02-03,565.6574944030613,572.4871695854163
2011-02-04,580.5712286296525,585.3834280048316
2011-02-07,580.0401936129452,584.9127490674633
2011-02-08,590.6891986054735,594.5399773733056
2011-02-09,580.484393727382,585.3501018548235
2011-02-10,588.1688916765324,592.3052797754591
2011-02-11,581.5634246175983,586.3924800187818
2011-02-14,579.2835858495821,584.3807106840649
2011-02-15,578.9977205468182,584.1197032941549
2011-02-16,579.8442353798573,584.9355449345402
2011-02-17,571.9477624134674,577.3742119790279
2011-02-18,570.9982277313985,576.5228146673339
2011-02-21,570.9982277313985,576.5228146673339
2011-02-22,570.9982277313985,576.5228146673339
2011-02-23,576.8122697792596,581.9765989107959
2011-02-24,571.9277632731794,577.2553678503342
2011-02-25,568.6970891155563,574.0237625104824
2011-02-28,566.3903242623958,571.6860302775153
2011-03-01,564.7804716229527,569.9548700341255
2011-03-02,573.158571903048,579.1263714997627
2011-03-03,591.0825202930332,598.2584201813315
2011-03-04,575.049076003342,582.5003137289918
2011-03-07,575.3496713530593,582.7945540744722
2011-03-08,580.5748652344952,587.9831694094293
2011-03-09,569.3395488197511,576.5571684465591
2011-03-10,556.0807567935753,563.3499368830087
2011-03-11,554.9100504458256,562.2114826141375
2011-03-14,545.905045040005,552.905910374667
2011-03-15,543.1345780507518,550.0003426784846
2011-03-16,527.646329686022,533.5846668582204
2011-03-17,532.5854106473402,538.8007251849803
2011-03-18,536.5827737191877,543.112748519027
2011-03-21,544.3845520040276,551.6374506458585
2011-03-22,547.0437701639955,554.4619094209651
2011-03-23,548.2599771533326,555.9351017916384
2011-03-24,555.7293344494028,564.9716532587711
2011-03-25,560.8122031813064,571.1196656078026
2011-03-28,562.6577564819454,573.3547477323406
2011-03-29,568.124636446985,579.9624495724381
2011-03-30,561.6638983029753,572.1755658602012
2011-03-31,563.3731875569845,574.2316258019232
2011-04-01,564.5623084372094,575.6625773252506
2011-04-04,559.6258780740586,569.7350681880328
2011-04-05,568.6242348499991,580.4513601287215
2011-04-06,576.4673059462782,589.7718703157285
2011-04-07,574.5296789451726,587.4660431765584
2011-04-08,576.5397730386093,589.8566302452189
2011-04-11,574.7927778967382,587.7788856553174
2011-04-12,560.6106358198303,571.1995112731694
2011-04-13,554.4022572277103,563.9855086677609
2011-04-14,558.3769552797133,568.5925585356805
2011-04-15,545.4206198969454,553.7366260512142
2011-04-18,537.8466641689096,545.1045188865803
2011-04-19,536.5752034630653,543.657628568744
2011-04-20,543.733398925617,551.7706181023672
2011-04-21,542.0529730741077,549.8637096414819
2011-04-22,542.0529730741077,549.8637096414819
2011-04-25,542.0529730741077,549.8637096414819
2011-04-26,534.2279735104335,541.0173948780289
2011-04-27,539.9083994299846,547.4150131093202
2011-04-28,527.7676933370853,533.8370519185022
2011-04-29,531.9045246702241,538.4482636881991
2011-05-02,534.0565507013134,540.8477702655306
2011-05-03,538.8887834458117,546.2295789341301
2011-05-04,543.8860466868806,551.791447401523
2011-05-05,554.3910543336667,563.4268534598372
2011-05-06,559.9161650961448,569.5479718566633
2011-05-09,564.8205287720554,574.9807810270918
2011-05-10,554.8401343079938,563.9695281843638
2011-05-11,563.3911997575321,573.3643599589328
2011-05-12,556.740524194621,566.0640749592607
2011-05-13,565.4717794086099,575.6139275428185
2011-05-16,572.3511402078319,583.0453344511814
2011-05-17,577.7973577491839,588.8049630804084
2011-05-18,565.5042163931876,576.2788556955916
2011-05-19,567.8293317538839,578.649578329486
2011-05-20,574.5043033629458,585.0387776105833
2011-05-23,580.9954581078646,591.143264646597
2011-05-24,583.836428894628,593.7928000580732
2011-05-25,586.16784372697,596.0064015370339
2011-05-26,607.8511162706001,616.6757386138551
2011-05-27,611.5168157996333,620.2849545476558
2011-05-30,611.5168157996333,620.2849545476558
2011-05-31,611.5168157996333,620.2849545476558
2011-06-01,632.3610989480717,643.0252760835407
2011-06-02,622.9387531329066,632.7570710398124
2011-06-03,632.7047435117909,643.3650865376708
2011-06-06,633.1411023380164,643.83952555215
2011-06-07,630.8732244720035,641.3743323965874
2011-06-08,644.1888513927984,655.7857772316213
2011-06-09,631.2600923655599,641.8451804536488
2011-06-10,638.2108241589963,649.3251663030732
2011-06-13,633.2918679046279,644.0326879456776
2011-06-14,611.8161349392844,621.1878697751025
2011-06-15,635.8281812336396,646.4117214165126
2011-06-16,644.0314531673041,655.0322784192983
2011-06-17,639.7041437709271,650.4844145105604
2011-06-20,637.9267501866843,648.6169125233076
2011-06-21,634.5566857454666,645.076900257978
2011-06-22,634.8731867698675,645.409312714441
2011-06-23,648.9556093942613,660.1630964024414
2011-06-24,656.8335401188901,668.4167334908229
2011-06-27,650.100678780294,661.3648856362994
2011-06-28,629.598674969806,640.0034017784283
2011-06-29,621.6619250021594,631.7447976415652
2011-06-30,613.3071928745352,623.0589068678604
2011-07-01,607.7741185232471,617.3094327604819
2011-07-04,607.7741185232471,617.3094327604819
2011-07-05,607.7741185232471,617.3094327604819
2011-07-06,613.3055479404386,623.0537451965304
2011-07-07,604.4227804907806,613.8331505194541
2011-07-08,624.1720381897103,634.2432057086857
2011-07-11,636.2468401428292,646.3065457897462
2011-07-12,637.5262828656815,647.4428794887185
2011-07-13,640.3927057656065,650.0502068026663
2011-07-14,634.2399107682052,644.4075945343296
2011-07-15,641.1847819880675,651.1365656318818
2011-07-18,642.2227631010111,652.1674358223913
2011-07-19,642.2227631010111,652.1674358223913
2011-07-20,636.5913928366922,646.3309431693089
2011-07-21,626.4049258160209,635.783464670416
2011-07-22,631.9486145097815,641.5200297360168
2011-07-25,628.3975934496291,637.8450641749952
2011-07-26,635.6689683838009,645.3656587740178
2011-07-27,630.2190842090203,639.7288067115533
2011-07-28,635.1943213961674,644.872708768061
2011-07-29,656.4731648689473,666.7975760797467
2011-08-01,664.3617677220336,674.4479527759702
2011-08-02,678.626375918886,688.2536366790401
2011-08-03,680.5787690589982,689.8423490809064
2011-08-04,700.0414931572752,706.143439652212
2011-08-05,681.4720472154713,690.9267125926964
2011-08-08,706.4038346355097,712.6440043891914
2011-08-09,723.1960020856674,728.4174027956147
2011-08-10,726.4657184186447,731.2983682116766
2011-08-11,715.4451310517384,720.761972676285
2011-08-12,723.6335253577611,728.8395372160437
2011-08-15,719.7863721485633,724.9077232448215
2011-08-16,726.1030035004025,731.5852061900149
2011-08-17,729.65648414493,735.354867650719
2011-08-18,735.1621592592691,741.240437132398
2011-08-19,735.3687610952534,741.4665827816767
2011-08-22,732.623313268187,738.4162780532288
2011-08-23,728.9251346567344,734.3115975647057
2011-08-24,718.4057828613502,722.6880497460146
2011-08-25,724.0343955571641,728.8952491283467
2011-08-26,728.2995932013459,733.6005390988197
2011-08-29,720.0219199737076,724.4858544167631
2011-08-30,729.8988669379459,735.3244859325464
2011-08-31,724.0925828761185,728.9532368431805
2011-09-01,732.5978508870946,738.2646525985874
2011-09-02,744.3502900253606,751.1030524873106
2011-09-05,744.3502900253606,751.1030524873106
2011-09-06,744.3502900253606,751.1030524873106
2011-09-07,738.8947503745621,745.1422231005514
2011-09-08,745.0032049123143,751.8086166371329
2011-09-09,754.4562843840913,762.1143752584327
2011-09-12,749.3672529634445,756.5663004276814
2011-09-13,742.2908997403744,748.8668420383864
2011-09-14,739.2490709044741,745.5603678599456
2011-09-15,729.6914911228992,735.1986998146156
2011-09-16,731.1049141414427,736.7297036243876
2011-09-19,748.9752176797297,755.9575286994317
2011-09-20,747.5882190567934,754.4631025990309
2011-09-21,752.775145062377,760.0491866565776
2011-09-22,771.2766530903255,779.8660111990328
2011-09-23,757.6165577008496,765.2693662582191
2011-09-26,747.149725503919,754.1174500671938
2011-09-27,734.4455520668965,740.6270718026288
2011-09-28,736.1913840898716,742.4793908689752
2011-09-29,741.3858871688963,747.9891389700293
2011-09-30,743.2784078294172,749.997117460306
2011-10-03,758.9068799570894,766.5221212248314
2011-10-04,758.3607545011755,765.9441486620459
2011-10-05,743.5768830188961,750.3472537611452
2011-10-06,733.6727238140277,739.9197147029961
2011-10-07,723.4032043491752,729.1265911141602
2011-10-10,703.336094535874,708.1480651831239
2011-10-11,712.24838077533,717.4446794483853
2011-10-12,707.8530398576088,712.8584015116902
2011-10-13,715.2633862390553,720.5826922543515
2011-10-14,710.637147650414,715.7594790948464
2011-10-17,719.5812970973376,725.0723423212514
2011-10-18,721.2756263205881,726.8370925403847
2011-10-19,721.5282414410802,727.1002267569049
2011-10-20,719.1603656040369,724.6337494850156
2011-10-21,718.34141693512,723.7807717765539
2011-10-24,712.686972680607,717.8928912706194
2011-10-25,726.7714842871623,732.5208209658484
2011-10-26,716.9988268995661,722.3733890544803
2011-10-27,695.8595215582873,700.514995781859
2011-10-28,707.3442709875432,712.3645278303792
2011-10-31,721.3577300892676,726.8020212197507
2011-11-01,737.8485879708901,743.7629632635836
2011-11-02,738.8129800709041,744.637334806662
2011-11-03,734.4817900363068,740.7727697468033
2011-11-04,737.8591142492114,743.824152080734
2011-11-07,743.0389428430065,748.4685931256163
2011-11-08,733.6191648052386,740.4083513523627
2011-11-09,747.3709320922511,752.7029905011728
2011-11-10,738.3718227191227,745.1243688676815
2011-11-11,727.7551524882931,735.8679825914221
2011-11-14,739.7871145598419,746.8213833299407
2011-11-15,737.4085887698968,744.7615121965109
2011-11-16,740.6811808517084,747.7016261707635
2011-11-17,747.0889885899512,753.5402630266624
2011-11-18,736.3595106663471,743.8513347130314
2011-11-21,741.8092031130321,749.0099730253366
2011-11-22,746.214210933759,753.1854457495308
2011-11-23,755.0064795781273,761.5253655542426
2011-11-24,755.0064795781273,761.5253655542426
2011-11-25,755.0064795781273,761.5253655542426
2011-11-28,756.4965766367363,762.8473117413629
2011-11-29,749.2745049653981,756.6671525535899
2011-11-30,739.1591772577607,747.9590101434601
2011-12-01,734.208997856879,743.3710677712961
2011-12-02,746.8925800715292,755.5250762843139
2011-12-05,744.081307168847,752.9566015405887
2011-12-06,737.9948985239206,747.2757660825771
2011-12-07,754.2420970036522,762.7631938721066
2011-12-08,764.8553655430978,772.6379002719451
2011-12-09,750.2322436192729,759.6188861526991
2011-12-12,759.6248970271711,768.3233773542263
2011-12-13,767.3691818708324,775.3656136785206
2011-12-14,776.9880032063915,783.8679104667875
2011-12-15,774.117732434949,781.3475313777354
2011-12-16,787.6213626307768,793.8014818025406
2011-12-19,792.5462319299054,798.2264558957876
2011-12-20,771.6471994400983,778.633614994391
2011-12-21,766.308914203049,773.2305193782045
2011-12-22,767.1151102344437,774.0874043063084
2011-12-23,751.7837418237308,757.7683972081644
2011-12-26,751.7837418237308,757.7683972081644
2011-12-27,751.7837418237308,757.7683972081644
2011-12-28,770.0659721303512,777.5103158281752
2011-12-29,773.7796114174067,781.1829463572079
2011-12-30,781.3288521667997,788.812755409602
2012-01-02,781.3288521667997,788.812755409602
2012-01-03,781.3288521667997,788.812755409602
2012-01-04,776.7298953887737,784.2776565447514
2012-01-05,780.074651802042,787.5656843822176
2012-01-06,787.51067834504,795.3738858408371
2012-01-09,791.0794527583203,798.9333482491733
2012-01-10,786.5610599756542,794.175435503579
2012-01-11,801.9523768736108,810.6336591590875
2012-01-12,794.464042439629,802.5725149413884
2012-01-13,812.4761167655925,822.1237915393644
2012-01-16,812.4761167655925,822.1237915393644
2012-01-17,812.4761167655925,822.1237915393644
2012-01-18,801.6993435226592,810.7843574525027
2012-01-19,784.325037082426,792.0560734318358
2012-01-20,771.4606546815127,778.2500012583082
2012-01-23,763.2779651906835,769.4865925244976
2012-01-24,766.5218425687183,772.9578978945378
2012-01-25,786.2685839569192,793.9540291357777
2012-01-26,805.1292898414694,813.9360559784026
2012-01-27,814.1235924453412,822.2642571787517
2012-01-30,824.8445531452918,831.8259456357405
2012-01-31,832.5373641179665,838.7611263257993
2012-02-01,823.6531529169813,830.0948788909418
2012-02-02,829.7315232742208,836.3333396913143
2012-02-03,803.0787785255351,809.8154126232619
2012-02-06,812.4279297312281,819.5931151577292
2012-02-07,797.9308347190159,804.8450453303581
2012-02-08,796.2092089208934,803.0777383481396
2012-02-09,787.677826421406,793.995212398597
2012-02-10,804.064124368948,811.3625338596598
2012-02-13,796.7867519781312,803.7922596884704
2012-02-14,807.8174590154669,815.4682123384932
2012-02-15,809.1502298828324,816.8577913391113
2012-02-16,792.4636319531082,799.2477460363343
2012-02-17,790.7571437971313,797.4484428885913
2012-02-20,790.7571437971313,797.4484428885913
2012-02-21,790.7571437971313,797.4484428885913
2012-02-22,802.4699631480969,809.7771875892357
2012-02-23,807.1036217317574,814.6563429112077
2012-02-24,806.620043568209,814.1470324864672
2012-02-27,820.4373080523112,828.670852932542
2012-02-28,821.9557218834458,830.2679250127246
2012-02-29,807.5877911206121,815.1897204243485
2012-03-01,794.1596808917254,801.1327775694978
2012-03-02,811.364777060837,819.0819969823343
2012-03-05,804.4833148031368,812.0845276674519
2012-03-06,821.1437413103438,829.4341562439078
2012-03-07,814.6017725078384,822.9539911417763
2012-03-08,804.8966882803743,812.8469048622384
2012-03-09,799.0165817146514,806.7272183892792
2012-03-12,800.0254085216584,807.7769262159048
2012-03-13,780.0577591710941,787.065273367452
2012-03-14,745.4657045021813,751.5112966611701
2012-03-15,747.020894318759,753.1083668778926
2012-03-16,742.160794939042,748.1175387416615
2012-03-19,728.4489087357429,734.0499965718025
2012-03-20,727.8118133853272,733.3965841270219
2012-03-21,740.9791726670056,746.8846418179099
2012-03-22,744.5356004588099,750.5282542877944
2012-03-23,751.2251529493733,757.3802282500067
2012-03-26,751.5724126573019,757.7359641010119
2012-03-27,763.6060264782989,770.0536964789128
2012-03-28,763.2450240474305,769.684086966106
2012-03-29,771.0727570497008,777.695953328391
2012-03-30,760.7779588945535,767.1618568577524
2012-04-02,766.1215504038363,772.6278339661853
2012-04-03,747.1678970728564,753.2652350363526
2012-04-04,736.9584048897957,742.842124511092
2012-04-05,723.8086446451733,729.4267520921492
2012-04-06,701.8405408078116,707.055193158619
2012-04-09,703.5677143308849,708.7888279526516
2012-04-10,712.0167771969694,717.3867432494449
2012-04-11,706.6102789705411,712.1994438465517
2012-04-12,702.1572007415733,708.4375293632531
2012-04-13,711.6658671449901,716.4190460852622
2012-04-16,715.7194081518978,719.7100404386554
2012-04-17,708.3592659882256,713.8880121953068
2012-04-18,711.9904180544538,717.0399791517793
2012-04-19,717.2262688747503,721.7653221368817
2012-04-20,714.5629119848394,719.4916935478199
2012-04-23,723.0105146085363,727.264262729943
2012-04-24,717.3643280137915,722.0358092775705
2012-04-25,714.7798225511982,719.5522397190663
2012-04-26,721.1954590775367,725.9406836646668
2012-04-27,727.7364816275351,732.53617699059
2012-04-30,731.7438048277972,736.1878470913302
2012-05-01,722.4897343114612,726.759504333927
2012-05-02,729.8382862937084,733.387383527344
2012-05-03,729.8382862937084,733.387383527344
2012-05-04,744.5380449740798,747.8016042809026
2012-05-07,744.5380449740798,747.8016042809026
2012-05-08,754.8964934519788,757.1820726951236
2012-05-09,754.2896825467952,756.6416722275713
2012-05-10,748.9876766764237,752.1508359200121
2012-05-11,761.4239699425171,762.9926754768111
2012-05-14,775.9286853973139,775.7121506254972
2012-05-15,773.9876524094095,773.9279273636002
2012-05-16,776.4671301396962,775.7826755420894
2012-05-17,794.028684202012,789.6604111484547
2012-05-18,796.4789833871448,791.60532651907
2012-05-21,786.6880927588769,783.5676572228292
2012-05-22,771.257081443346,770.2115811850326
2012-05-23,791.0947281121535,789.8790020493905
2012-05-24,780.0659876064029,779.8591653947783
2012-05-25,788.5216789460688,788.6761300037998
2012-05-28,788.5216789460688,788.6761300037998
2012-05-29,788.5216789460688,788.6761300037998
2012-05-30,819.0033886411148,820.9290562168269
2012-05-31,826.4521655131414,828.8206792475888
2012-06-01,851.1695825809923,854.8177686109428
2012-06-04,831.9805808856352,835.9009923650736
2012-06-05,827.5482842252568,831.5071727234852
2012-06-06,810.625132117941,813.7110293109931
2012-06-07,813.7946942442599,817.0408848115297
2012-06-08,815.4484220311622,818.7785099991554
2012-06-11,823.6001782503328,827.3388419752882
2012-06-12,808.1299974366125,811.1325584301042
2012-06-13,821.271340504563,824.8644357498442
2012-06-14,815.8718634633667,819.220869124281
2012-06-15,823.1091948232875,826.7799966879504
2012-06-18,821.7838221559276,825.395289322828
2012-06-19,814.491301547761,817.7810962835973
2012-06-20,806.1860369702156,809.1182460709433
2012-06-21,810.8750382367311,814.0063331276243
2012-06-22,799.8166231038314,802.4895184541265
2012-06-25,816.6280931004785,819.9419763342439
2012-06-26,812.8970459056856,816.0666640156841
2012-06-27,816.2739851354262,819.5733713071171
2012-06-28,828.187460225559,831.9321606289755
2012-06-29,811.045906499307,814.1853383176052
2012-07-02,829.6949851474949,833.4310437877526
2012-07-03,819.065827709624,822.4643624433671
2012-07-04,819.065827709624,822.4643624433671
2012-07-05,819.065827709624,822.4643624433671
2012-07-06,830.8573492918935,834.6156740434424
2012-07-09,836.4324074459435,840.3618688132369
2012-07-10,838.8534182179363,842.8575497439094
2012-07-11,837.8431264387137,841.8160406849662
2012-07-12,839.9465949306438,843.9844211814304
2012-07-13,836.1156494765876,840.0354876026178
2012-07-16,845.675485455732,849.8838994517239
2012-07-17,835.900560172969,839.8177510336482
2012-07-18,843.4588223702972,847.5969179075055
2012-07-19,832.7415967681075,836.5722238799812
2012-07-20,849.1518973836886,853.4244443328441
2012-07-23,855.0905663708612,859.524636428784
2012-07-24,863.1085570975092,867.7598582848356
2012-07-25,861.8259469040601,866.4422889314299
2012-07-26,853.2498707774301,857.63667997777
2012-07-27,819.6833219219637,823.3705263546075
2012-07-30,832.9912244329781,836.937925627394
2012-07-31,835.8981343647166,839.9020792947751
2012-08-01,820.2101433105014,823.9179613559768
2012-08-02,834.2544574945202,838.2134531336011
2012-08-03,813.5237072557118,817.1354663261775
2012-08-06,818.9716034263685,822.6724044000058
2012-08-07,804.5032580398498,807.9745733963092
2012-08-08,802.0030648390929,805.4352118305828
2012-08-09,801.1380047056615,804.5566270340092
2012-08-10,809.1735938543703,812.7157695375174
2012-08-13,805.9368850415246,809.4290010758388
2012-08-14,791.4461519327467,794.7221691436342
2012-08-15,775.4118482898381,778.4611704860147
2012-08-16,769.3952937821889,772.3609874837924
2012-08-17,773.3514963540604,776.3715050895845
2012-08-20,773.8099815419046,776.8363002282986
2012-08-21,776.6729320175994,779.7384998459357
2012-08-22,797.6586964774488,800.9841414160869
2012-08-23,808.3638598104291,811.8208762144496
2012-08-24,805.1562945780249,808.5735982914466
2012-08-27,812.2364009108354,815.7402350130357
2012-08-28,816.6433320872534,820.2011001580829
2012-08-29,812.5655107570219,816.073309545209
2012-08-30,825.4912816242431,829.1522938278322
2012-08-31,844.3119248436611,848.1855414779066
2012-09-03,844.3119248436611,848.1855414779066
2012-09-04,844.3119248436611,848.1855414779066
2012-09-05,842.680475193068,846.6023838006234
2012-09-06,821.7996996579604,825.772620928552
2012-09-07,830.5371988931572,834.5607266333151
2012-09-10,825.5545645904908,829.5164020166229
2012-09-11,822.9862628372382,826.9164565817255
2012-09-12,808.4406620068762,812.197994757479
2012-09-13,821.9705111069569,825.8823057897922
2012-09-14,795.7476385344323,799.3885165321036
2012-09-17,799.4698619627349,803.1484244740454
2012-09-18,804.201285554179,807.9276805884268
2012-09-19,809.1186213131614,812.894689208573
2012-09-20,810.0506782847972,813.8361902486438
2012-09-21,818.2486000617088,822.1164191736589
2012-09-24,826.1986190663779,830.1460087773103
2012-09-25,834.3983352773155,838.427538280712
2012-09-26,849.9606303406741,854.1413998120189
2012-09-27,845.1734888060934,849.3786516335537
2012-09-28,844.6318673548897,848.8321001578854
2012-10-01,848.0127643214548,852.246085456656
2012-10-02,850.3653469789277,854.6220399888136
2012-10-03,854.0469899292553,858.3402835808137
2012-10-04,841.4974940138258,845.6686583423315
2012-10-05,822.2553921590538,826.2497830255043
2012-10-08,834.7439573432689,838.8497713730853
2012-10-09,826.644280200799,830.6779804329614
2012-10-10,833.1179440832459,837.208777587653
2012-10-11,834.9574904680051,839.0646134713456
2012-10-12,836.877294697854,841.0014318694172
2012-10-15,836.877294697854,841.0014318694172
2012-10-16,817.9706035496231,822.1686433404759
2012-10-17,788.5732669133884,792.516613457608
2012-10-18,785.5780932374669,789.4959217237783
2012-10-19,798.6940407778679,802.7210830866068
2012-10-22,789.5147569429731,793.4656322981056
2012-10-23,798.2050543397772,802.2270886063782
2012-10-24,798.2050543397772,802.2270886063782
2012-10-25,782.1367228212476,786.0305652431312
2012-10-26,802.7001012785228,806.7488987280324
2012-10-29,809.336545734166,813.4356524861892
2012-10-30,805.8902774277376,809.963226513565
2012-10-31,817.4244590539533,821.5838333405021
2012-11-01,810.7664747912465,814.8759912714713
2012-11-02,809.1911264856448,813.2888861630233
2012-11-05,821.5201102481059,825.7086793451394
2012-11-06,806.5508529421677,810.6312006108974
2012-11-07,833.2835494834796,837.5443202570204
2012-11-08,841.2257248960856,845.490101956367
2012-11-09,842.6232179837367,846.863028439042
2012-11-12,842.1226147338012,846.3854442278828
2012-11-13,847.1564327689425,851.3508229830203
2012-11-14,847.1564327689425,851.3508229830203
2012-11-15,846.574271507475,850.8113579092341
2012-11-16,852.5831035173308,856.4185409294867
2012-11-19,841.383488879309,846.0482625828124
2012-11-20,830.0597188045298,835.1412073009438
2012-11-21,822.0595515319685,827.1003604593128
2012-11-22,822.0595515319685,827.1003604593128
2012-11-23,822.0595515319685,827.1003604593128
2012-11-26,830.3728274791233,835.5122308988698
2012-11-27,837.1391092770835,842.3590647078189
2012-11-28,847.9082076932312,853.256044359932
2012-11-29,850.0518119560594,855.2456746835153
2012-11-30,855.4358446454415,860.0846695594046
2012-12-03,846.590705501217,852.2155042352315
2012-12-04,852.0975988459721,857.3370396226089
2012-12-05,863.5552105446934,867.9269383892292
2012-12-06,868.5354549658118,871.8492847178451
2012-12-07,848.4838229767664,855.9827002778582
2012-12-10,852.23571098329,859.1288425678856
2012-12-11,838.5688350595693,847.8159395007067
2012-12-12,818.6415953245912,830.4596124775728
2012-12-13,802.3406570637082,814.669108414863
2012-12-14,805.1179143920031,817.6348884028013
2012-12-17,786.9773786521516,798.3629257475682
2012-12-18,768.2310195057116,778.5670678731035
2012-12-19,776.7574096022772,787.5582594160546
2012-12-20,776.7574096022772,787.5582594160546
2012-12-21,790.1902615636737,801.709662249161
2012-12-24,783.6822510156373,794.8540479291274
2012-12-25,783.6822510156373,794.8540479291274
2012-12-26,783.6822510156373,794.8540479291274
2012-12-27,801.4529905024681,813.5226231713275
2012-12-28,802.7689396419655,814.9061619308346
2012-12-31,795.2627894452513,807.0208571060318
2013-01-01,795.2627894452513,807.0208571060318
2013-01-02,795.2627894452513,807.0208571060318
2013-01-03,772.9101168026062,783.6716884207634
2013-01-04,768.5166878454199,779.0871581435306
2013-01-07,771.1058468956085,781.7886724260733
2013-01-08,782.9996037104548,794.1898372688295
2013-01-09,791.7414209656004,803.3056872247604
2013-01-10,776.7839033658447,787.737390498327
2013-01-11,768.7950804532635,779.4316472734286
2013-01-14,763.3708068759022,773.7953090226559
2013-01-15,753.0065379607661,763.037852897058
2013-01-16,751.6106633392077,761.5894674163494
2013-01-17,770.1190730812868,780.7535402010151
2013-01-18,758.6468577972438,768.881579575132
2013-01-21,758.6468577972438,768.881579575132
2013-01-22,758.6468577972438,768.881579575132
2013-01-23,757.2488855744745,767.4352520558541
2013-01-24,760.1587097302203,770.4457090719121
2013-01-25,793.5368387357092,804.7693378105828
2013-01-28,800.0944822139177,811.5167741549662
2013-01-29,800.0944822139177,811.5167741549662
2013-01-30,801.2794760597142,812.7362139933035
2013-01-31,797.5775378402628,808.9272106282692
2013-02-01,803.9363373856107,815.4694439429278
2013-02-04,788.530025457192,799.6379215647245
2013-02-05,799.670993561406,811.0809568166306
2013-02-06,784.2283732145196,795.2357859164451
2013-02-07,778.8127557146945,789.6813828692009
2013-02-08,779.4323111054385,790.316774390574
2013-02-11,781.3697318144086,792.3037877382965
2013-02-12,791.9935750127078,803.1978418747163
2013-02-13,804.1084189743291,815.6196750048323
2013-02-14,786.8183590892429,797.9108855999663
2013-02-15,788.1042711432078,799.2276714768574
2013-02-18,788.1042711432078,799.2276714768574
2013-02-19,788.1042711432078,799.2276714768574
2013-02-20,782.5841375456615,793.5758903288665
2013-02-21,768.0186455631776,778.6761148516812
2013-02-22,763.2388067710048,773.7879667439197
2013-02-25,738.5656212254986,748.6048903693031
2013-02-26,731.5814713528207,741.4792282165756
2013-02-27,735.1384626607926,745.1080748302335
2013-02-28,730.8113381841549,740.6936374763145
2013-03-01,721.3200374146703,731.013669814981
2013-03-04,727.6552718426864,737.4739472922327
2013-03-05,731.5962272818426,741.4929356133996
2013-03-06,745.5067234338646,755.6745743729534
2013-03-07,765.1619187306106,775.7023651649667
2013-03-08,784.1224676728325,795.0162034834685
2013-03-11,784.1224676728325,795.0162034834685
2013-03-12,773.9191308679715,784.6242646509668
2013-03-13,774.5242510506893,785.2405292683995
2013-03-14,773.8931251830526,784.5977817994939
2013-03-15,757.4172705253851,767.8282133489022
2013-03-18,745.3756741394882,755.5768908652024
2013-03-19,731.8943213942299,741.8663713473907
2013-03-20,738.1911171257979,748.2695978273254
2013-03-21,737.5953585987885,747.6637456284585
2013-03-22,733.2600150853046,743.2551502899427
2013-03-25,730.7022985746354,740.654319825334
2013-03-26,725.4067312348985,735.2698665348877
2013-03-27,707.7342599148021,717.3101440467801
2013-03-28,702.1229527068871,711.6084324966005
2013-03-29,702.1229527068871,711.6084324966005
2013-04-01,702.1229527068871,711.6084324966005
2013-04-02,696.1917854797814,705.5820815711292
2013-04-03,713.4311769570843,723.0915111245811
2013-04-04,730.3564310215272,740.2787008138514
2013-04-05,742.1346849731433,752.2390636620783
2013-04-08,730.869779596906,740.8014419746665
2013-04-09,729.0920783287701,738.9965784720525
2013-04-10,714.1512164305532,723.831574427172
2013-04-11,718.7813431879313,728.5309026842248
2013-04-12,734.9428045179903,744.9313083989306
2013-04-15,737.2469038718929,747.2696179944304
2013-04-16,733.6439084720034,743.613185385982
2013-04-17,737.9796551097099,748.0131980515156
2013-04-18,741.2051771558412,751.2865966811171
2013-04-19,735.1722775674439,745.1644054836315
2013-04-22,739.2917103232854,749.3447389812042
2013-04-23,738.5748114451508,748.6172333596768
2013-04-24,740.0673385832678,750.1318465213359
2013-04-25,737.7324848860648,747.762459683117
2013-04-26,756.1548057237127,766.4533502999224
2013-04-29,756.9215207112702,767.2312870117363
2013-04-30,751.8382847995194,762.3784416219964
2013-05-01,765.5984906207894,775.4434220197618
2013-05-02,767.3153105495134,777.1197384311158
2013-05-03,732.1985636356911,741.454870510661
2013-05-06,725.6289354037433,734.7841011862303
2013-05-07,723.9499996778598,733.079373390345
2013-05-08,729.7305582319202,738.9482891787421
2013-05-09,727.3256094839029,736.5065095835695
2013-05-10,703.7626956950616,712.5970727213232
2013-05-13,700.2208438609841,709.0035133079245
2013-05-14,691.9121403175087,700.5739766718573
2013-05-15,696.0910711548097,704.8133212443762
2013-05-16,716.2519082423693,725.2550055519405
2013-05-17,698.4263931751694,707.1840052554029
2013-05-20,697.1560296971279,705.896224689091
2013-05-21,699.7925082808232,708.568789401871
2013-05-22,681.0508615548846,689.5748943548841
2013-05-23,681.8448007668441,690.3794654499105
2013-05-24,683.9119011128847,692.4742197494395
2013-05-27,683.9119011128847,692.4742197494395
2013-05-28,683.9119011128847,692.4742197494395
2013-05-29,685.6891979305767,694.2752698862479
2013-05-30,685.6891979305767,694.2752698862479
2013-05-31,677.5145139068067,685.9915400482291
2013-06-03,682.8243522936609,691.3718316742684
2013-06-04,685.3302828727603,693.9110120223459
2013-06-05,677.5366277243701,686.0140783130616
2013-06-06,669.6809426559488,678.054660899224
2013-06-07,691.3547488320854,700.0046837463037
2013-06-10,701.073369054537,709.8469220255222
2013-06-11,697.9087713556053,706.6420067754743
2013-06-12,704.4101133891436,713.2259062333235
2013-06-13,692.6067119086955,701.2731536651359
2013-06-14,675.6561656977684,684.1106989827373
2013-06-17,683.4846672551757,692.0364129607101
2013-06-18,685.6068449163174,694.1849605555799
2013-06-19,716.6456932564953,725.5938620729312
2013-06-20,731.1892102306925,740.3103197347043
2013-06-21,747.8531691536381,754.5579467944391
2013-06-24,754.9850991090378,759.8146188954205
2013-06-25,760.7512740216158,764.1727751948991
2013-06-26,750.6294834795186,756.0568115542958
2013-06-27,740.3422483977382,747.4247850032265
2013-06-28,741.8877557900133,748.8225386374751
2013-07-01,742.504271547642,749.4059070622384
2013-07-02,740.9483540952759,747.8859518037726
2013-07-03,745.9784536106184,752.9304483712976
2013-07-04,745.9784536106184,752.9304483712976
2013-07-05,745.9784536106184,752.9304483712976
2013-07-08,732.9279579268134,739.7706210400848
2013-07-09,728.530664473562,735.3160615251631
2013-07-10,732.9459192239185,739.8937385634957
2013-07-11,712.6508123927266,718.9178712957114
2013-07-12,716.4663512148186,722.8582887194559
2013-07-15,709.1447598799542,715.2985741583553
2013-07-16,707.434001728968,713.5325681659365
2013-07-17,699.5054779496127,705.3513224205674
2013-07-18,704.5190132804307,710.5219219411321
2013-07-19,697.816317992043,703.6098023408827
2013-07-22,697.506187419777,703.2900463191135
2013-07-23,700.729553058812,706.6129434076993
2013-07-24,711.9179942030735,718.1352885791116
2013-07-25,714.5857398880578,720.8832829343752
2013-07-26,705.9829089602681,712.0247087443563
2013-07-29,709.4442342131284,715.587648911911
2013-07-30,711.9683402984073,718.1859118593372
2013-07-31,711.5921293676896,717.798621315009
2013-08-01,735.7907039209557,742.6096102694739
2013-08-02,712.9647726493873,719.2545331106526
2013-08-05,717.2514972720267,723.1598421593892
2013-08-06,716.9648169802289,722.8885759101402
2013-08-07,711.9334861899902,717.8214781681056
2013-08-08,708.8282829928557,714.6454608327385
2013-08-09,708.8282829928557,714.6454608327385
2013-08-12,712.4743015914383,718.3740000540246
2013-08-13,730.2505680059795,736.5243141883705
2013-08-14,728.7440961953665,735.0440141696184
2013-08-15,734.2500378277817,740.5645665789951
2013-08-16,744.6468562877202,750.943678995837
2013-08-19,752.8970406902596,758.6121692367217
2013-08-20,739.9926454894031,746.9771598724498
2013-08-21,749.554239688089,756.165681305716
2013-08-22,759.3670577515328,765.5264363976281
2013-08-23,746.1075757990187,753.2202587477004
2013-08-26,742.1380318062978,749.39931765343
2013-08-27,728.5641739518942,735.3552304683852
2013-08-28,738.3157175432258,745.4335395236487
2013-08-29,732.8949171983526,739.8345692096003
2013-08-30,734.7476243466139,741.7491089479546
2013-09-02,734.7476243466139,741.7491089479546
2013-09-03,734.7476243466139,741.7491089479546
2013-09-04,746.4308547932486,751.9235230099847
2013-09-05,763.8406907850568,766.823796003095
2013-09-06,749.1153768818135,755.511265801615
2013-09-09,738.189161193063,746.6723659062867
2013-09-10,748.5278657906642,755.5212739779456
2013-09-11,737.3925716152901,745.8564808054831
2013-09-12,736.6423374654776,745.1855370670595
2013-09-13,733.7032242094724,742.3952679772627
2013-09-16,724.0608211546468,732.7641770399591
2013-09-17,720.4236652224287,728.8206653094264
2013-09-18,692.6790181258028,699.2622169390318
2013-09-19,698.4549109787348,705.4000704869287
2013-09-20,696.958017501134,703.8087902107303
2013-09-23,694.3660746775683,701.0539547517545
2013-09-24,686.1070760327982,692.2871921932488
2013-09-25,680.2246710828113,686.0497193348185
2013-09-26,683.4926939603822,689.5127751235304
2013-09-27,678.9568135093218,684.7064638141053
2013-09-30,678.0816619937189,683.7794076000519
2013-10-01,684.6942700355497,690.7775491839569
2013-10-02,676.9620221015358,682.5982436216539
2013-10-03,673.2063730805168,678.6280392273577
2013-10-04,682.405795112383,688.3348361089955
2013-10-07,678.8252457966337,684.5552678493661
2013-10-08,680.8405700274826,686.6819472461634
2013-10-09,683.289897712077,689.2666104764509
2013-10-10,685.841510637883,691.9592778473719
2013-10-11,684.6999808778629,690.7544667927712
2013-10-14,692.5217179958862,699.0009295734287
2013-10-15,691.7114680736661,698.1462963325196
2013-10-16,678.5505500502697,684.3004603807811
2013-10-17,663.6938830326795,668.7290759793332
2013-10-18,662.5621177478125,667.5437929780387
2013-10-21,666.4684118510917,671.6333032104124
2013-10-22,648.9609266822025,653.3718572754275
2013-10-23,647.8653355758247,652.2300431650457
2013-10-24,644.4471509388862,648.6680601762697
2013-10-25,648.3522572006801,652.7354114204239
2013-10-28,647.1299436654076,651.4620727245087
2013-10-29,652.1757691173415,656.7157317849454
2013-10-30,644.3423529587988,648.5626087051309
2013-10-31,639.0514638974095,643.058973680234
2013-11-01,625.7878864644789,629.2905990820562
2013-11-04,630.9305900625512,634.6229497840887
2013-11-05,619.0930602715014,622.3622701564078
2013-11-06,629.5973725103881,633.2179460421584
2013-11-07,637.2268910566808,641.0993490061898
2013-11-08,610.6496136341004,613.8217536522326
2013-11-11,608.7459305057682,611.8694392466391
2013-11-12,605.1240640517871,608.1553914297199
2013-11-13,621.5668232246836,624.969862992641
2013-11-14,626.4263425184055,629.9401988864314
2013-11-15,624.2149870115512,627.678174279212
2013-11-18,630.3759822417568,633.9779836141391
2013-11-19,623.3576053897451,626.802399788477
2013-11-20,613.3247640431636,616.5524516668947
2013-11-21,615.3138004945157,618.5839397832444
2013-11-22,619.4413098885002,622.7990647418006
2013-11-25,621.5876382286067,624.9910525309776
2013-11-26,630.732581735399,634.3254028278601
2013-11-27,623.2734267430463,626.7125283145431
2013-11-28,621.129893119744,624.590163013086
2013-11-29,620.5170453888488,623.9894038786854
2013-12-02,607.4024071291535,610.6183716577035
2013-12-03,613.1404131530774,616.4655154144652
2013-12-04,601.0894731218883,604.1929273864168
2013-12-05,595.0167348690215,598.0108340172278
2013-12-06,591.5303054163596,594.4621465063257
2013-12-09,594.7157234102001,597.7038890172582
2013-12-10,608.1778013950126,611.3891329565238
2013-12-11,599.1491589101402,602.2118820806999
2013-12-12,592.4905789634042,595.4458618076699
2013-12-13,592.8890412440543,595.8507052283752
2013-12-16,592.0579790952428,595.0063269057996
2013-12-17,600.5299516140309,603.6102832354562
2013-12-18,593.5789146450819,596.5512769224661
2013-12-19,610.4356192893089,613.6438086328824
2013-12-20,608.4266087882052,611.6062492678865
2013-12-23,616.2357474044414,619.52423562116
2013-12-24,626.9903053912695,630.0468280778829
2013-12-25,626.9903053912695,630.0468280778829
2013-12-26,626.9903053912695,630.0468280778829
2013-12-27,626.9903053912695,630.0468280778829
2013-12-30,620.1763453383783,623.1321683398438
2013-12-31,625.2433209272853,628.2728900511662
2014-01-01,625.2433209272853,628.2728900511662
2014-01-02,625.2433209272853,628.2728900511662
2014-01-03,626.7295501370131,629.7808412191177
2014-01-06,617.044921492707,619.957899365638
2014-01-07,609.9290225741878,612.7425741170217
2014-01-08,627.7767912975805,630.8139679897566
2014-01-09,621.1847944556741,624.13887897481
2014-01-10,595.3393416391363,598.0241837990351
2014-01-13,589.1380986995989,591.76023573222
2014-01-14,598.070764260412,600.7803312654293
2014-01-15,602.6244527224202,605.3786116462791
2014-01-16,595.7462443889461,598.4334020070814
2014-01-17,592.07553817548,594.7272175953688
2014-01-20,592.07553817548,594.7272175953688
2014-01-21,592.07553817548,594.7272175953688
2014-01-22,601.9909808840642,604.7353185241299
2014-01-23,583.1023935266985,585.6827544593494
2014-01-24,577.2199424389911,579.7502820801717
2014-01-27,582.5054208916744,585.0800184835464
2014-01-28,576.694593183537,579.2205763506719
2014-01-29,564.7834817709248,567.2129799350711
2014-01-30,568.406060486548,570.8644272012332
2014-01-31,561.9181568413153,564.3249864062875
2014-02-03,547.5572775060116,549.8551868564329
2014-02-04,553.1672247061184,555.5065992748204
2014-02-05,547.6855743492496,549.9843898017274
2014-02-06,542.1042044052156,544.362045369353
2014-02-07,549.6492112872899,551.960962188393
2014-02-10,548.9727162409774,551.2796060311166
2014-02-11,540.9512406072645,543.201076000945
2014-02-12,533.6410873375642,535.8396291562012
2014-02-13,544.4399195782195,546.7107682562064
2014-02-14,542.0473168649562,544.3020177142365
2014-02-17,542.0473168649562,544.3020177142365
2014-02-18,542.0473168649562,544.3020177142365
2014-02-19,536.9502383630734,539.1707390213245
2014-02-20,531.3652064802926,533.5485077164142
2014-02-21,534.0162538859279,536.2170542194199
2014-02-24,530.4601166440406,532.6374152252954
2014-02-25,539.5647468146408,541.8003824531274
2014-02-26,545.588082864395,547.8620888993441
2014-02-27,551.7690945132913,554.08218104135
2014-02-28,545.8077844079927,548.083211955298
2014-03-03,557.8936109969034,560.2423152095613
2014-03-04,541.2323803626208,543.4842162287949
2014-03-05,541.2323803626208,543.4842162287949
2014-03-06,533.6409225576461,535.8494161847464
2014-03-07,522.9624621009339,525.1112802103827
2014-03-10,524.9825442775954,527.1425499223893
2014-03-11,527.6553636484085,529.8301402244816
2014-03-12,536.5798490224105,538.8030408085255
2014-03-13,550.1652211140732,552.4597147774263
2014-03-14,549.414268043589,551.7047927918815
2014-03-17,540.9415266058861,543.1877193673996
2014-03-18,543.9244540022333,546.1861510151845
2014-03-19,521.4115215610419,523.5646875573436
2014-03-20,520.5295100867897,522.6784660360343
2014-03-21,522.6645341863729,524.8236599885597
2014-03-24,522.6645341863729,524.8236599885597
2014-03-25,522.6645341863729,524.8236599885597
2014-03-26,531.3128879280232,533.5126791455195
2014-03-27,532.2952893496941,534.4997144401405
2014-03-28,524.8588155083471,527.0283460867231
2014-03-31,525.1992563338106,527.3703790854713
2014-04-01,522.0077186069312,524.1639222054977
2014-04-02,511.62363443517523,513.7319117291158
2014-04-03,513.3794301601567,515.4957664435435
2014-04-04,513.3794301601567,515.4957664435435
2014-04-07,513.3794301601567,515.4957664435435
2014-04-08,513.3794301601567,515.4957664435435
2014-04-09,513.3794301601567,515.4957664435435
2014-04-10,513.3794301601567,515.4957664435435
2014-04-11,516.9242126327908,519.0567669835513
2014-04-14,511.16648921577246,513.2727378754252
2014-04-15,509.9060286950103,512.0065318261042
2014-04-16,503.8291006278083,505.9020019465055
2014-04-17,485.8757998965868,487.8703212427794
2014-04-18,485.8757998965868,487.8703212427794
2014-04-21,485.8757998965868,487.8703212427794
2014-04-22,482.8215379435745,484.8028254845897
2014-04-23,490.89400162188923,492.90980954800546
2014-04-24,490.1006673885547,492.11307343238275
2014-04-25,493.7886855460378,495.8168534266799
2014-04-28,489.3095119373813,491.3185343340236
2014-04-29,489.3095119373813,491.3185343340236
2014-04-30,489.3095119373813,491.3185343340236
2014-05-01,495.96648309198537,498.0036953146639
2014-05-02,497.3497700692608,499.392848751764
2014-05-05,494.463597448012,496.4944347987764
2014-05-06,496.9435430765404,498.98487402356284
2014-05-07,504.0655801734257,506.1368580042831
2014-05-08,509.81670890516693,511.9121182046248
2014-05-09,508.1817174000374,510.2702552282876
2014-05-12,499.2901953580664,501.34163068275006
2014-05-13,511.0439401902732,513.1435359305907
2014-05-14,528.0602208581912,530.2279168837999
2014-05-15,537.6732706422707,539.8793407263042
2014-05-16,532.7618628454496,534.9483236611845
2014-05-19,531.7534711102338,533.9359104172321
2014-05-20,538.5014103313688,540.7106791406792
2014-05-21,532.6220571593681,534.8079763208924
2014-05-22,529.3518316643451,531.5247888428
2014-05-23,533.2824302216618,535.4709420141079
2014-05-26,533.2824302216618,535.4709420141079
2014-05-27,533.2824302216618,535.4709420141079
2014-05-28,552.0507806844371,554.3120212106766
2014-05-29,549.3831828154064,551.6340603042514
2014-05-30,540.7228436700123,542.940240385016
2014-06-02,526.2830362132905,528.4452960217268
2014-06-03,512.2035109893658,514.3126217742602
2014-06-04,512.2035109893658,514.3126217742602
2014-06-05,512.2035109893658,514.3126217742602
2014-06-06,507.5987306127195,509.690506480089
2014-06-09,501.9502499327482,504.02079982240105
2014-06-10,496.68869366421643,498.7395052314786
2014-06-11,500.09924799484384,502.1628335764633
2014-06-12,505.88165019083584,507.96686132986883
2014-06-13,506.14335259472705,508.22954319302704
2014-06-16,506.68899329913125,508.7772259949915
2014-06-17,492.15178097104433,494.1860622759199
2014-06-18,506.9393637853232,509.0278779077434
2014-06-19,505.05375930828524,507.1353478931234
2014-06-20,505.05375930828524,507.1353478931234
2014-06-23,504.0339336176645,506.11177734234377
2014-06-24,513.3338787095051,515.445757452561
2014-06-25,520.6632164828934,522.8018952862788
2014-06-26,529.1864825931583,531.3562819252518
2014-06-27,530.2864691498775,532.4602877968002
2014-06-30,532.5808016906349,534.7630036994884
2014-07-01,522.1166817269224,524.260765553852
2014-07-02,507.42650101075617,509.51743416033963
2014-07-03,507.42650101075617,509.51743416033963
2014-07-04,507.42650101075617,509.51743416033963
2014-07-07,514.0106445458889,516.1253430909886
2014-07-08,525.6203278186124,527.7768117830165
2014-07-09,531.995378483056,534.1748069020955
2014-07-10,538.0225209275005,540.2236366381024
2014-07-11,544.2465329330652,546.4700388536178
2014-07-14,535.0532439528929,537.2437288074238
2014-07-15,531.0419032433507,533.2179935595196
2014-07-16,531.6325875144584,533.8107969523834
2014-07-17,552.039857677683,554.2907156335274
2014-07-18,543.3810604491142,545.6011046825095
2014-07-21,544.4029674411346,546.6266468209071
2014-07-22,547.5978898205989,549.8329337461612
2014-07-23,548.7097635283699,550.9487630372023
2014-07-24,534.4436303356171,536.632034163108
2014-07-25,545.6362155392666,547.8642283878812
2014-07-28,539.5060310223113,541.7123522698133
2014-07-29,546.7140951437132,548.9459019195848
2014-07-30,525.1975946460955,527.3537276594849
2014-07-31,525.1975946460955,527.3537276594849
2014-08-01,525.1975946460955,527.3537276594849
2014-08-04,525.1975946460955,527.3537276594849
2014-08-05,525.1975946460955,527.3537276594849
2014-08-06,525.1975946460955,527.3537276594849
2014-08-07,531.7993672670715,533.9786938155078
2014-08-08,542.9468174826966,545.165271627072
2014-08-11,534.2324514640467,536.4203300142227
2014-08-12,532.9587379314011,535.1421485673105
2014-08-13,541.62734891538,543.8411479664767
2014-08-14,545.6213965739491,547.8491986553944
2014-08-15,555.5854210901334,557.8481366763485
2014-08-18,548.2941837933514,550.5313569335298
2014-08-19,545.0776665950486,547.3035746986093
2014-08-20,534.9130867660512,537.1034262693685
2014-08-21,537.6501833262009,539.8500980760329
2014-08-22,535.2474342527725,537.4643509960051
2014-08-25,536.7250827200505,538.9472756596278
2014-08-26,537.7533682694004,539.9792333804979
2014-08-27,545.1706017012981,547.4229606895998
2014-08-28,551.9642840948984,553.9730003148962
2014-08-29,550.1413942870374,552.2740087432938
2014-09-01,550.1413942870374,552.2740087432938
2014-09-02,550.1413942870374,552.2740087432938
2014-09-03,551.9544235550856,554.0948694868898
2014-09-04,540.9261061236714,543.0193970802912
2014-09-05,543.3513347954226,545.4549400363503
2014-09-08,538.3190509789044,540.4012614017427
2014-09-09,527.0612886637255,529.0962269028843
2014-09-10,520.3382454356121,522.3451354656386
2014-09-11,516.6177141410484,518.6091209769706
2014-09-12,500.4735300950745,502.3993986723495
2014-09-15,507.6168462432095,509.5712634839166
2014-09-16,508.1858653552895,510.14256063071144
2014-09-17,499.4367282940314,501.35854016511814
2014-09-18,491.93205198127225,493.82410233748794
2014-09-19,501.518538570183,503.44792334731017
2014-09-22,512.1095834007964,514.0796791109383
2014-09-23,519.9197346294523,521.9196927727735
2014-09-24,510.8854655834342,512.8509516441038
2014-09-25,526.1429077474253,528.1650880630791
2014-09-26,517.0632218137795,519.0516704438627
2014-09-29,526.8455102296688,528.8699020549385
2014-09-30,524.8531530860963,526.8702088209498
2014-10-01,547.2131625474424,549.3096206782385
2014-10-02,543.2972815162195,545.3797910318507
2014-10-03,538.8923762045604,540.9592063244704
2014-10-06,545.409223066595,547.4991730278034
2014-10-07,560.5818136275224,562.7250336093676
2014-10-08,569.3288680289668,571.5027527057063
2014-10-09,570.4938002245133,572.6717729504196
2014-10-10,576.1448745430199,578.3426563687973
2014-10-13,590.210582517865,592.1610077951315
2014-10-14,599.4337936007424,600.5110839333329
2014-10-15,617.094261789335,617.2919765974134
2014-10-16,612.8315699230757,613.203960856242
2014-10-17,604.0587606339215,604.9723135606204
2014-10-20,608.6099359399018,609.0990670208074
2014-10-21,601.3788823905355,602.5568339044207
2014-10-22,597.0931104261806,598.6738399257694
2014-10-23,584.3347656460269,587.4654921541064
2014-10-24,587.4722486552142,590.1058178230205
2014-10-27,589.8548303602861,592.0734565793483
2014-10-28,581.6694535719008,585.1894909565635
2014-10-29,571.3129829772612,575.1996086176229
2014-10-30,574.3436521525023,578.3526224458651
2014-10-31,568.8591272074829,572.6504272686027
2014-11-03,566.066983568862,569.7490978134589
2014-11-04,568.5407493461614,572.3192617308338
2014-11-05,567.2508779310094,570.9791110263812
2014-11-06,558.4802756816034,561.8815367150368
2014-11-07,576.3143767428014,580.2991539260447
2014-11-10,566.6564051421759,570.3337464181698
2014-11-11,565.1919287319162,568.8233580617352
2014-11-12,566.7131805381077,570.3922380521122
2014-11-13,571.8474875074513,575.6869066903832
2014-11-14,575.9383477685675,579.9061569749573
2014-11-17,571.4939078001904,575.5355159171011
2014-11-18,575.1028359148366,579.1240421721018
2014-11-19,567.306922112528,571.2949314779079
2014-11-20,572.6761289069549,576.8331934466344
2014-11-21,576.9591629403064,581.1373777854473
2014-11-24,582.2526063874617,586.1026551095564
2014-11-25,591.5549760183945,594.7791851636525
2014-11-26,599.8728606226473,601.5685977095106
2014-11-27,599.8728606226473,601.5685977095106
2014-11-28,599.8728606226473,601.5685977095106
2014-12-01,589.1276447774625,592.2817201046977
2014-12-02,570.2669283898365,575.859444534911
2014-12-03,566.6676843075544,572.5076329941508
2014-12-04,576.4111560943222,581.7399567009103
2014-12-05,555.4839827045289,561.820584107625
2014-12-08,563.0585406574152,570.0636634441893
2014-12-09,572.4769904856053,580.2968937600102
2014-12-10,583.6014674679201,591.2112229823952
2014-12-11,576.3484775398746,584.2117659819336
2014-12-12,596.9018121938273,603.7715045811169
2014-12-15,589.7286389411477,596.2208541201159
2014-12-16,599.1131519566841,605.6552145056585
2014-12-17,585.360977293094,591.7638022566704
2014-12-18,573.664740235751,580.7921728673742
2014-12-19,578.8532123355197,585.25378739881
2014-12-22,578.8532123355197,585.25378739881
2014-12-23,565.4192550744053,571.9194212370531
2014-12-24,565.6879641403456,572.19227056808
2014-12-25,565.6879641403456,572.19227056808
2014-12-26,565.6879641403456,572.19227056808
2014-12-29,571.4654885455772,578.5945232087593
2014-12-30,574.9810574575887,582.4920407275549
2014-12-31,577.2305501458771,584.986947298519
2015-01-01,577.2305501458771,584.986947298519
2015-01-02,577.2305501458771,584.986947298519
2015-01-05,591.4083311282916,598.2640408160713
2015-01-06,602.4671041616543,608.6206050833713
2015-01-07,605.1768061655815,611.1670053776674
2015-01-08,598.1303053495581,603.958675342786
2015-01-09,607.5143112732612,613.4331842378384
2015-01-12,618.9871040847042,624.5614613231154
2015-01-13,622.5401630244247,627.8731216432096
2015-01-14,632.1498004827863,637.0977288401931
2015-01-15,649.9718201127279,654.1921621600699
2015-01-16,637.7815637725748,641.9844251654138
2015-01-19,641.4350717648352,645.3393411595698
2015-01-20,636.4146816148155,640.605217236764
2015-01-21,627.1391135148542,632.0138065171376
2015-01-22,622.2089141541352,627.882686597547
2015-01-23,635.0059989208554,639.7351272581518
2015-01-26,630.617661181169,635.5589249489492
2015-01-27,633.5865840071558,638.5362674949714
2015-01-28,650.1619621327803,655.9592241826434
2015-01-29,642.0977586948685,647.8443507173345
2015-01-30,657.7810940495096,663.6176838815816
2015-02-02,657.4730830559,663.3211788835621
2015-02-03,642.8409525193641,647.8094763174175
2015-02-04,641.9952659873021,646.9841917165152
2015-02-05,639.3244961210852,644.129272244463
2015-02-06,618.7923988167029,622.2741571894281
2015-02-09,618.5580965515933,622.0478744110864
2015-02-10,614.5497205404806,617.8202686619475
2015-02-11,613.8989441990534,617.0959117698329
2015-02-12,616.1557869981926,619.6070495854214
2015-02-13,613.3365830137359,616.4701287748777
2015-02-16,614.0654178618704,617.2807324883024
2015-02-17,599.5128388038505,601.2385139263527
2015-02-18,610.2309199149165,612.9682203189875
2015-02-19,603.5309246166796,605.6369999155188
2015-02-20,601.7760230655796,603.7308916289186
2015-02-23,608.4991478432298,611.0648189625879
2015-02-24,619.0943755257142,622.583226724253
2015-02-25,620.7111384286719,624.3032350871496
2015-02-26,609.8950063943266,613.5379226592081
2015-02-27,612.340462345215,615.8688015933773
2015-03-02,603.4032558302315,607.1693662029829
2015-03-03,599.7258801565571,603.6499086082332
2015-03-04,599.9679379658012,603.9093278758652
2015-03-05,603.6740724526323,607.9521408765903
2015-03-06,586.49773582463,589.3977457130281
2015-03-09,593.1799898407971,595.850953961056
2015-03-10,600.2931991085248,602.6802290920327
2015-03-11,601.8224066035414,604.1372743390732
2015-03-12,603.1141070259941,605.4039353849377
2015-03-13,602.8585218545314,605.139559281987
2015-03-16,608.0661189972373,610.614522457531
2015-03-17,610.8448912588626,613.453597925444
2015-03-18,631.981065035169,635.175763505307
2015-03-19,621.3449615533635,626.7963379694315
2015-03-20,629.7325436464358,633.7042641240163
2015-03-23,633.4395377585673,636.6531335571524
2015-03-24,638.7606390629894,641.0009086164671
2015-03-25,630.8430580950891,633.8948034128591
2015-03-26,622.8994656914773,626.7707785059114
2015-03-27,627.2334585923937,630.7725551839607
2015-03-30,628.7935006784182,632.1624022236726
2015-03-31,634.401813900298,637.3640478980838
2015-04-01,644.2709028727561,646.5619771288392
2015-04-02,638.62147674211,641.1191167825147
2015-04-03,638.62147674211,641.1191167825147
2015-04-06,638.62147674211,641.1191167825147
2015-04-07,631.5369405302889,634.6243546060662
2015-04-08,628.6771107406531,632.0394540267612
2015-04-09,618.5221811737928,622.5063439346552
2015-04-10,618.5221811737928,622.5063439346552
2015-04-13,623.4552365180319,626.9529444581586
2015-04-14,630.8947966365678,633.6776246622218
2015-04-15,632.8715711431425,635.5152375350459
2015-04-16,639.9178338039759,641.2429583287438
2015-04-17,641.8643537094401,642.8335787343626
2015-04-20,636.9088349457072,638.7001304996378
2015-04-21,631.5969383863743,634.0304279585075
2015-04-22,613.1178246825822,617.4828032473291
2015-04-23,620.2732582151206,624.8842676810638
2015-04-24,629.1767421805962,634.0385331687853
2015-04-27,627.5677289126677,632.3961023767665
2015-04-28,614.3573395122606,619.208489761382
2015-04-29,605.1272541731796,608.9269837495442
2015-04-30,604.7774736285339,608.5321385788038
2015-05-01,590.7489978493683,592.8539739472344
2015-05-04,588.0732573451261,589.8710422705178
2015-05-05,583.9260944907666,585.2526486842174
2015-05-06,575.1450492270516,575.511835817677
2015-05-07,582.0749141699056,583.1655763595719
2015-05-08,591.8632189080905,593.9336512359888
2015-05-11,573.543789163938,574.0248641226525
2015-05-12,574.7402614323704,575.3219934797704
2015-05-13,572.244019409391,572.6156446895341
2015-05-14,581.4003787546403,582.5026652196641
2015-05-15,594.3939479649814,596.4599636029628
2015-05-18,581.8800599381664,583.0635120548401
2015-05-19,573.1156027302544,573.711804541305
2015-05-20,578.6963932689104,579.6547744268026
2015-05-21,586.6648276349648,588.127930383094
2015-05-22,582.874826674906,584.0963702963359
2015-05-25,582.874826674906,584.0963702963359
2015-05-26,582.874826674906,584.0963702963359
2015-05-27,583.184864026931,584.4260534982218
2015-05-28,583.8330339371068,585.1153007918866
2015-05-29,586.531784230653,587.9845953021286
2015-06-01,575.8574640278534,576.6659717619181
2015-06-02,561.8171050571242,561.8621476559331
2015-06-03,544.35412293995,543.5943713073291
2015-06-04,535.5605866456904,534.4187074994132
2015-06-05,548.0039024169499,547.3397404258911
2015-06-08,544.85766029856,544.3388325534089
2015-06-09,549.9400218230153,549.2036186247599
2015-06-10,557.6660858516981,556.5282521279879
2015-06-11,543.0776690316723,543.512134474203
2015-06-12,544.6371073757897,544.9971174651007
2015-06-15,539.6720379480245,540.1046225435394
2015-06-16,533.9471726650597,534.0732237022935
2015-06-17,529.9030271388943,529.8157096074842
2015-06-18,533.2597743199583,533.3466842070783
2015-06-19,522.4656015577991,522.018825926642
2015-06-22,535.5126390612766,535.6306868400912
2015-06-23,540.2032661427023,540.5259555690329
2015-06-24,536.3311717982813,536.7187291859294
2015-06-25,538.82602574249,539.3232880648417
2015-06-26,547.2310646519174,548.0854187606083
2015-06-29,526.6584929265242,527.5137169207732
2015-06-30,530.2015110433236,531.2083385171526
2015-07-01,537.4475814874871,538.7577183832647
2015-07-02,531.0250210287285,532.5719878853583
2015-07-03,525.3615317981637,526.6669855348473
2015-07-06,521.293294253325,522.428098150918
2015-07-07,517.2330030124415,518.1998072227343
2015-07-08,512.2052068258652,512.9676525556871
2015-07-09,522.1104577953379,523.2495041768047
2015-07-10,532.3619143571324,533.87573704791
2015-07-13,535.9079045395612,537.5528457921044
2015-07-14,530.9354453206101,532.3980261944189
2015-07-15,525.4462638784898,526.712212888267
2015-07-16,526.7851577082068,528.0986522958523
2015-07-17,527.9484231195418,529.3033137767181
2015-07-20,531.5725144503587,533.0559268209113
2015-07-21,527.3068079341699,528.6395859230137
2015-07-22,525.2465463166809,526.5071954804142
2015-07-23,519.1470207021566,520.198825985233
2015-07-24,517.2624747307825,518.2504530308194
2015-07-27,508.99583202120857,509.71413612815456
2015-07-28,513.89806834239,514.7719308442847
2015-07-29,516.156333371568,517.1022363730776
2015-07-30,516.156333371568,517.1022363730776
2015-07-31,502.89131385073034,503.45023591180376
2015-08-03,497.8731234224575,498.2903931232386
2015-08-04,509.78704389933466,510.50928382089165
2015-08-05,515.6481269567745,516.5205973011037
2015-08-06,510.7026382643726,511.44881124030485
2015-08-07,503.4728912492314,504.0408036750307
2015-08-10,510.6159808512377,511.35302026082474
2015-08-11,497.5709636558646,498.02325760530914
2015-08-12,498.85476642837983,499.3344711137169
2015-08-13,492.21063316879514,492.5513262275642
2015-08-14,489.26041379803553,489.5402580658997
2015-08-17,494.4597118033128,494.8443583092615
2015-08-18,490.48998386786025,490.7944924110291
2015-08-19,503.3984529433694,503.9361697682322
2015-08-20,506.63511001515155,507.23226314620626
2015-08-21,513.5581460286656,514.2801826690302
2015-08-24,518.3798476416068,519.1890137773165
2015-08-25,504.8755245798705,505.46272003789375
2015-08-26,497.5375738785724,498.0101496665462
2015-08-27,498.32633342329825,498.8110878942774
2015-08-28,498.32633342329825,498.8110878942774
2015-08-31,498.32633342329825,498.8110878942774
2015-09-01,498.32633342329825,498.8110878942774
2015-09-02,498.32633342329825,498.8110878942774
2015-09-03,501.90386192282534,502.4436772643003
2015-09-04,508.0646516805939,508.6980866001026
2015-09-07,505.19356579001055,505.7831732953471
2015-09-08,498.6594654675521,499.152128450668
2015-09-09,501.3030100339296,501.83437149958297
2015-09-10,495.1441626972147,495.586866088708
2015-09-11,502.9833047483366,503.53410853907417
2015-09-14,505.43932618279655,506.02434923575413
2015-09-15,487.38407867331784,487.7599142066596
2015-09-16,484.3938133905566,484.7361332693317
2015-09-17,500.22951997454885,500.72354040557974
2015-09-18,509.6939380400762,510.27713064017144
2015-09-21,501.94580032696524,502.45754182267956
2015-09-22,511.048468251709,511.64020292422396
2015-09-23,507.66883772982635,508.2307198387519
2015-09-24,511.1412939174454,511.73360159459367
2015-09-25,506.16131358526076,506.7104617287928
2015-09-28,516.0636649707283,516.6945396610366
2015-09-29,523.486952733059,524.1788386624594
2015-09-30,522.9209946502092,523.6081856886764
2015-10-01,523.8049323074185,524.4994524591302
2015-10-02,534.2839471728689,535.0622043497902
2015-10-05,524.2590878583916,524.9606462110687
2015-10-06,527.7354393582034,528.4631880195572
2015-10-07,522.0494410675134,522.735045501432
2015-10-08,517.2008434336994,517.8513382174744
2015-10-09,516.5800985272626,517.2261320897533
2015-10-12,524.2199467472705,524.9197602454828
2015-10-13,527.168662503541,527.8894303093873
2015-10-14,540.2824037497394,541.0911683189711
2015-10-15,530.1098076025761,531.7831964889696
2015-10-16,527.302242322209,529.2360913518436
2015-10-19,525.8894759453485,527.9182093524288
2015-10-20,516.9216241126387,519.5210489656635
2015-10-21,523.7815055288708,526.4986761701274
2015-10-22,525.1854497629199,527.8731721228012
2015-10-23,512.1239302607321,515.8086767309767
2015-10-26,516.0283473087851,519.7990394309011
2015-10-27,521.3912682857649,525.3039311229866
2015-10-28,506.6267921182201,510.19183555296246
2015-10-29,506.6267921182201,510.19183555296246
2015-10-30,506.6267921182201,510.19183555296246
2015-11-02,506.6267921182201,510.19183555296246
2015-11-03,501.8375772596179,505.2936552208201
2015-11-04,496.94381841178074,500.2911507588542
2015-11-05,496.60972964041656,499.949680702059
2015-11-06,479.8732827592264,482.89578723554064
2015-11-09,477.25347473578677,480.22754257703116
2015-11-10,483.1870589551408,486.2698354387441
2015-11-11,480.11707213958823,483.14357168044137
2015-11-12,481.69906582682717,484.754532376878
2015-11-13,488.8294591231417,492.0143520463604
2015-11-16,492.4908678253679,495.7428684275329
2015-11-17,494.91520228878284,498.21193166313867
2015-11-18,490.9508852178991,494.1751162101622
2015-11-19,494.2748513934523,497.5596592380605
2015-11-20,491.96399805134814,495.20673176317337
2015-11-23,494.3530767558828,497.6392723597316
2015-11-24,499.70892726350036,503.0925405406658
2015-11-25,499.70892726350036,503.0925405406658
2015-11-26,495.4794452388503,498.78661723722644
2015-11-27,496.16640156109264,499.48594415640014
2015-11-30,496.6441764052143,499.9723388302993
2015-12-01,480.8617615036008,483.9382653298434
2015-12-02,490.1402716544393,493.3588537049736
2015-12-03,514.3630625273811,517.8851150248119
2015-12-04,507.8916430982586,511.3328220702658
2015-12-07,501.7168048523483,505.08293736254836
2015-12-08,498.7465211341086,502.07701612790174
2015-12-09,495.07853279892436,498.3655507414713
2015-12-10,500.68787484853095,504.04109230250367
2015-12-11,485.0516102344517,488.23661728342785
2015-12-14,497.2155616828196,500.52637000082944
2015-12-15,502.250456781939,505.6138767271249
2015-12-16,509.2030776035016,512.6392587594478
2015-12-17,499.67137337397986,503.0109792899384
2015-12-18,496.40642107981057,499.7134144948515
2015-12-21,494.3379618644296,497.62441972054734
2015-12-22,500.17317750544186,503.5174311253022
2015-12-23,503.18115325384963,506.55538109239933
2015-12-24,501.1876355851085,504.5420292151535
2015-12-25,501.1876355851085,504.5420292151535
2015-12-28,501.1876355851085,504.5420292151535
2015-12-29,512.9173314602783,516.3860332459843
2015-12-30,513.2085087252827,516.6800709427089
2015-12-31,507.49604527811647,510.91233803867146
2016-01-01,507.49604527811647,510.91233803867146
2016-01-04,507.49604527811647,510.91233803867146
2016-01-05,508.127632346473,511.5500110902439
2016-01-06,494.93429480921327,498.2363524468256
2016-01-07,489.90624342638824,493.1633086036241
2016-01-08,482.4605616447111,485.6524583690546
2016-01-11,487.4941882119172,490.7299068780139
2016-01-12,479.6247416679473,482.79308976441257
2016-01-13,471.58738505791166,474.68859573392564
2016-01-14,467.73845775362133,470.807839385144
2016-01-15,479.05461933856157,482.21559096421964
2016-01-18,478.04069096733895,481.1934070819923
2016-01-19,476.38414592313734,479.5233999648649
2016-01-20,486.3551820861999,489.5744352517241
2016-01-21,482.3960071971106,485.58351048643635
2016-01-22,476.19703178410947,479.33550325587834
2016-01-25,481.17620986958866,484.35391076836265
2016-01-26,483.4356691494998,486.63123808186776
2016-01-27,486.45886539374794,489.67839191618145
2016-01-28,489.95078968339874,493.1980512213185
2016-01-29,502.77738232616684,506.12475410640377
2016-02-01,495.97562348067845,499.2702910691271
2016-02-02,513.0013286294893,516.4230834901738
2016-02-03,511.3932295584658,514.9254449321779
2016-02-04,516.4245078897845,519.8791777983848
2016-02-05,517.7016247760123,521.1664512489907
2016-02-08,533.9759852308705,537.2369945942869
2016-02-09,536.1316030066664,539.0524738228836
2016-02-10,543.1885908224519,545.0221392333842
2016-02-11,555.2922822735535,555.2548640534974
2016-02-12,535.0667093950204,538.5254404298652
2016-02-15,528.883790866693,532.8994917898099
2016-02-16,529.1819079447805,533.172192803965
2016-02-17,522.2955415552317,526.7172048996904
2016-02-18,531.6647470517595,536.71512774437
2016-02-19,528.2381943113509,533.3595035156569
2016-02-22,526.889159357807,531.9188782580279
2016-02-23,529.6895121937512,534.908850070031
2016-02-24,530.273653479492,535.5327053137356
2016-02-25,537.2127952552161,542.9374283347096
2016-02-26,526.1130917157744,531.140697910381
2016-02-29,529.3030161626386,534.5274509871178
2016-03-01,513.0432007985614,517.4019643880291
2016-03-02,508.54813158795736,512.6763154975268
2016-03-03,510.3351763127655,514.5543942162172
2016-03-04,504.26581236818004,508.1819250784316
2016-03-07,500.53875631434187,504.27204105327013
2016-03-08,511.12503918465643,515.3478213583297
2016-03-09,503.5688561934451,507.4484406061324
2016-03-10,495.38221669043736,498.90766324708665
2016-03-11,490.5859162807245,493.90903017331505
2016-03-14,492.89963406764815,496.31944302202714
2016-03-15,491.5587060415894,494.9223330804426
2016-03-16,503.28718130932924,507.10792259841486
2016-03-17,504.6040116732681,508.4769590849234
2016-03-18,508.9778989881916,513.0234801176457
2016-03-21,503.06491605634216,506.8804783388567
2016-03-22,497.39801840670657,500.9989783422223
2016-03-23,507.1867726397496,511.13980143429325
2016-03-24,505.49381597561097,509.38526602933274
2016-03-25,505.49381597561097,509.38526602933274
2016-03-28,505.49381597561097,509.38526602933274
2016-03-29,517.8024538737101,522.1126724761656
2016-03-30,517.2139554040859,521.5209392659724
2016-03-31,525.7702125669001,530.0002079821559
2016-04-01,523.1734190215004,527.5222363840883
2016-04-04,527.6343222163089,531.9959287425839
2016-04-05,535.7197061687936,539.8795726982539
2016-04-06,529.8415233207314,534.1857526039917
2016-04-07,542.3683528579986,546.7197116547266
2016-04-08,538.2437992956105,542.7794582117212
2016-04-11,537.8864590065621,542.4413874796148
2016-04-12,527.4220474622526,532.1916617642453
2016-04-13,527.772298233197,532.5287632254552
2016-04-14,520.9042241550833,525.5942228234661
2016-04-15,528.554643473976,533.5481916550282
2016-04-18,525.480624711813,530.3518570775609
2016-04-19,520.9202525420679,525.6131124961795
2016-04-20,509.7839498986603,514.0704189889052
2016-04-21,505.39683157870303,509.5272350178231
2016-04-22,503.3200640646451,507.37721521151434
2016-04-25,500.0970651699677,504.04147619817314
2016-04-26,494.2293597382477,497.972855995984
2016-04-27,508.24893849816374,512.4245793909747
2016-04-28,516.035687568075,520.4503426836052
2016-04-29,514.2956975878935,518.6565406427491
2016-05-02,506.8225742574539,510.9591937104911
2016-05-03,520.4093921542091,524.9202291345161
2016-05-04,525.0732538051512,529.7140268854596
2016-05-05,530.9224899246899,535.7257518777072
2016-05-06,525.6144274435782,530.2715701577296
2016-05-09,531.3601871348484,536.1732410591841
2016-05-10,531.3601871348484,536.1732410591841
2016-05-11,534.0775674726963,538.9647734912427
2016-05-12,526.5060774509104,531.1918827150682
2016-05-13,534.8150998602599,539.7157316757344
2016-05-16,523.7932268618597,528.4214726751173
2016-05-17,521.8670816079909,526.4484453753913
2016-05-18,500.5461010129192,504.7006827075812
2016-05-19,503.4636293195615,507.67514538746707
2016-05-20,505.2868982925031,509.5340843517847
2016-05-23,505.9211440009277,510.180764327193
2016-05-24,500.66274563519346,504.82034089476076
2016-05-25,498.6521274400534,502.7709953323349
2016-05-26,507.144897948748,511.42293794283785
2016-05-27,500.6115528914217,504.76807998117306
2016-05-30,498.17860885504075,502.2903003920943
2016-05-31,504.22459505201635,508.4460867052021
2016-06-01,503.11930799853496,507.32061254722123
2016-06-02,512.454278065509,516.8211970073804
2016-06-03,535.4516379321611,540.1640957230858
2016-06-06,530.7744628319977,535.4159855206993
2016-06-07,533.8663777009883,538.5545838444119
2016-06-08,534.4524034361482,539.1494796649607
2016-06-09,536.8958903388381,541.6299639432548
2016-06-10,544.4583290155007,549.306079940635
2016-06-13,551.2055402191229,556.1547070384261
2016-06-14,549.5499671632808,554.4741909865271
2016-06-15,559.344672429466,564.4140871455494
2016-06-16,560.1276333958219,565.111247697049
2016-06-17,553.2440218209703,558.6562184166772
2016-06-20,543.1623443752294,548.4072484653389
2016-06-21,536.8961435349153,542.5525467924357
2016-06-22,540.6742336125063,546.4011051186473
2016-06-23,526.3395329737118,532.8712618511739
2016-06-24,553.38724340915,560.5075836833904
2016-06-27,569.362394756289,571.2962584616912
2016-06-28,569.658427361139,571.486339226994
2016-06-29,559.912258936344,565.0342869475766
2016-06-30,563.2816139678188,567.1997406506429
2016-07-01,568.9171197545943,571.0940414025615
2016-07-04,570.3643427029142,572.1591579737275
2016-07-05,579.6515738867591,579.0033872851396
2016-07-06,578.4092970920774,578.0974986019964
2016-07-07,576.1710476043405,576.4513221800343
2016-07-08,578.641063324822,578.4048509405076
2016-07-11,566.516111056068,568.4953350884604
2016-07-12,553.6703889982826,558.1230221178607
2016-07-13,558.6025845867935,562.2366287167781
2016-07-14,551.6734238318636,556.5879154940882
2016-07-15,543.6850015373329,549.7359634527716
2016-07-18,544.4977078126427,550.4496645482766
2016-07-19,549.1478739359385,554.8996693182638
2016-07-20,544.1844471863826,550.3030863251369
2016-07-21,549.1699625428673,555.2492491303911
2016-07-22,546.9414936184879,552.8219895645641
2016-07-25,545.0507890371875,551.1477332288542
2016-07-26,547.0631447141413,552.8854830706161
2016-07-27,556.8649225670451,561.5136385888864
2016-07-28,557.9537717982668,562.4267267083069
2016-07-29,569.4714950538053,571.7915492954546
2016-08-01,561.7835719712887,565.8034565178863
2016-08-02,555.3778262796744,560.706438262908
2016-08-03,556.2215568815901,561.3587074390955
2016-08-04,566.1415106557384,569.4206273874294
2016-08-05,544.5756559082449,551.3201473631751
2016-08-08,544.284921088655,551.0364164556928
2016-08-09,549.3151492227845,556.6146992415056
2016-08-10,556.7490263846116,564.1366435473351
2016-08-11,542.3211677693718,551.0823125169873
2016-08-12,550.7152001794,559.9594548584411
2016-08-15,544.6213013261901,553.7962566058068
2016-08-16,540.9600365242043,549.8292449912857
2016-08-17,544.9635449630725,554.1835545047604
2016-08-18,548.4050683067778,557.7991075342514
2016-08-19,539.9418201006089,548.8696768958464
2016-08-22,545.3632977192186,554.6470446566435
2016-08-23,545.9495339303377,555.2776613021141
2016-08-24,544.7565364239578,553.9626174393925
2016-08-25,541.1879687235111,549.8784444562654
2016-08-26,531.3959181314442,538.0285081274516
2016-08-29,539.6725203921345,547.9447119138395
2016-08-30,538.3191957619423,546.319833662144
2016-08-31,536.3520019867349,543.959993222249
2016-09-01,538.9693801004538,547.0963153816884
2016-09-02,534.4416920474035,541.6790904614852
2016-09-05,533.205865755633,540.202643289447
2016-09-06,547.2157459589463,556.6302149502619
2016-09-07,546.9225170247156,556.2852131998346
2016-09-08,535.9509418559264,543.5150517263521
2016-09-09,527.7947162015338,534.0969690154268
2016-09-12,530.57852551502,537.3037520959483
2016-09-13,523.1275301022126,528.7514462837929
2016-09-14,528.5212892450421,534.918702948166
2016-09-15,530.57422323304,537.268089880351
2016-09-16,530.2682057465718,536.9177310400493
2016-09-19,527.4033464509488,533.6399735148526
2016-09-20,530.6815709068009,537.3856507543567
2016-09-21,534.7622841904664,542.0464354220112
2016-09-22,539.6861224809516,547.6666785559536
2016-09-23,541.5115038671481,549.7520431146158
2016-09-26,550.839678772312,560.3584435109912
2016-09-27,553.4974877665359,563.3851390151848
2016-09-28,551.1243952792262,560.6829893138248
2016-09-29,554.8034746539387,564.8682575776625
2016-09-30,545.8984151852239,555.3859101470381
2016-10-03,538.0510967730544,547.4493995315512
2016-10-04,525.6366032338979,533.9282707647093
2016-10-05,520.6504363884344,528.3291329273078
2016-10-06,512.9064096707568,519.6709642022468
2016-10-07,517.1485097555666,524.4023130215596
2016-10-10,508.46227391054384,514.7475605496754
2016-10-11,510.03074842371,516.4881683437244
2016-10-12,510.03074842371,516.4881683437244
2016-10-13,517.1602115401761,524.3790121304701
2016-10-14,525.631879639919,533.7314794393897
2016-10-17,517.0906832125847,524.3257370944701
2016-10-18,511.5831907160602,518.2767940219591
2016-10-19,511.1509910612218,517.8024649257633
2016-10-20,514.2897165787574,521.2452679868315
2016-10-21,510.5556798741762,517.1502620464579
2016-10-24,516.2641303402761,523.3975334009925
2016-10-25,516.2641303402761,523.3975334009925
2016-10-26,524.8328621986235,532.7523461504043
2016-10-27,538.1699176262705,547.2277802155529
2016-10-28,535.3170418312567,544.5552185331838
2016-10-31,531.1216730154721,540.148527839584
2016-11-01,529.5574868364483,538.4490477704937
2016-11-02,520.0264309071301,528.1341935337214
2016-11-03,520.0264309071301,528.1341935337214
2016-11-04,509.3512562140022,516.6421794839666
2016-11-07,524.5180052928868,532.8252932234954
2016-11-08,536.0495119062454,545.1046187396777
2016-11-09,567.9180142532412,578.2647178164254
2016-11-10,577.1802527949577,586.6822340202916
2016-11-11,581.2214518428357,590.2241829707338
2016-11-14,591.0783129286539,599.2089966012885
2016-11-15,592.7598569289003,600.6788657650247
2016-11-16,592.1750155605629,600.1683151075987
2016-11-17,601.2790330100893,608.086369483352
2016-11-18,611.9869239165586,617.419058525505
2016-11-21,608.964579708444,614.7345852190924
2016-11-22,606.7447134957278,612.79665050857
2016-11-23,615.8076068611838,620.7874606453908
2016-11-24,615.8076068611838,620.7874606453908
2016-11-25,615.8076068611838,620.7874606453908
2016-11-28,607.7067794018392,612.2578168565606
2016-11-29,607.5674794831184,612.1112116076775
2016-11-30,619.3832923006619,624.5162258805324
2016-12-01,626.9810486641885,632.4920637361174
2016-12-02,618.5139813476302,623.6110810636299
2016-12-05,619.0768549764214,624.201214955145
2016-12-06,617.6126763827443,622.6660773892683
2016-12-07,611.3066628917444,616.0592425713372
2016-12-08,618.580672787591,623.6714353671211
2016-12-09,628.1420803632769,633.6683778304423
2016-12-12,627.828847067509,633.3407007482165
2016-12-13,627.1771186162282,632.6589144773278
2016-12-14,646.6646135946927,652.9381339022964
2016-12-15,654.0452524394104,660.6215611180637
2016-12-16,651.3226056127816,657.7866517046579
2016-12-19,641.5698160247864,647.6455311796547
2016-12-20,644.8943816810445,651.1008647908927
2016-12-21,641.4491751720847,647.5201585075299
2016-12-22,642.0958797373416,648.1922238894667
2016-12-23,640.4138417688218,646.4442071549511
2016-12-26,640.4138417688218,646.4442071549511
2016-12-27,640.4138417688218,646.4442071549511
2016-12-28,630.9192264269738,636.5877090298425
2016-12-29,624.6787670359853,630.1145054994522
2016-12-30,619.4212901795381,624.6637108998005
2017-01-02,619.4212901795381,624.6637108998005
2017-01-03,619.4212901795381,624.6637108998005
2017-01-04,616.4661545808244,621.6005748456627
2017-01-05,599.2671688620555,603.8310455123238
2017-01-06,610.837824882491,615.7580574153586
2017-01-09,602.5560715051486,607.2222440412412
2017-01-10,603.1956125665591,607.881216139318
2017-01-11,601.8621383702301,606.5071714880663
2017-01-12,599.7849940644628,604.3669065806291
2017-01-13,606.5531628118833,611.3362450144085
2017-01-16,601.6027723694118,606.2382650071888
2017-01-17,592.1897576364856,596.5523197613766
2017-01-18,609.4464568477904,614.2483689946898
2017-01-19,616.9951987132753,621.9888579291775
2017-01-20,614.9669304681619,619.9086568142322
2017-01-23,601.4889770684349,606.10230565457
2017-01-24,611.015633434925,615.8501590476395
2017-01-25,621.5049484158334,626.5764861773854
2017-01-26,617.9676492405542,622.9585622004847
2017-01-27,615.6475978967173,620.5858155835011
2017-01-30,615.3039620620041,620.2343883795683
2017-01-31,607.1922572560533,611.9414130477057
2017-02-01,611.7957472464393,616.6460865543934
2017-02-02,611.0583635573299,615.8924125280663
2017-02-03,609.9074061885251,614.7160332671054
2017-02-06,596.1189015067315,600.6371282905044
2017-02-07,593.1783840836433,597.6355340763513
2017-02-08,583.4766671890247,587.7367666225185
2017-02-09,596.6731633455998,601.1814282081791
2017-02-10,598.8077842896863,603.3565916271688
2017-02-13,602.8800627555751,607.5058107429265
2017-02-14,613.091713234524,617.9046334896686
2017-02-15,618.4763704833148,623.3879788771371
2017-02-16,607.1934087848642,611.902824278282
2017-02-17,599.6194317542968,604.1958324268506
2017-02-20,600.7686851375367,605.3651107705023
2017-02-21,601.1684832523414,605.7718807079776
2017-02-22,597.4270459031628,601.9652525663909
2017-02-23,589.3809276343552,593.7809941272671
2017-02-24,576.951601282813,581.1464316395716
2017-02-27,588.663492243103,593.0401272656271
2017-02-28,590.2424189847394,594.6437667006152
2017-03-01,609.2226792440448,613.8910910795618
2017-03-02,614.2422957637472,618.9818555543691
2017-03-03,611.6359658216938,616.3384508066027
2017-03-06,612.0217782869777,616.7297410010402
2017-03-07,617.2301935850442,622.0115797266254
2017-03-08,625.8809626082535,630.7826191515951
2017-03-09,633.4615754654412,638.4679758099006
2017-03-10,627.8411876714864,632.7699054628628
2017-03-13,637.0288533163415,642.0818639541782
2017-03-14,633.4386438128488,638.4428643592961
2017-03-15,608.7767681458242,613.482986837867
2017-03-16,616.1616276108529,620.9545903581164
2017-03-17,608.9687174397936,613.6773019742745
2017-03-20,602.0995549961392,606.7283023791778
2017-03-21,594.1850263986845,598.7227936706433
2017-03-22,593.1456903008275,597.6715652723869
2017-03-23,596.0231201512047,600.5817853195646
2017-03-24,594.8972760012082,599.4430849925856
2017-03-27,587.934720376661,592.4014499588629
2017-03-28,597.1692610250182,601.738194264981
2017-03-29,589.3722860774344,593.8549968830661
2017-03-30,596.375585967663,600.9344030376969
2017-03-31,590.3756838967546,594.8692291604275
2017-04-03,576.6222228202909,580.9702690263405
2017-04-04,580.3706893693948,584.7578674993886
2017-04-05,573.0155800408038,577.3261632674679
2017-04-06,576.1377331013088,580.4805544187988
2017-04-07,586.4461805127057,590.8930267493781
2017-04-10,581.6150218499695,586.0129092316289
2017-04-11,567.7075298543207,571.9680131196872
2017-04-12,560.9242780091939,565.1184325577265
2017-04-13,553.7221829399961,557.8464125092629
2017-04-14,553.7221829399961,557.8464125092629
2017-04-17,553.7221829399961,557.8464125092629
2017-04-18,537.9481832499725,541.9244871564918
2017-04-19,530.367805472259,534.2738451526561
2017-04-20,525.1782816949338,529.0364382538032
2017-04-21,527.9931371895432,531.877053549079
2017-04-24,521.7802395636917,525.6073069558734
2017-04-25,509.83541633617176,513.5549891008509
2017-04-26,516.0248774677816,519.7989907628672
2017-04-27,517.4460678647214,521.2327060073198
2017-04-28,518.5562605405831,522.3526660406758
2017-05-01,513.548209349006,517.3005544565693
2017-05-02,519.7525542613607,523.5586397411714
2017-05-03,512.1770235692437,515.9175222953538
2017-05-04,505.78047193986083,509.46588757181956
2017-05-05,507.80261518102446,511.50532511283336
2017-05-08,499.04645325009983,502.67459472771935
2017-05-09,497.79657613664784,501.41412182353724
2017-05-10,496.4974011097471,500.10394341115546
2017-05-11,500.06685130598026,503.7034028211398
2017-05-12,515.4293300089056,519.1888160264912
2017-05-15,512.0896863802433,515.8222848764586
2017-05-16,516.784786248838,520.5548988778589
2017-05-17,537.3188903317529,541.2431894567968
2017-05-18,534.49817495672,538.4011663833629
2017-05-19,533.4042683307839,537.2990023140786
2017-05-22,530.3750730702907,534.2469488137375
2017-05-23,524.1629719662766,527.9880927138836
2017-05-24,531.1575262901321,535.0348143431273
2017-05-25,531.1575262901321,535.0348143431273
2017-05-26,532.8297969211708,536.7195694580786
2017-05-29,532.8297969211708,536.7195694580786
2017-05-30,532.8297969211708,536.7195694580786
2017-05-31,534.6296687914997,538.5328702021405
2017-06-01,534.6296687914997,538.5328702021405
2017-06-02,548.1805821409195,552.1829938239625
2017-06-05,542.1515901978852,546.109791031826
2017-06-06,552.2977173004622,556.3294912525022
2017-06-07,544.8541891216986,548.8320145344278
2017-06-08,541.5676107408034,545.5216616748014
2017-06-09,537.6993695600868,541.6254704851935
2017-06-12,537.6993695600868,541.6254704851935
2017-06-13,538.9255364896144,542.6718785259305
2017-06-14,558.7975248974609,559.8527943525942
2017-06-15,551.1015273523492,552.5650270731875
2017-06-16,554.8276516495428,556.002444495961
2017-06-19,542.7079255427309,545.052704982764
2017-06-20,551.8679206028842,553.2598611770699
2017-06-21,549.6281218575651,551.2692770424405
2017-06-22,553.1037508746447,554.361714369395
2017-06-23,553.7063687321153,554.8998600379497
2017-06-26,554.9669290758247,556.0223814353941
2017-06-27,534.773376488255,537.2781058766551
2017-06-28,535.2931763060883,537.7647259134955
2017-06-29,522.3691676625232,525.0642101035678
2017-06-30,513.2906881394638,515.3605967256233
2017-07-03,502.4355720125019,503.81028846317656
2017-07-04,502.4355720125019,503.81028846317656
2017-07-05,506.6303049082097,508.26463892165987
2017-07-06,500.1307678884667,501.36725680276425
2017-07-07,497.06322486688606,498.11445269490616
2017-07-10,497.06322486688606,498.11445269490616
2017-07-11,497.06322486688606,498.11445269490616
2017-07-12,497.06322486688606,498.11445269490616
2017-07-13,491.8717168858995,492.61479364040605
2017-07-14,498.058419211416,499.1537607836342
2017-07-17,500.51781605531147,501.7537543639689
2017-07-18,514.0473713192821,515.9700078629452
2017-07-19,510.69872655906875,512.4484653393188
2017-07-20,513.6512351180656,515.5516746484365
2017-07-21,519.7443979949221,521.9505666832865
2017-07-24,515.0233906688762,516.9929735301763
2017-07-25,495.6154042425278,496.8021738043137
2017-07-26,505.4632206978277,507.01088838747836
2017-07-27,501.73240069108516,503.14196607451294
2017-07-28,506.3889486276622,507.9674009391613
2017-07-31,504.6282471575825,506.142430822697
2017-08-01,513.9631701155988,515.8002130692507
2017-08-02,509.90024572870533,511.5958466830883
2017-08-03,519.8192755317465,521.8401257191022
2017-08-04,512.1470458193274,513.9200102125344
2017-08-07,513.0533432346781,514.8552358769143
2017-08-08,510.6914807234137,512.4180734731748
2017-08-09,516.5043663273367,518.4123224840919
2017-08-10,527.2208922147423,529.4474748131015
2017-08-11,531.642799020739,534.0019300145857
2017-08-14,523.5952216848186,525.7196018043919
2017-08-15,511.00463503550645,512.7936605695344
2017-08-16,523.0328180102165,525.1139023163124
2017-08-17,530.9133032928985,533.1839764139788
2017-08-18,529.1155864168429,531.3426381908981
2017-08-21,531.9101193439595,534.2046539723752
2017-08-22,522.8754079726323,524.9596044106739
2017-08-23,533.4419881265918,535.7576011979949
2017-08-24,527.0066992658731,529.1823212881238
2017-08-25,532.5611967440702,534.8552204416582
2017-08-28,536.3944020352087,538.7703789735475
2017-08-29,544.7562189053758,547.3075021469118
2017-08-30,540.7323093744076,543.1991437631019
2017-08-31,545.3745849760376,547.9377660422427
2017-09-01,533.4869998152582,535.8178810681947
2017-09-04,540.7221488015983,543.1501039000862
2017-09-05,558.9248985407773,561.6493095060678
2017-09-06,549.3758328983289,551.9419352692238
2017-09-07,562.5603929281751,564.9881321941037
2017-09-08,560.1075575784412,562.4927990546524
2017-09-11,544.6313758413792,546.7747075044788
2017-09-12,538.4996777345794,540.5503567544267
2017-09-13,533.7742849993972,535.7547000471724
2017-09-14,534.1462871077406,536.1322003609779
2017-09-15,530.2350307981732,532.2103978021014
2017-09-18,524.7108263704005,526.6053268550929
2017-09-19,521.502430248507,523.3504429856292
2017-09-20,514.146739775852,515.8906702736741
2017-09-21,512.094849819252,513.810045528471
2017-09-22,517.5728516240284,519.3632861839693
2017-09-25,525.3059074502424,527.200257739012
2017-09-26,520.9107758980142,522.7458784368133
2017-09-27,509.14780438987594,510.8333825607498
2017-09-28,509.56734040176286,511.2581684542115
2017-09-29,501.79881361591293,503.3943713805548
2017-10-02,501.79881361591293,503.3943713805548
2017-10-03,506.27012171221645,507.91924744465024
2017-10-04,505.80474392430847,507.4482621707082
2017-10-05,500.02952311590656,501.6042155791096
2017-10-06,497.0929553159526,498.63297109172277
2017-10-09,498.608099934563,500.1658873132492
2017-10-10,500.71229846053893,502.29471371750816
2017-10-11,503.99353085080725,505.6141669980324
2017-10-12,507.4032018707723,509.063427838464
2017-10-13,494.86846770603944,496.3910643767354
2017-10-16,503.4360608752689,505.04759046108194
2017-10-17,503.4360608752689,505.04759046108194
2017-10-18,503.4360608752689,505.04759046108194
2017-10-19,498.3570759194885,499.91575386752277
2017-10-20,514.7984975844644,516.5062496050917
2017-10-23,509.71665672841715,511.3778470038816
2017-10-24,519.8166244917801,521.5660046377947
2017-10-25,523.9085110532345,525.6938003808202
2017-10-26,529.7262608328073,531.5622422405605
2017-10-27,518.0816432203319,519.8203175379074
2017-10-30,507.58343035685465,509.238622629177
2017-10-31,511.9677260736732,513.6571028224514
2017-11-01,509.940248017176,511.6137574933914
2017-11-02,503.18284872013726,504.80432354772404
2017-11-03,498.9896375235201,500.579202089157
2017-11-06,495.76344039651843,497.32861989747636
2017-11-07,495.20827525202986,496.7692734479009
2017-11-08,501.4817645757698,503.0891202428454
2017-11-09,501.4817645757698,503.0891202428454
2017-11-10,520.2408076228041,521.9694881513017
2017-11-13,522.3067704427039,524.0490342087559
2017-11-14,518.0157264243023,519.7298834679816
2017-11-15,505.3554729544146,506.99095491675257
2017-11-16,514.710478862194,516.4017569178793
2017-11-17,510.7146297620736,512.3819777335707
2017-11-20,517.8084308476624,519.5174530027817
2017-11-21,518.3314152321364,520.0435284828421
2017-11-22,504.84258464003426,506.4789167831552
2017-11-23,505.5791021448889,507.219523594455
2017-11-24,510.41230593365503,512.0793748868431
2017-11-27,505.6767761932641,507.3177716521938
2017-11-28,507.83006899483445,509.4828525069251
2017-11-29,507.83006899483445,509.4828525069251
2017-11-30,507.83006899483445,509.4828525069251
2017-12-01,495.57393252079,497.16209041053867
2017-12-04,499.82999349987216,501.44022126760274
2017-12-05,496.51162893440323,498.1046250118709
2017-12-06,489.7373333188189,491.2956022439296
2017-12-07,496.48634394731414,498.07848072107663
2017-12-08,498.81028582688424,500.4141210586981
2017-12-11,502.43454540046895,504.05657716804706
2017-12-12,505.57644977518964,507.21425057705005
2017-12-13,486.67206198704787,488.222980493432
2017-12-14,492.34527900159435,493.92166255646475
2017-12-15,492.34527900159435,493.92166255646475
2017-12-18,500.5320034281925,502.14461312203395
2017-12-19,516.6044218196475,518.284352076292
2017-12-20,524.9063862922864,526.620983865699
2017-12-21,524.4061420550712,526.1186413333443
2017-12-22,524.4061420550712,526.1186413333443
2017-12-25,524.4061420550712,526.1186413333443
2017-12-26,524.4061420550712,526.1186413333443
2017-12-27,511.08688247185876,512.7453549516898
2017-12-28,515.6061075282217,517.282714783089
2017-12-29,510.4185579502057,512.0743947474925
2018-01-01,510.4185579502057,512.0743947474925
2018-01-02,510.4185579502057,512.0743947474925
2018-01-03,507.6872272398723,509.3321703105957
2018-01-04,512.1948101873313,513.8576373745432
2018-01-05,518.869664547345,520.5588357958998
2018-01-08,519.1716349972293,520.8608680578907
2018-01-09,536.9603065614795,538.2849382078495
2018-01-10,536.9603065614795,538.2849382078495
2018-01-11,536.3746240221586,537.7034321780625
2018-01-12,540.7299723126262,541.9301826135826
2018-01-15,540.7299723126262,541.9301826135826
2018-01-16,537.1451887129081,538.6626947044368
2018-01-17,550.469844969134,550.4580745414441
2018-01-18,562.1058191432905,560.8844957568978
2018-01-19,569.686735838186,568.1627096103844
2018-01-22,577.9600958060141,576.3182108205588
2018-01-23,564.4871715225185,562.9714706832062
2018-01-24,571.3693597537008,569.397371855222
2018-01-25,565.5407874906286,564.1122924996691
2018-01-26,580.1595766289405,577.8346352498229
2018-01-29,590.321131846439,587.530891360657
2018-01-30,598.5887698191336,595.4398858037636
2018-01-31,600.8939470597793,597.4861967558658
2018-02-01,618.3744950849957,613.8680439309372
2018-02-02,637.4007295378017,631.8961353361412
2018-02-05,617.179784435372,613.0522706801047
2018-02-06,619.506790722652,615.1328275144282
2018-02-07,627.776563437254,623.2232585865331
2018-02-08,627.2094131194959,622.6679144111441
2018-02-09,628.3099708102812,623.8243350786807
2018-02-12,632.8897073466347,628.64659182157
2018-02-13,627.5846514615785,623.063089778175
2018-02-14,652.1126235329153,648.5444743740298
2018-02-15,651.149799020532,647.5427570822139
2018-02-16,642.3462654654926,638.3978567504305
2018-02-19,647.4841669922088,643.7307370279889
2018-02-20,645.7097926324092,641.888574342818
2018-02-21,658.1238665124962,654.7483622780654
2018-02-22,650.4678461618752,646.8202688851758
2018-02-23,638.0647938881427,634.01236462482
2018-02-26,637.102808437169,633.0195833365017
2018-02-27,649.8329139276743,646.1279525779976
2018-02-28,641.6628671573887,637.7175476543468
2018-03-01,627.8017631028106,623.4883197908096
2018-03-02,627.8017631028106,623.4883197908096
2018-03-05,627.8017631028106,623.4883197908096
2018-03-06,625.9896684481677,621.6290952150442
2018-03-07,625.5182333541896,621.1454221139697
2018-03-08,621.123921303922,616.637825982504
2018-03-09,625.6342899168562,621.2621945296221
2018-03-12,619.9432127785336,615.4278501300721
2018-03-13,613.6558628268401,608.9861004425145
2018-03-14,608.8769753318337,604.0919760063604
2018-03-15,612.144718689573,607.4371558817588
2018-03-16,615.5489040755558,610.9218081120923
2018-03-19,619.0951413097085,614.5516725964637
2018-03-20,630.5543637858101,626.2630413523293
2018-03-21,623.8826555232922,619.4442119458655
2018-03-22,608.086605468694,603.3436338677565
2018-03-23,604.237515117701,599.4227823318635
2018-03-26,613.7129261126641,609.0623600030594
2018-03-27,595.1693432813695,590.2466158185896
2018-03-28,598.0351347175067,593.1523518716876
2018-03-29,591.1253314069152,586.1472617999735
2018-03-30,591.1253314069152,586.1472617999735
2018-04-02,591.1253314069152,586.1472617999735
2018-04-03,602.658073298434,597.819041873736
2018-04-04,605.6852419496586,600.8832743211061
2018-04-05,611.9569812707259,607.2296805896174
2018-04-06,596.971084539057,592.0844970944544
2018-04-09,598.9250181246058,594.0583187370953
2018-04-10,603.9973823985266,599.1810954165549
2018-04-11,600.3140389687013,595.4607806700789
2018-04-12,615.336129425046,610.6046500353784
2018-04-13,612.7882296475258,608.0352803374457
2018-04-16,615.9522598964285,611.2255022789458
2018-04-17,613.7542705458959,609.0091628946235
2018-04-18,628.0183952283261,623.372326994489
2018-04-19,636.1350855260423,631.5444460582745
2018-04-20,648.1533600089338,643.6376064680585
2018-04-23,656.4234378551761,651.382104816897
2018-04-24,658.1956324697023,653.0991290847057
2018-04-25,665.5455121546573,660.2321096258084
2018-04-26,655.9655525746584,650.5899831217765
2018-04-27,650.0148998412153,644.6023271031447
2018-04-30,645.773320907116,640.3349330789542
2018-05-01,652.6077505298998,647.2085323689882
2018-05-02,650.6760056227158,645.2654477131739
2018-05-03,640.8612851124276,635.396818380664
2018-05-04,640.8612851124276,635.396818380664
2018-05-07,640.8612851124276,635.396818380664
2018-05-08,650.0113664116863,644.5914657510993
2018-05-09,660.0474954157312,654.6728695148926
2018-05-10,652.3643643402272,648.0696974000964
2018-05-11,652.3643643402272,648.0696974000964
2018-05-14,662.9150806159507,657.3414017513858
2018-05-15,690.6126522840608,681.8677898226559
2018-05-16,698.6575013116877,689.8916837410402
2018-05-17,700.6555185650004,691.9703869173032
2018-05-18,683.6500990047589,674.3622576353046
2018-05-21,681.183599086388,671.8109667576489
2018-05-22,683.1024277441965,673.7954152079873
2018-05-23,661.779164688003,651.8878000751233
2018-05-24,658.5333881256527,648.5568051786003
2018-05-25,643.536484422033,633.208328548064
2018-05-28,643.536484422033,633.208328548064
2018-05-29,643.536484422033,633.208328548064
2018-05-30,659.5424339890371,649.5098023301834
2018-05-31,660.9978761728629,650.9930723602955
2018-06-01,673.82733321378,664.0398546119981
2018-06-04,684.5529809181802,674.9379652277678
2018-06-05,677.2014991007583,667.4681128420868
2018-06-06,677.2014991007583,667.4681128420868
2018-06-07,677.2014991007583,667.4681128420868
2018-06-08,677.2014991007583,667.4681128420868
2018-06-11,678.7652959437769,669.0567626755908
2018-06-12,683.1278704539275,673.4879412699373
2018-06-13,688.2324769179602,678.6721907120263
2018-06-14,678.3896876747639,668.6815327941456
2018-06-15,675.4929370898544,665.7423028693677
2018-06-18,673.0960566266646,663.3104963289236
2018-06-19,662.7448773642237,652.8175187642412
2018-06-20,675.2108154760202,665.4281002898372
2018-06-21,664.5953873394417,654.6931223752127
2018-06-22,665.1835111280724,655.2876667300436
2018-06-25,659.6953303227389,649.7401272777113
2018-06-26,658.4438655620665,648.4753167832125
2018-06-27,643.4541069537103,633.3492207071332
2018-06-28,647.6476110981588,637.5777505508136
2018-06-29,653.2390274847413,643.2142626814049
2018-07-02,655.8236240638076,645.819828660085
2018-07-03,645.8830097278458,635.8030166466453
2018-07-04,648.2063579586643,638.1432567656648
2018-07-05,645.7827549230502,635.7018358287042
2018-07-06,641.4854122592428,631.373328310777
2018-07-09,653.00858940023,642.9631730958324
2018-07-10,656.688139698029,646.6644967795656
2018-07-11,647.6057424813906,637.5309976534528
2018-07-12,651.4177980348272,641.3628913562898
2018-07-13,642.0149969851888,631.9140205874758
2018-07-16,651.3396939869576,641.274639510596
2018-07-17,654.5473390243579,644.4949465335853
2018-07-18,657.8913397365956,647.8519798416794
2018-07-19,642.8194187564269,632.7373634353622
2018-07-20,659.7508646459892,649.6769973330549
2018-07-23,680.9262236451043,670.8176152464117
2018-07-24,678.9046646194857,668.7987118921233
2018-07-25,683.7910134727423,673.6779191922958
2018-07-26,691.7350506044958,681.6087513260062
2018-07-27,682.8956889766001,672.7851504895028
2018-07-30,687.3577736642028,677.2383171194952
2018-07-31,685.0344556754934,674.9194924880204
2018-08-01,699.8337439647402,689.677155337871
2018-08-02,691.0667257868754,681.1828556511921
2018-08-03,674.7000763263896,666.184101160066
2018-08-06,670.1259278741428,661.8432961233491
2018-08-07,681.7294516407472,673.5215970099933
2018-08-08,677.3015844971183,669.0649137108901
2018-08-09,669.0358508736042,660.7504861830372
2018-08-10,641.4647619509042,633.1467528601603
2018-08-13,645.7324724086557,637.4173074561247
2018-08-14,650.7072730233571,642.3953303655336
2018-08-15,638.9115660021062,630.5985244959159
2018-08-16,644.9173665911006,636.6029858232936
2018-08-17,645.4838683421926,637.169413659173
2018-08-20,630.1697502070456,621.8720943446842
2018-08-21,633.3785783239103,625.0765998609635
2018-08-22,635.0503925393095,626.7462242231346
2018-08-23,632.1446766610346,623.844339257393
2018-08-24,633.9475697977992,625.6447665077267
2018-08-27,624.0664690568625,615.7805441742448
2018-08-28,607.0904073370733,598.8531745809825
2018-08-29,604.9199936802689,596.6894501161482
2018-08-30,613.7370182492426,605.4763604241721
2018-08-31,614.8671112028197,606.6027041578624
2018-09-03,613.6877704849024,605.4272611028222
2018-09-04,605.1918799704498,596.961377514966
2018-09-05,605.1918799704498,596.961377514966
2018-09-06,614.5184761565255,606.2512132016759
2018-09-07,592.4593894098634,584.3085170773655
2018-09-10,593.9572073380932,585.7981131140415
2018-09-11,582.7206244542036,574.6263044029399
2018-09-12,579.7265183857178,571.649782647921
2018-09-13,582.4033840976804,574.2042940945905
2018-09-14,590.1637382666315,581.5378745605711
2018-09-17,584.6745782360159,576.1509321201786
2018-09-18,603.9101724169432,593.8571386933345
2018-09-19,605.8778397807367,595.7688707525766
2018-09-20,605.8778397807367,595.7688707525766
2018-09-21,605.360510203014,595.2489684005128
2018-09-24,610.9362072019593,600.6222895284734
2018-09-25,614.4257695582587,603.9624298111629
2018-09-26,600.136121937052,590.5024760043822
2018-09-27,600.136121937052,590.5024760043822
2018-09-28,603.8372623522126,593.8566562460454
2018-10-01,607.8642184019587,597.3430445114695
2018-10-02,600.6041276301287,591.3179570315932
2018-10-03,631.4757137990119,619.0028551857736
2018-10-04,632.3429195674155,619.8224729129346
2018-10-05,642.299693044943,629.0834908102371
2018-10-08,639.493315790968,626.5189316795104
2018-10-09,635.6514897771099,622.9877383758184
2018-10-10,622.3168987390768,610.2144396913685
2018-10-11,622.3168987390768,610.2144396913685
2018-10-12,622.3168987390768,610.2144396913685
2018-10-15,621.8569954990365,609.7560675811526
2018-10-16,625.0776046203375,613.0907075354856
2018-10-17,633.624349158564,621.8972129267363
2018-10-18,624.3970355213202,612.5468756101765
2018-10-19,627.9107795131175,615.9685549759688
2018-10-22,628.864480197846,616.9877236229121
2018-10-23,620.5232481156881,608.0911552042563
2018-10-24,605.0611812656606,591.733728870619
2018-10-25,607.2207051805487,594.0136881004548
2018-10-26,599.2026575124098,585.5588926108085
2018-10-29,599.6485559621484,586.0286363408532
2018-10-30,608.3296901699948,595.1464006201086
2018-10-31,614.3436189572335,601.4593321015934
2018-11-01,610.0493684748883,596.9503711696626
2018-11-02,625.4443547031447,612.9894464791154
2018-11-05,625.9142735222371,613.4591835804534
2018-11-06,627.5989570047558,614.9285052280333
2018-11-07,634.253701177734,621.0216866523397
2018-11-08,636.0045674027842,622.6011199151955
2018-11-09,621.6043861959124,609.8527354125831
2018-11-12,612.4040727060377,601.2375607002161
2018-11-13,610.4508761619387,599.2074781280103
2018-11-14,603.0448007615333,591.3973901680089
2018-11-15,598.0836701404936,586.1725714141319
2018-11-16,585.7330006814517,573.224310213296
2018-11-19,586.2083737165899,573.7220540922306
2018-11-20,587.1992281637333,574.7594672546363
2018-11-21,586.6822812999858,574.2181810005476
2018-11-22,588.8316565025883,576.4680221958865
2018-11-23,583.2494351446422,570.627344841553
2018-11-26,586.0926129166119,573.5993063957691
2018-11-27,586.0926129166119,573.5993063957691
2018-11-28,579.3392845998186,566.5451254117269
2018-11-29,573.752116732095,560.7160898226165
2018-11-30,579.4065742197207,566.6043490081211
2018-12-03,561.650839849754,548.2452026930532
2018-12-04,554.4653103041649,540.8322325789165
2018-12-05,549.4532182304314,535.6659596677578
2018-12-06,542.0940867694939,528.0895262462872
2018-12-07,521.7448510550474,507.33298565531084
2018-12-10,516.8482048801807,502.34605541051246
2018-12-11,508.28947159269217,493.6399055267283
2018-12-12,502.4938500017361,487.74929355912917
2018-12-13,503.84627971796914,489.1228254035826
2018-12-14,507.5704520526589,492.90205025257865
2018-12-17,515.1246609491651,500.55335018092035
2018-12-18,524.044560000651,509.5702730944892
2018-12-19,532.4239927719395,518.0294146930718
2018-12-20,526.0260839921049,511.82203743668924
2018-12-21,528.434677392068,514.2329172181228
2018-12-24,527.9031624868417,513.7297874022349
2018-12-25,540.4769659999121,525.7027761533694
2018-12-26,525.6884829182292,512.3224653177803
2018-12-27,535.9089678799633,522.7358553892724
2018-12-28,544.2344203394354,529.6025206502454
2018-12-31,546.9907500939369,531.8073740285862
2019-01-01,552.8652345993496,536.8293310574203
2019-01-02,578.2522882553366,558.7136460785998
2019-01-03,588.2607005296269,567.1274600436043
2019-01-04,566.3085242321715,548.7984355675914
2019-01-07,562.264211123812,544.9053345172288
2019-01-08,555.2342158219145,538.1265357006009
2019-01-09,558.605856692137,541.512760226283
2019-01-10,557.3379762887901,540.3386460431353
2019-01-11,563.1780509967364,546.0851959808497
2019-01-14,561.8900064829182,544.8377036952587
2019-01-15,559.3623937320775,542.2478757953472
2019-01-16,558.4131067098411,541.2434765701745
2019-01-17,553.1177837702897,535.3677728807542
2019-01-18,546.2286489076027,527.7534480865619
2019-01-21,547.793112471224,529.4794712787204
2019-01-22,552.6560826805778,534.8353151123239
2019-01-23,552.3206818950572,534.4655537616181
2019-01-24,556.8380437432068,539.4371443470579
2019-01-25,549.3630943139145,531.2297699220067
2019-01-28,552.9026897550566,535.1063129772643
2019-01-29,557.6615595393955,540.3129983453069
2019-01-30,566.5960644990139,550.0472294809929
2019-01-31,574.8045676589217,557.7504202416872
2019-02-01,562.0822742519638,546.0792932616652
2019-02-04,555.8690571681501,541.0639695862867
2019-02-05,559.1658605172418,543.818621336097
2019-02-06,561.5941570988671,545.86890709484
2019-02-07,571.4535438481968,554.2834283173474
2019-02-08,575.2765773145888,557.2933593218943
2019-02-11,569.4503558174397,552.3902009485613
2019-02-12,559.9639886723953,543.8668747482677
2019-02-13,558.0082733575082,542.0762602498255
2019-02-14,568.7818840143497,551.613629439616
2019-02-15,563.7699217046012,547.4670417239743
2019-02-18,563.1868732827807,546.9931671910024
2019-02-19,573.1180760426578,555.7168131902836
2019-02-20,572.53631690862,555.2198620963068
2019-02-21,559.990881909901,543.7000576759464
2019-02-22,564.9672705334546,548.5522389378871
2019-02-25,567.7051706241829,551.0729965996991
2019-02-26,575.1478956943727,557.844141893
2019-02-27,562.9415397492085,546.8520046628937
2019-02-28,551.6175457847053,534.9427549552928
2019-03-01,538.5232835355073,522.4351420833358
2019-03-04,547.1127683718053,531.5243978306293
2019-03-05,547.8909599549811,532.4062218658901
2019-03-06,555.6006434346907,540.9730909754417
2019-03-07,565.2735973603269,551.7338495456785
2019-03-08,571.32847576551,557.5752533378687
2019-03-11,560.3296848236578,547.5793886568927
2019-03-12,573.734933696711,559.6893415801298
2019-03-13,568.5847042457806,555.3948505711071
2019-03-14,568.5847042457806,555.3948505711071
2019-03-15,577.4315314196025,563.1157007700018
2019-03-18,574.1596421635351,560.3171643426017
2019-03-19,569.3897208954405,556.4720144826035
2019-03-20,590.5042959978181,575.5274610871533
2019-03-21,589.1394431160483,574.2623173253533
2019-03-22,608.7480726377003,592.9780948828812
2019-03-25,616.3638904698329,600.851115685221
2019-03-26,615.2647196354113,599.6981331894093
2019-03-27,623.9988609767331,608.4019782479709
2019-03-28,617.46670640408,602.007335220217
2019-03-29,607.7098065445585,592.8784401281406
2019-04-01,595.7812129040876,581.7835644961207
2019-04-02,599.7825509355193,585.5047336957117
2019-04-03,590.8168012274512,577.1307417273772
2019-04-04,592.5415590036191,579.0321352283091
2019-04-05,593.6149351154774,580.2227292351921
2019-04-08,591.0792876608004,577.3313861522486
2019-04-09,594.0137106832926,580.7436725862399
2019-04-10,599.787764133038,587.3651366408524
2019-04-11,594.7629066522436,581.4819695442887
2019-04-12,582.0927533564835,567.0007251082086
2019-04-15,582.8206568290866,567.827691860554
2019-04-16,577.6215732989615,561.8386005730741
2019-04-17,576.1076967772618,560.0973656863348
2019-04-18,580.4147396849784,565.0412127091741
2019-04-19,583.2579132998682,568.30626467112
2019-04-22,578.6229390187987,562.9892393257111
2019-04-23,583.2656899045497,567.9095236962997
2019-04-24,593.7994102418338,579.8211439564652
2019-04-25,591.9078352497314,577.8212573396551
2019-04-26,599.1318145976036,585.5173669246819
2019-04-29,594.512714696294,581.2988222521276
2019-04-30,598.2685484343375,585.0918684626863
2019-05-01,597.1849479424451,583.9620351806163
2019-05-02,583.7704411813128,569.9467474919655
2019-05-03,600.7889589511178,587.4767937295858
2019-05-06,603.2366825618856,589.879233980911
2019-05-07,604.8485412139247,591.3837507929119
2019-05-08,600.5782085594427,587.2171970098364
2019-05-09,609.3092312672511,596.7147811587878
2019-05-10,610.9788167421297,598.3378122819558
2019-05-13,623.7208445878247,609.9250583698109
2019-05-14,622.5052739058183,608.8052921921512
2019-05-15,632.4179344146178,618.0091262154571
2019-05-16,627.0935770361606,613.3069561423079
2019-05-17,626.432342011392,612.7026542689812
2019-05-20,617.6990637514641,604.6610133700631
2019-05-21,611.1583006978769,598.4667383522644
2019-05-22,624.3666422144519,610.7794608176814
2019-05-23,645.0395893293069,630.0235741352469
2019-05-24,645.6047018952995,630.5832998118287
2019-05-27,645.6047018952995,630.5832998118287
2019-05-28,659.4997089620399,645.3019044420196
2019-05-29,660.029114422583,645.8903344067141
2019-05-30,672.4668428131031,659.0936457899298
2019-05-31,701.4729455083815,689.2252044650345
2019-06-03,713.8821533372449,701.7151369494487
2019-06-04,699.7114522845801,686.5284770631399
2019-06-05,703.929915865678,691.1973665626707
2019-06-06,704.2951196349157,691.6018353629094
2019-06-07,699.3894415277347,686.1769990766977
2019-06-10,697.075245194209,683.6210041378811
2019-06-11,697.4749947901421,684.0623784480824
2019-06-12,704.5384763704545,691.8512294194339
2019-06-13,713.9058116105556,702.1660450173729
2019-06-14,713.0376908756823,701.2089793561119
2019-06-17,711.6856522841425,699.7189981805991
2019-06-18,717.3031716969866,705.9047448738338
2019-06-19,728.3741985617246,718.0661986702362
2019-06-20,728.8628921158113,718.6038292267871
2019-06-21,721.8337228006355,710.8910799956931
2019-06-24,731.4794842399137,721.4418843903707
2019-06-25,735.1236652497539,725.4327652995853
2019-06-26,721.5687268800334,710.6936535856935
2019-06-27,727.6410663333315,717.2812475569108
2019-06-28,719.8831007640001,708.8799643699464
2019-07-01,729.257531224929,719.0025147483498
2019-07-02,739.8600088149532,730.4363731694956
2019-07-03,742.5707605599616,733.3630984058984
2019-07-04,745.3998188166976,736.4184695567973
2019-07-05,717.421155037016,706.8682578734091
2019-07-08,716.5952457987257,705.9979717680948
2019-07-09,710.2069182111671,699.2728746079567
2019-07-10,717.9745737269368,707.4360132574997
2019-07-11,701.4737786404108,690.1802340665835
2019-07-12,705.4107762271005,694.2910347425698
2019-07-15,709.5052761941345,698.5661730208654
2019-07-16,704.4182547863838,693.2554365146406
2019-07-17,716.785626695341,706.1249395004513
2019-07-18,719.7844815871564,709.2477935515885
2019-07-19,715.3383422341811,704.6184239018642
2019-07-22,718.5425531831646,707.9532018075046
2019-07-23,712.3866537733907,701.5491312256497
2019-07-24,719.1328907705421,708.5592187022162
2019-07-25,710.2786980234296,699.3663819767643
2019-07-26,711.7651659898816,700.908788968168
2019-07-29,712.799362663514,701.9820028512935
2019-07-30,713.8784407776392,703.1018604132182
2019-07-31,718.9330070948168,708.3457234632231
2019-08-01,755.2344660890467,745.2766064300922
2019-08-02,758.7392071218826,748.8465829587899
2019-08-05,786.5615292827963,777.0197482821376
2019-08-06,782.1238317850527,773.1227264615567
2019-08-07,779.5484649165727,770.8326552976357
2019-08-08,784.2257101430802,775.5822410064766
2019-08-09,776.4365743556655,767.6762859225644
2019-08-12,787.5279127735452,778.924787619202
2019-08-13,777.7341895938806,768.997424882167
2019-08-14,791.1162629819513,782.5467001044349
2019-08-15,799.4609687666828,790.9965041397127
2019-08-16,794.47620516537,785.9492449492236
2019-08-19,789.3907862779041,780.8020174828634
2019-08-20,795.8317697696783,787.3196407068388
2019-08-21,790.1631585447568,781.5843564978614
2019-08-22,785.9890086388563,777.3624048113385
2019-08-23,809.6437473590975,801.2211487526935
2019-08-26,812.2159793316509,803.7738826003041
2019-08-27,802.0576413906703,794.1927516568638
2019-08-28,803.7834378335237,795.937762974327
2019-08-29,810.0744085201216,802.2984937480671
2019-08-30,805.7517667292833,797.928240148571
2019-09-02,802.2630560052647,794.4019665844993
2019-09-03,800.6254876570005,792.7469945620272
2019-09-04,809.7643940511297,801.9803742319529
2019-09-05,804.580735038698,796.743413604654
2019-09-06,792.4474678913248,784.4978092258546
2019-09-09,792.1055064718669,784.1527713457822
2019-09-10,778.6073968590904,770.5468512708071
2019-09-11,765.151344672433,756.9990425379826
2019-09-12,760.3824983788217,752.1994293181823
2019-09-13,741.7275451071031,733.4544599650682
2019-09-16,742.86645415039,734.5984869675682
2019-09-17,747.3096920971497,739.0613665822729
2019-09-18,751.3096022030954,743.078980710252
2019-09-19,752.5992703672141,744.36682285456
2019-09-20,758.6120314546326,750.3856269810459
2019-09-23,759.4849829095665,751.0801289853121
2019-09-24,766.9358617262645,757.2103816845744
2019-09-25,780.512968707379,769.7043734588236
2019-09-26,769.1339619773407,759.7978683540823
2019-09-27,775.9991328800252,765.6708951852796
2019-09-30,774.22858247811,764.1452574376874
2019-10-01,768.8065290591545,759.4045594627713
2019-10-02,780.8214798970255,771.4068886733671
2019-10-03,797.3217389389932,787.2483241798859
2019-10-04,812.1002025147824,801.941970551548
2019-10-07,812.1002025147824,801.941970551548
2019-10-08,799.2768425137187,788.924098398259
2019-10-09,809.7673285403105,799.3345833250575
2019-10-10,800.2986004970234,791.8834794830742
2019-10-11,767.3698934632366,761.1020850137081
2019-10-14,771.3470945709629,764.1302987516781
2019-10-15,774.2128531722942,766.4259633149122
2019-10-16,767.0290497339349,760.4688021837719
2019-10-17,769.3569087369681,762.9074832196052
2019-10-18,768.4462719315741,761.9533920018135
2019-10-21,766.23581995946,759.6379074330757
2019-10-22,757.1569745571496,750.1427628658687
2019-10-23,765.2368639801996,758.5812127279141
2019-10-24,763.9037223268954,757.188299165427
2019-10-25,756.3337010001653,749.287226831734
2019-10-28,754.5855658062989,747.4635949816619
2019-10-29,745.9460451040394,738.4624013003508
2019-10-30,751.7338200305852,744.4866439543404
2019-10-31,758.4564811313539,751.4824037882377
2019-11-01,768.0223273175377,761.4297794423478
2019-11-04,764.8774649085053,758.1583998452348
2019-11-05,753.6658565309882,746.5192705141453
2019-11-06,744.1953482624351,736.7057207128676
2019-11-07,750.5125676732752,743.2452763497679
2019-11-08,726.6793216159875,718.7405101929079
2019-11-11,731.6230598529368,723.8165918322002
2019-11-12,724.1233055327049,716.1187307342987
2019-11-13,729.970128556136,722.1155537747675
2019-11-14,740.1519387202665,732.5495678525357
2019-11-15,747.2842147884537,739.8581069302771
2019-11-18,746.914642627334,739.4792931123145
2019-11-19,748.4541343489057,741.0572445027523
2019-11-20,759.1202461958419,751.9796396975901
2019-11-21,761.1443918524951,754.0532499792446
2019-11-22,751.1422667632656,743.8165162414978
2019-11-25,749.8849439772499,742.5302148433316
2019-11-26,755.52713179043,748.3008109472031
2019-11-27,758.6866587437218,751.5327506393871
2019-11-28,752.1291979359544,744.8272354011285
2019-11-29,743.1085011888456,735.6122047030387
2019-12-02,739.745896961014,732.1786389659078
2019-12-03,732.3332644532775,724.6141326499522
2019-12-04,702.808181021798,694.7133568252864
2019-12-05,695.2464346606844,687.063993801763
2019-12-06,679.3247618183123,670.9857547569002
2019-12-09,677.9080960077501,669.6311751090147
2019-12-10,674.855196165911,666.8139902233403
2019-12-11,679.8231617305037,671.1614295361138
2019-12-12,673.4887821309774,664.7625520045951
2019-12-13,679.4727737536377,670.4715422944647
2019-12-16,680.2557557908027,671.2624828464525
2019-12-17,685.9219430602618,676.9841348419878
2019-12-18,689.2780712181993,680.373078039337
2019-12-19,698.3116555294464,689.4890552608489
2019-12-20,698.3116555294464,689.4890552608489
2019-12-23,695.5370916212145,686.6886050273316
2019-12-24,698.4063640564913,689.584138301876
2019-12-25,693.425191952823,684.5575080903857
2019-12-26,694.9624319387559,686.108505418773
2019-12-27,683.3963102824458,674.4466282216
2019-12-30,683.920137300092,674.9746263909789
2019-12-31,689.3427792498605,680.4389266615079
2020-01-01,696.6093652375181,687.7591085440268
2020-01-02,693.7045755026531,684.8324588469402
2020-01-03,657.5152199088366,648.6421561288107
2020-01-06,659.5548853232405,650.6806538212903
2020-01-07,665.5245246681935,656.6457040105469
2020-01-08,658.6352734410193,649.7619093449334
2020-01-09,675.5994713360164,666.6891784897701
2020-01-10,667.9694645118204,659.0752383387484
2020-01-13,669.3098195984699,660.4126172383143
2020-01-14,674.1752581010951,665.2667780373633
2020-01-15,664.8798853639086,655.9943930049188
2020-01-16,663.4485037554839,654.5667099930711
2020-01-17,666.4157893059398,657.5261146028707
2020-01-20,666.0288158268747,657.1401559900883
2020-01-21,659.6080370012387,650.7367949482959
2020-01-22,660.017417293706,651.1450299922134
2020-01-23,651.1394857286086,642.2934742387292
2020-01-24,626.5848290746534,617.8548929080692
2020-01-27,629.1496220813134,620.4068029877361
2020-01-28,625.1384109209706,616.4156869753094
2020-01-29,621.0058920702894,612.6477476391607
2020-01-30,635.118545146856,625.7988611750391
2020-01-31,646.9575164118821,635.9390165496711
2020-02-03,644.1659225551975,633.6106142496028
2020-02-04,634.1549431831087,624.7372967871743
2020-02-05,630.3420726570844,621.3219044170644
2020-02-06,617.0863739604143,607.9309703107845
2020-02-07,635.9192007825261,623.7004947368711
2020-02-10,629.032172496627,618.0368970906281
2020-02-11,631.1840977081108,619.8596564570747
2020-02-12,625.2638397546785,615.1141746701657
2020-02-13,630.1529652150454,618.9905389216938
2020-02-14,628.1461766631243,617.3074050670398
2020-02-17,628.1461766631243,617.3074050670398
2020-02-18,636.785528868692,624.8446320722386
2020-02-19,634.1773720184785,622.6211029405089
2020-02-20,633.7411480106273,622.236665192029
2020-02-21,659.2537665745139,646.3650072690926
2020-02-24,660.7400632186144,647.6009318614954
2020-02-25,664.7678932326961,651.1391358244539
2020-02-26,677.3845477719615,661.9749194704397
2020-02-27,685.915352846523,670.214309494186
2020-02-28,717.9494498671191,702.718236046803
2020-03-02,718.4783663752489,703.1337850192218
2020-03-03,712.2321778618923,698.1822814022842
2020-03-04,736.8780196935452,718.1821908010935
2020-03-05,730.2668715775587,713.122894869732
2020-03-06,771.1541884043805,748.0336307960398
2020-03-09,771.5557346552546,748.3475008329024
2020-03-10,756.1333366122662,735.674190382343
2020-03-11,762.4346327896699,741.0128621588509
2020-03-12,759.9635767565312,738.9793621616074
2020-03-13,761.3097180734002,740.0339062957111
2020-03-16,762.6801585880528,741.1336891940958
2020-03-17,755.2817067446013,734.8850299827143
2020-03-18,741.6889636563708,722.7962890680279
2020-03-19,728.4426285121633,710.1865509538701
2020-03-20,752.4677618253207,733.0639089046754
2020-03-23,751.158658340894,732.1185808567902
2020-03-24,752.3964356676272,733.1022592915651
2020-03-25,748.7010867877148,730.1118112110499
2020-03-26,751.177350880355,732.1439424549169
2020-03-27,758.7724957450426,738.3928576877767
2020-03-30,757.8990470162737,737.6995341129714
2020-03-31,757.8990470162737,737.6995341129714
2020-04-01,761.3647907236476,740.6138236872886
2020-04-02,761.593029058921,740.8095700708159
2020-04-03,760.1691103155443,739.5863677779429
2020-04-06,758.5818975099439,737.9981497757623
2020-04-07,753.6611469748459,732.8580522618308
2020-04-08,753.5555652831214,732.7461632276592
2020-04-09,753.340362562308,732.5129986430529
2020-04-10,755.2576625393168,734.5780575388025
2020-04-13,754.4394548305046,733.6916893294092
2020-04-14,752.8349130643985,731.8487435952635
2020-04-15,755.9766445974885,735.536831962976
2020-04-16,762.5994849196768,742.3345233824597
2020-04-17,761.9460470168514,741.6037721467211
2020-04-20,762.6881457867009,742.2124624362873
2020-04-21,763.8532603084835,743.1647475034133
2020-04-22,767.2756722003087,745.9787517683168
2020-04-23,762.3597427598061,742.0232676485505
2020-04-24,761.567823820875,741.3135241074533
2020-04-27,758.8411999673032,738.7319269666465
2020-04-28,756.8383433567583,736.8220440474413
2020-04-29,761.2696877066248,740.9830128192438
2020-04-30,763.0171975260101,742.6350983581706
2020-05-01,763.2601243872169,742.8505920098758
2020-05-04,763.7752107663083,743.2999265824716
2020-05-05,757.9105854267257,738.4046920410456
2020-05-06,755.050877357269,736.0075920074886
2020-05-07,754.7230280027359,735.75884289363
2020-05-08,758.5804591820252,738.6086280843883
2020-05-11,759.6599979040999,739.419971057579
2020-05-12,758.1039144895468,738.2920907474272
2020-05-13,765.0911915094385,743.5600591279684
2020-05-14,771.1784192735843,748.4325987924074
2020-05-15,769.9489531664888,747.4801140287863
2020-05-18,771.670330793656,748.8022024400263
2020-05-19,757.8181797787881,737.3323228644387
2020-05-20,761.965765579242,741.0483185260796
2020-05-21,766.2528206650361,744.9236518137436
2020-05-22,766.6269347309316,745.2915174631668
2020-05-25,766.6269347309316,745.2915174631668
2020-05-26,762.2227348562004,740.9107704542034
2020-05-27,763.0319597002808,741.734021427547
2020-05-28,761.9426640576984,740.4464767329653
2020-05-29,768.8433288430249,748.8617898052139
2020-06-01,768.8433288430249,748.8617898052139
2020-06-02,764.143921186125,743.130901860004
2020-06-03,748.2025725169729,724.0842275896881
2020-06-04,738.9226778645476,713.1049685805284
2020-06-05,721.3735575187845,694.2514756680613
2020-06-08,726.3736065732589,699.4232822327187
2020-06-09,737.1822929176769,710.4003192558002
2020-06-10,754.9818099638243,729.7505592750256
2020-06-11,767.8482927126616,743.4894773670358
2020-06-12,758.8668159420072,735.7762457764071
2020-06-15,758.8668159420072,735.7762457764071
2020-06-16,750.9866675913943,728.0534239335174
2020-06-17,753.3888071469644,730.5421710722001
2020-06-18,761.0543264433672,738.7008043665971
2020-06-19,759.7120562462417,737.3619192789686
2020-06-22,757.4620408924636,735.0430145874722
2020-06-23,758.8146605606095,736.487809463317
2020-06-24,762.3197187029383,740.5025955177838
2020-06-25,763.2321349945306,741.551110914681
2020-06-26,772.6546612600812,752.3356590291879
2020-06-29,776.142980654001,756.2465156184285
2020-06-30,771.0782117295478,750.4466195800887
2020-07-01,764.8504755535191,743.3378834430603
2020-07-02,768.5789113276084,747.586242418712
2020-07-03,768.5789113276084,747.586242418712
2020-07-06,768.5789113276084,747.586242418712
2020-07-07,777.6795419500694,757.9264342363577
2020-07-08,774.726989943251,754.5680626698205
2020-07-09,786.7814894619809,768.1907916563514
2020-07-10,772.8797922443764,752.5920459624297
2020-07-13,781.2412846475673,761.9289335862849
2020-07-14,780.6200150553622,761.23429562717
2020-07-15,779.9731219404464,760.5111302759348
2020-07-16,784.6811123550796,765.7703271337836
2020-07-17,781.177669436668,761.8565156418166
2020-07-20,784.8055936993953,765.9057622374876
2020-07-21,790.1001703783942,771.8140761693757
2020-07-22,789.3103637813375,770.9320779076146
2020-07-23,793.4184107177844,775.5173203267257
2020-07-24,790.8473442512111,772.6471086408532
2020-07-27,782.9192415330962,763.825495317294
2020-07-28,798.7147684577368,781.2332947818599
2020-07-29,803.2265499193746,786.2147664775634
2020-07-30,815.3191028443603,799.5238694182752
2020-07-31,825.8557384774765,811.1110526543226
2020-08-03,816.042871896016,800.3477004458665
2020-08-04,838.7978108347422,824.0655562081085
2020-08-05,819.9421563387485,804.3712485484883
2020-08-06,825.2995215979528,810.1563250035957
2020-08-07,814.3164000956008,798.3329710618303
2020-08-10,808.7737051702933,792.3790435920798
2020-08-11,782.7821225759054,764.9291514638267
2020-08-12,769.477481672066,750.9573334477062
2020-08-13,759.441044732898,740.4475717663129
2020-08-14,770.212430521459,751.6886356591465
2020-08-17,778.112900838744,759.9300290897437
2020-08-18,783.8492889243604,765.9138149006677
2020-08-19,779.582879773861,761.4628614114675
2020-08-20,792.5441902656714,774.9409978630329
2020-08-21,796.9943747938723,779.571488662115
2020-08-24,786.0233583397182,768.1751234008149
2020-08-25,775.0911533256673,756.8481177682045
2020-08-26,776.0131647490674,757.802718612672
2020-08-27,752.7921410776994,733.9485413887678
2020-08-28,771.0705365752613,752.6061830150799
2020-08-31,775.0561443536626,756.6773055497162
2020-09-01,787.3007782525882,769.1646773200526
2020-09-02,794.0005958071762,775.9980652864961
2020-09-03,800.0908165086878,782.2094632488289
2020-09-04,768.0713161525186,749.8864480293498
2020-09-07,768.0713161525186,749.8864480293498
2020-09-08,768.0713161525186,749.8864480293498
2020-09-09,768.0713161525186,749.8864480293498
2020-09-10,771.6290728640171,753.4734339395985
2020-09-11,779.003455508209,760.9056802517962
2020-09-14,775.9373445131736,757.8149294485058
2020-09-15,774.3480071727047,756.2130003358135
2020-09-16,769.4040607506262,751.2309225737306
2020-09-17,769.4040607506262,751.2309225737306
2020-09-18,766.7462770885846,748.5531757032071
2020-09-21,779.3365682924854,761.2198635150006
2020-09-22,778.409497766066,760.2868011254884
2020-09-23,774.5561216430768,756.408989078991
2020-09-24,778.5378812371271,760.4149691156227
2020-09-25,784.7472748992651,766.6610715893917
2020-09-28,785.8276187119388,767.748000032815
2020-09-29,789.2055836012835,771.1463990102035
2020-09-30,775.4445890621229,757.318816265619
2020-10-01,776.5923878744411,758.471687100658
2020-10-02,764.8277025074728,746.664929182332
2020-10-05,727.0795549965248,709.1358811401341
2020-10-06,742.7212710016925,724.6548069124781
2020-10-07,724.9240804384042,707.011927962245
2020-10-08,728.1601123221451,710.2187022805323
2020-10-09,728.8352617128529,710.887768877014
2020-10-12,734.4321004305394,716.4331922120889
2020-10-13,746.5185517833833,728.4018525000226
2020-10-14,747.2452161470709,729.1215528041572
2020-10-15,742.706952826919,724.6269324831297
2020-10-16,738.8090283418794,720.7668488378424
2020-10-19,729.2391723689939,711.292710793004
2020-10-20,726.0169710106279,708.1032060584013
2020-10-21,711.395240886838,693.639092297657
2020-10-22,700.4127290103067,682.7801991129119
2020-10-23,701.9808533965058,684.3303713130057
2020-10-26,717.5859165111218,699.7413148267448
2020-10-27,730.5274221687711,712.5165799736468
2020-10-28,727.4270304848105,709.4556100095705
2020-10-29,709.7320768183877,691.9990224757145
2020-10-30,694.7978532227567,677.2753810576431
2020-11-02,701.6145777277709,683.9936867626129
2020-11-03,691.1288528869286,673.6605662187004
2020-11-04,658.9032076271624,641.9779158581986
2020-11-05,659.7858350810137,642.8454542774571
2020-11-06,669.2287724498436,652.1245905720955
2020-11-09,689.7753168253007,672.2985869013467
2020-11-10,697.3459338570098,679.731942673282
2020-11-11,694.6230415884605,677.0583219121634
2020-11-12,679.7866680160344,662.4940533546937
2020-11-13,682.3533988096754,665.0134685000326
2020-11-16,683.4997051517668,666.1386476314433
2020-11-17,675.585451929892,658.37060556269
2020-11-18,677.9719122658654,660.7128390208584
2020-11-19,671.3637407235154,654.227254449661
2020-11-20,670.5238301418892,653.4029519129691
2020-11-23,676.5873100334356,659.3532805370854
2020-11-24,678.3805655017147,661.1130985168193
2020-11-25,677.9127297279548,660.6539827839617
2020-11-26,677.9127297279548,660.6539827839617
2020-11-27,677.9127297279548,660.6539827839617
2020-11-30,679.9210325664195,662.6248116741064
2020-12-01,699.0321866838887,681.3704438684322
2020-12-02,699.0321866838887,681.3704438684322
2020-12-03,691.7731300063796,674.2499915845996
2020-12-04,702.3806793542814,684.653378951203
2020-12-07,692.6804056273173,675.1401532744284
2020-12-08,691.7095667623771,674.188068251774
2020-12-09,695.7383711724656,678.1389489024713
2020-12-10,687.9307057023616,670.4825272897336
2020-12-11,680.5942482486441,663.288647610648
2020-12-14,681.6591447834268,664.3328170975748
2020-12-15,684.9837205203157,667.5926392496407
2020-12-16,686.7168452950642,669.2920164598631
2020-12-17,689.7258256714965,672.2423841611632
2020-12-18,692.8603725541359,675.3158635067769
2020-12-21,690.2446678983694,672.7510985277802
2020-12-22,684.17085594497,666.7957682228666
2020-12-23,689.6728562758399,672.1901366465986
2020-12-24,687.523666954607,670.0829547759216
2020-12-25,687.523666954607,670.0829547759216
2020-12-28,687.523666954607,670.0829547759216
2020-12-29,688.2913566673172,670.8356318256159
2020-12-30,687.4883060809037,670.0482833216579
2020-12-31,681.6620783791132,664.3361148223212
2021-01-01,681.6620783791132,664.3361148223212
2021-01-04,681.6620783791132,664.3361148223212
2021-01-05,694.513192819039,676.9333732351147
2021-01-06,723.8008478596022,705.6241638949674
2021-01-07,739.5430904805604,721.0446978204048
2021-01-08,753.0745348718119,734.2990454922449
2021-01-11,760.891753931965,741.9562383290133
2021-01-12,760.891753931965,741.9562383290133
2021-01-13,746.6175702876998,727.9755251611962
2021-01-14,753.2644413097184,734.485493995278
2021-01-15,740.4916837420463,721.9766203008318
2021-01-18,740.4916837420463,721.9766203008318
2021-01-19,740.4916837420463,721.9766203008318
2021-01-20,737.7473121337656,719.2890159782096
2021-01-21,742.0214448860428,723.4746973796588
2021-01-22,736.8445208786545,718.4049383578459
2021-01-25,718.1202623014796,700.0710115884932
2021-01-26,720.167627108757,702.075637215854
2021-01-27,715.1999171521497,697.2116554292678
2021-01-28,725.2855014676293,707.0861992377701
2021-01-29,728.257545034897,709.9960862132592
2021-02-01,730.5840179310884,712.2739098487998
2021-02-02,739.4038854702472,720.9091606162151
2021-02-03,752.4347586648524,733.6667877338904
2021-02-04,749.9349071769382,731.2193235153094
2021-02-05,755.1136480172103,736.2894931059635
2021-02-08,760.7484027325521,741.5691502356156
2021-02-09,754.9602483716228,736.0948919417477
2021-02-10,738.5617908770058,720.7404715947346
2021-02-11,744.9862869565336,726.9148134263443
2021-02-12,763.8419179324645,744.5421693384831
2021-02-15,763.8419179324645,744.5421693384831
2021-02-16,763.8419179324645,744.5421693384831
2021-02-17,760.107385753358,740.8991366959415
2021-02-18,759.1506585814891,739.9542987674597
2021-02-19,780.4191020961629,760.4247915885616
2021-02-22,790.6126351767821,770.5047076167533
2021-02-23,784.3075416328624,764.849137868749
2021-02-24,792.2963303448315,772.5811711611909
2021-02-25,847.780780701823,826.819512151323
2021-02-26,845.1268772229364,824.3579388712994
2021-03-01,833.3114146478925,813.5382260938723
2021-03-02,827.6769768238264,808.1742401133965
2021-03-03,837.6304479558105,817.6967809841838
2021-03-04,849.7479467555991,828.5687253625772
2021-03-05,854.8554017016145,832.6370284911768
2021-03-08,864.3224631639741,840.7819814771093
2021-03-09,852.787868504701,830.3808826997274
2021-03-10,849.5380528290316,827.3480226851225
2021-03-11,847.831354727113,825.6395264535179
2021-03-12,862.0875226836303,839.8962321967314
2021-03-15,860.620573854684,838.4807017385614
2021-03-16,861.2088881124068,839.0692717434197
2021-03-17,860.2426581475262,838.1498021104642
2021-03-18,872.2448672897391,850.1508831960493
2021-03-19,875.3052799624015,852.9968873905511
2021-03-22,870.3150651703049,848.085094927938
2021-03-23,858.1474767818378,835.9291888192706
2021-03-24,856.2220825098203,834.0062522416192
2021-03-25,859.5553497246176,837.3350384538725
2021-03-26,867.1718466653115,844.9402961493118
2021-03-29,872.5872396663441,850.2784261387307
2021-03-30,874.5843520509276,852.1263358023649
2021-03-31,884.7835085640368,860.9562980617922
2021-04-01,872.4644545767433,849.3807796231024
2021-04-02,872.4644545767433,849.3807796231024
2021-04-05,872.4644545767433,849.3807796231024
2021-04-06,862.0210874236038,838.9323064730822
2021-04-07,862.7936800862363,839.7050762699795
2021-04-08,852.0971767711264,829.0128593075261
2021-04-09,859.1880876265079,836.0972047961594
2021-04-12,861.6343650915522,838.5416116340893
2021-04-13,850.3561862950414,827.2790668236328
2021-04-14,854.9244921233307,831.8393217840799
2021-04-15,842.6375270176029,819.581970504888
2021-04-16,844.7310664970804,821.6698110499358
2021-04-19,848.2238728833952,825.1530606303421
2021-04-20,837.0303842275326,813.995850624849
2021-04-21,837.476993375456,814.4408984624985
2021-04-22,835.1506868926145,812.1227200637094
2021-04-23,840.9306501913383,817.881065494635
2021-04-26,843.4349447670877,820.3762359899634
2021-04-27,855.2948070964324,832.1852457479587
2021-04-28,850.0487933449228,826.9610019169263
2021-04-29,857.0477920744746,833.9285909863969
2021-04-30,852.5892889675245,829.4898080198433
2021-05-03,843.4806768211997,820.4255512395086
2021-05-04,841.1728069121255,818.1293842229152
2021-05-05,832.2752178038609,809.2801019481707
2021-05-06,834.6840719025472,811.6753372183558
2021-05-07,829.0500853966803,806.0735080626197
2021-05-10,834.1917431073904,811.184429517554
2021-05-11,840.2015154609719,817.1577727212183
2021-05-12,862.567866773494,839.3419840592086
2021-05-13,850.6490180203741,827.5217143455424
2021-05-14,841.9394798692776,818.8881294182971
2021-05-17,848.8708503197296,825.7566906327291
2021-05-18,842.3547359045147,819.2997100451735
2021-05-19,856.7577426387057,833.5593908198191
2021-05-20,838.2449594956901,815.246631286946
2021-05-21,840.0790899913965,817.0604201573408
2021-05-24,833.7304241765565,810.7825929300415
2021-05-25,819.1076359764771,796.3327531551535
2021-05-26,824.0950925156164,801.2596087601568
2021-05-27,833.1079485345132,810.1608345545073
2021-05-28,831.1087208863506,808.1861284072415
2021-05-31,831.1087208863506,808.1861284072415
2021-06-01,831.1087208863506,808.1861284072415
2021-06-02,825.410727232083,802.5585277937887
2021-06-03,841.7863003774098,818.716343714749
2021-06-04,815.9305434628276,793.241743465277
2021-06-07,819.4981474619871,796.7555627221584
2021-06-08,808.4789593534845,785.9044308762782
2021-06-09,795.7870465210246,773.4111009967032
2021-06-10,780.5585684110231,758.429013002146
2021-06-11,788.4681596116264,766.2075397424509
2021-06-14,802.141319322963,779.6478818985656
2021-06-15,800.984194262239,778.5103158885073
2021-06-16,831.52760590161,808.4755794104128
2021-06-17,821.0595564338886,798.2049264279939
2021-06-18,810.2554710917082,787.6066791042366
2021-06-21,816.9695738422882,794.1917991262411
2021-06-22,810.4968846248738,787.8434114960098
2021-06-23,817.0894204692906,794.3085208433185
2021-06-24,818.5563477005808,795.7471416783067
2021-06-25,824.148603780506,801.2312165153944
2021-06-28,813.7006013627096,790.9861683592579
2021-06-29,812.6498774635309,789.9559183217326
2021-06-30,811.0096787028327,788.347687675571
2021-07-01,809.3044604213674,786.6757192624609
2021-07-02,794.8844735778188,772.540234053327
2021-07-05,794.8844735778188,772.540234053327
2021-07-06,794.8844735778188,772.540234053327
2021-07-07,787.3277852513972,765.1336289156637
2021-07-08,777.8999824288954,755.8941637353257
2021-07-09,762.2283658189496,740.5402010755017
2021-07-12,762.7927248513217,741.0930651078685
2021-07-13,747.3146074118292,725.9335062954171
2021-07-14,764.7537776409134,743.0033785836987
2021-07-15,774.0408990424511,752.0932787521477
2021-07-16,776.1689806436917,754.1762233054217
2021-07-19,800.1284222433618,777.6118464355019
2021-07-20,798.6923023086957,776.2069985160853
2021-07-21,783.2240781688834,761.0781892575513
2021-07-22,786.029610268554,763.8219680911473
2021-07-23,787.9802015265359,765.7296268777923
2021-07-26,784.9290284168841,762.7455930029126
2021-07-27,794.808465348786,772.4065573760349
2021-07-28,797.4860265942484,775.0249677140791
2021-07-29,788.0846036279568,765.8316143040405
2021-07-30,800.6870347098289,778.1529744913973
2021-08-02,813.8366971485015,791.0081198654179
2021-08-03,816.6278437104777,793.7368399435863
2021-08-04,808.5411911256411,785.8312694471358
2021-08-05,794.7428016657938,772.3436279031544
2021-08-06,778.2729532020894,756.2476746400838
2021-08-09,770.8915834204254,749.0343385300832
2021-08-10,762.8707222208169,741.196405632917
2021-08-11,766.6688230219052,744.907726542996
2021-08-12,763.274080446347,741.5905165095432
2021-08-13,783.6114758154926,761.4572203878437
2021-08-16,787.8822649769288,765.6292949834748
2021-08-17,787.8822649769288,765.6292949834748
2021-08-18,789.0462181527271,766.7631984377228
2021-08-19,790.862105231336,768.5371191735728
2021-08-20,785.1976242162955,763.0035804428647
2021-08-23,787.7862372412927,765.5323044252738
2021-08-24,775.1975147517211,753.2355549801242
2021-08-25,762.2440465026317,740.5836860060517
2021-08-26,757.7452906857164,736.189811580991
2021-08-27,774.2756556713605,752.3319244501954
2021-08-30,784.3519505765952,762.1713062637355
2021-08-31,776.6023385278212,754.6038952066702
2021-09-01,781.203864213276,759.097106437754
2021-09-02,784.6278840075133,762.440529042412
2021-09-03,775.3009964581067,753.4585769413023
2021-09-06,775.3009964581067,753.4585769413023
2021-09-07,775.3009964581067,753.4585769413023
2021-09-08,785.5305235763622,763.4509133762659
2021-09-09,798.1402382829704,775.7676492363389
2021-09-10,782.6122916246204,760.6018013468567
2021-09-13,788.4039025681366,766.2581205745269
2021-09-14,801.6937501416876,779.2367757467265
2021-09-15,794.917935541071,772.6196124671093
2021-09-16,777.8094726564568,755.9138800643713
2021-09-17,767.8042416884168,746.1447921509865
2021-09-20,785.1083912106724,763.0383797711211
2021-09-21,783.0237829930475,761.0031846920706
2021-09-22,783.7457546368018,761.7080407315548
2021-09-23,745.4432820002611,724.3311894089695
2021-09-24,742.7896646280406,721.7417941096019
2021-09-27,732.3646332476171,711.5692936351081
2021-09-28,723.8299273656615,703.2415070066305
2021-09-29,729.6783530430821,708.9480302835132
2021-09-30,737.5253280555633,716.6045187383487
2021-10-01,745.0762330404132,723.9720671470362
2021-10-04,741.1727167410502,720.1633224326223
2021-10-05,730.2308488437991,709.4873620813972
2021-10-06,731.7163074910123,710.9367063259649
2021-10-07,744.2766439055548,723.1912512988627
2021-10-08,752.3415563052708,731.0597886016707
2021-10-11,760.5953428938873,739.112548732536
2021-10-12,750.5838146533483,729.3449629080337
2021-10-13,744.2564080526696,723.1718126549601
2021-10-14,737.2718595459263,716.3576201115605
2021-10-15,756.3896386805014,735.0077914515939
2021-10-18,766.7679401986027,745.1322118898787
2021-10-19,770.3112272127163,748.588837341674
2021-10-20,772.9496288362471,751.162712883286
2021-10-21,789.0166709445881,766.752692375122
2021-10-22,771.0535844976228,750.2854288969471
2021-10-25,767.6596507747857,746.9522596780555
2021-10-26,765.5682157642877,744.9815762179696
2021-10-27,752.1907795362473,732.9430325888362
2021-10-28,763.6488812393266,743.6730410615812
2021-10-29,763.1367887278748,743.1737127106538
2021-11-01,761.5236806375268,741.6137116353023
2021-11-02,754.097953806435,734.6303879106147
2021-11-03,766.5708700617231,746.9601667581976
2021-11-04,743.0900227851478,725.0808014685834
2021-11-05,727.0637381716242,709.12589974192
2021-11-08,740.2119435099369,722.2026510081367
2021-11-09,729.2352849302818,711.2909889928454
2021-11-10,752.7365033880727,734.5973948897463
2021-11-11,761.1833085984147,742.7269151550322
2021-11-12,753.1453653877786,736.0801792552049
2021-11-15,761.9417799655121,743.4710441344791
2021-11-16,765.9480464856854,746.9343974030854
2021-11-17,757.362842350403,739.0633233701111
2021-11-18,755.3924270834029,737.2523808005374
2021-11-19,752.0095719461517,733.8706853274134
2021-11-22,770.1734845863705,751.9971672537429
2021-11-23,775.6980525741736,756.6256884879064
2021-11-24,774.0699903157561,755.1437764272043
2021-11-25,774.0699903157561,755.1437764272043
2021-11-26,774.0699903157561,755.1437764272043
2021-11-29,779.2319349957634,760.2984310633317
2021-11-30,767.0691339182728,748.1633992327181
2021-12-01,758.3418459705352,739.4628123665373
2021-12-02,770.5213004322114,751.5946307192006
2021-12-03,752.2578448999468,733.4311921377729
2021-12-06,766.7209613843905,747.7976136314365
2021-12-07,774.5502795772458,755.5752286518112
2021-12-08,779.8087469631831,760.799407138593
2021-12-09,775.8193296008455,757.1843916475129
2021-12-10,771.9031483704409,753.8263407870678
2021-12-13,760.0751268425727,742.4588051385368
2021-12-14,766.4636522247018,748.8212542580416
2021-12-15,768.0241236976248,750.3755718785376
2021-12-16,752.6580808772385,735.0900215746158
2021-12-17,753.0376185730861,735.4674695360327
2021-12-20,753.8290784189645,736.2545865195356
2021-12-21,763.20506569167,745.5770750574592
2021-12-22,763.20506569167,745.5770750574592
2021-12-23,768.87208830929,751.2124466190165
2021-12-24,768.87208830929,751.2124466190165
2021-12-27,768.87208830929,751.2124466190165
2021-12-28,768.87208830929,751.2124466190165
2021-12-29,782.2688155009994,764.5287505209076
2021-12-30,774.067841865405,756.3785467442636
2021-12-31,777.012367291657,759.3044806025432
2022-01-03,803.1631742580013,785.2364962381481
2022-01-04,805.3320716517393,787.3880147161321
2022-01-05,819.9528617985679,801.8866596420503
2022-01-06,827.099880261501,808.9751233469283
2022-01-07,834.5024769089132,816.3175540271772
2022-01-10,837.3869468436409,819.1788588472978
2022-01-11,832.3980237612005,814.2308543809678
2022-01-12,834.4574078655114,816.2732221541688
2022-01-13,821.8740270504965,803.8020906382658
2022-01-14,840.1106288569397,821.8634084602434
2022-01-17,840.1106288569397,821.8634084602434
2022-01-18,840.1106288569397,821.8634084602434
2022-01-19,837.5089696991213,819.2866172351511
2022-01-20,819.8929896531382,801.8570686708632
2022-01-21,809.5277053301095,791.6070648766789
2022-01-24,810.5244336229943,792.5926113655678
2022-01-25,810.5244336229943,792.5926113655678
2022-01-26,838.9620377246862,820.6721221081311
2022-01-27,825.8880631625226,809.7155937960871
2022-01-28,815.726311193523,800.5916761841382
2022-01-31,815.2583065735437,800.1513832849438
2022-02-01,818.9300471696317,803.8178088853778
2022-02-02,814.6328874083385,799.5276599495077
2022-02-03,829.1076083861589,813.973340855807
2022-02-04,848.863452036441,833.6801479173554
2022-02-07,850.4388342070386,835.0688668583759
2022-02-08,861.9411354283661,846.5428266514222
2022-02-09,857.5233192374483,842.1363607189998
2022-02-10,884.4320042468169,868.937752652184
2022-02-11,863.393354421466,850.8271746542114
2022-02-14,874.3106121522336,860.8488542320152
2022-02-15,884.1444041607967,869.4930643712812
2022-02-16,881.071917662161,866.9417644842276
2022-02-17,860.8329360594594,849.2042119067937
2022-02-18,854.6846172542967,843.5529718247643
2022-02-21,854.6846172542967,843.5529718247643
2022-02-22,854.6846172542967,843.5529718247643
2022-02-23,863.7996980790493,852.9170583947478
2022-02-24,856.1474783542717,845.0617298274548
2022-02-25,857.4508526975444,846.3992896605434
2022-02-28,828.8750001999599,817.3203286742892
2022-03-01,805.9188472486758,794.0858106796833
2022-03-02,828.3617248396748,816.7324826540146
2022-03-03,821.4024005424465,811.6313236827457
2022-03-04,802.4289600489391,797.3093695366982
2022-03-07,810.9535024418512,804.4316297431326
2022-03-08,823.2313848468925,814.713084422702
2022-03-09,840.7297715648791,828.0192686499186
2022-03-10,849.728960394824,834.3065443628313
2022-03-11,851.164006348829,835.3505413382121
2022-03-14,878.6937276413553,855.6659944910358
2022-03-15,880.4433009261526,856.9125484942545
2022-03-16,891.9025832718988,865.1954574008928
2022-03-17,887.011456425071,861.729413349903
2022-03-18,884.4561566463509,859.7993836940535
2022-03-21,913.8656230473222,882.908409693021
2022-03-22,926.0389331587179,892.8429871362093
2022-03-23,912.7309635466436,882.2891132987797
2022-03-24,924.2967834277923,892.3082558843596
2022-03-25,942.8061387165886,908.3740535457082
2022-03-28,941.5598798947682,907.3399812626585
2022-03-29,931.3497271589509,898.8340671993027
2022-03-30,923.647315674088,891.6010014755042
2022-03-31,924.2510622930546,892.1488849323074
2022-04-01,933.6092837419425,901.2460107413393
2022-04-04,933.9026862278423,901.539712015496
2022-04-05,956.1696430707437,924.4064128854792
2022-04-06,958.7656623431706,926.9446738973412
2022-04-07,965.4770236049742,933.4128000670617
2022-04-08,971.6644127041034,939.5262520102241
2022-04-11,979.9050761781682,947.7839077980219
2022-04-12,965.450316282784,933.6864398474524
2022-04-13,959.698942553396,927.3727108290647
2022-04-14,973.7792214843435,943.33552429003
2022-04-15,973.7792214843435,943.33552429003
2022-04-18,973.7792214843435,943.33552429003
2022-04-19,987.9248513188031,959.3894930167203
2022-04-20,976.7506900702017,946.7395888862238
2022-04-21,990.9977670139473,962.7586667228329
2022-04-22,986.1216905094443,957.2703148021137
2022-04-25,974.4950470316872,944.2508953476164
2022-04-26,958.653862586108,926.6710161136052
2022-04-27,972.8042179256953,942.2600689640045
2022-04-28,973.3545353217082,942.8674788145044
2022-04-29,988.6327762879253,959.6418893526559
2022-05-02,995.7552705139642,967.4697248552301
2022-05-03,996.3467870334669,968.1204139469982
2022-05-04,984.8330829668107,955.4978879274099
2022-05-05,998.7064850786597,970.6289884980849
2022-05-06,1007.5877542245868,980.3182454600794
2022-05-09,994.2519648729178,965.8165509269093
2022-05-10,988.104158413233,959.1463900940388
2022-05-11,980.2638860372712,950.6565860740686
2022-05-12,969.8155782954366,939.3767106941874
2022-05-13,978.1144700545891,948.3141560698862
2022-05-16,971.2081707902241,940.876784760647
2022-05-17,989.9702453536192,960.9293498019861
2022-05-18,975.8475169531197,945.8628783535787
2022-05-19,969.8196466758276,939.4436798949355
2022-05-20,960.4418961098496,929.4757916257313
2022-05-23,971.5265355300969,941.2206458519469
2022-05-24,953.9575305203531,922.6763573165186
2022-05-25,950.8020026408053,919.3505400181442
2022-05-26,950.1451632707823,918.6607962317042
2022-05-27,952.919469610618,921.5329523496862
2022-05-30,952.919469610618,921.5329523496862
2022-05-31,952.919469610618,921.5329523496862
2022-06-01,971.8937554406061,939.9089804539507
2022-06-02,966.1873064031868,935.0107952402659
2022-06-03,971.1750741006272,939.291541246254
2022-06-06,990.9690481890202,957.8433087034518
2022-06-07,978.2400576729842,946.8133836611313
2022-06-08,987.4097519326067,954.774305819124
2022-06-09,992.9075244799609,959.7425587710754
2022-06-10,1022.1667935471311,987.6749444486572
2022-06-13,1060.1649490454654,1022.1816269868413
2022-06-14,1076.3225213814126,1039.4876446776166
2022-06-15,1050.290160676755,1011.8839359239068
2022-06-16,1039.8636372307874,1000.8676396408248
2022-06-17,1045.2638489976384,1006.5661481517202
2022-06-20,1045.2638489976384,1006.5661481517202
2022-06-21,1045.2638489976384,1006.5661481517202
2022-06-22,1028.8725664431768,989.3214323750221
2022-06-23,1018.4786648190599,978.4134636890901
2022-06-24,1023.2110196128955,983.3737285029226
2022-06-27,1031.9470637771144,992.5221206772102
2022-06-28,1028.8404269063717,989.2666395530531
2022-06-29,1017.5597865213833,977.4648231795114
2022-06-30,1004.6222061124323,963.9653486496716
2022-07-01,986.4598152414917,945.1019947472327
2022-07-04,986.4598152414917,945.1019947472327
2022-07-05,986.4598152414917,945.1019947472327
2022-07-06,1005.1649975374839,964.1391486905768
2022-07-07,1014.1066326577339,972.7480740915726
2022-07-08,1025.3005929854019,983.8907584638448
2022-07-11,1014.0616818953263,973.0990774079099
2022-07-12,1008.2079242607582,967.7918438693932
2022-07-13,1005.0878342253,965.053721761641
2022-07-14,1012.6782960960087,971.0411690408885
2022-07-15,1005.111146912315,965.1478080044162
2022-07-18,1020.1904406812171,976.512160158445
2022-07-19,1028.270187581055,982.7225971824274
2022-07-20,1031.0890300624594,984.8815342514292
2022-07-21,994.3649923422349,956.4033909340576
2022-07-22,972.2926347121277,936.8119523658239
2022-07-25,979.2612804575978,942.7015246433563
2022-07-26,981.3134038761852,944.5426546742478
2022-07-27,973.6709381130021,937.8420429317727
2022-07-28,949.8700095663743,918.1850760030026
2022-07-29,945.8162337940887,915.125889386692
2022-08-01,932.8930395320587,905.665157915905
2022-08-02,970.737162814655,933.780742019543
2022-08-03,965.9345107447617,929.1020636134105
2022-08-04,962.2183573153566,925.4067918895414
2022-08-05,983.3010034208721,945.7263803111459
2022-08-08,975.9341551028762,938.2051778881851
2022-08-09,981.3871303035427,943.6154545107746
2022-08-10,978.3727632585558,940.6485340272649
2022-08-11,991.6667275726576,953.3870475183111
2022-08-12,985.0438961531659,947.1707718802567
2022-08-15,977.749993640509,940.1585930232802
2022-08-16,984.0257058982536,946.0358392128635
2022-08-17,1001.3416209096641,962.0042563191242
2022-08-18,998.7200783542388,959.6308960662773
2022-08-19,1013.9031902132901,972.8290944025975
2022-08-22,1024.6876990606572,981.3739291888045
2022-08-23,1030.045712068307,985.4459093520552
2022-08-24,1044.3164821753412,996.5631799493327
2022-08-25,1026.84422579972,982.9159811849589
2022-08-26,1035.8905191650351,989.9581610862034
2022-08-29,1050.6494010785905,1001.2857409433688
2022-08-30,1051.7118771283333,1002.1249415288721
2022-08-31,1078.2033112798574,1021.3219160154788
2022-09-01,1092.2032315953509,1031.6865339123306
2022-09-02,1068.9100679805254,1014.6927092643978
2022-09-05,1068.9100679805254,1014.6927092643978
2022-09-06,1068.9100679805254,1014.6927092643978
2022-09-07,1045.813083303298,998.150363372353
2022-09-08,1059.4525362246513,1008.493148395233
2022-09-09,1058.2885329628257,1007.5973356990346
2022-09-12,1064.3314480070658,1012.2582683807875
2022-09-13,1087.5156583600276,1030.8022002536538
2022-09-14,1091.7083365189246,1034.2090530689113
2022-09-15,1105.150969808104,1045.8202157386631
2022-09-16,1099.9866403019118,1041.1147685869596
2022-09-19,1111.7507493916225,1052.4204751745242
2022-09-20,1130.595646282194,1070.5785139888421
2022-09-21,1127.6293069021121,1067.7547577822052
2022-09-22,1169.3189641362721,1109.2880105392849
2022-09-23,1170.1854663414426,1110.2483940433062
2022-09-26,1210.644318373639,1155.4449259797636
2022-09-27,1210.9818124126925,1155.833565846308
2022-09-28,1178.665626645457,1118.560759015433
2022-09-29,1187.0186316147315,1128.7486721201362
2022-09-30,1193.0399867891158,1136.1004026882667
2022-10-03,1168.4527944997992,1106.7454365021297
2022-10-04,1167.2713772989496,1105.3414872803394
2022-10-05,1180.7306380578063,1120.6509081822398
2022-10-06,1192.0854290987447,1132.6712241952357
2022-10-07,1199.7431825597912,1140.825033755114
2022-10-10,1206.1663984894828,1148.0416921123935
2022-10-11,1206.1663984894828,1148.0416921123935
2022-10-12,1199.242835990039,1140.2749613216351
2022-10-13,1206.877296261434,1149.2835335360605
2022-10-14,1216.615637128068,1160.764718820659
2022-10-17,1212.5706088627278,1156.3211012425052
2022-10-18,1210.6232440853998,1154.0230181464444
2022-10-19,1229.9321879385511,1176.5771263542454
2022-10-20,1242.0760409636234,1190.5735989550662
2022-10-21,1232.9122042242507,1179.8767717939063
2022-10-24,1234.9957012828402,1182.3055803747143
2022-10-25,1215.017898850791,1159.2768084286872
2022-10-26,1203.2329517346616,1145.7822268561624
2022-10-27,1188.678186515001,1129.393403953938
2022-10-28,1206.9075086498542,1148.7741840259046
2022-10-31,1213.9507127542556,1155.572474617025
2022-11-01,1218.2605145103225,1159.1165505735348
2022-11-02,1226.961587953838,1166.913882798837
2022-11-03,1238.5262132608818,1177.9883632014494
2022-11-04,1233.8694839296709,1173.5783528023182
2022-11-07,1244.374418058832,1184.058476729328
2022-11-08,1225.3446790955886,1165.1918694214253
2022-11-09,1216.4915001891443,1155.2236301566388
2022-11-10,1172.918959819012,1108.1435239359498
2022-11-11,1177.1669587850267,1112.4601688873477
2022-11-14,1180.1798771372075,1115.6753802809528
2022-11-15,1168.5884274822806,1103.393081473973
2022-11-16,1159.2161059919601,1093.717289587739
2022-11-17,1170.5722532390605,1105.8519170185284
2022-11-18,1178.356962118665,1114.1671614870056
2022-11-21,1179.3953212509296,1115.2484136991507
2022-11-22,1169.4965658733256,1105.539586000077
2022-11-23,1159.9150864561277,1095.3056087684397
2022-11-24,1159.9150864561277,1095.3056087684397
2022-11-25,1159.9150864561277,1095.3056087684397
2022-11-28,1159.9150864561277,1095.3056087684397
2022-11-29,1170.818373255538,1106.4736737941573
2022-11-30,1140.5087814068481,1076.6869251674925
2022-12-01,1126.1532383681626,1063.0966269344804
2022-12-02,1124.504996528658,1061.6165556108792
2022-12-05,1146.278803843762,1080.6608464215892
2022-12-06,1139.4502300046074,1074.618109151149
2022-12-07,1116.4468788647707,1054.1531757689154
2022-12-08,1133.1420319581075,1067.596510118992
2022-12-09,1149.0742093596755,1079.0768392739556
2022-12-12,1154.9743995972149,1083.2892136812595
2022-12-13,1124.253197138686,1060.9077296669282
2022-12-14,1117.7262241119467,1056.072525084271
2022-12-15,1116.6628655467186,1055.3025830558045
2022-12-16,1124.4204349859128,1060.8975085663799
2022-12-19,1146.8576640660121,1077.2118346670427
2022-12-20,1169.1587378807408,1093.9893971243057
2022-12-21,1164.1213709012648,1090.2217780348396
2022-12-22,1169.8610853349608,1094.559228405742
2022-12-23,1180.2583511936166,1102.6748314703168
2022-12-26,1180.2583511936166,1102.6748314703168
2022-12-27,1180.2583511936166,1102.6748314703168
2022-12-28,1191.8053709724354,1111.365357830222
2022-12-29,1177.6227959969578,1100.8637744124849
2022-12-30,1190.5139501101617,1111.0273482882055
2023-01-02,1190.5139501101617,1111.0273482882055
2023-01-03,1190.5139501101617,1111.0273482882055
2023-01-04,1171.3955219558106,1095.9853789837102
2023-01-05,1188.8972182985112,1109.3956636215103
2023-01-06,1138.5031067071334,1068.3916704755507
2023-01-09,1132.9646195605915,1063.7574906128482
2023-01-10,1148.7145466879954,1077.5010335426548
2023-01-11,1132.2909379608932,1063.062800822645
2023-01-12,1108.992295838129,1042.5174263498714
2023-01-13,1123.9281016342402,1055.2914930299892
2023-01-16,1123.9281016342402,1055.2914930299892
2023-01-17,1123.9281016342402,1055.2914930299892
2023-01-18,1085.063703317166,1021.0906122644931
2023-01-19,1091.367894344239,1026.7338472695535
2023-01-20,1107.0962133791775,1040.4562477240745
2023-01-23,1115.305149670121,1047.4872367445023
2023-01-24,1105.9785681395863,1039.4166563777446
2023-01-25,1101.908509958767,1035.8656573112353
2023-01-26,1089.5124915264842,1025.2911442148672
2023-01-27,1085.4591705348057,1021.9747871796139
2023-01-30,1075.8566049518106,1014.2514001273927
2023-01-31,1083.4127945614207,1020.3968891961608
2023-02-01,1106.789518380295,1040.254847869669
2023-02-02,1113.0802740960432,1045.6163630192752
2023-02-03,1078.0600052339087,1015.197790270196
2023-02-06,1047.8535681917504,991.1044392122881
2023-02-07,1042.8526514046507,987.1138222554844
2023-02-08,1053.9803448610205,996.0414360781805
2023-02-09,1039.4678317806379,984.5238356220248
2023-02-10,1023.7696943116475,971.7944565524679
2023-02-13,1016.7969385749414,966.3499412035094
2023-02-14,1032.9321487717243,978.5628049543892
2023-02-15,1045.3424318434313,988.6153470368154
2023-02-16,1056.3628740542345,997.7104603192449
2023-02-17,1046.900752520056,989.9924477628597
2023-02-20,1046.900752520056,989.9924477628597
2023-02-21,1046.900752520056,989.9924477628597
2023-02-22,1041.3749964884662,985.9025431934313
2023-02-23,1032.2866868070707,978.8354119166602
2023-02-24,1052.892351368205,995.324359957684
2023-02-27,1043.3148037392036,987.6075080468505
2023-02-28,1046.3642893656433,990.0842597265814
2023-03-01,1067.3231708481094,1007.1596609233989
2023-03-02,1085.1888628513802,1021.8204064092173
2023-03-03,1062.6637086768926,1003.0157083041926
2023-03-06,1063.3005215745563,1003.518134695963
2023-03-07,1069.1900654692179,1008.2214244030824
2023-03-08,1076.9343870774126,1014.7431077131964
2023-03-09,1043.9058795154845,985.1637966991609
2023-03-10,1001.6911168630122,947.4891376262367
2023-03-13,969.3843191887838,919.2830274674037
2023-03-14,984.7470148268592,935.4066673823736
2023-03-15,953.1804890950036,902.9390974865455
2023-03-16,969.2082516089375,919.1806020539326
2023-03-17,950.2409934145227,900.552709659571
2023-03-20,956.7082823408352,906.8752846290945
2023-03-21,969.0681032049987,919.1112255185468
2023-03-22,949.889763091862,900.9671828974577
2023-03-23,945.6483323311422,896.844520771742
2023-03-24,941.5926353025498,892.9884536140934
2023-03-27,956.6402368989517,907.8428909739943
2023-03-28,961.9124045790418,912.9332495444112
2023-03-29,963.4469948654776,914.4159829065668
2023-03-30,962.9811487778811,913.9740418981629
2023-03-31,953.6053600338402,905.264608132938
2023-04-03,946.0406160842502,898.0537972550335
2023-04-04,956.3567890328983,907.6824380939181
2023-04-05,958.7335269699793,909.861513562185
2023-04-06,959.5925872514471,910.619100971274
2023-04-07,959.5925872514471,910.619100971274
2023-04-10,959.5925872514471,910.619100971274
2023-04-11,958.7357247422613,909.8039466920662
2023-04-12,965.5268976916252,916.2875589108895
2023-04-13,958.5563607373333,910.1343963629265
2023-04-14,945.5156923282188,898.775118955579
2023-04-17,932.5207668967284,887.4101522039176
2023-04-18,935.6149614425801,890.1196856039629
2023-04-19,932.389093289882,887.2911176917814
2023-04-20,942.4497083260848,895.9951213924871
2023-04-21,935.7089816527656,890.3088088565786
2023-04-24,950.920367325045,903.1290406994736
2023-04-25,968.5539371234831,918.0116175824511
2023-04-26,959.3242253143039,910.7702899688052
2023-04-27,941.1009568332623,896.4919154209771
2023-04-28,959.9679419803747,911.6875129015903
2023-05-01,934.6645120128734,891.1001116404552
2023-05-02,957.5504792102533,912.7431854371243
2023-05-03,974.5552849146416,928.3138808556856
2023-05-04,970.2522215990027,924.5107746813014
2023-05-05,959.2824813040301,914.8892627132072
2023-05-08,948.2145212416555,904.8807711930264
2023-05-09,946.5920275173604,903.3410653270905
2023-05-10,960.4173088353253,916.2262705688853
2023-05-11,966.0275937708722,921.3786329975104
2023-05-12,950.918754847901,907.5108110265129
2023-05-15,946.7485294435085,903.5576044719056
2023-05-16,940.3907452692067,897.4317635081171
2023-05-17,932.7161004554282,890.0978710839822
2023-05-18,918.2161971779958,875.9976967167588
2023-05-19,910.2116396192205,868.2908905070144
2023-05-22,905.5919316651359,863.9855331729773
2023-05-23,910.0345322417814,868.0537672540946
2023-05-24,898.9287148319092,857.706716503458
2023-05-25,881.828071029449,841.3452507647485
2023-05-26,882.2192375776925,841.7198630695607
2023-05-29,882.2192375776925,841.7198630695607
2023-05-30,882.2192375776925,841.7198630695607
2023-05-31,874.6837773916651,834.4900749115805
2023-06-01,864.8029263194546,824.6321717559255
2023-06-02,887.5364502970504,847.7381193987045
2023-06-05,884.5759400963075,844.6989741668178
2023-06-06,881.8870600248374,841.9399127574135
2023-06-07,904.7715793215538,865.1127530682237
2023-06-08,890.4485906999147,851.1529165890263
2023-06-09,897.1436839100912,857.7011914830587
2023-06-12,895.1804655977892,855.8050514936108
2023-06-13,911.2878969405746,871.4684424410005
2023-06-14,907.6924154302654,867.9616794855658
2023-06-15,894.5611119128902,855.2304651585479
2023-06-16,905.5301039207782,865.8606753778956
2023-06-19,905.5301039207782,865.8606753778956
2023-06-20,905.5301039207782,865.8606753778956
2023-06-21,906.8564134360294,867.1234180432944
2023-06-22,922.4765826025282,882.1323149211954
2023-06-23,912.6878499226198,872.530904711763
2023-06-26,908.6003279317907,868.5302862487198
2023-06-27,919.9769936460222,878.9843957662764
2023-06-28,907.8111972979015,867.7919779224304
2023-06-29,938.076310726984,896.138780037418
2023-06-30,941.0047952734882,899.0254339255555
2023-07-03,945.2508469157036,903.3251466819798
2023-07-04,945.2508469157036,903.3251466819798
2023-07-05,945.2508469157036,903.3251466819798
2023-07-06,964.9774510433448,923.3881157980537
2023-07-07,970.1882747318095,928.7731444291712
2023-07-10,951.650325787557,909.4388111051373
2023-07-11,948.5536437476959,906.3683772264827
2023-07-12,922.1028011769031,880.9041823272388
2023-07-13,902.117485611479,862.5663045215617
2023-07-14,916.0276366804763,875.3079684839671
2023-07-17,911.5344518076915,871.1942883272238
2023-07-18,909.007444390239,868.8721574956368
2023-07-19,903.2298133169687,863.2571205164302
2023-07-20,922.0011185451777,883.3594449501842
2023-07-21,919.498448736627,880.9950061051517
2023-07-24,927.767979925854,889.1260642108685
2023-07-25,931.5766489171372,892.9289907244131
2023-07-26,926.3331198414228,887.6500695118681
2023-07-27,950.2184169340842,911.5843996591101
2023-07-28,940.4321311557333,902.0052393454206
2023-07-31,942.2034840157817,903.7027675051642
2023-08-01,950.4855359969428,911.6329888817692
2023-08-02,959.2175287229363,920.2992868113345
2023-08-03,973.9349554613765,935.6593203271779
2023-08-04,945.8342134666052,907.2515371112963
2023-08-07,953.1466303153733,914.7706333740845
2023-08-08,942.9435562469516,903.7919101623006
2023-08-09,944.4990855304575,905.438893838417
2023-08-10,963.286653223504,923.3540644464985
2023-08-11,976.3328912217947,935.4381896179532
2023-08-14,985.6024043006976,944.0026144938078
2023-08-15,988.531402644716,946.6752085762032
2023-08-16,997.0386400059285,954.553394346239
2023-08-17,999.6807066723397,956.9673802480667
2023-08-18,995.5604142684045,952.9474838304471
2023-08-21,1014.0744841266285,971.7116699435195
2023-08-22,1014.5845183338015,972.2274607744254
2023-08-23,990.1508061961524,945.7856207157166
2023-08-24,997.8916700472473,954.1407984595489
2023-08-25,999.905425443113,956.5566155188053
2023-08-28,993.6952778520584,949.0448689500898
2023-08-29,976.6864820151444,927.9226646620714
2023-08-30,975.9946360183397,926.975045199765
2023-08-31,974.6079872819059,925.0026045525501
2023-09-01,983.2581037295547,937.6398499773835
2023-09-04,983.2581037295547,937.6398499773835
2023-09-05,983.2581037295547,937.6398499773835
2023-09-06,988.4581652379818,944.0914087242251
2023-09-07,981.4017099153347,935.1730686153845
2023-09-08,986.951025855765,941.9990212753473
2023-09-11,990.258050826702,946.1507424759261
2023-09-12,990.7293700104233,946.7702740027593
2023-09-13,982.9541164182252,936.5487528926428
2023-09-14,990.3243393717887,946.2594020226188
2023-09-15,1000.6358952331817,959.5619250592272
2023-09-18,995.9408900619277,953.3850670823123
2023-09-19,1009.7194174675016,971.3372701407981
2023-09-20,1023.7905160473655,990.0042795119637
2023-09-21,1038.1112074877574,1008.0507264865478
2023-09-22,1025.043886728162,991.450241277217
2023-09-25,1043.433153158744,1013.5128486483883
2023-09-26,1042.2949901584857,1012.159393302601
2023-09-27,1060.855614295106,1035.2883634122977
2023-09-28,1051.3243195873433,1023.7926729615774
2023-09-29,1049.083523232672,1021.0433606501975
2023-10-02,1071.2491386438057,1050.0198459160738
2023-10-03,1093.4819191903043,1077.9045485333763
2023-10-04,1078.397790113906,1061.496401287712
2023-10-05,1072.3285171827092,1054.8607854924505
2023-10-06,1088.1226841708656,1074.9556038938815
2023-10-09,1057.0481512276579,1037.174156888278
2023-10-10,1060.7699156940964,1040.880642198631
2023-10-11,1048.776631339488,1028.043033866362
2023-10-12,1072.5184682526913,1052.3985727092875
2023-10-13,1059.6351779156464,1039.534137737302
2023-10-16,1075.80040005427,1055.3770897835302
2023-10-17,1102.1566197811871,1081.5759309972973
2023-10-18,1113.2779491126887,1093.5996566139925
2023-10-19,1121.8667921774988,1103.4153056877851
2023-10-20,1108.5828987116922,1087.8741608241962
2023-10-23,1098.6151095146704,1077.2522120163098
2023-10-24,1098.6151095146704,1077.2522120163098
2023-10-25,1116.847870238949,1098.3318782298247
2023-10-26,1100.8425841496617,1079.6176588374665
2023-10-27,1097.2543672447698,1075.876514914495
2023-10-30,1107.2511923152874,1086.1739842263266
2023-10-31,1112.6232887981348,1092.3948354480897
2023-11-01,1081.5096607097057,1057.0962101485495
2023-11-02,1074.9050002003241,1050.3498507016207
2023-11-03,1057.793745373025,1033.2442975302931
2023-11-06,1071.6304572978358,1045.3424275819382
2023-11-07,1060.634929033774,1035.8208645644277
2023-11-08,1052.7251393654328,1028.666841681865
2023-11-09,1078.7561098189235,1049.6125106279417
2023-11-10,1085.0207048039583,1054.8783767903203
2023-11-13,1082.0500748532243,1052.3187654021854
2023-11-14,1046.8327437520322,1020.5795808711849
2023-11-15,1058.8620601921828,1031.401863621858
2023-11-16,1044.9734668653496,1019.1593244832569
2023-11-17,1047.3429442552654,1021.3101690603866
2023-11-20,1045.8078103322116,1020.0277327061435
2023-11-21,1039.8149266619628,1015.0309350687824
2023-11-22,1044.3876524490645,1018.8126125971758
2023-11-23,1044.3876524490645,1018.8126125971758
2023-11-24,1044.3876524490645,1018.8126125971758
2023-11-27,1030.4402079133172,1006.7287092909945
2023-11-28,1015.123292688687,993.2371490299545
2023-11-29,1003.4072542026548,983.436740591289
2023-11-30,1016.0236328980384,993.6677355032018
2023-12-01,989.8621259876667,972.1436995527108
2023-12-04,1002.7995163116502,982.7902595081719
2023-12-05,987.4544563614684,970.154843910859
2023-12-06,978.9198886606483,963.1205686558544
2023-12-07,986.184294853532,969.2310720730321
2023-12-08,1003.0904543240181,983.5262971107367
2023-12-11,1003.984423011152,984.27645359948
2023-12-12,997.466620397571,978.8088567927696
2023-12-13,956.3596698480875,944.6187015001802
2023-12-14,944.8441195730154,934.479317753334
2023-12-15,945.5369274900221,935.1015444044091
2023-12-18,942.6076898998266,932.5057827899046
2023-12-19,942.6076898998266,932.5057827899046
2023-12-20,957.2476903218634,944.8963890889837
2023-12-21,951.3581381881683,939.94750288353
2023-12-22,950.9339350767542,939.5823054724342
2023-12-25,950.9339350767542,939.5823054724342
2023-12-26,950.9339350767542,939.5823054724342
2023-12-27,970.2613086984121,956.3111031266944
2023-12-28,960.1693258096851,947.4877623810445
2023-12-29,952.9621827829039,941.2277589398999
2024-01-01,952.9621827829039,941.2277589398999
2024-01-02,952.9621827829039,941.2277589398999
2024-01-03,955.4085871117321,943.3048678254308
2024-01-04,939.7685379740908,929.1678140566717
2024-01-05,932.5457685019094,922.3170805829877
2024-01-08,937.028722589206,926.7060494783227
2024-01-09,940.9892101271721,930.8171404726629
2024-01-10,938.2705574663431,927.9553405169452
2024-01-11,956.0458536584891,944.2792546684309
2024-01-12,963.9053454693292,951.1268617448906
2024-01-15,963.9053454693292,951.1268617448906
2024-01-16,963.9053454693292,951.1268617448906
2024-01-17,946.787199547257,935.1355775201469
2024-01-18,939.7079598977093,928.4621726629526
2024-01-19,941.3121237655652,930.0476753041753
2024-01-22,946.8941957167356,936.0837227640385
2024-01-23,942.0463336571469,930.9333527170941
2024-01-24,932.0751682958521,919.787223722133
2024-01-25,946.2500059841406,935.4487886830605
2024-01-26,939.2405678821991,927.7054520424647
2024-01-29,953.0304360502537,942.6360293921404
2024-01-30,959.9443968808284,949.9949396223865
2024-01-31,989.8328920193889,980.809183726487
2024-02-01,996.4402948917934,986.9918818296684
2024-02-02,960.1048549629726,952.056195621579
2024-02-05,930.1442849623818,926.6097221238107
2024-02-06,941.6862977536059,937.2825836568675
2024-02-07,937.695290360449,933.6049874449022
2024-02-08,929.7575488381337,926.0117409652047
2024-02-09,925.3284543141834,921.6880315205161
2024-02-12,924.8772787028581,921.2404963852125
2024-02-13,898.5099509576005,892.7163859722167
2024-02-14,909.9575174369422,903.4388134579742
2024-02-15,914.1081750124588,907.3837763244209
2024-02-16,904.1759927623316,897.1657561329225
2024-02-19,904.1759927623316,897.1657561329225
2024-02-20,904.1759927623316,897.1657561329225
2024-02-21,895.9567652201894,889.0679346986078
2024-02-22,892.9197214669222,886.0087003008542
2024-02-23,903.6510093552216,897.5803456267114
2024-02-26,897.9325369655584,891.1525493839068
2024-02-27,894.3856446375653,887.3723335971166
2024-02-28,886.5914835087241,878.1203720068729
2024-02-29,884.5425667429901,875.6355440491304
2024-03-01,870.5317501328589,858.0249808238859
2024-03-04,876.2302467493578,865.3578759272588
2024-03-05,865.3915400355302,852.7648677593895
2024-03-06,856.351012809646,842.6866666149073
2024-03-07,850.6784783738858,836.5454863340931
2024-03-08,847.1747216994951,832.3286694550859
2024-03-11,852.9339398754098,839.8719833655049
2024-03-12,842.4240434793935,826.0250942953533
2024-03-13,834.0016670438833,815.0150792626442
2024-03-14,850.7626010770758,836.2479051267213
2024-03-15,856.1131381020498,842.3993106576386
2024-03-18,859.5626681095931,846.659079968023
2024-03-19,853.0210592703096,838.354882415196
2024-03-20,846.3271591405922,829.8937792227915
2024-03-21,846.7841710577864,830.4702324947648
2024-03-22,832.255320408156,812.3742876812818
2024-03-25,841.3196681074934,823.5348747102728
2024-03-26,839.4457912571013,821.2218583622182
2024-03-27,831.6796810054109,811.6679365031953
2024-03-28,836.6044881469163,817.6989727180088
2024-03-29,836.6044881469163,817.6989727180088
2024-04-01,836.6044881469163,817.6989727180088
2024-04-02,836.6044881469163,817.6989727180088
2024-04-03,836.6044881469163,817.6989727180088
2024-04-04,836.6044881469163,817.6989727180088
2024-04-05,836.6044881469163,817.6989727180088
2024-04-08,836.6044881469163,817.6989727180088
2024-04-09,836.6044881469163,817.6989727180088
2024-04-10,836.6044881469163,817.6989727180088
2024-04-11,836.6044881469163,817.6989727180088
2024-04-12,836.6044881469163,817.6989727180088
2024-04-15,836.6044881469163,817.6989727180088
2024-04-16,836.6044881469163,817.6989727180088
2024-04-17,836.6044881469163,817.6989727180088
2024-04-18,836.6044881469163,817.6989727180088
2024-04-19,836.6044881469163,817.6989727180088
2024-04-22,836.6044881469163,817.6989727180088
2024-04-23,836.6044881469163,817.6989727180088
2024-04-24,836.6044881469163,817.6989727180088
2024-04-25,836.6044881469163,817.6989727180088
2024-04-26,836.6044881469163,817.6989727180088
2024-04-29,836.6044881469163,817.6989727180088
2024-04-30,836.6044881469163,817.6989727180088
2024-05-01,836.6044881469163,817.6989727180088
2024-05-02,836.6044881469163,817.6989727180088
2024-05-03,836.6044881469163,817.6989727180088
2024-05-06,836.6044881469163,817.6989727180088
2024-05-07,836.6044881469163,817.6989727180088
2024-05-08,836.6044881469163,817.6989727180088
2024-05-09,836.6044881469163,817.6989727180088
2024-05-10,836.6044881469163,817.6989727180088
2024-05-13,836.6044881469163,817.6989727180088
2024-05-14,836.6044881469163,817.6989727180088
2024-05-15,836.6044881469163,817.6989727180088
2024-05-16,836.6044881469163,817.6989727180088
2024-05-17,836.6044881469163,817.6989727180088
2024-05-20,836.6044881469163,817.6989727180088
2024-05-21,836.6044881469163,817.6989727180088
2024-05-22,836.6044881469163,817.6989727180088
2024-05-23,836.6044881469163,817.6989727180088
2024-05-24,836.6044881469163,817.6989727180088
2024-05-27,836.6044881469163,817.6989727180088
2024-05-28,836.6044881469163,817.6989727180088
2024-05-29,836.6044881469163,817.6989727180088
2024-05-30,836.6044881469163,817.6989727180088
2024-05-31,836.6044881469163,817.6989727180088
2024-06-03,836.6044881469163,817.6989727180088
2024-06-04,836.6044881469163,817.6989727180088
2024-06-05,836.6044881469163,817.6989727180088
2024-06-06,836.6044881469163,817.6989727180088
2024-06-07,836.6044881469163,817.6989727180088
2024-06-10,836.6044881469163,817.6989727180088
2024-06-11,836.6044881469163,817.6989727180088
2024-06-12,836.6044881469163,817.6989727180088
2024-06-13,836.6044881469163,817.6989727180088
2024-06-14,836.6044881469163,817.6989727180088
2024-06-17,836.6044881469163,817.6989727180088
2024-06-18,836.6044881469163,817.6989727180088
2024-06-19,836.6044881469163,817.6989727180088
2024-06-20,836.6044881469163,817.6989727180088
2024-06-21,836.6044881469163,817.6989727180088
2024-06-24,836.6044881469163,817.6989727180088
2024-06-25,836.6044881469163,817.6989727180088
2024-06-26,836.6044881469163,817.6989727180088
2024-06-27,836.6044881469163,817.6989727180088
2024-06-28,836.6044881469163,817.6989727180088
2024-07-01,836.6044881469163,817.6989727180088
2024-07-02,836.6044881469163,817.6989727180088
2024-07-03,836.6044881469163,817.6989727180088
2024-07-04,836.6044881469163,817.6989727180088
2024-07-05,836.6044881469163,817.6989727180088
2024-07-08,836.6044881469163,817.6989727180088
2024-07-09,836.6044881469163,817.6989727180088
2024-07-10,836.6044881469163,817.6989727180088
2024-07-11,836.6044881469163,817.6989727180088
2024-07-12,836.6044881469163,817.6989727180088
2024-07-15,836.6044881469163,817.6989727180088
2024-07-16,836.6044881469163,817.6989727180088
2024-07-17,836.6044881469163,817.6989727180088
2024-07-18,836.6044881469163,817.6989727180088
2024-07-19,836.6044881469163,817.6989727180088
2024-07-22,836.6044881469163,817.6989727180088
2024-07-23,836.6044881469163,817.6989727180088
2024-07-24,836.6044881469163,817.6989727180088
2024-07-25,836.6044881469163,817.6989727180088
2024-07-26,836.6044881469163,817.6989727180088
2024-07-29,836.6044881469163,817.6989727180088
2024-07-30,836.6044881469163,817.6989727180088
2024-07-31,836.6044881469163,817.6989727180088
2024-08-01,836.6044881469163,817.6989727180088
2024-08-02,836.6044881469163,817.6989727180088
2024-08-05,836.6044881469163,817.6989727180088
2024-08-06,836.6044881469163,817.6989727180088
2024-08-07,836.6044881469163,817.6989727180088
2024-08-08,836.6044881469163,817.6989727180088
2024-08-09,836.6044881469163,817.6989727180088
2024-08-12,836.6044881469163,817.6989727180088
2024-08-13,836.6044881469163,817.6989727180088
2024-08-14,836.6044881469163,817.6989727180088
2024-08-15,836.6044881469163,817.6989727180088
2024-08-16,836.6044881469163,817.6989727180088
2024-08-19,836.6044881469163,817.6989727180088
2024-08-20,836.6044881469163,817.6989727180088
2024-08-21,836.6044881469163,817.6989727180088
2024-08-22,836.6044881469163,817.6989727180088
2024-08-23,836.6044881469163,817.6989727180088
2024-08-26,836.6044881469163,817.6989727180088
2024-08-27,836.6044881469163,817.6989727180088
2024-08-28,836.6044881469163,817.6989727180088
2024-08-29,836.6044881469163,817.6989727180088
2024-08-30,836.6044881469163,817.6989727180088
2024-09-02,836.6044881469163,817.6989727180088
2024-09-03,836.6044881469163,817.6989727180088
2024-09-04,836.6044881469163,817.6989727180088
2024-09-05,836.6044881469163,817.6989727180088
2024-09-06,836.6044881469163,817.6989727180088
2024-09-09,836.6044881469163,817.6989727180088
2024-09-10,836.6044881469163,817.6989727180088
2024-09-11,836.6044881469163,817.6989727180088
2024-09-12,836.6044881469163,817.6989727180088
2024-09-13,836.6044881469163,817.6989727180088
2024-09-16,836.6044881469163,817.6989727180088
2024-09-17,836.6044881469163,817.6989727180088
2024-09-18,836.6044881469163,817.6989727180088
2024-09-19,836.6044881469163,817.6989727180088
2024-09-20,836.6044881469163,817.6989727180088
2024-09-23,836.6044881469163,817.6989727180088
2024-09-24,836.6044881469163,817.6989727180088
2024-09-25,836.6044881469163,817.6989727180088
2024-09-26,836.6044881469163,817.6989727180088
2024-09-27,836.6044881469163,817.6989727180088
2024-09-30,836.6044881469163,817.6989727180088
2024-10-01,836.6044881469163,817.6989727180088
2024-10-02,836.6044881469163,817.6989727180088
2024-10-03,836.6044881469163,817.6989727180088
2024-10-04,836.6044881469163,817.6989727180088
2024-10-07,836.6044881469163,817.6989727180088
2024-10-08,836.6044881469163,817.6989727180088
2024-10-09,836.6044881469163,817.6989727180088
2024-10-10,836.6044881469163,817.6989727180088
2024-10-11,836.6044881469163,817.6989727180088
2024-10-14,836.6044881469163,817.6989727180088
2024-10-15,836.6044881469163,817.6989727180088
2024-10-16,836.6044881469163,817.6989727180088
2024-10-17,836.6044881469163,817.6989727180088
2024-10-18,836.6044881469163,817.6989727180088
2024-10-21,836.6044881469163,817.6989727180088
2024-10-22,836.6044881469163,817.6989727180088
2024-10-23,836.6044881469163,817.6989727180088
2024-10-24,836.6044881469163,817.6989727180088
2024-10-25,836.6044881469163,817.6989727180088
2024-10-28,836.6044881469163,817.6989727180088
2024-10-29,836.6044881469163,817.6989727180088
2024-10-30,836.6044881469163,817.6989727180088
2024-10-31,836.6044881469163,817.6989727180088
2024-11-01,836.6044881469163,817.6989727180088
2024-11-04,836.6044881469163,817.6989727180088
2024-11-05,836.6044881469163,817.6989727180088
2024-11-06,836.6044881469163,817.6989727180088
2024-11-07,836.6044881469163,817.6989727180088
2024-11-08,836.6044881469163,817.6989727180088
2024-11-11,836.6044881469163,817.6989727180088
2024-11-12,836.6044881469163,817.6989727180088
2024-11-13,836.6044881469163,817.6989727180088
2024-11-14,836.6044881469163,817.6989727180088
2024-11-15,836.6044881469163,817.6989727180088
2024-11-18,836.6044881469163,817.6989727180088
2024-11-19,836.6044881469163,817.6989727180088
2024-11-20,836.6044881469163,817.6989727180088
2024-11-21,836.6044881469163,817.6989727180088
2024-11-22,836.6044881469163,817.6989727180088
2024-11-25,836.6044881469163,817.6989727180088
2024-11-26,836.6044881469163,817.6989727180088
2024-11-27,836.6044881469163,817.6989727180088
2024-11-28,836.6044881469163,817.6989727180088
2024-11-29,836.6044881469163,817.6989727180088
2024-12-02,836.6044881469163,817.6989727180088
2024-12-03,836.6044881469163,817.6989727180088
2024-12-04,836.6044881469163,817.6989727180088
2024-12-05,836.6044881469163,817.6989727180088
2024-12-06,836.6044881469163,817.6989727180088
2024-12-09,836.6044881469163,817.6989727180088
2024-12-10,836.6044881469163,817.6989727180088
2024-12-11,836.6044881469163,817.6989727180088
2024-12-12,836.6044881469163,817.6989727180088
2024-12-13,836.6044881469163,817.6989727180088
2024-12-16,836.6044881469163,817.6989727180088
2024-12-17,836.6044881469163,817.6989727180088
2024-12-18,836.6044881469163,817.6989727180088
2024-12-19,836.6044881469163,817.6989727180088
2024-12-20,836.6044881469163,817.6989727180088
2024-12-23,836.6044881469163,817.6989727180088
2024-12-24,836.6044881469163,817.6989727180088
2024-12-25,836.6044881469163,817.6989727180088
2024-12-26,836.6044881469163,817.6989727180088
2024-12-27,836.6044881469163,817.6989727180088
2024-12-30,836.6044881469163,817.6989727180088
2024-12-31,836.6044881469163,817.6989727180088
2025-01-01,836.6044881469163,817.6989727180088
2025-01-02,836.6044881469163,817.6989727180088
2025-01-03,836.6044881469163,817.6989727180088
2025-01-06,836.6044881469163,817.6989727180088
2025-01-07,836.6044881469163,817.6989727180088
2025-01-08,836.6044881469163,817.6989727180088
2025-01-09,836.6044881469163,817.6989727180088
2025-01-10,836.6044881469163,817.6989727180088
2025-01-13,836.6044881469163,817.6989727180088
2025-01-14,836.6044881469163,817.6989727180088
2025-01-15,836.6044881469163,817.6989727180088
2025-01-16,836.6044881469163,817.6989727180088
2025-01-17,836.6044881469163,817.6989727180088
2025-01-20,836.6044881469163,817.6989727180088
2025-01-21,836.6044881469163,817.6989727180088
2025-01-22,836.6044881469163,817.6989727180088
2025-01-23,836.6044881469163,817.6989727180088
2025-01-24,836.6044881469163,817.6989727180088
2025-01-27,836.6044881469163,817.6989727180088
2025-01-28,836.6044881469163,817.6989727180088
2025-01-29,836.6044881469163,817.6989727180088
2025-01-30,836.6044881469163,817.6989727180088
2025-01-31,836.6044881469163,817.6989727180088
2025-02-03,836.6044881469163,817.6989727180088
2025-02-04,836.6044881469163,817.6989727180088
2025-02-05,836.6044881469163,817.6989727180088
2025-02-06,836.6044881469163,817.6989727180088
2025-02-07,836.6044881469163,817.6989727180088
2025-02-10,836.6044881469163,817.6989727180088
2025-02-11,836.6044881469163,817.6989727180088
2025-02-12,836.6044881469163,817.6989727180088
2025-02-13,836.6044881469163,817.6989727180088
2025-02-14,836.6044881469163,817.6989727180088
2025-02-17,836.6044881469163,817.6989727180088
2025-02-18,836.6044881469163,817.6989727180088
2025-02-19,836.6044881469163,817.6989727180088
2025-02-20,836.6044881469163,817.6989727180088
2025-02-21,836.6044881469163,817.6989727180088
2025-02-24,836.6044881469163,817.6989727180088
2025-02-25,836.6044881469163,817.6989727180088
2025-02-26,836.6044881469163,817.6989727180088
2025-02-27,836.6044881469163,817.6989727180088
2025-02-28,836.6044881469163,817.6989727180088
2025-03-03,836.6044881469163,817.6989727180088
2025-03-04,836.6044881469163,817.6989727180088
2025-03-05,836.6044881469163,817.6989727180088
2025-03-06,836.6044881469163,817.6989727180088
2025-03-07,836.6044881469163,817.6989727180088
2025-03-10,836.6044881469163,817.6989727180088
2025-03-11,836.6044881469163,817.6989727180088
2025-03-12,836.6044881469163,817.6989727180088
2025-03-13,836.6044881469163,817.6989727180088
2025-03-14,836.6044881469163,817.6989727180088
2025-03-17,836.6044881469163,817.6989727180088
2025-03-18,836.6044881469163,817.6989727180088
2025-03-19,836.6044881469163,817.6989727180088
2025-03-20,836.6044881469163,817.6989727180088
2025-03-21,836.6044881469163,817.6989727180088
2025-03-24,836.6044881469163,817.6989727180088
2025-03-25,836.6044881469163,817.6989727180088
2025-03-26,836.6044881469163,817.6989727180088
2025-03-27,836.6044881469163,817.6989727180088
2025-03-28,836.6044881469163,817.6989727180088
2025-03-31,836.6044881469163,817.6989727180088
2025-04-01,836.6044881469163,817.6989727180088
2025-04-02,836.6044881469163,817.6989727180088
2025-04-03,836.6044881469163,817.6989727180088
2025-04-04,903.1847985276952,882.9810319402696
2025-04-07,837.353769496081,820.4133987917373
2025-04-08,809.7232150995561,791.3390346916622
2025-04-09,767.7262589659598,749.6357733932678
2025-04-10,756.1643218831238,741.2823525950857
2025-04-11,786.7335069728405,765.9870054911414
2025-04-14,752.3224471107586,739.3237663502804
2025-04-15,741.9619228473966,731.3918991341454
2025-04-16,731.3220918942455,722.9313602545991
2025-04-17,738.9839766676863,729.1455770488363
2025-04-18,738.9839766676863,729.1455770488363
2025-04-21,738.9839766676863,729.1455770488363
2025-04-22,739.4896820654246,729.5632381481836
2025-04-23,744.0635808250585,733.4726853615747
2025-04-24,726.6279113232695,717.5778492947009
2025-04-25,717.3289138013344,709.3053021540172
2025-04-28,706.2439706225339,698.2907760260679
2025-04-29,699.2738182410836,691.1749595180452
2025-04-30,697.5382748498465,689.3496106964916
2025-05-01,707.0513067550144,699.9400599546934
2025-05-02,724.4730714174397,719.798244921796
2025-05-05,727.1287666757555,722.4665315127468
2025-05-06,719.4057729261754,715.0685268825324
2025-05-07,711.9489171100955,707.5186381404613
2025-05-08,733.8589947690543,729.5277694659635
2025-05-09,733.3807728907806,729.0890519097763
2025-05-12,753.0784997853308,747.6288954250141
2025-05-13,759.784590917096,753.7002904282728
2025-05-14,767.9969654624321,761.3328235249135
2025-05-15,751.8908905997082,745.4970159556412
2025-05-16,749.0427847753703,742.8185487204978
2025-05-19,755.0627607808245,748.8061348485605
2025-05-20,752.6316129917033,746.4024896141973
2025-05-21,775.7655173956304,768.616247263345
2025-05-22,764.5151238924946,758.1907682708377
2025-05-23,755.5942823946237,750.4439570668854
2025-05-26,755.5942823946237,750.4439570668854
2025-05-27,755.5942823946237,750.4439570668854
2025-05-28,765.5440187341419,759.9481659212516
2025-05-29,751.5153664394887,746.4277961643461
2025-05-30,749.5175179507663,744.496959763778
2025-06-02,758.5480906191375,753.4185971666385
2025-06-03,759.0619656715875,753.9348054553031
2025-06-04,737.8279450763491,732.7226325707944
2025-06-05,746.5207047977767,742.2150625604532
2025-06-06,770.0157803119967,767.608175854534
2025-06-09,762.3439856702472,760.7712567144764
2025-06-10,760.9444866735282,759.4562886484707
2025-06-11,746.6731109749505,745.6870096791956
2025-06-12,735.782649499363,735.242420837081
2025-06-13,747.7155990693806,747.6832320687727
2025-06-16,751.0558330580342,751.2082391233994
2025-06-17,741.4421396407657,740.77818820645
2025-06-18,742.6935164649233,742.1528835959916
2025-06-19,742.6935164649233,742.1528835959916
2025-06-20,742.6935164649233,742.1528835959916
2025-06-23,730.2939783726749,727.7542400118904
2025-06-24,724.9842213338134,721.5980875206485
2025-06-25,724.1537352225239,720.6242606597988
2025-06-26,716.0041145928109,710.122781837253
2025-06-27,720.9260177601255,716.6364826052612
2025-06-30,713.2520210967825,706.3139343565015
2025-07-01,719.8144481638087,715.0574973743791
2025-07-02,725.7802453424417,722.9910481646602
2025-07-03,735.9346075639006,736.3674895648993
2025-07-04,735.9346075639006,736.3674895648993
2025-07-07,735.9346075639006,736.3674895648993
2025-07-08,739.3683916637112,740.9039101101339
2025-07-09,726.2093834879295,723.8148372925158
2025-07-10,731.3633829864957,730.4588694105474
2025-07-11,740.6299375675385,742.331099573039
2025-07-14,743.8126956534903,746.418784779024
2025-07-15,755.4468078128714,761.214478718618
2025-07-16,747.8813908463709,751.6136341989277
2025-07-17,746.9169161159704,750.3927410228329
2025-07-18,738.4653510958813,739.7669783919016
2025-07-21,730.9436020651237,730.3797951424182
2025-07-22,723.8249590884159,721.5512915667795
2025-07-23,733.042888073765,732.8823843936445
2025-07-24,737.792098918227,738.7264894048448
2025-07-25,736.6911368197498,737.3701116579124
2025-07-28,741.2589970919306,742.9886557631258
2025-07-29,720.5438928207105,718.2486686161055
2025-07-30,732.7641067192824,732.6377769729886
2025-07-31,733.8052616058192,733.8669518161408
2025-08-01,698.34325591478,694.6850658367074
2025-08-04,695.4342483646993,691.4864130209677
2025-08-05,699.7632383228007,696.2406376619548
2025-08-06,701.4947991454162,698.1430654780489
2025-08-07,702.2172374319047,698.9369458253011
2025-08-08,708.9356608223865,706.3080848385937
2025-08-11,710.0956068574732,707.581741782411
2025-08-12,711.3052040949443,708.9100507601374
2025-08-13,721.6277971153855,720.2084838767023
2025-08-14,712.0182540173665,709.7079720998343
2025-08-15,706.1656687785369,703.3262237363036
2025-08-18,703.5955986382652,700.526111906691
2025-08-19,709.3315498081353,706.7669436616711
2025-08-20,712.9936310009327,710.7523822080104
2025-08-21,703.5517132974649,700.4986554108127
2025-08-22,721.5183184083346,719.8093016241182
2025-08-25,715.8259892574212,713.6859826178566
2025-08-26,721.6341267084863,719.9258903343658
2025-08-27,730.3622749484923,729.2929635157632
2025-08-28,734.1515503936458,733.3620210268208
2025-08-29,730.6982213890127,729.6539093644611
2025-09-01,730.6982213890127,729.6539093644611
2025-09-02,730.6982213890127,729.6539093644611
2025-09-03,739.559334243662,739.1517531190055
2025-09-04,752.2436533931884,752.7185243015417
2025-09-05,768.9232846918021,770.4950660094464
2025-09-08,774.6541209557231,776.6088980049738
2025-09-09,762.9744615567726,764.1835040427345
2025-09-10,770.3679415833994,772.0381862563528
2025-09-11,773.6595139903038,775.5367998669584
2025-09-12,762.4364794158311,763.6381342740563
2025-09-15,769.1651630636993,770.7635013732572
2025-09-16,773.4819195473935,775.0869816555486
2025-09-17,754.5577616652226,756.7217868278035
2025-09-18,750.8190807436008,753.1941419437292
2025-09-19,744.1690083091016,747.140477398737
2025-09-22,739.5095662991537,742.1805729281843
2025-09-23,748.7838089774435,751.6583452689695
2025-09-24,736.4295916418213,738.8665636864945
2025-09-25,726.507502953482,728.8057907465044
2025-09-26,724.1118877151907,726.2650072652266
2025-09-29,733.3106724443262,736.0079731369714
2025-09-30,730.7718305119029,733.317786630288
2025-10-01,747.2062248227022,750.6610000048152
2025-10-02,749.751146672147,753.3493927714968
2025-10-03,736.5637477783808,739.6967630531277
2025-10-06,728.9063740968345,731.6371392383616
2025-10-07,738.5382135428639,741.759894657317
2025-10-08,738.5382135428639,741.759894657317
2025-10-09,732.3372669799959,735.2442307066289
2025-10-10,761.7768012434715,765.8323057093282
2025-10-13,759.0160293731881,762.9609995246414
2025-10-14,763.614777639914,767.7160466437367
2025-10-15,763.614777639914,767.7160466437367
2025-10-16,779.8573175224369,784.5777207291782
2025-10-17,768.3163263658167,772.9020160843646
2025-10-20,774.2285859937548,779.03800550274
2025-10-21,778.0845587809846,782.8707165667499
2025-10-22,781.4310576614922,786.2035632352577
2025-10-23,764.9208556905614,770.771043215858
2025-10-24,764.2162923769412,770.1129987285456
2025-10-27,768.776641230083,774.2193566422312
2025-10-28,768.776641230083,774.2193566422312
2025-10-29,737.2033151933882,743.8924078883998
2025-10-30,734.1287276957727,740.6286826938557
2025-10-31,739.9357482886592,746.7900763119255
2025-11-03,733.381669146821,739.8400175248138
2025-11-04,739.4905957901831,746.3133697890679
2025-11-05,721.3058837401531,727.1441916274973
2025-11-06,739.0024556074735,745.7095750873517
2025-11-07,737.562336857024,744.197541732168
2025-11-10,732.0919442147099,738.4575787360025
2025-11-11,744.0823220872865,751.0189508115852
2025-11-12,743.0661646772468,749.9538620604233
2025-11-13,734.1743633368919,740.6457636511014
2025-11-14,728.3845432632527,734.5906633080726
2025-11-17,730.0039017984071,736.2838205846257
2025-11-18,739.447596303908,746.1516436619117
2025-11-19,732.0575502378038,738.4328171635364
2025-11-20,747.1675482330002,754.1789391170671
2025-11-21,752.7599791371983,760.0097474133346
2025-11-24,761.4130483815513,769.0301793176609
2025-11-25,769.1199874228746,777.0650875768995
2025-11-26,769.1199874228746,777.0650875768995
2025-11-27,769.1199874228746,777.0650875768995
2025-11-28,769.1199874228746,777.0650875768995
2025-12-01,749.7230391913105,756.9217581932505
2025-12-02,751.4840808727996,758.7493886605425
2025-12-03,757.5823425576311,765.0778234439674
2025-12-04,746.3589189383415,753.4440967724079
2025-12-05,736.5008810494027,743.2395435802846
2025-12-08,727.2838857074034,733.7093698776622
2025-12-09,716.8644635636954,722.9493533874975
2025-12-10,728.8730744702974,735.3351291451972
2025-12-11,727.6448652696182,734.0679356586811
2025-12-12,723.8171349689754,730.1194443671799
2025-12-15,728.4175116947911,734.8640783544317
2025-12-16,736.5587825732537,743.2590152087184
2025-12-17,735.1504923629802,741.8065692876222
2025-12-18,745.2496369203782,752.2167485195721
2025-12-19,734.9648655953823,741.6216610488353
2025-12-22,729.0628408449306,735.5450555353539
2025-12-23,726.0322907714991,732.4256262249584
2025-12-24,736.8252016758396,743.5276676430925
2025-12-25,736.8252016758396,743.5276676430925
2025-12-26,736.8252016758396,743.5276676430925
2025-12-29,745.7588292533503,752.7166065981725
2025-12-30,740.709773753966,747.5233767162574
2025-12-31,721.7655298502766,728.0856695091137
2026-01-01,721.7655298502766,728.0856695091137
2026-01-02,721.7655298502766,728.0856695091137
2026-01-05,733.688450256611,740.3065333487287
2026-01-06,730.415972055936,736.9517596686466
2026-01-07,737.9795693061222,744.7035331308122
2026-01-08,729.3181777865224,735.8294716634595
2026-01-09,723.1716984180152,729.5346533796791
2026-01-12,721.3666251867573,727.6862869387938
2026-01-13,721.3666251867573,727.6862869387938
2026-01-14,703.6107083348359,709.534454194524
2026-01-15,722.315898014701,728.6219859722943
2026-01-16,740.1020542474189,746.7577739681858
2026-01-19,740.1020542474189,746.7577739681858
2026-01-20,740.1020542474189,746.7577739681858
2026-01-21,723.995951362155,730.3480539498752
2026-01-22,727.9056141566498,734.3305050762316
2026-01-23,721.4107603201379,727.7155988196048
2026-01-26,718.0825544379354,724.3263410189813
2026-01-27,724.9246224592468,731.2928976647258
2026-01-28,724.0332825846533,730.3852676041143
2026-01-29,718.4878389552854,724.7392694487963
2026-01-30,714.6862918157124,720.8693031240241
2026-02-02,731.5778154199187,738.0503816899304
2026-02-03,731.5778154199187,738.0503816899304
2026-02-04,730.5868253165622,737.0422206445268
2026-02-05,701.0740118486124,707.0946577397448
2026-02-06,701.0740118486124,707.0946577397448
2026-02-09,697.0697510094935,703.0325914477553
2026-02-10,679.6399392109121,685.3637439648325
2026-02-11,690.7087395637083,696.5800900746979
2026-02-12,666.5319340449612,672.106628516716
2026-02-13,651.7900688104454,657.1912792694551
2026-02-16,651.7900688104454,657.1912792694551
2026-02-17,651.7900688104454,657.1912792694551
2026-02-18,658.1421028243806,663.6171214633868
2026-02-19,657.5413427320001,663.0093562870536
2026-02-20,658.1664284215943,663.6417301597046
2026-02-23,640.1521615597759,645.4261121139348
2026-02-24,636.6715740544814,641.9069889767607
2026-02-25,631.8798621292154,637.0624192084426
2026-02-26,641.4844996769835,646.7713019009166
2026-02-27,658.2502518941224,663.7132359209617
2026-03-02,634.1209913903001,639.3453285982647
2026-03-03,632.382148704952,637.5894417427461
2026-03-04,627.8725868964361,633.0357792041814
2026-03-05,629.7227242746256,634.9039760913015
2026-03-06,616.0905290446168,621.1410300982101
2026-03-09,614.2857495676135,619.3190244662754
2026-03-10,615.6880394068185,620.7346884080132
2026-03-11,619.5642983974849,624.6478742048068
2026-03-12,600.9500980115648,605.8619393971155
2026-03-13,585.932917012547,590.7097313162205
2026-03-16,594.6763863337543,599.5307741148247
2026-03-17,601.5492963096572,606.464543762353
2026-03-18,602.3361128429226,607.258342905749
2026-03-19,594.5906468971913,599.4444302649106
2026-03-20,567.9509394179552,572.5835030693767
2026-03-23,562.1834388138469,567.1733807269113
2026-03-24,569.7808362680464,574.4444772765629
2026-03-25,570.0928248619783,574.7197104922842
2026-03-26,570.3882958056361,575.006298733531
2026-03-27,574.4134584715207,578.8600047513057
2026-03-30,562.4047158013141,568.2352566185466
2026-03-31,560.0342747855996,565.875119831099
2026-04-01,557.3364271312091,563.125038146217
2026-04-02,557.0267047119262,562.8093257388905
2026-04-03,558.6343160191597,564.4480267542696
