index,feat=ER_plus_rest_tau=0.50
1982-08-30,0.0
1982-08-31,-0.0
1982-09-01,0.0
1982-09-02,0.0
1982-09-03,0.0
1982-09-06,0.0
1982-09-07,0.0
1982-09-08,0.0
1982-09-09,-0.0
1982-09-10,-0.0
1982-09-13,0.0
1982-09-14,0.0
1982-09-15,-0.0
1982-09-16,-5.342702465220481
1982-09-17,5.191657085829174
1982-09-20,1.8843295952869936
1982-09-21,5.326243158470169
1982-09-22,0.0
1982-09-23,1.3221779736240347
1982-09-24,-1.8247013427722698
1982-09-27,0.23644315710312805
1982-09-28,1.9883334222930205
1982-09-29,-0.22321856665850495
1982-09-30,1.2743973984795918
1982-10-01,3.187199835448537
1982-10-04,-3.4254011676201466
1982-10-05,0.7014930902038671
1982-10-06,2.027477621708672
1982-10-07,3.79981279812898
1982-10-08,0.7976133008018703
1982-10-11,3.4188861412472598
1982-10-12,-0.13984888240746352
1982-10-13,0.572292886681262
1982-10-14,-1.271222343191862
1982-10-15,-1.0520459068937547
1982-10-18,1.3236286769474839
1982-10-19,0.5740894241891183
1982-10-20,-0.5999165379838572
1982-10-21,0.1316843899545271
1982-10-22,-0.9921898292773066
1982-10-25,-1.857995920186379
1982-10-26,1.642992424415871
1982-10-27,-0.5421359745317146
1982-10-28,1.318247343856692
1982-10-29,1.0499355769478282
1982-11-01,0.8287039701131778
1982-11-02,0.0
1982-11-03,0.0
1982-11-04,0.23174882390482152
1982-11-05,-0.7188934556449503
1982-11-08,-0.4431484951069798
1982-11-09,0.3071582752486261
1982-11-10,0.10663682265531323
1982-11-11,-1.0915759066499515
1982-11-12,0.6120017194093637
1982-11-15,-0.6859056950065519
1982-11-16,-0.9905990679179315
1982-11-17,1.4683947875670935
1982-11-18,0.9975512921915175
1982-11-19,0.18052236006455663
1982-11-22,-0.560927984414279
1982-11-23,-0.7684277276414443
1982-11-24,-0.19816619019385118
1982-11-25,0.0
1982-11-26,0.0
1982-11-29,-2.1495979822297984
1982-11-30,0.1951936509108431
1982-12-01,0.20342321339574854
1982-12-02,0.7041770095815111
1982-12-03,2.4751771328626355
1982-12-06,0.06552779414002288
1982-12-07,-0.20465096039176053
1982-12-08,-1.7127336374825817
1982-12-09,0.4097654075403978
1982-12-10,-1.4539520183029861
1982-12-13,1.0393282947580427
1982-12-14,1.262457941217372
1982-12-15,-0.35615717027270277
1982-12-16,-1.3762898654752198
1982-12-17,0.4402041748245911
1982-12-20,-0.4562658554428355
1982-12-21,2.458020418291266
1982-12-22,-0.49671536537409433
1982-12-23,1.023777803166564
1982-12-24,0.0
1982-12-27,0.0
1982-12-28,0.0
1982-12-29,-0.6436413200856306
1982-12-30,0.08341545133553437
1982-12-31,0.0
1983-01-03,0.0
1983-01-04,-0.8882453205178165
1983-01-05,0.09189227799002818
1983-01-06,-0.3822686200126791
1983-01-07,0.19890164686868816
1983-01-10,0.2072333075575311
1983-01-11,1.4825460227572034
1983-01-12,0.32357442015829685
1983-01-13,0.33683154244719166
1983-01-14,0.5835039195924743
1983-01-17,0.0
1983-01-18,0.0
1983-01-19,-2.3429961714245913
1983-01-20,-0.6069776506293881
1983-01-21,-3.1528332446054637
1983-01-24,-1.741551199563198
1983-01-25,1.600577203726409
1983-01-26,-1.1967424132136109
1983-01-27,0.305948118558511
1983-01-28,-0.7400395423700383
1983-01-31,-1.3992319094615273
1983-02-01,0.3282734345639382
1983-02-02,0.0
1983-02-03,-1.4015759750157368
1983-02-04,-1.1790940098265132
1983-02-07,0.8383863919170221
1983-02-08,0.0
1983-02-09,-0.25819776886892953
1983-02-10,2.709495056060563
1983-02-11,1.1660325644785958
1983-02-14,0.11959121944431347
1983-02-15,-0.9879026312088522
1983-02-16,1.2516525784333572
1983-02-17,2.41128237264381
1983-02-18,2.336382783308101
1983-02-21,0.0
1983-02-22,0.0
1983-02-23,-0.9926420971078095
1983-02-24,1.0149493879371658
1983-02-25,3.2349360156887026
1983-02-28,-0.9369907635813102
1983-03-01,1.3320664665818407
1983-03-02,-0.09658532356919736
1983-03-03,0.5029104055642569
1983-03-04,-1.1285598580427263
1983-03-07,-2.4445404403518007
1983-03-08,-1.1963588936287823
1983-03-09,0.09384586609901628
1983-03-10,-0.6810933211024294
1983-03-11,-0.5022804457604396
1983-03-14,1.9104688003435195
1983-03-15,0.8893246441962965
1983-03-16,-1.0059515153824097
1983-03-17,-0.4124197792848774
1983-03-18,0.3214087106562876
1983-03-21,-0.5555354045014678
1983-03-22,-0.34550867171829613
1983-03-23,1.5234282855229353
1983-03-24,0.7084030080174578
1983-03-25,-1.880105947815434
1983-03-28,0.2338378642663539
1983-03-29,0.7272859258852848
1983-03-30,0.3761150951678849
1983-03-31,-0.6489514920359543
1983-04-01,0.0
1983-04-04,0.0
1983-04-05,2.7062307677399513
1983-04-06,0.3669608869300419
1983-04-07,-0.8818877304593024
1983-04-08,-0.7744416158724476
1983-04-11,2.510430878517177
1983-04-12,-0.24158465564145093
1983-04-13,0.8760371200130538
1983-04-14,2.6609543237154187
1983-04-15,-0.6846199638414284
1983-04-18,0.9403908331130655
1983-04-19,-2.6588561110556523
1983-04-20,0.41727577926398
1983-04-21,-1.2756018351557559
1983-04-22,0.10811932630147535
1983-04-25,0.6738753266495041
1983-04-26,0.81025760796993
1983-04-27,1.74672494828847
1983-04-28,0.11631251301458764
1983-04-29,0.6050710164781271
1983-05-02,0.12550700328180886
1983-05-03,0.6527168005655808
1983-05-04,2.2087695841598873
1983-05-05,-1.3623854986886035
1983-05-06,0.6284631051343045
1983-05-09,-2.313617538434395
1983-05-10,1.614114668374743
1983-05-11,-0.34607896439467717
1983-05-12,-0.8317773484811812
1983-05-13,0.48995331970433376
1983-05-16,-3.066988690846202
1983-05-17,-0.5128034631704598
1983-05-18,-0.21275604497896913
1983-05-19,-1.6175950102604908
1983-05-20,-0.5376486503073229
1983-05-23,-0.4455664234344758
1983-05-24,0.34668681074362034
1983-05-25,-0.12023393999245637
1983-05-26,-1.355081937684017
1983-05-27,-0.1250342699728136
1983-05-30,0.0
1983-05-31,0.0
1983-06-01,1.4446055426967692
1983-06-02,-0.26605414408136563
1983-06-03,-0.4150651990278974
1983-06-06,1.1348331597581676
1983-06-07,-1.9599868223893258
1983-06-08,-2.1288026411832512
1983-06-09,1.4013253165822057
1983-06-10,-0.2582624604263477
1983-06-13,3.3998158962837284
1983-06-14,-0.7154332309581555
1983-06-15,0.631026193508476
1983-06-16,1.5927679665867638
1983-06-17,-0.9451474378918471
1983-06-20,-1.8703321852251673
1983-06-21,0.5089111517106426
1983-06-22,-0.7355028264434985
1983-06-23,-0.433410084902804
1983-06-24,-2.532300282939811
1983-06-27,-1.7344094455681252
1983-06-28,-1.1320166058882115
1983-06-29,-1.1428770454416386
1983-06-30,-0.8694391159019549
1983-07-01,-0.2980983644039084
1983-07-04,0.0
1983-07-05,0.0
1983-07-06,-0.7445199079818428
1983-07-07,1.4936303932675774
1983-07-08,1.3613680302683921
1983-07-11,-1.3576941119705255
1983-07-12,2.367584921420736
1983-07-13,-0.28073822420411315
1983-07-14,-0.5832075716344501
1983-07-15,1.5653685778015096
1983-07-18,-2.2364480479943256
1983-07-19,-0.6217351210681356
1983-07-20,-0.8237677193944745
1983-07-21,0.9310050442036157
1983-07-22,1.6638911105619467
1983-07-25,-0.8212970360463763
1983-07-26,1.110954210531036
1983-07-27,0.28285909596615183
1983-07-28,2.0611346167513127
1983-07-29,1.3362828652415508
1983-08-01,0.08988041246691005
1983-08-02,-0.2972850694132087
1983-08-03,0.09739392832642495
1983-08-04,2.562942347856635
1983-08-05,-0.2650808860932482
1983-08-08,1.00382299012806
1983-08-09,-0.46545195439657605
1983-08-10,0.770097222273154
1983-08-11,-1.4522716314187878
1983-08-12,-1.958399406357033
1983-08-15,-2.469998012413256
1983-08-16,-0.31720011996656794
1983-08-17,-1.4563503329724057
1983-08-18,1.1164103081915258
1983-08-19,0.645628087130032
1983-08-22,-2.8401035026770494
1983-08-23,0.47784626151098153
1983-08-24,-0.2856617552014755
1983-08-25,0.892915063449672
1983-08-26,0.07477827448864365
1983-08-29,2.4095518735402557
1983-08-30,0.6161724067682416
1983-08-31,0.9965716873593546
1983-09-01,-0.8148161827204292
1983-09-02,0.585452593446729
1983-09-05,0.0
1983-09-06,0.0
1983-09-07,-1.4848957318164038
1983-09-08,0.41998677315635
1983-09-09,-0.6096319461107181
1983-09-12,-1.497431997802769
1983-09-13,0.25424341908570264
1983-09-14,1.7861887898616449
1983-09-15,0.7166719103042203
1983-09-16,-1.6765911552410335
1983-09-19,-0.3159029192614343
1983-09-20,-0.9774349149067688
1983-09-21,0.664033350561264
1983-09-22,-0.6839652765038072
1983-09-23,-1.7195300104370874
1983-09-26,-0.8473169786289059
1983-09-27,0.6929695901651385
1983-09-28,0.44634003732540817
1983-09-29,-0.0
1983-09-30,-0.6744232863451759
1983-10-03,0.39777745264476594
1983-10-04,-0.0
1983-10-05,-2.2594054711185136
1983-10-06,-0.0
1983-10-07,0.6164924212771726
1983-10-10,1.1519472558245807
1983-10-11,2.225713678393644
1983-10-12,0.2928335715011176
1983-10-13,0.8074591613514693
1983-10-14,-1.3296080018617689
1983-10-17,-1.6179573387331363
1983-10-18,1.0002633351367123
1983-10-19,-1.0167010844592894
1983-10-20,0.10424680364254241
1983-10-21,0.9673741226447856
1983-10-24,-3.4813614828157378
1983-10-25,-0.4157703662525387
1983-10-26,0.08635042603356467
1983-10-27,0.08994773210037936
1983-10-28,0.18729107912710674
1983-10-31,0.6784242235576171
1983-11-01,-0.8968119229545845
1983-11-02,0.2048081057240033
1983-11-03,0.9490351348574764
1983-11-04,1.4087546713644676
1983-11-07,-0.3398859179274715
1983-11-08,-0.4453208600078219
1983-11-09,0.47991883020535436
1983-11-10,-2.254853960854065
1983-11-11,-2.1376225235315585
1983-11-14,1.3137419441197151
1983-11-15,0.40842429482451215
1983-11-16,0.10609128118035108
1983-11-17,-0.0
1983-11-18,0.3450145647402523
1983-11-21,-1.7204984943170198
1983-11-22,-1.6005930309076357
1983-11-23,0.2290025769545249
1983-11-24,0.0
1983-11-25,0.0
1983-11-28,1.664201785130765
1983-11-29,-1.1766614860864317
1983-11-30,0.9505003584967395
1983-12-01,0.24421241145784245
1983-12-02,2.383986193960081
1983-12-05,-0.0
1983-12-06,-0.11942461535166402
1983-12-07,0.7424172097339681
1983-12-08,1.8584449104504144
1983-12-09,0.2573522683594729
1983-12-12,-0.7612470536389004
1983-12-13,1.5435807510651394
1983-12-14,0.5164730251843564
1983-12-15,-0.666584812219528
1983-12-16,-1.623687923911894
1983-12-19,-0.2762242531776225
1983-12-20,-0.0
1983-12-21,-0.5837250373301752
1983-12-22,-1.6225630420956598
1983-12-23,0.44503286116461965
1983-12-26,0.0
1983-12-27,0.0
1983-12-28,1.8427865938841084
1983-12-29,-0.7626923210640035
1983-12-30,0.6290457884040893
1984-01-02,0.0
1984-01-03,0.0
1984-01-04,-1.9432961342781256
1984-01-05,-0.0
1984-01-06,-1.1638977063776659
1984-01-09,0.510407993308153
1984-01-10,-1.3900051591326223
1984-01-11,0.878340828289146
1984-01-12,0.5427211824118895
1984-01-13,-4.529156463918638
1984-01-16,-0.35016146894332684
1984-01-17,0.7224852997153164
1984-01-18,0.6185233008639054
1984-01-19,-0.3842818455478457
1984-01-20,-0.5321282116442567
1984-01-23,0.41287076540130185
1984-01-24,-0.14309959694725602
1984-01-25,0.0
1984-01-26,0.46447979666701655
1984-01-27,-0.16092196220161295
1984-01-30,-0.5024019517696445
1984-01-31,0.0
1984-02-01,0.5414902778371403
1984-02-02,2.134176920066127
1984-02-03,-0.3503681809804392
1984-02-06,-1.6021409373787285
1984-02-07,-0.35931117627329756
1984-02-08,-0.18696526001760813
1984-02-09,-0.775971848265281
1984-02-10,-2.1218144987591567
1984-02-13,-2.362753299748835
1984-02-14,1.540705339290351
1984-02-15,0.5161971168887739
1984-02-16,0.0
1984-02-17,-2.4684531198903104
1984-02-20,0.0
1984-02-21,0.0
1984-02-22,-0.5251760779545834
1984-02-23,-3.1575940419154196
1984-02-24,1.6117608211880547
1984-02-27,-1.307948281588975
1984-02-28,-0.5901374137652438
1984-02-29,-1.5079639356387937
1984-03-01,0.6031536466763506
1984-03-02,-1.3910278695458795
1984-03-05,2.0665401748461427
1984-03-06,0.5736130858456772
1984-03-07,2.233603367096163
1984-03-08,0.40222669786833054
1984-03-09,0.5549286040122586
1984-03-12,-0.5743634275337378
1984-03-13,0.29726581792285767
1984-03-14,1.0679989301853978
1984-03-15,-0.15631149692433627
1984-03-16,0.966606787555826
1984-03-19,2.200700726700348
1984-03-20,-0.30476886380458296
1984-03-21,-0.1585725394445032
1984-03-22,0.6581634857693979
1984-03-23,0.5101510760617802
1984-03-26,-0.9094558497860586
1984-03-27,0.4006053469839712
1984-03-28,-2.2150879437878443
1984-03-29,-1.1691525416629267
1984-03-30,3.2406777147706687
1984-04-02,0.1675065079476248
1984-04-03,1.5981493845485073
1984-04-04,0.502495689505495
1984-04-05,-0.9718318310072711
1984-04-06,-2.6034265926327795
1984-04-09,-0.5357188179908913
1984-04-10,0.8270135283547311
1984-04-11,-0.4249934378671759
1984-04-12,-1.4425213852652747
1984-04-13,2.790466952215851
1984-04-16,0.718740520390975
1984-04-17,-0.7709111292095171
1984-04-18,2.4862883368934536
1984-04-19,1.0169219073758229
1984-04-20,0.0
1984-04-23,0.0
1984-04-24,-0.722603550368021
1984-04-25,-0.602572696748675
1984-04-26,-0.6096931802154012
1984-04-27,1.7182518222945622
1984-04-30,0.4838009195588696
1984-05-01,0.12551966503181217
1984-05-02,0.1308030219063357
1984-05-03,0.2725568332209438
1984-05-04,2.7669661627786954
1984-05-07,1.0769475449765202
1984-05-08,-1.0796330082180225
1984-05-09,2.0108158608378495
1984-05-10,0.4575713925383643
1984-05-11,3.8759741599031394
1984-05-14,0.4006288324706838
1984-05-15,-1.1392280734345321
1984-05-16,-1.1277801316858647
1984-05-17,1.5989471945024998
1984-05-18,-0.7755020097940056
1984-05-21,-0.3965398203992626
1984-05-22,0.820875807745953
1984-05-23,-0.08412544646895949
1984-05-24,2.2703039571082066
1984-05-25,0.39184938955199833
1984-05-28,0.0
1984-05-29,0.0
1984-05-30,1.0836857731707321
1984-05-31,-0.753823651332735
1984-06-01,-3.230737359817229
1984-06-04,-1.5161770814681768
1984-06-05,-0.17826960581703166
1984-06-06,1.0428522027983307
1984-06-07,0.4964903861368133
1984-06-08,-0.638885432686305
1984-06-11,0.8522739705488098
1984-06-12,-0.4015337408559581
1984-06-13,-1.1617281189563105
1984-06-14,-0.7534541421448927
1984-06-15,-1.769930234238741
1984-06-18,0.1978226824835109
1984-06-19,1.086145580612431
1984-06-20,2.5172838432418514
1984-06-21,0.5629472582606415
1984-06-22,0.31043734847516347
1984-06-25,-0.2808076952408283
1984-06-26,0.48761252797098986
1984-06-27,-0.4025496427327667
1984-06-28,0.34821924980169866
1984-06-29,0.5061326988272935
1984-07-02,-0.0
1984-07-03,-1.2263659437546883
1984-07-04,0.0
1984-07-05,0.0
1984-07-06,-0.31924310864410127
1984-07-09,-2.6185942645189786
1984-07-10,0.2814620108207398
1984-07-11,0.43855606936589
1984-07-12,-1.3408162184761527
1984-07-13,-1.037941095813674
1984-07-16,-0.0756290640906048
1984-07-17,0.6277178493701115
1984-07-18,-0.566614957301069
1984-07-19,-0.8336100443396699
1984-07-20,1.4258513573288039
1984-07-23,-0.7544551206995297
1984-07-24,0.1728761055863937
1984-07-25,-3.223041386495521
1984-07-26,-1.3079354563099155
1984-07-27,0.3453367045700277
1984-07-30,1.1300094736238027
1984-07-31,-1.274055326710783
1984-08-01,-0.8527755142119748
1984-08-02,-0.5104783280640871
1984-08-03,-1.5587947091463583
1984-08-06,1.4364704273023394
1984-08-07,0.5009711676519323
1984-08-08,0.07418857733159123
1984-08-09,0.4621862789787612
1984-08-10,-0.5588620173531758
1984-08-13,-0.9862265598366388
1984-08-14,0.6687980988475751
1984-08-15,-0.7752328665644531
1984-08-16,0.7923492405136944
1984-08-17,0.09074975121285961
1984-08-20,-0.09458170671539695
1984-08-21,1.2565192872725839
1984-08-22,-0.5882664793118141
1984-08-23,-0.6084477454830572
1984-08-24,0.5233132213852606
1984-08-27,-2.277308196871625
1984-08-28,0.19958417196676764
1984-08-29,-0.5191749345070304
1984-08-30,0.21525858475137805
1984-08-31,0.7777822565050402
1984-09-03,0.0
1984-09-04,0.0
1984-09-05,-0.7086089933212769
1984-09-06,2.3010846381456873
1984-09-07,1.5231869201982744
1984-09-10,1.5002194337684915
1984-09-11,0.9643542907610168
1984-09-12,0.2203030292263449
1984-09-13,1.6761817125317813
1984-09-14,0.7801770666517437
1984-09-17,0.128125732260256
1984-09-18,0.4954656178778011
1984-09-19,2.733153808874569
1984-09-20,-0.5851039240138731
1984-09-21,-2.554322497629886
1984-09-24,-1.2592346065229143
1984-09-25,-0.800848223605528
1984-09-26,1.0224713787073438
1984-09-27,2.465856816012625
1984-09-28,-2.2956058209538677
1984-10-01,-0.4977079921470688
1984-10-02,-0.08604731547589092
1984-10-03,-0.2688084657246145
1984-10-04,0.46550117995167356
1984-10-05,1.7810457659700802
1984-10-08,0.5558986835333086
1984-10-09,-0.3002677845536708
1984-10-10,-0.43642667491923015
1984-10-11,1.0326583534959233
1984-10-12,0.6987926700894748
1984-10-15,-1.282615886300839
1984-10-16,0.35000512915197873
1984-10-17,1.2580615009031457
1984-10-18,2.7956762373484016
1984-10-19,1.5332833779085175
1984-10-22,0.4797013163887655
1984-10-23,1.2953633547861265
1984-10-24,0.7484415349944903
1984-10-25,-1.341953043068234
1984-10-26,-1.7636667384403708
1984-10-29,0.19384604611693973
1984-10-30,2.9721772120592735
1984-10-31,-0.5796216907462428
1984-11-01,1.7594525080503716
1984-11-02,-0.24669579610839396
1984-11-05,1.2716598871447902
1984-11-06,0.2573565498833587
1984-11-07,-2.1779155673318273
1984-11-08,-1.6232195656144057
1984-11-09,1.3567391953251802
1984-11-12,-0.15125022192172993
1984-11-13,-0.9337813151853237
1984-11-14,-0.23881780142582243
1984-11-15,0.9876462537004838
1984-11-16,0.42088664898667866
1984-11-19,0.9563297485055294
1984-11-20,0.9749204129355016
1984-11-21,1.773895144679987
1984-11-22,0.0
1984-11-23,0.0
1984-11-26,-0.35961952296988386
1984-11-27,0.0
1984-11-28,-1.6034318335806188
1984-11-29,-0.37607920554281354
1984-11-30,-2.5345245622224915
1984-12-03,0.08478110351759878
1984-12-04,0.6167822935185598
1984-12-05,-0.18234134825340212
1984-12-06,-1.123196726536506
1984-12-07,-1.581140735920461
1984-12-10,0.9221837106625705
1984-12-11,1.1236069587006798
1984-12-12,0.6666458546120122
1984-12-13,-2.2369043675649105
1984-12-14,1.6537651297188654
1984-12-17,1.1120685857842076
1984-12-18,2.4667653786266794
1984-12-19,-0.9127060904944643
1984-12-20,-0.07798418561268097
1984-12-21,0.24380941328863928
1984-12-24,0.42275926169312106
1984-12-25,0.0
1984-12-26,0.0
1984-12-27,-0.451715759512606
1984-12-28,0.4698325504000068
1984-12-31,-1.7862971027699384
1985-01-01,0.0
1985-01-02,0.0
1985-01-03,1.4165804122286512
1985-01-04,-0.5699995571698596
1985-01-07,2.897067773589035
1985-01-08,0.41434901172316496
1985-01-09,-0.1720469236214278
1985-01-10,-0.08956440248542961
1985-01-11,-1.6263726298507655
1985-01-14,-0.3604013079156152
1985-01-15,1.2035940065194786
1985-01-16,0.2829553607982095
1985-01-17,0.29451451686147107
1985-01-18,1.6006480525698192
1985-01-21,-0.3005746910677663
1985-01-22,2.555211946446425
1985-01-23,0.37223221766954073
1985-01-24,2.642675183979853
1985-01-25,-0.7590544894895386
1985-01-28,-0.1737679454226354
1985-01-29,-0.09040225784717709
1985-01-30,0.09419412212586295
1985-01-31,-0.8722557507967483
1985-02-01,-2.1644439541738474
1985-02-04,-0.27297077806991726
1985-02-05,0.5673473796105345
1985-02-06,-1.4342702824067255
1985-02-07,-0.38508666650752305
1985-02-08,1.1869634834483336
1985-02-11,-0.8004209154019204
1985-02-12,0.10327500798602134
1985-02-13,0.0
1985-02-14,1.7459366385100852
1985-02-15,-1.684577874714465
1985-02-18,0.0
1985-02-19,0.0
1985-02-20,-2.7011085000464474
1985-02-21,-1.3677755468981856
1985-02-22,-1.2721745868042094
1985-02-25,-0.18453980601704512
1985-02-26,0.9508431555270381
1985-02-27,-2.562148890695224
1985-02-28,-0.3437706319792928
1985-03-01,0.8846174855085184
1985-03-04,-1.170247004365999
1985-03-05,1.1721837687000611
1985-03-06,-0.8229308157900109
1985-03-07,-0.9367067255584076
1985-03-08,3.019921644136525
1985-03-11,0.07728022482763645
1985-03-12,-0.6420949770653792
1985-03-13,-1.3081243519401975
1985-03-14,0.0
1985-03-15,-0.25842983426299293
1985-03-18,-1.0664833853546392
1985-03-19,0.7219061972277053
1985-03-20,1.102737090326628
1985-03-21,0.7462678914388239
1985-03-22,-0.5765918482919696
1985-03-25,-0.8907767839021631
1985-03-26,-1.5939116560218565
1985-03-27,1.5527985576344394
1985-03-28,-1.155621725612819
1985-03-29,-1.8136578943394197
1985-04-01,0.28287317980487325
1985-04-02,-0.5879020839608167
1985-04-03,-0.10158321313147654
1985-04-04,-0.5287139001834836
1985-04-05,0.0
1985-04-08,0.0
1985-04-09,1.8459656625106222
1985-04-10,1.4703330275451356
1985-04-11,2.302707041695634
1985-04-12,-0.19273678980026948
1985-04-15,0.8965144464549715
1985-04-16,1.9740297994211873
1985-04-17,-0.9588954822490307
1985-04-18,1.9915416077832593
1985-04-19,-0.2781983193405765
1985-04-22,0.7690597842146262
1985-04-23,-1.6350914488635733
1985-04-24,-0.09610290856962095
1985-04-25,-1.6522530263029955
1985-04-26,0.9621116598412107
1985-04-29,-1.5414688052542866
1985-04-30,1.1454288669445396
1985-05-01,0.7751986415248412
1985-05-02,0.5985577225894567
1985-05-03,1.3888849390531062
1985-05-06,0.4126330555266119
1985-05-07,0.0
1985-05-08,-2.0420868830005223
1985-05-09,1.8310095847459553
1985-05-10,2.3849001877749196
1985-05-13,-0.1813772404738541
1985-05-14,2.4988065808092785
1985-05-15,-0.5004498086891915
1985-05-16,1.449054959672617
1985-05-17,-0.5110099619443427
1985-05-20,3.5204754411108707
1985-05-21,-0.3920294836586917
1985-05-22,-0.33808696962980694
1985-05-23,0.21093894098026247
1985-05-24,0.5852893654599339
1985-05-27,0.0
1985-05-28,0.0
1985-05-29,0.0
1985-05-30,1.0536134755566375
1985-05-31,0.9899624022478419
1985-06-03,3.2374194904571345
1985-06-04,0.0
1985-06-05,2.5399229387330147
1985-06-06,-0.9109641219771853
1985-06-07,-2.6970127190909454
1985-06-10,0.35130125437168136
1985-06-11,0.8835291599191987
1985-06-12,-0.5807690520541847
1985-06-13,-0.4886465991644855
1985-06-14,2.017725949202619
1985-06-17,-0.05202982372648162
1985-06-18,0.8650085725909071
1985-06-19,-1.5517927765533484
1985-06-20,-0.8879538770574543
1985-06-21,-1.7482448403737556
1985-06-24,-0.988048021015402
1985-06-25,-0.4016095932310117
1985-06-26,-0.2603274920698657
1985-06-27,1.6398543379231456
1985-06-28,0.7772187582046423
1985-07-01,0.7436519671454392
1985-07-02,-0.43602837575660847
1985-07-03,-0.1130814933839305
1985-07-04,0.0
1985-07-05,0.0
1985-07-08,-1.135952161282024
1985-07-09,0.18244404909732376
1985-07-10,-0.44209210516647535
1985-07-11,-1.5929642264594042
1985-07-12,0.12688405302541889
1985-07-15,0.0
1985-07-16,0.8221000610912912
1985-07-17,0.7031366980817698
1985-07-18,-2.6791585305880203
1985-07-19,0.0
1985-07-22,-1.266888987002041
1985-07-23,-0.06412493167856094
1985-07-24,-0.5334194153567479
1985-07-25,-0.20742250462173817
1985-07-26,-0.5746516169179529
1985-07-29,-0.9606079345652415
1985-07-30,0.22739795683474137
1985-07-31,1.315532343003657
1985-08-01,1.2354633797820558
1985-08-02,-2.171579244862577
1985-08-05,0.6482405948313793
1985-08-06,-0.298049003930606
1985-08-07,1.3675735021413948
1985-08-08,1.5732834710958512
1985-08-09,0.4494308830340586
1985-08-12,0.15562961026094957
1985-08-13,-1.3515852422080428
1985-08-14,1.268518858614642
1985-08-15,0.16117807381303026
1985-08-16,1.4806164940715651
1985-08-19,0.6615035266322236
1985-08-20,0.3423229455204209
1985-08-21,1.0593549835682714
1985-08-22,0.27162832879044885
1985-08-23,-0.3760714058348726
1985-08-26,-0.5838220471832849
1985-08-27,1.5811491359693421
1985-08-28,-0.692655755967932
1985-08-29,0.7151092352963725
1985-08-30,-2.5460316752581185
1985-09-02,0.0
1985-09-03,0.0
1985-09-04,1.2378829128700226
1985-09-05,-1.6056952228043229
1985-09-06,-3.3453455841495865
1985-09-09,0.0
1985-09-10,0.30718047552938293
1985-09-11,-0.23969416806329996
1985-09-12,-0.2495365976604781
1985-09-13,1.6002070290067703
1985-09-16,0.5886305693446303
1985-09-17,-0.9503585105014771
1985-09-18,-0.26633163492470374
1985-09-19,0.27706537228462585
1985-09-20,1.138517164301601
1985-09-23,-0.5805405285816291
1985-09-24,1.1875857347844334
1985-09-25,0.9037177286855845
1985-09-26,1.0255173890703062
1985-09-27,-1.4411354128564735
1985-09-30,0.3127902421148977
1985-10-01,0.5414182360230896
1985-10-02,-1.2166706584576397
1985-10-03,0.563993189856641
1985-10-04,-0.9280969093024678
1985-10-07,-1.4068648788745235
1985-10-08,0.5939164912547403
1985-10-09,-0.4920017350120709
1985-10-10,0.887487862768528
1985-10-11,0.3922192242749409
1985-10-14,1.3367504899213352
1985-10-15,0.5448678393343948
1985-10-16,1.5239804000523234
1985-10-17,1.1147671714878755
1985-10-18,0.7140433476215876
1985-10-21,-0.14788794670729807
1985-10-22,1.799727413627762
1985-10-23,-0.1508850068138097
1985-10-24,-0.313657651193209
1985-10-25,-1.4314694065208953
1985-10-28,-1.8694975149394901
1985-10-29,4.514842241508826
1985-10-30,1.3399829071022353
1985-10-31,0.29028357997209847
1985-11-01,0.0
1985-11-04,0.3147695593224461
1985-11-05,1.1904526196547647
1985-11-06,0.11034097446949948
1985-11-07,0.5744721986660077
1985-11-08,1.6380595457252134
1985-11-11,-0.46650921307993976
1985-11-12,2.6324420228913388
1985-11-13,-1.0583682632787412
1985-11-14,-0.6443908614771193
1985-11-15,-1.3011407487980389
1985-11-18,3.586750003806232
1985-11-19,0.0
1985-11-20,-0.08526400611033538
1985-11-21,0.5329352604501066
1985-11-22,-1.0838036289576085
1985-11-25,0.0
1985-11-26,0.19197507119050009
1985-11-27,1.0925810484853555
1985-11-28,0.0
1985-11-29,0.0
1985-12-02,-2.1620547561369667
1985-12-03,0.37758999973805263
1985-12-04,1.356243302901073
1985-12-05,0.09793277660240754
1985-12-06,-0.3052912705455855
1985-12-09,3.4806894315669434
1985-12-10,1.4329541201441562
1985-12-11,2.2315831209794563
1985-12-12,-0.9336110425428128
1985-12-13,0.4412928935169035
1985-12-16,0.9137503155160247
1985-12-17,1.762695101928987
1985-12-18,-0.8897078905860738
1985-12-19,0.07603959793815483
1985-12-20,1.1038917949135856
1985-12-23,-0.5575141723444652
1985-12-24,0.082476815340243
1985-12-25,0.0
1985-12-26,0.0
1985-12-27,0.9698685609319767
1985-12-30,-0.6278429665446842
1985-12-31,0.2786850982269013
1986-01-01,0.0
1986-01-02,0.0
1986-01-03,0.0
1986-01-06,-0.31053284710272167
1986-01-07,2.735699379833303
1986-01-08,-3.152636644959528
1986-01-09,-1.4940004254344375
1986-01-10,-0.9123988012063721
1986-01-13,-2.4187561563322557
1986-01-14,1.2301799990559474
1986-01-15,1.2254587545792597
1986-01-16,0.2473703926187382
1986-01-17,0.6421703051970971
1986-01-20,-0.13263566713665836
1986-01-21,0.34538960536384616
1986-01-22,-0.713047844114086
1986-01-23,0.7334392755853048
1986-01-24,0.07568683655722201
1986-01-27,1.839073314349687
1986-01-28,1.3371907483104313
1986-01-29,-0.8157835353389746
1986-01-30,-0.07631522509266726
1986-01-31,0.4768943046540457
1986-02-03,1.1453932482933689
1986-02-04,1.1583282703682525
1986-02-05,-1.3946029769248418
1986-02-06,-0.8993678688520539
1986-02-07,-1.3939326981287918
1986-02-10,1.694551837657403
1986-02-11,1.4961131780003991
1986-02-12,0.23697270016458963
1986-02-13,1.142053864276296
1986-02-14,2.6611012123220106
1986-02-17,0.0
1986-02-18,0.0
1986-02-19,-1.1703562067939672
1986-02-20,0.7430393935952412
1986-02-21,2.7348229754075066
1986-02-24,1.5650073656424124
1986-02-25,-0.5159748977182703
1986-02-26,0.8674794597912412
1986-02-27,3.102194950125644
1986-02-28,0.27892335741827917
1986-03-03,1.5485641783592319
1986-03-04,0.5140533878758361
1986-03-05,-2.709709242993911
1986-03-06,0.716306222003372
1986-03-07,0.8347674342957332
1986-03-10,2.238347150085327
1986-03-11,0.18289360442528996
1986-03-12,0.1427590867496587
1986-03-13,-0.6373218791598438
1986-03-14,0.5066072726585302
1986-03-17,-0.5208317870232945
1986-03-18,-1.0063666146226167
1986-03-19,0.5407897415309529
1986-03-20,0.4483332772611144
1986-03-21,-0.8601233730935961
1986-03-24,1.6777717883049739
1986-03-25,0.057220382629914385
1986-03-26,1.0096782154896737
1986-03-27,1.5586548331266576
1986-03-28,0.0
1986-03-31,0.0
1986-04-01,-0.12288099411165782
1986-04-02,0.32098178489093443
1986-04-03,-1.2358431653036603
1986-04-04,-0.9751423853370489
1986-04-07,0.0
1986-04-08,2.8509296591480195
1986-04-09,0.7708972450264097
1986-04-10,-0.18296585296458145
1986-04-11,-0.9370892776086162
1986-04-14,1.6996977694035142
1986-04-15,-0.8025598299833347
1986-04-16,3.151420387590678
1986-04-17,-0.961622819556233
1986-04-18,-0.8678520232883662
1986-04-21,0.1048275935099449
1986-04-22,-2.379856564206329
1986-04-23,-1.2499558398078388
1986-04-24,-1.0578871008695065
1986-04-25,-0.5128668693289586
1986-04-28,1.3330693032820276
1986-04-29,1.0908085377777024
1986-04-30,-0.04822072599013998
1986-05-01,-1.040146157754088
1986-05-02,-0.8014877208588298
1986-05-05,1.5160933215819152
1986-05-06,-0.4518843469902104
1986-05-07,-0.7244936779842893
1986-05-08,0.586107541296451
1986-05-09,-1.0345860159342075
1986-05-12,-2.1651866251909135
1986-05-13,0.9998197098937296
1986-05-14,-0.30623565159988964
1986-05-15,-1.651235947097409
1986-05-16,-1.6417115998183764
1986-05-19,0.0
1986-05-20,1.3091185920945918
1986-05-21,-0.10157469361796845
1986-05-22,0.05292656744069795
1986-05-23,0.7133084041207819
1986-05-26,0.0
1986-05-27,0.0
1986-05-28,-0.35644549705302747
1986-05-29,-3.312034499447838
1986-05-30,-0.7742800590995105
1986-06-02,-2.525890935971403
1986-06-03,2.0292701983602863
1986-06-04,-1.9497336191804697
1986-06-05,0.9863100850463726
1986-06-06,2.39626627874116
1986-06-09,-1.612592140563919
1986-06-10,0.44290309841609266
1986-06-11,0.803260281348262
1986-06-12,-0.03470562807318443
1986-06-13,1.9629925885505668
1986-06-16,0.6655436397520977
1986-06-17,0.08247540848141635
1986-06-18,-0.08623799519087848
1986-06-19,-1.6903896764681454
1986-06-20,1.5484005413801754
1986-06-23,0.6530339245138909
1986-06-24,0.30983323126914025
1986-06-25,0.0
1986-06-26,0.13335377742616009
1986-06-27,0.685640116766663
1986-06-30,0.2475628872811949
1986-07-01,-0.11195258673931446
1986-07-02,-0.21950565043549722
1986-07-03,1.7104000571916245
1986-07-04,0.0
1986-07-07,0.0
1986-07-08,-1.3711633193138364
1986-07-09,1.4862883660853767
1986-07-10,-0.1340595862049111
1986-07-11,0.06843383018729972
1986-07-14,0.597296351847596
1986-07-15,1.5922190672653282
1986-07-16,-0.8527122215187073
1986-07-17,0.06690482390474783
1986-07-18,0.33612162685803454
1986-07-21,0.7922531570333254
1986-07-22,-0.8532697382932445
1986-07-23,-1.1249437240270888
1986-07-24,-1.1823155865026758
1986-07-25,0.31271863173311726
1986-07-28,-2.5755393225860654
1986-07-29,1.8976568418524158
1986-07-30,0.36692997865420773
1986-07-31,1.0705516385400282
1986-08-01,0.47324196435542515
1986-08-04,0.06652919200933087
1986-08-05,-0.6264137970504903
1986-08-06,-1.1287505403574818
1986-08-07,0.8583735675247622
1986-08-08,2.0898716928754286
1986-08-11,0.8640472114461393
1986-08-12,0.5379595537266996
1986-08-13,1.1925567078961228
1986-08-14,-0.4120094094369799
1986-08-15,0.06741557253930591
1986-08-18,0.35124192123549125
1986-08-19,1.1585460380768138
1986-08-20,0.7383785735234029
1986-08-21,0.0
1986-08-22,-1.9684434806783657
1986-08-25,0.7448536682344254
1986-08-26,1.728968470966481
1986-08-27,-1.66632992402958
1986-08-28,0.7227256788382794
1986-08-29,1.399384992591072
1986-09-01,0.0
1986-09-02,0.0
1986-09-03,-2.4940536271854388
1986-09-04,0.40451463603761156
1986-09-05,-1.8210439498957471
1986-09-08,-1.311574503742818
1986-09-09,0.8205886917405366
1986-09-10,0.27278833150063614
1986-09-11,-2.2211519314854176
1986-09-12,-1.3984669808719679
1986-09-15,1.3883644990210338
1986-09-16,0.0
1986-09-17,1.794467394555141
1986-09-18,-2.085018423507005
1986-09-19,-0.6887472256871807
1986-09-22,0.7947800515695504
1986-09-23,0.3535132299732148
1986-09-24,1.8774801978210836
1986-09-25,-0.3734617320583235
1986-09-26,0.7987941329319875
1986-09-29,-1.6403646376343068
1986-09-30,1.5216062914984074
1986-10-01,0.4016026426899267
1986-10-02,-0.4354039483259592
1986-10-03,2.2151924505217555
1986-10-06,0.38974523424315577
1986-10-07,0.20803622116487694
1986-10-08,-1.0375610556080428
1986-10-09,0.6647626350297806
1986-10-10,-0.7264740160715449
1986-10-13,-0.7459035287995353
1986-10-14,-1.9250474070649863
1986-10-15,0.7175958122235302
1986-10-16,-0.5242730029292156
1986-10-17,-0.15544384188565616
1986-10-20,-1.5041361436004599
1986-10-21,1.7023486875884977
1986-10-22,1.1436191908886495
1986-10-23,1.154249710601912
1986-10-24,-0.5481257602498502
1986-10-27,0.8877617188200786
1986-10-28,-0.33206732312554166
1986-10-29,1.3597031784024893
1986-10-30,1.2773088514381472
1986-10-31,-0.2598246383071815
1986-11-03,0.7191877301661432
1986-11-04,-0.2786354502422357
1986-11-05,0.0
1986-11-06,-1.7491928363546196
1986-11-07,-1.2439066541079078
1986-11-10,0.29301616860161395
1986-11-11,0.20335225592382622
1986-11-12,0.7381240072090045
1986-11-13,0.2183288266507872
1986-11-14,1.12507991581134
1986-11-17,1.9017491546275849
1986-11-18,-1.3119342706391706
1986-11-19,2.1405753142383475
1986-11-20,-0.2105523899550221
1986-11-21,0.7651134500324069
1986-11-24,1.1216045077846697
1986-11-25,-1.665877469531657
1986-11-26,0.7802949268551627
1986-11-27,0.0
1986-11-28,0.0
1986-12-01,-0.5913763213435506
1986-12-02,3.2192454384321287
1986-12-03,-0.10208916318884573
1986-12-04,1.5676636232188859
1986-12-05,-2.8514816116670034
1986-12-08,1.4758366555122584
1986-12-09,-0.08744700482749367
1986-12-10,0.6367469541653398
1986-12-11,-1.2902368537669673
1986-12-12,0.09372183317455238
1986-12-15,-0.389575583521024
1986-12-16,1.0055622734012801
1986-12-17,0.2067091074624115
1986-12-18,0.4304180174913608
1986-12-19,0.3356024163230098
1986-12-22,0.11643487711169437
1986-12-23,0.7260729430801692
1986-12-24,-0.25015650309298504
1986-12-25,0.0
1986-12-26,0.0
1986-12-29,-2.3821611907395064
1986-12-30,-1.1987776748010939
1986-12-31,-0.367719202225795
1987-01-01,0.0
1987-01-02,0.0
1987-01-05,1.9066273253082564
1987-01-06,-0.38008310785365695
1987-01-07,0.6571677307043069
1987-01-08,-0.1362693910300706
1987-01-09,0.8474716400683155
1987-01-12,-1.288913095688917
1987-01-13,-0.8722889301803486
1987-01-14,-1.1844697315273576
1987-01-15,1.1999519373378986
1987-01-16,2.2028590994575636
1987-01-19,1.0098998851385788
1987-01-20,-0.29688016329378764
1987-01-21,0.15458729612602598
1987-01-22,-0.4814666666945587
1987-01-23,-1.919355172861732
1987-01-26,-1.9988390429777996
1987-01-27,0.4595551459560125
1987-01-28,1.5548485186691452
1987-01-29,-0.15781426058519385
1987-01-30,-1.4473472612471776
1987-02-02,-0.9743253443768816
1987-02-03,-0.6675884137159731
1987-02-04,0.6888795224414551
1987-02-05,2.5047348635422773
1987-02-06,0.0
1987-02-09,-3.1777059313265097
1987-02-10,-1.6359461066770435
1987-02-11,-1.3503443003238382
1987-02-12,1.8467728376474015
1987-02-13,0.39271563533929627
1987-02-16,0.0
1987-02-17,0.0
1987-02-18,1.3764912002909526
1987-02-19,1.504597848796345
1987-02-20,0.27664793659961745
1987-02-23,0.8585335291667023
1987-02-24,1.309403717485074
1987-02-25,-0.88193970148544
1987-02-26,0.0
1987-02-27,0.7867919200284633
1987-03-02,0.6493187325259799
1987-03-03,-1.1596844215357234
1987-03-04,2.4092596108301305
1987-03-05,-0.15611486380462977
1987-03-06,-2.294596738263701
1987-03-09,-0.14909906024978384
1987-03-10,-0.15531000664868527
1987-03-11,0.16182271948945304
1987-03-12,0.33698185906018724
1987-03-13,0.8712567805977002
1987-03-16,-0.7155952490164058
1987-03-17,0.7382004380080655
1987-03-18,-0.3815909572597823
1987-03-19,0.3967145698749158
1987-03-20,-0.6162963160238634
1987-03-23,-1.053425064754222
1987-03-24,-0.8618079242297044
1987-03-25,0.4449284421624486
1987-03-26,1.3634023390874268
1987-03-27,-3.2887175854588
1987-03-30,-5.5003072970195594
1987-03-31,0.7603848949293698
1987-04-01,-1.3089298181541826
1987-04-02,-0.6119536717468482
1987-04-03,0.5491357676683674
1987-04-06,0.802910843197858
1987-04-07,-1.6119824312590822
1987-04-08,0.23550180289868433
1987-04-09,-3.188330586430473
1987-04-10,-2.0525872481304335
1987-04-13,1.012214091099448
1987-04-14,1.6858236348193167
1987-04-15,-1.2254018220306937
1987-04-16,-1.3533903021005287
1987-04-17,0.0
1987-04-20,0.0
1987-04-21,0.17688998505075315
1987-04-22,0.5322310315306565
1987-04-23,1.1756313292971052
1987-04-24,2.048531750933367
1987-04-27,-1.62567074021065
1987-04-28,-1.4361023197896525
1987-04-29,0.6970462864511242
1987-04-30,-1.5868428414562707
1987-05-01,1.9729074679246859
1987-05-04,1.745355934409252
1987-05-05,-0.9697142465273182
1987-05-06,0.8078063602462463
1987-05-07,-0.9252811649226105
1987-05-08,-0.6115606148246909
1987-05-11,1.7846050566638767
1987-05-12,-0.22474273713935256
1987-05-13,-0.21750025018089048
1987-05-14,0.6602341083529433
1987-05-15,2.6525305592534316
1987-05-18,-0.7993039790765096
1987-05-19,1.0937173527081132
1987-05-20,0.19392745647630133
1987-05-21,-0.20176938788363188
1987-05-22,-0.8749454473492911
1987-05-25,0.0
1987-05-26,0.0
1987-05-27,0.6965840537915303
1987-05-28,-0.17905575019510608
1987-05-29,-0.7873807150081162
1987-06-01,-0.2844294529074933
1987-06-02,2.652323751744342
1987-06-03,-0.6320217586699529
1987-06-04,-0.32498340534406167
1987-06-05,-1.0022116990500565
1987-06-08,0.2535986817980787
1987-06-09,0.26370334001136625
1987-06-10,-0.18282563386492812
1987-06-11,-0.2853504387036676
1987-06-12,-2.2520559953122796
1987-06-15,-0.5282929703079187
1987-06-16,0.2598411618518945
1987-06-17,-0.533194184673716
1987-06-18,0.3728696306608653
1987-06-19,0.49970038466187044
1987-06-22,-1.119193383299935
1987-06-23,0.062327154633528
1987-06-24,1.3496876607965544
1987-06-25,-0.6677234608706761
1987-06-26,1.3743418743253477
1987-06-29,-0.6270668804240453
1987-06-30,0.8251034050283376
1987-07-01,-0.073753010216546
1987-07-02,-1.310449491177494
1987-07-03,0.0
1987-07-06,0.0
1987-07-07,-0.40258855655119585
1987-07-08,0.6994867840136941
1987-07-09,1.1336747111098033
1987-07-10,-1.3908730032878691
1987-07-13,0.7405171737116832
1987-07-14,-0.7374772299779242
1987-07-15,1.2631870389262252
1987-07-16,-0.5851973650050902
1987-07-17,-0.7301506459618341
1987-07-20,0.8231620008019117
1987-07-21,1.4340456352633075
1987-07-22,0.6055043646454672
1987-07-23,0.3133749828438144
1987-07-24,0.3258892294597357
1987-07-27,0.3388691955208415
1987-07-28,0.17627903338127185
1987-07-29,-0.2751519858071323
1987-07-30,-0.47607873473618934
1987-07-31,0.9808647712505629
1987-08-03,3.0293684970796484
1987-08-04,-0.16712200690846227
1987-08-05,-1.9159215708456812
1987-08-06,0.3270336660847599
1987-08-07,-0.5085582037286717
1987-08-10,0.7012103260572313
1987-08-11,-0.2715978203547542
1987-08-12,-0.18837778555196077
1987-08-13,-1.9730937170039122
1987-08-14,-0.834172030838952
1987-08-17,-0.2836320501801571
1987-08-18,3.1700446815655883
1987-08-19,0.5480808154571194
1987-08-20,-0.8052371864315729
1987-08-21,0.6657884569786985
1987-08-24,0.2566648316223786
1987-08-25,-0.9688658183809518
1987-08-26,0.9863646328421547
1987-08-27,2.4336813443143863
1987-08-28,1.4587482906400038
1987-08-31,-0.24393058934354508
1987-09-01,0.7596506108182012
1987-09-02,3.4192082316394505
1987-09-03,0.13328794069133942
1987-09-04,0.06940916934275676
1987-09-07,0.0
1987-09-08,0.0
1987-09-09,-0.29721320836383375
1987-09-10,-1.2134688058710024
1987-09-11,-1.4248164144875932
1987-09-14,-0.1507077372306816
1987-09-15,1.4664490971566293
1987-09-16,1.0774534739241979
1987-09-17,-0.5472471368151687
1987-09-18,-1.5705969135482616
1987-09-21,0.8593100371226194
1987-09-22,-1.1841903041832171
1987-09-23,0.32132107791440456
1987-09-24,1.7887581014188487
1987-09-25,0.08042444793241219
1987-09-28,-0.16744100540592524
1987-09-29,1.6228728461837458
1987-09-30,0.597152994184895
1987-10-01,0.6180924889422016
1987-10-02,-1.5076326540470963
1987-10-05,1.4073459316781471
1987-10-06,0.5330983291170261
1987-10-07,-0.18408704696513012
1987-10-08,2.6978551125520958
1987-10-09,1.0873597351925153
1987-10-12,1.6801317380381615
1987-10-13,-2.397492540064134
1987-10-14,2.8598997193072093
1987-10-15,0.2452956556351297
1987-10-16,0.5742958320231294
1987-10-19,-0.5896883916380418
1987-10-20,-4.701059281162292
1987-10-21,-2.1899378952647304
1987-10-22,-1.9466445661407576
1987-10-23,0.2944700404367654
1987-10-26,-1.0699184907448065
1987-10-27,0.6240082114112107
1987-10-28,0.5946415418851082
1987-10-29,-0.42987546384344905
1987-10-30,-0.27610353706002233
1987-11-02,0.3128427202834831
1987-11-03,-0.591860988123747
1987-11-04,-0.5275146142995114
1987-11-05,-0.857350361856156
1987-11-06,0.2886802986975294
1987-11-09,0.15015287768344454
1987-11-10,0.03902590493361204
1987-11-11,0.37229649755010563
1987-11-12,-0.19649630899287535
1987-11-13,0.36156177268567474
1987-11-16,-0.36103740595742473
1987-11-17,0.43231219016352146
1987-11-18,-0.20700583132938177
1987-11-19,-0.23349245214345826
1987-11-20,-0.2430126021492105
1987-11-23,0.0
1987-11-24,-0.8906849075574652
1987-11-25,-0.6957345823473741
1987-11-26,0.0
1987-11-27,0.0
1987-11-30,1.0676962309502613
1987-12-01,-0.1146510294818394
1987-12-02,0.0
1987-12-03,0.8031960219100209
1987-12-04,-0.12731566072314002
1987-12-07,-1.6795978442921706
1987-12-08,-0.25658144943727296
1987-12-09,0.5320824668408297
1987-12-10,-2.296665871730191
1987-12-11,-0.2505204901271966
1987-12-14,0.5192602689738728
1987-12-15,2.0504419569658388
1987-12-16,1.2809583025458668
1987-12-17,-0.36994958411454487
1987-12-18,1.7382523235134169
1987-12-21,0.12267557062651652
1987-12-22,-0.7624488926294326
1987-12-23,1.5969074752828956
1987-12-24,-0.2546138605136239
1987-12-25,0.0
1987-12-28,0.0
1987-12-29,1.0826765121896442
1987-12-30,0.8944551513598371
1987-12-31,-1.125620462574141
1988-01-01,0.0
1988-01-04,0.0
1988-01-05,0.8775523554288622
1988-01-06,-0.9706805315404737
1988-01-07,-0.306758672874283
1988-01-08,-2.9085745781366708
1988-01-11,1.5656002778991724
1988-01-12,-0.13066856326155982
1988-01-13,0.8781889505579643
1988-01-14,0.2780415870358701
1988-01-15,3.4803983462321693
1988-01-18,-0.18585492593175734
1988-01-19,-0.13244124826230083
1988-01-20,0.6068254898062662
1988-01-21,1.2489811470349506
1988-01-22,0.7350162381298335
1988-01-25,0.6101566076481548
1988-01-26,-1.3323804084028155
1988-01-27,2.4588720015411973
1988-01-28,0.6044102817747204
1988-01-29,1.206373954666907
1988-02-01,0.0
1988-02-02,1.6361429267504453
1988-02-03,-1.483582771310407
1988-02-04,0.0
1988-02-05,1.7367666337292536
1988-02-08,-0.9121674996460944
1988-02-09,0.4420530830066693
1988-02-10,0.7945074261290748
1988-02-11,-0.775478907289726
1988-02-12,-1.9397790677505533
1988-02-15,0.0
1988-02-16,0.0
1988-02-17,-0.07220824850653362
1988-02-18,0.5109010092144176
1988-02-19,0.45426780554381374
1988-02-22,0.47166437161824903
1988-02-23,1.2913046875746097
1988-02-24,-0.3275188209184413
1988-02-25,-0.7597207127836401
1988-02-26,0.8688426521557857
1988-02-29,0.44793497456247233
1988-03-01,0.18626578176871494
1988-03-02,0.774009942104841
1988-03-03,0.4002894359741273
1988-03-04,-3.4056529785598104
1988-03-07,-0.15935458108091
1988-03-08,-0.496374022196569
1988-03-09,0.3434332184931928
1988-03-10,-0.6222353386561238
1988-03-11,1.1832349709013261
1988-03-14,-0.09299070627812928
1988-03-15,0.0
1988-03-16,-1.4777320967517182
1988-03-17,1.3722145066024378
1988-03-18,-2.5055808946809606
1988-03-21,-0.7049955128823985
1988-03-22,0.0
1988-03-23,-0.2849388008597217
1988-03-24,-0.39503930392017783
1988-03-25,0.815904393920505
1988-03-28,-2.114162010451399
1988-03-29,0.39437204814125654
1988-03-30,-0.30747226732247707
1988-03-31,0.42575646716729804
1988-04-01,0.0
1988-04-04,0.0
1988-04-05,0.0
1988-04-06,1.4027199177324274
1988-04-07,0.47510223925183803
1988-04-08,2.3342545248080655
1988-04-11,-1.5534861251902303
1988-04-12,0.7809275619929361
1988-04-13,0.23071699786297412
1988-04-14,-2.9437622981668388
1988-04-15,-1.1044455019597645
1988-04-18,-1.1192696292308744
1988-04-19,-0.4164687691834121
1988-04-20,0.0
1988-04-21,0.22542793751267926
1988-04-22,0.8149803899806367
1988-04-25,0.24043074353812918
1988-04-26,-0.4999792168768593
1988-04-27,0.3888349268082653
1988-04-28,-1.9512105485588265
1988-04-29,0.0
1988-05-02,-1.5871016290981346
1988-05-03,1.1827951169273436
1988-05-04,0.13463415315725163
1988-05-05,0.28017241651297137
1988-05-06,2.20775241651275
1988-05-09,0.5416988631510707
1988-05-10,1.1681126803057154
1988-05-11,0.2854646912989685
1988-05-12,-0.0
1988-05-13,-1.3644063384118814
1988-05-16,0.30924183884106093
1988-05-17,3.2849446255812667
1988-05-18,2.0225447651655926
1988-05-19,-0.43765621010578465
1988-05-20,0.8272948116586977
1988-05-23,0.4336003927487741
1988-05-24,-0.6436376020860035
1988-05-25,-1.15257648461204
1988-05-26,0.34967981151658173
1988-05-27,0.6901464594675386
1988-05-30,0.0
1988-05-31,0.0
1988-06-01,-4.4553681486327426
1988-06-02,0.7377159430999928
1988-06-03,-1.9757122917784646
1988-06-06,-0.205010863519485
1988-06-07,1.2802917442911657
1988-06-08,-2.114656935418346
1988-06-09,0.8180463391868158
1988-06-10,-0.6429114139757259
1988-06-13,-0.4813943073044136
1988-06-14,-3.9079893860109403
1988-06-15,0.5820870767733868
1988-06-16,2.1483949888313205
1988-06-17,1.6562802452288663
1988-06-20,-0.22175709085255768
1988-06-21,0.17304870717459164
1988-06-22,-1.859579195024708
1988-06-23,-0.2223546120272208
1988-06-24,-0.17360485996749628
1988-06-27,0.9534926281553143
1988-06-28,-0.7858359685778014
1988-06-29,0.12408393280673127
1988-06-30,-1.025620990063924
1988-07-01,-0.26085132266707567
1988-07-04,0.0
1988-07-05,0.0
1988-07-06,0.9687486646327151
1988-07-07,0.3531726463901429
1988-07-08,1.5035102936296034
1988-07-11,-0.450782141177692
1988-07-12,0.9143584865148777
1988-07-13,0.6735575473443418
1988-07-14,-0.07731713417015167
1988-07-15,-0.9988131590725899
1988-07-18,1.0577206289102736
1988-07-19,-0.5770010729172246
1988-07-20,-0.0
1988-07-21,0.7944843973362077
1988-07-22,-0.902724088492403
1988-07-25,-0.6471425773541207
1988-07-26,0.09568293639440476
1988-07-27,1.462541885768739
1988-07-28,0.2944921685224546
1988-07-29,-1.2529606956640535
1988-08-01,-1.155797054435588
1988-08-02,-1.4363798916483075
1988-08-03,0.5105784481122979
1988-08-04,-1.0502579327337451
1988-08-05,2.5049186411844
1988-08-08,-0.2839527720835961
1988-08-09,1.3531959035213017
1988-08-10,2.553485400906631
1988-08-11,0.6603488708188217
1988-08-12,-0.0
1988-08-15,0.4197771187878074
1988-08-16,-0.7910415147622111
1988-08-17,0.5867936199824427
1988-08-18,-0.49361475951526546
1988-08-19,-0.40892073274491886
1988-08-22,0.8197024763629682
1988-08-23,-1.1729932730629584
1988-08-24,-0.0
1988-08-25,1.5880041731427916
1988-08-26,-0.6140697759467472
1988-08-29,-2.077148047889188
1988-08-30,-0.4505992129105569
1988-08-31,-0.4672392600455778
1988-09-01,-0.12135523724052812
1988-09-02,-4.452408135831014
1988-09-05,0.0
1988-09-06,0.0
1988-09-07,-0.07713972322679309
1988-09-08,-0.0
1988-09-09,-1.6427226708610256
1988-09-12,0.8047148192598139
1988-09-13,-0.24841620836631478
1988-09-14,-1.026994285212378
1988-09-15,0.7797477343989193
1988-09-16,0.1783710132729938
1988-09-19,-0.7408135694854725
1988-09-20,0.19092660517103272
1988-09-21,0.5932573672763851
1988-09-22,-0.3072884002213045
1988-09-23,-0.10660323979997148
1988-09-26,-0.9929901673048688
1988-09-27,-0.677964818573316
1988-09-28,-0.35081696471203344
1988-09-29,1.7549444541198191
1988-09-30,2.6769124095674757
1988-10-03,0.5952589920320349
1988-10-04,-0.6145868215188691
1988-10-05,-0.10609118070318807
1988-10-06,0.22098093188637263
1988-10-07,3.5733198184493618
1988-10-10,-0.5000720688536798
1988-10-11,-0.4498166501350271
1988-10-12,-1.652328324147511
1988-10-13,0.1719747270572065
1988-10-14,0.713036260396939
1988-10-17,0.18397737042688433
1988-10-18,0.19160492368082313
1988-10-19,-0.9054350672151417
1988-10-20,0.32814342906593347
1988-10-21,-0.4569698071540739
1988-10-24,0.0
1988-10-25,0.2652716523678012
1988-10-26,1.2110346917560146
1988-10-27,2.1789434781298778
1988-10-28,0.5365110961382275
1988-10-31,0.9732968255762108
1988-11-01,-0.4845964271386246
1988-11-02,-1.5273197077741691
1988-11-03,1.090376305620097
1988-11-04,-3.66682350396944
1988-11-07,-0.9721659820306936
1988-11-08,0.272172403220591
1988-11-09,-0.562144711778945
1988-11-10,0.20316518306426873
1988-11-11,-1.3128030462681919
1988-11-14,0.8954625292498969
1988-11-15,-0.10216446030390713
1988-11-16,-1.4616118945977536
1988-11-17,-1.0384790884553197
1988-11-18,0.2120920874819477
1988-11-21,0.11039155418745267
1988-11-22,-0.8016643030338281
1988-11-23,0.11802470305157949
1988-11-24,0.0
1988-11-25,0.0
1988-11-28,0.37976643865869736
1988-11-29,0.6560570947245351
1988-11-30,1.8320827851939794
1988-12-01,1.0275480197365512
1988-12-02,-3.368305984325691
1988-12-05,1.0002522120757842
1988-12-06,3.259603593618564
1988-12-07,-0.6911389107640725
1988-12-08,-0.5525638274877299
1988-12-09,-0.8119989982933105
1988-12-12,-0.25022877399978416
1988-12-13,-1.199251714131941
1988-12-14,-0.6052307171239482
1988-12-15,0.17878904808124343
1988-12-16,-0.3721907877935434
1988-12-19,-0.5790465561735402
1988-12-20,-1.471805583602687
1988-12-21,-0.29494252228156015
1988-12-22,0.10225076294037956
1988-12-23,-0.3196101394556608
1988-12-26,0.0
1988-12-27,0.0
1988-12-28,1.7629052490861357
1988-12-29,-0.5438910006582659
1988-12-30,-0.8971693199241783
1989-01-02,0.0
1989-01-03,0.0
1989-01-04,-0.23816321468582016
1989-01-05,1.3384381468251907
1989-01-06,-0.6162571552713795
1989-01-09,-0.12777674397694574
1989-01-10,-0.3991552443534757
1989-01-11,0.13830359275139223
1989-01-12,-2.569547567694612
1989-01-13,-2.226535590540566
1989-01-16,-0.0
1989-01-17,0.24973248513032945
1989-01-18,-1.776820998706059
1989-01-19,0.2524107431660731
1989-01-20,0.7801670476299114
1989-01-23,-0.8037046970502563
1989-01-24,-1.88560660259843
1989-01-25,1.551343176987398
1989-01-26,0.13006421367360205
1989-01-27,-0.9440228698353827
1989-01-30,1.0910471745205235
1989-01-31,-0.1398421695201157
1989-02-01,0.2907377685257882
1989-02-02,0.4521905441870419
1989-02-03,-0.6256072740402143
1989-02-06,0.16203034771803776
1989-02-07,1.477718909369611
1989-02-08,-0.33320049126933765
1989-02-09,-4.148048469849735
1989-02-10,-1.9492622339843335
1989-02-13,-0.33660372223836305
1989-02-14,-0.6993079507714328
1989-02-15,-0.24101013148885359
1989-02-16,-0.2509789312029179
1989-02-17,-0.5225253411008256
1989-02-20,0.0
1989-02-21,0.0
1989-02-22,1.9836884920028017
1989-02-23,1.86051772909642
1989-02-24,0.6089708504317278
1989-02-27,-1.0023130336938408
1989-02-28,-0.7687504393823943
1989-03-01,1.1692968147817704
1989-03-02,-1.4351491766313624
1989-03-03,0.131712480888307
1989-03-06,-1.0891720114305596
1989-03-07,-0.13947617399776854
1989-03-08,-0.7248821057834393
1989-03-09,0.2992046943180027
1989-03-10,2.8213069295816338
1989-03-13,-0.13118312277426628
1989-03-14,-0.6813358951749854
1989-03-15,-0.14105121134484777
1989-03-16,-0.14698765180961562
1989-03-17,4.245474988764711
1989-03-20,0.7126214767799471
1989-03-21,0.33544003274995343
1989-03-22,-1.7145154272075092
1989-03-23,-0.485933287776477
1989-03-24,0.0
1989-03-27,0.0
1989-03-28,-0.4155636681725021
1989-03-29,-1.1744753794527374
1989-03-30,-0.43331630633134915
1989-03-31,-0.7837834725136954
1989-04-03,-1.7936693073946641
1989-04-04,-1.2013133760476655
1989-04-05,-0.22184514671989047
1989-04-06,1.13526481609066
1989-04-07,1.6779901366398893
1989-04-10,-0.0
1989-04-11,0.23105993560928476
1989-04-12,-0.0
1989-04-13,1.1129581326431726
1989-04-14,-3.523137555117407
1989-04-17,0.5533351504439429
1989-04-18,-2.3574938281128954
1989-04-19,0.337049222377609
1989-04-20,1.8487685585458011
1989-04-21,-0.8098496985556249
1989-04-24,-0.0
1989-04-25,-0.519424289689232
1989-04-26,-0.17944776737266088
1989-04-27,-1.111217097920738
1989-04-28,-0.4705045398883931
1989-05-01,1.9565292276582573
1989-05-02,-0.9838260976799648
1989-05-03,-0.45662281713704606
1989-05-04,0.18937497384315347
1989-05-05,1.5337924965684926
1989-05-08,-1.0413554852105256
1989-05-09,-2.0466280889574944
1989-05-10,-0.447328602448155
1989-05-11,0.9175647810663098
1989-05-12,4.286182601913846
1989-05-15,-0.10508498967705354
1989-05-16,-0.2188940043455405
1989-05-17,0.3981296127777122
1989-05-18,0.23596847795351494
1989-05-19,0.8537125998717344
1989-05-22,1.4662753102506176
1989-05-23,-0.4802918100115805
1989-05-24,-0.1864700482862728
1989-05-25,-0.5161159015205982
1989-05-26,0.20035914119066445
1989-05-29,0.0
1989-05-30,0.0
1989-05-31,0.5015337180486527
1989-06-01,-0.07440828262883
1989-06-02,2.41584239867045
1989-06-05,0.8073067358008775
1989-06-06,0.0
1989-06-07,1.071219034810568
1989-06-08,0.07262088608185562
1989-06-09,1.8404450906877146
1989-06-12,-0.5693012868660012
1989-06-13,-1.50179569475776
1989-06-14,1.057904551248671
1989-06-15,-1.5330220355205382
1989-06-16,-0.48194239165141656
1989-06-19,-0.2851835641842099
1989-06-20,0.8849020424110334
1989-06-21,-0.7507271601722686
1989-06-22,-0.9189014375199281
1989-06-23,2.1745205531092435
1989-06-26,0.8509581705527884
1989-06-27,0.7978119095818784
1989-06-28,-0.7401267864195689
1989-06-29,0.910544902137188
1989-06-30,0.46660162138579886
1989-07-03,0.16145360226039557
1989-07-04,0.0
1989-07-05,0.0
1989-07-06,0.7781331193569614
1989-07-07,1.064427852632709
1989-07-10,0.7243521028567371
1989-07-11,-0.18681140657765397
1989-07-12,0.09729091128039764
1989-07-13,0.20279820637872153
1989-07-14,-0.835318855948546
1989-07-17,-0.3223008232282645
1989-07-18,-1.7233142211519776
1989-07-19,1.2742937064529194
1989-07-20,1.588989662719058
1989-07-21,-1.4493827640890153
1989-07-24,0.31367216558309136
1989-07-25,0.973177283685407
1989-07-26,0.0
1989-07-27,2.4198243683797127
1989-07-28,1.152280062478273
1989-07-31,1.2724855211808943
1989-08-01,1.4908578163398722
1989-08-02,-0.9514095491661368
1989-08-03,-0.9629375748693577
1989-08-04,-3.6130198308622354
1989-08-07,-0.2339790762954485
1989-08-08,0.1624186353485101
1989-08-09,-0.42188035012631026
1989-08-10,-0.1752040244462783
1989-08-11,-1.427082913925382
1989-08-14,-2.935496574593265
1989-08-15,0.6504566769106873
1989-08-16,1.2486556088632081
1989-08-17,-0.7377300527417537
1989-08-18,0.22802250412626177
1989-08-21,-0.9416837460490518
1989-08-22,-1.1904153745654462
1989-08-23,0.6408986682494211
1989-08-24,0.5777113499998655
1989-08-25,-0.08549561227614272
1989-08-28,-1.144412477401179
1989-08-29,0.44718121532383964
1989-08-30,0.46326376948163506
1989-08-31,-0.2885183064852868
1989-09-01,1.923878174716832
1989-09-04,0.0
1989-09-05,0.0
1989-09-06,0.29208828073293636
1989-09-07,-0.20312546412280807
1989-09-08,0.6324097256524703
1989-09-11,0.6528304935234291
1989-09-12,0.11271495048163724
1989-09-13,-1.0445861804470606
1989-09-14,1.0610890967716482
1989-09-15,0.9602915084812215
1989-09-18,-0.36997853850679774
1989-09-19,0.1283168834576098
1989-09-20,-1.562029318133095
1989-09-21,-1.8999422938849042
1989-09-22,-0.2517372154785302
1989-09-25,-2.885414706604628
1989-09-26,0.9937582694428579
1989-09-27,-0.11340064781692337
1989-09-28,0.23610607128646383
1989-09-29,-0.2458619596568811
1989-10-02,0.12797010419004887
1989-10-03,1.5570348832898093
1989-10-04,0.6516035855737895
1989-10-05,1.57963336882811
1989-10-06,2.9131324655961435
1989-10-09,1.6444251891339932
1989-10-10,-1.2872621447229964
1989-10-11,-1.177879527842669
1989-10-12,0.8679387985371262
1989-10-13,1.532695409947373
1989-10-16,-0.32924121066819567
1989-10-17,-0.3496834053961132
1989-10-18,-0.47254818203300863
1989-10-19,1.2420744303881799
1989-10-20,-0.6516648639285485
1989-10-23,1.8137300766043394
1989-10-24,1.681438344273955
1989-10-25,-0.13685279404039327
1989-10-26,-1.0120423525328224
1989-10-27,-1.1325338722057836
1989-10-30,0.6039383863820683
1989-10-31,-0.16023323623675045
1989-11-01,0.9348062052194668
1989-11-02,0.9356741477195054
1989-11-03,-1.9623214409450616
1989-11-06,-1.3723259773387224
1989-11-07,2.9328541096351914
1989-11-08,0.8651946321425121
1989-11-09,-1.1479035387586964
1989-11-10,0.0
1989-11-13,-0.1313102521251171
1989-11-14,0.3986636615272282
1989-11-15,1.4725334840633775
1989-11-16,0.0
1989-11-17,-2.0115576082576947
1989-11-20,0.13170179101477808
1989-11-21,0.8193665214850432
1989-11-22,1.2527301982710344
1989-11-23,0.0
1989-11-24,0.0
1989-11-27,-1.9569039224779747
1989-11-28,-0.13769015277643154
1989-11-29,-0.8534629614597401
1989-11-30,1.1600204807109311
1989-12-01,0.8847888422015974
1989-12-04,0.0
1989-12-05,-0.15840734196918363
1989-12-06,-0.9788698538311497
1989-12-07,-1.3183344747663124
1989-12-08,1.7912839491810582
1989-12-11,-0.3253789639805974
1989-12-12,0.0
1989-12-13,0.5284901622657407
1989-12-14,1.4375185438742142
1989-12-15,-0.5458053523689081
1989-12-18,1.8334750123224215
1989-12-19,-0.9080597059709006
1989-12-20,0.18743463077040665
1989-12-21,-0.5829345204664693
1989-12-22,-2.1093154546027084
1989-12-25,0.0
1989-12-26,0.0
1989-12-27,0.3911808306965239
1989-12-28,1.593490942982037
1989-12-29,-0.997247581497953
1990-01-01,0.0
1990-01-02,0.0
1990-01-03,-1.4516671134906662
1990-01-04,0.42225463129276125
1990-01-05,-0.21953587829258428
1990-01-08,-0.9071719205280895
1990-01-09,-0.23435981594282554
1990-01-10,-0.24404174310318832
1990-01-11,-0.2541136678367008
1990-01-12,-2.2627721604469686
1990-01-15,-3.3359764628283113
1990-01-16,-1.4196863185162438
1990-01-17,0.20607468411725252
1990-01-18,-4.352553685242229
1990-01-19,-1.5302333865449393
1990-01-22,0.13917050945540407
1990-01-23,-0.724091054652259
1990-01-24,2.930179658011467
1990-01-25,0.9460602183880793
1990-01-26,1.8574196625480073
1990-01-29,-0.11313628022530116
1990-01-30,0.5866121776296468
1990-01-31,-2.204489775007353
1990-02-01,-0.4405233862798939
1990-02-02,1.6579549557586115
1990-02-05,0.6505700511540639
1990-02-06,0.8890889306008309
1990-02-07,-0.11827759970162494
1990-02-08,-1.4394228076565838
1990-02-09,-3.2494728771646093
1990-02-12,1.388550940652746
1990-02-13,-0.8603717914646881
1990-02-14,0.17606519131532317
1990-02-15,1.5154022387680937
1990-02-16,-0.26458258253939787
1990-02-19,0.0
1990-02-20,0.0
1990-02-21,-0.094722374787996
1990-02-22,-1.6431871290504565
1990-02-23,0.09534525098255128
1990-02-26,-1.558505246601168
1990-02-27,-1.0564209181719373
1990-02-28,2.0428239616402335
1990-03-01,1.389717678292306
1990-03-02,-0.6923773468511698
1990-03-05,1.885569387765282
1990-03-06,-0.985215611294688
1990-03-07,-0.16750071763681096
1990-03-08,-0.26165989260476225
1990-03-09,1.5043138221628294
1990-03-12,-0.4756688665495999
1990-03-13,1.6808139737937162
1990-03-14,-1.529743592224722
1990-03-15,0.3436696159762915
1990-03-16,-1.4585613302055263
1990-03-19,0.08555368546114298
1990-03-20,-1.0597453364556633
1990-03-21,0.3591621339669693
1990-03-22,-0.1866932603022392
1990-03-23,-0.3886292414538291
1990-03-26,-0.40360476984297006
1990-03-27,0.4182607206947165
1990-03-28,-0.43416662280093477
1990-03-29,2.042494114975753
1990-03-30,1.3300794150929145
1990-04-02,-0.20649791443085064
1990-04-03,-0.44455349068270084
1990-04-04,-2.227058490723904
1990-04-05,0.30390189942469165
1990-04-06,-0.0
1990-04-09,0.8712054435349422
1990-04-10,0.22390998280412405
1990-04-11,0.580788013066375
1990-04-12,0.48044260254031357
1990-04-13,0.0
1990-04-16,0.0
1990-04-17,2.0994892172472404
1990-04-18,2.439539626524602
1990-04-19,0.1082318632724581
1990-04-20,1.6530055103527348
1990-04-23,0.5483292795928424
1990-04-24,0.45467552778467313
1990-04-25,-0.0
1990-04-26,1.336257922891016
1990-04-27,-0.12306604611189914
1990-04-30,-0.3833220841225835
1990-05-01,0.663198753220436
1990-05-02,0.27478088302542014
1990-05-03,-0.9866148385023215
1990-05-04,-4.565206082121209
1990-05-07,0.558648386677179
1990-05-08,-0.6577034453417204
1990-05-09,1.572578536425433
1990-05-10,-1.4380306237651803
1990-05-11,-2.5265687459688047
1990-05-14,-0.4686373977346268
1990-05-15,0.6898099593085047
1990-05-16,0.2839161214078643
1990-05-17,0.22136163905313588
1990-05-18,0.8385082401095331
1990-05-21,-0.0781942324913217
1990-05-22,-1.590109074295359
1990-05-23,-0.4700831501362129
1990-05-24,0.16244228716357367
1990-05-25,1.1663839444711606
1990-05-28,0.0
1990-05-29,0.0
1990-05-30,-0.6940981142463502
1990-05-31,-0.2691189306503132
1990-06-01,-2.7651841627474476
1990-06-04,-0.07807621591979984
1990-06-05,0.6469273273191414
1990-06-06,-0.08357649526311367
1990-06-07,-0.08710620890991383
1990-06-08,0.09074295850512945
1990-06-11,0.2832648509184348
1990-06-12,-0.0
1990-06-13,-1.602517802147279
1990-06-14,-0.5983764919873406
1990-06-15,1.7883682661048357
1990-06-18,0.8737934661579708
1990-06-19,0.09981333144315405
1990-06-20,0.9270042383232936
1990-06-21,-0.7371544452796303
1990-06-22,-0.21751316094214193
1990-06-25,1.955256109571915
1990-06-26,-0.9495918182305915
1990-06-27,-0.7544900625132295
1990-06-28,-1.208280479706881
1990-06-29,1.1025509996690754
1990-07-02,-0.22533273266388806
1990-07-03,0.8151948483437634
1990-07-04,0.0
1990-07-05,0.0
1990-07-06,-2.4499306918929884
1990-07-09,-0.9882729447450788
1990-07-10,-0.45049165308778194
1990-07-11,0.5820765323849371
1990-07-12,1.7475056421853592
1990-07-13,0.9192073373141404
1990-07-16,0.47174476106924257
1990-07-17,0.24488267186431448
1990-07-18,-1.962379456111911
1990-07-19,-0.12091510550528684
1990-07-20,0.9966459256846629
1990-07-23,-0.12799725964274647
1990-07-24,-1.5639211454234452
1990-07-25,1.2880474964195965
1990-07-26,0.2620237945226544
1990-07-27,1.9640392648959302
1990-07-30,2.4332332376397185
1990-07-31,-0.8063833178875383
1990-08-01,1.6238876126106638
1990-08-02,-2.485217561096741
1990-08-03,-0.8086019861020836
1990-08-06,-4.4633233396349645
1990-08-07,-0.7497698090592382
1990-08-08,-0.05919549937014193
1990-08-09,1.3276915091538082
1990-08-10,-0.24029817172223303
1990-08-13,-0.06252424505347691
1990-08-14,0.3900238830176627
1990-08-15,0.3368816224548443
1990-08-16,-1.7695549246047941
1990-08-17,0.5256018589844869
1990-08-20,-0.0
1990-08-21,0.28316134315385094
1990-08-22,1.0891603100715956
1990-08-23,1.2321251931736104
1990-08-24,0.582286259440568
1990-08-27,-2.022697800745865
1990-08-28,0.43550248650581463
1990-08-29,-1.537792790493013
1990-08-30,0.3587572003582129
1990-08-31,-0.07204140151729943
1990-09-03,0.0
1990-09-04,0.0
1990-09-05,-0.6949490783433876
1990-09-06,-0.3192904095492985
1990-09-07,-0.5800796587116694
1990-09-10,0.7663520504465244
1990-09-11,-0.17560664564536407
1990-09-12,-0.09147462071291232
1990-09-13,-0.1906661980545964
1990-09-14,1.0770498095316865
1990-09-17,0.59804844256166
1990-09-18,-0.1032921284092353
1990-09-19,-0.3227410904776183
1990-09-20,0.778157846245776
1990-09-21,1.4591977719052942
1990-09-24,1.1194724631497204
1990-09-25,-0.7961008502108667
1990-09-26,-0.23473133868226795
1990-09-27,-2.1020009765121106
1990-09-28,-2.080197574346288
1990-10-01,-2.1504960271314433
1990-10-02,-0.3964394670422546
1990-10-03,0.20575844731859538
1990-10-04,-0.6416809864436424
1990-10-05,-0.5531495627230651
1990-10-08,0.7953852166253442
1990-10-09,3.1229368440080143
1990-10-10,0.8298848967525989
1990-10-11,0.9403561613472177
1990-10-12,-1.7757850999264542
1990-10-15,-0.6428811350525513
1990-10-16,-0.28494497989546885
1990-10-17,-0.5917128471766633
1990-10-18,-1.0135062682298837
1990-10-19,-1.816365631701454
1990-10-22,0.09955060025000277
1990-10-23,0.5162933298794024
1990-10-24,0.21403773140606638
1990-10-25,-0.9961592290403621
1990-10-26,0.33994574898155344
1990-10-29,1.4911332902511896
1990-10-30,0.11554178132945975
1990-10-31,-1.305586019984408
1990-11-01,-1.8722745942300827
1990-11-02,-0.0
1990-11-05,1.63330441195509
1990-11-06,-0.23361014521345036
1990-11-07,-1.5500101218710016
1990-11-08,-0.2398805546204627
1990-11-09,2.3380138869995406
1990-11-12,1.935865873175684
1990-11-13,0.4210203473546826
1990-11-14,0.3277902982004287
1990-11-15,-0.4655360521356757
1990-11-16,1.4432828723752038
1990-11-19,-0.8498649345584433
1990-11-20,0.7133980134093565
1990-11-21,1.4725173954330841
1990-11-22,0.0
1990-11-23,0.0
1990-11-26,0.5035174068972437
1990-11-27,-0.7805221836098484
1990-11-28,-0.6998345609957634
1990-11-29,-0.7550123209644317
1990-11-30,1.59374604334893
1990-12-03,1.1625314348693496
1990-12-04,0.601650456227422
1990-12-05,1.0419431325144877
1990-12-06,-0.7659643785005443
1990-12-07,4.171218160144074
1990-12-10,0.8183013760412604
1990-12-11,0.9435658138169146
1990-12-12,0.5376032548961
1990-12-13,-1.7138364398101218
1990-12-14,-1.5436481046981148
1990-12-17,0.6155037516711727
1990-12-18,0.7410424706333258
1990-12-19,-0.43549342368213717
1990-12-20,-1.3271845922724559
1990-12-21,-1.1022545473032457
1990-12-24,-2.329887800767368
1990-12-25,0.0
1990-12-26,0.0
1990-12-27,0.7222281904543443
1990-12-28,-0.9517447152555949
1990-12-31,1.4860410270346982
1991-01-01,0.0
1991-01-02,0.0
1991-01-03,0.8741798532460288
1991-01-04,-1.7436857394653493
1991-01-07,-2.348748216440873
1991-01-08,-0.6975256895710463
1991-01-09,-2.0213668362932955
1991-01-10,1.7989835799357894
1991-01-11,-0.17669462269252018
1991-01-14,-0.9141215346980027
1991-01-15,0.28110576563044654
1991-01-16,0.09749785788219678
1991-01-17,3.510178468780111
1991-01-18,0.2928300360098739
1991-01-21,-0.38017997041823753
1991-01-22,-0.31569919907148775
1991-01-23,0.4915049275379402
1991-01-24,0.6770080646042499
1991-01-25,-1.0368197398521235
1991-01-28,0.264518532185451
1991-01-29,0.4580978804906961
1991-01-30,-0.4744408599562063
1991-01-31,0.39352025698141097
1991-02-01,2.579221484230964
1991-02-04,0.5317316820272475
1991-02-05,0.6415682800437815
1991-02-06,0.09482138895322183
1991-02-07,-0.5897718741441019
1991-02-08,1.3057074289611825
1991-02-11,-0.30453006393367205
1991-02-12,0.2112890010266281
1991-02-13,-0.10996641405817112
1991-02-14,-0.5701070839584096
1991-02-15,0.4724876890474668
1991-02-18,0.0
1991-02-19,0.0
1991-02-20,-1.1217847944164343
1991-02-21,-0.635510912916179
1991-02-22,-1.041058020412026
1991-02-25,0.5333901967280642
1991-02-26,-1.9898904718036914
1991-02-27,-0.13111216389936406
1991-02-28,-1.3424434497954103
1991-03-01,-2.8830394685442275
1991-03-04,0.23219674056633915
1991-03-05,0.8385626454215496
1991-03-06,-0.49350252457222515
1991-03-07,1.257494801429366
1991-03-08,-1.7434381678524655
1991-03-11,2.01447191905483
1991-03-12,-0.5790628728761553
1991-03-13,1.409697681919981
1991-03-14,0.11872275890606754
1991-03-15,-2.1273857787006474
1991-03-18,-1.2475059783466236
1991-03-19,-2.4029300547285533
1991-03-20,1.1220156391534672
1991-03-21,1.1259739449097024
1991-03-22,0.20855929475722756
1991-03-25,0.21702376609949986
1991-03-26,0.11297693087512826
1991-03-27,1.2714928459254196
1991-03-28,1.1576538857822294
1991-03-29,0.0
1991-04-01,0.0
1991-04-02,0.7277893750424513
1991-04-03,-0.3764839813612413
1991-04-04,1.4079574230691725
1991-04-05,0.12971567461324715
1991-04-08,0.9389460113034188
1991-04-09,-1.482536592138733
1991-04-10,-2.3167811020093
1991-04-11,0.2483872663166462
1991-04-12,2.7404279099182847
1991-04-15,0.9888445659372963
1991-04-16,-0.11265080112430041
1991-04-17,0.46891008259833694
1991-04-18,-1.8730226363957219
1991-04-19,-1.4679391552973324
1991-04-22,-1.3402671874564753
1991-04-23,0.6746881957186425
1991-04-24,1.4779158128971253
1991-04-25,-0.34276122325335495
1991-04-26,0.47442561736390376
1991-04-29,-0.12317360064931551
1991-04-30,1.3854856600609868
1991-05-01,0.5092298431061739
1991-05-02,1.175284555253701
1991-05-03,-1.9190591764066713
1991-05-06,-0.37813828864773236
1991-05-07,-0.13107255088857084
1991-05-08,0.13657660646609376
1991-05-09,0.2906164775406609
1991-05-10,-3.4970932665219645
1991-05-13,1.4403181058152073
1991-05-14,-1.6283439566742879
1991-05-15,0.21580048797961127
1991-05-16,0.3365789653962846
1991-05-17,1.2615624287680127
1991-05-20,-0.5799987017474318
1991-05-21,1.5249282043046706
1991-05-22,-0.4694358330310941
1991-05-23,-0.9661409774628238
1991-05-24,0.37132354368218623
1991-05-27,0.0
1991-05-28,0.0
1991-05-29,-0.13287046671854486
1991-05-30,1.6209939163158757
1991-05-31,-1.4583470939524308
1991-06-03,-2.1705454997614297
1991-06-04,0.12388710274332479
1991-06-05,-1.0238098958437682
1991-06-06,-1.041292903395898
1991-06-07,-1.6935552023345457
1991-06-10,0.0
1991-06-11,0.1354374243020434
1991-06-12,-1.916157687737674
1991-06-13,-0.5409596943248787
1991-06-14,-1.3856015811528268
1991-06-17,0.2802345696766444
1991-06-18,0.5794404207227517
1991-06-19,-0.0
1991-06-20,-1.2402014402757102
1991-06-21,0.9365071856758294
1991-06-24,0.16058167097754517
1991-06-25,-0.0
1991-06-26,-0.0
1991-06-27,-0.9107086933271373
1991-06-28,-2.9393964521653215
1991-07-01,0.4883353794387443
1991-07-02,0.16879072367925982
1991-07-03,-0.7023053818023494
1991-07-04,0.0
1991-07-05,0.0
1991-07-08,-0.5619100457632074
1991-07-09,0.7711078335339533
1991-07-10,-0.7962493409556773
1991-07-11,-2.3644376456983345
1991-07-12,-2.0614529081143687
1991-07-15,0.18543142239161994
1991-07-16,0.38418428550223704
1991-07-17,1.171497587306326
1991-07-18,0.19981834076961288
1991-07-19,-1.2382681049876236
1991-07-22,-0.211485711343998
1991-07-23,1.4915409838733156
1991-07-24,-3.6239053620440513
1991-07-25,-1.5080677228174288
1991-07-26,-0.0
1991-07-29,0.5245351449492704
1991-07-30,-0.1815341253630712
1991-07-31,-1.6727349198227537
1991-08-01,1.273214085826745
1991-08-02,-4.7555529202421285
1991-08-05,0.2131153705232678
1991-08-06,1.7966209990094406
1991-08-07,0.0
1991-08-08,-1.0661810958083633
1991-08-09,0.0
1991-08-12,0.671407759718873
1991-08-13,0.9113111138637726
1991-08-14,2.2917623307473844
1991-08-15,-0.7136803496022494
1991-08-16,0.41888729976102085
1991-08-19,0.0
1991-08-20,0.6752088425769114
1991-08-21,0.0
1991-08-22,0.6023436750519892
1991-08-23,-2.3660581695188756
1991-08-26,-0.992529865550369
1991-08-27,0.6709831417411425
1991-08-28,2.0817626334303374
1991-08-29,1.5294351333718434
1991-08-30,-1.4863045679349618
1991-09-02,0.0
1991-09-03,0.0
1991-09-04,-0.20332095092547212
1991-09-05,-0.4241944068503524
1991-09-06,1.7043331028835988
1991-09-09,0.9353813538644383
1991-09-10,-0.21285042024569212
1991-09-11,-0.22159646883734524
1991-09-12,1.7849690094610169
1991-09-13,0.10958205402357062
1991-09-16,0.9065935555581649
1991-09-17,0.23260618835525046
1991-09-18,0.0
1991-09-19,0.0
1991-09-20,1.042627411867584
1991-09-23,0.39987817726208336
1991-09-24,-0.2767708552386056
1991-09-25,-0.2877469436979797
1991-09-26,0.7456225628703158
1991-09-27,2.470809530495604
1991-09-30,0.8257175161444539
1991-10-01,0.28377946593132564
1991-10-02,-0.587258611414195
1991-10-03,0.0
1991-10-04,2.672800992320034
1991-10-07,0.0
1991-10-08,-0.7189181733890896
1991-10-09,-2.7144257833540024
1991-10-10,-1.8140848176915307
1991-10-11,3.021557809002979
1991-10-14,-0.18929566159204653
1991-10-15,0.5902431177920286
1991-10-16,0.0
1991-10-17,-2.294345239917081
1991-10-18,0.9279697144370668
1991-10-21,-1.9139730814938423
1991-10-22,-0.8712951274342033
1991-10-23,-0.17851982727745086
1991-10-24,1.1019789306905046
1991-10-25,-0.8333056989307789
1991-10-28,1.0348439407978312
1991-10-29,2.593921357414333
1991-10-30,0.324322531045761
1991-10-31,0.25289259444344525
1991-11-01,-0.17533827489607995
1991-11-04,-0.2735680907980366
1991-11-05,-1.2125936662253458
1991-11-06,0.3769675572440907
1991-11-07,2.154355785294286
1991-11-08,0.08904034720192468
1991-11-11,0.37099973502735367
1991-11-12,0.6730326413959187
1991-11-13,-1.3585929126575567
1991-11-14,1.3455181567528487
1991-11-15,0.19340694086997773
1991-11-18,0.0
1991-11-19,-0.41852690600806525
1991-11-20,-0.4334521194596336
1991-11-21,-0.5602827581983818
1991-11-22,-1.0321540589765483
1991-11-25,-0.5843977167716646
1991-11-26,1.311284353839612
1991-11-27,0.12075144033650492
1991-11-28,0.0
1991-11-29,0.0
1991-12-02,1.6473926360756552
1991-12-03,1.609500324496811
1991-12-04,2.965313681602957
1991-12-05,-1.213536803414701
1991-12-06,-1.3040087689786701
1991-12-09,1.1051128617739476
1991-12-10,0.0
1991-12-11,-0.10663282610014214
1991-12-12,0.5549009233124967
1991-12-13,-1.1307693167448247
1991-12-16,0.5758951653312799
1991-12-17,0.8322359957696648
1991-12-18,-0.12244196445596528
1991-12-19,2.5294124433668204
1991-12-20,2.8556095048067154
1991-12-23,1.4259598893668082
1991-12-24,0.2863962038173745
1991-12-25,0.0
1991-12-26,0.0
1991-12-27,0.5114047930437828
1991-12-30,1.5723846577262672
1991-12-31,1.0455928056660642
1992-01-01,0.0
1992-01-02,0.0
1992-01-03,-1.1814713287865628
1992-01-06,0.7660207246976725
1992-01-07,1.4526845054234656
1992-01-08,-0.8882851130428425
1992-01-09,-0.6788330177839983
1992-01-10,-1.8925691295685867
1992-01-13,-1.7896194673910626
1992-01-14,-2.425334733190454
1992-01-15,-0.18262568856278902
1992-01-16,-1.9174289661052755
1992-01-17,1.0567996547934917
1992-01-20,1.240758940822961
1992-01-21,1.0670131232541604
1992-01-22,-0.8981590486236679
1992-01-23,-2.185707671342557
1992-01-24,-0.4992653428404591
1992-01-27,0.17258031268270949
1992-01-28,1.9060218556389015
1992-01-29,-2.164993087919635
1992-01-30,-0.7586407633663952
1992-01-31,0.312210683861297
1992-02-03,-0.8866069403835388
1992-02-04,1.5326646337153584
1992-02-05,1.4171116415199243
1992-02-06,0.0
1992-02-07,0.16441308575356217
1992-02-10,-0.08563154828406441
1992-02-11,-0.5337218184038363
1992-02-12,-1.0040160344953781
1992-02-13,-2.30033409323942
1992-02-14,0.0839455560514428
1992-02-17,0.0
1992-02-18,0.0
1992-02-19,1.069730845409783
1992-02-20,0.18223110939288376
1992-02-21,-0.7554316345011892
1992-02-24,-0.38958146525204546
1992-02-25,0.8041831654192064
1992-02-26,2.6018753579558065
1992-02-27,-0.7166541317704491
1992-02-28,1.5374794196015114
1992-03-02,-2.380534090673671
1992-03-03,-0.7179259951737021
1992-03-04,0.24683868297725414
1992-03-05,-1.4277695870456053
1992-03-06,0.754386103380834
1992-03-09,1.1923755623204322
1992-03-10,0.08654092527873153
1992-03-11,-1.5829641405261219
1992-03-12,-1.9457238771520236
1992-03-13,-1.3009180328753671
1992-03-16,0.08212967918524085
1992-03-17,-1.4311172895955382
1992-03-18,-0.08462608493925006
1992-03-19,-0.8778073803995532
1992-03-20,1.1525041076310878
1992-03-23,-0.2709957681434047
1992-03-24,-2.0830412746314417
1992-03-25,-0.2637238621353676
1992-03-26,1.1668688586656262
1992-03-27,-0.5479498980195024
1992-03-30,-0.1894433650806141
1992-03-31,0.09859159263617628
1992-04-01,-2.080534398392389
1992-04-02,0.4806436346558503
1992-04-03,-1.5688276764660571
1992-04-06,-0.19674485633095729
1992-04-07,0.10233665842708838
1992-04-08,0.9459829276941701
1992-04-09,-2.7310627463961756
1992-04-10,0.4688129970879005
1992-04-13,-0.7771702430434705
1992-04-14,0.0
1992-04-15,0.0
1992-04-16,-1.8167367713543474
1992-04-17,0.0
1992-04-20,0.0
1992-04-21,0.41002469843096423
1992-04-22,0.21316002173973453
1992-04-23,-0.5547632958617017
1992-04-24,1.2373526398593933
1992-04-27,-1.1399812635339017
1992-04-28,-0.8154757733167292
1992-04-29,0.7150353426811764
1992-04-30,0.49083977854931743
1992-05-01,-2.206500180485483
1992-05-04,0.714310981712682
1992-05-05,-0.4928978706112589
1992-05-06,-1.7541201799064032
1992-05-07,0.7458431840449126
1992-05-08,-2.3411161989208193
1992-05-11,0.0
1992-05-12,1.564207710532581
1992-05-13,0.36286301105019025
1992-05-14,-0.2517245186936253
1992-05-15,2.1030158502159346
1992-05-18,0.0
1992-05-19,2.1565670286559526
1992-05-20,-1.3826546544252547
1992-05-21,-2.8147346661207635
1992-05-22,0.7951158124297671
1992-05-25,0.0
1992-05-26,0.0
1992-05-27,0.6305612507858855
1992-05-28,1.4866845068435366
1992-05-29,1.159370799625567
1992-06-01,-1.5777475526683373
1992-06-02,1.3438324941138398
1992-06-03,0.31392391151716614
1992-06-04,-0.10890867010954806
1992-06-05,1.0100761729955878
1992-06-08,0.11523744428646066
1992-06-09,-0.7171260233196054
1992-06-10,-0.12368918301660255
1992-06-11,0.6415447183140833
1992-06-12,1.1800373756540852
1992-06-15,0.26826323748620334
1992-06-16,1.3716618766091744
1992-06-17,0.6953952982287512
1992-06-18,1.000361179483328
1992-06-19,-1.7072004376306966
1992-06-22,0.2858973453131263
1992-06-23,-1.1727798232998716
1992-06-24,1.940589149030703
1992-06-25,2.091080673577857
1992-06-26,-0.28462544335392276
1992-06-29,1.2118648058354418
1992-06-30,-0.521756357405797
1992-07-01,1.041789350567734
1992-07-02,5.056860519840163
1992-07-03,0.0
1992-07-06,0.0
1992-07-07,0.6849966012613358
1992-07-08,-0.4401737383248885
1992-07-09,0.09136240559419095
1992-07-10,-0.19003467887495445
1992-07-13,-0.6866635624982071
1992-07-14,0.20263342223184808
1992-07-15,1.6545603517844392
1992-07-16,0.614514898503303
1992-07-17,-0.5265477475177398
1992-07-20,0.3276518544995595
1992-07-21,0.4543877763574955
1992-07-22,1.285139552938272
1992-07-23,3.324474884691967
1992-07-24,-0.36988131507564054
1992-07-27,1.0526077726466836
1992-07-28,1.2605145159596594
1992-07-29,0.2944279693782022
1992-07-30,-2.3551749973351903
1992-07-31,-0.26452822099047724
1992-08-03,-0.3655197538004593
1992-08-04,1.765351710999877
1992-08-05,0.2738266156587898
1992-08-06,-0.18949941483545354
1992-08-07,2.362766201503642
1992-08-10,1.2371458252720264
1992-08-11,0.5365811845665666
1992-08-12,-0.3685827140827691
1992-08-13,-1.9883575416897
1992-08-14,0.7848459256537177
1992-08-17,-0.6230729734036665
1992-08-18,1.7144488064882228
1992-08-19,0.08895958747917425
1992-08-20,0.3708642306106223
1992-08-21,-1.578699096069456
1992-08-24,-2.9015249892678594
1992-08-25,-0.7978456255670988
1992-08-26,0.9620192627183533
1992-08-27,0.752990732077633
1992-08-28,0.3874470500632994
1992-08-31,0.5628059075812235
1992-09-01,1.1550488562884436
1992-09-02,0.5854028689049362
1992-09-03,-0.17287146651002672
1992-09-04,2.701200058018961
1992-09-07,0.0
1992-09-08,0.0
1992-09-09,-0.7053363844882911
1992-09-10,0.24308488958925686
1992-09-11,-1.1575315196171443
1992-09-14,0.8370553891275935
1992-09-15,-1.4237481540796566
1992-09-16,-0.16788797777422707
1992-09-17,0.08744919683202929
1992-09-18,0.18228765600514235
1992-09-21,-0.3786383607228471
1992-09-22,-1.885862167867411
1992-09-23,-1.615904177587121
1992-09-24,1.8967963254990812
1992-09-25,1.564777720460673
1992-09-28,0.9770047308248128
1992-09-29,-0.1664940728961424
1992-09-30,-0.17326773475645307
1992-10-01,2.549246077911116
1992-10-02,-0.47130016531919644
1992-10-05,0.3260628445332626
1992-10-06,-1.4042717316665045
1992-10-07,-2.9221730585486956
1992-10-08,1.0486265689467047
1992-10-09,-1.3079657841252645
1992-10-12,0.13129334909530924
1992-10-13,0.0
1992-10-14,0.2138436259758987
1992-10-15,-0.14841010279300032
1992-10-16,-0.5394233160593018
1992-10-19,-1.3330501382192528
1992-10-20,-2.892229408738382
1992-10-21,1.0128906472155932
1992-10-22,0.7686126369646477
1992-10-23,-1.297660737581154
1992-10-26,-0.06522879199287662
1992-10-27,0.8757162100923331
1992-10-28,-0.27626506030213527
1992-10-29,0.8553254406874966
1992-10-30,-1.1569299888258795
1992-11-02,-0.9471650185902899
1992-11-03,0.44643780835223434
1992-11-04,-0.46292886465520955
1992-11-05,0.31985793826986125
1992-11-06,-1.777991281722732
1992-11-09,-0.31847969445011254
1992-11-10,1.6061419740031002
1992-11-11,0.948912381488958
1992-11-12,1.5784167040244692
1992-11-13,-0.7042351370750778
1992-11-16,-1.350120728463451
1992-11-17,0.6376939412373358
1992-11-18,1.4514861557574488
1992-11-19,-0.5649413973300074
1992-11-20,-0.5836830501177458
1992-11-23,-0.2590801138576198
1992-11-24,0.7152598399855224
1992-11-25,-0.7355558834327447
1992-11-26,0.0
1992-11-27,0.0
1992-11-30,-0.19608805106023441
1992-12-01,0.7127950803330912
1992-12-02,0.0
1992-12-03,0.8717213310621752
1992-12-04,2.336764260375596
1992-12-07,1.6983956288774182
1992-12-08,1.2803501493596172
1992-12-09,-0.8916536254676638
1992-12-10,-0.10199326518329518
1992-12-11,-0.945811383337205
1992-12-14,-0.6453570198254375
1992-12-15,0.11145669138487914
1992-12-16,1.1483420875049066
1992-12-17,-0.3520442547366648
1992-12-18,0.9695912776843699
1992-12-21,1.5877956047557842
1992-12-22,1.4547666165752136
1992-12-23,-0.970122932179514
1992-12-24,-0.4972236470618332
1992-12-25,0.0
1992-12-28,0.0
1992-12-29,1.1866154540998537
1992-12-30,0.40567286852454976
1992-12-31,-0.6979293162512115
1993-01-01,0.0
1993-01-04,0.0
1993-01-05,-0.4462220645309958
1993-01-06,-0.7691448183018763
1993-01-07,-3.8488792268969867
1993-01-08,1.141617142617801
1993-01-11,1.1531426067595403
1993-01-12,-0.3533672409409917
1993-01-13,0.610841026939623
1993-01-14,1.6074800795430104
1993-01-15,2.0370874703995434
1993-01-18,-0.2356898122876338
1993-01-19,0.6124378073669526
1993-01-20,-0.8795911479897621
1993-01-21,0.5177848350205209
1993-01-22,1.580539305600116
1993-01-25,2.2868841237348514
1993-01-26,-0.4918505285168303
1993-01-27,0.8904439898584264
1993-01-28,1.171067983161977
1993-01-29,1.4459787142192948
1993-02-01,0.9303667016010927
1993-02-02,-2.10705476371048
1993-02-03,0.2553300595679787
1993-02-04,1.6929425254101966
1993-02-05,2.4861947908262025
1993-02-08,-1.3520610524933279
1993-02-09,-1.0404798887812907
1993-02-10,-1.8155270190834187
1993-02-11,1.331795543708909
1993-02-12,0.3375342488787407
1993-02-15,0.0
1993-02-16,0.0
1993-02-17,1.7676654235332003
1993-02-18,3.2019647712173014
1993-02-19,0.19096449771498214
1993-02-22,1.5677805947567747
1993-02-23,3.158519702509208
1993-02-24,-1.4637609005312313
1993-02-25,-0.5349231418265156
1993-02-26,0.23759570423174886
1993-03-01,1.8539141737742664
1993-03-02,-0.2357695352819079
1993-03-03,1.5343709387301445
1993-03-04,0.7253088741323012
1993-03-05,-1.445265311070312
1993-03-08,0.3221650692148671
1993-03-09,-1.2251751645831694
1993-03-10,-0.8176860664282258
1993-03-11,-0.08407177392910774
1993-03-12,-2.6419348390649025
1993-03-15,-0.7991653177472315
1993-03-16,1.8837694731952421
1993-03-17,0.6318789055948009
1993-03-18,1.221292605958696
1993-03-19,-0.28990108617949994
1993-03-22,0.0
1993-03-23,0.9381689248800812
1993-03-24,-0.7148141862102005
1993-03-25,-0.4895844041448216
1993-03-26,-1.9394555441695815
1993-03-29,0.7052950830209155
1993-03-30,0.8057318261098064
1993-03-31,-0.16579002106559007
1993-04-01,-0.17254342013598106
1993-04-02,-1.6523820971242844
1993-04-05,0.9441004837571219
1993-04-06,1.3866238853634556
1993-04-07,0.0873677900146979
1993-04-08,2.261664446513998
1993-04-09,0.0
1993-04-12,0.0
1993-04-13,-0.5118729552382356
1993-04-14,0.7957447790760843
1993-04-15,0.5466833948028003
1993-04-16,-0.282833397898117
1993-04-19,0.49039821093582553
1993-04-20,0.0
1993-04-21,0.42435257499634393
1993-04-22,0.7699361396168846
1993-04-23,-1.0073702937154942
1993-04-26,-1.01993973400277
1993-04-27,-1.9971291894945946
1993-04-28,-0.109311842475071
1993-04-29,1.4538912446985388
1993-04-30,-1.3289782015417468
1993-05-03,2.252350106621122
1993-05-04,0.5186956286808057
1993-05-05,0.0
1993-05-06,0.6717120650521009
1993-05-07,-0.6904247779541808
1993-05-10,0.9473866789135352
1993-05-11,0.12193607642059544
1993-05-12,-0.7557773444831611
1993-05-13,-1.98881236163989
1993-05-14,-0.24556866356983154
1993-05-17,-1.615032688630693
1993-05-18,-1.467021720184313
1993-05-19,1.5676792969242015
1993-05-20,0.484832886613332
1993-05-21,-1.47653420657402
1993-05-24,0.0
1993-05-25,-0.25927996914152734
1993-05-26,1.4533159018056119
1993-05-27,0.13392090703440107
1993-05-28,-1.499240113076415
1993-05-31,0.0
1993-06-01,0.0
1993-06-02,0.567865831441309
1993-06-03,1.3072816789120207
1993-06-04,-2.959775259863442
1993-06-07,0.9915254002633345
1993-06-08,-1.0094576448664192
1993-06-09,1.150435184827397
1993-06-10,-0.13081319625612473
1993-06-11,3.0718460919722226
1993-06-14,0.22403705126376114
1993-06-15,0.46604472687657844
1993-06-16,0.24205064957445746
1993-06-17,0.37786795509152143
1993-06-18,-0.9076661941265333
1993-06-21,1.1879632016910482
1993-06-22,0.1349271297669516
1993-06-23,0.0
1993-06-24,1.3007382662679028
1993-06-25,1.3091129939078139
1993-06-28,1.5994111773537816
1993-06-29,0.14666266541375605
1993-06-30,-0.304780590085969
1993-07-01,0.31730774560816455
1993-07-02,1.4641468511106346
1993-07-05,0.0
1993-07-06,0.0
1993-07-07,0.0
1993-07-08,1.4054741912278328
1993-07-09,1.0693173209349272
1993-07-12,0.7328993897567126
1993-07-13,-1.1157113760509476
1993-07-14,2.2104248389952934
1993-07-15,0.18235441569241087
1993-07-16,0.569778949983446
1993-07-19,0.0
1993-07-20,-2.2920315932145954
1993-07-21,-3.6416062083180365
1993-07-22,-2.464916156360482
1993-07-23,-0.6125625329591832
1993-07-26,0.7570066297679101
1993-07-27,-0.13026645535234058
1993-07-28,0.9420671044130222
1993-07-29,3.1184362404883483
1993-07-30,-0.7728015583888458
1993-08-02,-1.0118654218911565
1993-08-03,0.5738347178199482
1993-08-04,-0.8257074349053415
1993-08-05,0.48517023838633755
1993-08-06,0.37744129317859954
1993-08-09,1.0372795298452058
1993-08-10,-0.26529817861047356
1993-08-11,0.688263982196723
1993-08-12,-0.28442423961791374
1993-08-13,1.998636445370876
1993-08-16,1.1122897076910516
1993-08-17,-0.7053930276704631
1993-08-18,0.5828638208516257
1993-08-19,1.7682994421085765
1993-08-20,1.021541610147428
1993-08-23,-0.2987082535155437
1993-08-24,2.373628382025108
1993-08-25,1.2731328106721955
1993-08-26,1.962198323647359
1993-08-27,-1.3400766076100707
1993-08-30,1.0807784288396471
1993-08-31,-0.13798836257405261
1993-09-01,0.0
1993-09-02,0.0
1993-09-03,3.5563852130660574
1993-09-06,0.0
1993-09-07,0.0
1993-09-08,-0.4605718607643427
1993-09-09,-2.9747623492247834
1993-09-10,1.4973252201780354
1993-09-13,0.18684363685588148
1993-09-14,-2.274790090499238
1993-09-15,0.08574267938107044
1993-09-16,0.6243090406535936
1993-09-17,-0.09216554423792393
1993-09-20,-0.8552543143553231
1993-09-21,-0.5828819256527668
1993-09-22,0.3017556317884587
1993-09-23,0.5226108342875765
1993-09-24,0.43335203794496796
1993-09-27,3.0788136978072
1993-09-28,0.09083507421319442
1993-09-29,-1.3827968329092706
1993-09-30,-0.8248133073104085
1993-10-01,1.5705956234283849
1993-10-04,0.2755469214376141
1993-10-05,-0.5701724562454362
1993-10-06,0.0984399823085661
1993-10-07,-0.10251001031148922
1993-10-08,2.4317425127946515
1993-10-11,-0.19019349528008872
1993-10-12,-0.1977554049331088
1993-10-13,-0.3081223479748234
1993-10-14,1.1650795681439028
1993-10-15,0.7530944023826804
1993-10-18,-2.1917169396780287
1993-10-19,0.10012409087054
1993-10-20,0.4171559466177059
1993-10-21,-2.2430730845711566
1993-10-22,-1.2416535556174622
1993-10-25,-1.1439482194850545
1993-10-26,1.0550676547827949
1993-10-27,-0.39090847256258887
1993-10-28,0.6075423039793649
1993-10-29,-0.8322479263136978
1993-11-01,-2.415246762575854
1993-11-02,-1.5715783650544035
1993-11-03,0.3670162916476492
1993-11-04,-0.9469297778722426
1993-11-05,-1.3385755346437687
1993-11-08,1.501117122486598
1993-11-09,0.5602337477710615
1993-11-10,-0.6749012608453768
1993-11-11,-1.1820058120984533
1993-11-12,2.2642000608208717
1993-11-15,-0.08955306380134691
1993-11-16,0.9245394155531366
1993-11-17,0.0
1993-11-18,-1.5450254605013143
1993-11-19,-1.8657523456410645
1993-11-22,-1.084842115991717
1993-11-23,1.607637039106316
1993-11-24,-0.35438821365534445
1993-11-25,0.0
1993-11-26,0.0
1993-11-29,0.0
1993-11-30,-1.1787367993735445
1993-12-01,0.5968267870310808
1993-12-02,0.10301582944059971
1993-12-03,-0.21470609331712517
1993-12-06,2.2193115627465323
1993-12-07,0.10178080389349459
1993-12-08,0.21202835602243258
1993-12-09,0.550327053437747
1993-12-10,-1.560203356090197
1993-12-13,-0.8886554340773314
1993-12-14,-0.9087727932553309
1993-12-15,-0.11691524513498068
1993-12-16,0.12178024634788523
1993-12-17,1.1250624643739606
1993-12-20,-0.7640771264598685
1993-12-21,0.524625322556712
1993-12-22,-3.0844793898712215
1993-12-23,-0.6714768978070211
1993-12-24,0.0
1993-12-27,0.0
1993-12-28,0.11937884144347365
1993-12-29,-0.6224684672616771
1993-12-30,-1.996740136647326
1993-12-31,-0.4918770219826484
1994-01-03,-2.3213737926149505
1994-01-04,-1.1720413533803313
1994-01-05,0.5935883883326762
1994-01-06,-1.690849555465617
1994-01-07,-3.873263465803487
1994-01-10,-0.608765891352095
1994-01-11,-0.1799558200697712
1994-01-12,1.1869501590219755
1994-01-13,-2.156254015372328
1994-01-14,-1.1172978459790455
1994-01-17,-0.3502986842640529
1994-01-18,1.2388920952654565
1994-01-19,0.0
1994-01-20,1.184246300504386
1994-01-21,-0.37046423078718743
1994-01-24,0.0
1994-01-25,-0.701015913029178
1994-01-26,0.3092708574433995
1994-01-27,1.1541655891008207
1994-01-28,1.2541503290262783
1994-01-31,-0.7414115587381606
1994-02-01,-1.8151562608130671
1994-02-02,0.21076943244837873
1994-02-03,-1.1977583679575103
1994-02-04,-2.9826836848685487
1994-02-07,-0.4665682917964025
1994-02-08,-0.8702331498369447
1994-02-09,0.9761075424668993
1994-02-10,-0.30038337987361435
1994-02-11,0.82190168775991
1994-02-14,-0.63498584344073
1994-02-15,0.43574430359649247
1994-02-16,0.0
1994-02-17,2.3994823592002086
1994-02-18,1.5112113575464448
1994-02-21,0.0
1994-02-22,0.0
1994-02-23,1.9878497929582735
1994-02-24,1.2346043860884006
1994-02-25,-0.2890702090305952
1994-02-28,-1.0915086591479686
1994-03-01,2.544893051167256
1994-03-02,-0.0
1994-03-03,0.9984216854080886
1994-03-04,0.2786216402116991
1994-03-07,-1.0509183688855341
1994-03-08,1.0628424493732644
1994-03-09,-0.09876742941331713
1994-03-10,1.9805330823016192
1994-03-11,-0.48197885568401594
1994-03-14,0.5988910184781413
1994-03-15,-0.5152073898813689
1994-03-16,-1.6595500637700076
1994-03-17,0.5157849500420718
1994-03-18,2.0537435006695794
1994-03-21,0.8941621868081842
1994-03-22,-2.5570858504787233
1994-03-23,0.08825958600385485
1994-03-24,2.7257689283519304
1994-03-25,0.49146025169811625
1994-03-28,0.1704184230922409
1994-03-29,1.6961653201410274
1994-03-30,1.596959984240955
1994-03-31,0.09583239693315705
1994-04-01,3.162268979865245
1994-04-04,2.4285754940819384
1994-04-05,-2.7433114597273565
1994-04-06,-0.47055533532453475
1994-04-07,-0.6175141142082929
1994-04-08,0.9298214469757716
1994-04-11,-0.13172983030417493
1994-04-12,-0.9641174363722604
1994-04-13,0.8177127503132786
1994-04-14,0.299397159208148
1994-04-15,-0.24311360418922245
1994-04-18,2.130065046026643
1994-04-19,-0.7360054479883332
1994-04-20,-0.63995244242032
1994-04-21,-1.7242555822850947
1994-04-22,0.3375297885720653
1994-04-25,-1.0291180609664603
1994-04-26,-0.11610828534418464
1994-04-27,0.0
1994-04-28,0.0
1994-04-29,0.18729160973837772
1994-05-02,0.4557996304366223
1994-05-03,0.4724125091251862
1994-05-04,0.07002281487942673
1994-05-05,-0.36406860636502997
1994-05-06,3.364111911867108
1994-05-09,1.4170398479554795
1994-05-10,-1.9854359216092083
1994-05-11,1.1231837635799318
1994-05-12,-0.3996976805226356
1994-05-13,-0.9382911137631967
1994-05-16,-0.7516580874679645
1994-05-17,-1.7835969468911659
1994-05-18,-0.6145516166024706
1994-05-19,-0.9431262451050245
1994-05-20,0.5332374800738
1994-05-23,2.0048141503979946
1994-05-24,-0.501886696503394
1994-05-25,-0.28865293798342173
1994-05-26,-0.41895566272728263
1994-05-27,0.180935142468473
1994-05-30,0.0
1994-05-31,0.0
1994-06-01,-0.6178944149566471
1994-06-02,-0.8694005214869815
1994-06-03,-1.31640120047207
1994-06-06,-1.3082599324452415
1994-06-07,0.5830192299395391
1994-06-08,0.14828665150494658
1994-06-09,-0.07330799540712901
1994-06-10,0.8208537085008784
1994-06-13,0.6750020550753884
1994-06-14,-1.2762575870796298
1994-06-15,1.6349449499220219
1994-06-16,-0.48674719886904066
1994-06-17,1.2442653504600072
1994-06-20,0.25709325600670413
1994-06-21,1.3124759554298533
1994-06-22,-2.1044565735518534
1994-06-23,-0.46263984917352335
1994-06-24,2.2419373312056514
1994-06-27,-1.2094716509970393
1994-06-28,2.0574723221712965
1994-06-29,-0.4858413686577753
1994-06-30,2.2442810079946947
1994-07-01,-0.2721364856460524
1994-07-04,0.0
1994-07-05,0.0
1994-07-06,-0.0
1994-07-07,-0.5134129042550577
1994-07-08,2.6508223451671915
1994-07-11,0.9043099667699881
1994-07-12,-1.206668015377113
1994-07-13,-0.4123784870450748
1994-07-14,-3.515172692134847
1994-07-15,0.16447906530239942
1994-07-18,-1.044348755397151
1994-07-19,-1.1419901993947537
1994-07-20,1.5623357208033077
1994-07-21,0.5048699281123378
1994-07-22,0.31143429285285185
1994-07-25,-0.5279407073968061
1994-07-26,0.2910338503007431
1994-07-27,1.0362179638265725
1994-07-28,-0.939072771149312
1994-07-29,-2.8506605181866824
1994-08-01,0.2039356802382217
1994-08-02,-0.3187149504725001
1994-08-03,-0.1268833970364094
1994-08-04,0.26411481328158565
1994-08-05,2.213471590865851
1994-08-08,-0.13614611672957372
1994-08-09,0.5076236182549475
1994-08-10,-0.1445095480604691
1994-08-11,0.8209701250712255
1994-08-12,-1.3282903063698461
1994-08-15,0.22819197249710632
1994-08-16,-1.9434228545923793
1994-08-17,-0.47218252347795847
1994-08-18,1.8841060059329797
1994-08-19,-0.19535243818619563
1994-08-22,0.6080347057771623
1994-08-23,-0.5572914306587207
1994-08-24,-1.2782058170677946
1994-08-25,1.2670454337187258
1994-08-26,-0.9161217348563342
1994-08-29,0.07221833409262997
1994-08-30,-0.7489880246898392
1994-08-31,-0.6160364272051234
1994-09-01,0.07967857313648764
1994-09-02,0.4142450194417394
1994-09-05,0.0
1994-09-06,0.0
1994-09-07,0.6192414134316709
1994-09-08,-0.0
1994-09-09,2.8083741904119233
1994-09-12,0.24169852852640025
1994-09-13,-0.4185276090990234
1994-09-14,-0.6921943802656642
1994-09-15,-0.8873865255716349
1994-09-16,3.051934852916429
1994-09-19,-0.5854600012810732
1994-09-20,0.5293987114291359
1994-09-21,0.7031597557582185
1994-09-22,-0.3222643734975664
1994-09-23,0.1676447196015343
1994-09-26,-0.0
1994-09-27,0.8150786317990364
1994-09-28,-0.7416573531567742
1994-09-29,1.229401388973779
1994-09-30,-0.47961722895663705
1994-10-03,0.8913325884899128
1994-10-04,0.5093236331127124
1994-10-05,1.4558232457021336
1994-10-06,0.1051168498305256
1994-10-07,-1.8867288525854033
1994-10-10,-0.413865256698386
1994-10-11,-0.9573515693388477
1994-10-12,0.7623096104185297
1994-10-13,-1.2171613559290406
1994-10-14,-0.89549347760605
1994-10-17,0.34575903455727347
1994-10-18,0.23978369494926793
1994-10-19,1.2312986015604774
1994-10-20,3.080137985188692
1994-10-21,-0.22319426195901682
1994-10-24,1.104345672630113
1994-10-25,0.4658779370924201
1994-10-26,0.23377681446215448
1994-10-27,-0.0
1994-10-28,-2.076290462010813
1994-10-31,0.11603927407877652
1994-11-01,2.405453027216766
1994-11-02,0.8753931266476571
1994-11-03,0.3382269157911813
1994-11-04,1.6109916230567174
1994-11-07,0.11872625839472424
1994-11-08,-1.0729610763424002
1994-11-09,-1.6532579023390028
1994-11-10,1.0485019784777436
1994-11-11,1.749075306245815
1994-11-14,-2.5690704424532944
1994-11-15,-0.79897615790374
1994-11-16,1.4172861413401394
1994-11-17,1.211425816404579
1994-11-18,-0.0
1994-11-21,0.10703939325297807
1994-11-22,-0.6646435697560652
1994-11-23,-3.885705818644319
1994-11-24,0.0
1994-11-25,0.0
1994-11-28,1.320181037253793
1994-11-29,1.1571096325590158
1994-11-30,-0.8536879712088571
1994-12-01,0.635662531382239
1994-12-02,-2.1124114732311834
1994-12-05,0.596265563246634
1994-12-06,-1.9291696583695863
1994-12-07,1.412476690346101
1994-12-08,0.1514818191274026
1994-12-09,-0.3837767438719607
1994-12-12,1.1254550666638004
1994-12-13,-0.4601803842049666
1994-12-14,-0.3942453338139026
1994-12-15,-0.24568907707929957
1994-12-16,0.08526488339972016
1994-12-19,-0.08886149884529927
1994-12-20,0.09260708273440557
1994-12-21,-0.38551890589934973
1994-12-22,0.8945987295353622
1994-12-23,-0.0
1994-12-26,0.0
1994-12-27,0.0
1994-12-28,1.1939372284116334
1994-12-29,0.3323987571647075
1994-12-30,0.4605293664882831
1995-01-02,0.0
1995-01-03,0.0
1995-01-04,-1.8992660447362777
1995-01-05,1.6068204896140192
1995-01-06,-0.34604713855354496
1995-01-09,0.8351388046265935
1995-01-10,-1.3290545909116984
1995-01-11,-1.2118419396432683
1995-01-12,0.4943513038881839
1995-01-13,-3.2096008068938615
1995-01-16,0.0
1995-01-17,0.0
1995-01-18,0.3205330357607582
1995-01-19,0.8836805260096633
1995-01-20,1.762024285375146
1995-01-23,0.2195945469052342
1995-01-24,-0.0
1995-01-25,-1.841931679877986
1995-01-26,-1.020904757522655
1995-01-27,-2.978820348749789
1995-01-30,0.581540924510049
1995-01-31,-0.7012068234179984
1995-02-01,0.921706078866393
1995-02-02,0.6285556250905981
1995-02-03,3.939991721264408
1995-02-06,-0.6449691565552262
1995-02-07,0.0740415017989386
1995-02-08,-0.15429754896769493
1995-02-09,-0.9556016852433266
1995-02-10,-0.6497605962862616
1995-02-13,0.16788692385547557
1995-02-14,1.5357418788262664
1995-02-15,1.0945494598067824
1995-02-16,0.8529243901845788
1995-02-17,-0.262879072000845
1995-02-20,0.0
1995-02-21,0.0
1995-02-22,2.3220592701122955
1995-02-23,-0.33751445044731915
1995-02-24,0.43846151617149465
1995-02-27,1.4332660012972331
1995-02-28,0.5406391158170255
1995-03-01,-0.09339432850059413
1995-03-02,-1.331735439311577
1995-03-03,-0.9524395223742672
1995-03-06,-0.7292911159418692
1995-03-07,-0.5121160642805852
1995-03-08,1.3307441297098634
1995-03-09,1.623046589731398
1995-03-10,1.008079995873921
1995-03-13,0.721969479394031
1995-03-14,2.246426799704811
1995-03-15,-0.09856773703104024
1995-03-16,0.30818126175957883
1995-03-17,-1.2543241943167047
1995-03-20,-0.3183636964995174
1995-03-21,-0.8737616432604416
1995-03-22,-0.7812101990268163
1995-03-23,0.0
1995-03-24,2.880051896164605
1995-03-27,0.9178957599494494
1995-03-28,-2.17433993036061
1995-03-29,0.19099585762659285
1995-03-30,-0.788983255872187
1995-03-31,-0.8071857699595059
1995-04-03,1.722228788145417
1995-04-04,0.4026923123431191
1995-04-05,0.0
1995-04-06,0.975105120375008
1995-04-07,-0.4435925646606424
1995-04-10,-0.3449092852231851
1995-04-11,0.8335459897349611
1995-04-12,0.49114570896442533
1995-04-13,1.742388942401414
1995-04-14,0.0
1995-04-17,0.0
1995-04-18,0.7680628542440882
1995-04-19,-0.26468441051530833
1995-04-20,1.0944922838762636
1995-04-21,0.28107971336004417
1995-04-24,0.29271638397693983
1995-04-25,-0.30383492454433186
1995-04-26,-0.31537127028180545
1995-04-27,-0.9708857747997051
1995-04-28,-0.9876850174535579
1995-05-01,-0.5070810046178371
1995-05-02,1.550240179997549
1995-05-03,3.302236025665689
1995-05-04,2.8325909893757073
1995-05-05,3.9234148144901635
1995-05-08,-0.09005280000679744
1995-05-09,1.6625261313324073
1995-05-10,-0.9885458201129115
1995-05-11,-0.637380846030153
1995-05-12,-0.09401715328702571
1995-05-15,1.0723665208281996
1995-05-16,1.2846973568469215
1995-05-17,0.20030110095767018
1995-05-18,-1.5078798267387665
1995-05-19,0.10079728870479503
1995-05-22,-0.521417865552029
1995-05-23,1.390649545199583
1995-05-24,2.7463385468784707
1995-05-25,0.6575107846071339
1995-05-26,0.0
1995-05-29,0.0
1995-05-30,0.0
1995-05-31,0.20796291212394147
1995-06-01,2.3017798083738636
1995-06-02,1.8748211770053833
1995-06-05,0.2920193856970003
1995-06-06,-0.402065820556553
1995-06-07,-2.3971121580414203
1995-06-08,-0.541392213962524
1995-06-09,-2.784241414962005
1995-06-12,0.2289027595419203
1995-06-13,3.512700998006215
1995-06-14,-0.22898489059397886
1995-06-15,-0.4740991799438262
1995-06-16,-0.30623689901783785
1995-06-19,1.1375758060482757
1995-06-20,-0.5087329264768163
1995-06-21,0.46109770416309476
1995-06-22,1.3507625269521453
1995-06-23,-0.47140694799111027
1995-06-26,-0.6921886726499719
1995-06-27,-0.6378954122608339
1995-06-28,0.8031935558911238
1995-06-29,-2.5590440971530457
1995-06-30,0.8786984818561948
1995-07-03,0.06429536218788862
1995-07-04,0.0
1995-07-05,0.0
1995-07-06,2.424517869008557
1995-07-07,0.0
1995-07-10,0.06276551204711592
1995-07-11,-0.9676619624967832
1995-07-12,0.26383220242838207
1995-07-13,-0.0686126426222369
1995-07-14,-1.0564459146540286
1995-07-17,-1.4029549651828055
1995-07-18,-0.6996325300899765
1995-07-19,-2.2540461454346388
1995-07-20,0.19360951768059917
1995-07-21,-1.1929170458442067
1995-07-24,0.8658509151720855
1995-07-25,0.34157039374452514
1995-07-26,-0.776854103650564
1995-07-27,1.0081282467134765
1995-07-28,-0.732486018475967
1995-07-31,0.8997089445676583
1995-08-01,-0.9911939967184715
1995-08-02,1.0802920287358364
1995-08-03,-1.3903500142333531
1995-08-04,0.6968147411472915
1995-08-07,0.399443743951999
1995-08-08,0.16605254182815915
1995-08-09,-0.5175959066644858
1995-08-10,-0.7127026693202324
1995-08-11,-1.9512192771119357
1995-08-14,0.26092756398543115
1995-08-15,0.27136532358499527
1995-08-16,0.748503121972761
1995-08-17,-0.6741961659425288
1995-08-18,0.19929564199844016
1995-08-21,1.0261216305562002
1995-08-22,-0.733843754016453
1995-08-23,-0.5409408942431672
1995-08-24,2.328564328007938
1995-08-25,2.577185998036704
1995-08-28,0.449310838340522
1995-08-29,-0.6498264606535131
1995-08-30,0.6705991106544862
1995-08-31,0.9841484863138076
1995-09-01,1.1017985124365084
1995-09-04,0.0
1995-09-05,0.0
1995-09-06,-0.10571931026315479
1995-09-07,-0.8745658452640304
1995-09-08,-0.5613100404655522
1995-09-11,0.11653261707474619
1995-09-12,1.8817430700156221
1995-09-13,-0.6979796592383682
1995-09-14,2.499738582628752
1995-09-15,-0.862974898795231
1995-09-18,-1.3064262815810472
1995-09-19,0.7724231444190085
1995-09-20,0.9073730487453366
1995-09-21,-2.4955044292731867
1995-09-22,-0.6185185712319744
1995-09-25,0.0
1995-09-26,-0.5547920622275291
1995-09-27,-0.11513145753382593
1995-09-28,0.2398796187755963
1995-09-29,2.5691490680428175
1995-10-02,0.11129629565466016
1995-10-03,0.8081576053952993
1995-10-04,0.9479131235024091
1995-10-05,0.7297740771580058
1995-10-06,0.12588027643948052
1995-10-09,0.0
1995-10-10,0.0
1995-10-11,-0.2701006629059377
1995-10-12,0.980760350659783
1995-10-13,2.8185825779705054
1995-10-16,-0.5059885644009652
1995-10-17,0.2628542644134779
1995-10-18,-0.9445745510465904
1995-10-19,0.13911609494886196
1995-10-20,-1.6775775395088364
1995-10-23,-0.6991146797253348
1995-10-24,1.9598792261430413
1995-10-25,0.4174940478447003
1995-10-26,-1.137700884932881
1995-10-27,0.5825610524830295
1995-10-30,0.3023347196893164
1995-10-31,0.47181143683319904
1995-11-01,1.9041007895109385
1995-11-02,1.708875134838718
1995-11-03,-0.31211025891566646
1995-11-06,-0.8032438127230387
1995-11-07,-1.1418140685385814
1995-11-08,2.245162641888611
1995-11-09,-1.234415216361268
1995-11-10,-1.2372551736606614
1995-11-13,1.2507166396491438
1995-11-14,-0.1597057409897201
1995-11-15,-1.144652189672895
1995-11-16,2.097457957779521
1995-11-17,0.9519091091484305
1995-11-20,-0.48819028941507764
1995-11-21,-1.0002674048777482
1995-11-22,-0.34254712398971127
1995-11-23,0.0
1995-11-24,0.0
1995-11-27,1.271574158800117
1995-11-28,0.18623619563321658
1995-11-29,1.5248186278398024
1995-11-30,3.3157533465587608
1995-12-01,1.4284569682745163
1995-12-04,2.599471392350214
1995-12-05,-1.143706043702814
1995-12-06,-0.29157146421317653
1995-12-07,-1.6071850608717506
1995-12-08,-0.5838089639034292
1995-12-11,1.0530675100678626
1995-12-12,-0.3079505675300399
1995-12-13,-0.31955220976458004
1995-12-14,0.0
1995-12-15,-0.17299235076691458
1995-12-18,-3.5334796549441223
1995-12-19,2.960137059777986
1995-12-20,-0.11128314986293462
1995-12-21,-0.23160053353770887
1995-12-22,1.1928952239673107
1995-12-25,0.0
1995-12-26,0.0
1995-12-27,0.8719183799121684
1995-12-28,1.0206862270270665
1995-12-29,1.1672098359552903
1996-01-01,0.0
1996-01-02,0.0
1996-01-03,0.6810875098556219
1996-01-04,-1.6349504039141305
1996-01-05,-0.9440301121056741
1996-01-08,0.0
1996-01-09,-0.14444779095615262
1996-01-10,-3.1932979729643978
1996-01-11,0.7114941706972694
1996-01-12,0.4893261567138647
1996-01-15,0.0
1996-01-16,0.0
1996-01-17,2.1329888266987864
1996-01-18,1.2007986626858071
1996-01-19,-0.12222547905769116
1996-01-22,-2.2754637229787362
1996-01-23,-0.798510543555749
1996-01-24,1.2747329638045253
1996-01-25,-2.2248905806730597
1996-01-26,1.561329297869889
1996-01-29,-1.0264479257342773
1996-01-30,1.4402525571961362
1996-01-31,1.0236895570037816
1996-02-01,-0.3135631623684285
1996-02-02,-0.755936026575683
1996-02-05,-0.5551395102267905
1996-02-06,0.3450704967918622
1996-02-07,0.11965705033381692
1996-02-08,0.12469569509665367
1996-02-09,0.5187331527026479
1996-02-12,1.9483989217537456
1996-02-13,0.6379154983650391
1996-02-14,-1.1688982178504468
1996-02-15,-2.3635554904196887
1996-02-16,-1.6185934697404445
1996-02-19,0.0
1996-02-20,0.0
1996-02-21,0.1190423319438664
1996-02-22,1.6906210416211778
1996-02-23,-1.5269471582097243
1996-02-26,-0.3534450456732054
1996-02-27,-1.669603979049175
1996-02-28,-1.8437726304748472
1996-02-29,0.11363957297314357
1996-03-01,2.8081013597881754
1996-03-04,1.446998879069624
1996-03-05,-1.2371589427275267
1996-03-06,-1.5974717130668277
1996-03-07,-0.3729968785552282
1996-03-08,-5.215108954035655
1996-03-11,0.9666505920996025
1996-03-12,0.2892071890150624
1996-03-13,0.050721881253334586
1996-03-14,-0.0
1996-03-15,1.2941949263291583
1996-03-18,-0.35900577513369974
1996-03-19,-0.3058566305546352
1996-03-20,-1.0130107632956542
1996-03-21,-0.48972914044625865
1996-03-22,0.4409137636799695
1996-03-25,-1.0591334204246505
1996-03-26,0.062106062979838735
1996-03-27,1.4314046808523557
1996-03-28,1.0073976659228074
1996-03-29,-1.029777571477461
1996-04-01,-0.26630557104968045
1996-04-02,-0.670660729143989
1996-04-03,0.27163151150733456
1996-04-04,0.7786892696380484
1996-04-05,2.8700812010117933
1996-04-08,0.6843786083967917
1996-04-09,-0.9168801144591361
1996-04-10,0.9033860959585218
1996-04-11,0.6566785259806242
1996-04-12,-2.5224892045274343
1996-04-15,-0.5635029375419445
1996-04-16,-0.0
1996-04-17,0.653171134750054
1996-04-18,0.6512701679740023
1996-04-19,-0.7734352573183153
1996-04-22,-0.6361221397115228
1996-04-23,0.14082091346714076
1996-04-24,0.6628794889913524
1996-04-25,-0.2207978289071146
1996-04-26,-0.3489135449323528
1996-04-29,0.5793541116716379
1996-04-30,0.8597569599510122
1996-05-01,0.07342820610093992
1996-05-02,2.3500866705920718
1996-05-03,0.7462465324774572
1996-05-06,-0.4699671678096347
1996-05-07,0.23969820887538587
1996-05-08,-0.9506327909482976
1996-05-09,0.2999979090001192
1996-05-10,-1.4199744846610174
1996-05-13,-0.4807678935825743
1996-05-14,-0.8482078008261651
1996-05-15,-0.17609720085489414
1996-05-16,1.130688109253244
1996-05-17,-0.9168916186074562
1996-05-20,-0.5421611936198201
1996-05-21,0.35868953484871374
1996-05-22,-0.6135747771217256
1996-05-23,0.9671004877510601
1996-05-24,-0.7168685979844885
1996-05-27,0.0
1996-05-28,0.0
1996-05-29,2.1783800257969737
1996-05-30,-0.17321445186451037
1996-05-31,1.5847767206252952
1996-06-03,0.09174436146030682
1996-06-04,-0.27405628744960236
1996-06-05,-0.7557160416179205
1996-06-06,-1.3393568713603334
1996-06-07,3.334505755171983
1996-06-10,0.5844766736319107
1996-06-11,0.16063540018334413
1996-06-12,0.6464194292100082
1996-06-13,-0.40619535941544427
1996-06-14,-1.242728265249495
1996-06-17,-0.83195551551155
1996-06-18,0.4274114480052168
1996-06-19,0.619768649473933
1996-06-20,0.09165824758196074
1996-06-21,-0.4761588166659769
1996-06-24,-0.39470809041253646
1996-06-25,-0.8146183860400261
1996-06-26,-0.10499455656174253
1996-06-27,-2.090016142893237
1996-06-28,-2.226804615065809
1996-07-01,0.09294123993083352
1996-07-02,1.3284763906039876
1996-07-03,-0.3835259814732627
1996-07-04,0.0
1996-07-05,0.0
1996-07-08,-0.0
1996-07-09,-0.961730995562165
1996-07-10,-1.5152361954606055
1996-07-11,-0.7704138202828862
1996-07-12,-1.320453474026129
1996-07-15,0.9922638559241809
1996-07-16,-1.8693124471214386
1996-07-17,0.10881843041786601
1996-07-18,-2.6602678967300455
1996-07-19,1.454584433336803
1996-07-22,1.057026127233838
1996-07-23,-0.880647505307303
1996-07-24,1.4689485589903766
1996-07-25,-0.2955814152332689
1996-07-26,-0.3076002879382628
1996-07-29,1.5540366177136362
1996-07-30,-1.0308801164790184
1996-07-31,-1.553156982475935
1996-08-01,-3.19739595645223
1996-08-02,-2.233869125551321
1996-08-05,0.15268107338505257
1996-08-06,0.3143403213069283
1996-08-07,0.2445944335032303
1996-08-08,0.16945248151205666
1996-08-09,-1.1388916563120512
1996-08-12,-0.08923879813594529
1996-08-13,1.6136680693429515
1996-08-14,0.08925429480662593
1996-08-15,-0.7422164315427521
1996-08-16,1.1284487830841265
1996-08-19,-0.479372705364296
1996-08-20,0.0
1996-08-21,-0.5181766448006722
1996-08-22,-0.32269776935436084
1996-08-23,-2.1547114568607726
1996-08-26,-1.936987501036902
1996-08-27,0.4982028398503276
1996-08-28,-0.31036588927925507
1996-08-29,-1.3838767151616709
1996-08-30,-2.1870604822700788
1996-09-02,0.0
1996-09-03,0.0
1996-09-04,-0.6240279907621261
1996-09-05,0.7464175198065318
1996-09-06,-1.2044277421304956
1996-09-09,-1.0029337052871792
1996-09-10,0.9008414695885357
1996-09-11,-0.0
1996-09-12,-1.3172171450229877
1996-09-13,-3.3296173677681637
1996-09-16,-0.09954491728429152
1996-09-17,1.590925451454774
1996-09-18,0.2976697926055206
1996-09-19,0.7146690482255817
1996-09-20,-0.3167649804109798
1996-09-23,-0.6587347388696185
1996-09-24,-1.4604167091373743
1996-09-25,-1.4604622592261025
1996-09-26,-1.131122789006699
1996-09-27,0.6861580880654519
1996-09-30,0.7017961366558008
1996-10-01,-1.6675034091489773
1996-10-02,-0.954288798908118
1996-10-03,0.0
1996-10-04,3.0282005140132995
1996-10-07,-1.01831689487816
1996-10-08,-0.20878975766853006
1996-10-09,-0.8673290672648082
1996-10-10,-1.219487368775925
1996-10-11,1.3186735706013164
1996-10-14,0.0
1996-10-15,0.0
1996-10-16,-0.11493610988354748
1996-10-17,1.51087529701452
1996-10-18,0.2340899957036433
1996-10-21,-0.6086672567626223
1996-10-22,-0.8801515133698152
1996-10-23,0.25874400796747704
1996-10-24,-0.13472096832542194
1996-10-25,0.832688928645791
1996-10-28,-0.14340774436076004
1996-10-29,3.830158643777172
1996-10-30,0.0
1996-10-31,0.6525547304068172
1996-11-01,-0.33744513381652236
1996-11-04,0.35057958666241723
1996-11-05,1.5416667325455482
1996-11-06,-0.11920401936158362
1996-11-07,0.9846091654089038
1996-11-08,-0.3786958768634731
1996-11-11,0.0
1996-11-12,0.0
1996-11-13,-0.2708352621845668
1996-11-14,1.3876889949278317
1996-11-15,-0.7011375008256365
1996-11-18,-0.4347259181066324
1996-11-19,0.7495665108870853
1996-11-20,1.3723775731562202
1996-11-21,-0.6181457994048423
1996-11-22,-0.16025017104692282
1996-11-25,0.33374882860227256
1996-11-26,0.0
1996-11-27,0.0
1996-11-28,0.0
1996-11-29,0.0
1996-12-02,-0.5819946004175215
1996-12-03,0.2019676716161343
1996-12-04,-2.3744030929634925
1996-12-05,-3.554843467873824
1996-12-06,-1.2037841940880052
1996-12-09,1.6377383957049783
1996-12-10,-0.1496907392736614
1996-12-11,-4.118390705466837
1996-12-12,-0.7285755420031542
1996-12-13,1.5597152413995827
1996-12-16,-0.8254866810601426
1996-12-17,-0.8461018437424495
1996-12-18,-0.9738903558384613
1996-12-19,2.0959842511141096
1996-12-20,0.2014889492524066
1996-12-23,0.10486333799565929
1996-12-24,0.0
1996-12-25,0.0
1996-12-26,0.0
1996-12-27,1.1555456237925004
1996-12-30,-0.11786835998805645
1996-12-31,-2.835217527314899
1997-01-01,0.0
1997-01-02,0.0
1997-01-03,0.42644492356895936
1997-01-06,-0.3330539533513682
1997-01-07,-0.691221875933905
1997-01-08,-0.11916873681933743
1997-01-09,1.4505475927872324
1997-01-10,-2.5269081803583644
1997-01-13,0.0
1997-01-14,2.0361949253124534
1997-01-15,0.0
1997-01-16,-0.9700169605900094
1997-01-17,0.5501532844157819
1997-01-20,0.0
1997-01-21,0.0
1997-01-22,-0.704203422616047
1997-01-23,-0.7274238893615969
1997-01-24,-1.2394616123359283
1997-01-27,-1.0041880677869783
1997-01-28,0.7661551825401803
1997-01-29,-0.6585588856439362
1997-01-30,-0.6808615508724719
1997-01-31,-2.4157170725078947
1997-02-03,-1.5275465490180096
1997-02-04,-0.2567254130717661
1997-02-05,0.2663993983182351
1997-02-06,0.2764408423268442
1997-02-07,1.789330050425731
1997-02-10,0.13712746644181784
1997-02-11,-0.14289413213597854
1997-02-12,-0.14890244664969784
1997-02-13,2.1910555322955707
1997-02-14,1.5272044956456787
1997-02-17,0.0
1997-02-18,0.0
1997-02-19,-0.7196951731712067
1997-02-20,-1.6053694177211253
1997-02-21,-0.14706024896172035
1997-02-24,-0.7634441337740722
1997-02-25,-0.15798152607984353
1997-02-26,-4.612864077953989
1997-02-27,-0.5889632705332757
1997-02-28,0.30384746047647854
1997-03-03,-0.31617490227455164
1997-03-04,-0.765874879658476
1997-03-05,0.2251292548101586
1997-03-06,-0.8183979992367408
1997-03-07,-1.4282664497912718
1997-03-10,-0.0
1997-03-11,0.2490730543532693
1997-03-12,0.6424193200230786
1997-03-13,2.964783152793381
1997-03-14,-0.7461560664024716
1997-03-17,0.43819684405995796
1997-03-18,0.22723448058018092
1997-03-19,0.3540453689449542
1997-03-20,0.12266478883300538
1997-03-21,0.12774142545395828
1997-03-24,-0.6637769060976989
1997-03-25,1.0828167401940656
1997-03-26,0.688345613973996
1997-03-27,2.7459177273357778
1997-03-28,0.0
1997-03-31,0.0
1997-04-01,-0.7453939807924727
1997-04-02,-0.2569757660390055
1997-04-03,-0.4008311642492675
1997-04-04,1.3622280580170545
1997-04-07,-1.3553255564765336
1997-04-08,0.6834354532204973
1997-04-09,-0.0
1997-04-10,0.14743461622015405
1997-04-11,1.9224968747812685
1997-04-14,-0.0
1997-04-15,-2.4300014247568966
1997-04-16,0.409121321929293
1997-04-17,-1.1205941256553507
1997-04-18,-0.5715019258855742
1997-04-21,1.0251572268359375
1997-04-22,-1.041655954171813
1997-04-23,1.2020304678729299
1997-04-24,1.3543106318438158
1997-04-25,0.30524439317972196
1997-04-28,-0.7891737180353156
1997-04-29,-4.123330547456517
1997-04-30,-1.2592937854466806
1997-05-01,-0.6346083878662548
1997-05-02,-0.32806271823264804
1997-05-05,-0.1137471657536397
1997-05-06,-0.0
1997-05-07,1.7812050269018105
1997-05-08,-0.9293290450998332
1997-05-09,-1.2939172751099584
1997-05-12,-0.47548789565223654
1997-05-13,1.4414832099116897
1997-05-14,-0.8406913114949576
1997-05-15,-0.24723393229558144
1997-05-16,0.6394246371464363
1997-05-19,0.13227928377737447
1997-05-20,-0.4132407057886281
1997-05-21,0.8506304813073674
1997-05-22,0.5815764065212743
1997-05-23,-0.4517435762177622
1997-05-26,0.0
1997-05-27,0.0
1997-05-28,0.322386083902506
1997-05-29,-1.1641935439388742
1997-05-30,-2.6983482593333847
1997-06-02,-0.44868020475390863
1997-06-03,-0.9279666249890144
1997-06-04,-0.0
1997-06-05,-0.0
1997-06-06,-3.4001102865828914
1997-06-09,1.460493591347971
1997-06-10,-0.40079407250833454
1997-06-11,0.0
1997-06-12,2.2982334433514993
1997-06-13,1.266768579264601
1997-06-16,0.6383822381283357
1997-06-17,-0.5276080174322166
1997-06-18,0.5450600286257201
1997-06-19,0.0
1997-06-20,0.7317132587853632
1997-06-23,-0.9013023003357096
1997-06-24,0.0
1997-06-25,-0.9598335271644163
1997-06-26,-1.454304395229785
1997-06-27,0.8092170182769894
1997-06-30,-1.7875233665663584
1997-07-01,2.0025468042557204
1997-07-02,0.7500004176475231
1997-07-03,3.0621193240762374
1997-07-04,0.0
1997-07-07,0.0
1997-07-08,0.0
1997-07-09,0.40253417804908803
1997-07-10,0.0
1997-07-11,0.43551056533997845
1997-07-14,-0.6009705741725013
1997-07-15,0.0
1997-07-16,1.8811439029804862
1997-07-17,0.0
1997-07-18,-1.2696244398744
1997-07-21,-0.6431217172054025
1997-07-22,3.1440029212079184
1997-07-23,0.2684176634742353
1997-07-24,0.0
1997-07-25,-0.7229887710029222
1997-07-28,0.8911256805224288
1997-07-29,1.4998916237288824
1997-07-30,1.1948839136326592
1997-07-31,1.2057604212207789
1997-08-01,-4.299791625481831
1997-08-04,-0.35709900186430454
1997-08-05,-0.18545114880832916
1997-08-06,0.28953064951534196
1997-08-07,-0.6991312496479986
1997-08-08,-2.3339375126069113
1997-08-11,0.08996971754121752
1997-08-12,-0.3746995713355479
1997-08-13,0.5815201749390635
1997-08-14,1.3752879000739835
1997-08-15,0.19638962184098038
1997-08-18,1.0123316386736496
1997-08-19,0.0
1997-08-20,-0.4295162942118903
1997-08-21,-1.3145195033232393
1997-08-22,-1.3021532569148
1997-08-25,-0.43671466305090917
1997-08-26,0.22653614839195818
1997-08-27,0.0
1997-08-28,1.891486286081405
1997-08-29,-0.914849283152549
1997-09-01,0.0
1997-09-02,0.0
1997-09-03,-0.36284553978007583
1997-09-04,0.0
1997-09-05,-0.6547313597193732
1997-09-08,0.5401416067410186
1997-09-09,-0.14007653009748045
1997-09-10,-0.437255671618551
1997-09-11,-0.7538287080836092
1997-09-12,2.7225619375796253
1997-09-15,0.13318621387347737
1997-09-16,4.017743709184911
1997-09-17,0.2698418160227753
1997-09-18,-0.18700293466270507
1997-09-19,0.19477196068442243
1997-09-22,0.7077676177560381
1997-09-23,-0.7244304143390088
1997-09-24,0.9540659476564737
1997-09-25,-1.7755073374336496
1997-09-26,0.9137140315710991
1997-09-29,-0.20781667024503628
1997-09-30,-0.43160041833713036
1997-10-01,1.7443788989767024
1997-10-02,0.5352610174106088
1997-10-03,0.1109615333752262
1997-10-06,1.1453696621121487
1997-10-07,0.5818499699818572
1997-10-08,-3.0149825248158035
1997-10-09,-0.2836678837647162
1997-10-10,-1.256444559674654
1997-10-13,0.0
1997-10-14,0.0
1997-10-15,-0.6011701759854973
1997-10-16,0.0
1997-10-17,-1.4823328118488326
1997-10-20,0.31735311619961404
1997-10-21,0.0
1997-10-22,0.3437246389967696
1997-10-23,2.1573720483052305
1997-10-24,0.5440936200177784
1997-10-27,2.25528804469374
1997-10-28,-1.5852544901460712
1997-10-29,1.3549290061428894
1997-10-30,1.2490723588723518
1997-10-31,0.1942519577092963
1997-11-03,-1.3826651318605867
1997-11-04,-0.7874173491376457
1997-11-05,0.10137018295652402
1997-11-06,1.1542886520517688
1997-11-07,-0.21524698834857323
1997-11-10,-0.11063878825404565
1997-11-11,0.0
1997-11-12,0.0
1997-11-13,0.35633053670401765
1997-11-14,0.24768655288279384
1997-11-17,0.3866419509728093
1997-11-18,0.0
1997-11-19,0.9710466052907646
1997-11-20,-0.7080469753815487
1997-11-21,0.8746202704940059
1997-11-24,-1.3237732046690942
1997-11-25,0.14965705376329355
1997-11-26,-0.3113567545997141
1997-11-27,0.0
1997-11-28,0.0
1997-12-01,0.3343441890386896
1997-12-02,0.0
1997-12-03,0.724615152124944
1997-12-04,0.0
1997-12-05,-2.54154556883936
1997-12-08,-1.8620882058953903
1997-12-09,0.5055414049282025
1997-12-10,1.8585158910625426
1997-12-11,2.528436481071228
1997-12-12,2.303423575112518
1997-12-15,-1.0940789037712428
1997-12-16,0.13997033786990856
1997-12-17,-0.7238073672705924
1997-12-18,1.1845433481300982
1997-12-19,1.62789333074925
1997-12-22,-0.14833427520178874
1997-12-23,-0.1543867467091292
1997-12-24,-0.48051125451520565
1997-12-25,0.0
1997-12-26,0.0
1997-12-29,-0.6819934907229491
1997-12-30,-1.7102584606401214
1997-12-31,1.6741168364937509
1998-01-01,0.0
1998-01-02,0.0
1998-01-05,4.3315897880084355
1998-01-06,0.32800747366641203
1998-01-07,-1.0079631034035914
1998-01-08,1.5747142761193655
1998-01-09,2.0616240032630695
1998-01-12,0.0
1998-01-13,-0.64996258346637
1998-01-14,-0.9927891854273528
1998-01-15,-0.22549834691707699
1998-01-16,-1.4828680908343153
1998-01-19,0.0
1998-01-20,0.0
1998-01-21,0.589134113130917
1998-01-22,0.0
1998-01-23,-3.3376994887317086
1998-01-26,1.3231449821517816
1998-01-27,-1.2164999435055805
1998-01-28,0.0
1998-01-29,2.251691977372563
1998-01-30,0.7067814554539831
1998-02-02,-0.8132028405183858
1998-02-03,0.18584964601203843
1998-02-04,0.0
1998-02-05,-1.0941563333484097
1998-02-06,-0.1013515864778294
1998-02-09,-0.7348128759213594
1998-02-10,0.43275561540414886
1998-02-11,1.3268564348155292
1998-02-12,-0.3348455466454974
1998-02-13,0.8085340511040656
1998-02-16,0.0
1998-02-17,0.0
1998-02-18,-0.8527212743242853
1998-02-19,-0.37650927277225893
1998-02-20,-0.649529667726428
1998-02-23,-1.3212440534078689
1998-02-24,-2.6231513775927096
1998-02-25,1.1555353642017225
1998-02-26,-0.7041144756601648
1998-02-27,0.6039730734765639
1998-03-02,-2.0434462990311113
1998-03-03,-1.273456495768076
1998-03-04,0.2347096672601196
1998-03-05,-0.3664823471483899
1998-03-06,1.1251744839000084
1998-03-09,1.2542770414381863
1998-03-10,0.1275500895210972
1998-03-11,1.050347001388099
1998-03-12,1.6978724278837294
1998-03-13,-0.390417475787522
1998-03-16,1.070759845673401
1998-03-17,-0.5467268431773696
1998-03-18,-0.5654277273464463
1998-03-19,-0.2930847419406324
1998-03-20,0.456780211229159
1998-03-23,0.1582350885492558
1998-03-24,0.0
1998-03-25,-2.130359065128243
1998-03-26,-1.115388080874013
1998-03-27,-0.48933593894820465
1998-03-30,-1.1728437053075094
1998-03-31,1.8162475228194987
1998-04-01,1.449966758848047
1998-04-02,1.590572240724801
1998-04-03,3.0475907554780206
1998-04-06,-1.1735162266456456
1998-04-07,-0.5678011050256165
1998-04-08,-1.250377835911004
1998-04-09,0.0
1998-04-10,0.0
1998-04-13,0.0
1998-04-14,0.878567492684516
1998-04-15,0.7521845647347125
1998-04-16,0.3109541462542921
1998-04-17,0.16184180364424244
1998-04-20,-1.3226361352353229
1998-04-21,-1.480770859200265
1998-04-22,0.0
1998-04-23,-0.3468717086120586
1998-04-24,0.7181612077103455
1998-04-27,-4.203002648905903
1998-04-28,-0.12132351159093474
1998-04-29,-0.12643314398572655
1998-04-30,3.064659517137572
1998-05-01,0.20753355374555274
1998-05-04,0.0
1998-05-05,-0.5615878439575184
1998-05-06,0.9225520230020348
1998-05-07,0.0
1998-05-08,-0.8568503990964881
1998-05-11,-1.7127797908198035
1998-05-12,1.9705532960709111
1998-05-13,0.22479793795620673
1998-05-14,-0.814077384148554
1998-05-15,0.0
1998-05-18,-1.1103531873231318
1998-05-19,0.25138180941893445
1998-05-20,-1.037038827098751
1998-05-21,-1.3070718698921253
1998-05-22,0.5272653387668659
1998-05-25,0.0
1998-05-26,0.0
1998-05-27,0.9765673809712914
1998-05-28,-0.28674949501831426
1998-05-29,0.2981123816754144
1998-06-01,0.9220044044654507
1998-06-02,-0.6306667299621658
1998-06-03,-0.32660740810583017
1998-06-04,-0.8447787556137022
1998-06-05,0.5213496953582195
1998-06-08,0.0
1998-06-09,-0.18811593456415973
1998-06-10,2.3910601882974096
1998-06-11,2.7889958642079464
1998-06-12,0.6115300674141085
1998-06-15,0.7886984332956102
1998-06-16,-2.2980888339355325
1998-06-17,-2.4812563555654825
1998-06-18,0.9013991114098542
1998-06-19,0.7889966000975089
1998-06-22,0.2710330403497338
1998-06-23,0.5627653732306945
1998-06-24,-0.4366597379123543
1998-06-25,-0.15120797281457213
1998-06-26,0.3148684637956482
1998-06-29,-0.4902369561161932
1998-06-30,1.0085979009881565
1998-07-01,0.34506141488313413
1998-07-02,0.7151505121398478
1998-07-03,0.0
1998-07-06,0.0
1998-07-07,-1.039297741839008
1998-07-08,-0.42513526004675195
1998-07-09,1.5828424269479513
1998-07-10,-0.2263497422595836
1998-07-13,-2.4503450271652514
1998-07-14,-1.1965162333991295
1998-07-15,0.38713890712365107
1998-07-16,-0.8319544536344096
1998-07-17,-0.20814455057367132
1998-07-20,1.2699742284907432
1998-07-21,0.858334235546491
1998-07-22,-0.45423520984272486
1998-07-23,0.9226440637398717
1998-07-24,-0.8143173024894623
1998-07-27,-0.5517708177230298
1998-07-28,-0.7574550443306375
1998-07-29,-1.5191361502401086
1998-07-30,0.7661363829290712
1998-07-31,0.0
1998-08-03,2.7807841862565263
1998-08-04,1.2449193313445743
1998-08-05,0.5334996002735295
1998-08-06,-0.5594722292919166
1998-08-07,3.1590524103772784
1998-08-10,-0.2570959541500622
1998-08-11,1.9502868724469633
1998-08-12,-0.9172309899469828
1998-08-13,-1.8494904515474315
1998-08-14,1.4332990429201367
1998-08-17,0.0
1998-08-18,-0.31381334711906855
1998-08-19,0.0
1998-08-20,2.5662527070093017
1998-08-21,3.5904739984608476
1998-08-24,1.570516315289808
1998-08-25,2.6429293774779876
1998-08-26,1.9780311814335645
1998-08-27,3.583624133514412
1998-08-28,1.177197142382558
1998-08-31,1.7087487806902772
1998-09-01,-0.15250358360564734
1998-09-02,-1.2121684737587626
1998-09-03,1.4672460749591836
1998-09-04,0.515888619864778
1998-09-07,0.0
1998-09-08,0.0
1998-09-09,3.1521476538699704
1998-09-10,4.333338944561635
1998-09-11,-1.2737141766119837
1998-09-14,-0.18739122027234403
1998-09-15,-0.3229275550822574
1998-09-16,0.46955242329375596
1998-09-17,1.1745400384739746
1998-09-18,1.3689512622122253
1998-09-21,0.06719778805317318
1998-09-22,-0.8919616536617417
1998-09-23,1.0434559947199455
1998-09-24,0.9108622030369339
1998-09-25,0.498860960505109
1998-09-28,-0.14679521293143136
1998-09-29,0.22917381475093634
1998-09-30,2.3791922175689257
1998-10-01,1.9093576903594798
1998-10-02,-0.06426450984600782
1998-10-05,1.719962461427209
1998-10-06,-0.9943670359550202
1998-10-07,-1.5072726564027477
1998-10-08,-2.8672071571439677
1998-10-09,-1.94169455702047
1998-10-12,0.0
1998-10-13,0.0
1998-10-14,1.3912558585648103
1998-10-15,0.0
1998-10-16,1.4722536120465806
1998-10-19,-0.12721105581048775
1998-10-20,-0.609285505285619
1998-10-21,-0.333255446899101
1998-10-22,-0.2484548009690617
1998-10-23,-0.7799104626379294
1998-10-26,0.17285818295263794
1998-10-27,0.9798779918143504
1998-10-28,0.3680300558262257
1998-10-29,0.5050309154349875
1998-10-30,-1.252884951775438
1998-11-02,-1.2224885936028955
1998-11-03,0.047792331392693815
1998-11-04,-1.3490537957929236
1998-11-05,-0.1974525009487862
1998-11-06,-1.4039257842368662
1998-11-09,1.0167246468019453
1998-11-10,0.6496533379679461
1998-11-11,0.0
1998-11-12,0.0
1998-11-13,-0.38035686237253774
1998-11-16,-0.3311908173398165
1998-11-17,-0.2675991017887808
1998-11-18,0.1386663750663205
1998-11-19,-0.41665514986881985
1998-11-20,0.5476094302160246
1998-11-23,-0.33352081311281967
1998-11-24,-0.2052272636696929
1998-11-25,-0.06922167908313397
1998-11-26,0.0
1998-11-27,0.0
1998-11-30,1.4353055124997505
1998-12-01,1.2074819141547755
1998-12-02,1.5744381880544827
1998-12-03,-0.1838650746986928
1998-12-04,-1.3488540210295943
1998-12-07,-1.670012607371697
1998-12-08,1.5204013496534476
1998-12-09,1.3486603705047597
1998-12-10,0.5518645783885264
1998-12-11,-1.5151149998315798
1998-12-14,0.5446700970414791
1998-12-15,-1.0548999820456357
1998-12-16,1.0279271885556414
1998-12-17,0.0
1998-12-18,-0.34211490671276557
1998-12-21,-1.3437453449651309
1998-12-22,-1.2997866049499234
1998-12-23,-1.6767138224803544
1998-12-24,-1.0961559359523794
1998-12-25,0.0
1998-12-28,0.0
1998-12-29,1.0580561253688054
1998-12-30,0.5809421693122174
1998-12-31,-0.08601823146459499
1999-01-01,0.0
1999-01-04,0.0
1999-01-05,-1.0081205783212754
1999-01-06,0.6561541559600531
1999-01-07,-1.0568207458629624
1999-01-08,-2.079044378439333
1999-01-11,-0.7374749458153387
1999-01-12,1.2164030117503863
1999-01-13,1.3993756400320707
1999-01-14,1.7371776182625351
1999-01-15,-1.5123099088720915
1999-01-18,0.0
1999-01-19,0.0
1999-01-20,-0.8263425981551122
1999-01-21,1.3039564394171532
1999-01-22,1.5695147677494845
1999-01-25,0.0
1999-01-26,-0.578466694141456
1999-01-27,0.3994723149386684
1999-01-28,0.20767038361616563
1999-01-29,0.32424035471038687
1999-02-01,-2.2391355387691694
1999-02-02,-1.3296145629311238
1999-02-03,-1.0310022990871759
1999-02-04,-2.0386448272562765
1999-02-05,0.7952757243936555
1999-02-08,-0.5127406541812484
1999-02-09,-0.8479482626020585
1999-02-10,0.3274209470345218
1999-02-11,0.22687103159453847
1999-02-12,3.310545579896133
1999-02-15,0.0
1999-02-16,0.0
1999-02-17,-0.9466696138731115
1999-02-18,1.1529720417796672
1999-02-19,0.5870776209878316
1999-02-22,-0.9058669870673899
1999-02-23,1.323580067852424
1999-02-24,1.8970378303329458
1999-02-25,2.588340066251337
1999-02-26,-0.6914541850516024
1999-03-01,1.9845865120047121
1999-03-02,-0.6883027827682067
1999-03-03,0.7174097526730083
1999-03-04,0.712906805013418
1999-03-05,-1.6987631171243054
1999-03-08,-0.2795343298901717
1999-03-09,-1.6133448900386789
1999-03-10,0.3581219417943375
1999-03-11,-0.0
1999-03-12,-0.8660578836495151
1999-03-15,-0.4943845753172468
1999-03-16,-0.916070440669211
1999-03-17,0.6263390367715429
1999-03-18,-0.5393394304670303
1999-03-19,1.4263126412272715
1999-03-22,0.6645321031512231
1999-03-23,-0.0
1999-03-24,-0.9471471495446184
1999-03-25,1.3194796041892638
1999-03-26,-0.0
1999-03-29,1.3775951865381488
1999-03-30,-1.7239698014086118
1999-03-31,1.0994544507602255
1999-04-01,0.624867878395338
1999-04-02,-2.530042394312739
1999-04-05,-0.23039777779065596
1999-04-06,-1.7445839149948381
1999-04-07,0.34800389156550704
1999-04-08,-2.7838361740990107
1999-04-09,0.10374670352916812
1999-04-12,-0.0
1999-04-13,1.324637282855899
1999-04-14,0.3357314402316549
1999-04-15,0.5799812226604089
1999-04-16,1.4137669291624986
1999-04-19,-1.0619275955386525
1999-04-20,-0.8415460927603033
1999-04-21,0.12402970223942839
1999-04-22,2.4253132538104922
1999-04-23,-0.11635924726187633
1999-04-26,-0.6039287575993241
1999-04-27,-0.6345307139441034
1999-04-28,0.7712144384495285
1999-04-29,-1.6781663061876524
1999-04-30,3.8148796828821703
1999-05-03,0.09081010705967885
1999-05-04,1.0319667040254759
1999-05-05,-0.4778819944291681
1999-05-06,2.26827072827568
1999-05-07,0.6285261530511422
1999-05-10,-0.5544398806011205
1999-05-11,1.0455219032028489
1999-05-12,-0.5074339653993076
1999-05-13,-2.2743485076521073
1999-05-14,3.6112598590602776
1999-05-17,0.48464787764972134
1999-05-18,0.5415668327825913
1999-05-19,-0.9083422681632367
1999-05-20,0.14397226197580792
1999-05-21,-0.7873408550093889
1999-05-24,-0.3670086456192391
1999-05-25,0.07628725856349804
1999-05-26,0.8700134586360443
1999-05-27,1.4377342070461372
1999-05-28,-0.0
1999-05-31,0.0
1999-06-01,0.0
1999-06-02,-0.0
1999-06-03,-0.4468901107954604
1999-06-04,-0.0
1999-06-07,-0.09667605868220522
1999-06-08,0.40281114157168896
1999-06-09,0.5228573989156339
1999-06-10,1.1822136947431934
1999-06-11,2.1138937357400396
1999-06-14,-1.0125699023761696
1999-06-15,-0.4135933392717796
1999-06-16,-0.6402559896758662
1999-06-17,-3.133618100868938
1999-06-18,0.9488069049602165
1999-06-21,1.0513935374831573
1999-06-22,0.7135478281535469
1999-06-23,1.1848203279908744
1999-06-24,0.8306555510165126
1999-06-25,-0.47312943429003823
1999-06-28,-1.2975899858963416
1999-06-29,-0.7248967781045137
1999-06-30,-2.667918304009567
1999-07-01,0.8421578631599886
1999-07-02,-0.17314208048982185
1999-07-05,0.0
1999-07-06,0.0
1999-07-07,0.5570882782440401
1999-07-08,-1.3708230365727043
1999-07-09,0.19094562650101607
1999-07-12,-2.133935017470056
1999-07-13,-0.4578250335422609
1999-07-14,0.5212705843230978
1999-07-15,-0.147503807856462
1999-07-16,-1.0153282091147091
1999-07-19,-0.20821093101104945
1999-07-20,-0.3792489960518656
1999-07-21,0.22517340888866624
1999-07-22,2.6526411122073155
1999-07-23,1.297953654524624
1999-07-26,0.35405294533005394
1999-07-27,-0.7838039971103782
1999-07-28,0.05394151270239553
1999-07-29,1.590778866632905
1999-07-30,0.766766736071414
1999-08-02,0.1697339139165053
1999-08-03,0.588143796363241
1999-08-04,-0.18284105061167322
1999-08-05,-1.4853875553604639
1999-08-06,3.418967077692702
1999-08-09,1.8292817331432052
1999-08-10,0.36263696602810364
1999-08-11,-0.956286515067727
1999-08-12,-0.054022377833595
1999-08-13,-2.248198291085986
1999-08-16,-0.18322943764930924
1999-08-17,-1.795248883219418
1999-08-18,-0.09056329812911712
1999-08-19,0.517878194868877
1999-08-20,-0.34140453798288145
1999-08-23,0.1521867398639999
1999-08-24,-1.497284841529651
1999-08-25,-2.174825819633035
1999-08-26,0.5684528503234865
1999-08-27,1.7563381019892639
1999-08-30,1.9807035373599802
1999-08-31,0.305761694957954
1999-09-01,-0.04544649471750719
1999-09-02,0.6608571170746016
1999-09-03,-2.2601047181397607
1999-09-06,0.0
1999-09-07,0.0
1999-09-08,-0.4975837466262875
1999-09-09,0.8408616527427165
1999-09-10,-1.6378278365709245
1999-09-13,0.3722174217365628
1999-09-14,1.0054015486420507
1999-09-15,-0.78020936311985
1999-09-16,-0.7012057305100352
1999-09-17,-0.8236463113485087
1999-09-20,0.9973557054864645
1999-09-21,0.4835646516423264
1999-09-22,-0.3344926121534553
1999-09-23,-2.0061372242442683
1999-09-24,-2.0507516247058937
1999-09-27,1.5463043220821109
1999-09-28,1.3231339098454042
1999-09-29,1.7747613297318998
1999-09-30,-1.4389996722689284
1999-10-01,1.9709996955359423
1999-10-04,-1.0022008347301434
1999-10-05,1.816272845604772
1999-10-06,0.20358872193381714
1999-10-07,0.10408845930429758
1999-10-08,-0.2673282319219615
1999-10-11,0.0
1999-10-12,0.0
1999-10-13,1.3304279396328809
1999-10-14,0.9566026724025329
1999-10-15,-1.9916705648880242
1999-10-18,0.6651629565076341
1999-10-19,0.8160951329909464
1999-10-20,0.33201511190172234
1999-10-21,0.24088808246316126
1999-10-22,0.31014448401683953
1999-10-25,0.2501284627690954
1999-10-26,0.2542796125284822
1999-10-27,-1.7451918496357288
1999-10-28,-2.0417140369193296
1999-10-29,-2.6160793258716555
1999-11-01,0.825758668277457
1999-11-02,-0.6483550889715888
1999-11-03,-0.41252297473656835
1999-11-04,-1.2686139756758688
1999-11-05,-1.0647598216581633
1999-11-08,0.43458860535308674
1999-11-09,0.28180712956516146
1999-11-10,0.6417174695188781
1999-11-11,0.0
1999-11-12,0.0
1999-11-15,0.18697836944990195
1999-11-16,0.7754948072378335
1999-11-17,1.9251923782552238
1999-11-18,0.3813952290876053
1999-11-19,0.19831937691054874
1999-11-22,0.6856886310635677
1999-11-23,-0.2130020314632305
1999-11-24,-0.2955645883179424
1999-11-25,0.0
1999-11-26,0.0
1999-11-29,2.5922488999514703
1999-11-30,-1.1188210209562028
1999-12-01,0.7852551814032036
1999-12-02,0.9168014977008754
1999-12-03,-2.153187281898689
1999-12-06,-0.6676794363278485
1999-12-07,-1.460948793307115
1999-12-08,0.6477558441605831
1999-12-09,0.0
1999-12-10,0.0
1999-12-13,0.689944829228755
1999-12-14,3.531201663390194
1999-12-15,1.0080619593686457
1999-12-16,1.8293301453120259
1999-12-17,0.12112878367783546
1999-12-20,1.5494109815266517
1999-12-21,0.6544638097956268
1999-12-22,0.19372309823640935
1999-12-23,0.504290955688691
1999-12-24,0.0
1999-12-27,0.0
1999-12-28,0.9318743642280745
1999-12-29,-0.732823092141559
1999-12-30,-0.5279937818140237
1999-12-31,1.9754611259888706
2000-01-03,3.3959333973090735
2000-01-04,-1.7785386466310644
2000-01-05,2.4055130626621657
2000-01-06,-1.0852097671183438
2000-01-07,-1.2382072211559603
2000-01-10,0.8098429384291438
2000-01-11,0.0
2000-01-12,0.0
2000-01-13,-2.1215244891064855
2000-01-14,1.2985430183434412
2000-01-17,0.0
2000-01-18,0.0
2000-01-19,-0.6991876101039267
2000-01-20,0.9602612614279405
2000-01-21,0.2741370918067508
2000-01-24,-2.0084601761630396
2000-01-25,0.26609929577875197
2000-01-26,-0.4693191587314645
2000-01-27,0.11472516006916125
2000-01-28,-1.1471994967690808
2000-01-31,0.4206883590608181
2000-02-01,-1.2281376631568806
2000-02-02,-0.5308736365596658
2000-02-03,-2.487210073092973
2000-02-04,1.417012576818767
2000-02-07,2.4008126218589014
2000-02-08,-1.0899095016188758
2000-02-09,1.6881502268455029
2000-02-10,1.2119115777169929
2000-02-11,-0.6499590468709096
2000-02-14,-1.8883584829499453
2000-02-15,0.6078094892069185
2000-02-16,0.10072333403892153
2000-02-17,0.7315378253114344
2000-02-18,-1.7483923427932753
2000-02-21,0.0
2000-02-22,0.0
2000-02-23,1.8342405048288644
2000-02-24,-2.02047253921508
2000-02-25,-0.0
2000-02-28,1.6370306583755336
2000-02-29,-0.3354196754889383
2000-03-01,-0.5464741991411889
2000-03-02,0.2832428439432792
2000-03-03,-0.6668712838767854
2000-03-06,0.7959815976025226
2000-03-07,-0.5366059996005756
2000-03-08,-0.0
2000-03-09,-0.9682745466477594
2000-03-10,1.0164365517011544
2000-03-13,-0.754923336938301
2000-03-14,-1.9406999149367437
2000-03-15,-0.6481541364436076
2000-03-16,-0.9834551005811926
2000-03-17,-1.3184047391414442
2000-03-20,0.03272237142675441
2000-03-21,-0.8485599804333647
2000-03-22,-0.2803513710999972
2000-03-23,-0.6191722545436605
2000-03-24,2.8699624953328797
2000-03-27,-0.4146480342409534
2000-03-28,0.4300065639940096
2000-03-29,0.7514822322575269
2000-03-30,2.9759532607809436
2000-03-31,1.0192075359834467
2000-04-03,0.7138346354231349
2000-04-04,2.741626066185904
2000-04-05,-0.8384777204183597
2000-04-06,-0.7495774757223441
2000-04-07,0.0
2000-04-10,0.0
2000-04-11,-2.2596462971059266
2000-04-12,-2.0844643255000914
2000-04-13,1.168881808050999
2000-04-14,0.7565223008481047
2000-04-17,-2.052773091662595
2000-04-18,-0.2029326166553838
2000-04-19,1.578152391953323
2000-04-20,-0.22771245480638988
2000-04-21,0.0
2000-04-24,0.0
2000-04-25,-2.104641007680123
2000-04-26,0.0674663688844894
2000-04-27,-2.068973595299376
2000-04-28,0.32571224417630434
2000-05-01,-0.6532387032076319
2000-05-02,-0.834824025113549
2000-05-03,-1.4783926931294402
2000-05-04,-1.1677912720327845
2000-05-05,-0.8766528067518096
2000-05-08,-0.8984616177345129
2000-05-09,0.7905044023402221
2000-05-10,1.5778632655140068
2000-05-11,0.4914417826226115
2000-05-12,-1.9505350695221455
2000-05-15,0.8616393119067379
2000-05-16,0.7090017766264181
2000-05-17,-1.077620051705275
2000-05-18,-1.6794617249014665
2000-05-19,-1.2366155935864966
2000-05-22,-1.8165393226564603
2000-05-23,0.3385382666862659
2000-05-24,0.0
2000-05-25,0.0
2000-05-26,-1.4822893453616066
2000-05-29,0.0
2000-05-30,0.0
2000-05-31,-1.81590874387242
2000-06-01,-1.7197112304973898
2000-06-02,-0.9826996948139478
2000-06-05,0.741296834465907
2000-06-06,-0.37013647293578017
2000-06-07,0.16453391121126348
2000-06-08,0.31282643886813877
2000-06-09,-0.3552733285936811
2000-06-12,0.9685815182634995
2000-06-13,-0.8396074766219588
2000-06-14,1.9485620657649607
2000-06-15,-0.151101961338109
2000-06-16,1.5535423059193236
2000-06-19,-0.6447560163830495
2000-06-20,-0.5088610749677694
2000-06-21,-2.2201927693639294
2000-06-22,-0.31065564219822916
2000-06-23,-1.4980626244984236
2000-06-26,2.2859186358964645
2000-06-27,0.0
2000-06-28,-0.39557479981523896
2000-06-29,1.9306797532310178
2000-06-30,0.38712300428058993
2000-07-03,1.3914615506115084
2000-07-04,0.0
2000-07-05,0.0
2000-07-06,-1.5500432380538645
2000-07-07,1.228176720226213
2000-07-10,-0.6255027364111375
2000-07-11,-0.5180662004250864
2000-07-12,-0.8697388319573406
2000-07-13,2.127774377355455
2000-07-14,-2.7440322787973375
2000-07-17,-1.190919913704929
2000-07-18,0.11294392384532115
2000-07-19,0.0
2000-07-20,3.441576691228737
2000-07-21,0.2752494813778262
2000-07-24,-0.9239080687113673
2000-07-25,0.315777790333379
2000-07-26,0.025275081665939305
2000-07-27,0.8107662544393947
2000-07-28,-0.5379899279805787
2000-07-31,0.08371662983368627
2000-08-01,1.119333453003778
2000-08-02,0.6430781337242102
2000-08-03,0.5435745566402286
2000-08-04,1.205790595648948
2000-08-07,-1.3006053363617507
2000-08-08,1.1509591265956571
2000-08-09,0.2543965141239132
2000-08-10,0.6273216258920409
2000-08-11,-1.6591717024187695
2000-08-14,0.5975191715294754
2000-08-15,-0.8564493483853877
2000-08-16,0.0
2000-08-17,0.0
2000-08-18,1.1464717379901144
2000-08-21,-0.3614883226520277
2000-08-22,0.3262991427093441
2000-08-23,2.014017693151143
2000-08-24,0.08234111976923217
2000-08-25,0.0
2000-08-28,-1.6625088160254968
2000-08-29,-1.1251906972116774
2000-08-30,0.12374697780100079
2000-08-31,2.8093131187619007
2000-09-01,1.713808389923727
2000-09-04,0.0
2000-09-05,0.0
2000-09-06,-1.2606682207274975
2000-09-07,-0.8974444069209828
2000-09-08,0.7299067722909872
2000-09-11,-1.0979155565827239
2000-09-12,0.0
2000-09-13,1.7145913397451067
2000-09-14,-1.5191534779733815
2000-09-15,-1.1569946373011286
2000-09-18,-0.6109687738783004
2000-09-19,0.5058698378255406
2000-09-20,-1.2501169287000864
2000-09-21,0.8750672492889567
2000-09-22,1.246181243602814
2000-09-25,0.36407012397769806
2000-09-26,1.4848936412576235
2000-09-27,-0.3764766232442224
2000-09-28,0.0
2000-09-29,0.6109142270544624
2000-10-02,-0.211215718655126
2000-10-03,-2.0467988497341123
2000-10-04,-0.7798043770227884
2000-10-05,1.5750949415512578
2000-10-06,1.512154716775472
2000-10-09,0.0
2000-10-10,0.0
2000-10-11,1.1364535156028877
2000-10-12,2.6108366954917974
2000-10-13,0.0
2000-10-16,-0.7318117342895479
2000-10-17,2.8572684357813762
2000-10-18,0.0
2000-10-19,0.347281781953188
2000-10-20,1.4259527093563715
2000-10-23,2.012294687771106
2000-10-24,-1.4541873209346865
2000-10-25,-1.922177657873361
2000-10-26,-0.1862710132881508
2000-10-27,-1.5083736636787737
2000-10-30,-0.5226906167754066
2000-10-31,-1.4451034230307784
2000-11-01,0.96974495512507
2000-11-02,0.6965946163051658
2000-11-03,-3.47862447180151
2000-11-06,-1.1269961042396957
2000-11-07,0.11906048373505579
2000-11-08,0.4948869014964125
2000-11-09,1.8968104146887284
2000-11-10,0.56815527898965
2000-11-13,1.0420075906961206
2000-11-14,0.4694040569210976
2000-11-15,1.3948726276252434
2000-11-16,1.0940453469319713
2000-11-17,-0.7994719959096617
2000-11-20,0.9568859538629663
2000-11-21,0.18753782453182521
2000-11-22,2.157129314885663
2000-11-23,0.0
2000-11-24,0.0
2000-11-27,-0.14168803374249106
2000-11-28,2.3524792137190755
2000-11-29,1.2638324628002129
2000-11-30,3.393838444826242
2000-12-01,-1.9406694017653099
2000-12-04,0.0
2000-12-05,2.4520436452228007
2000-12-06,2.390320611244422
2000-12-07,0.11373540698317508
2000-12-08,-1.2404269498672653
2000-12-11,-0.4064428009828053
2000-12-12,0.5427266273063029
2000-12-13,1.861943587992898
2000-12-14,1.505485703124686
2000-12-15,0.8838552383755406
2000-12-18,0.6355662151308471
2000-12-19,-0.8922328875141732
2000-12-20,2.002612125397301
2000-12-21,1.075263703261314
2000-12-22,0.70136131375398
2000-12-25,0.0
2000-12-26,0.0
2000-12-27,-2.061090128549702
2000-12-28,-0.6660545181079351
2000-12-29,0.59857688311622
2001-01-01,0.0
2001-01-02,0.0
2001-01-03,-4.39740109838407
2001-01-04,1.6637037746764636
2001-01-05,1.1496884152850364
2001-01-08,0.5454182966393712
2001-01-09,-0.8529449998754792
2001-01-10,-1.3437574131869434
2001-01-11,-0.4547608954134994
2001-01-12,-1.570825100257469
2001-01-15,0.0
2001-01-16,0.0
2001-01-17,1.0473233622644105
2001-01-18,1.0687180024287484
2001-01-19,-1.0683435437835562
2001-01-22,-0.7448523116531252
2001-01-23,-0.8443802924301527
2001-01-24,-0.3111956681369629
2001-01-25,0.5558176643782308
2001-01-26,0.0185592621229975
2001-01-29,-0.28988651494239853
2001-01-30,1.286447582980245
2001-01-31,1.1236603918596024
2001-02-01,1.2831021800954774
2001-02-02,-1.1544094032229855
2001-02-05,0.0
2001-02-06,-0.8406259375983353
2001-02-07,0.4838363016573792
2001-02-08,-0.10910035563609527
2001-02-09,1.3209688358474496
2001-02-12,-0.6292910273565867
2001-02-13,-0.48676108639268023
2001-02-14,-1.0221783004847516
2001-02-15,-1.2904019911248137
2001-02-16,1.780000213609112
2001-02-19,0.0
2001-02-20,0.0
2001-02-21,-0.7574152879063552
2001-02-22,0.12234868799027603
2001-02-23,1.133719135769629
2001-02-26,0.9192021143480731
2001-02-27,1.4436762765768492
2001-02-28,1.3822383623014607
2001-03-01,0.6456802073138244
2001-03-02,-2.125398139119039
2001-03-05,-0.024525814156844423
2001-03-06,-0.07666952078861057
2001-03-07,1.210493879842978
2001-03-08,0.588556496487179
2001-03-09,-1.0123731917605896
2001-03-12,0.42077070889222357
2001-03-13,-0.6378242172328852
2001-03-14,2.104856051627066
2001-03-15,0.9520540666804819
2001-03-16,1.029401319778684
2001-03-19,-1.508829674538918
2001-03-20,1.0809243401764066
2001-03-21,0.6397830743635747
2001-03-22,1.51092839404411
2001-03-23,-1.7768214968169023
2001-03-26,-0.9840409594520887
2001-03-27,-2.9002205684917093
2001-03-28,0.3803274593742015
2001-03-29,0.41958204927284615
2001-03-30,1.1903345510396808
2001-04-02,-1.043219642293706
2001-04-03,0.5714494867970092
2001-04-04,0.6709251877892086
2001-04-05,-1.1749614768280867
2001-04-06,2.4880928583316035
2001-04-09,-0.6870777019293347
2001-04-10,-3.0127972259616467
2001-04-11,-0.7249296653693657
2001-04-12,-0.9269586358571361
2001-04-13,0.0
2001-04-16,0.0
2001-04-17,1.7894180045530315
2001-04-18,1.218607766082832
2001-04-19,-2.153151754925971
2001-04-20,-0.07464824740505313
2001-04-23,1.3180930421268546
2001-04-24,-0.15386955064636004
2001-04-25,-1.1082605075929717
2001-04-26,1.2680756146077272
2001-04-27,-2.241375992775251
2001-04-30,-0.07188425248830328
2001-05-01,0.7261020941721175
2001-05-02,0.01920317257456487
2001-05-03,1.6900456830355644
2001-05-04,0.287440197649149
2001-05-07,0.05982828364209575
2001-05-08,-0.3528531825926109
2001-05-09,1.1301927534883698
2001-05-10,-2.130091426245973
2001-05-11,-3.212961309078191
2001-05-14,0.819620158244779
2001-05-15,-0.8704078154123609
2001-05-16,0.4588774885259673
2001-05-17,0.0
2001-05-18,-0.15312201110572696
2001-05-21,-0.5484000982008369
2001-05-22,-0.0
2001-05-23,-0.11461744499150933
2001-05-24,1.567315554760592
2001-05-25,-0.07704883187804774
2001-05-28,0.0
2001-05-29,0.0
2001-05-30,-0.18647444415072456
2001-05-31,-2.0947552074578715
2001-06-01,-0.5609583581455376
2001-06-04,-0.8268480806606922
2001-06-05,-1.26245610446295
2001-06-06,-0.0
2001-06-07,0.8150045608896961
2001-06-08,0.9424111552433728
2001-06-11,-1.163442305721888
2001-06-12,-0.9484453163482935
2001-06-13,0.2136388676037519
2001-06-14,-1.0069342062575937
2001-06-15,0.3268781315790763
2001-06-18,-0.26168007557414347
2001-06-19,-0.2997280331245945
2001-06-20,-0.7916071905343898
2001-06-21,-0.14610785952272168
2001-06-22,1.9441659366581292
2001-06-25,-0.34505079204067535
2001-06-26,-2.0216426440938937
2001-06-27,-0.5126718096726008
2001-06-28,-2.5197120280726777
2001-06-29,-1.6805836034645634
2001-07-02,1.6186743799579815
2001-07-03,-1.1321947957528575
2001-07-04,0.0
2001-07-05,0.0
2001-07-06,1.3423085264136105
2001-07-09,0.6504325113914973
2001-07-10,1.4675214656029734
2001-07-11,0.026472583935053726
2001-07-12,1.2449613262359218
2001-07-13,0.08276250640085575
2001-07-16,1.4323085118892849
2001-07-17,0.0
2001-07-18,2.7080971680696524
2001-07-19,-0.7153813866240712
2001-07-20,-0.18489449430791177
2001-07-23,0.46687049880619164
2001-07-24,0.5124628205402161
2001-07-25,-1.7995721943050527
2001-07-26,0.5952206275031713
2001-07-27,1.411938255440906
2001-07-30,0.4954898722795956
2001-07-31,1.3115310870989443
2001-08-01,-0.9602065884616073
2001-08-02,-1.7332250826390248
2001-08-03,-0.4222984209510647
2001-08-06,0.24896271504314224
2001-08-07,-0.26335710065130064
2001-08-08,3.081530597405964
2001-08-09,-1.1482026077927254
2001-08-10,0.9174155924147591
2001-08-13,0.8251343813330255
2001-08-14,-0.3515627451491321
2001-08-15,-0.8163214857149116
2001-08-16,1.5906046779249683
2001-08-17,2.2427833418874354
2001-08-20,-1.3233259633770673
2001-08-21,0.2840609206671084
2001-08-22,-0.18662687644790293
2001-08-23,0.5870064520936712
2001-08-24,-0.7108844300529423
2001-08-27,-0.16556036819465222
2001-08-28,2.5529258596089317
2001-08-29,1.575636921374243
2001-08-30,-0.3600273048320831
2001-08-31,-0.9669548960218093
2001-09-03,0.0
2001-09-04,0.0
2001-09-05,0.7197856005927011
2001-09-06,3.2449048451742244
2001-09-07,1.7252706678609606
2001-09-10,-0.8985925784334162
2001-09-11,3.0306174944399698
2001-09-12,0.0
2001-09-13,0.0
2001-09-14,1.4875800731062854
2001-09-17,-1.358629696543705
2001-09-18,-1.8239250948145163
2001-09-19,0.4421174003920423
2001-09-20,-1.157764572909043
2001-09-21,1.018167485086822
2001-09-24,-0.5288805180248505
2001-09-25,0.616092796778051
2001-09-26,1.5773437824408338
2001-09-27,1.3072211621282188
2001-09-28,-0.4159033466607
2001-10-01,0.8379321493031311
2001-10-02,0.885107227623488
2001-10-03,0.48074841816464087
2001-10-04,-0.10491903886837746
2001-10-05,0.246018973688449
2001-10-08,0.0
2001-10-09,0.0
2001-10-10,0.29325609026025995
2001-10-11,-2.129300969927752
2001-10-12,0.1971058916468021
2001-10-15,1.8293954670501056
2001-10-16,0.7940341980059449
2001-10-17,0.11715186275258276
2001-10-18,0.21365093796887302
2001-10-19,-1.6519477776819786
2001-10-22,0.24585585854209135
2001-10-23,-0.5724296807579271
2001-10-24,1.6177920920457969
2001-10-25,1.569858608413869
2001-10-26,0.3880176305681389
2001-10-29,1.3961635048835794
2001-10-30,2.3650303287969936
2001-10-31,3.272947502610001
2001-11-01,0.20661690637451957
2001-11-02,-2.3752095209100594
2001-11-05,1.192330703063129
2001-11-06,0.6418550262363539
2001-11-07,1.785320842202157
2001-11-08,-2.1819377025151554
2001-11-09,-0.25548353979871086
2001-11-12,0.0
2001-11-13,0.0
2001-11-14,-2.6811109186919433
2001-11-15,-3.425989843524673
2001-11-16,-1.7724860707206715
2001-11-19,1.6868340482367845
2001-11-20,-1.3223825547044745
2001-11-21,-1.3544405111424647
2001-11-22,0.0
2001-11-23,0.0
2001-11-26,0.0
2001-11-27,1.1676598607344955
2001-11-28,-0.06084878207711348
2001-11-29,2.562570599513214
2001-11-30,0.3212623346271898
2001-12-03,0.5090034089701885
2001-12-04,0.8668029964383499
2001-12-05,-3.4395958312887798
2001-12-06,-1.287882490995672
2001-12-07,-1.6511849984030869
2001-12-10,0.3839503307145124
2001-12-11,0.6230320687631633
2001-12-12,1.1521026257586977
2001-12-13,-1.4087351331705087
2001-12-14,-0.737612305486672
2001-12-17,-0.4940655131751016
2001-12-18,1.0469088866265097
2001-12-19,0.9011502015159714
2001-12-20,0.12059519712327134
2001-12-21,0.5050253365801314
2001-12-24,0.5927348216962982
2001-12-25,0.0
2001-12-26,0.0
2001-12-27,-1.2297168683485427
2001-12-28,0.15854925560796992
2001-12-31,-1.1686869269308495
2002-01-01,0.0
2002-01-02,0.0
2002-01-03,-0.6149640943788872
2002-01-04,0.06962063336911299
2002-01-07,-1.775048034771765
2002-01-08,0.068610780209377
2002-01-09,-0.07125449447701133
2002-01-10,-1.5624861940417405
2002-01-11,-1.3112070755593346
2002-01-14,-0.18979405267436014
2002-01-15,-0.6599710609862119
2002-01-16,0.15418984256250892
2002-01-17,1.4642712842166785
2002-01-18,-0.6899923594019289
2002-01-21,0.0
2002-01-22,0.0
2002-01-23,1.398603393764124
2002-01-24,0.4450302113925768
2002-01-25,0.5624304355126566
2002-01-28,-0.07066284058863313
2002-01-29,-1.8048376064345153
2002-01-30,-0.0881347020970198
2002-01-31,0.9974738016763749
2002-02-01,-0.8868812575742334
2002-02-04,-1.5105671942724876
2002-02-05,0.14965134975089292
2002-02-06,-0.48681996658374616
2002-02-07,-0.5050181188102664
2002-02-08,1.0331093089246657
2002-02-11,-0.3177609504599956
2002-02-12,-1.4527675634511648
2002-02-13,-0.5036044731784973
2002-02-14,0.8101324989133639
2002-02-15,1.9107770365338128
2002-02-18,0.0
2002-02-19,0.0
2002-02-20,0.15854221175244712
2002-02-21,0.1655271360355027
2002-02-22,1.022090376347137
2002-02-25,-0.49940387706518835
2002-02-26,-1.5967476200067605
2002-02-27,2.4141317549757177
2002-02-28,-0.8461176862437464
2002-03-01,-2.1641388254083163
2002-03-04,-0.5265089377433841
2002-03-05,-0.09109342082591798
2002-03-06,-0.5450585332342992
2002-03-07,-3.460866797702617
2002-03-08,-1.6627670128971637
2002-03-11,0.0
2002-03-12,0.2895488005648466
2002-03-13,-1.0584362050252694
2002-03-14,2.536502529441018
2002-03-15,-0.7914998360988145
2002-03-18,-0.7921523245238992
2002-03-19,0.4066972639673332
2002-03-20,1.2596894507828518
2002-03-21,-0.47641097241075214
2002-03-22,0.13837766138655316
2002-03-25,0.22624301657908535
2002-03-26,-1.2902119459314985
2002-03-27,-0.214839568798509
2002-03-28,1.3122374584074932
2002-03-29,0.0
2002-04-01,0.0
2002-04-02,-1.7416565702993732
2002-04-03,-1.550289715142242
2002-04-04,-0.06591017883930059
2002-04-05,-1.638885586345837
2002-04-08,0.647702394409931
2002-04-09,-0.6699357702061615
2002-04-10,0.3575420253210595
2002-04-11,-0.4957746566042103
2002-04-12,-1.2995550996710097
2002-04-15,-0.7005279686720285
2002-04-16,0.9779791068160265
2002-04-17,0.9649928331784942
2002-04-18,-0.35890932693829747
2002-04-19,-0.43084372564783263
2002-04-22,-0.7746382893873218
2002-04-23,-0.09248830382173638
2002-04-24,-2.081740502982985
2002-04-25,-0.554904479325264
2002-04-26,-1.1765443751529772
2002-04-29,1.055660439156894
2002-04-30,-0.4609456259861087
2002-05-01,1.0743758541136879
2002-05-02,-1.7257505972387763
2002-05-03,1.7940983528127545
2002-05-06,-0.49126158731219677
2002-05-07,0.47406461558248925
2002-05-08,-3.8457608514077544
2002-05-09,1.0586180183481682
2002-05-10,1.7279741111483917
2002-05-13,-1.9865974878022286
2002-05-14,-1.8313943559916983
2002-05-15,0.8028345256040246
2002-05-16,1.555332149959978
2002-05-17,-1.2251031975846827
2002-05-20,1.2846219567361246
2002-05-21,1.013671759652033
2002-05-22,1.090724764983294
2002-05-23,-0.8089613087581463
2002-05-24,0.639644363964009
2002-05-27,0.0
2002-05-28,0.0
2002-05-29,1.2666042029884375
2002-05-30,1.1455411247238152
2002-05-31,-0.35594049048123094
2002-06-03,0.21148000613458715
2002-06-04,0.6305796632266095
2002-06-05,-0.5666940132163822
2002-06-06,0.9322916257427205
2002-06-07,-1.039425971052617
2002-06-10,0.6379522917969421
2002-06-11,1.4192348477344459
2002-06-12,1.0542294271235744
2002-06-13,1.2563082575098068
2002-06-14,3.0379623115293644
2002-06-17,-1.5390057108370019
2002-06-18,0.26406815034329695
2002-06-19,2.889229166606133
2002-06-20,-2.1903810777867676
2002-06-21,1.543348799711698
2002-06-24,-1.3052923168746409
2002-06-25,0.12828498991421985
2002-06-26,2.749656074561417
2002-06-27,-2.021352682352507
2002-06-28,-0.2704329260747961
2002-07-01,0.22343719682053814
2002-07-02,1.702228304770018
2002-07-03,-0.22653522440803983
2002-07-04,0.0
2002-07-05,0.0
2002-07-08,1.0935869812390773
2002-07-09,1.5198917528456943
2002-07-10,1.9546508368850624
2002-07-11,0.4926582220042252
2002-07-12,0.5074979829979719
2002-07-15,-0.2307692991313628
2002-07-16,-1.5133580381294662
2002-07-17,1.0756509695889542
2002-07-18,1.0293760395805076
2002-07-19,0.8187504416801834
2002-07-22,1.876747268316165
2002-07-23,0.8257021563183228
2002-07-24,0.5101732286351983
2002-07-25,0.4852603353213387
2002-07-26,0.6180530420450674
2002-07-29,-2.9763048491020303
2002-07-30,-0.5036762950760607
2002-07-31,2.10891185786523
2002-08-01,0.9969233874849182
2002-08-02,2.4157159648526485
2002-08-05,0.6148003046513646
2002-08-06,-2.328016544165964
2002-08-07,1.5990540306123928
2002-08-08,-1.4292290691374132
2002-08-09,1.9587850532593907
2002-08-12,0.4627913754718825
2002-08-13,1.3121083574243904
2002-08-14,-0.18073558457229652
2002-08-15,-1.5004278796345254
2002-08-16,-1.761714563690403
2002-08-19,0.32940627316446053
2002-08-20,1.750669957037953
2002-08-21,-0.2023901046110878
2002-08-22,-1.0733545875502595
2002-08-23,0.8963731344152412
2002-08-26,0.3831476913009011
2002-08-27,-0.9531106187643575
2002-08-28,0.6855429911839716
2002-08-29,0.8076001404611088
2002-08-30,0.2716738403551664
2002-09-02,0.0
2002-09-03,0.0
2002-09-04,0.46943664064648766
2002-09-05,0.7558975164300339
2002-09-06,-1.8227343159148102
2002-09-09,-0.129742496734647
2002-09-10,0.7413517332095773
2002-09-11,-1.0939700816034186
2002-09-12,1.4404295991695257
2002-09-13,0.9923549423070277
2002-09-16,0.5076763837140347
2002-09-17,0.3087850203645871
2002-09-18,0.15120541488968844
2002-09-19,1.2480505665407573
2002-09-20,0.2774878779874111
2002-09-23,1.679640307941179
2002-09-24,0.4239655705994836
2002-09-25,-2.0571977331981612
2002-09-26,0.0385199656945243
2002-09-27,1.4446735419940606
2002-09-30,1.5886504518735352
2002-10-01,-1.6603296827061729
2002-10-02,0.1126873920528656
2002-10-03,0.17614776809905863
2002-10-04,0.12232559653502155
2002-10-07,0.9306906737150296
2002-10-08,-0.38990665653797385
2002-10-09,1.6145930001518654
2002-10-10,-1.2560116889750232
2002-10-11,-2.3602525614665524
2002-10-14,0.0
2002-10-15,0.0
2002-10-16,-0.4630843160376052
2002-10-17,-1.4902402748876993
2002-10-18,0.3491456159973975
2002-10-21,-1.479796681024701
2002-10-22,-0.2308459393059832
2002-10-23,0.21850324806155985
2002-10-24,1.7040952244658916
2002-10-25,1.1367821127628506
2002-10-28,0.6464468384968161
2002-10-29,2.80484297666949
2002-10-30,-0.29699085247928886
2002-10-31,1.1840221483013063
2002-11-01,-1.2224425301866846
2002-11-04,-1.1606844714063989
2002-11-05,-0.47592771236668285
2002-11-06,0.5791375280150444
2002-11-07,2.516313715352816
2002-11-08,0.6925651668357278
2002-11-11,0.0
2002-11-12,0.0
2002-11-13,0.5060768342808831
2002-11-14,-3.244268557920698
2002-11-15,-0.4717610341932342
2002-11-18,0.4018909057727514
2002-11-19,0.5257303115933888
2002-11-20,-1.861580326585191
2002-11-21,-1.0518033846631774
2002-11-22,-0.4647397769752932
2002-11-25,0.0
2002-11-26,1.88445957973125
2002-11-27,-2.8168174578098406
2002-11-28,0.0
2002-11-29,0.0
2002-12-02,-0.33528822900078137
2002-12-03,-0.17776899905697893
2002-12-04,1.1854846506395575
2002-12-05,1.099589673099919
2002-12-06,0.9592047177852934
2002-12-09,0.9326540338397717
2002-12-10,0.11811227306408033
2002-12-11,1.059365703436669
2002-12-12,-0.07652216457372021
2002-12-13,-0.8106719567733773
2002-12-16,-1.2812853506326831
2002-12-17,0.6175673376076017
2002-12-18,1.4225738331445696
2002-12-19,1.9885555101247219
2002-12-20,0.05921388350026659
2002-12-23,-0.14352813863553443
2002-12-24,1.0595914522616767
2002-12-25,0.0
2002-12-26,0.0
2002-12-27,2.1914739474229594
2002-12-30,0.7165523372377396
2002-12-31,-0.6418297113651226
2003-01-01,0.0
2003-01-02,0.0
2003-01-03,0.09140258688814788
2003-01-06,-0.6400880604520909
2003-01-07,0.9291034926284939
2003-01-08,0.9776409888011441
2003-01-09,-3.5043441905966235
2003-01-10,-0.07743939656617049
2003-01-13,0.7235659704430049
2003-01-14,1.0101479435125504
2003-01-15,0.29614497575811816
2003-01-16,-0.06603316746685114
2003-01-17,1.4436494712866443
2003-01-20,0.0
2003-01-21,0.0
2003-01-22,1.45952994537221
2003-01-23,-0.5598505940788014
2003-01-24,1.0103538335546478
2003-01-27,-1.1885562318256095
2003-01-28,-0.46967675366019157
2003-01-29,-1.4517914799639935
2003-01-30,1.1062527477708601
2003-01-31,0.28372021602608166
2003-02-03,-0.5612419653071619
2003-02-04,1.6275649380127089
2003-02-05,-1.7655728844454381
2003-02-06,1.402223487443426
2003-02-07,0.8145877700581144
2003-02-10,-1.4040023014809766
2003-02-11,0.7509722660784802
2003-02-12,1.472483261440793
2003-02-13,1.9055894209305595
2003-02-14,-1.7460512529940786
2003-02-17,0.0
2003-02-18,0.0
2003-02-19,1.6589299095800476
2003-02-20,1.0608618318922725
2003-02-21,-1.2482284337024523
2003-02-24,1.2607277014282883
2003-02-25,0.6161136240119346
2003-02-26,1.076296221046879
2003-02-27,0.42531543204929606
2003-02-28,1.593991866906689
2003-03-03,0.7609043439219185
2003-03-04,0.8761992024023347
2003-03-05,1.2088967270553828
2003-03-06,-0.8147999588350241
2003-03-07,1.0646789308094091
2003-03-10,1.4768792097943164
2003-03-11,-1.015303134716252
2003-03-12,-0.5026122749542054
2003-03-13,-4.203954015563072
2003-03-14,0.9076121134301993
2003-03-17,-1.9967152704912814
2003-03-18,-1.4065484032520974
2003-03-19,-1.1497258836783901
2003-03-20,-0.665992051426302
2003-03-21,-1.7931117809675785
2003-03-24,2.1124619511591733
2003-03-25,0.11280920925085117
2003-03-26,0.44974794772695653
2003-03-27,0.48628824975872004
2003-03-28,1.1221842250495664
2003-03-31,1.434627479125869
2003-04-01,-0.04181388156894621
2003-04-02,-2.056614739526644
2003-04-03,0.4820819178457894
2003-04-04,-0.3954075526788594
2003-04-07,-1.1934706140788218
2003-04-08,1.524435370538387
2003-04-09,0.801298331966669
2003-04-10,-0.5199449417665368
2003-04-11,-0.6709411840657262
2003-04-14,-1.0297977258998832
2003-04-15,1.0435684701036851
2003-04-16,0.6154721877133761
2003-04-17,-0.3428772238234229
2003-04-18,0.0
2003-04-21,0.0
2003-04-22,0.13150988424530666
2003-04-23,-0.3019794556573725
2003-04-24,2.228712636628511
2003-04-25,0.7641369062389789
2003-04-28,-0.2991211240125591
2003-04-29,-0.8141481291372692
2003-04-30,2.1374429511208315
2003-05-01,0.32613118155867604
2003-05-02,-1.591283284286054
2003-05-05,0.904932256404903
2003-05-06,2.3837004721029844
2003-05-07,2.2882932206914495
2003-05-08,0.7331119856979642
2003-05-09,0.0977476040530028
2003-05-12,0.8377561450056186
2003-05-13,0.26188367055689543
2003-05-14,1.7101022220564297
2003-05-15,-0.47802654665136995
2003-05-16,2.083843362764597
2003-05-19,0.5501650599357552
2003-05-20,1.8788617865332289
2003-05-21,-0.9795316895638215
2003-05-22,1.243615245859999
2003-05-23,0.0
2003-05-26,0.0
2003-05-27,0.0
2003-05-28,-0.2877113431139033
2003-05-29,2.3629686305024573
2003-05-30,-0.22290753610712216
2003-06-02,-1.9723016178006858
2003-06-03,2.5659973193065695
2003-06-04,0.994739049580739
2003-06-05,-1.2138740466052962
2003-06-06,-0.6372547129950318
2003-06-09,1.88205818218059
2003-06-10,2.1995352394578953
2003-06-11,-0.341774532470445
2003-06-12,0.5687943683566329
2003-06-13,1.5291653109867644
2003-06-16,-1.7888850853900633
2003-06-17,-2.080060422752571
2003-06-18,-1.7158111764630248
2003-06-19,0.5779909657201922
2003-06-20,-0.8173413854557566
2003-06-23,1.8608514451434182
2003-06-24,0.9971310255204159
2003-06-25,-2.0493041048894227
2003-06-26,-2.7294593585325297
2003-06-27,-0.2607170486764133
2003-06-30,0.7781952844496289
2003-07-01,-0.27743209980870154
2003-07-02,0.2377111803171292
2003-07-03,-1.5653332793004102
2003-07-04,0.0
2003-07-07,0.0
2003-07-08,-0.4615386457733122
2003-07-09,0.492905591320714
2003-07-10,0.6604258522103793
2003-07-11,1.0812845174725836
2003-07-14,-1.4996399589139766
2003-07-15,-3.140345064548654
2003-07-16,-0.6516267635250202
2003-07-17,-0.13421819191832
2003-07-18,-0.2960295300152842
2003-07-21,-2.809242983304188
2003-07-22,0.5062033197317265
2003-07-23,0.5585810428007838
2003-07-24,-0.7390332247552016
2003-07-25,-0.1665831945897353
2003-07-28,-1.694808207674604
2003-07-29,-1.5447293916510212
2003-07-30,-0.833608735757262
2003-07-31,2.472837372332461
2003-08-01,0.14810629893205562
2003-08-04,-2.1031694679213437
2003-08-05,1.5899878973142767
2003-08-06,-2.4482009239635354
2003-08-07,-0.46078584747181395
2003-08-08,-0.16040954919976894
2003-08-11,0.9570050409005219
2003-08-12,-0.3654421455546557
2003-08-13,3.0101889069022967
2003-08-14,0.34890578747180223
2003-08-15,-0.7315060243695058
2003-08-18,-0.653860210460539
2003-08-19,-1.6631393482399524
2003-08-20,1.1392870370411268
2003-08-21,1.217261636465653
2003-08-22,-0.9333271826745879
2003-08-25,0.8858477283132358
2003-08-26,-0.7976241783032856
2003-08-27,0.7926206264316304
2003-08-28,-1.9207917884453445
2003-08-29,0.3131126281369934
2003-09-01,0.0
2003-09-02,0.0
2003-09-03,-0.5605564614467271
2003-09-04,-1.8890463666136317
2003-09-05,-3.1822574806651924
2003-09-08,0.23431689589712815
2003-09-09,-0.2668523135539545
2003-09-10,-1.389539747159031
2003-09-11,0.6965328984557118
2003-09-12,-0.975173730564881
2003-09-15,-0.3838966842469047
2003-09-16,0.5529420636635294
2003-09-17,-0.9851121457032872
2003-09-18,0.1240416188218812
2003-09-19,-0.3102052188730235
2003-09-22,0.744784047722901
2003-09-23,-0.2874850088938675
2003-09-24,-1.1588406235516298
2003-09-25,-0.3578738432230193
2003-09-26,-1.3541375640544706
2003-09-29,0.61528272678786
2003-09-30,-2.1106079950032504
2003-10-01,-0.0
2003-10-02,1.1122459350244542
2003-10-03,2.6087658723619342
2003-10-06,-0.7507920526657978
2003-10-07,1.108227789174638
2003-10-08,-0.24404176618024573
2003-10-09,0.7431169184612232
2003-10-10,-0.7622053538680061
2003-10-13,0.0
2003-10-14,0.0
2003-10-15,0.7212863787154588
2003-10-16,1.1342308325856607
2003-10-17,-1.2209943865473016
2003-10-20,-0.32281294311944725
2003-10-21,-0.058396332515706986
2003-10-22,-1.522702672244832
2003-10-23,0.41585918734011973
2003-10-24,-1.759765294884818
2003-10-27,0.8353572990014576
2003-10-28,-1.4109430992188576
2003-10-29,1.283796849697746
2003-10-30,1.1727735927132077
2003-10-31,-0.6744588855652411
2003-11-03,1.0297396582027194
2003-11-04,-0.8890659388491271
2003-11-05,0.8352398561057511
2003-11-06,0.8052757494661111
2003-11-07,0.5751030553108338
2003-11-10,0.1113623876172132
2003-11-11,0.0
2003-11-12,0.0
2003-11-13,-2.586201769812454
2003-11-14,-1.2420656341036984
2003-11-17,-0.7792370802244998
2003-11-18,0.2783101824477425
2003-11-19,-1.1646455678870407
2003-11-20,1.246995046696722
2003-11-21,0.06847166837595027
2003-11-24,-1.3883467031921484
2003-11-25,0.6354801668271035
2003-11-26,-1.0345315190815603
2003-11-27,0.0
2003-11-28,0.0
2003-12-01,-1.2158627583689272
2003-12-02,0.42502528414293717
2003-12-03,-0.7212795968560435
2003-12-04,1.2379633070497174
2003-12-05,3.1830517317879425
2003-12-08,-0.847763634317219
2003-12-09,-1.4817092869306592
2003-12-10,0.9168277444341448
2003-12-11,1.648139582750991
2003-12-12,-0.21126619413015102
2003-12-15,-0.5235643265544876
2003-12-16,0.7659537546844591
2003-12-17,0.8209240417734015
2003-12-18,0.5869517354510382
2003-12-19,0.19012431902027752
2003-12-22,-0.47425613466460326
2003-12-23,-1.9909668434526109
2003-12-24,1.6568377786711708
2003-12-25,0.0
2003-12-26,0.0
2003-12-29,-1.5553654041735678
2003-12-30,-0.6083546568775758
2003-12-31,0.3933525839650378
2004-01-01,0.0
2004-01-02,0.0
2004-01-05,-0.08445771266412574
2004-01-06,2.3842392925713556
2004-01-07,0.7576085257395986
2004-01-08,0.06185197390851415
2004-01-09,3.3793543399614276
2004-01-12,0.13608851020917329
2004-01-13,1.222210310126765
2004-01-14,0.6195146545410231
2004-01-15,-0.08674327942889028
2004-01-16,-0.9331419960933469
2004-01-19,0.0
2004-01-20,0.0
2004-01-21,0.4443091128247503
2004-01-22,1.4901625281523394
2004-01-23,-2.1117166073831233
2004-01-26,-1.1731184630746678
2004-01-27,1.183956665310946
2004-01-28,-2.6408445088367434
2004-01-29,0.25743894465656325
2004-01-30,0.9916534402100327
2004-02-02,-0.14603897873398564
2004-02-03,1.086249472548742
2004-02-04,-0.34447381759943935
2004-02-05,-1.1571204347280806
2004-02-06,1.9499791529618584
2004-02-09,0.5771778829487297
2004-02-10,-0.7928120580084871
2004-02-11,1.9504391217119146
2004-02-12,-0.5673160088874483
2004-02-13,1.0456848086157566
2004-02-16,0.0
2004-02-17,0.0
2004-02-18,-0.09420365382115349
2004-02-19,0.09888306624402676
2004-02-20,-1.1214340666079727
2004-02-23,1.4797282904974978
2004-02-24,0.6192477882553558
2004-02-25,0.3283980427644579
2004-02-26,-0.8285671746542399
2004-02-27,1.830424605612712
2004-03-01,-0.29899699479467867
2004-03-02,-1.782942713637759
2004-03-03,-0.2961816172578492
2004-03-04,1.2492641457481972
2004-03-05,4.942674088450985
2004-03-08,0.9540927506286042
2004-03-09,0.7517168975275548
2004-03-10,-0.24593204539056215
2004-03-11,-0.06818935794402975
2004-03-12,-0.1596095348075145
2004-03-15,-0.23958224168177736
2004-03-16,1.4564306445995872
2004-03-17,0.0
2004-03-18,-1.2341030529587134
2004-03-19,-0.6206591174037924
2004-03-22,1.328341800552339
2004-03-23,0.08004394719098647
2004-03-24,0.1459825780636312
2004-03-25,-0.38956882263978326
2004-03-26,-2.1819799269032507
2004-03-29,-0.8063637622973593
2004-03-30,-0.18671880975926536
2004-03-31,1.5453327102915697
2004-04-01,-1.4047535620862628
2004-04-02,-4.148223350079354
2004-04-05,-0.8857895600214818
2004-04-06,0.6681064595976337
2004-04-07,0.05683780133514504
2004-04-08,-0.4152662086497409
2004-04-09,0.0
2004-04-12,0.0
2004-04-13,-1.706018048192666
2004-04-14,-0.5414189605973161
2004-04-15,-0.1581029622284822
2004-04-16,0.8746576585951118
2004-04-19,-0.4098936500422625
2004-04-20,-0.66025993337748
2004-04-21,-0.2435396438281849
2004-04-22,0.8866729938095339
2004-04-23,-1.5466122266880635
2004-04-26,0.3004418839320774
2004-04-27,0.6216951328268415
2004-04-28,-1.1317586157930928
2004-04-29,-0.9652549868146293
2004-04-30,-0.7845498284437593
2004-05-03,-0.0
2004-05-04,0.48767210499951597
2004-05-05,0.6437320444384326
2004-05-06,0.6004891575080339
2004-05-07,3.267838899221562
2004-05-10,-0.16351431968375982
2004-05-11,-0.32572515589000284
2004-05-12,0.3210935668950401
2004-05-13,0.8934516361932838
2004-05-14,-1.5459697967385275
2004-05-17,-1.871294183421621
2004-05-18,0.7008823532434358
2004-05-19,1.0890254268376725
2004-05-20,-1.2808726271751703
2004-05-21,0.7388595425789535
2004-05-24,-0.45106236907216446
2004-05-25,-0.3662427506752706
2004-05-26,-1.2833804429746138
2004-05-27,-1.5283141544841319
2004-05-28,1.3238522923859
2004-05-31,0.0
2004-06-01,0.0
2004-06-02,0.6367569351772079
2004-06-03,-0.45349450853642986
2004-06-04,1.3426105042526524
2004-06-07,-0.5554402124718304
2004-06-08,-0.0
2004-06-09,0.9709226357712375
2004-06-10,-0.675023638552438
2004-06-11,0.0
2004-06-14,0.0
2004-06-15,-4.100705558538465
2004-06-16,0.6902517782265862
2004-06-17,-0.6264555154788889
2004-06-18,0.26227305798608014
2004-06-21,-0.43650438272270375
2004-06-22,0.24520717284246463
2004-06-23,-0.2553011420068942
2004-06-24,-1.0945532722443438
2004-06-25,-0.02070432716328097
2004-06-28,1.8803616536751937
2004-06-29,-0.8888119802508979
2004-06-30,-1.8550818006556014
2004-07-01,-0.8499027667447386
2004-07-02,-2.099540633937619
2004-07-05,0.0
2004-07-06,0.0
2004-07-07,-0.07833914901048562
2004-07-08,-0.1637277604557819
2004-07-09,-0.2772186976001205
2004-07-12,-0.3552105693845064
2004-07-13,0.7768202916719035
2004-07-14,0.09432424723903289
2004-07-15,0.0736640014643977
2004-07-16,-2.8930254703334035
2004-07-19,0.02197860226172418
2004-07-20,2.0759567468646667
2004-07-21,0.6490108241808396
2004-07-22,0.4533750455216769
2004-07-23,0.6463026849992082
2004-07-26,-0.736014764899554
2004-07-27,-2.3727433127308504
2004-07-28,0.47403951019866497
2004-07-29,0.40138956100338036
2004-07-30,2.1081546410818017
2004-08-02,0.4258204876222753
2004-08-03,0.572808274860245
2004-08-04,-0.1827422014232153
2004-08-05,0.6393049249302554
2004-08-06,3.900731848485521
2004-08-09,-0.5126962420915651
2004-08-10,-0.7664076520791824
2004-08-11,0.2805546132274061
2004-08-12,0.43732086084408134
2004-08-13,0.8092088978276855
2004-08-16,-0.6171886661416581
2004-08-17,1.0479313235630383
2004-08-18,-0.4835164579597271
2004-08-19,0.3552665117410541
2004-08-20,-0.45517229815306753
2004-08-23,-0.958121915982852
2004-08-24,0.09152499594041927
2004-08-25,0.3335855502104867
2004-08-26,0.8864078873007916
2004-08-27,0.0
2004-08-30,0.9961697816475515
2004-08-31,1.429273876930062
2004-09-01,0.45518766560073526
2004-09-02,-1.5151411694250667
2004-09-03,-2.3811127116447888
2004-09-06,0.0
2004-09-07,0.0
2004-09-08,2.1519619188918973
2004-09-09,-0.5084388697105373
2004-09-10,0.5080434539541068
2004-09-13,0.6510364840929193
2004-09-14,0.5178977054073384
2004-09-15,-1.0245103693598414
2004-09-16,2.375127485034181
2004-09-17,-1.1476080128038397
2004-09-20,1.655910846032156
2004-09-21,0.2678549005466805
2004-09-22,0.9077791574928965
2004-09-23,-1.1725936148588691
2004-09-24,-0.07807850567000081
2004-09-27,0.8102067719395561
2004-09-28,-0.2228094916404241
2004-09-29,-2.118231182706527
2004-09-30,-0.5099325936302573
2004-10-01,-1.6250404617321788
2004-10-04,0.3800055580551919
2004-10-05,0.22578178510626523
2004-10-06,-1.438676453983328
2004-10-07,-0.6100261811978114
2004-10-08,2.8387661922226872
2004-10-11,0.0
2004-10-12,0.0
2004-10-13,0.8665078269763921
2004-10-14,1.4882062561822198
2004-10-15,-1.0325928411501633
2004-10-18,0.027171858524311244
2004-10-19,0.16992888080065432
2004-10-20,1.3083308664089073
2004-10-21,-0.17749963217954864
2004-10-22,0.5844154085440676
2004-10-25,0.6368203761474105
2004-10-26,-0.32944362217803025
2004-10-27,-2.863736582897751
2004-10-28,0.378388204832891
2004-10-29,1.3972870250986378
2004-11-01,-1.6111201746090997
2004-11-02,0.38221020246163256
2004-11-03,0.3056334234991858
2004-11-04,-0.159019049374335
2004-11-05,-3.213239521317453
2004-11-08,-0.5037001487949109
2004-11-09,0.02752057870481821
2004-11-10,-0.9396275037164663
2004-11-11,0.0
2004-11-12,0.0
2004-11-15,0.24156315467648318
2004-11-16,-0.5662999594707118
2004-11-17,1.9973345325775402
2004-11-18,0.30786730354082364
2004-11-19,-2.25266872842218
2004-11-22,0.41300525557093765
2004-11-23,-0.3372073095828845
2004-11-24,-0.3188724564417639
2004-11-25,0.0
2004-11-26,0.0
2004-11-29,-2.7079912053997344
2004-11-30,-0.08995349560731108
2004-12-01,-0.46837872938815484
2004-12-02,-0.48636070831953054
2004-12-03,3.6028487447579964
2004-12-06,0.5168906834340751
2004-12-07,0.0
2004-12-08,2.380119075268105
2004-12-09,-0.47433424917052575
2004-12-10,0.393473776877056
2004-12-13,0.12782399547059475
2004-12-14,0.5580171031952532
2004-12-15,1.0374048916370195
2004-12-16,-2.3176571464896663
2004-12-17,-0.5273601547793233
2004-12-20,-0.026053467949654588
2004-12-21,0.6490360583487297
2004-12-22,-0.6412501218579278
2004-12-23,-0.17320487286898847
2004-12-24,0.0
2004-12-27,0.0
2004-12-28,-0.06209371220955895
2004-12-29,-0.9647097199791131
2004-12-30,1.6404572293325332
2004-12-31,1.1177318884208218
2005-01-03,-0.26153503577759774
2005-01-04,-1.9609173873687824
2005-01-05,0.0
2005-01-06,0.3030737125647395
2005-01-07,-0.4549059235587032
2005-01-10,0.03637663105507068
2005-01-11,0.939181055622305
2005-01-12,0.2709592917814588
2005-01-13,1.831813213457992
2005-01-14,-0.8512358207940796
2005-01-17,0.0
2005-01-18,0.0
2005-01-19,0.04126491842237848
2005-01-20,0.8990953276060901
2005-01-21,1.2645662981678585
2005-01-24,0.31258986126354565
2005-01-25,-2.3175992013897053
2005-01-26,-0.386008347969672
2005-01-27,-0.6223274698452971
2005-01-28,2.6544966572758772
2005-01-31,0.08230898959955942
2005-02-01,0.042895014461233276
2005-02-02,-0.134074987482988
2005-02-03,-1.3243664213857267
2005-02-04,3.346375319744039
2005-02-07,0.5245379461225345
2005-02-08,0.3111871491968758
2005-02-09,2.6535972110767845
2005-02-10,-2.348739284260698
2005-02-11,-0.9853288204445145
2005-02-14,0.5534247767082875
2005-02-15,-0.7044778674313172
2005-02-16,-1.899531198060698
2005-02-17,-0.45889384349152174
2005-02-18,-2.1719741142851707
2005-02-21,0.0
2005-02-22,0.0
2005-02-23,0.22647211050099986
2005-02-24,-0.4721671338768872
2005-02-25,0.24504191175563497
2005-02-28,-2.4692047220222344
2005-03-01,-0.294226226577226
2005-03-02,0.0
2005-03-03,-0.3545140619883246
2005-03-04,1.9407192522964447
2005-03-07,-0.2783990980035017
2005-03-08,2.072791212296119
2005-03-09,3.22130824004253
2005-03-10,-1.02048520920746
2005-03-11,1.6673481216409098
2005-03-14,-0.36015915131330195
2005-03-15,0.3742129352166284
2005-03-16,-0.7722068006139328
2005-03-17,-1.1213481673558614
2005-03-18,0.7111949012243282
2005-03-21,0.11755683867583686
2005-03-22,2.2713610607814383
2005-03-23,0.19469752713670807
2005-03-24,-0.3180555335386963
2005-03-25,0.0
2005-03-28,0.0
2005-03-29,-1.1309557546717413
2005-03-30,-0.9275287573822155
2005-03-31,-2.00879344966458
2005-04-01,-0.9725703293462691
2005-04-04,-0.1209635403817503
2005-04-05,0.34613367784847215
2005-04-06,-0.9736518726465742
2005-04-07,0.9891416686024538
2005-04-08,0.5735077532757432
2005-04-11,-1.2743663890967947
2005-04-12,-2.5016914177533405
2005-04-13,-0.03121524446002792
2005-04-14,-0.649032735884196
2005-04-15,-2.3053994167425
2005-04-18,-0.644620973602365
2005-04-19,-1.3191170248014714
2005-04-20,0.22247370969689628
2005-04-21,2.4261111858248343
2005-04-22,-1.040272498018391
2005-04-25,0.08864450879793147
2005-04-26,0.2152504427375706
2005-04-27,-0.9549825775799702
2005-04-28,-1.8748561202772822
2005-04-29,0.9882840760550071
2005-05-02,0.3475041158200935
2005-05-03,-0.5252921018591273
2005-05-04,0.8757811638726919
2005-05-05,1.0929393627198125
2005-05-06,-3.2629081943512084
2005-05-09,-0.3597264983272037
2005-05-10,1.6390916709020924
2005-05-11,0.4400442986656849
2005-05-12,0.5684729347488721
2005-05-13,1.1590953677011975
2005-05-16,0.0294999140470356
2005-05-17,0.39883756754638133
2005-05-18,1.4342334526202527
2005-05-19,-1.2380223578376972
2005-05-20,-0.3142888159688084
2005-05-23,1.9164605007402142
2005-05-24,1.8184992691862738
2005-05-25,-1.0447441004078342
2005-05-26,-0.6499940455978064
2005-05-27,0.3054408602806258
2005-05-30,0.0
2005-05-31,0.0
2005-06-01,2.5450681100730557
2005-06-02,0.37177983794146596
2005-06-03,-2.2974728416104813
2005-06-06,0.611641211073533
2005-06-07,1.3268269685063172
2005-06-08,-0.760709486012382
2005-06-09,-0.5862594814462565
2005-06-10,-2.072791375234991
2005-06-13,-0.9026208857266149
2005-06-14,-1.0266911561769694
2005-06-15,-0.1105662028972703
2005-06-16,1.1900932742971453
2005-06-17,-0.4605209071585792
2005-06-20,-0.7440071360526614
2005-06-21,1.6120084513386594
2005-06-22,2.8840336561632265
2005-06-23,-0.4169188621887884
2005-06-24,1.0592059089180053
2005-06-27,0.3600857822003835
2005-06-28,-1.659682269490169
2005-06-29,-0.5636218961894511
2005-06-30,0.6871508460224671
2005-07-01,-2.3663654205937372
2005-07-04,0.0
2005-07-05,0.0
2005-07-06,0.7950825419735769
2005-07-07,0.714172907824964
2005-07-08,-1.7850117923679556
2005-07-11,0.15072533271529642
2005-07-12,-0.8324642743776308
2005-07-13,-0.3747221278367845
2005-07-14,-0.5001329851345332
2005-07-15,0.28801097308033036
2005-07-18,-0.7167201031943815
2005-07-19,0.9168083553942823
2005-07-20,0.5326127098143795
2005-07-21,-3.0159629300341875
2005-07-22,1.1066559449370594
2005-07-25,-0.4831995565293583
2005-07-26,0.1114193630780139
2005-07-27,-0.5505249791976234
2005-07-28,1.7675279614464374
2005-07-29,-2.2906728652264183
2005-08-01,-0.9565677249233464
2005-08-02,-0.3445830070359391
2005-08-03,0.8460519628412778
2005-08-04,0.5871030128801522
2005-08-05,1.9675824300561344
2005-08-08,0.5663483914441042
2005-08-09,-0.860713246366463
2005-08-10,-0.0
2005-08-11,-1.627150152463934
2005-08-12,-1.934571854630604
2005-08-15,0.7627887322117832
2005-08-16,-1.3571071926529181
2005-08-17,1.340541192143185
2005-08-18,-2.1475967325920253
2005-08-19,-0.0
2005-08-22,-0.026612123057525243
2005-08-23,-0.47118323370054055
2005-08-24,-0.11513007462170065
2005-08-25,-0.41973233851370517
2005-08-26,1.1030746113407897
2005-08-29,-0.5943577436653048
2005-08-30,-2.724132521004017
2005-08-31,-1.7612233855602868
2005-09-01,-0.6802664959615667
2005-09-02,0.2525099925028128
2005-09-05,0.0
2005-09-06,0.0
2005-09-07,-1.3108720556716231
2005-09-08,0.0
2005-09-09,0.25133675362609814
2005-09-12,-1.484094693457679
2005-09-13,1.2096555407383627
2005-09-14,-1.002100219202621
2005-09-15,-1.3794279347746554
2005-09-16,-1.4173934239508046
2005-09-19,0.6612508185452378
2005-09-20,-0.20548428465965327
2005-09-21,1.70861884090808
2005-09-22,0.5100915731500203
2005-09-23,-2.4215901106883013
2005-09-26,-1.2498096872156366
2005-09-27,-0.39188496288096375
2005-09-28,0.7384408036502932
2005-09-29,-0.83116491474075
2005-09-30,1.486634715695697
2005-10-03,1.5538571231095957
2005-10-04,-0.2380640489169455
2005-10-05,-0.2479524322121499
2005-10-06,-0.0
2005-10-07,-0.30746922762560164
2005-10-10,0.0
2005-10-11,0.0
2005-10-12,2.0004890850005284
2005-10-13,1.1073182680102287
2005-10-14,0.4296748294198985
2005-10-17,0.162381962327681
2005-10-18,-0.5067298122196079
2005-10-19,-0.742902040226747
2005-10-20,-0.09051338895971274
2005-10-21,-2.4508546987692537
2005-10-24,2.0563418233349036
2005-10-25,2.157340362376292
2005-10-26,2.2818963253727915
2005-10-27,-1.0556375912955531
2005-10-28,0.24414331340225945
2005-10-31,-0.1452589662103889
2005-11-01,0.4155866028391077
2005-11-02,1.1633302422854588
2005-11-03,1.8432971964213254
2005-11-04,0.22905828547993617
2005-11-07,-0.6718508219905798
2005-11-08,-2.312757018991216
2005-11-09,1.937911763377842
2005-11-10,-1.9655308859661214
2005-11-11,0.0
2005-11-14,0.0
2005-11-15,-1.3800423838666853
2005-11-16,-2.05777282025039
2005-11-17,-0.7931119617224109
2005-11-18,1.2217146100064067
2005-11-21,-1.1958435591962995
2005-11-22,-1.076881799900551
2005-11-23,1.3708333382065845
2005-11-24,0.0
2005-11-25,0.0
2005-11-28,-0.6119659961437038
2005-11-29,2.324155505569835
2005-11-30,0.6355289969952634
2005-12-01,0.7849851229682943
2005-12-02,-0.0
2005-12-05,1.3152609534595732
2005-12-06,-2.2617677569446806
2005-12-07,0.5118856826900147
2005-12-08,-1.8596342465007611
2005-12-09,2.165221923067493
2005-12-12,0.34779193576277767
2005-12-13,-0.5409720540742755
2005-12-14,-2.140491512231759
2005-12-15,0.22951598695817674
2005-12-16,-0.6549898060468652
2005-12-19,-0.0
2005-12-20,0.5120971730261341
2005-12-21,0.6610920022986139
2005-12-22,-1.6023086556613462
2005-12-23,-1.8166496837136332
2005-12-26,0.0
2005-12-27,0.0
2005-12-28,1.0457610740919359
2005-12-29,-0.0
2005-12-30,0.7634125173074752
2006-01-02,0.0
2006-01-03,0.0
2006-01-04,-0.5906985583430147
2006-01-05,-0.0
2006-01-06,0.9502105312853873
2006-01-09,-0.0
2006-01-10,1.8831323203541128
2006-01-11,1.207433490716741
2006-01-12,-1.753006952196299
2006-01-13,-2.063485235711421
2006-01-16,0.0
2006-01-17,0.0
2006-01-18,0.4646235960677848
2006-01-19,1.3450481902689055
2006-01-20,-0.4023123164461604
2006-01-23,-0.2509736645472066
2006-01-24,1.033947670837104
2006-01-25,3.111748801846552
2006-01-26,1.3024779330050233
2006-01-27,-0.5132093563742808
2006-01-30,0.8333302937257996
2006-01-31,0.2346252381008609
2006-02-01,1.2867001021217703
2006-02-02,-0.0
2006-02-03,-0.6787420166706504
2006-02-06,0.2637378428795264
2006-02-07,0.548564740174233
2006-02-08,1.1293063457728791
2006-02-09,-0.4809418639078183
2006-02-10,1.4752877930413333
2006-02-13,-0.19966792045548196
2006-02-14,1.134740442078846
2006-02-15,-0.10588538296820668
2006-02-16,-0.54839291451635
2006-02-17,-2.246795365540413
2006-02-20,0.0
2006-02-21,0.0
2006-02-22,-1.3828658504348244
2006-02-23,2.0849962871263816
2006-02-24,0.10352505409612113
2006-02-27,0.9646219768323925
2006-02-28,-2.467290905808441
2006-03-01,1.183565569409841
2006-03-02,2.1320782610065057
2006-03-03,1.680171596709924
2006-03-06,1.8283788597313728
2006-03-07,-0.18214838799496533
2006-03-08,-0.18941156233569353
2006-03-09,-0.39310203689448653
2006-03-10,0.714067190781648
2006-03-13,0.7380270258986662
2006-03-14,-3.3147273793100402
2006-03-15,0.849964752335149
2006-03-16,-3.057113255379847
2006-03-17,0.6335145474541064
2006-03-20,-0.6525242817219966
2006-03-21,2.0835297808855144
2006-03-22,-0.13909696345378916
2006-03-23,1.2165057278533258
2006-03-24,-2.138374302302972
2006-03-27,0.7269808376873178
2006-03-28,2.2122945061812613
2006-03-29,0.6811323708326602
2006-03-30,1.20240224366343
2006-03-31,-0.32030500176525273
2006-04-03,0.7309333238894368
2006-04-04,-0.13706448458881818
2006-04-05,-1.1911684480477633
2006-04-06,1.26696583446038
2006-04-07,1.806958057014169
2006-04-10,-0.06848909270434114
2006-04-11,-0.9161189764813054
2006-04-12,1.4262490334358735
2006-04-13,0.0
2006-04-14,0.0
2006-04-17,0.0
2006-04-18,-1.4628466096069122
2006-04-19,1.095243432368858
2006-04-20,0.29876927807311043
2006-04-21,-0.3874435381519341
2006-04-24,-0.8766945254853796
2006-04-25,2.55113682979989
2006-04-26,1.0897949841610641
2006-04-27,-1.3059725095565042
2006-04-28,-0.8017664640611185
2006-05-01,2.0319651056463677
2006-05-02,-0.4938257017982159
2006-05-03,1.090122477314281
2006-05-04,0.22303622117144895
2006-05-05,-1.430773661591118
2006-05-08,0.38008318443080547
2006-05-09,0.0790527823259221
2006-05-10,0.2471815572148594
2006-05-11,0.7697745714172712
2006-05-12,1.562641115237974
2006-05-15,-1.2817165943503377
2006-05-16,-1.757265899246989
2006-05-17,1.3161396144354889
2006-05-18,-2.483170781639737
2006-05-19,-0.29378396999247697
2006-05-22,-0.6841664629457279
2006-05-23,0.9364409713423706
2006-05-24,-1.0303518557056017
2006-05-25,1.357805986238143
2006-05-26,-0.7236398017253216
2006-05-29,0.0
2006-05-30,0.0
2006-05-31,1.5922106153066884
2006-06-01,-0.33596700857917994
2006-06-02,-3.9611175917930628
2006-06-05,0.8132795044338584
2006-06-06,-0.35816105984937885
2006-06-07,0.6180830185689606
2006-06-08,-0.8260714145477339
2006-06-09,-0.19616052407602202
2006-06-12,0.13617835779950294
2006-06-13,-0.8459598212596349
2006-06-14,2.6802638034053814
2006-06-15,1.2156733268834636
2006-06-16,0.7358414398900502
2006-06-19,0.5052366499186794
2006-06-20,0.3927887119729022
2006-06-21,-0.0
2006-06-22,1.3277019168004012
2006-06-23,0.9136197343156355
2006-06-26,0.07222139921594475
2006-06-27,-0.8931869581726688
2006-06-28,1.0631514857218871
2006-06-29,-1.5827198603678243
2006-06-30,-2.082447758243405
2006-07-03,0.3478402006411858
2006-07-04,0.0
2006-07-05,0.0
2006-07-06,-1.1773540022895992
2006-07-07,-1.677232924122513
2006-07-10,-0.07267016041270284
2006-07-11,-0.9762468786162132
2006-07-12,-0.0
2006-07-13,-1.035374225626576
2006-07-14,-0.4894512499741084
2006-07-17,0.33823294695143596
2006-07-18,2.391011736232261
2006-07-19,-2.581827631978089
2006-07-20,-0.9611409885155026
2006-07-21,0.2812851639718622
2006-07-24,-0.0
2006-07-25,0.6072199026191688
2006-07-26,-1.0139913249870836
2006-07-27,-0.0
2006-07-28,-1.860019633495842
2006-07-31,-0.16007692790656547
2006-08-01,-0.0
2006-08-02,-0.693423211250117
2006-08-03,-0.08972168009051526
2006-08-04,-2.1569604283590555
2006-08-07,0.9527626643036994
2006-08-08,-0.26732441554502034
2006-08-09,0.27769673923562793
2006-08-10,0.0962998520476465
2006-08-11,1.8287149982673099
2006-08-14,1.4941747459833084
2006-08-15,-2.640620747793734
2006-08-16,-2.149361412312713
2006-08-17,-0.23153965989440856
2006-08-18,1.028887104818764
2006-08-21,0.4041840189563569
2006-08-22,0.1679085683023768
2006-08-23,-0.34977191041078975
2006-08-24,0.18175204040677329
2006-08-25,0.5651901330443134
2006-08-28,-0.5853118596621765
2006-08-29,0.2021678068538446
2006-08-30,1.0386141283156904
2006-08-31,1.5569975081910823
2006-09-01,0.31389132406973136
2006-09-04,0.0
2006-09-05,0.0
2006-09-06,-1.0025974571483247
2006-09-07,0.3440157792099787
2006-09-08,1.289378267342592
2006-09-11,-1.5222178429044761
2006-09-12,1.2826771723362005
2006-09-13,0.47550659399300904
2006-09-14,-1.5674434632990102
2006-09-15,-0.4874333486737617
2006-09-18,-0.8808922885286672
2006-09-19,3.812123586446745
2006-09-20,0.09375972218845881
2006-09-21,3.162501621725427
2006-09-22,1.7509419370621897
2006-09-25,1.1896215768971046
2006-09-26,-0.8950741166549753
2006-09-27,-0.2294476691047718
2006-09-28,-0.9439201733648092
2006-09-29,-0.48238795910909144
2006-10-02,0.7483039575320468
2006-10-03,0.0
2006-10-04,2.067126843604709
2006-10-05,-1.6960862474737806
2006-10-06,-2.9609583885958988
2006-10-09,0.0
2006-10-10,0.0
2006-10-11,-1.1104612938544116
2006-10-12,0.26566996397249226
2006-10-13,-0.7562240411128808
2006-10-16,0.6352657191950483
2006-10-17,0.43732566120382665
2006-10-18,0.22703798051749166
2006-10-19,-0.627937564637681
2006-10-20,-0.08126381382827624
2006-10-23,-1.3315209975600675
2006-10-24,-0.08427623714322419
2006-10-25,1.7827435378005514
2006-10-26,2.0173247787312087
2006-10-27,1.3908685558294254
2006-10-30,0.0
2006-10-31,2.3161212839650616
2006-11-01,1.4468247851265985
2006-11-02,-1.0021063135899742
2006-11-03,-3.4216415988686735
2006-11-06,0.15864734073394132
2006-11-07,1.1962324310835448
2006-11-08,0.6566740954914765
2006-11-09,0.0564970196411901
2006-11-10,0.8202745702218337
2006-11-13,-0.4799851004773735
2006-11-14,0.9275232594331221
2006-11-15,-1.421932627223752
2006-11-16,-1.098669789968053
2006-11-17,1.634559389401842
2006-11-20,0.17947327229827517
2006-11-21,0.49779831573022393
2006-11-22,0.3225996244184323
2006-11-23,0.0
2006-11-24,0.0
2006-11-27,0.4152378694015724
2006-11-28,0.8606128792141657
2006-11-29,-0.5873716014786612
2006-11-30,1.9155257734119333
2006-12-01,1.424616275120887
2006-12-04,-0.14333787267071335
2006-12-05,-0.14916068285609926
2006-12-06,-1.5085670750943512
2006-12-07,0.0
2006-12-08,-2.365306044104809
2006-12-11,0.9759071613934044
2006-12-12,1.1312661184219934
2006-12-13,-2.541526547233471
2006-12-14,-0.6195239474331726
2006-12-15,0.0
2006-12-18,0.1336268588023985
2006-12-19,-0.13921188202866583
2006-12-20,0.0
2006-12-21,1.620599959935604
2006-12-22,-2.3513882512687507
2006-12-25,0.0
2006-12-26,0.0
2006-12-27,-1.7080872568756584
2006-12-28,-1.154901242804817
2006-12-29,-0.5216111523697258
2007-01-01,0.0
2007-01-02,0.0
2007-01-03,0.693575575273951
2007-01-04,1.4055938246588418
2007-01-05,-0.8462949995298046
2007-01-08,-0.290559711973264
2007-01-09,0.0
2007-01-10,-0.6286462110594605
2007-01-11,-1.8909386220812725
2007-01-12,-0.9298584612778608
2007-01-15,0.0
2007-01-16,0.0
2007-01-17,-1.2995027220919149
2007-01-18,0.9791748720610942
2007-01-19,-0.6698279317554086
2007-01-22,0.5179579271619142
2007-01-23,-1.4124303861418046
2007-01-24,-0.17932982166729103
2007-01-25,2.1204766877252483
2007-01-26,0.34643897517196165
2007-01-29,0.3597456246677107
2007-01-30,-0.5603561230746809
2007-01-31,-1.7013577650254363
2007-02-01,0.37882267274698933
2007-02-02,-0.19707537525899074
2007-02-05,-0.8177428454513601
2007-02-06,-1.8490996675671196
2007-02-07,-1.221524633032125
2007-02-08,-0.20842819201050722
2007-02-09,2.2387553251185452
2007-02-12,0.7904901964723469
2007-02-13,0.4074936283946625
2007-02-14,-3.238270732324199
2007-02-15,-1.0311581911891334
2007-02-16,-0.3527216612543195
2007-02-19,0.0
2007-02-20,0.0
2007-02-21,0.563973659093369
2007-02-22,1.517816583419142
2007-02-23,-2.035251863641075
2007-02-26,-1.7794045872345887
2007-02-27,-4.045490691642865
2007-02-28,0.957786928406568
2007-03-01,-0.0
2007-03-02,-1.141052649851195
2007-03-05,-0.12898042993062242
2007-03-06,-0.40320188122076267
2007-03-07,0.9616397783574935
2007-03-08,-0.14087702284742096
2007-03-09,-2.6327300760320864
2007-03-12,1.133202888517766
2007-03-13,1.8347509927358552
2007-03-14,-0.5974911824259943
2007-03-15,-0.37105696041742015
2007-03-16,-0.32147217796476757
2007-03-19,-0.7342016924217185
2007-03-20,0.6828709778638351
2007-03-21,1.109048997179068
2007-03-22,-2.0492681960989674
2007-03-23,-0.6616675373535372
2007-03-26,0.678220304678151
2007-03-27,-0.560515669402409
2007-03-28,-0.14527066022885834
2007-03-29,-0.6048135622823767
2007-03-30,-0.6260304778661152
2007-04-02,0.16182085975169103
2007-04-03,-0.8404881191647848
2007-04-04,0.6869562103099479
2007-04-05,-0.8857067711379687
2007-04-06,-3.031360688157636
2007-04-09,0.15360969081154646
2007-04-10,0.7899876277472982
2007-04-11,-0.4891615180533815
2007-04-12,0.0
2007-04-13,-1.0524816366726144
2007-04-16,0.8863271774902407
2007-04-17,1.9108977788552768
2007-04-18,1.1776745265070898
2007-04-19,-0.17168216160153774
2007-04-20,0.0
2007-04-23,0.739303781061245
2007-04-24,1.3095271201574368
2007-04-25,-0.9448619283196964
2007-04-26,-1.707359680056766
2007-04-27,-0.3794697160353936
2007-04-30,2.857398062177886
2007-05-01,-0.6574156378306578
2007-05-02,-0.17011273531887455
2007-05-03,-1.2252938607038415
2007-05-04,1.3929425051964532
2007-05-07,0.1759799515818939
2007-05-08,0.18322162925280353
2007-05-09,-1.848932916987093
2007-05-10,1.0832374457493399
2007-05-11,-1.098060913368531
2007-05-14,-0.7464890948848323
2007-05-15,-0.9583870624653332
2007-05-16,0.0
2007-05-17,-1.9864800632024158
2007-05-18,-1.9041485833929364
2007-05-21,-0.5647378620497266
2007-05-22,1.6893393292734382
2007-05-23,0.92568477719254
2007-05-24,0.19023055895152932
2007-05-25,0.1979138519187473
2007-05-28,0.0
2007-05-29,0.0
2007-05-30,-0.0
2007-05-31,0.8796411906689392
2007-06-01,2.882427815820592
2007-06-04,-0.762062247109624
2007-06-05,1.894508998267954
2007-06-06,-0.7444772963605587
2007-06-07,3.9845052720093497
2007-06-08,0.5102178243973255
2007-06-11,0.3964387355800104
2007-06-12,2.801239871190395
2007-06-13,-0.6767524288093415
2007-06-14,0.34901954168462096
2007-06-15,-1.3006874720150912
2007-06-18,-0.7078563010993574
2007-06-19,-1.6495077364918274
2007-06-20,1.0332338187246488
2007-06-21,0.8142340090896223
2007-06-22,-0.8291869323755726
2007-06-25,-1.651791400257983
2007-06-26,0.46369657157768457
2007-06-27,-0.8354167377807642
2007-06-28,1.0909171132299973
2007-06-29,-1.8971549022677618
2007-07-02,-0.798593162685473
2007-07-03,1.268794406084103
2007-07-04,0.0
2007-07-05,0.0
2007-07-06,1.1834843796033974
2007-07-09,-0.8333815783962923
2007-07-10,-2.809183688563785
2007-07-11,0.5993833589826777
2007-07-12,1.0212858152301716
2007-07-13,-0.10406185676224249
2007-07-16,-1.5868882488809855
2007-07-17,0.9324570531749506
2007-07-18,-1.6521461797149262
2007-07-19,0.304527074696547
2007-07-20,-1.6480053149109002
2007-07-23,0.20277050346304365
2007-07-24,-0.5270858774722567
2007-07-25,-0.8693946424469137
2007-07-26,-3.055515213837284
2007-07-27,0.35269912144570975
2007-07-30,0.5467022859153133
2007-07-31,-0.6590607314178808
2007-08-01,-0.09720830423836997
2007-08-02,-0.0
2007-08-03,-1.3544541872863323
2007-08-06,0.6237307925533795
2007-08-07,0.42828526051267257
2007-08-08,2.292791360473786
2007-08-09,-1.5370023653135991
2007-08-10,-0.3811328262059211
2007-08-13,-0.09901268411900938
2007-08-14,-1.1248835551311558
2007-08-15,1.024141149289659
2007-08-16,2.1738317567241143
2007-08-17,-0.8388392289704919
2007-08-20,0.5716752365812814
2007-08-21,0.9753724136547962
2007-08-22,-0.7934324379220348
2007-08-23,-0.10207996594720167
2007-08-24,-0.5308730444867233
2007-08-27,0.6567796697042881
2007-08-28,2.247671468652997
2007-08-29,-0.6072783469113984
2007-08-30,1.4355404600989652
2007-08-31,-1.21365278222215
2007-09-03,0.0
2007-09-04,0.0
2007-09-05,2.1191126626253856
2007-09-06,-0.670502192265132
2007-09-07,3.048782276153943
2007-09-10,0.5459637688913173
2007-09-11,-0.8792024152109054
2007-09-12,-0.7320668878281298
2007-09-13,-1.3148809847247431
2007-09-14,0.4944150530970569
2007-09-17,-0.17081048533391
2007-09-18,0.2667919227399652
2007-09-19,-0.8266838186150665
2007-09-20,-2.6298180289682023
2007-09-21,0.6358563709068555
2007-09-24,0.08211773381566882
2007-09-25,0.3418766971289599
2007-09-26,0.0
2007-09-27,0.918402367219621
2007-09-28,-0.2823179566153394
2007-10-01,0.19581999048097018
2007-10-02,0.8606557355905136
2007-10-03,-0.4675295441726367
2007-10-04,0.5379821690136131
2007-10-05,-2.813765386709776
2007-10-08,0.0
2007-10-09,0.0
2007-10-10,0.0959991810517992
2007-10-11,-0.15046631971916546
2007-10-12,-0.6251280313367318
2007-10-15,0.5374474679862871
2007-10-16,0.6106236720650016
2007-10-17,2.616333985993506
2007-10-18,1.0351683196604513
2007-10-19,2.0806287585917262
2007-10-22,-0.09342523147092582
2007-10-23,-0.04866841986244967
2007-10-24,1.6363325275729999
2007-10-25,-0.5400586743861278
2007-10-26,-0.7075183870806152
2007-10-29,0.05222213923066308
2007-10-30,0.0
2007-10-31,-2.19891194664054
2007-11-01,0.0
2007-11-02,0.0
2007-11-05,-0.6367584908171942
2007-11-06,-0.981074979718259
2007-11-07,1.051449490150582
2007-11-08,1.603594050787183
2007-11-09,1.2561398759864324
2007-11-12,0.0
2007-11-13,0.0
2007-11-14,-0.456973843080865
2007-11-15,2.7587376483877253
2007-11-16,0.2567879767766119
2007-11-19,1.8701076483797996
2007-11-20,0.461073001223103
2007-11-21,0.7959093017908113
2007-11-22,0.0
2007-11-23,0.0
2007-11-26,3.623052967364221
2007-11-27,-1.6478970529946464
2007-11-28,-1.4322859483911556
2007-11-29,1.3405918964921668
2007-11-30,-0.154064969861597
2007-12-03,1.7264783552479575
2007-12-04,0.11610711252329131
2007-12-05,0.0
2007-12-06,-1.4280397739167057
2007-12-07,-2.059343966024917
2007-12-10,-0.447390150040221
2007-12-11,2.8276524460049295
2007-12-12,-1.3137548190676809
2007-12-13,-1.1123896876625083
2007-12-14,-0.869155569211488
2007-12-17,0.7288658196935517
2007-12-18,1.0676691000541083
2007-12-19,0.7868032357249323
2007-12-20,0.6729082006950531
2007-12-21,-2.2552105530994946
2007-12-24,-0.672062690285843
2007-12-25,0.0
2007-12-26,0.0
2007-12-27,1.2826063865295367
2007-12-28,1.3982159843294253
2007-12-31,0.9807432841908554
2008-01-01,0.0
2008-01-02,0.0
2008-01-03,-0.10005128624218551
2008-01-04,1.4068167268383596
2008-01-07,0.3796087226600549
2008-01-08,0.0
2008-01-09,0.7455516050860465
2008-01-10,-1.5653135729307397
2008-01-11,1.4659526370877656
2008-01-14,0.14732777476561806
2008-01-15,1.4364919280349058
2008-01-16,-0.15211265491082435
2008-01-17,1.2931690997649685
2008-01-18,0.3181658782126882
2008-01-21,0.0
2008-01-22,0.0
2008-01-23,1.018185883803242
2008-01-24,-3.597799716809038
2008-01-25,0.7424991916656674
2008-01-28,-0.09566248583271847
2008-01-29,-0.9844042108039525
2008-01-30,-1.1249956924636084
2008-01-31,1.5178010014393115
2008-02-01,0.6903324649878397
2008-02-04,-0.5074266131690032
2008-02-05,1.3816910743798216
2008-02-06,-0.2780535538947628
2008-02-07,-1.7445054732325753
2008-02-08,1.1925593414349245
2008-02-11,0.5530775474741034
2008-02-12,-0.9909185507032409
2008-02-13,0.2175824468259084
2008-02-14,-1.7506657215852446
2008-02-15,0.4685673804212246
2008-02-18,0.0
2008-02-19,0.0
2008-02-20,-0.8053832254277126
2008-02-21,2.778804493796758
2008-02-22,0.03369158243268938
2008-02-25,-1.8878092706421223
2008-02-26,0.690934351646864
2008-02-27,0.13601567285666485
2008-02-28,2.3499190555697504
2008-02-29,2.854158324733469
2008-03-03,-0.14741907135801358
2008-03-04,0.0
2008-03-05,0.0
2008-03-06,0.7482628554927484
2008-03-07,1.4526639882639985
2008-03-10,1.6271628602097763
2008-03-11,-2.891680326716843
2008-03-12,1.749626579525977
2008-03-13,-0.18354461629346727
2008-03-14,2.3328457456195606
2008-03-17,1.3811272521425115
2008-03-18,-1.6128646063553438
2008-03-19,1.2875710432106338
2008-03-20,0.3677839708789747
2008-03-21,0.0
2008-03-24,0.0
2008-03-25,0.5539720629705769
2008-03-26,0.21617793087135434
2008-03-27,-0.5165620864017572
2008-03-28,0.6159004386509983
2008-03-31,0.49650740029673535
2008-04-01,-2.3143212256730252
2008-04-02,-0.5681068347328314
2008-04-03,0.0
2008-04-04,1.7452850924502772
2008-04-07,-1.5113631346986485
2008-04-08,-0.030653053165450216
2008-04-09,1.4720055972382469
2008-04-10,-1.2840757733206691
2008-04-11,1.3867799968600645
2008-04-14,-0.5916808476134292
2008-04-15,-1.1346592567411475
2008-04-16,-1.7733386756796365
2008-04-17,-0.5135173496225504
2008-04-18,-0.5006208523553818
2008-04-21,0.5714841298990185
2008-04-22,-0.34208874787875515
2008-04-23,-0.4159956492299521
2008-04-24,-1.8176239134668801
2008-04-25,-0.5641522636897505
2008-04-28,0.645901539782497
2008-04-29,0.11352303375670963
2008-04-30,0.9707358688559286
2008-05-01,-0.1900822255472999
2008-05-02,-1.8030064973522386
2008-05-05,0.24693965620191352
2008-05-06,-0.5358433004052822
2008-05-07,0.6269241394937792
2008-05-08,1.633098791581513
2008-05-09,0.6268054634630551
2008-05-12,-0.07635201334703924
2008-05-13,-2.6230396813900008
2008-05-14,-0.7866925032854164
2008-05-15,1.5774864311873291
2008-05-16,-0.13679965290722465
2008-05-19,0.42676143839316244
2008-05-20,1.3071002366221172
2008-05-21,-0.7672492155038321
2008-05-22,-2.0908403926046892
2008-05-23,1.6910667024119332
2008-05-26,0.0
2008-05-27,0.0
2008-05-28,-1.4884804539935081
2008-05-29,-1.0409368528665304
2008-05-30,0.5474301461492809
2008-06-02,1.940539841052194
2008-06-03,1.742693302376647
2008-06-04,-0.459135386969314
2008-06-05,-1.3914698468911004
2008-06-06,1.5276144586722047
2008-06-09,-1.464061261819334
2008-06-10,-1.8975160183575548
2008-06-11,-0.5122725320885949
2008-06-12,2.0070969327974977
2008-06-13,0.6691294551247103
2008-06-16,-0.4390539579299511
2008-06-17,-0.856110844611359
2008-06-18,-1.3740692982836809
2008-06-19,1.0897650071486682
2008-06-20,-1.3507797838328803
2008-06-23,0.4852011420378288
2008-06-24,-1.4716848481944127
2008-06-25,0.3135521945858845
2008-06-26,-1.7755512428665954
2008-06-27,-0.3437806626465285
2008-06-30,-0.19504782161360038
2008-07-01,0.10152135603766044
2008-07-02,-0.7729999435213785
2008-07-03,-0.3263455960700943
2008-07-04,0.0
2008-07-07,0.0
2008-07-08,-0.9671376603718127
2008-07-09,-0.6755993381959066
2008-07-10,-0.45248537585830945
2008-07-11,-3.1227349777526965
2008-07-14,1.2127068266855345
2008-07-15,1.006750728334279
2008-07-16,-1.2331954264450626
2008-07-17,-2.174125258579617
2008-07-18,-0.6004281492523222
2008-07-21,0.3441493500854703
2008-07-22,-0.6793648881603568
2008-07-23,-1.0672243883258266
2008-07-24,2.523971662689635
2008-07-25,-1.47453466242549
2008-07-28,1.6441923403183007
2008-07-29,-0.30831882011617395
2008-07-30,0.0
2008-07-31,1.493469389519686
2008-08-01,0.4220690681421832
2008-08-04,-0.4045840880227377
2008-08-05,-0.31534653079292596
2008-08-06,-0.5098762180145482
2008-08-07,2.4920051748089276
2008-08-08,-0.5942787466225803
2008-08-11,-0.9507975784725432
2008-08-12,1.8123060160618945
2008-08-13,-0.6595798077639335
2008-08-14,0.8790983618331853
2008-08-15,0.6233713212319335
2008-08-18,0.6781274681593853
2008-08-19,-0.2951632735796475
2008-08-20,0.9513136790802217
2008-08-21,-0.854038363252948
2008-08-22,-0.7561468276667698
2008-08-25,2.0095995330165954
2008-08-26,-0.07729818792714797
2008-08-27,0.5224296466167394
2008-08-28,-0.29170974482870016
2008-08-29,-0.519055054417115
2008-09-01,0.0
2008-09-02,0.0
2008-09-03,1.1445024261091246
2008-09-04,0.9776232290956834
2008-09-05,-0.9485364734543416
2008-09-08,-0.6323946017420766
2008-09-09,1.5965671353105744
2008-09-10,-1.2697756664511277
2008-09-11,0.5472093720736868
2008-09-12,-2.2052920348055007
2008-09-15,4.708535786388274
2008-09-16,-0.5624606481303888
2008-09-17,1.4698969593117266
2008-09-18,-0.13797614432018032
2008-09-19,-4.2376683580862125
2008-09-22,-0.5008541767131899
2008-09-23,-0.29102908554553164
2008-09-24,0.4025849513172319
2008-09-25,-0.9826498068292852
2008-09-26,0.5217223745042795
2008-09-29,1.9507154803809112
2008-09-30,-1.9382166699725984
2008-10-01,0.4321482182085416
2008-10-02,0.3873821339916083
2008-10-03,0.49337746959053735
2008-10-06,1.9346311895357113
2008-10-07,-0.7557597543266598
2008-10-08,-1.9749477093537162
2008-10-09,-1.1550110110791727
2008-10-10,0.012818530113148143
2008-10-13,0.0
2008-10-14,0.0
2008-10-15,-0.15169850097038923
2008-10-16,0.30207526388307393
2008-10-17,-0.3585990064630526
2008-10-20,1.0725413882283759
2008-10-21,1.4399325135571421
2008-10-22,0.7146284466051759
2008-10-23,0.580034625926226
2008-10-24,-0.7211006346807831
2008-10-27,0.0
2008-10-28,-0.8176452255769222
2008-10-29,-0.3247891502892154
2008-10-30,-0.5493620312095491
2008-10-31,-0.5851345140342293
2008-11-03,0.863035686342279
2008-11-04,1.5932957206479743
2008-11-05,0.3878576327673111
2008-11-06,0.0
2008-11-07,-0.4985329280424747
2008-11-10,0.6182860997980281
2008-11-11,0.0
2008-11-12,0.0
2008-11-13,-0.3514817509757901
2008-11-14,0.7519916905760358
2008-11-17,0.7951597039558399
2008-11-18,1.5943567401365697
2008-11-19,1.3528341569382065
2008-11-20,2.6874954396117263
2008-11-21,-0.4137922839883918
2008-11-24,-1.9268388286941545
2008-11-25,2.812488899359355
2008-11-26,1.745090022805297
2008-11-27,0.0
2008-11-28,0.0
2008-12-01,2.2350134399585673
2008-12-02,0.350200130110607
2008-12-03,1.03090121772937
2008-12-04,1.386013927344221
2008-12-05,-1.9634709714931073
2008-12-08,-0.39377094136582014
2008-12-09,0.8549563916681657
2008-12-10,-0.8887402951507039
2008-12-11,1.876456574207352
2008-12-12,0.6110117442430698
2008-12-15,0.6073326682681601
2008-12-16,2.9071664579940837
2008-12-17,1.2085236654981835
2008-12-18,0.6011625244118125
2008-12-19,-1.3227584177211382
2008-12-22,-0.08282131846586857
2008-12-23,0.2692049107095452
2008-12-24,-0.5081755104643285
2008-12-25,0.0
2008-12-26,0.0
2008-12-29,0.5421549731472229
2008-12-30,-0.599245542892788
2008-12-31,-2.002821788299765
2009-01-01,0.0
2009-01-02,0.0
2009-01-05,-0.16024009717891882
2009-01-06,0.2510816511380413
2009-01-07,0.17426743650294524
2009-01-08,1.1917091331878673
2009-01-09,0.3426833200120304
2009-01-12,1.1784247111679664
2009-01-13,-0.16755655316265294
2009-01-14,1.1874750637261628
2009-01-15,0.07554221883399918
2009-01-16,-0.8035854753873636
2009-01-19,0.0
2009-01-20,0.0
2009-01-21,-2.4707401217095355
2009-01-22,-0.9233900884216505
2009-01-23,-0.36399347095463347
2009-01-26,-0.4027314762210322
2009-01-27,1.7323826763814165
2009-01-28,-1.3844523959635553
2009-01-29,-1.5773557540134473
2009-01-30,-0.24246882215742963
2009-02-02,1.648244412840328
2009-02-03,-1.9021392123825216
2009-02-04,-0.7108662111360123
2009-02-05,0.4443215673094585
2009-02-06,-0.9293299337952569
2009-02-09,-0.450481503348247
2009-02-10,2.5031742712415403
2009-02-11,0.9965321142103007
2009-02-12,0.8672746838345677
2009-02-13,-2.520625910251064
2009-02-16,0.0
2009-02-17,0.0
2009-02-18,-1.3484486851918303
2009-02-19,-1.9677583715071234
2009-02-20,1.3118738490893405
2009-02-23,-0.24754261845936787
2009-02-24,-0.5721738783575157
2009-02-25,-2.231666128761888
2009-02-26,0.5075817014024306
2009-02-27,-0.08676712173107562
2009-03-02,2.37893740608437
2009-03-03,-0.5913501636263888
2009-03-04,-1.3150043876579385
2009-03-05,2.61319107468519
2009-03-06,0.05018079325511695
2009-03-09,-0.4073272736875616
2009-03-10,-1.3796210925519437
2009-03-11,0.9773232733210679
2009-03-12,0.7142844273236781
2009-03-13,0.28735817611276937
2009-03-16,-0.8728663862252118
2009-03-17,-1.1333235313263486
2009-03-18,5.3687281330470125
2009-03-19,-0.7271545723423786
2009-03-20,0.04366662500243401
2009-03-23,-0.2832140879856774
2009-03-24,-0.09377390513199992
2009-03-25,-1.0449683488085024
2009-03-26,0.5049336267108404
2009-03-27,-0.3613790093641966
2009-03-30,0.5022456774602742
2009-03-31,0.3719080034276075
2009-04-01,0.25067363825006683
2009-04-02,-1.1607828276771994
2009-04-03,-1.7805570089701905
2009-04-06,-0.15196231268829039
2009-04-07,0.42404392702561466
2009-04-08,0.6978094806485936
2009-04-09,-0.5415923849194496
2009-04-10,0.0
2009-04-13,0.0
2009-04-14,0.646413024559127
2009-04-15,0.29323495389001974
2009-04-16,-0.9805276696320759
2009-04-17,-1.586093658250352
2009-04-20,1.1852335337232949
2009-04-21,-1.0323105680743705
2009-04-22,-0.7657736311658657
2009-04-23,0.2484809487313983
2009-04-24,-0.8696912879435412
2009-04-27,1.2137708168367036
2009-04-28,-0.9958018269772089
2009-04-29,-0.8862233308698992
2009-04-30,-0.30760712498282816
2009-05-01,-0.31768671877237353
2009-05-04,0.26665937060662687
2009-05-05,0.0808582095474142
2009-05-06,0.26949556653489887
2009-05-07,-1.5071138247549007
2009-05-08,0.20321825874362812
2009-05-11,1.6776953669266559
2009-05-12,0.05703044690012941
2009-05-13,0.8215596224490539
2009-05-14,-0.12773650436464434
2009-05-15,-0.3307127757522353
2009-05-18,-1.5260176079258292
2009-05-19,-0.3609140752927787
2009-05-20,0.6751138653231941
2009-05-21,-2.3022475553090223
2009-05-22,-1.5477818998348887
2009-05-25,0.0
2009-05-26,0.0
2009-05-27,2.603158030746413
2009-05-28,0.060848440135165036
2009-05-29,-2.085523104402563
2009-06-01,2.7384523821249585
2009-06-02,-0.27545521502687126
2009-06-03,-0.9640549693664677
2009-06-04,1.9537858893466573
2009-06-05,2.5229296332064117
2009-06-08,0.24622000298517444
2009-06-09,-0.7079855576557232
2009-06-10,0.5186197028773819
2009-06-11,-1.1247016954260372
2009-06-12,-0.5407831789388649
2009-06-15,-0.8487606136025685
2009-06-16,-0.48008744591258007
2009-06-17,-0.5021634502257167
2009-06-18,2.3357023062666102
2009-06-19,-0.6633231616888942
2009-06-22,-1.4266264714529568
2009-06-23,-0.6149859137486061
2009-06-24,0.5345828742201223
2009-06-25,-1.8110031891346972
2009-06-26,-0.3714638416050384
2009-06-29,-0.08689174193822753
2009-06-30,0.371224724848367
2009-07-01,-0.0
2009-07-02,-1.162684919924535
2009-07-03,0.0
2009-07-06,0.0
2009-07-07,-1.1119483766355058
2009-07-08,-3.1907664366288992
2009-07-09,1.40578462694367
2009-07-10,-1.576257510099371
2009-07-13,0.6563986850332254
2009-07-14,1.01486821468113
2009-07-15,2.009852982537255
2009-07-16,-0.5356458300552017
2009-07-17,1.0688624490606122
2009-07-20,-0.9403576503042639
2009-07-21,-1.20526402930768
2009-07-22,0.8572367809415263
2009-07-23,1.9043226606004917
2009-07-24,-0.48992542450773685
2009-07-27,0.490903887166808
2009-07-28,-0.054521334766238
2009-07-29,0.14401218838320995
2009-07-30,-0.3696728399296985
2009-07-31,-2.1388339293135155
2009-08-03,1.9665750452338173
2009-08-04,0.23188381600309335
2009-08-05,0.9152266888629129
2009-08-06,-0.4495311264770567
2009-08-07,1.6276845826753532
2009-08-10,-1.41504774647935
2009-08-11,-0.8545124950363121
2009-08-12,-0.15471906632791
2009-08-13,-1.705658017013514
2009-08-14,-0.48760269313605853
2009-08-17,-0.8688851300229817
2009-08-18,0.43553825749565717
2009-08-19,-0.8442876652584727
2009-08-20,-0.2760478834790423
2009-08-21,1.840149847075539
2009-08-24,-0.7200384824390663
2009-08-25,-0.5778746781993137
2009-08-26,-0.23262173426988153
2009-08-27,0.2704311722841857
2009-08-28,-0.40622530050564754
2009-08-31,-1.0304388953383188
2009-09-01,-0.656118269637234
2009-09-02,-1.109534051635586
2009-09-03,0.6463775205531515
2009-09-04,1.5697602056317823
2009-09-07,0.0
2009-09-08,0.0
2009-09-09,-0.18734955682274498
2009-09-10,2.2645630054460613
2009-09-11,0.19413137488256846
2009-09-14,-1.0974570432160984
2009-09-15,-0.9133806967414924
2009-09-16,-0.7695319266987996
2009-09-17,1.1996482622478881
2009-09-18,-1.4561595865980466
2009-09-21,-0.07344206476345438
2009-09-22,0.5335993586131086
2009-09-23,1.015499183548868
2009-09-24,0.6769262706280119
2009-09-25,0.7963646884393435
2009-09-28,0.6040973718668434
2009-09-29,0.3381104208041682
2009-09-30,0.10059620415109863
2009-10-01,2.801491263446653
2009-10-02,-0.12983338479207399
2009-10-05,-0.08872096080401368
2009-10-06,-0.17785362206874808
2009-10-07,1.7749356584196692
2009-10-08,-1.7021451801758105
2009-10-09,-2.3878983219133976
2009-10-12,0.0
2009-10-13,0.0
2009-10-14,-1.9695253341230696
2009-10-15,-0.9784196169183544
2009-10-16,0.975566096433096
2009-10-19,0.31952326323213415
2009-10-20,1.173367913813274
2009-10-21,-1.711435608816293
2009-10-22,-0.1320310310621726
2009-10-23,-0.9942252064363308
2009-10-26,-1.3796286186589541
2009-10-27,2.1619297209976778
2009-10-28,0.8354485401398296
2009-10-29,-1.3221343430543187
2009-10-30,2.1333625270999033
2009-11-02,-0.3140800596339701
2009-11-03,-0.8351046841620426
2009-11-04,-0.8435785438036926
2009-11-05,0.6267065629002108
2009-11-06,0.8847291571720453
2009-11-09,0.2987003342540504
2009-11-10,0.12907790576258144
2009-11-11,1.2792271771314905
2009-11-12,-0.3216466499843306
2009-11-13,0.09791192068295598
2009-11-16,2.177022905318283
2009-11-17,0.18005919199133652
2009-11-18,-0.947790657659194
2009-11-19,0.6659227666674552
2009-11-20,-0.2951205076509645
2009-11-23,0.2047997780650958
2009-11-24,1.6242740370055737
2009-11-25,1.2444786555763645
2009-11-26,0.0
2009-11-27,0.0
2009-11-30,0.21833148771422572
2009-12-01,-1.390928862704654
2009-12-02,-1.5410038280764018
2009-12-03,-1.3741893627253616
2009-12-04,-3.329229676780933
2009-12-07,1.1560021038641792
2009-12-08,1.818892372661494
2009-12-09,-0.43969247426306185
2009-12-10,-1.4304705068667471
2009-12-11,-1.5796486115245894
2009-12-14,-0.3209261010499827
2009-12-15,-1.238585747053501
2009-12-16,0.3257377798950983
2009-12-17,2.3200673944901076
2009-12-18,-1.241397534639981
2009-12-21,-2.49342151558613
2009-12-22,-0.9870107098674599
2009-12-23,-0.27194746522622365
2009-12-24,-1.0438884771715702
2009-12-25,0.0
2009-12-28,0.0
2009-12-29,0.3796345881035444
2009-12-30,0.5249502287243637
2009-12-31,-1.1247590650377595
2010-01-01,0.0
2010-01-04,0.0
2010-01-05,1.9449258623688421
2010-01-06,-0.6635702056087914
2010-01-07,-0.3661989222585608
2010-01-08,0.5684749796496408
2010-01-11,0.0
2010-01-12,-2.249024525819276
2010-01-13,1.0730007197763312
2010-01-14,-1.0896290409622533
2010-01-15,-1.6158075689268703
2010-01-18,0.0
2010-01-19,0.0
2010-01-20,-1.0256345147114276
2010-01-21,1.2758165612303283
2010-01-22,0.2992324464534293
2010-01-25,-0.5703077705601489
2010-01-26,0.3219703355577226
2010-01-27,-0.6133639657073353
2010-01-28,0.17329201051476384
2010-01-29,1.6842001021220052
2010-02-01,-1.0996939773358043
2010-02-02,0.5908424580379014
2010-02-03,-1.6764858414261297
2010-02-04,2.4149081012730624
2010-02-05,2.019137536463098
2010-02-08,-1.2051285187876952
2010-02-09,-0.8151441423727614
2010-02-10,-1.093391460008994
2010-02-11,-0.47954088647204285
2010-02-12,1.0907919125813663
2010-02-15,0.0
2010-02-16,0.0
2010-02-17,-2.2542250855856922
2010-02-18,-1.5690197508923143
2010-02-19,-0.052681604097191255
2010-02-22,0.0
2010-02-23,2.8488621689911695
2010-02-24,0.0962472056380584
2010-02-25,1.421899669558302
2010-02-26,1.0771969410681834
2010-03-01,-0.3005983504335627
2010-03-02,0.05215099701190074
2010-03-03,0.054357848665716
2010-03-04,0.3395647320966988
2010-03-05,-1.7146963946364884
2010-03-08,-0.4572567549041155
2010-03-09,0.5328297732326682
2010-03-10,-0.7342856009919445
2010-03-11,-0.379667413983567
2010-03-12,0.0658269511008574
2010-03-15,0.2741295218609761
2010-03-16,2.16930691576037
2010-03-17,0.0
2010-03-18,-1.1666153605905238
2010-03-19,-0.5612847968308172
2010-03-22,1.425832648154687
2010-03-23,0.0
2010-03-24,-4.472960672723417
2010-03-25,-1.5863421592930016
2010-03-26,1.1524985574850484
2010-03-29,-0.04506782468908868
2010-03-30,0.0
2010-03-31,0.9673121795917514
2010-04-01,-0.6919490334703678
2010-04-02,-2.1546656873896097
2010-04-05,-1.0305579830185776
2010-04-06,0.6657321411467891
2010-04-07,2.3458912394409492
2010-04-08,-0.563894892012089
2010-04-09,0.26926200211776324
2010-04-12,1.0150183919233404
2010-04-13,0.9804447069075937
2010-04-14,-0.9021010497253252
2010-04-15,0.34092440095313387
2010-04-16,2.123080712068863
2010-04-19,-0.8315994097185433
2010-04-20,-0.09511023478762248
2010-04-21,1.31482392635299
2010-04-22,-1.1182775837593555
2010-04-23,-1.174136344923132
2010-04-26,0.3976179967944397
2010-04-27,3.1831355535334533
2010-04-28,-1.6431694335838607
2010-04-29,1.0691277908209775
2010-04-30,1.1520754200148906
2010-05-03,-1.0385686567318702
2010-05-04,1.607446413410348
2010-05-05,1.2698714098547066
2010-05-06,2.81679111080435
2010-05-07,-0.5637430362407589
2010-05-10,-1.810511474849298
2010-05-11,0.1821868388429347
2010-05-12,-0.5544024309717659
2010-05-13,0.16509935700075257
2010-05-14,2.3150702534248153
2010-05-17,-0.505813355711711
2010-05-18,1.6489553406157456
2010-05-19,0.12980834715741943
2010-05-20,1.9078379447376468
2010-05-21,0.9987937885952225
2010-05-24,-0.3813772777027207
2010-05-25,1.3765091718323206
2010-05-26,-1.5720678658910088
2010-05-27,-2.401834530393868
2010-05-28,1.0449980378968393
2010-05-31,0.0
2010-06-01,0.0
2010-06-02,-0.9114088089084242
2010-06-03,-0.58103192814969
2010-06-04,3.509946285119999
2010-06-07,0.2877244043233822
2010-06-08,0.4035682602722804
2010-06-09,-0.39361451789248
2010-06-10,-2.228401343137093
2010-06-11,1.8285288034608147
2010-06-14,-1.0474952135726339
2010-06-15,-0.6663195167247515
2010-06-16,0.38821004470236975
2010-06-17,1.431705951975405
2010-06-18,-0.6237700056506399
2010-06-21,-0.3151143715421158
2010-06-22,1.3383042665051563
2010-06-23,0.987370425553289
2010-06-24,-0.06859450015586442
2010-06-25,0.3388506564392314
2010-06-28,1.3500473794471244
2010-06-29,0.8607833419593836
2010-06-30,0.035060134234640106
2010-07-01,0.14613274758981754
2010-07-02,-0.706437140499938
2010-07-05,0.0
2010-07-06,0.0
2010-07-07,-0.6794635560917861
2010-07-08,-0.6607582991622494
2010-07-09,-0.5657508465104758
2010-07-12,0.46819884012078594
2010-07-13,-1.1543497886346548
2010-07-14,1.468192676362843
2010-07-15,1.3679825303638833
2010-07-16,1.052861216308734
2010-07-19,-0.4357031534247395
2010-07-20,0.5342135771247629
2010-07-21,0.7225021131560775
2010-07-22,-0.9095692059774639
2010-07-23,-1.3877357337679137
2010-07-26,0.17466233494849034
2010-07-27,-1.1625196269758342
2010-07-28,1.5168155354143997
2010-07-29,0.6682621914644143
2010-07-30,2.04469212183742
2010-08-02,-1.0602844233470614
2010-08-03,1.5313735903920855
2010-08-04,-0.9642833957565439
2010-08-05,0.7284030774937513
2010-08-06,1.8915335316423105
2010-08-09,-0.1681172324801467
2010-08-10,1.299397056728336
2010-08-11,1.7180049120787868
2010-08-12,-0.7157762224069791
2010-08-13,0.6516198179394284
2010-08-16,1.7605448783983666
2010-08-17,-1.4343971988047983
2010-08-18,-0.1693377237713467
2010-08-19,0.9659409573229426
2010-08-20,-1.189274966836891
2010-08-23,0.35854798268527405
2010-08-24,2.1570125009257515
2010-08-25,-1.3104479473795159
2010-08-26,0.8101470530520772
2010-08-27,-2.6470442693726133
2010-08-30,2.1271011188819635
2010-08-31,0.742326264344542
2010-09-01,-1.7681268222221496
2010-09-02,-0.519270959478954
2010-09-03,-1.1248635078663238
2010-09-06,0.0
2010-09-07,0.0
2010-09-08,-0.8920679347538454
2010-09-09,-1.7697315654715182
2010-09-10,-0.4993031960809775
2010-09-13,1.1253066688988431
2010-09-14,1.164420565418054
2010-09-15,-0.5541687172577787
2010-09-16,-0.6428571620460073
2010-09-17,0.552662473979796
2010-09-20,0.6470231010535775
2010-09-21,2.31724188256735
2010-09-22,0.4249648751689972
2010-09-23,0.03678499401454587
2010-09-24,-0.8727031800060974
2010-09-27,1.7832983088322731
2010-09-28,1.1488620409700394
2010-09-29,-0.6739954787182495
2010-09-30,-0.2704758346778779
2010-10-01,0.0804460622483471
2010-10-04,1.040210797638916
2010-10-05,0.4683916918724572
2010-10-06,1.2683756147636842
2010-10-07,0.1333678155606762
2010-10-08,0.5092553480124031
2010-10-11,0.3845106983147413
2010-10-12,-1.127846553046123
2010-10-13,0.4514491931543532
2010-10-14,-1.7533057776779022
2010-10-15,-1.3668445010094423
2010-10-18,2.0042415074957733
2010-10-19,0.42145282753432467
2010-10-20,0.04867254969033228
2010-10-21,-1.2908403191644937
2010-10-22,-0.7021907390484914
2010-10-25,0.0
2010-10-26,-2.2932486699991905
2010-10-27,-1.5371444250716593
2010-10-28,1.905993797339206
2010-10-29,1.218791577342229
2010-11-01,0.09187658081350902
2010-11-02,0.6679955464796242
2010-11-03,0.1481760027043119
2010-11-04,3.413988942217664
2010-11-05,-0.822637168178079
2010-11-08,-0.1611552037555013
2010-11-09,-2.1101813030254144
2010-11-10,1.0627848346954438
2010-11-11,-1.1810143814256528
2010-11-12,-1.3279427168116813
2010-11-15,-2.659067910912485
2010-11-16,0.579203773000865
2010-11-17,-0.36597699937976513
2010-11-18,-0.8590875122822181
2010-11-19,0.070575633457011
2010-11-22,1.3340330346576694
2010-11-23,0.7224063389885091
2010-11-24,-2.5125001120065793
2010-11-25,0.0
2010-11-26,0.0
2010-11-29,0.5888474588734619
2010-11-30,0.42548805502888676
2010-12-01,-2.7124482137386923
2010-12-02,-0.7772820172635434
2010-12-03,0.3845561642776519
2010-12-06,1.403633844806663
2010-12-07,-3.496711044051859
2010-12-08,-0.933896374102166
2010-12-09,-0.04877871458079887
2010-12-10,-0.9112565023056782
2010-12-13,0.7729781060567484
2010-12-14,2.2941571405418153
2010-12-15,0.6022064878502009
2010-12-16,-0.5252438347834075
2010-12-17,-1.733877582182334
2010-12-20,0.29033983332200936
2010-12-21,-0.28510342082467527
2010-12-22,0.44947076245286666
2010-12-23,0.7817721853561302
2010-12-24,0.0
2010-12-27,0.0
2010-12-28,1.853666210792224
2010-12-29,-2.4228919160732696
2010-12-30,0.49575390459119856
2010-12-31,-0.8801639088653436
2011-01-03,0.5086962990452862
2011-01-04,-0.2833152508691926
2011-01-05,2.3026138257981636
2011-01-06,-1.2726530956429565
2011-01-07,-1.8715367947107615
2011-01-10,-0.40495694689210093
2011-01-11,0.6857712196928756
2011-01-12,-0.035162422794583245
2011-01-13,-1.2609376333346238
2011-01-14,0.5805643058846522
2011-01-17,0.0
2011-01-18,0.0
2011-01-19,-0.4729178311989694
2011-01-20,2.3276835168601404
2011-01-21,-0.8380228258139724
2011-01-24,-0.20652511578389157
2011-01-25,-1.793628050765725
2011-01-26,1.5901435524781589
2011-01-27,-1.091047592975541
2011-01-28,-1.1773018654230292
2011-01-31,0.9052979490331369
2011-02-01,1.2203841336409047
2011-02-02,0.9580289945375103
2011-02-03,1.1488057173180302
2011-02-04,2.0654283289771382
2011-02-07,-0.07658473703173116
2011-02-08,1.537366681459474
2011-02-09,-1.4601975304331034
2011-02-10,1.1262070303221539
2011-02-11,-0.9575613342447448
2011-02-14,-0.3333164390622641
2011-02-15,-0.04481462925042043
2011-02-16,0.13960140494633885
2011-02-17,-1.325601195890287
2011-02-18,-0.1463509509597923
2011-02-21,0.0
2011-02-22,0.0
2011-02-23,0.8291663201763401
2011-02-24,-0.7064556930054128
2011-02-25,-0.4229116665591616
2011-02-28,-0.29821004749751845
2011-03-01,-0.21157211937834453
2011-03-02,1.1359756061335071
2011-03-03,2.5085869240697205
2011-03-04,-2.2341571663021105
2011-03-07,0.04407924930187733
2011-03-08,0.744153371021704
2011-03-09,-1.5900977723428467
2011-03-10,-1.7973004040510179
2011-03-11,-0.15916823785289141
2011-03-14,-1.1931027262826122
2011-03-15,-0.3779894915345058
2011-03-16,-2.1813063892329274
2011-03-17,0.7127361905225154
2011-03-18,0.5852947390646333
2011-03-21,1.1550081009912543
2011-03-22,0.37788056625511807
2011-03-23,0.19627467443965868
2011-03-24,1.2068266511692944
2011-03-25,0.8114100447594187
2011-03-28,0.2923320630817032
2011-03-29,0.863011455905323
2011-03-30,-1.0105890541589577
2011-03-31,0.2699638809188776
2011-04-01,0.1873210868075959
2011-04-04,-0.7758182083698766
2011-04-05,1.4224440965825504
2011-04-06,1.221813523833011
2011-04-07,-0.2983138830271071
2011-04-08,0.3228466237378813
2011-04-11,-0.28420197045499207
2011-04-12,-2.1921167718837764
2011-04-13,-0.9734534685761381
2011-04-14,0.6289492120129159
2011-04-15,-2.0322702513830846
2011-04-18,-1.2108990831762956
2011-04-19,-0.20568958120793682
2011-04-20,1.1592018521613674
2011-04-21,-0.2690970105446483
2011-04-22,0.0
2011-04-25,0.0
2011-04-26,-1.2553232795311877
2011-04-27,0.9219645181501954
2011-04-28,-1.9492255623083548
2011-04-29,0.6767922594470881
2011-05-02,0.34973155112094156
2011-05-03,0.7823231460604143
2011-05-04,0.8026126907549999
2011-05-05,1.6716764686578338
2011-05-06,0.8648084998095869
2011-05-09,0.7610359607902615
2011-05-10,-1.5355005939606248
2011-05-11,1.3346274393971909
2011-05-12,-1.0241410868033038
2011-05-13,1.3571454739242501
2011-05-16,1.0422268181759895
2011-05-17,0.7993811846935022
2011-05-18,-1.8719868120755472
2011-05-19,0.34934086849289864
2011-05-20,0.9395611420540663
2011-05-23,0.942093410809533
2011-05-24,0.47271573668974526
2011-05-25,0.37941326306429296
2011-05-26,3.487140448464917
2011-05-27,0.5784953527881658
2011-05-30,0.0
2011-05-31,0.0
2011-06-01,2.9120478056866155
2011-06-02,-1.2788902637908206
2011-06-03,1.3432641791770934
2011-06-06,0.05921708589456248
2011-06-07,-0.3075655359536198
2011-06-08,1.8124058872323383
2011-06-09,-1.728451746427117
2011-06-10,0.9458253986008435
2011-06-13,-0.6630125899674518
2011-06-14,-2.9156986046855513
2011-06-15,3.362787321201366
2011-06-16,1.111513239369623
2011-06-17,-0.579841069351757
2011-06-20,-0.23954775897082367
2011-06-21,-0.4552740495861353
2011-06-22,0.04295284350921569
2011-06-23,1.9110052573625973
2011-06-24,1.0490662178988408
2011-06-27,-0.887216079942987
2011-06-28,-2.7264566069408054
2011-06-29,-1.0850973145113958
2011-06-30,-1.1547797851995854
2011-07-01,-0.7737085727373482
2011-07-04,0.0
2011-07-05,0.0
2011-07-06,0.7795902428139956
2011-07-07,-1.2422007824391688
2011-07-08,2.7982182122049513
2011-07-11,1.6615689130136693
2011-07-12,0.18770308130894614
2011-07-13,0.4225194420573323
2011-07-14,-0.932959795314483
2011-07-15,1.0366192575067161
2011-07-18,0.1559832566382489
2011-07-19,0.0
2011-07-20,-0.7544974701371219
2011-07-21,-1.3753970435042273
2011-07-22,0.7590975344933482
2011-07-25,-0.4825535858387026
2011-07-26,0.99309432814296
2011-07-27,-0.7369724991275544
2011-07-28,0.6778634852787487
2011-07-29,2.882373613793217
2011-08-01,1.0239046740344389
2011-08-02,2.006976428078752
2011-08-03,0.2705593589227681
2011-08-04,2.7084776844438525
2011-08-05,-2.2444087268848834
2011-08-08,3.805383799119756
2011-08-09,2.3841202795199137
2011-08-10,0.38712372355054925
2011-08-11,-1.351322186944982
2011-08-12,1.1621147527636668
2011-08-15,-0.5627495625247806
2011-08-16,0.9845550156985966
2011-08-17,0.5393316498187545
2011-08-18,0.7635535823976766
2011-08-19,0.027739269178105694
2011-08-22,-0.33131585921518986
2011-08-23,-0.4173671610762051
2011-08-24,-1.1651236557012856
2011-08-25,0.6318773808432301
2011-08-26,0.47569319404517413
2011-08-29,-0.9196022434988868
2011-08-30,1.1108761412816848
2011-08-31,-0.6455794549658705
2011-09-01,0.9538468594598261
2011-09-02,1.308269265567679
2011-09-05,0.0
2011-09-06,0.0
2011-09-07,-0.5989347453263778
2011-09-08,0.675407884288707
2011-09-09,1.0393160625988649
2011-09-12,-0.5535410680365831
2011-09-13,-0.7749558459047379
2011-09-14,-0.3359307444788022
2011-09-15,-1.0609404628555505
2011-09-16,0.1586993907309685
2011-09-19,2.015780842812919
2011-09-20,-0.15314843506977321
2011-09-21,0.573883930603105
2011-09-22,2.045928172642661
2011-09-23,-1.4824913594154503
2011-09-26,-1.15563295315954
2011-09-27,-1.4228142996334967
2011-09-28,0.19850848219818024
2011-09-29,0.5896756826372076
2011-09-30,0.2135163403530925
2011-10-03,1.7656497524772674
2011-10-04,-0.060572060087081894
2011-10-05,-1.644837252495574
2011-10-06,-1.1222489390731412
2011-10-07,-1.1785592460121226
2011-10-10,-2.341469660168411
2011-10-11,1.067383141713328
2011-10-12,-0.5640274020773546
2011-10-13,0.9203698337137021
2011-10-14,-0.5986376120409953
2011-10-17,1.1706501274762628
2011-10-18,0.2286755551784153
2011-10-19,0.03372709419795509
2011-10-20,-0.2862752241988082
2011-10-21,-0.09800065563933161
2011-10-24,-0.6634499600674807
2011-10-25,1.668892978908917
2011-10-26,-1.1818293070585877
2011-10-27,-2.7116287807675543
2011-10-28,1.6166786847401564
2011-10-31,2.1131184111310146
2011-11-01,2.426732501317584
2011-11-02,0.12117686345946524
2011-11-03,-0.5279209106251714
2011-11-04,0.4190621356096863
2011-11-07,0.6487265100032333
2011-11-08,-1.1398476046362243
2011-11-09,1.7290503916658224
2011-11-10,-1.0703219727036581
2011-11-11,-1.3088241042726578
2011-11-14,1.543823959921734
2011-11-15,-0.28314686185857363
2011-11-16,0.39808171015670485
2011-11-17,0.739604784538313
2011-11-18,-1.209504690752432
2011-11-21,0.6637470299824871
2011-11-22,0.5164135334650019
2011-11-23,0.9401424036827449
2011-11-24,0.0
2011-11-25,0.0
2011-11-28,0.14981020849420967
2011-11-29,-0.660073610755962
2011-11-30,-0.912126348912224
2011-12-01,-0.47074114792519367
2011-12-02,1.2607534756878158
2011-12-05,-0.26267266031304887
2011-12-06,-0.5831990893944158
2011-12-07,1.6138838997797371
2011-12-08,1.0134519885772257
2011-12-09,-1.327395422319863
2011-12-12,0.902938000672434
2011-12-13,0.7241310266213676
2011-12-14,0.8687751340905726
2011-12-15,-0.25510062051518634
2011-12-16,1.2688349498269664
2011-12-19,0.44467608135601283
2011-12-20,-1.9785230911503355
2011-12-21,-0.5581245856305501
2011-12-22,0.08906026719936103
2011-12-23,-1.7045240091968574
2011-12-26,0.0
2011-12-27,0.0
2011-12-28,2.120923322146151
2011-12-29,0.3857808499248249
2011-12-30,0.7989881686089377
2012-01-02,0.0
2012-01-03,0.0
2012-01-04,-0.4709848322084391
2012-01-05,0.3432829446557354
2012-01-06,0.8130553767374338
2012-01-09,0.36746730681315076
2012-01-10,-0.4894685398601775
2012-01-11,1.7101121068101854
2012-01-12,-0.823476167930564
2012-01-13,2.0271500242060694
2012-01-16,0.0
2012-01-17,0.0
2012-01-18,-1.1532245156956458
2012-01-19,-1.93857420108623
2012-01-20,-1.4627557781982965
2012-01-23,-0.9438971675712331
2012-01-24,0.3777545179614232
2012-01-25,2.2905072729049367
2012-01-26,2.138725290932046
2012-01-27,0.8724512568871359
2012-01-30,0.9933967030555187
2012-01-31,0.7133666782474988
2012-02-01,-0.8855739705578016
2012-02-02,0.6436001512970458
2012-02-03,-2.7356577735983443
2012-02-06,1.0389217855517068
2012-02-07,-1.552926687876054
2012-02-08,-0.18912472499814068
2012-02-09,-0.9743665005113514
2012-02-10,1.8868033396697452
2012-02-13,-0.8070388436231073
2012-02-14,1.2564280521925375
2012-02-15,0.14762396378383
2012-02-16,-1.8715560685866903
2012-02-17,-0.19496967553016478
2012-02-20,0.0
2012-02-21,0.0
2012-02-22,1.3400186766785445
2012-02-23,0.5232149466295726
2012-02-24,-0.054323942501495706
2012-02-27,1.5519428181531145
2012-02-28,0.16798690633164826
2012-02-29,-1.5851557532123344
2012-03-01,-1.503554796001235
2012-03-02,1.9533239399320261
2012-03-05,-0.7467670112210815
2012-03-06,1.8684471449747202
2012-03-07,-0.6849515284544044
2012-03-08,-1.0762218323009465
2012-03-09,-0.6589249135466538
2012-03-12,0.11378900152320515
2012-03-13,-2.2461636285863067
2012-03-14,-3.9638245956437523
2012-03-15,0.1854968323884004
2012-03-16,-0.5785974030122069
2012-03-19,-1.6411118563535922
2012-03-20,-0.07751333158653669
2012-03-21,1.602598314869153
2012-03-22,0.4260665174161583
2012-03-23,0.7979799988319741
2012-03-26,0.041098348210230534
2012-03-27,1.4232231974773817
2012-03-28,-0.04210106445026802
2012-03-29,0.9131920037710564
2012-03-30,-1.1899277944759303
2012-04-02,0.6250062427407763
2012-04-03,-2.2016596108786692
2012-04-04,-1.2122422723901103
2012-04-05,-1.5799460267624497
2012-04-06,-2.679538040534009
2012-04-09,0.213410900498815
2012-04-10,1.0564196063916222
2012-04-11,-0.630659513015863
2012-04-12,-0.5561353036303184
2012-04-13,1.175620751231388
2012-04-16,0.505120853793225
2012-04-17,-0.8839104177214748
2012-04-18,0.46628858962182257
2012-04-19,0.6936850759667713
2012-04-20,-0.33284438904894376
2012-04-23,1.0991587285196613
2012-04-24,-0.7757171900720026
2012-04-25,-0.3351127579284199
2012-04-26,0.8076871505357077
2012-04-27,0.8264764086690163
2012-04-30,0.5030445343182579
2012-05-01,-1.2562027613665052
2012-05-02,0.9247190915065909
2012-05-03,0.0
2012-05-04,1.990597609082218
2012-05-07,0.0
2012-05-08,1.273079621485642
2012-05-09,-0.07562062569359651
2012-05-10,-0.6336450726206704
2012-05-11,1.491278704100204
2012-05-14,1.7111390898225523
2012-05-15,-0.24154166686676032
2012-05-16,0.2744557597992794
2012-05-17,1.961524486119958
2012-05-18,0.26687804654331454
2012-05-21,-1.053139030578655
2012-05-22,-1.7115149515177115
2012-05-23,2.240436119471078
2012-05-24,-1.153057876411204
2012-05-25,0.9418404889911562
2012-05-28,0.0
2012-05-29,0.0
2012-05-30,3.415040858253344
2012-05-31,0.8069510471360206
2012-06-01,2.658515937294684
2012-06-04,-1.8894347543830867
2012-06-05,-0.44779677373986215
2012-06-06,-1.8279877860850877
2012-06-07,0.3487450629115068
2012-06-08,0.18132922173974722
2012-06-11,0.8923357842856092
2012-06-12,-1.677657940314175
2012-06-13,1.449676823933019
2012-06-14,-0.5870505379647073
2012-06-15,0.7915932553872893
2012-06-18,-0.1438199135497108
2012-06-19,-0.7923163132886407
2012-06-20,-0.9093567476857229
2012-06-21,0.5181474165324856
2012-06-22,-1.2153783753342355
2012-06-25,1.8707721199803913
2012-06-26,-0.4075391918871277
2012-06-27,0.3703823923139345
2012-06-28,1.3020338717257
2012-06-29,-1.8486615259247468
2012-07-02,2.0494522207563013
2012-07-03,-1.1444373619634516
2012-07-04,0.0
2012-07-05,0.0
2012-07-06,1.2843868162974914
2012-07-09,0.5995983930380875
2012-07-10,0.25883308628153207
2012-07-11,-0.10772957932095552
2012-07-12,0.22454081986499658
2012-07-13,-0.4080023612436394
2012-07-16,1.0223853057688363
2012-07-17,-1.0346589908181114
2012-07-18,0.8084331473109094
2012-07-19,-1.1369512697568323
2012-07-20,1.7611011782675217
2012-07-23,0.6263242461030464
2012-07-24,0.8404054798484295
2012-07-25,-0.13331325740393882
2012-07-26,-0.892472504901413
2012-07-27,-3.522739655146273
2012-07-30,1.4477318904352043
2012-07-31,0.311729474986462
2012-08-01,-1.6768679473508308
2012-08-02,1.526890754020167
2012-08-03,-2.2195534140896886
2012-08-06,0.5965393598256515
2012-08-07,-1.5747153074003193
2012-08-08,-0.2764667598368628
2012-08-09,-0.0959216381062907
2012-08-10,0.8919177453609095
2012-08-13,-0.3560798505791244
2012-08-14,-1.5997228003460422
2012-08-15,-1.7987417007452513
2012-08-16,-0.6872867165969765
2012-08-17,0.4550674183792011
2012-08-20,0.052499404689767985
2012-08-21,0.3276601786399384
2012-08-22,2.394169478158315
2012-08-23,1.1928029324895257
2012-08-24,-0.35317994120970375
2012-08-27,0.7823634474846122
2012-08-28,0.4832015417387302
2012-08-29,-0.44495817476247557
2012-08-30,1.4167775252709736
2012-08-31,2.034190301665325
2012-09-03,0.0
2012-09-04,0.0
2012-09-05,-0.16580217587450966
2012-09-06,-2.186461425228948
2012-09-07,0.9433678923856277
2012-09-10,-0.5364042302189257
2012-09-11,-0.27797304240944115
2012-09-12,-1.5784268094599534
2012-09-13,1.4917025025377009
2012-09-14,-2.8476610553553736
2012-09-17,0.4160518391012351
2012-09-18,0.526673980790063
2012-09-19,0.5445116124669652
2012-09-20,0.10265165601685462
2012-09-21,0.9019603834879732
2012-09-24,0.8668864580529848
2012-09-25,0.8864489767019492
2012-09-26,1.667613135352061
2012-09-27,-0.49712182357882234
2012-09-28,-0.057333467003153046
2012-10-01,0.3583394793073207
2012-10-02,0.24849278040869655
2012-10-03,0.3879156741257226
2012-10-04,-1.3170367949172164
2012-10-05,-2.045963338916492
2012-10-08,1.3555856145292022
2012-10-09,-0.8674032810530916
2012-10-10,0.6993387021216478
2012-10-11,0.19734507840604934
2012-10-12,0.20555062644791808
2012-10-15,0.0
2012-10-16,-1.9950384110949109
2012-10-17,-3.2071583062975537
2012-10-18,-0.33757136153237755
2012-10-19,1.4832093101790946
2012-10-22,-1.0228236087586737
2012-10-23,0.9783345721513986
2012-10-24,0.0
2012-10-25,-1.7911930170531893
2012-10-26,2.333848724167679
2012-10-29,0.7360541284667785
2012-10-30,-0.379434023800741
2012-10-31,1.2747398125639198
2012-11-01,-0.7265550412681199
2012-11-02,-0.17316630813988437
2012-11-05,1.3575722177927325
2012-11-06,-1.6260807063468548
2012-11-07,2.951535517307565
2012-11-08,0.8464120554769303
2012-11-09,0.14745653769748449
2012-11-12,-0.050373086153556706
2012-11-13,0.5239916151623126
2012-11-14,0.0
2012-11-15,-0.06348641352685822
2012-11-16,0.659536544231509
2012-11-19,-1.212401374484979
2012-11-20,-1.2995303687964685
2012-11-21,-0.9505995588406878
2012-11-22,0.0
2012-11-23,0.0
2012-11-26,0.897549319499137
2012-11-27,0.723973532400519
2012-11-28,1.143928338541753
2012-11-29,0.21242512785950984
2012-11-30,0.5138395498856553
2012-12-03,-0.8327812859614514
2012-12-04,0.548051667760008
2012-12-05,1.1162475750730916
2012-12-06,0.4731684183938833
2012-12-07,-1.9228243494026118
2012-12-10,0.37962110848841163
2012-12-11,-1.3028043845309256
2012-12-12,-1.9440649035431419
2012-12-13,-1.6494688742883685
2012-12-14,0.3151291082947818
2012-12-17,-2.0474274461857256
2012-12-18,-2.1544338042183324
2012-12-19,1.0007900065647324
2012-12-20,0.0
2012-12-21,1.5602709194948412
2012-12-24,-0.7443125452992331
2012-12-25,0.0
2012-12-26,0.0
2012-12-27,2.0449575503932187
2012-12-28,0.14845008844230725
2012-12-31,-0.8452220358324973
2013-01-01,0.0
2013-01-02,0.0
2013-01-03,-2.532202355208339
2013-01-04,-0.5104011501308414
2013-01-07,0.30231773263396794
2013-01-08,1.3840595122007424
2013-01-09,1.0034099206595861
2013-01-10,-1.6984512881164413
2013-01-11,-0.9223694322524709
2013-01-14,-0.6319528886037193
2013-01-15,-1.2145813505842766
2013-01-16,-0.1655694693844317
2013-01-17,2.196725309692317
2013-01-18,-1.3320460808861279
2013-01-21,0.0
2013-01-22,0.0
2013-01-23,-0.16449138586863696
2013-01-24,0.3429420261937277
2013-01-25,3.909205796085725
2013-01-28,0.7393230326008029
2013-01-29,-0.0
2013-01-30,0.13262574514924344
2013-01-31,-0.4137522306431271
2013-02-01,0.7136218588129293
2013-02-04,-1.715832941115085
2013-02-05,1.26215716824127
2013-02-06,-1.7269230390234405
2013-02-07,-0.6161455598648128
2013-02-08,0.07092283795086794
2013-02-11,0.22162959637039586
2013-02-12,1.2125103367750978
2013-02-13,1.366035597102555
2013-02-14,-1.9223869023769498
2013-02-15,0.14576195028881092
2013-02-18,0.0
2013-02-19,0.0
2013-02-20,-0.6247722414499217
2013-02-21,-1.6582546381303278
2013-02-22,-0.5532819400112042
2013-02-25,-2.8693735312997584
2013-02-26,-0.8360682410701795
2013-02-27,0.4293806676897857
2013-02-28,-0.5201099451860643
2013-03-01,-1.1466485814554535
2013-03-04,0.7741834860036585
2013-03-05,0.4779070227454783
2013-03-06,1.6785946475095972
2013-03-07,2.3320450448232335
2013-03-08,2.198003538983628
2013-03-11,-0.0
2013-03-12,-1.157315112810578
2013-03-13,0.06943733252059006
2013-03-14,-0.07237116915932482
2013-03-15,-1.8901710944720187
2013-03-18,-1.4078191420286492
2013-03-19,-1.5983591358756661
2013-03-20,0.7586415298650543
2013-03-21,-0.0712381925310897
2013-03-22,-0.5187610979059553
2013-03-25,-0.3076433540324531
2013-03-26,-0.6388996610326483
2013-03-27,-2.145355471101945
2013-03-28,-0.696076302563855
2013-03-29,0.0
2013-04-01,0.0
2013-04-02,-0.7408903665558247
2013-04-03,2.1691177888858686
2013-04-04,2.0841792660994782
2013-04-05,1.4207476515378887
2013-04-08,-1.339717304862378
2013-04-09,-0.21428497582136075
2013-04-10,-1.8046270529170148
2013-04-11,0.5695099991592516
2013-04-12,1.9764578559004942
2013-04-15,0.27632506502425064
2013-04-16,-0.4309051406185249
2013-04-17,0.520780572118818
2013-04-18,0.38542388852114584
2013-04-19,-0.7181026415130608
2013-04-22,0.49388260590962985
2013-04-23,-0.09045449460326808
2013-04-24,0.19745722142021643
2013-04-25,-0.3083518942097795
2013-04-26,2.484445561645919
2013-04-29,0.09855346103707806
2013-04-30,-0.6698919914305994
2013-05-01,1.7689865519647379
2013-05-02,0.22226730908663153
2013-05-03,-4.4432463918947755
2013-05-06,-0.7761692575992389
2013-05-07,-0.1889133358568587
2013-05-08,0.6521916407644995
2013-05-09,-0.269478136903399
2013-05-10,-2.677117279364093
2013-05-13,-0.4142668754379923
2013-05-14,-0.9771208582895499
2013-05-15,0.49683390603869043
2013-05-16,2.402852986882864
2013-05-17,-2.0818442865894204
2013-05-20,-0.15167848666864145
2013-05-21,0.31533181612376227
2013-05-22,-2.2447961616446257
2013-05-23,0.09737934067517719
2013-05-24,0.25330546063508663
2013-05-27,0.0
2013-05-28,0.0
2013-05-29,0.2172344847644012
2013-05-30,0.0
2013-05-31,-0.997645428577255
2013-06-03,0.6551530847395552
2013-06-04,0.3071341400678997
2013-06-05,-0.9527899001382549
2013-06-06,-0.9706122237980498
2013-06-07,2.723081387949454
2013-06-10,1.1887602465459048
2013-06-11,-0.38243142127287066
2013-06-12,0.7890892627368634
2013-06-13,-1.4230178403777423
2013-06-14,-2.079555084647582
2013-06-17,0.9820150972004567
2013-06-18,0.263559133860577
2013-06-19,3.8764116669257436
2013-06-20,1.749018483524558
2013-06-21,1.6650367133940525
2013-06-24,0.6041027153868759
2013-06-25,0.5087924207303435
2013-06-26,-1.055660739848502
2013-06-27,-1.1211091353558462
2013-06-28,0.16999153232973122
2013-07-01,0.07264498962779196
2013-07-02,-0.18598097310070266
2013-07-03,0.5812926450807423
2013-07-04,0.0
2013-07-05,0.0
2013-07-08,-1.509878534626454
2013-07-09,-0.5192304127811206
2013-07-10,0.5364333281559568
2013-07-11,-2.452291832802917
2013-07-12,0.4724774504769716
2013-07-15,-0.9025056791036641
2013-07-16,-0.2127952724720435
2013-07-17,-0.988402069727521
2013-07-18,0.6310617370080123
2013-07-19,-0.8385075689409487
2013-07-22,-0.039122946671231035
2013-07-23,0.4067299184328612
2013-07-24,1.4052827281405174
2013-07-25,0.33042648602401686
2013-07-26,-1.0621529677920696
2013-07-29,0.43186433762661747
2013-07-30,0.31355740198733995
2013-07-31,-0.0465898474070073
2013-08-01,2.993640871566242
2013-08-02,-2.7415606987571928
2013-08-05,0.6108298657177869
2013-08-06,-0.0408565213371257
2013-08-07,-0.6984816488377235
2013-08-08,-0.4010598108174968
2013-08-09,-0.0
2013-08-12,0.4514984437779684
2013-08-13,2.190373763196822
2013-08-14,-0.20741155619471535
2013-08-15,0.7693263249992249
2013-08-16,1.3874311808988764
2013-08-19,1.0950841555043591
2013-08-20,-1.6759620787274345
2013-08-21,1.266379486884383
2013-08-22,1.2333478252967636
2013-08-23,-1.6324127961000408
2013-08-26,-0.5166244892993775
2013-08-27,-1.7233482068899366
2013-08-28,1.228673441086127
2013-08-29,-0.6716117197406964
2013-08-30,0.21668723085826966
2013-09-02,0.0
2013-09-03,0.0
2013-09-04,1.2947135118227637
2013-09-05,1.8984934473156043
2013-09-06,-1.5211594467635894
2013-09-09,-1.2071019374538168
2013-09-10,1.195466930877775
2013-09-11,-1.2477798444268362
2013-09-12,-0.0842097724521697
2013-09-13,-0.32019624703685146
2013-09-16,-1.0616917023312042
2013-09-17,-0.4399040732201468
2013-09-18,-3.3722460061460238
2013-09-19,0.7838919024424358
2013-09-20,-0.19748344654200717
2013-09-23,-0.3240060951408419
2013-09-24,-1.0357654157938163
2013-09-25,-0.745446822208153
2013-09-26,0.41729386106429217
2013-09-27,-0.5767576443789892
2013-09-30,-0.11192798470578116
2013-10-01,0.8468087074073477
2013-10-02,-0.981829045801115
2013-10-03,-0.4816240303293716
2013-10-04,1.1857422557415327
2013-10-07,-0.4560741002351467
2013-10-08,0.25789343458866804
2013-10-09,0.31263647345169343
2013-10-10,0.32468841423053774
2013-10-11,-0.14478574321476687
2013-10-14,0.9936647980533567
2013-10-15,-0.10191720480520877
2013-10-16,-1.6572278653928594
2013-10-17,-1.9025412211146069
2013-10-18,-0.14775342039038622
2013-10-21,0.5107640364402527
2013-10-22,-2.277834057175936
2013-10-23,-0.1458760568600661
2013-10-24,-0.4557878897181093
2013-10-25,0.5231433893995361
2013-10-28,-0.16289194734023738
2013-10-29,0.6735921527754585
2013-10-30,-1.0387019211407131
2013-10-31,-0.7089411511721226
2013-11-01,-1.790044416120346
2013-11-04,0.7068068520871362
2013-11-05,-1.6155403761804406
2013-11-06,1.457509118336401
2013-11-07,1.04350933327265
2013-11-08,-3.5987560925609423
2013-11-11,-0.2674130038649294
2013-11-12,-0.510132234514033
2013-11-13,2.328556533385188
2013-11-14,0.6725353664105952
2013-11-15,-0.3039932358636947
2013-11-18,0.8495829998021888
2013-11-19,-0.95964417830839
2013-11-20,-1.3851389108063086
2013-11-21,0.2784751407532385
2013-11-22,0.576286100406072
2013-11-25,0.2979581924332411
2013-11-26,1.2658549117996465
2013-11-27,-1.019581121486398
2013-11-28,-0.287225721102654
2013-11-29,-0.08154058170408343
2013-12-02,-1.8180950939366347
2013-12-03,0.8102554201628948
2013-12-04,-1.6880152740142804
2013-12-05,-0.8652424415423847
2013-12-06,-0.5010833478789545
2013-12-09,0.46014280634967925
2013-12-10,1.9360132701359438
2013-12-11,-1.2737423504232133
2013-12-12,-0.9515026489465614
2013-12-13,0.05748771506757476
2013-12-16,-0.11983193837067174
2013-12-17,1.223135962930774
2013-12-18,-0.9914088914136017
2013-12-19,2.428728029109688
2013-12-20,-0.2825909722073545
2013-12-23,1.101609395068322
2013-12-24,1.4485074063110543
2013-12-25,0.0
2013-12-26,0.0
2013-12-27,-0.0
2013-12-30,-0.9382905951871477
2013-12-31,0.704313576204185
2014-01-01,0.0
2014-01-02,0.0
2014-01-03,0.20514255496983763
2014-01-06,-1.334002108265159
2014-01-07,-0.9934081571832475
2014-01-08,2.516169114490747
2014-01-09,-0.9065432013571786
2014-01-10,-3.586175268276785
2014-01-13,-0.8924336928845031
2014-01-14,1.297030476489753
2014-01-15,0.6527287484020995
2014-01-16,-0.9795360865049868
2014-01-17,-0.5279197326246651
2014-01-20,0.0
2014-01-21,0.0
2014-01-22,1.43353273749814
2014-01-23,-2.692108031687857
2014-01-24,-0.861583248176105
2014-01-27,0.7808578607758911
2014-01-28,-0.8518232285400518
2014-01-29,-1.7610484818347236
2014-01-30,0.5451857599992579
2014-01-31,-0.9711152690051282
2014-02-03,-2.1705688086831665
2014-02-04,0.8667006231715954
2014-02-05,-0.8396064322027148
2014-02-06,-0.8621158884418407
2014-02-07,1.1755239222914056
2014-02-10,-0.1041747844144719
2014-02-11,-1.2365273207165068
2014-02-12,-1.1409768791395887
2014-02-13,1.7048668863666385
2014-02-14,-0.3714029930231807
2014-02-17,0.0
2014-02-18,0.0
2014-02-19,-0.7941641981836193
2014-02-20,-0.8771548322496714
2014-02-21,0.420039400920264
2014-02-24,-0.5610888257039063
2014-02-25,1.444594907677979
2014-02-26,0.9420807006604274
2014-02-27,0.9577101801775367
2014-02-28,-0.9149088322874553
2014-03-03,1.8719273519739394
2014-03-04,-2.5331299807356253
2014-03-05,0.0
2014-03-06,-1.1841720648888743
2014-03-07,-1.6856524021327708
2014-03-10,0.324345810773486
2014-03-11,0.42776089794949906
2014-03-12,1.4221780031823545
2014-03-13,2.134511088016024
2014-03-14,-0.11552310664358488
2014-03-17,-1.3049112853863973
2014-03-18,0.4654809607482412
2014-03-19,-3.49671656307995
2014-03-20,-0.14195743630156576
2014-03-21,0.34411425262584133
2014-03-24,0.0
2014-03-25,0.0
2014-03-26,1.3891105779073147
2014-03-27,0.15563292694230652
2014-03-28,-1.1762615511827603
2014-03-31,0.05448993584937591
2014-04-01,-0.5105499502816454
2014-04-02,-1.6696589872949401
2014-04-03,0.2871074226693797
2014-04-04,0.0
2014-04-07,0.0
2014-04-08,0.0
2014-04-09,0.0
2014-04-10,0.0
2014-04-11,0.5779802502671544
2014-04-14,-0.9334079705468916
2014-04-15,-0.2062634343413559
2014-04-16,-0.9964913966499946
2014-04-17,-2.973557726318703
2014-04-18,0.0
2014-04-21,0.0
2014-04-22,-0.5213704565484626
2014-04-23,1.385200952882978
2014-04-24,-0.1342730400934952
2014-04-25,0.6250403951597274
2014-04-28,-0.7544095113990604
2014-04-29,0.0
2014-04-30,0.0
2014-05-01,1.1297229897473617
2014-05-02,0.23212871583309513
2014-05-05,-0.4832057419926269
2014-05-06,0.41721011831762034
2014-05-07,1.1931826825635203
2014-05-08,0.9521463197755826
2014-05-09,-0.2681334069658812
2014-05-12,-1.4620989538443203
2014-05-13,1.9614144355437104
2014-05-14,2.78494529406089
2014-05-15,1.5306742877846191
2014-05-16,-0.7702480624068408
2014-05-19,-0.15937193987645248
2014-05-20,1.0681828755083358
2014-05-21,-0.9208515868314119
2014-05-22,-0.516958107512605
2014-05-23,0.6245782298794924
2014-05-26,0.0
2014-05-27,0.0
2014-05-28,2.9637799791329673
2014-05-29,-0.4091252367467292
2014-05-30,-1.3336774709417312
2014-06-02,-2.253755807562535
2014-06-03,-2.2779918234258605
2014-06-04,0.0
2014-06-05,0.0
2014-06-06,-0.7511016090566487
2014-06-09,-0.9283589847646986
2014-06-10,-0.8729065150532299
2014-06-11,0.570809620812109
2014-06-12,0.9622861663879696
2014-06-13,0.04313582016263138
2014-06-16,0.08989768661351943
2014-06-17,-2.3933723802253684
2014-06-18,2.4946591018194297
2014-06-19,-0.31035196325944214
2014-06-20,0.0
2014-06-23,-0.16837648770495403
2014-06-24,1.5380901601329966
2014-06-25,1.1938125212166724
2014-06-26,1.3719122661710073
2014-06-27,0.17465609555989012
2014-06-30,0.36365807054591515
2014-07-01,-1.6527055591115059
2014-07-02,-2.3594955467608703
2014-07-03,0.0
2014-07-04,0.0
2014-07-07,1.0831092916452216
2014-07-08,1.8894126922891095
2014-07-09,1.0182560106864789
2014-07-10,0.9529781177425383
2014-07-11,0.9748122821957379
2014-07-14,-1.4260222335496544
2014-07-15,-0.6312370530738806
2014-07-16,0.09354275265981056
2014-07-17,3.229088046029241
2014-07-18,-1.3272660269239704
2014-07-21,0.1587513756556079
2014-07-22,0.49553764303779435
2014-07-23,0.1716025628807051
2014-07-24,-2.228450533606858
2014-07-25,1.7607579740105108
2014-07-28,-0.9477153630236363
2014-07-29,1.125051634362994
2014-07-30,-3.3535074282211244
2014-07-31,0.0
2014-08-01,0.0
2014-08-04,0.0
2014-08-05,0.0
2014-08-06,0.0
2014-08-07,1.0517348620237557
2014-08-08,1.757651335412536
2014-08-11,-1.3504785121336786
2014-08-12,-0.20010393661381323
2014-08-13,1.3647111835318808
2014-08-14,0.62029402629391
2014-08-15,1.5380350883935752
2014-08-18,-1.1085221872006454
2014-08-19,-0.49454317291867544
2014-08-20,-1.6404711767747024
2014-08-21,0.46178972842845223
2014-08-22,-0.39058865382713426
2014-08-25,0.24261624941446758
2014-08-26,0.16054827691400314
2014-08-27,1.1563001742840555
2014-08-28,1.0471486017064846
2014-08-29,-0.27949471253600977
2014-09-01,0.0
2014-09-02,0.0
2014-09-03,0.2772778550122838
2014-09-04,-1.6826798323256917
2014-09-05,0.37640246111668335
2014-09-08,-0.7781654941039842
2014-09-09,-1.755266996179086
2014-09-10,-1.0672043998931064
2014-09-11,-0.5970199128734062
2014-09-12,-2.6079894517132214
2014-09-15,1.1850874437629892
2014-09-16,0.0932909470646178
2014-09-17,-1.4333389439867612
2014-09-18,-1.2475626125788346
2014-09-19,1.6141101993962366
2014-09-22,1.7551387927780235
2014-09-23,1.2719884324862702
2014-09-24,-1.453057296988656
2014-09-25,2.4910471054287537
2014-09-26,-1.4465107904115635
2014-09-29,1.5815139196899115
2014-09-30,-0.31708430260230025
2014-10-01,3.571811988549907
2014-10-02,-0.6039367086948049
2014-10-03,-0.6835187262503613
2014-10-06,1.0182185794460334
2014-10-07,2.3470083502967634
2014-10-08,1.3220108807295996
2014-10-09,0.17376455556397088
2014-10-10,0.8661269384313731
2014-10-13,2.223747517551402
2014-10-14,1.3495624847766656
2014-10-15,2.632505776239821
2014-10-16,-0.6153288479855299
2014-10-17,-1.2387209987549976
2014-10-20,0.6801901987577452
2014-10-21,-0.9647762161175923
2014-10-22,-0.5932842134374171
2014-10-23,-1.954783310976813
2014-10-24,0.4729016448834711
2014-10-27,0.3652448451349631
2014-10-28,-1.2368469250771177
2014-10-29,-1.3869555778208478
2014-10-30,0.44426517226961204
2014-10-31,-0.8004856913168008
2014-11-03,-0.410872181510464
2014-11-04,0.36557109047089814
2014-11-05,-0.18990921353342333
2014-11-06,-1.2943652945918522
2014-11-07,2.6734836407360225
2014-11-10,-1.4102628611950998
2014-11-11,-0.21694006801470045
2014-11-12,0.22585201475983832
2014-11-13,0.803760074614184
2014-11-14,0.6011513814303948
2014-11-17,-0.6640501016745409
2014-11-18,0.5524070276822837
2014-11-19,-1.1901170718582854
2014-11-20,0.7935168748209663
2014-11-21,0.6664180947309466
2014-11-24,0.8000671815717059
2014-11-25,1.3684666833526844
2014-11-26,1.2471578233818539
2014-11-27,0.0
2014-11-28,0.0
2014-12-01,-1.5428506698861317
2014-12-02,-2.7106179269333137
2014-12-03,-0.5623962471501907
2014-12-04,1.4897430469760833
2014-12-05,-3.105002183459066
2014-12-08,1.1384240232334806
2014-12-09,1.398807089176611
2014-12-10,1.6924345238911263
2014-12-11,-1.0963755275689036
2014-12-12,3.0678519079039286
2014-12-15,-0.9667085048891713
2014-12-16,1.270972880496256
2014-12-17,-1.8015054552552152
2014-12-18,-1.565367436182765
2014-12-19,0.6601377066713331
2014-12-22,0.0
2014-12-23,-1.780589653423496
2014-12-24,0.037157852531276576
2014-12-25,0.0
2014-12-26,0.0
2014-12-29,0.8728325216630439
2014-12-30,0.5265994724979035
2014-12-31,0.3352222689109966
2015-01-01,0.0
2015-01-02,0.0
2015-01-05,1.8620325670335311
2015-01-06,1.3680414390137297
2015-01-07,0.3314731133812122
2015-01-08,-0.9368074314368436
2015-01-09,1.2466897243661474
2015-01-12,1.4489241142153395
2015-01-13,0.42460338143988596
2015-01-14,1.179165773180199
2015-01-15,2.1704245958895347
2015-01-16,-1.5215832134662708
2015-01-19,0.4250644227455235
2015-01-20,-0.5976262280570279
2015-01-21,-1.219007327042446
2015-01-22,-0.6246263508500778
2015-01-23,1.6698429501356222
2015-01-26,-0.5562600280001093
2015-01-27,0.3795388972032115
2015-01-28,2.2244905392728938
2015-01-29,-1.109155594083612
2015-01-30,2.0711527242216814
2015-02-02,-0.05283576379417694
2015-02-03,-2.472783821584629
2015-02-04,-0.12914921698372572
2015-02-05,-0.38600870994472075
2015-02-06,-2.7492793876975172
2015-02-09,-0.03451661464870006
2015-02-10,-0.5593941565271243
2015-02-11,-0.09452460097930938
2015-02-12,0.328023569000579
2015-02-13,-0.40851287978046064
2015-02-16,0.10602229719925466
2015-02-17,-2.1103465241431905
2015-02-18,1.5825478805775748
2015-02-19,-0.9820609242136685
2015-02-20,-0.26139172804915856
2015-02-23,0.9881642062351407
2015-02-24,1.5392660592332492
2015-02-25,0.22618485137008906
2015-02-26,-1.4661579350859644
2015-02-27,0.3356931750915929
2015-03-02,-1.2633774616818165
2015-03-03,-0.5148673629068974
2015-03-04,0.03503776274184115
2015-03-05,0.5459055663846085
2015-03-06,-2.509462154144748
2015-03-09,0.9705666556389261
2015-03-10,0.9937982684419896
2015-03-11,0.2112134085028112
2015-03-12,0.17542191535295706
2015-03-13,-0.03582876079575875
2015-03-16,0.742534144417639
2015-03-17,0.38209848958315074
2015-03-18,2.9329473401162747
2015-03-19,-1.2203274772289552
2015-03-20,1.0269551531054655
2015-03-23,0.4321242551106523
2015-03-24,0.5664949535027495
2015-03-25,-0.9214392362720895
2015-03-26,-0.933639122658253
2015-03-27,0.5567371602022398
2015-03-30,0.19595885110271974
2015-03-31,0.7379554094338684
2015-04-01,1.2666804677378787
2015-04-02,-0.7618245433663344
2015-04-03,0.0
2015-04-06,0.0
2015-04-07,-0.8421189401384305
2015-04-08,-0.3381803734917015
2015-04-09,-1.2534711035471013
2015-04-10,0.0
2015-04-13,0.5925129336343101
2015-04-14,0.8910467210668997
2015-04-15,0.24126248789249194
2015-04-16,0.8200296814602539
2015-04-17,0.22628092558801813
2015-04-20,-0.5929684074098279
2015-04-21,-0.6572903525439233
2015-04-22,-2.2940330626968506
2015-04-23,0.9911864100337562
2015-04-24,1.2146244431090867
2015-04-27,-0.21522693293318687
2015-04-28,-1.7367723894412779
2015-04-29,-1.3810185478525951
2015-04-30,-0.053805035624576086
2015-05-01,-2.1447286548598568
2015-05-04,-0.4173278618409789
2015-05-05,-0.6490792196533164
2015-05-06,-1.3797193619511594
2015-05-07,1.1006852013853157
2015-05-08,1.5334786928182385
2015-05-11,-2.8033376642805727
2015-05-12,0.18804788336121742
2015-05-13,-0.3916093402406523
2015-05-14,1.4379423926659962
2015-05-15,2.0041526868613646
2015-05-18,-1.8879119070117263
2015-05-19,-1.3446402154568649
2015-05-20,0.8666335691193165
2015-05-21,1.2254623901464197
2015-05-22,-0.5759694351745077
2015-05-25,0.0
2015-05-26,0.0
2015-05-27,0.04737741556077319
2015-05-28,0.09900118698800066
2015-05-29,0.4117428769588928
2015-06-01,-1.61892452862442
2015-06-02,-2.1559826022724335
2015-06-03,-2.725531736100585
2015-06-04,-1.4084151517849814
2015-06-05,2.014334448643617
2015-06-08,-0.4585027963777885
2015-06-09,0.7468616644923857
2015-06-10,1.1164252266462489
2015-06-11,-1.9633041665242337
2015-06-12,0.22852425235411908
2015-06-15,-0.7512360950720234
2015-06-16,-0.9333121242218066
2015-06-17,-0.6651182740829802
2015-06-18,0.5553969347030577
2015-06-19,-1.7727484848784798
2015-06-22,2.1710634936219018
2015-06-23,0.7641498793798247
2015-06-24,-0.5897899250901009
2015-06-25,0.40590709031643296
2015-06-26,1.360387385277502
2015-06-29,-3.1553225300863517
2015-06-30,0.5852954295947758
2015-07-01,1.1891767911115974
2015-07-02,-0.9629545961556469
2015-07-03,-0.9283204629856715
2015-07-06,-0.6726966546152198
2015-07-07,-0.6756087529038911
2015-07-08,-0.8417743179646506
2015-07-09,1.6688944305713282
2015-07-10,1.6968685657119464
2015-07-13,0.5773601035687591
2015-07-14,-0.8047635708060632
2015-07-15,-0.8949604936050934
2015-07-16,0.22020987404436895
2015-07-17,0.1909162054603082
2015-07-20,0.5936003560012003
2015-07-21,-0.6944789711689114
2015-07-22,-0.33768127728105246
2015-07-23,-1.0024640567475533
2015-07-24,-0.312766965476356
2015-07-27,-1.374832358590879
2015-07-28,0.8260580877036637
2015-07-29,0.3774694505492601
2015-07-30,-0.0
2015-07-31,-2.2038705902984916
2015-08-03,-0.8518417335308779
2015-08-04,2.035337952570148
2015-08-05,0.9813539861032079
2015-08-06,-0.8199352252845189
2015-08-07,-1.2076607706208493
2015-08-10,1.206791905224852
2015-08-11,-2.1742068758189723
2015-08-12,0.21863925123610595
2015-08-13,-1.1286529010822632
2015-08-14,-0.5067531066896919
2015-08-17,0.897274210540574
2015-08-18,-0.6790029651984086
2015-08-19,2.219085583874173
2015-08-20,0.5444711113218317
2015-08-21,1.1579781821853625
2015-08-24,0.7972922820764508
2015-08-25,-2.2122593005104063
2015-08-26,-1.2284303457435322
2015-08-27,0.13366655141743194
2015-08-28,0.0
2015-08-31,0.0
2015-09-01,0.0
2015-09-02,0.0
2015-09-03,0.605431949338966
2015-09-04,1.0361617502495681
2015-09-07,-0.47795313712722665
2015-09-08,-1.092561700794177
2015-09-09,0.4468336165560256
2015-09-10,-1.0361700409866248
2015-09-11,1.3319950384152113
2015-09-14,0.4118824144958105
2015-09-15,-3.0094534563125253
2015-09-16,-0.5137172833380294
2015-09-17,2.730795046261041
2015-09-18,1.5885041247273566
2015-09-21,-1.2798864625405815
2015-09-22,1.5225714976012061
2015-09-23,-0.5568418382839344
2015-09-24,0.5753057082339358
2015-09-25,-0.8202795595390423
2015-09-28,1.6439841130481014
2015-09-29,1.2124455822439606
2015-09-30,-0.09133657056485972
2015-10-01,0.14278332650198494
2015-10-02,1.6898422087824227
2015-10-05,-1.5892721096451936
2015-10-06,0.559961281535177
2015-10-07,-0.910688225410293
2015-10-08,-0.7835884747355774
2015-10-09,-0.10110699544568476
2015-10-12,1.2454836868482744
2015-10-13,0.4748274437600081
2015-10-14,2.20449914666376
2015-10-15,-1.6489091154406648
2015-10-16,-0.39824145403638267
2015-10-19,-0.21529830237466602
2015-10-20,-1.5209593564306707
2015-10-21,1.1067091803362172
2015-10-22,0.22507765126655443
2015-10-23,-2.1706803738767526
2015-10-26,0.6298616160872138
2015-10-27,0.8634284204296608
2015-10-28,-2.358947463435294
2015-10-29,0.0
2015-10-30,0.0
2015-11-02,0.0
2015-11-03,-0.7838815554655053
2015-11-04,-0.8074480998044226
2015-11-05,-0.05557497014535319
2015-11-06,-2.7886776334301038
2015-11-09,-0.44912678167989256
2015-11-10,1.0219798251614043
2015-11-11,-0.523397710428679
2015-11-12,0.27114176337386836
2015-11-13,1.218987073198101
2015-11-16,0.6183860422432504
2015-11-17,0.4069283434466476
2015-11-18,-0.6627401664071494
2015-11-19,0.5594330289859164
2015-11-20,-0.3867548807329936
2015-11-23,0.40141337849721015
2015-11-24,0.8963427051795986
2015-11-25,0.0
2015-11-26,-0.7015570506379848
2015-11-27,0.11475678262088095
2015-11-30,0.07972074176493396
2015-12-01,-2.6332837616665947
2015-12-02,1.590542564342309
2015-12-03,4.092748360067268
2015-12-04,-1.0504098823183015
2015-12-07,-1.0130167977952242
2015-12-08,-0.4923021804203881
2015-12-09,-0.6109740544076575
2015-12-10,0.9401376343346842
2015-12-11,-2.597193136092658
2015-12-14,2.074815461735038
2015-12-15,0.8413312630658433
2015-12-16,1.152116654511249
2015-12-17,-1.5616571442536502
2015-12-18,-0.5434354394325747
2015-12-21,-0.34617225777116195
2015-12-22,0.9799930217496314
2015-12-23,0.5002638007262706
2015-12-24,-0.3298959747204453
2015-12-25,0.0
2015-12-28,0.0
2015-12-29,1.9477493486279345
2015-12-30,0.047425508720594464
2015-12-31,-0.9300150863977593
2016-01-01,0.0
2016-01-04,0.0
2016-01-05,0.10379217941804049
2016-01-06,-2.1662644569355196
2016-01-07,-0.843904469317683
2016-01-08,-1.2603930875435982
2016-01-11,0.8629929006749951
2016-01-12,-1.3376931394348086
2016-01-13,-1.3848563322199243
2016-01-14,-0.6725119423688481
2016-01-15,1.9908512305418975
2016-01-18,-0.17489444095497625
2016-01-19,-0.2862423855075453
2016-01-20,1.7280113981341063
2016-01-21,-0.674477594844428
2016-01-22,-1.0632535018094504
2016-01-25,0.8632333176367225
2016-01-26,0.3883641210727936
2016-01-27,0.5176276494065138
2016-01-28,0.5948036041517794
2016-01-29,2.1721021933165425
2016-02-01,-1.1273602308003772
2016-02-02,2.854525041383033
2016-02-03,-0.24230256894117344
2016-02-04,0.8034169426948056
2016-02-05,0.20739620035603534
2016-02-08,2.6114391201081744
2016-02-09,0.31548554552893904
2016-02-10,1.0377891445882241
2016-02-11,1.8528275923952782
2016-02-12,-2.987617930623287
2016-02-15,-0.949357990335338
2016-02-16,0.04829651350789204
2016-02-17,-1.134218259456107
2016-02-18,1.5213091714977292
2016-02-19,-0.5577450608120652
2016-02-22,-0.23898966548348233
2016-02-23,0.45118324937062015
2016-02-24,0.09369631227055515
2016-02-25,1.111769822400963
2016-02-26,-1.7578515795127636
2016-02-29,0.5141207803453562
2016-03-01,-2.604077983513545
2016-03-02,-0.7389442800925735
2016-03-03,0.2959363339829182
2016-03-04,-1.002014902403027
2016-03-07,-0.6214685351776894
2016-03-08,1.7752410205257443
2016-03-09,-1.2449211203187045
2016-03-10,-1.3653797394740668
2016-03-11,-0.8108847575621674
2016-03-14,0.3943295524538776
2016-03-15,-0.2276438809967342
2016-03-16,1.9944523530643046
2016-03-17,0.219574242748522
2016-03-18,0.7276800461837971
2016-03-21,-0.976575241986166
2016-03-22,-0.9450283686147063
2016-03-23,1.647327508639978
2016-03-24,-0.28030929621020484
2016-03-25,0.0
2016-03-28,0.0
2016-03-29,2.042749448107351
2016-03-30,-0.09303308822165325
2016-03-31,1.335984217091735
2016-04-01,-0.40078736223916167
2016-04-04,0.732012861153439
2016-04-05,1.3355612546423516
2016-04-06,-1.0162372007259133
2016-04-07,2.1647683587655444
2016-04-08,-0.6992859805324612
2016-04-11,-0.05944237330746795
2016-04-12,-1.747859390052537
2016-04-13,0.056497873046377066
2016-04-14,-1.0844726049093345
2016-04-15,1.2207895737970182
2016-04-18,-0.48459720265581974
2016-04-19,-0.7225514413948417
2016-04-20,-1.7786060259703034
2016-04-21,-0.7135524903644999
2016-04-22,-0.34023752769712273
2016-04-25,-0.5298731172415053
2016-04-26,-0.9700183891573259
2016-04-27,2.3425017857059585
2016-04-28,1.271318610801361
2016-04-29,-0.2804987556782014
2016-05-02,-1.2084350152352743
2016-05-03,2.2254190805898837
2016-05-04,0.7472027853423729
2016-05-05,0.9301771464828696
2016-05-06,-0.8364025563360463
2016-05-09,0.9131044138560376
2016-05-10,0.0
2016-05-11,0.42791334038886814
2016-05-12,-1.1874663364980715
2016-05-13,1.319066639752694
2016-05-16,-1.7275393297367998
2016-05-17,-0.3072398943012781
2016-05-18,-3.4157235186296355
2016-05-19,0.4840012227525691
2016-05-20,0.30100802636651286
2016-05-23,0.10439362690502944
2016-05-24,-0.8646575617811005
2016-05-25,-0.3335110141227755
2016-05-26,1.413653864865656
2016-05-27,-1.0723905142905525
2016-05-30,-0.40369586361707077
2016-05-31,1.0073439990109014
2016-06-01,-0.18231392972757088
2016-06-02,1.5428136433356525
2016-06-03,3.7460225251225374
2016-06-06,-0.7343235242996194
2016-06-07,0.4890355229572982
2016-06-08,0.09223718642242452
2016-06-09,0.38423586311925206
2016-06-10,1.1846685246783901
2016-06-13,1.0445841748446605
2016-06-14,-0.25365906942402444
2016-06-15,1.5046177420318048
2016-06-16,0.10395224581157775
2016-06-17,-1.0005330286100818
2016-06-20,-1.7022563333681917
2016-06-21,-1.0062132800839376
2016-06-22,0.5956327636211648
2016-06-23,-2.2520630224327403
2016-06-24,4.294010289222836
2016-06-27,2.162150531154536
2016-06-28,0.037227878141850905
2016-06-29,-1.2250997750620922
2016-06-30,0.422395264131571
2016-07-01,0.7514242998304708
2016-07-04,0.18228109776538445
2016-07-05,1.1694763416534824
2016-07-06,-0.1605922851085147
2016-07-07,-0.29232828788960025
2016-07-08,0.3461464648170278
2016-07-11,-1.7334066197719842
2016-07-12,-1.918344612156136
2016-07-13,0.7260007278655249
2016-07-14,-1.035769301175438
2016-07-15,-1.1620213924528908
2016-07-18,0.1158313630626381
2016-07-19,0.6789409077502032
2016-07-20,-0.7131233042772601
2016-07-21,0.7016051269811164
2016-07-22,-0.3418631235837002
2016-07-25,-0.25346984738663325
2016-07-26,0.27693063668683515
2016-07-27,1.24337605287933
2016-07-28,0.13367891930714965
2016-07-29,1.472370775458919
2016-08-01,-1.0617720682256606
2016-08-02,-0.9196784662761193
2016-08-03,0.11112860315402634
2016-08-04,1.3546748726263835
2016-08-05,-2.997761476107127
2016-08-08,-0.046566267202163995
2016-08-09,0.7684125591825788
2016-08-10,1.0290840281991342
2016-08-11,-1.979203584120546
2016-08-12,1.332312529340685
2016-08-15,-0.946773574464522
2016-08-16,-0.5924103940596914
2016-08-17,0.6187343817800182
2016-08-18,0.5161712652746416
2016-08-19,-1.2454236012475646
2016-08-22,0.8055835206540388
2016-08-23,0.0908120497781428
2016-08-24,-0.18338319576710085
2016-08-25,-0.5657710679591896
2016-08-26,-1.6632953176264385
2016-08-29,1.4226201981231832
2016-08-30,-0.2295943384107705
2016-08-31,-0.33440650423161944
2016-09-01,0.44613762943829594
2016-09-02,-0.7680009694946666
2016-09-05,-0.21111472325457437
2016-09-06,2.376844224574005
2016-09-07,-0.04867069978927333
2016-09-08,-1.8139967048800745
2016-09-09,-1.3688484088032702
2016-09-12,0.47308705674391477
2016-09-13,-1.2585577037011968
2016-09-14,0.9207981730537055
2016-09-15,0.347384769474718
2016-09-16,-0.05161378130732367
2016-09-19,-0.48333847285478304
2016-09-20,0.5553410499837088
2016-09-21,0.6872460213763673
2016-09-22,0.8232102542794946
2016-09-23,0.3027992489953998
2016-09-26,1.5388954907463976
2016-09-27,0.43211119060683445
2016-09-28,-0.3841759364787071
2016-09-29,0.6207632785803806
2016-09-30,-1.5990628507081681
2016-10-03,-1.3681287233615405
2016-10-04,-2.2946908934633035
2016-10-05,-0.8201218170192781
2016-10-06,-1.2834997409190754
2016-10-07,0.7114870494995648
2016-10-10,-1.446107767740935
2016-10-11,0.2647908051214606
2016-10-12,0.0
2016-10-13,1.1988365361278372
2016-10-14,1.4058967995889617
2016-10-17,-1.3976035147951102
2016-10-18,-0.9135968155190151
2016-10-19,-0.07233880601829318
2016-10-20,0.5255209703782878
2016-10-21,-0.6220090491873342
2016-10-24,0.9559661809534787
2016-10-25,-0.0
2016-10-26,1.4197433759721436
2016-10-27,2.233746571415801
2016-10-28,-0.44410648583567086
2016-10-31,-0.696101077294351
2016-11-01,-0.26613043795679675
2016-11-02,-1.6077581097725488
2016-11-03,-0.0
2016-11-04,-1.7427194316550307
2016-11-07,2.513958143924778
2016-11-08,1.8630280842652243
2016-11-09,5.041942352061759
2016-11-10,1.2117848583284168
2016-11-11,0.5036286295080207
2016-11-14,1.2713032538177966
2016-11-15,0.20530984342581535
2016-11-16,-0.0711737684505131
2016-11-17,1.1047662084760888
2016-11-18,1.3876307078846513
2016-11-21,-0.42162033582008196
2016-11-22,-0.2925863652101592
2016-11-23,1.1960150104229752
2016-11-24,0.0
2016-11-25,0.0
2016-11-28,-1.1532521348009082
2016-11-29,-0.02006079279348992
2016-11-30,1.6993100257246665
2016-12-01,1.0740818316448242
2016-12-02,-1.1845113350291225
2016-12-05,0.07967928413760463
2016-12-06,-0.2071388293169348
2016-12-07,-0.8940438884733399
2016-12-08,1.0398041661154327
2016-12-09,1.351747251977843
2016-12-12,-0.043707280792379205
2016-12-13,-0.09099024981613818
2016-12-14,2.715336708558878
2016-12-15,1.0011848557944598
2016-12-16,-0.36577086832763955
2016-12-19,-1.3148974340777422
2016-12-20,0.45409297109816427
2016-12-21,-0.4685343345497995
2016-12-22,0.08836342861877047
2016-12-23,-0.22965412207337
2016-12-26,0.0
2016-12-27,0.0
2016-12-28,-1.299326815776415
2016-12-29,-0.8651358642139636
2016-12-30,-0.7351913628916831
2017-01-02,0.0
2017-01-03,0.0
2017-01-04,-0.4163275120318427
2017-01-05,-2.43058892441871
2017-01-06,1.6736063639132863
2017-01-09,-1.178352963822846
2017-01-10,0.09206762629073625
2017-01-11,-0.19180005186808446
2017-01-12,-0.2993506357017935
2017-01-13,0.9778907069949063
2017-01-16,-0.7084353834093585
2017-01-17,-1.35642354647411
2017-01-18,2.5158128949021337
2017-01-19,1.073341944517576
2017-01-20,-0.28537423411771107
2017-01-23,-1.9011168436206178
2017-01-24,1.3688580271526083
2017-01-25,1.4861633788737565
2017-01-26,-0.4939159760039653
2017-01-27,-0.3255615054366466
2017-01-30,-0.048378056570098006
2017-01-31,-1.142510429451431
2017-02-01,0.6557282029962926
2017-02-02,-0.10435713311658505
2017-02-03,-0.16306090920077518
2017-02-06,-1.956066998021375
2017-02-07,-0.42542574170659636
2017-02-08,-1.4094600331244738
2017-02-09,1.9428199367692796
2017-02-10,0.30829571517330234
2017-02-13,0.586282907646837
2017-02-14,1.461040541561239
2017-02-15,0.7592816201766456
2017-02-16,-1.5788882287255783
2017-02-17,-1.0767681628028845
2017-02-20,0.16515126396181018
2017-02-21,0.05735772542505767
2017-02-22,-0.5364793135639809
2017-02-23,-1.1598822705466303
2017-02-24,-1.8123633431489077
2017-02-27,1.7382231067671294
2017-02-28,0.23034450503051063
2017-03-01,2.7600500802633836
2017-03-02,0.7103437636204807
2017-03-03,-0.366246566693496
2017-03-06,0.05441375004369869
2017-03-07,0.7341200868014321
2017-03-08,1.2102554390049596
2017-03-09,1.047771341322626
2017-03-10,-0.7721989316847417
2017-03-13,1.2662014284399135
2017-03-14,-0.5286068539457217
2017-03-15,-3.473666904267552
2017-03-16,1.037741825417589
2017-03-17,-0.99730878219108
2017-03-20,-0.9623567294097931
2017-03-21,-1.120027033820069
2017-03-22,-0.14876125025484227
2017-03-23,0.41245085252902763
2017-03-24,-0.1607144450697154
2017-03-27,-0.995762572965027
2017-03-28,1.3341357854976386
2017-03-29,-1.111841185780925
2017-03-30,1.0099574858763967
2017-03-31,-0.8567093943479505
2017-04-03,-1.9821590170483545
2017-04-04,0.5511953372255194
2017-04-05,-1.0757985627831237
2017-04-06,0.4616396069864058
2017-04-07,1.5172925501300645
2017-04-10,-0.7004896561170303
2017-04-11,-2.0319053571137826
2017-04-12,-1.0118325667998564
2017-04-13,-1.0855006356962524
2017-04-14,0.0
2017-04-17,0.0
2017-04-18,-2.404939981621875
2017-04-19,-1.1844555201092475
2017-04-20,-0.8206787096405164
2017-04-21,0.4488296185436032
2017-04-24,-0.9862912971658234
2017-04-25,-1.9157046320439377
2017-04-26,1.0121117967733866
2017-04-27,0.230055639249217
2017-04-28,0.17929552530615425
2017-05-01,-0.8073859961963586
2017-05-02,1.0084235993793693
2017-05-03,-1.2190969096617228
2017-05-04,-1.0421852836378378
2017-05-05,0.3329391827281432
2017-05-08,-1.4370668538415015
2017-05-09,-0.20812748204022086
2017-05-10,-0.2167873428311674
2017-05-11,0.5969095795154682
2017-05-12,2.554399978732448
2017-05-15,-0.5414500577823683
2017-05-16,0.7653570072358558
2017-05-17,3.323119047838087
2017-05-18,-0.44178938020705333
2017-05-19,-0.17209352243429488
2017-05-22,-0.4773865939768165
2017-05-23,-0.9837630327732602
2017-05-24,1.118705226735932
2017-05-25,0.0
2017-05-26,0.2644950555408823
2017-05-29,0.0
2017-05-30,0.0
2017-05-31,0.2839213211877119
2017-06-01,0.0
2017-06-02,2.1317294612606066
2017-06-05,-0.9286621519344729
2017-06-06,1.577559996675932
2017-06-07,-1.1394339611274527
2017-06-08,-0.5089183500666221
2017-06-09,-0.6020714413046837
2017-06-12,0.0
2017-06-13,0.19318501506500663
2017-06-14,3.067719719256893
2017-06-15,-1.205728918721646
2017-06-16,0.599893128709678
2017-06-19,-1.8526733206762354
2017-06-20,1.4678857991473666
2017-06-21,-0.34022598254676484
2017-06-22,0.5419028777567372
2017-06-23,0.09238205085687354
2017-06-26,0.19048512531441097
2017-06-27,-3.0747274220749508
2017-06-28,0.08903187155699553
2017-06-29,-2.19783444237405
2017-06-30,-1.6434157520950992
2017-07-03,-1.8878273827227947
2017-07-04,0.0
2017-07-05,0.6968535696738701
2017-07-06,-1.0540148388508848
2017-07-07,-0.5029020022462725
2017-07-10,0.0
2017-07-11,0.0
2017-07-12,0.0
2017-07-13,-0.8556321811050279
2017-07-14,1.0287740773884082
2017-07-17,0.40471964802967975
2017-07-18,2.2200506227578884
2017-07-19,-0.5374570337476995
2017-07-20,0.4764574673704426
2017-07-21,0.9786326928189207
2017-07-24,-0.7510145799565215
2017-07-25,-3.1211870216594924
2017-07-26,1.6359305270810838
2017-07-27,-0.6097761051614523
2017-07-28,0.7658016481206934
2017-07-31,-0.28734761543872905
2017-08-01,1.5283207442603914
2017-08-02,-0.6551847704927602
2017-08-03,1.610663188806398
2017-08-04,-1.2482010329098554
2017-08-07,0.14728186642627294
2017-08-08,-0.3815408942223889
2017-08-09,0.9426920104396352
2017-08-10,1.768693303626644
2017-08-11,0.7613871335258525
2017-08-14,-1.3655444197711235
2017-08-15,-2.1619078015615285
2017-08-16,2.0123145161284515
2017-08-17,1.343367752106104
2017-08-18,-0.3256031054158295
2017-08-21,0.47955561417040826
2017-08-22,-1.5123420176163371
2017-08-23,1.6512904415202638
2017-08-24,-0.9896535408867291
2017-08-25,0.8631748255259338
2017-08-28,0.5904939918406676
2017-08-29,1.281106645368396
2017-08-30,-0.6087269676053133
2017-08-31,0.7067558464693429
2017-09-01,-1.8245339194765093
2017-09-04,1.126895261467713
2017-09-05,2.837884296747256
2017-09-06,-1.4558883644480807
2017-09-07,1.934356674889405
2017-09-08,-0.36281537535753516
2017-09-11,-2.3039623711566475
2017-09-12,-0.9583465987137308
2017-09-13,-0.7608742678917535
2017-09-14,0.06610204424545409
2017-09-15,-0.6876076506900864
2017-09-18,-0.8900965823164658
2017-09-19,-0.5064197095780104
2017-09-20,-1.1627583247915736
2017-09-21,-0.3282620225088318
2017-09-22,0.8794357605613038
2017-09-25,1.2308676325671923
2017-09-26,-0.6911113074923486
2017-09-27,-1.8654476272659526
2017-09-28,0.06781604492066336
2017-09-29,-1.2556483571708756
2017-10-02,0.0
2017-10-03,0.732084977534206
2017-10-04,-0.075633710675788
2017-10-05,-0.9396310025207487
2017-10-06,-0.4824219168258788
2017-10-09,0.2501295889368117
2017-10-10,0.34649323316176533
2017-10-11,0.5384354558265881
2017-10-12,0.5564889108131642
2017-10-13,-2.037059436669119
2017-10-16,1.4222954618137091
2017-10-17,0.0
2017-10-18,0.0
2017-10-19,-0.8313580157434077
2017-10-20,2.7185387054442014
2017-10-23,-0.8179780932399979
2017-10-24,1.6399292937301593
2017-10-25,0.6535832284667786
2017-10-26,0.9232196190257141
2017-10-27,-1.8324364653167695
2017-10-30,-1.6842738384982106
2017-10-31,0.7155673356858891
2017-11-01,-0.32855024238451924
2017-11-02,-1.0989701066494753
2017-11-03,-0.6896675203395162
2017-11-06,-0.5343703363727059
2017-11-07,-0.09245244905951785
2017-11-08,1.0458322950870922
2017-11-09,-0.0
2017-11-10,3.0987463066508925
2017-11-13,0.3309453264121357
2017-11-14,-0.6851766102631547
2017-11-15,-2.0369128137455723
2017-11-16,1.5368977494212768
2017-11-17,-0.6465263361809775
2017-11-20,1.1553770295285184
2017-11-21,0.08420087172981797
2017-11-22,-2.1712237935336685
2017-11-23,0.12119640186098796
2017-11-24,0.7943712823911138
2017-11-27,-0.7722246281905844
2017-11-28,0.35388199948123056
2017-11-29,0.0
2017-11-30,0.0
2017-12-01,-2.0079824941012037
2017-12-04,0.7116537252897273
2017-12-05,-0.5509469357643316
2017-12-06,-1.1311409445166498
2017-12-07,1.1399480024308926
2017-12-08,0.3880857124700935
2017-12-11,0.6028881067142089
2017-12-12,0.5195067051198482
2017-12-13,-3.11218485010264
2017-12-14,0.9640982266570317
2017-12-15,-0.0
2017-12-18,1.3780261527984319
2017-12-19,2.669433001249546
2017-12-20,1.3429820640561378
2017-12-21,-0.07984830699043872
2017-12-22,-0.0
2017-12-25,0.0
2017-12-26,0.0
2017-12-27,-2.12835034001191
2017-12-28,0.7378940460818765
2017-12-29,-0.8408441575305413
2018-01-01,0.0
2018-01-02,0.0
2018-01-03,-0.44648911601094293
2018-01-04,0.7414869102364952
2018-01-05,1.1646887109667814
2018-01-08,0.05240117469056416
2018-01-09,3.0460406582048583
2018-01-10,-0.0
2018-01-11,-0.089180899540886
2018-01-12,0.648960660384491
2018-01-15,-0.0
2018-01-16,-0.5457965577229645
2018-01-17,2.0705181253874785
2018-01-18,1.7715113696693665
2018-01-19,1.180651765442683
2018-01-22,1.285044826404308
2018-01-23,-1.9947020626980037
2018-01-24,1.0139251133892035
2018-01-25,-0.8359722003350667
2018-01-26,2.1119696769757814
2018-01-29,1.4209622399889743
2018-01-30,1.1335034906941317
2018-01-31,0.35090079138008823
2018-02-01,2.7332222716045735
2018-02-02,2.823044509782378
2018-02-05,-2.8935173683794413
2018-02-06,0.3403362659066881
2018-02-07,1.2120540995374651
2018-02-08,-0.07843791181267588
2018-02-09,0.14689091033249735
2018-02-12,0.6028310398032871
2018-02-13,-0.694419638539007
2018-02-14,3.2603432556691723
2018-02-15,-0.12381714351033828
2018-02-16,-1.1349659145500164
2018-02-19,0.6703391021925709
2018-02-20,-0.229934004197912
2018-02-21,1.6146456340361794
2018-02-22,-0.9803401109199932
2018-02-23,-1.607430233491065
2018-02-26,-0.12677046432007683
2018-02-27,1.6821005129221813
2018-02-28,-1.0620365386497572
2018-03-01,-1.8251405357245554
2018-03-02,0.0
2018-03-05,0.0
2018-03-06,-0.24315048683471538
2018-03-07,-0.06341560435128228
2018-03-08,-0.5915890249438394
2018-03-09,0.6110174013262013
2018-03-12,-0.7663891507739798
2018-03-13,-0.8536541988564459
2018-03-14,-0.6546700773757868
2018-03-15,0.4507231963756356
2018-03-16,0.46744050906542745
2018-03-19,0.4846840358471947
2018-03-20,1.5601945993012865
2018-03-21,-0.8944348802760835
2018-03-22,-2.1412678263688587
2018-03-23,-0.5334493146346964
2018-03-26,1.321379483068048
2018-03-27,-2.5574102468628954
2018-03-28,0.40581159764757035
2018-03-29,-0.9746589827144585
2018-03-30,0.0
2018-04-02,0.0
2018-04-03,1.644663530558463
2018-04-04,0.4246466663492925
2018-04-05,0.8762500075389794
2018-04-06,-2.0776633343327284
2018-04-09,0.27673169307269363
2018-04-10,0.7165098797446408
2018-04-11,-0.5165714738874863
2018-04-12,2.120541562383255
2018-04-13,-0.35211802102310946
2018-04-16,0.4388540984668007
2018-04-17,-0.3035191293532821
2018-04-18,1.9776499765670645
2018-04-19,1.1035701708355286
2018-04-20,1.6168528981635066
2018-04-23,1.0190390129539861
2018-04-24,0.22360133386595807
2018-04-25,0.9270787332553512
2018-04-26,-1.2423542036361752
2018-04-27,-0.781604643182438
2018-04-30,-0.5615952531144134
2018-05-01,0.9100965753331471
2018-05-02,-0.25491126589378027
2018-05-03,-1.2988990754926082
2018-05-04,-0.0
2018-05-07,-0.0
2018-05-08,1.2271597168605477
2018-05-09,1.329771961856348
2018-05-10,-0.8595839023255721
2018-05-11,-0.0
2018-05-14,1.218242545055358
2018-05-15,3.194112444927491
2018-05-16,1.0124111379111373
2018-05-17,0.25961433548927465
2018-05-18,-2.1965295046817537
2018-05-21,-0.32550586081106586
2018-05-22,0.2540238446498292
2018-05-23,-2.8025168878174234
2018-05-24,-0.4385387523901
2018-05-25,-2.031197920712915
2018-05-28,0.0
2018-05-29,0.0
2018-05-30,2.2047709726250164
2018-05-31,0.19625071567781943
2018-06-01,1.7237452310009849
2018-06-04,1.41574171419054
2018-06-05,-0.9568608990730691
2018-06-06,0.0
2018-06-07,0.0
2018-06-08,0.0
2018-06-11,0.20547917975903676
2018-06-12,0.5719824038515011
2018-06-13,0.6653988887977192
2018-06-14,-1.2740561170360154
2018-06-15,-0.37970054512212903
2018-06-18,-0.31535724485376043
2018-06-19,-1.3653820241598058
2018-06-20,1.6645026446502564
2018-06-21,-1.3938977892727187
2018-06-22,0.07829761952446626
2018-06-25,-0.7300315845441852
2018-06-26,-0.16767451834659777
2018-06-27,-2.0094898348162697
2018-06-28,0.5733806924382471
2018-06-29,0.7599913119746028
2018-07-02,0.3486622616958702
2018-07-03,-1.3359147229287667
2018-07-04,0.3163679192210881
2018-07-05,-0.32899980029806497
2018-07-06,-0.5852432695147607
2018-07-09,1.5768118388937862
2018-07-10,0.49573298610428324
2018-07-11,-1.2173601627861148
2018-07-12,0.5170815864588223
2018-07-13,-1.2686027970330858
2018-07-16,1.2732258697467314
2018-07-17,0.43250506573719627
2018-07-18,0.44893043766190194
2018-07-19,-2.012809173786946
2018-07-20,2.303520166074479
2018-07-23,2.8115282276434943
2018-07-24,-0.2611339400018948
2018-07-25,0.632772250802733
2018-07-26,1.0221085929836944
2018-07-27,-1.1257076743192853
2018-07-30,0.5746296172585547
2018-07-31,-0.29750392183642116
2018-08-01,1.8994570940048239
2018-08-02,-1.1246426971292045
2018-08-03,-1.940653182341261
2018-08-06,-0.5639084731147646
2018-08-07,1.5259900803447275
2018-08-08,-0.5735930507150007
2018-08-09,-1.0764663802366603
2018-08-10,-3.617355293286869
2018-08-13,0.5807148615826664
2018-08-14,0.6730062614993543
2018-08-15,-1.5844694509123645
2018-08-16,0.8195220424358157
2018-08-17,0.07667884047490453
2018-08-20,-2.069813265173116
2018-08-21,0.44277745070347363
2018-08-22,0.2296777464882501
2018-08-23,-0.39827798643595913
2018-08-24,0.24809545914139478
2018-08-27,-1.3560424119764773
2018-08-28,-2.359755941765709
2018-08-29,-0.30894032646020614
2018-08-30,1.2585887873886634
2018-08-31,0.15932164136038832
2018-09-03,-0.16600176065276656
2018-09-04,-1.1976605718268554
2018-09-05,0.0
2018-09-06,1.3302761196972541
2018-09-07,-3.101999057174409
2018-09-10,0.2209947097314592
2018-09-11,-1.7392445508899228
2018-09-12,-0.5448129164207592
2018-09-13,0.5022019095590251
2018-09-14,1.3751898553097968
2018-09-17,-0.94279448615644
2018-09-18,3.3751415570936145
2018-09-19,0.29018555041319005
2018-09-20,-0.0
2018-09-21,-0.07935690301974192
2018-09-24,0.886161506902747
2018-09-25,0.5539279742224411
2018-09-26,-2.189487139358539
2018-09-27,-0.0
2018-09-28,0.5604013939539993
2018-10-01,0.5860861429285207
2018-10-02,-1.028224784107927
2018-10-03,4.425631552604226
2018-10-04,0.09823898051630356
2018-10-05,1.1141756485787424
2018-10-08,-0.307157187828773
2018-10-09,-0.43460290214910435
2018-10-10,-1.5425600992058073
2018-10-11,-0.0
2018-10-12,-0.0
2018-10-15,-0.06696157254433972
2018-10-16,0.4669777950119261
2018-10-17,1.1634058704687018
2018-10-18,-1.2470779651712454
2018-10-19,0.46762927986347136
2018-10-22,0.14089312007777008
2018-10-23,-1.2035497996351638
2018-10-24,-2.04504812498948
2018-10-25,0.2919572278413313
2018-10-26,-1.0814700331227889
2018-10-29,0.06083619627960986
2018-10-30,1.1859557298610233
2018-10-31,0.8122664594949458
2018-11-01,-0.5751868082594259
2018-11-02,2.0841403623060537
2018-11-05,0.06917001071627867
2018-11-06,0.23426745833242424
2018-11-07,1.028822029004205
2018-11-08,0.26033516012645025
2018-11-09,-2.102467093841382
2018-11-12,-1.484821284757677
2018-11-13,-0.2919775931084081
2018-11-14,-0.9876387786861196
2018-11-15,-0.6688360845786505
2018-11-16,-1.681660992688803
2018-11-19,0.0658951218356459
2018-11-20,0.13726514278887858
2018-11-21,-0.07151067876285068
2018-11-22,0.2976082627629297
2018-11-23,-0.7708670711780681
2018-11-26,0.3959466288102985
2018-11-27,-0.0
2018-11-28,-0.9372464859687185
2018-11-29,-0.7834359008867727
2018-11-30,0.8001945141928821
2018-12-03,-2.505613850577762
2018-12-04,-1.0430493547712143
2018-12-05,-0.7553244233630138
2018-12-06,-1.3975872099111009
2018-12-07,-3.4798668141964293
2018-12-10,-0.8646316789160632
2018-12-11,-1.6776350081346627
2018-12-12,-1.0319214870343814
2018-12-13,0.2388874116667101
2018-12-14,0.6983502349071441
2018-12-17,1.3444619928381263
2018-12-18,1.6736828985267869
2018-12-19,1.501459582370561
2018-12-20,-1.063578048118324
2018-12-21,0.4501516353633531
2018-12-24,-0.09181713269289052
2018-12-25,2.192103016421005
2018-12-26,-2.4067158341264143
2018-12-27,1.8659684852477736
2018-12-28,1.5500813681762744
2018-12-31,0.48262579223357627
2019-01-01,1.118640341361696
2019-01-02,4.416153109421858
2019-01-03,1.2750772086629358
2019-01-04,-2.531844467460646
2019-01-07,-0.45407803607500186
2019-01-08,-0.7980058099927914
2019-01-09,0.4075500488919632
2019-01-10,-0.14189621696443322
2019-01-11,0.6858104505463389
2019-01-14,-0.14754039163341234
2019-01-15,-0.3069378706266076
2019-01-16,-0.11950580747271258
2019-01-17,-0.7017729612728619
2019-01-18,-0.9216004281387962
2019-01-21,0.21163534815621626
2019-01-22,0.6578205643358961
2019-01-23,-0.04503082868313001
2019-01-24,0.6079978770037016
2019-01-25,-1.000867812037738
2019-01-28,0.48004779239286405
2019-01-29,0.643194772848285
2019-01-30,1.2052584053499142
2019-01-31,1.1856191083546737
2019-02-01,-1.6678596048668157
2019-02-04,-0.8133129835000465
2019-02-05,0.44310002728531517
2019-02-06,0.31299816984638285
2019-02-07,1.2889347609674913
2019-02-08,0.5050651513792679
2019-02-11,-0.7477771955296753
2019-02-12,-1.3364118621766394
2019-02-13,-0.2676596497104356
2019-02-14,1.275791768576073
2019-02-15,-0.6314187365957857
2019-02-18,-0.0679825786698978
2019-02-19,1.2171290721574697
2019-02-20,-0.07118425414141194
2019-02-21,-1.6746039655320344
2019-02-22,0.6829131630261327
2019-02-25,0.36939785217882654
2019-02-26,0.9750624354016184
2019-02-27,-1.543847909860042
2019-02-28,-1.8430313329404362
2019-03-01,-1.7507540752748803
2019-03-04,1.2004566131980283
2019-03-05,0.11480841173193208
2019-03-06,1.1211626467962137
2019-03-07,1.4022619871920174
2019-03-08,0.9183031080338369
2019-03-11,-1.6119752856227305
2019-03-12,2.1054242639425724
2019-03-13,-0.7630129601111731
2019-03-14,0.0
2019-03-15,1.3288910995627203
2019-03-18,-0.4974517390551614
2019-03-19,-0.6868375424795207
2019-03-20,3.111978212501612
2019-03-21,-0.23023043347488223
2019-03-22,3.2772459380998176
2019-03-25,0.8875579128002288
2019-03-26,-0.1285474905610628
2019-03-27,0.9767650792539674
2019-03-28,-0.7937264833570524
2019-03-29,-1.1621991964598117
2019-04-01,-1.6528367524668506
2019-04-02,0.48931850095344676
2019-04-03,-1.0950673508218423
2019-04-04,0.2222300175731716
2019-04-05,0.13877106290375327
2019-04-08,-0.336674878808401
2019-04-09,0.39935828476748947
2019-04-10,0.7735091143123506
2019-04-11,-0.682746633990159
2019-04-12,-1.724162018470582
2019-04-15,0.10060461993806255
2019-04-16,-0.7295304555789776
2019-04-17,-0.21404498082974524
2019-04-18,0.610679834210064
2019-04-19,0.4006816965289405
2019-04-22,-0.6505659697981792
2019-04-23,0.6080926247649175
2019-04-24,1.520459500567826
2019-04-25,-0.24339332699093424
2019-04-26,0.9430886691471071
2019-04-29,-0.633534868664344
2019-04-30,0.5422466965079297
2019-05-01,-0.14970182361170364
2019-05-02,-1.8034847156104767
2019-05-03,2.413173305234811
2019-05-06,0.35056053249362057
2019-05-07,0.24117490381058634
2019-05-08,-0.6385451246074612
2019-05-09,1.3877033409811765
2019-05-10,0.24901201659182592
2019-05-13,1.7712228637743632
2019-05-14,-0.17520049478710045
2019-05-15,1.4995722074659346
2019-05-16,-0.7577899469092101
2019-05-17,-0.09652478901571854
2019-05-20,-1.2006198387833167
2019-05-21,-0.9030767819836037
2019-05-22,1.8114569347470995
2019-05-23,2.5897785320001208
2019-05-24,0.0854314065945379
2019-05-27,0.0
2019-05-28,2.2444287569244934
2019-05-29,0.0980177405713588
2019-05-30,2.0415531429244975
2019-05-31,4.616087265686873
2019-06-03,1.3210893100211754
2019-06-04,-1.485432271870881
2019-06-05,0.4657243997857865
2019-06-06,0.04009986107484838
2019-06-07,-0.5388862103912485
2019-06-10,-0.2634954079650628
2019-06-11,0.044302815944235754
2019-06-12,0.7834484949970059
2019-06-13,1.0322699237833433
2019-06-14,-0.09455989530335981
2019-06-17,-0.1474292665535535
2019-06-18,0.6139254886751272
2019-06-19,1.2052935891200318
2019-06-20,0.05248630864602395
2019-06-21,-0.7559533518893569
2019-06-24,1.0484567707041637
2019-06-25,0.3915289037118337
2019-06-26,-1.4590083219736956
2019-06-27,0.6648482479465451
2019-06-28,-0.8448075376151326
2019-07-01,1.032586789425355
2019-07-02,1.157461493699274
2019-07-03,0.29218289592720087
2019-07-04,0.30394403453212077
2019-07-05,-3.060625426642744
2019-07-08,-0.09343197185951144
2019-07-09,-0.7239330604655131
2019-07-10,0.888414773900037
2019-07-11,-1.8795220706512052
2019-07-12,0.45785781903997974
2019-07-15,0.47403589314604455
2019-07-16,-0.5861489022811612
2019-07-17,1.4388688610395184
2019-07-18,0.34366827698178565
2019-07-19,-0.5077812413543665
2019-07-22,0.3680092274320714
2019-07-23,-0.7046247157600634
2019-07-24,0.7787701554760743
2019-07-25,-1.0149121716891734
2019-07-26,0.17225339042547308
2019-07-29,0.11962379640626358
2019-07-30,0.12465604548141003
2019-07-31,0.5834285128452602
2019-08-01,4.2639597344685916
2019-08-02,0.3942206542865022
2019-08-05,3.140713248996226
2019-08-06,-0.5176276383602219
2019-08-07,-0.30404071176837494
2019-08-08,0.5294481413692063
2019-08-09,-0.9011408258936204
2019-08-12,1.2263290198148646
2019-08-13,-1.1170486772921864
2019-08-14,1.5355026520716828
2019-08-15,1.0236231512852139
2019-08-16,-0.6207223352580225
2019-08-19,-0.5962971941227742
2019-08-20,0.699369264152762
2019-08-21,-0.6408034242751328
2019-08-22,-0.45286990068647387
2019-08-23,2.589768104340981
2019-08-26,0.32752580896418454
2019-08-27,-1.2267022998141524
2019-08-28,0.2031617582428665
2019-08-29,0.7233343004220474
2019-08-30,-0.45916318559883174
2019-09-02,-0.37241910263778333
2019-09-03,-0.1757153126956632
2019-09-04,0.9816638296840378
2019-09-05,-0.5513994906267401
2019-09-06,-1.2998235449395739
2019-09-09,-0.03713216482684369
2019-09-10,-1.4685139548199957
2019-09-11,-1.4885012787080618
2019-09-12,-0.5358111821621705
2019-09-13,-2.112825662824644
2019-09-16,0.13185293561302763
2019-09-17,0.5138044759211846
2019-09-18,0.4601830840532344
2019-09-19,0.1468122485542576
2019-09-20,0.6853819535160849
2019-09-23,0.07852592307049089
2019-09-24,0.6928487758665576
2019-09-25,1.4041707594161623
2019-09-26,-1.0984622160090514
2019-09-27,0.6589271172625737
2019-09-30,-0.17001268319752375
2019-10-01,-0.529338399996804
2019-10-02,1.3493281845233522
2019-10-03,1.760025504559072
2019-10-04,1.6057679387250317
2019-10-07,0.0
2019-10-08,-1.4015287048198433
2019-10-09,1.1379785358476064
2019-10-10,-0.8054520459391343
2019-10-11,-3.3780002003700447
2019-10-14,0.34422286820854103
2019-10-15,0.2600476059266985
2019-10-16,-0.6731432752158212
2019-10-17,0.2774844852155428
2019-10-18,-0.1082541064052535
2019-10-21,-0.2630175148474063
2019-10-22,-1.0819497049859828
2019-10-23,0.9727328649747182
2019-10-24,-0.1589888381010397
2019-10-25,-0.9035629175214857
2019-10-28,-0.21049075108621582
2019-10-29,-1.0415620005368953
2019-10-30,0.7047605300864586
2019-10-31,0.8128387601024692
2019-11-01,1.146939404944395
2019-11-04,-0.3728516579850036
2019-11-05,-1.3324199492967428
2019-11-06,-1.139322676267883
2019-11-07,0.7683394763779575
2019-11-08,-2.8642651775937487
2019-11-11,0.6111939383787729
2019-11-12,-0.9213105666408419
2019-11-13,0.7246648643434859
2019-11-14,1.2523605539796379
2019-11-15,0.8664516163434964
2019-11-18,-0.04451881358390379
2019-11-19,0.1855307409867836
2019-11-20,1.2824376924593728
2019-11-21,0.24035351615749678
2019-11-22,-1.1840525190258995
2019-11-25,-0.1505876645523641
2019-11-26,0.6766906006375086
2019-11-27,0.3764330305091369
2019-11-28,-0.7781452411517563
2019-11-29,-1.07811027268654
2019-12-02,-0.40614751090053935
2019-12-03,-0.8986051002627085
2019-12-04,-3.594444449429943
2019-12-05,-0.9542278530411942
2019-12-06,-2.0262670951420807
2019-12-09,-0.1742721077779996
2019-12-10,-0.36307988483027825
2019-12-11,0.5624308988848333
2019-12-12,-0.8231935114488647
2019-12-13,0.7407207754346845
2019-12-16,0.10186377981186709
2019-12-17,0.7362446580679523
2019-12-18,0.43289901968582617
2019-12-19,1.1597449497833923
2019-12-20,-0.0
2019-12-23,-0.35216555578946634
2019-12-24,0.36543579031438295
2019-12-25,-0.6320851805024483
2019-12-26,0.1962878082701637
2019-12-27,-1.4733051220599616
2019-12-30,0.06771005807141857
2019-12-31,0.7003432597722056
2020-01-01,0.9317988513090045
2020-01-02,-0.37009736085414613
2020-01-03,-4.998694748418598
2020-01-06,0.2535008171785034
2020-01-07,0.7405039970110524
2020-01-08,-0.8485969503057574
2020-01-09,2.120621700641356
2020-01-10,-0.9338719740838078
2020-01-13,0.16568074241692346
2020-01-14,0.6005682350277568
2020-01-15,-1.1418293331085156
2020-01-16,-0.1779661169786269
2020-01-17,0.36966119510075696
2020-01-20,-0.048020856701070515
2020-01-21,-0.7976952082626362
2020-01-22,0.05128870581932595
2020-01-23,-1.113012214790158
2020-01-24,-3.1445472255316083
2020-01-27,0.33959978367691834
2020-01-28,-0.5293170208945329
2020-01-29,-0.5025572923959859
2020-01-30,1.7693036826369852
2020-01-31,1.341773216092384
2020-02-03,-0.30387048151976714
2020-02-04,-1.1629178359259558
2020-02-05,-0.4531431228913614
2020-02-06,-1.7892798257696623
2020-02-07,2.155207628629828
2020-02-10,-0.7574346011843621
2020-02-11,0.24570390075804188
2020-02-12,-0.6382042580393795
2020-02-13,0.5248878831457773
2020-02-14,-0.2266819926903091
2020-02-17,0.0
2020-02-18,1.0182079791553944
2020-02-19,-0.2972666633370446
2020-02-20,-0.05155357259973672
2020-02-21,3.259431679522743
2020-02-24,0.1615586156821303
2020-02-25,0.46176645106448827
2020-02-26,1.4086232326418555
2020-02-27,1.056246173446963
2020-02-28,4.152978177355369
2020-03-02,0.06992105884061754
2020-03-03,-0.8225366460990853
2020-03-04,3.2902458468003277
2020-03-05,-0.8699130268886613
2020-03-06,5.250818903810556
2020-03-09,0.04387025880952175
2020-03-10,-1.7821515939932093
2020-03-11,0.7304455180253904
2020-03-12,-0.2805237449427155
2020-03-13,0.1479807875184419
2020-03-16,0.14775072279109822
2020-03-17,-0.8206709686800715
2020-03-18,-1.7584196690461158
2020-03-19,-1.8416304253113116
2020-03-20,2.966953287726261
2020-03-23,-0.13043399833416336
2020-03-24,0.13645787108971166
2020-03-25,-0.41850405432041643
2020-03-26,0.28405939135591646
2020-03-27,0.8631978718577106
2020-03-30,-0.10167270498909753
2020-03-31,0.0
2020-04-01,0.4268628094792974
2020-04-02,0.028323934311211045
2020-04-03,-0.17857457081238412
2020-04-06,-0.2233551233722614
2020-04-07,-0.7273167634774272
2020-04-08,-0.015036972967886947
2020-04-09,-0.03079022489792654
2020-04-10,0.2636285833672228
2020-04-13,-0.11076807848937188
2020-04-14,-0.21607516119379433
2020-04-15,0.427861253151448
2020-04-16,0.8081013089331559
2020-04-17,-0.10152355904366338
2020-04-20,0.0821709240362245
2020-04-21,0.1308122071734968
2020-04-22,0.3975754728385134
2020-04-23,-0.5506633748291616
2020-04-24,-0.09569355697550343
2020-04-27,-0.32648411016905604
2020-04-28,-0.2485454654467274
2020-04-29,0.4926061808239719
2020-04-30,0.20762530855581418
2020-05-01,0.026200310270447905
2020-05-04,0.05727442354880246
2020-05-05,-0.6499870118438413
2020-05-06,-0.318646651062755
2020-05-07,-0.03390630200648766
2020-05-08,0.3805633484930478
2020-05-11,0.1077563184430183
2020-05-12,-0.15020834704292632
2020-05-13,0.6294969054465038
2020-05-14,0.6241874972983601
2020-05-15,-0.11829215734721078
2020-05-18,0.15453390473097375
2020-05-19,-1.3440912765581599
2020-05-20,0.42043536708906964
2020-05-21,0.42180076319710424
2020-05-22,0.03972739323819389
2020-05-25,0.0
2020-05-26,-0.4004389371952464
2020-05-27,0.0735586576461033
2020-05-28,-0.11495717512206047
2020-05-29,0.7553104717459991
2020-06-01,0.0
2020-06-02,-0.5105896529050978
2020-06-03,-1.7489621107935358
2020-06-04,-1.038724454015121
2020-06-05,-1.8449875912840148
2020-06-08,0.5192337255392379
2020-06-09,1.103480532225308
2020-06-10,1.9597941302498039
2020-06-11,1.3707717244877522
2020-06-12,-0.790144692185866
2020-06-15,0.0
2020-06-16,-0.771198403476066
2020-06-17,0.25022168334606365
2020-06-18,0.8200894226028821
2020-06-19,-0.13329120029554667
2020-06-22,-0.2312985534803671
2020-06-23,0.1445182321162427
2020-06-24,0.40111763331619665
2020-06-25,0.10425804719734247
2020-06-26,1.0757728029190945
2020-06-29,0.3853199533958301
2020-06-30,-0.5698627658361383
2020-07-01,-0.7049606725879439
2020-07-02,0.4250902916163597
2020-07-03,0.0
2020-07-06,0.0
2020-07-07,1.033346382820896
2020-07-08,-0.33180463028300333
2020-07-09,1.3597228305334412
2020-07-10,-1.5481091555922262
2020-07-13,0.9460996819241696
2020-07-14,-0.06963078676853847
2020-07-15,-0.0725551697113883
2020-07-16,0.5284437835019263
2020-07-17,-0.39118469957442936
2020-07-20,0.40669647057419617
2020-07-21,0.5911140929895059
2020-07-22,-0.0876557308946097
2020-07-23,0.457148621539765
2020-07-24,-0.2881809159367753
2020-07-27,-0.8794498273791088
2020-07-28,1.7689193576393658
2020-07-29,0.4963924144874548
2020-07-30,1.3241197132931746
2020-07-31,1.1386755074772874
2020-08-03,-1.0488235590940622
2020-08-04,2.368607989066679
2020-08-05,-1.9778450702484869
2020-08-06,0.5804955747943864
2020-08-07,-1.1834564374340824
2020-08-10,-0.6044688365387564
2020-08-11,-2.853884862175416
2020-08-12,-1.5041739430473946
2020-08-13,-1.1521891266397986
2020-08-14,1.2509734217806396
2020-08-17,0.906167325629104
2020-08-18,0.6520159364923325
2020-08-19,-0.48180591174402587
2020-08-20,1.470810770073372
2020-08-21,0.4976511732659855
2020-08-24,-1.2209347879528296
2020-08-25,-1.2318327366133643
2020-08-26,0.10518885396505975
2020-08-27,-2.647351660870476
2020-08-28,2.1406531721235544
2020-08-31,0.45696812847179374
2020-09-01,1.3974932977941152
2020-09-02,0.7540922772359443
2020-09-03,0.6803318002297043
2020-09-04,-3.554334469063239
2020-09-07,0.0
2020-09-08,0.0
2020-09-09,0.0
2020-09-10,0.4094910144950774
2020-09-11,0.8453002131675115
2020-09-14,-0.34851389132199745
2020-09-15,-0.1812877398967418
2020-09-16,-0.5649687141465705
2020-09-17,0.0
2020-09-18,-0.30544754434670357
2020-09-21,1.4513758172546376
2020-09-22,-0.10534046092686201
2020-09-23,-0.43831734115780674
2020-09-24,0.45491232419208744
2020-09-25,0.7061947664449615
2020-09-28,0.12200497896491909
2020-09-29,0.38101117600791784
2020-09-30,-1.5463744641761494
2020-10-01,0.13100950655379515
2020-10-02,-1.3411386252168624
2020-10-05,-4.3632017268635686
2020-10-06,1.8904900549390442
2020-10-07,-2.1112123524436925
2020-10-08,0.3921572156356503
2020-10-09,0.08149773581432405
2020-10-12,0.6750422375204229
2020-10-13,1.4479751638899296
2020-10-14,0.0858123476839881
2020-10-15,-0.5354716847643324
2020-10-16,-0.4623975381563615
2020-10-19,-1.1405391774779376
2020-10-20,-0.38845655705734694
2020-10-21,-1.7696824501054162
2020-10-22,-1.3532067291401026
2020-10-23,0.1958662342256632
2020-10-26,1.9453314679528995
2020-10-27,1.582492238986477
2020-10-28,-0.37321088512783346
2020-10-29,-2.138106857879972
2020-10-30,-1.8440097151278287
2020-11-02,0.8575082941590916
2020-11-03,-1.3591521439271836
2020-11-04,-4.152601658586437
2020-11-05,0.11512017335217296
2020-11-06,1.2305798924774196
2020-11-09,2.6482760189052006
2020-11-10,0.950497174894602
2020-11-11,-0.33862595544587404
2020-11-12,-1.8526377686936162
2020-11-13,0.32660761198530597
2020-11-16,0.14538330733448007
2020-11-17,-1.0024624873619559
2020-11-18,0.30536536558674043
2020-11-19,-0.8430759877743489
2020-11-20,-0.10807393368876139
2020-11-23,0.7811080400782624
2020-11-24,0.22920499797725088
2020-11-25,-0.059658370454042216
2020-11-26,0.0
2020-11-27,0.0
2020-11-30,0.2562477029650767
2020-12-01,2.4341406523129656
2020-12-02,-0.0
2020-12-03,-0.9025887533960926
2020-12-04,1.3312562042119784
2020-12-07,-1.20158939050577
2020-12-08,-0.12173158097379848
2020-12-09,0.5057870705091682
2020-12-10,-0.9753835540711946
2020-12-11,-0.9257193187662348
2020-12-14,0.13563145699366594
2020-12-15,0.4228624319529406
2020-12-16,0.21950650212766037
2020-12-17,0.38025912199436795
2020-12-18,0.39461890472288635
2020-12-21,-0.3302134995165922
2020-12-22,-0.7757083772715347
2020-12-23,0.6975495737292913
2020-12-24,-0.27058261748264195
2020-12-25,0.0
2020-12-28,0.0
2020-12-29,0.0969147207911754
2020-12-30,-0.10567600564971125
2020-12-31,-0.7672087674531576
2021-01-01,0.0
2021-01-04,0.0
2021-01-05,1.7117670522330024
2021-01-06,3.776425240862392
2021-01-07,1.8792411152522666
2021-01-08,1.6239943515318187
2021-01-11,0.9320333831436428
2021-01-12,-0.0
2021-01-13,-1.7743116184891354
2021-01-14,0.8544334615247562
2021-01-15,-1.6012715967634261
2021-01-18,0.0
2021-01-19,0.0
2021-01-20,-0.34756873842860775
2021-01-21,0.5589423908338707
2021-01-22,-0.684528224708314
2021-01-25,-2.441257740410636
2021-01-26,0.24712882879135536
2021-01-27,-0.6117739180434169
2021-01-28,1.2734799515703765
2021-01-29,0.35838727526771486
2021-02-01,0.2697958309845511
2021-02-02,1.0647979526359885
2021-02-03,1.652245603592461
2021-02-04,-0.3079208716760489
2021-02-05,0.6232603761051092
2021-02-08,0.7484637856068302
2021-02-09,-0.7651065498459528
2021-02-10,-2.245201280654359
2021-02-11,0.9527912449222619
2021-02-12,2.674539323032788
2021-02-15,0.0
2021-02-16,0.0
2021-02-17,-0.4533417482250466
2021-02-18,-0.11649435769103345
2021-02-19,2.496731887440518
2021-02-22,1.2310602252848595
2021-02-23,-0.7278032134121518
2021-02-24,1.029178524833521
2021-02-25,6.489862685973977
2021-02-26,-0.20458017868425954
2021-03-01,-0.9081259536764221
2021-03-02,-0.4564199021666093
2021-03-03,0.8178105508101065
2021-03-04,0.9278764244799271
2021-03-05,0.3465795258490976
2021-03-08,0.685330120206882
2021-03-09,-0.8731487569778712
2021-03-10,-0.25764860004756573
2021-03-11,-0.1456613469897836
2021-03-12,1.2266547625019104
2021-03-15,-0.14045976422642706
2021-03-16,0.05246408818512059
2021-03-17,-0.09452783304748877
2021-03-18,1.0831685856311213
2021-03-19,0.29379418074400715
2021-03-22,-0.483802342366521
2021-03-23,-1.0429682428345073
2021-03-24,-0.16560118002100013
2021-03-25,0.2873018627649498
2021-03-26,0.6550886371492267
2021-03-29,0.45635162598896595
2021-03-30,0.15708110431933028
2021-03-31,0.7505774360391734
2021-04-01,-0.9813706560801309
2021-04-02,0.0
2021-04-05,0.0
2021-04-06,-0.9012066264646593
2021-04-07,0.06739228105801798
2021-04-08,-0.93629327595584
2021-04-09,0.6284727878454
2021-04-12,0.2152237899199788
2021-04-13,-0.9942101119766462
2021-04-14,0.40769006883073944
2021-04-15,-1.0967802757876168
2021-04-16,0.18932952241039294
2021-04-19,0.31526597565359693
2021-04-20,-1.0106111988470208
2021-04-21,0.04080342336699374
2021-04-22,-0.2124648862603285
2021-04-23,0.529746824113417
2021-04-26,0.22814951940866024
2021-04-27,1.081947195255675
2021-04-28,-0.4730675452794887
2021-04-29,0.6354168715657053
2021-04-30,-0.4020811848469555
2021-05-03,-0.827331586120867
2021-05-04,-0.21782347264036722
2021-05-05,-0.8198486367757359
2021-05-06,0.22411939061419053
2021-05-07,-0.5232547654222366
2021-05-10,0.4808326938822489
2021-05-11,0.5595172664290875
2021-05-12,2.122505964495136
2021-05-13,-1.094775504478936
2021-05-14,-0.8115311467811206
2021-05-17,0.6525861993594505
2021-05-18,-0.6096214234767097
2021-05-19,1.3635635636970078
2021-05-20,-1.739801621515152
2021-05-21,0.17578534752794742
2021-05-24,-0.6077474419697414
2021-05-25,-1.4154217438234284
2021-05-26,0.49080649689968986
2021-05-27,0.8839155415823762
2021-05-28,-0.19418289424149507
2021-05-31,0.0
2021-06-01,0.0
2021-06-02,-0.5549204424316112
2021-06-03,1.6142112358197978
2021-06-04,-2.5357409395627863
2021-06-07,0.3598904356637617
2021-06-08,-1.109193724419875
2021-06-09,-1.2959692722417138
2021-06-10,-1.5820541551062914
2021-06-11,0.8373151132862765
2021-06-14,1.4401295482834868
2021-06-15,-0.12002654601473929
2021-06-16,3.221416272414823
2021-06-17,-1.069065217982632
2021-06-18,-1.1171817453510873
2021-06-21,0.7029606918326002
2021-06-22,-0.6729527431202714
2021-06-23,0.6907089830514513
2021-06-24,0.15259424392902893
2021-06-25,0.581032721627033
2021-06-28,-1.0800637421586188
2021-06-29,-0.10986024595755634
2021-06-30,-0.1716914506160735
2021-07-01,-0.17881921485985303
2021-07-02,-1.5178744619168862
2021-07-05,0.0
2021-07-06,0.0
2021-07-07,-0.8085929127025722
2021-07-08,-1.0180587670068515
2021-07-09,-1.7139506993345734
2021-07-12,0.06284853068975746
2021-07-13,-1.725748468604979
2021-07-14,1.9879216017879735
2021-07-15,1.0384453675123155
2021-07-16,0.23545082343924048
2021-07-19,2.658649842420395
2021-07-20,-0.15511672888097894
2021-07-21,-1.6758337882473762
2021-07-22,0.3093077491700528
2021-07-23,0.21438274536249657
2021-07-26,-0.3346150195296514
2021-07-27,1.0880403556077767
2021-07-28,0.29164990997008916
2021-07-29,-1.0214532732614385
2021-07-30,1.3852968382553743
2021-08-02,1.426756505387497
2021-08-03,0.29849876579054496
2021-08-04,-0.930348251552123
2021-08-05,-1.681393166802507
2021-08-06,-1.7910277977572817
2021-08-09,-0.8180608357384428
2021-08-10,-0.8968545334158153
2021-08-11,0.42867956801371476
2021-08-12,-0.38150010046590194
2021-08-13,2.301105023800093
2021-08-16,0.47213901209335657
2021-08-17,0.0
2021-08-18,0.14117952395426858
2021-08-19,0.2259072076465661
2021-08-20,-0.713472173017031
2021-08-23,0.3487121342258897
2021-08-24,-1.677006228461013
2021-08-25,-1.6586144749394776
2021-08-26,-0.5023034755335782
2021-08-27,1.8595896387323847
2021-08-30,1.1127286105196976
2021-08-31,-0.846706459671781
2021-09-01,0.5072059828163811
2021-09-02,0.4065013864565502
2021-09-03,-1.1711378457338661
2021-09-06,0.0
2021-09-07,0.0
2021-09-08,1.126987265386858
2021-09-09,1.387417147726827
2021-09-10,-1.6881738145494238
2021-09-13,0.7319767697553193
2021-09-14,1.6617186741945522
2021-09-15,-0.8341142315286235
2021-09-16,-2.0668687046195098
2021-09-17,-1.1737819154227063
2021-09-20,2.0495126263271666
2021-09-21,-0.23833116118562986
2021-09-22,0.07762551902473556
2021-09-23,-4.195524123168209
2021-09-24,-0.30385251143024516
2021-09-27,-1.1986111551270235
2021-09-28,-0.9941452690878894
2021-09-29,0.6885222592463343
2021-09-30,0.9177876477038551
2021-10-01,0.8752737801180583
2021-10-04,-0.44849519934053667
2021-10-05,-1.2642325000900134
2021-10-06,0.1738941580469744
2021-10-07,1.4695688063514005
2021-10-08,0.9299515513061549
2021-10-11,0.9430978405096191
2021-10-12,-1.1338872927756674
2021-10-13,-0.7252956625058109
2021-10-14,-0.8069161106472276
2021-10-15,2.232518646587002
2021-10-18,1.185503634878282
2021-10-19,0.39990726961303
2021-10-20,0.2965660985044451
2021-10-21,1.7930243694678276
2021-10-22,-1.8632649163506394
2021-10-25,-0.38449232255873306
2021-10-26,-0.22823014862347737
2021-10-27,-1.398730700274945
2021-10-28,1.3451103185018751
2021-10-29,-0.06142486628347402
2021-11-01,-0.21188177689795826
2021-11-02,-0.989230038087425
2021-11-03,1.5337834381971753
2021-11-04,-2.9074496964447305
2021-11-05,-1.8547449140095817
2021-11-08,1.552954565865397
2021-11-09,-1.2772564025399389
2021-11-10,2.780320042680463
2021-11-11,0.9430242011638683
2021-11-12,-0.7640634725851422
2021-11-15,0.8565568819081011
2021-11-16,0.39785814840709977
2021-11-17,-0.9012359351118646
2021-11-18,-0.20931509586746125
2021-11-19,-0.3917900272279903
2021-11-22,2.1133597714055994
2021-11-23,0.5281627522903216
2021-11-24,-0.16820265596239628
2021-11-25,0.0
2021-11-26,0.0
2021-11-29,0.586125569988118
2021-11-30,-1.373651949822516
2021-12-01,-0.9997611696165819
2021-12-02,1.4095280321042598
2021-12-03,-2.0858423417009
2021-12-06,1.687438566760022
2021-12-07,0.8982043650350182
2021-12-08,0.5978505006750472
2021-12-09,-0.411264331143748
2021-12-10,-0.38370250971472714
2021-12-13,-1.3052877571159045
2021-12-14,0.7405023531578815
2021-12-15,0.17954257642684035
2021-12-16,-1.7651700530981462
2021-12-17,0.044384981711673044
2021-12-20,0.09251591883541022
2021-12-21,1.0950324297372769
2021-12-22,-0.0
2021-12-23,0.6546795547398081
2021-12-24,0.0
2021-12-27,0.0
2021-12-28,-0.0
2021-12-29,1.5377257318038744
2021-12-30,-0.9271030156269988
2021-12-31,0.33599616170616814
2022-01-03,2.975253528877668
2022-01-04,0.23961676076211502
2022-01-05,1.6115450997810734
2022-01-06,0.7752519971950762
2022-01-07,0.7967924119131685
2022-01-10,0.3080158249726594
2022-01-11,-0.5311152212891667
2022-01-12,0.22041282096058532
2022-01-13,-1.3439620753136376
2022-01-14,1.9745621592350862
2022-01-17,0.0
2022-01-18,0.0
2022-01-19,-0.2762346561182735
2022-01-20,-1.875906028977739
2022-01-21,-1.1249920175144348
2022-01-24,0.10941235080892595
2022-01-25,-0.0
2022-01-26,3.119077345736995
2022-01-27,-1.180406982541752
2022-01-28,-0.9950846153355752
2022-01-31,-0.04850692074527232
2022-02-01,0.40412497501194183
2022-02-02,-0.4709965170124339
2022-02-03,1.5939101412286467
2022-02-04,2.141098244914313
2022-02-07,0.16307232228352656
2022-02-08,1.2610344513815925
2022-02-09,-0.4799291109061755
2022-02-10,2.8251102340160874
2022-02-11,-1.8574588584199434
2022-02-14,1.0796851807211312
2022-02-15,0.9580259859796082
2022-02-16,-0.34395187066390853
2022-02-17,-2.171066584329388
2022-02-18,-0.7115806519143786
2022-02-21,0.0
2022-02-22,0.0
2022-02-23,0.9668779618069417
2022-02-24,-0.8037664199461038
2022-02-25,0.13799834380130868
2022-02-28,-3.013486171596905
2022-03-01,-2.491846180528955
2022-03-02,2.6524217806079964
2022-03-03,-0.7303347483528615
2022-03-04,-1.9443025307730954
2022-03-07,0.9605315766957879
2022-03-08,1.403105918056039
2022-03-09,1.8709348062113083
2022-03-10,0.9479110162600486
2022-03-11,0.16451580139401073
2022-03-14,3.0786845613996494
2022-03-15,0.16534025697716834
2022-03-16,1.116151452956515
2022-03-17,-0.4559585247637981
2022-03-18,-0.24674053481515507
2022-03-21,2.870000518300905
2022-03-22,1.1119729679396355
2022-03-23,-1.1662025082410201
2022-03-24,1.042861270310988
2022-03-25,1.8016565164183436
2022-03-28,-0.1255057303203694
2022-03-29,-1.0835457565700388
2022-03-30,-1.012694304728073
2022-03-31,0.0830660832444369
2022-04-01,1.3477872372495043
2022-04-04,0.04347011556246539
2022-04-05,3.214018248138047
2022-04-06,0.3307885301691268
2022-04-07,0.8598124252132441
2022-04-08,0.8056624443455732
2022-04-11,1.0311354147653544
2022-04-12,-1.8056641268755798
2022-04-13,-0.7771111119119566
2022-04-14,1.6349675702684272
2022-04-15,0.0
2022-04-18,0.0
2022-04-19,1.5387744138138713
2022-04-20,-1.1817939160517583
2022-04-21,1.3671750883552396
2022-04-22,-0.4644202894804846
2022-04-25,-1.0450281355217663
2022-04-26,-1.3195435697762974
2022-04-27,1.2662685994512142
2022-04-28,0.04686816653913267
2022-04-29,1.2811523277902066
2022-05-02,0.6242720595508319
2022-05-03,0.04859833626033155
2022-05-04,-0.9476266144999629
2022-05-05,1.157091440280762
2022-05-06,0.7320109083312084
2022-05-09,-1.0935382176802704
2022-05-10,-0.5105531525605983
2022-05-11,-0.6553666880248137
2022-05-12,-0.8810601933002938
2022-05-13,0.7073600851667172
2022-05-16,-0.5844786505019335
2022-05-17,1.6063637536654116
2022-05-18,-1.1914748483918747
2022-05-19,-0.5463295358260927
2022-05-20,-0.8068126905964109
2022-05-23,1.0071164380217508
2022-05-24,-1.688902867722906
2022-05-25,-0.3708098818094919
2022-05-26,-0.07454998293692845
2022-05-27,0.2926616465607458
2022-05-30,0.0
2022-05-31,0.0
2022-06-01,1.8800546255832322
2022-06-02,-0.5377080380336464
2022-06-03,0.46492626777063584
2022-06-06,1.7108817535719885
2022-06-07,-1.072950253879167
2022-06-08,0.7789589781918631
2022-06-09,0.4550483264362671
2022-06-10,2.2997564295994564
2022-06-13,3.6586616202097244
2022-06-14,1.7732728046997361
2022-06-15,-2.834922967841218
2022-06-16,-1.0072135541418212
2022-06-17,0.5089611005472352
2022-06-20,0.0
2022-06-21,0.0
2022-06-22,-1.5292124939463339
2022-06-23,-0.9958035349574935
2022-06-24,0.44505605114610036
2022-06-27,0.8496244578102428
2022-06-28,-0.3100742690970715
2022-06-29,-1.1002318483874107
2022-06-30,-1.250006926762454
2022-07-01,-1.7637194664596523
2022-07-04,0.0
2022-07-05,0.0
2022-07-06,1.8230684737882248
2022-07-07,0.8270486624170837
2022-07-08,1.068951965021937
2022-07-11,-1.026687239090493
2022-07-12,-0.5812270989387189
2022-07-13,-0.29411121610862395
2022-07-14,0.7041255570522711
2022-07-15,-0.6893849136538917
2022-07-18,1.3102702240000093
2022-07-19,0.7103102783597759
2022-07-20,0.24367618697556276
2022-07-21,-3.0924061886022574
2022-07-22,-2.05014866782084
2022-07-25,0.605862981366397
2022-07-26,0.1914673181184715
2022-07-27,-0.6878671860235234
2022-07-28,-1.9846031961002133
2022-07-29,-0.3016895250337188
2022-08-01,-0.9655663688490931
2022-08-02,2.8686480794726656
2022-08-03,-0.339340525630663
2022-08-04,-0.2693666197438762
2022-08-05,1.5130274951754605
2022-08-08,-0.5756683721659793
2022-08-09,0.440525627132943
2022-08-10,-0.2547852012121087
2022-08-11,1.0806333812556161
2022-08-12,-0.5516805113509644
2022-08-15,-0.5919297491207064
2022-08-16,0.4902988878742628
2022-08-17,1.3867883731963047
2022-08-18,-0.20682586084645907
2022-08-19,1.2611788958745345
2022-08-22,0.821051569084678
2022-08-23,0.421158315542068
2022-08-24,1.2004186680517175
2022-08-25,-1.4506486159935557
2022-08-26,0.7488272188247831
2022-08-29,1.2488798305206652
2022-08-30,0.08873918785517934
2022-08-31,2.2579028352046153
2022-09-01,1.1798777123931303
2022-09-02,-1.875835574327014
2022-09-05,0.0
2022-09-06,0.0
2022-09-07,-1.8586183444709086
2022-09-08,1.168389708189875
2022-09-09,-0.10031820332866245
2022-09-12,0.4959371826704812
2022-09-13,1.8762063962769935
2022-09-14,0.33270977127741785
2022-09-15,1.079318799641294
2022-09-16,-0.4485647681458081
2022-09-19,1.0008017489374645
2022-09-20,1.5575806096547704
2022-09-21,-0.24554630316165138
2022-09-22,3.60564217957485
2022-09-23,0.09046654549795681
2022-09-26,4.032258577419634
2022-09-27,0.03137153362428328
2022-09-28,-3.028964720227974
2022-09-29,0.7203291372089445
2022-09-30,0.5157997974031835
2022-10-03,-2.120089924811051
2022-10-04,-0.09353773034764701
2022-10-05,1.080994910811158
2022-10-06,0.8682897465581197
2022-10-07,0.6213739154296751
2022-10-10,0.5729781964883228
2022-10-11,-0.0
2022-10-12,-0.6309510501812079
2022-10-13,0.6665913970020693
2022-10-14,0.8200514371425907
2022-10-17,-0.3345947482736697
2022-10-18,-0.15916560158348997
2022-10-19,1.5148197154864347
2022-10-20,0.9455461564361842
2022-10-21,-0.6263269362592822
2022-10-24,0.1346119088468338
2022-10-25,-1.298947106020691
2022-10-26,-0.7801753632706376
2022-10-27,-0.9663417606715371
2022-10-28,1.3672010266732726
2022-10-31,0.46558905958186436
2022-11-01,0.24114549891773931
2022-11-02,0.49144347236019853
2022-11-03,0.649079080746174
2022-11-04,-0.25644926328855605
2022-11-07,0.6128603144744221
2022-11-08,-1.1066025516258369
2022-11-09,-0.595212370389562
2022-11-10,-3.022459375961307
2022-11-11,0.2881194106500816
2022-11-14,0.2404393200643249
2022-11-15,-0.9386234083593318
2022-11-16,-0.7028622042943183
2022-11-17,0.8246867967968055
2022-11-18,0.560588307852646
2022-11-21,0.0759924611434493
2022-11-22,-0.7155354485630478
2022-11-23,-0.739565970532777
2022-11-24,0.0
2022-11-25,0.0
2022-11-28,-0.0
2022-11-29,0.808644659399992
2022-11-30,-2.202291084879943
2022-12-01,-1.0322802083321405
2022-12-02,-0.11606735636647758
2022-12-05,1.5187111341108903
2022-12-06,-0.5051286026385134
2022-12-07,-1.6753062054179626
2022-12-08,1.1075553737824286
2022-12-09,1.2311424953150054
2022-12-12,0.4450048217000382
2022-12-13,-2.349387011513547
2022-12-14,-0.4880305545747387
2022-12-15,-0.07741898089742405
2022-12-16,0.5455387112458453
2022-12-19,1.5306684373510502
2022-12-20,1.5973738897902083
2022-12-21,-0.3812937143592914
2022-12-22,0.4131607544984834
2022-12-23,0.7075819714618183
2022-12-26,0.0
2022-12-27,0.0
2022-12-28,0.7314508458829289
2022-12-29,-0.9173502801166151
2022-12-30,0.8711313133682252
2023-01-02,0.0
2023-01-03,0.0
2023-01-04,-1.3487445960242035
2023-01-05,1.177942085874265
2023-01-06,-3.515604328590869
2023-01-09,-0.38036536122303277
2023-01-10,0.9561814349179555
2023-01-11,-1.0400075763743883
2023-01-12,-1.522691268763471
2023-01-13,0.9945256870771068
2023-01-16,0.0
2023-01-17,0.0
2023-01-18,-2.789431657106848
2023-01-19,0.4362501649760929
2023-01-20,1.0613621457102695
2023-01-23,0.5520965229899997
2023-01-24,-0.6266106709163438
2023-01-25,-0.27305805993378585
2023-01-26,-0.8675597645572232
2023-01-27,-0.2664924992353064
2023-01-30,-0.5806654862728727
2023-01-31,0.45366371861764715
2023-02-01,1.4746074417043777
2023-02-02,0.39151853219933624
2023-02-03,-2.258317646322847
2023-02-06,-2.3685554876657884
2023-02-07,-0.4212176050008767
2023-02-08,0.9044075008251841
2023-02-09,-1.1106614781555202
2023-02-10,-1.2793447273113494
2023-02-13,-0.6401687307453492
2023-02-14,1.3498571745513772
2023-02-15,0.9884442938266571
2023-02-16,1.0461089996459203
2023-02-17,-0.8583670566425685
2023-02-20,0.0
2023-02-21,0.0
2023-02-22,-0.46923634777574924
2023-02-23,-0.7983058729111833
2023-02-24,1.8624290018714584
2023-02-27,-0.8345441322329412
2023-02-28,0.2827572306359197
2023-03-01,1.8743996662865563
2023-03-02,1.5216613386598745
2023-03-03,-1.7556327796118418
2023-03-06,0.061654739898712924
2023-03-07,0.5510098344043712
2023-03-08,0.7567052684384336
2023-03-09,-3.1935054671616823
2023-03-10,-4.152053062498555
2023-03-13,-3.174906398995752
2023-03-14,1.5773210508683835
2023-03-15,-2.971730200371774
2023-03-16,1.421527621064899
2023-03-17,-1.6570543061041638
2023-03-20,0.5513326822577581
2023-03-21,1.043329468075169
2023-03-22,-1.5974353098960397
2023-03-23,-0.3518193699044604
2023-03-24,-0.32944677433871333
2023-03-27,1.3145807748833866
2023-03-28,0.4466145330054143
2023-03-29,0.13511759825181363
2023-03-30,-0.03832812244696986
2023-03-31,-0.7157497484848724
2023-04-03,-0.5776318165700534
2023-04-04,0.9248582632767266
2023-04-05,0.21676845407023726
2023-04-06,0.08058139966808914
2023-04-07,0.0
2023-04-10,0.0
2023-04-11,-0.07634148711443563
2023-04-12,0.6110163567668258
2023-04-13,-0.6572856277867346
2023-04-14,-1.2045436905049258
2023-04-17,-1.1837318848802116
2023-04-18,0.27491670995680123
2023-04-19,-0.28952548459929633
2023-04-20,0.9599578237978544
2023-04-21,-0.6105333930935954
2023-04-24,1.3874528339537036
2023-04-25,1.5262252779373942
2023-04-26,-0.823119589328233
2023-04-27,-1.6189299220992677
2023-04-28,1.6876068695090098
2023-05-01,-2.2995010897170842
2023-05-02,1.961354551870428
2023-05-03,1.5938050252379714
2023-05-04,-0.37958584013887814
2023-05-05,-0.9678897136592035
2023-05-08,-1.0219092818903779
2023-05-09,-0.16406875821903166
2023-05-10,1.3889238997455482
2023-05-11,0.5629662764888288
2023-05-12,-1.5086671470759387
2023-05-15,-0.44029750998236894
2023-05-16,-0.6188036623116513
2023-05-17,-0.7064664277014829
2023-05-18,-1.3555432681971409
2023-05-19,-0.6823474507189287
2023-05-22,-0.3654196817691176
2023-05-23,0.3607802684442818
2023-05-24,-0.858067040355815
2023-05-25,-1.3759994129551565
2023-05-26,0.032374474569117524
2023-05-29,0.0
2023-05-30,0.0
2023-05-31,-0.7915813521867558
2023-06-01,-1.0681274060459456
2023-06-02,2.494806605714995
2023-06-05,-0.322628537873588
2023-06-06,-0.29423142277159203
2023-06-07,2.4402653648204455
2023-06-08,-1.4538236177729573
2023-06-09,0.6979811220784401
2023-06-12,-0.19512580857271972
2023-06-13,1.602405999126613
2023-06-14,-0.3434750305305486
2023-06-15,-1.278546217784211
2023-06-16,1.1017324245113582
2023-06-19,0.0
2023-06-20,0.0
2023-06-21,0.12985412498758261
2023-06-22,1.498668170173961
2023-06-23,-0.9511223970151774
2023-06-26,-0.40260403213177354
2023-06-27,1.045831582660423
2023-06-28,-1.1303534210492747
2023-06-29,2.809264700491675
2023-06-30,0.2865779916527719
2023-07-03,0.4322466542065132
2023-07-04,0.0
2023-07-05,0.0
2023-07-06,1.9848441201538378
2023-07-07,0.5273715485264006
2023-07-10,-1.8930057087438223
2023-07-11,-0.30865274402202797
2023-07-12,-2.621363105605869
2023-07-13,-2.1816119436448607
2023-07-14,1.594646399870443
2023-07-17,-0.5186737332877022
2023-07-18,-0.2875585240708777
2023-07-19,-0.6594938582132371
2023-07-20,2.033569805063592
2023-07-21,-0.28405165803442467
2023-07-24,0.9358298636115332
2023-07-25,0.44049488153280003
2023-07-26,-0.5880500109722747
2023-07-27,2.62757420650564
2023-07-28,-1.0915025524371995
2023-07-31,0.19824701782459622
2023-08-01,0.9146925859945991
2023-08-02,0.9774604478284833
2023-08-03,1.6858415308632069
2023-08-04,-2.9249439546833997
2023-08-07,0.8724765865292805
2023-08-08,-1.2909520491365614
2023-08-09,0.19386627079717514
2023-08-10,1.984705100619946
2023-08-11,1.419636575110247
2023-08-14,0.9865387715647214
2023-08-15,0.307032643150391
2023-08-16,0.8962164862539806
2023-08-17,0.2748276414749724
2023-08-18,-0.4278728841908659
2023-08-21,1.9481371017767737
2023-08-22,0.054204560944206906
2023-08-23,-2.6823384989799064
2023-08-24,0.8407327014736964
2023-08-25,0.22874211225740107
2023-08-28,-0.683071713904908
2023-08-29,-1.8046324841574757
2023-08-30,-0.07569521767258958
2023-08-31,-0.1503224296743248
2023-09-01,0.8031274704822378
2023-09-04,0.0
2023-09-05,0.0
2023-09-06,0.4717636005165769
2023-09-07,-0.6067766753597205
2023-09-08,0.47286320631297124
2023-09-11,0.2839946529710823
2023-09-12,0.043412415441839616
2023-09-13,-0.7051324204980005
2023-09-14,0.672331550860036
2023-09-15,0.9223982903665393
2023-09-18,-0.41790707707686675
2023-09-19,1.156775203744519
2023-09-20,1.2169608472446851
2023-09-21,1.1736785891455124
2023-09-22,-1.0584201644433242
2023-09-25,1.4774412629344802
2023-09-26,-0.08738527938733029
2023-09-27,1.521164802001274
2023-09-28,-0.7460727388796757
2023-09-29,-0.18042019691734174
2023-10-02,1.957437198126529
2023-10-03,1.8738462582702953
2023-10-04,-1.3367528451925679
2023-10-05,-0.5314104881478807
2023-10-06,1.5199868423015348
2023-10-09,-2.6769106445538258
2023-10-10,0.3040814067637005
2023-10-11,-1.029888718459023
2023-10-12,1.9464518204126842
2023-10-13,-1.1109425572778941
2023-10-16,1.3648399537120084
2023-10-17,2.2238044558844816
2023-10-18,1.0491148454532795
2023-10-19,0.8427741265024346
2023-10-20,-1.381384725736201
2023-10-23,-0.9321873376724114
2023-10-24,-0.0
2023-10-25,1.5111596628995454
2023-10-26,-1.3911504620364992
2023-10-27,-0.314184141044511
2023-10-30,0.7600871112973963
2023-10-31,0.43976373161544025
2023-11-01,-2.5565312729440954
2023-11-02,-0.6571551680666733
2023-11-03,-1.5862075853409474
2023-11-06,1.2016278126568565
2023-11-07,-1.0124285497607621
2023-11-08,-0.7413039312443876
2023-11-09,2.2140711271004294
2023-11-10,0.5532558915596621
2023-11-13,-0.24811031788426574
2023-11-14,-2.872428673448183
2023-11-15,1.1681608076432772
2023-11-16,-1.2887952791985946
2023-11-17,0.22877605225068098
2023-11-20,-0.13954586297874588
2023-11-21,-0.5403523981205146
2023-11-22,0.4092522333088884
2023-11-23,0.0
2023-11-24,0.0
2023-11-27,-1.1880810762909415
2023-11-28,-1.3145018702920734
2023-11-29,-0.9604252836488419
2023-11-30,1.025061955013588
2023-12-01,-2.134555081768094
2023-12-04,1.103703735995745
2023-12-05,-1.319940388460587
2023-12-06,-0.7329056627456054
2023-12-07,0.5950210868450971
2023-12-08,1.3326958244529592
2023-12-11,0.06718107262867046
2023-12-12,-0.492459602620554
2023-12-13,-3.633725335082891
2023-12-14,-0.9534948683369614
2023-12-15,0.05748097764357006
2023-12-18,-0.2589880530388047
2023-12-19,0.0
2023-12-20,1.1804237278907121
2023-12-21,-0.477739240831196
2023-12-22,-0.03401939834743815
2023-12-25,0.0
2023-12-26,0.0
2023-12-27,1.5787900656755345
2023-12-28,-0.8211759962540746
2023-12-29,-0.5789444232563441
2024-01-01,0.0
2024-01-02,0.0
2024-01-03,0.20318096167887637
2024-01-04,-1.284572646944532
2024-01-05,-0.5693533326101815
2024-01-08,0.3467261042302917
2024-01-09,0.3120858146040383
2024-01-10,-0.21640699024882737
2024-01-11,1.6913313890918114
2024-01-12,0.7067271945349075
2024-01-15,0.0
2024-01-16,0.0
2024-01-17,-1.6553279206941436
2024-01-18,-0.6628323891646278
2024-01-19,0.15414819158737408
2024-01-22,0.5552717714103912
2024-01-23,-0.4628555139410698
2024-01-24,-0.9362855004666656
2024-01-25,1.2956678322787392
2024-01-26,-0.625694904524138
2024-01-29,1.2116198956570925
2024-01-30,0.5951955171463827
2024-01-31,2.680399139601712
2024-02-01,0.6524295372036212
2024-02-02,-3.2492559190092702
2024-02-05,-2.3322824183491107
2024-02-06,0.87495276493934
2024-02-07,-0.30541395303349966
2024-02-08,-0.5934037624902778
2024-02-09,-0.3405639761654902
2024-02-12,-0.035402779937056233
2024-02-13,-2.3181754996159687
2024-02-14,0.9003007169268775
2024-02-15,0.32789072935417135
2024-02-16,-0.8482839354977166
2024-02-19,0.0
2024-02-20,0.0
2024-02-21,-0.6801917218632336
2024-02-22,-0.2590936293626446
2024-02-23,0.9878144702581255
2024-02-26,-0.5428478797990436
2024-02-27,-0.3213921714759763
2024-02-28,-0.7911871447116555
2024-02-29,-0.21450565614910969
2024-03-01,-1.5363839916093442
2024-03-04,0.6545814107379909
2024-03-05,-1.1169509457916782
2024-03-06,-0.9075296750772084
2024-03-07,-0.5788769208724025
2024-03-08,-0.38647997876564283
2024-03-11,0.6964266388279368
2024-03-12,-1.2734019818744284
2024-03-13,-1.0731826782514506
2024-03-14,2.292189277788209
2024-03-15,0.7005782802840219
2024-03-18,0.4977950441928938
2024-03-19,-0.9164059171710646
2024-03-20,-0.8670379182389545
2024-03-21,0.056184046288162946
2024-03-22,-1.6993060292507134
2024-03-25,1.1037708417730985
2024-03-26,-0.2197238609726516
2024-03-27,-0.9112753461727421
2024-03-28,0.5823239811689804
2024-03-29,0.0
2024-04-01,0.0
2024-04-02,0.0
2024-04-03,0.0
2024-04-04,0.0
2024-04-05,0.0
2024-04-08,0.0
2024-04-09,0.0
2024-04-10,0.0
2024-04-11,0.0
2024-04-12,0.0
2024-04-15,0.0
2024-04-16,0.0
2024-04-17,0.0
2024-04-18,0.0
2024-04-19,0.0
2024-04-22,0.0
2024-04-23,0.0
2024-04-24,0.0
2024-04-25,0.0
2024-04-26,0.0
2024-04-29,0.0
2024-04-30,0.0
2024-05-01,0.0
2024-05-02,0.0
2024-05-03,0.0
2024-05-06,0.0
2024-05-07,0.0
2024-05-08,0.0
2024-05-09,0.0
2024-05-10,0.0
2024-05-13,0.0
2024-05-14,0.0
2024-05-15,0.0
2024-05-16,0.0
2024-05-17,0.0
2024-05-20,0.0
2024-05-21,0.0
2024-05-22,0.0
2024-05-23,0.0
2024-05-24,0.0
2024-05-27,0.0
2024-05-28,0.0
2024-05-29,0.0
2024-05-30,0.0
2024-05-31,0.0
2024-06-03,0.0
2024-06-04,0.0
2024-06-05,0.0
2024-06-06,0.0
2024-06-07,0.0
2024-06-10,0.0
2024-06-11,0.0
2024-06-12,0.0
2024-06-13,0.0
2024-06-14,0.0
2024-06-17,0.0
2024-06-18,0.0
2024-06-19,0.0
2024-06-20,0.0
2024-06-21,0.0
2024-06-24,0.0
2024-06-25,0.0
2024-06-26,0.0
2024-06-27,0.0
2024-06-28,0.0
2024-07-01,0.0
2024-07-02,0.0
2024-07-03,0.0
2024-07-04,0.0
2024-07-05,0.0
2024-07-08,0.0
2024-07-09,0.0
2024-07-10,0.0
2024-07-11,0.0
2024-07-12,0.0
2024-07-15,0.0
2024-07-16,0.0
2024-07-17,0.0
2024-07-18,0.0
2024-07-19,0.0
2024-07-22,0.0
2024-07-23,0.0
2024-07-24,0.0
2024-07-25,0.0
2024-07-26,0.0
2024-07-29,0.0
2024-07-30,0.0
2024-07-31,0.0
2024-08-01,0.0
2024-08-02,0.0
2024-08-05,0.0
2024-08-06,0.0
2024-08-07,0.0
2024-08-08,0.0
2024-08-09,0.0
2024-08-12,0.0
2024-08-13,0.0
2024-08-14,0.0
2024-08-15,0.0
2024-08-16,0.0
2024-08-19,0.0
2024-08-20,0.0
2024-08-21,0.0
2024-08-22,0.0
2024-08-23,0.0
2024-08-26,0.0
2024-08-27,0.0
2024-08-28,0.0
2024-08-29,0.0
2024-08-30,0.0
2024-09-02,0.0
2024-09-03,0.0
2024-09-04,0.0
2024-09-05,0.0
2024-09-06,0.0
2024-09-09,0.0
2024-09-10,0.0
2024-09-11,0.0
2024-09-12,0.0
2024-09-13,0.0
2024-09-16,0.0
2024-09-17,0.0
2024-09-18,0.0
2024-09-19,0.0
2024-09-20,0.0
2024-09-23,0.0
2024-09-24,0.0
2024-09-25,0.0
2024-09-26,0.0
2024-09-27,0.0
2024-09-30,0.0
2024-10-01,0.0
2024-10-02,0.0
2024-10-03,0.0
2024-10-04,0.0
2024-10-07,0.0
2024-10-08,0.0
2024-10-09,0.0
2024-10-10,0.0
2024-10-11,0.0
2024-10-14,0.0
2024-10-15,0.0
2024-10-16,0.0
2024-10-17,0.0
2024-10-18,0.0
2024-10-21,0.0
2024-10-22,0.0
2024-10-23,0.0
2024-10-24,0.0
2024-10-25,0.0
2024-10-28,0.0
2024-10-29,0.0
2024-10-30,0.0
2024-10-31,0.0
2024-11-01,0.0
2024-11-04,0.0
2024-11-05,0.0
2024-11-06,0.0
2024-11-07,0.0
2024-11-08,0.0
2024-11-11,0.0
2024-11-12,0.0
2024-11-13,0.0
2024-11-14,0.0
2024-11-15,0.0
2024-11-18,0.0
2024-11-19,0.0
2024-11-20,0.0
2024-11-21,0.0
2024-11-22,0.0
2024-11-25,0.0
2024-11-26,0.0
2024-11-27,0.0
2024-11-28,0.0
2024-11-29,0.0
2024-12-02,0.0
2024-12-03,0.0
2024-12-04,0.0
2024-12-05,0.0
2024-12-06,0.0
2024-12-09,0.0
2024-12-10,0.0
2024-12-11,0.0
2024-12-12,0.0
2024-12-13,0.0
2024-12-16,0.0
2024-12-17,0.0
2024-12-18,0.0
2024-12-19,0.0
2024-12-20,0.0
2024-12-23,0.0
2024-12-24,0.0
2024-12-25,0.0
2024-12-26,0.0
2024-12-27,0.0
2024-12-30,0.0
2024-12-31,0.0
2025-01-01,0.0
2025-01-02,0.0
2025-01-03,0.0
2025-01-06,0.0
2025-01-07,0.0
2025-01-08,0.0
2025-01-09,0.0
2025-01-10,0.0
2025-01-13,0.0
2025-01-14,0.0
2025-01-15,0.0
2025-01-16,0.0
2025-01-17,0.0
2025-01-20,0.0
2025-01-21,0.0
2025-01-22,0.0
2025-01-23,0.0
2025-01-24,0.0
2025-01-27,0.0
2025-01-28,0.0
2025-01-29,0.0
2025-01-30,0.0
2025-01-31,0.0
2025-02-03,0.0
2025-02-04,0.0
2025-02-05,0.0
2025-02-06,0.0
2025-02-07,0.0
2025-02-10,0.0
2025-02-11,0.0
2025-02-12,0.0
2025-02-13,0.0
2025-02-14,0.0
2025-02-17,0.0
2025-02-18,0.0
2025-02-19,0.0
2025-02-20,0.0
2025-02-21,0.0
2025-02-24,0.0
2025-02-25,0.0
2025-02-26,0.0
2025-02-27,0.0
2025-02-28,0.0
2025-03-03,0.0
2025-03-04,0.0
2025-03-05,0.0
2025-03-06,0.0
2025-03-07,0.0
2025-03-10,0.0
2025-03-11,0.0
2025-03-12,0.0
2025-03-13,0.0
2025-03-14,0.0
2025-03-17,0.0
2025-03-18,0.0
2025-03-19,0.0
2025-03-20,0.0
2025-03-21,0.0
2025-03-24,0.0
2025-03-25,0.0
2025-03-26,0.0
2025-03-27,0.0
2025-03-28,0.0
2025-03-31,0.0
2025-04-01,0.0
2025-04-02,0.0
2025-04-03,0.0
2025-04-04,7.115068303041115
2025-04-07,-6.25364141933375
2025-04-08,-2.880106310662447
2025-04-09,-4.41920190405068
2025-04-10,-1.1578526884966502
2025-04-11,3.3500753893297706
2025-04-14,-3.5884622010260103
2025-04-15,-1.0220841958304911
2025-04-16,-1.0274885352777252
2025-04-17,0.7171905219776293
2025-04-18,0.0
2025-04-21,0.0
2025-04-22,0.043895013190224964
2025-04-23,0.4110816980386448
2025-04-24,-1.6754835242200137
2025-04-25,-0.8902110392611005
2025-04-28,-1.2007128907509304
2025-04-29,-0.7870394286901313
2025-04-30,-0.2037058029041499
2025-05-01,1.191547225617749
2025-05-02,2.2390735368403987
2025-05-05,0.29367761433845496
2025-05-06,-0.8124968490471441
2025-05-07,-0.8376244765804965
2025-05-08,2.5283968528764937
2025-05-09,-0.05319205308118782
2025-05-12,2.1693643263898927
2025-05-13,0.8519163803020294
2025-05-14,1.0300168897870048
2025-05-15,-2.309759385627174
2025-05-16,-0.3945898134585957
2025-05-19,0.8657292564893467
2025-05-20,-0.3063970663642157
2025-05-21,2.7578248578726225
2025-05-22,-1.319581710765901
2025-05-23,-1.0637265194379055
2025-05-26,0.0
2025-05-27,0.0
2025-05-28,1.2446888934566198
2025-05-29,-1.7066152122453733
2025-05-30,-0.2278675046598244
2025-06-02,1.0499422139110715
2025-06-03,0.05836540674525451
2025-06-04,-2.289494368572301
2025-06-05,1.0083430211509186
2025-06-06,2.941718740553208
2025-06-09,-0.891902470084521
2025-06-10,-0.17315803419175754
2025-06-11,-1.684008877238433
2025-06-12,-1.2929818394357722
2025-06-13,1.323167070050231
2025-06-16,0.3694837126262703
2025-06-17,-1.0926230258271894
2025-06-18,0.14579553368572834
2025-06-19,0.0
2025-06-20,0.0
2025-06-23,-1.5341443811332278
2025-06-24,-0.6680373177538046
2025-06-25,-0.10646668868471211
2025-06-26,-1.1529230806627495
2025-06-27,0.7253726006725862
2025-06-30,-1.1435342921237677
2025-07-01,0.9833221401689719
2025-07-02,0.8841885591917483
2025-07-03,1.4831096515736029
2025-07-04,0.0
2025-07-07,0.0
2025-07-08,0.4951009032092435
2025-07-09,-1.8686497842807546
2025-07-10,0.7422745263214047
2025-07-11,1.3195744860676275
2025-07-14,0.44803014967510185
2025-07-15,1.620230753160694
2025-07-16,-1.0356086763714691
2025-07-17,-0.13965814604273347
2025-07-18,-1.2089783335444273
2025-07-21,-1.108914517686543
2025-07-22,-1.0555526711447276
2025-07-23,1.2872789974867858
2025-07-24,0.6551885959313444
2025-07-25,-0.15101616769900053
2025-07-28,0.6268100192666508
2025-07-29,-3.0829598901184054
2025-07-30,1.633608704051174
2025-07-31,0.13713155588104595
2025-08-01,-4.507534118358557
2025-08-04,-0.38616808125870244
2025-08-05,0.5764031802836836
2025-08-06,0.22926944577635502
2025-08-07,0.09544201251247679
2025-08-08,0.8857585359976586
2025-08-11,0.1516455296763349
2025-08-12,0.1578978977884894
2025-08-13,1.3425312823393092
2025-08-14,-1.232396127546229
2025-08-15,-0.7591366252332221
2025-08-18,-0.335768127059224
2025-08-19,0.7512066115917577
2025-08-20,0.47605079500468506
2025-08-21,-1.220374192105526
2025-08-22,2.3363222753579547
2025-08-25,-0.7237445085037623
2025-08-26,0.7432251315443583
2025-08-27,1.107801922566106
2025-08-28,0.4758045684725854
2025-08-29,-0.431583835881211
2025-09-01,0.0
2025-09-02,0.0
2025-09-03,1.110951447258685
2025-09-04,1.5706387518655502
2025-09-05,2.02892784840931
2025-09-08,0.7019164285339196
2025-09-09,-1.4196172577388952
2025-09-10,0.8988464614347405
2025-09-11,0.3973632961729758
2025-09-12,-1.3858356448456544
2025-09-15,0.8177796796966872
2025-09-16,0.4861184543892857
2025-09-17,-2.162802177671953
2025-09-18,-0.42481944544957695
2025-09-19,-0.7826211981110002
2025-09-22,-0.647374892418445
2025-09-23,1.290167479837969
2025-09-24,-1.697389260113927
2025-09-25,-1.3711976445745526
2025-09-26,-0.32848971639343844
2025-09-29,1.2431417376289255
2025-09-30,-0.3416933737344583
2025-10-01,2.3486675951230684
2025-10-02,0.30539077627765787
2025-10-03,-1.9361121961395567
2025-10-06,-1.107774271109095
2025-10-07,1.4655035081853878
2025-10-08,0.0
2025-10-09,-0.8795766734103915
2025-10-10,4.06291146997382
2025-10-13,-0.3268734507007255
2025-10-14,0.542946727800404
2025-10-15,0.0
2025-10-16,1.9840064990499
2025-10-17,-1.3879791358489006
2025-10-20,0.7215077621003737
2025-10-21,0.44561686837772685
2025-10-22,0.3943952423193728
2025-10-23,-1.761638860181967
2025-10-24,-0.07914338245146012
2025-10-27,0.5171076843465605
2025-10-28,0.0
2025-10-29,-3.976285077275654
2025-10-30,-0.3578148676321116
2025-10-31,0.6304991588150937
2025-11-03,-0.7152646039160392
2025-11-04,0.6709764544089342
2025-11-05,-1.9133222207374887
2025-11-06,1.9237963503116045
2025-11-07,-0.1532628636111769
2025-11-10,-0.6006771840252271
2025-11-11,1.3371404321628535
2025-11-12,-0.10789148546818718
2025-11-13,-0.9996006322610446
2025-11-14,-0.6233725037415064
2025-11-17,0.17558623697709863
2025-11-18,1.0245917111409608
2025-11-19,-0.7939504715826986
2025-11-20,1.6478906996712017
2025-11-21,0.5994180468942534
2025-11-24,0.9748304700609625
2025-11-25,0.875931186235796
2025-11-26,0.0
2025-11-27,0.0
2025-11-28,0.0
2025-12-01,-2.2230291230640464
2025-12-02,0.21242092203295673
2025-12-03,0.6817112213647435
2025-12-04,-1.1946237421146944
2025-12-05,-1.1218903101844953
2025-12-08,-1.0089152642769836
2025-12-09,-1.1560270118374978
2025-12-10,1.3542985873216795
2025-12-11,-0.13651048635099094
2025-12-12,-0.42619094592818446
2025-12-15,0.5148669980119839
2025-12-16,0.9074322682067509
2025-12-17,-0.1554488066001734
2025-12-18,1.1189667589082446
2025-12-19,-1.1284784697820407
2025-12-22,-0.6560301279383681
2025-12-23,-0.3393113707229931
2025-12-24,1.215771294862632
2025-12-25,0.0
2025-12-26,0.0
2025-12-29,0.9947906318688691
2025-12-30,-0.5565961991529547
2025-12-31,-2.115184719825231
2026-01-01,0.0
2026-01-02,0.0
2026-01-05,1.3654428908052012
2026-01-06,-0.38039085288944924
2026-01-07,0.9088227376199328
2026-01-08,-1.0545406432114146
2026-01-09,-0.7506712571089971
2026-01-12,-0.22585837249029145
2026-01-13,-0.0
2026-01-14,-2.3866784179183007
2026-01-15,2.513862699537695
2026-01-16,2.264857292091552
2026-01-19,0.0
2026-01-20,0.0
2026-01-21,-1.8183928925359467
2026-01-22,0.44155868886862104
2026-01-23,-0.7220528410201381
2026-01-26,-0.3730002280708674
2026-01-27,0.7708761327045985
2026-01-28,-0.09959238926028864
2026-01-29,-0.6206446230592303
2026-01-30,-0.4379449804734253
2026-02-02,1.9757854367328576
2026-02-03,-0.0
2026-02-04,-0.11385453429978161
2026-02-05,-3.45693024394913
2026-02-06,-0.0
2026-02-09,-0.46729727253963327
2026-02-10,-2.0553226613243103
2026-02-11,1.3383019291894824
2026-02-12,-2.9100793282261295
2026-02-13,-1.8354637073600792
2026-02-16,0.0
2026-02-17,0.0
2026-02-18,0.8073088721264254
2026-02-19,-0.07571475651180837
2026-02-20,0.07884886828584639
2026-02-23,-2.2797460205108684
2026-02-24,-0.4812053469128456
2026-02-25,-0.6283833097284406
2026-02-26,1.261629532005248
2026-02-27,2.1837426391785777
2026-03-02,-3.092599703413873
2026-03-03,-0.23018912360055718
2026-03-04,-0.5984475186825786
2026-03-05,0.24707805581569764
2026-03-06,-1.8186024631919162
2026-03-09,-0.2453499247406889
2026-03-10,0.19113693849423077
2026-03-11,0.5274862101394984
2026-03-12,-2.5265454523583086
2026-03-13,-2.0957037697210184
2026-03-16,1.2482843085120912
2026-03-17,0.9695195565170243
2026-03-18,0.10990975451764856
2026-03-19,-1.0810564093995318
2026-03-20,-3.7784958439932224
2026-03-23,-0.7914851385832928
2026-03-24,1.073051786812249
2026-03-25,0.040181732871142774
2026-03-26,0.04182376125023737
2026-03-27,0.5622807891120835
2026-03-30,-1.578199248548827
2026-03-31,-0.35012449630188736
2026-04-01,-0.40658763133979137
2026-04-02,-0.04687092533084239
2026-04-03,0.2434182411233231
